1.83659e-03 7.15683e-04
4.27348e-03 3.77012e-03
6.70981e-03 9.26216e-03
9.13990e-03 1.71877e-02
1.15611e-02 2.75390e-02
1.39711e-02 4.03061e-02
1.63674e-02 5.54766e-02
1.87477e-02 7.30356e-02
2.11097e-02 9.29659e-02
2.34510e-02 1.15248e-01
2.57695e-02 1.39860e-01
2.80628e-02 1.66779e-01
3.03286e-02 1.95977e-01
3.25649e-02 2.27426e-01
3.47693e-02 2.61096e-01
3.69397e-02 2.96953e-01
3.90741e-02 3.34963e-01
4.11702e-02 3.75089e-01
4.32262e-02 4.17290e-01
4.52399e-02 4.61527e-01
4.72093e-02 5.07755e-01
4.91327e-02 5.55930e-01
5.10081e-02 6.06005e-01
5.28336e-02 6.57930e-01
5.46075e-02 7.11655e-01
5.63281e-02 7.67127e-01
5.79936e-02 8.24292e-01
5.96024e-02 8.83095e-01
6.11530e-02 9.43478e-01
6.26439e-02 1.00538e+00
6.40735e-02 1.06875e+00
6.54405e-02 1.13351e+00
6.67436e-02 1.19960e+00
6.79815e-02 1.26697e+00
6.91530e-02 1.33555e+00
7.02569e-02 1.40526e+00
7.12921e-02 1.47604e+00
7.22577e-02 1.54782e+00
7.31527e-02 1.62053e+00
7.39762e-02 1.69410e+00
7.47274e-02 1.76846e+00
7.54057e-02 1.84353e+00
7.60102e-02 1.91924e+00
7.65405e-02 1.99553e+00
7.69959e-02 2.07230e+00
7.73762e-02 2.14949e+00
7.76808e-02 2.22703e+00
7.79096e-02 2.30483e+00
7.80622e-02 2.38282e+00
7.81386e-02 2.46093e+00
7.81386e-02 2.53907e+00
7.80622e-02 2.61718e+00
7.79096e-02 2.69517e+00
7.76808e-02 2.77297e+00
7.73762e-02 2.85051e+00
7.69959e-02 2.92770e+00
7.65405e-02 3.00447e+00
7.60102e-02 3.08076e+00
7.54057e-02 3.15647e+00
7.47274e-02 3.23154e+00
7.39762e-02 3.30590e+00
7.31527e-02 3.37947e+00
7.22577e-02 3.45218e+00
7.12921e-02 3.52396e+00
7.02569e-02 3.59474e+00
6.91530e-02 3.66445e+00
6.79815e-02 3.73303e+00
6.67436e-02 3.80040e+00
6.54405e-02 3.86649e+00
6.40735e-02 3.93125e+00
6.26439e-02 3.99462e+00
6.11530e-02 4.05652e+00
5.96024e-02 4.11690e+00
5.79936e-02 4.17571e+00
5.63281e-02 4.23287e+00
5.46075e-02 4.28835e+00
5.28336e-02 4.34207e+00
5.10081e-02 4.39400e+00
4.91327e-02 4.44407e+00
4.72093e-02 4.49224e+00
4.52399e-02 4.53847e+00
4.32262e-02 4.58271e+00
4.11702e-02 4.62491e+00
3.90741e-02 4.66504e+00
3.69397e-02 4.70305e+00
3.47693e-02 4.73890e+00
3.25649e-02 4.77257e+00
3.03286e-02 4.80402e+00
2.80628e-02 4.83322e+00
2.57695e-02 4.86014e+00
2.34510e-02 4.88475e+00
2.11097e-02 4.90703e+00
1.87477e-02 4.92696e+00
1.63674e-02 4.94452e+00
1.39711e-02 4.95969e+00
1.15611e-02 4.97246e+00
9.13990e-03 4.98281e+00
6.70981e-03 4.99074e+00
4.27348e-03 4.99623e+00
1.83659e-03 4.99928e+00
7.15683e-04 7.15683e-04 8.66528e-07
7.15683e-04 3.77012e-03 4.56457e-06
7.15683e-04 9.26216e-03 1.12116e-05
7.15683e-04 1.71877e-02 2.07925e-05
7.15683e-04 2.75390e-02 3.32701e-05
7.15683e-04 4.03061e-02 4.85720e-05
7.15683e-04 5.54766e-02 6.65731e-05
7.15683e-04 7.30356e-02 8.70759e-05
7.15683e-04 9.29659e-02 1.09791e-04
7.15683e-04 1.15248e-01 1.34323e-04
7.15683e-04 1.39860e-01 1.60155e-04
7.15683e-04 1.66779e-01 1.86659e-04
7.15683e-04 1.95977e-01 2.13105e-04
7.15683e-04 2.27426e-01 2.38698e-04
7.15683e-04 2.61096e-01 2.62628e-04
7.15683e-04 2.96953e-01 2.84124e-04
7.15683e-04 3.34963e-01 3.02527e-04
7.15683e-04 3.75089e-01 3.17338e-04
7.15683e-04 4.17290e-01 3.28264e-04
7.15683e-04 4.61527e-01 3.35233e-04
7.15683e-04 5.07755e-01 3.38387e-04
7.15683e-04 5.55930e-01 3.38053e-04
7.15683e-04 6.06005e-01 3.34694e-04
7.15683e-04 6.57930e-01 3.28856e-04
7.15683e-04 7.11655e-01 3.21120e-04
7.15683e-04 7.67127e-01 3.12053e-04
7.15683e-04 8.24292e-01 3.02180e-04
7.15683e-04 8.83095e-01 2.91956e-04
7.15683e-04 9.43478e-01 2.81761e-04
7.15683e-04 1.00538e+00 2.71893e-04
7.15683e-04 1.06875e+00 2.62570e-04
7.15683e-04 1.13351e+00 2.53941e-04
7.15683e-04 1.19960e+00 2.46089e-04
7.15683e-04 1.26697e+00 2.39045e-04
7.15683e-04 1.33555e+00 2.32791e-04
7.15683e-04 1.40526e+00 2.27266e-04
7.15683e-04 1.47604e+00 2.22373e-04
7.15683e-04 1.54782e+00 2.17973e-04
7.15683e-04 1.62053e+00 2.13885e-04
7.15683e-04 1.69410e+00 2.09869e-04
7.15683e-04 1.76846e+00 2.05613e-04
7.15683e-04 1.84353e+00 2.00709e-04
7.15683e-04 1.91924e+00 1.94634e-04
7.15683e-04 1.99553e+00 1.86729e-04
7.15683e-04 2.07230e+00 1.76211e-04
7.15683e-04 2.14949e+00 1.62204e-04
7.15683e-04 2.22703e+00 1.43842e-04
7.15683e-04 2.30483e+00 1.20439e-04
7.15683e-04 2.38282e+00 9.17299e-05
7.15683e-04 2.46093e+00 5.81577e-05
7.15683e-04 2.53907e+00 2.11135e-05
7.15683e-04 2.61718e+00 -1.69857e-05
7.15683e-04 2.69517e+00 -5.29189e-05
7.15683e-04 2.77297e+00 -8.32409e-05
7.15683e-04 2.85051e+00 -1.05114e-04
7.15683e-04 2.92770e+00 -1.17101e-04
7.15683e-04 3.00447e+00 -1.19541e-04
7.15683e-04 3.08076e+00 -1.14298e-04
7.15683e-04 3.15647e+00 -1.03998e-04
7.15683e-04 3.23154e+00 -9.11693e-05
7.15683e-04 3.30590e+00 -7.77089e-05
7.15683e-04 3.37947e+00 -6.47751e-05
7.15683e-04 3.45218e+00 -5.29671e-05
7.15683e-04 3.52396e+00 -4.25494e-05
7.15683e-04 3.59474e+00 -3.36034e-05
7.15683e-04 3.66445e+00 -2.61040e-05
7.15683e-04 3.73303e+00 -1.99577e-05
7.15683e-04 3.80040e+00 -1.50273e-05
7.15683e-04 3.86649e+00 -1.11519e-05
7.15683e-04 3.93125e+00 -8.16380e-06
7.15683e-04 3.99462e+00 -5.90116e-06
7.15683e-04 4.05652e+00 -4.21652e-06
7.15683e-04 4.11690e+00 -2.98165e-06
7.15683e-04 4.17571e+00 -2.08931e-06
7.15683e-04 4.23287e+00 -1.45273e-06
7.15683e-04 4.28835e+00 -1.00379e-06
7.15683e-04 4.34207e+00 -6.90303e-07
7.15683e-04 4.39400e+00 -4.73234e-07
7.15683e-04 4.44407e+00 -3.23949e-07
7.15683e-04 4.49224e+00 -2.21815e-07
7.15683e-04 4.53847e+00 -1.52190e-07
7.15683e-04 4.58271e+00 -1.04819e-07
7.15683e-04 4.62491e+00 -7.26006e-08
7.15683e-04 4.66504e+00 -5.06618e-08
7.15683e-04 4.70305e+00 -3.56819e-08
7.15683e-04 4.73890e+00 -2.54111e-08
7.15683e-04 4.77257e+00 -1.83305e-08
7.15683e-04 4.80402e+00 -1.34169e-08
7.15683e-04 4.83322e+00 -9.98103e-09
7.15683e-04 4.86014e+00 -7.55860e-09
7.15683e-04 4.88475e+00 -5.83590e-09
7.15683e-04 4.90703e+00 -4.60038e-09
7.15683e-04 4.92696e+00 -3.70743e-09
7.15683e-04 4.94452e+00 -3.05821e-09
7.15683e-04 4.95969e+00 -2.58494e-09
7.15683e-04 4.97246e+00 -2.24095e-09
7.15683e-04 4.98281e+00 -1.99419e-09
7.15683e-04 4.99074e+00 -1.82281e-09
7.15683e-04 4.99623e+00 -1.71230e-09
7.15683e-04 4.99928e+00 -1.65361e-09
3.77012e-03 7.15683e-04 4.56457e-06
3.77012e-03 3.77012e-03 2.40446e-05
3.77012e-03 9.26216e-03 5.90588e-05
3.77012e-03 1.71877e-02 1.09528e-04
3.77012e-03 2.75390e-02 1.75256e-04
3.77012e-03 4.03061e-02 2.55861e-04
3.77012e-03 5.54766e-02 3.50684e-04
3.77012e-03 7.30356e-02 4.58686e-04
3.77012e-03 9.29659e-02 5.78344e-04
3.77012e-03 1.15248e-01 7.07567e-04
3.77012e-03 1.39860e-01 8.43644e-04
3.77012e-03 1.66779e-01 9.83257e-04
3.77012e-03 1.95977e-01 1.12257e-03
3.77012e-03 2.27426e-01 1.25739e-03
3.77012e-03 2.61096e-01 1.38344e-03
3.77012e-03 2.96953e-01 1.49669e-03
3.77012e-03 3.34963e-01 1.59363e-03
3.77012e-03 3.75089e-01 1.67166e-03
3.77012e-03 4.17290e-01 1.72921e-03
3.77012e-03 4.61527e-01 1.76593e-03
3.77012e-03 5.07755e-01 1.78255e-03
3.77012e-03 5.55930e-01 1.78079e-03
3.77012e-03 6.06005e-01 1.76310e-03
3.77012e-03 6.57930e-01 1.73235e-03
3.77012e-03 7.11655e-01 1.69160e-03
3.77012e-03 7.67127e-01 1.64384e-03
3.77012e-03 8.24292e-01 1.59183e-03
3.77012e-03 8.83095e-01 1.53798e-03
3.77012e-03 9.43478e-01 1.48428e-03
3.77012e-03 1.00538e+00 1.43229e-03
3.77012e-03 1.06875e+00 1.38318e-03
3.77012e-03 1.13351e+00 1.33772e-03
3.77012e-03 1.19960e+00 1.29636e-03
3.77012e-03 1.26697e+00 1.25926e-03
3.77012e-03 1.33555e+00 1.22631e-03
3.77012e-03 1.40526e+00 1.19720e-03
3.77012e-03 1.47604e+00 1.17143e-03
3.77012e-03 1.54782e+00 1.14825e-03
3.77012e-03 1.62053e+00 1.12672e-03
3.77012e-03 1.69410e+00 1.10556e-03
3.77012e-03 1.76846e+00 1.08314e-03
3.77012e-03 1.84353e+00 1.05731e-03
3.77012e-03 1.91924e+00 1.02530e-03
3.77012e-03 1.99553e+00 9.83664e-04
3.77012e-03 2.07230e+00 9.28254e-04
3.77012e-03 2.14949e+00 8.54465e-04
3.77012e-03 2.22703e+00 7.57738e-04
3.77012e-03 2.30483e+00 6.34453e-04
3.77012e-03 2.38282e+00 4.83219e-04
3.77012e-03 2.46093e+00 3.06365e-04
3.77012e-03 2.53907e+00 1.11221e-04
3.77012e-03 2.61718e+00 -8.94803e-05
3.77012e-03 2.69517e+00 -2.78772e-04
3.77012e-03 2.77297e+00 -4.38504e-04
3.77012e-03 2.85051e+00 -5.53730e-04
3.77012e-03 2.92770e+00 -6.16875e-04
3.77012e-03 3.00447e+00 -6.29729e-04
3.77012e-03 3.08076e+00 -6.02110e-04
3.77012e-03 3.15647e+00 -5.47847e-04
3.77012e-03 3.23154e+00 -4.80269e-04
3.77012e-03 3.30590e+00 -4.09361e-04
3.77012e-03 3.37947e+00 -3.41227e-04
3.77012e-03 3.45218e+00 -2.79024e-04
3.77012e-03 3.52396e+00 -2.24145e-04
3.77012e-03 3.59474e+00 -1.77019e-04
3.77012e-03 3.66445e+00 -1.37513e-04
3.77012e-03 3.73303e+00 -1.05135e-04
3.77012e-03 3.80040e+00 -7.91620e-05
3.77012e-03 3.86649e+00 -5.87468e-05
3.77012e-03 3.93125e+00 -4.30059e-05
3.77012e-03 3.99462e+00 -3.10866e-05
3.77012e-03 4.05652e+00 -2.22121e-05
3.77012e-03 4.11690e+00 -1.57070e-05
3.77012e-03 4.17571e+00 -1.10062e-05
3.77012e-03 4.23287e+00 -7.65282e-06
3.77012e-03 4.28835e+00 -5.28783e-06
3.77012e-03 4.34207e+00 -3.63643e-06
3.77012e-03 4.39400e+00 -2.49294e-06
3.77012e-03 4.44407e+00 -1.70652e-06
3.77012e-03 4.49224e+00 -1.16849e-06
3.77012e-03 4.53847e+00 -8.01716e-07
3.77012e-03 4.58271e+00 -5.52172e-07
3.77012e-03 4.62491e+00 -3.82451e-07
3.77012e-03 4.66504e+00 -2.66880e-07
3.77012e-03 4.70305e+00 -1.87968e-07
3.77012e-03 4.73890e+00 -1.33862e-07
3.77012e-03 4.77257e+00 -9.65629e-08
3.77012e-03 4.80402e+00 -7.06784e-08
3.77012e-03 4.83322e+00 -5.25788e-08
3.77012e-03 4.86014e+00 -3.98177e-08
3.77012e-03 4.88475e+00 -3.07428e-08
3.77012e-03 4.90703e+00 -2.42342e-08
3.77012e-03 4.92696e+00 -1.95303e-08
3.77012e-03 4.94452e+00 -1.61103e-08
3.77012e-03 4.95969e+00 -1.36171e-08
3.77012e-03 4.97246e+00 -1.18050e-08
3.77012e-03 4.98281e+00 -1.05051e-08
3.77012e-03 4.99074e+00 -9.60233e-09
3.77012e-03 4.99623e+00 -9.02019e-09
3.77012e-03 4.99928e+00 -8.71099e-09
9.26216e-03 7.15683e-04 1.12116e-05
9.26216e-03 3.77012e-03 5.90588e-05
9.26216e-03 9.26216e-03 1.45061e-04
9.26216e-03 1.71877e-02 2.69024e-04
9.26216e-03 2.75390e-02 4.30466e-04
9.26216e-03 4.03061e-02 6.28450e-04
9.26216e-03 5.54766e-02 8.61358e-04
9.26216e-03 7.30356e-02 1.12664e-03
9.26216e-03 9.29659e-02 1.42055e-03
9.26216e-03 1.15248e-01 1.73796e-03
9.26216e-03 1.39860e-01 2.07220e-03
9.26216e-03 1.66779e-01 2.41514e-03
9.26216e-03 1.95977e-01 2.75735e-03
9.26216e-03 2.27426e-01 3.08853e-03
9.26216e-03 2.61096e-01 3.39820e-03
9.26216e-03 2.96953e-01 3.67640e-03
9.26216e-03 3.34963e-01 3.91458e-03
9.26216e-03 3.75089e-01 4.10629e-03
9.26216e-03 4.17290e-01 4.24773e-03
9.26216e-03 4.61527e-01 4.33797e-03
9.26216e-03 5.07755e-01 4.37886e-03
9.26216e-03 5.55930e-01 4.37459e-03
9.26216e-03 6.06005e-01 4.33118e-03
9.26216e-03 6.57930e-01 4.25568e-03
9.26216e-03 7.11655e-01 4.15561e-03
9.26216e-03 7.67127e-01 4.03831e-03
9.26216e-03 8.24292e-01 3.91057e-03
9.26216e-03 8.83095e-01 3.77829e-03
9.26216e-03 9.43478e-01 3.64638e-03
9.26216e-03 1.00538e+00 3.51868e-03
9.26216e-03 1.06875e+00 3.39804e-03
9.26216e-03 1.13351e+00 3.28638e-03
9.26216e-03 1.19960e+00 3.18478e-03
9.26216e-03 1.26697e+00 3.09362e-03
9.26216e-03 1.33555e+00 3.01268e-03
9.26216e-03 1.40526e+00 2.94118e-03
9.26216e-03 1.47604e+00 2.87786e-03
9.26216e-03 1.54782e+00 2.82092e-03
9.26216e-03 1.62053e+00 2.76802e-03
9.26216e-03 1.69410e+00 2.71604e-03
9.26216e-03 1.76846e+00 2.66096e-03
9.26216e-03 1.84353e+00 2.59750e-03
9.26216e-03 1.91924e+00 2.51887e-03
9.26216e-03 1.99553e+00 2.41657e-03
9.26216e-03 2.07230e+00 2.28045e-03
9.26216e-03 2.14949e+00 2.09917e-03
9.26216e-03 2.22703e+00 1.86153e-03
9.26216e-03 2.30483e+00 1.55866e-03
9.26216e-03 2.38282e+00 1.18711e-03
9.26216e-03 2.46093e+00 7.52631e-04
9.26216e-03 2.53907e+00 2.73214e-04
9.26216e-03 2.61718e+00 -2.19855e-04
9.26216e-03 2.69517e+00 -6.84894e-04
9.26216e-03 2.77297e+00 -1.07731e-03
9.26216e-03 2.85051e+00 -1.36039e-03
9.26216e-03 2.92770e+00 -1.51552e-03
9.26216e-03 3.00447e+00 -1.54709e-03
9.26216e-03 3.08076e+00 -1.47924e-03
9.26216e-03 3.15647e+00 -1.34592e-03
9.26216e-03 3.23154e+00 -1.17990e-03
9.26216e-03 3.30590e+00 -1.00570e-03
9.26216e-03 3.37947e+00 -8.38310e-04
9.26216e-03 3.45218e+00 -6.85492e-04
9.26216e-03 3.52396e+00 -5.50668e-04
9.26216e-03 3.59474e+00 -4.34890e-04
9.26216e-03 3.66445e+00 -3.37834e-04
9.26216e-03 3.73303e+00 -2.58290e-04
9.26216e-03 3.80040e+00 -1.94481e-04
9.26216e-03 3.86649e+00 -1.44326e-04
9.26216e-03 3.93125e+00 -1.05654e-04
9.26216e-03 3.99462e+00 -7.63717e-05
9.26216e-03 4.05652e+00 -5.45694e-05
9.26216e-03 4.11690e+00 -3.85880e-05
9.26216e-03 4.17571e+00 -2.70394e-05
9.26216e-03 4.23287e+00 -1.88010e-05
9.26216e-03 4.28835e+00 -1.29908e-05
9.26216e-03 4.34207e+00 -8.93375e-06
9.26216e-03 4.39400e+00 -6.12449e-06
9.26216e-03 4.44407e+00 -4.19248e-06
9.26216e-03 4.49224e+00 -2.87069e-06
9.26216e-03 4.53847e+00 -1.96961e-06
9.26216e-03 4.58271e+00 -1.35654e-06
9.26216e-03 4.62491e+00 -9.39581e-07
9.26216e-03 4.66504e+00 -6.55653e-07
9.26216e-03 4.70305e+00 -4.61787e-07
9.26216e-03 4.73890e+00 -3.28865e-07
9.26216e-03 4.77257e+00 -2.37230e-07
9.26216e-03 4.80402e+00 -1.73638e-07
9.26216e-03 4.83322e+00 -1.29172e-07
9.26216e-03 4.86014e+00 -9.78217e-08
9.26216e-03 4.88475e+00 -7.55269e-08
9.26216e-03 4.90703e+00 -5.95371e-08
9.26216e-03 4.92696e+00 -4.79807e-08
9.26216e-03 4.94452e+00 -3.95787e-08
9.26216e-03 4.95969e+00 -3.34537e-08
9.26216e-03 4.97246e+00 -2.90018e-08
9.26216e-03 4.98281e+00 -2.58083e-08
9.26216e-03 4.99074e+00 -2.35904e-08
9.26216e-03 4.99623e+00 -2.21602e-08
9.26216e-03 4.99928e+00 -2.14006e-08
1.71877e-02 7.15683e-04 2.07925e-05
1.71877e-02 3.77012e-03 1.09528e-04
1.71877e-02 9.26216e-03 2.69024e-04
1.71877e-02 1.71877e-02 4.98920e-04
1.71877e-02 2.75390e-02 7.98324e-04
1.71877e-02 4.03061e-02 1.16550e-03
1.71877e-02 5.54766e-02 1.59745e-03
1.71877e-02 7.30356e-02 2.08944e-03
1.71877e-02 9.29659e-02 2.63454e-03
1.71877e-02 1.15248e-01 3.22323e-03
1.71877e-02 1.39860e-01 3.84319e-03
1.71877e-02 1.66779e-01 4.47930e-03
1.71877e-02 1.95977e-01 5.11409e-03
1.71877e-02 2.27426e-01 5.72849e-03
1.71877e-02 2.61096e-01 6.30303e-03
1.71877e-02 2.96953e-01 6.81926e-03
1.71877e-02 3.34963e-01 7.26130e-03
1.71877e-02 3.75089e-01 7.61719e-03
1.71877e-02 4.17290e-01 7.87985e-03
1.71877e-02 4.61527e-01 8.04756e-03
1.71877e-02 5.07755e-01 8.12370e-03
1.71877e-02 5.55930e-01 8.11607e-03
1.71877e-02 6.06005e-01 8.03577e-03
1.71877e-02 6.57930e-01 7.89592e-03
1.71877e-02 7.11655e-01 7.71045e-03
1.71877e-02 7.67127e-01 7.49299e-03
1.71877e-02 8.24292e-01 7.25610e-03
1.71877e-02 8.83095e-01 7.01078e-03
1.71877e-02 9.43478e-01 6.76610e-03
1.71877e-02 1.00538e+00 6.52922e-03
1.71877e-02 1.06875e+00 6.30542e-03
1.71877e-02 1.13351e+00 6.09826e-03
1.71877e-02 1.19960e+00 5.90976e-03
1.71877e-02 1.26697e+00 5.74064e-03
1.71877e-02 1.33555e+00 5.59046e-03
1.71877e-02 1.40526e+00 5.45779e-03
1.71877e-02 1.47604e+00 5.34029e-03
1.71877e-02 1.54782e+00 5.23464e-03
1.71877e-02 1.62053e+00 5.13647e-03
1.71877e-02 1.69410e+00 5.04003e-03
1.71877e-02 1.76846e+00 4.93781e-03
1.71877e-02 1.84353e+00 4.82004e-03
1.71877e-02 1.91924e+00 4.67413e-03
1.71877e-02 1.99553e+00 4.48430e-03
1.71877e-02 2.07230e+00 4.23168e-03
1.71877e-02 2.14949e+00 3.89528e-03
1.71877e-02 2.22703e+00 3.45431e-03
1.71877e-02 2.30483e+00 2.89225e-03
1.71877e-02 2.38282e+00 2.20278e-03
1.71877e-02 2.46093e+00 1.39651e-03
1.71877e-02 2.53907e+00 5.06860e-04
1.71877e-02 2.61718e+00 -4.08127e-04
1.71877e-02 2.69517e+00 -1.27109e-03
1.71877e-02 2.77297e+00 -1.99930e-03
1.71877e-02 2.85051e+00 -2.52459e-03
1.71877e-02 2.92770e+00 -2.81245e-03
1.71877e-02 3.00447e+00 -2.87104e-03
1.71877e-02 3.08076e+00 -2.74510e-03
1.71877e-02 3.15647e+00 -2.49770e-03
1.71877e-02 3.23154e+00 -2.18960e-03
1.71877e-02 3.30590e+00 -1.86632e-03
1.71877e-02 3.37947e+00 -1.55568e-03
1.71877e-02 3.45218e+00 -1.27209e-03
1.71877e-02 3.52396e+00 -1.02189e-03
1.71877e-02 3.59474e+00 -8.07039e-04
1.71877e-02 3.66445e+00 -6.26928e-04
1.71877e-02 3.73303e+00 -4.79315e-04
1.71877e-02 3.80040e+00 -3.60903e-04
1.71877e-02 3.86649e+00 -2.67829e-04
1.71877e-02 3.93125e+00 -1.96065e-04
1.71877e-02 3.99462e+00 -1.41725e-04
1.71877e-02 4.05652e+00 -1.01265e-04
1.71877e-02 4.11690e+00 -7.16084e-05
1.71877e-02 4.17571e+00 -5.01774e-05
1.71877e-02 4.23287e+00 -3.48893e-05
1.71877e-02 4.28835e+00 -2.41073e-05
1.71877e-02 4.34207e+00 -1.65785e-05
1.71877e-02 4.39400e+00 -1.13653e-05
1.71877e-02 4.44407e+00 -7.78004e-06
1.71877e-02 4.49224e+00 -5.32716e-06
1.71877e-02 4.53847e+00 -3.65502e-06
1.71877e-02 4.58271e+00 -2.51735e-06
1.71877e-02 4.62491e+00 -1.74359e-06
1.71877e-02 4.66504e+00 -1.21670e-06
1.71877e-02 4.70305e+00 -8.56941e-07
1.71877e-02 4.73890e+00 -6.10277e-07
1.71877e-02 4.77257e+00 -4.40229e-07
1.71877e-02 4.80402e+00 -3.22221e-07
1.71877e-02 4.83322e+00 -2.39706e-07
1.71877e-02 4.86014e+00 -1.81528e-07
1.71877e-02 4.88475e+00 -1.40156e-07
1.71877e-02 4.90703e+00 -1.10483e-07
1.71877e-02 4.92696e+00 -8.90380e-08
1.71877e-02 4.94452e+00 -7.34464e-08
1.71877e-02 4.95969e+00 -6.20801e-08
1.71877e-02 4.97246e+00 -5.38189e-08
1.71877e-02 4.98281e+00 -4.78926e-08
1.71877e-02 4.99074e+00 -4.37768e-08
1.71877e-02 4.99623e+00 -4.11228e-08
1.71877e-02 4.99928e+00 -3.97132e-08
2.75390e-02 7.15683e-04 3.32701e-05
2.75390e-02 3.77012e-03 1.75256e-04
2.75390e-02 9.26216e-03 4.30466e-04
2.75390e-02 1.71877e-02 7.98324e-04
2.75390e-02 2.75390e-02 1.27740e-03
2.75390e-02 4.03061e-02 1.86493e-03
2.75390e-02 5.54766e-02 2.55612e-03
2.75390e-02 7.30356e-02 3.34341e-03
2.75390e-02 9.29659e-02 4.21572e-03
2.75390e-02 1.15248e-01 5.15786e-03
2.75390e-02 1.39860e-01 6.15011e-03
2.75390e-02 1.66779e-01 7.16833e-03
2.75390e-02 1.95977e-01 8.18459e-03
2.75390e-02 2.27426e-01 9.16839e-03
2.75390e-02 2.61096e-01 1.00886e-02
2.75390e-02 2.96953e-01 1.09156e-02
2.75390e-02 3.34963e-01 1.16241e-02
2.75390e-02 3.75089e-01 1.21948e-02
2.75390e-02 4.17290e-01 1.26164e-02
2.75390e-02 4.61527e-01 1.28859e-02
2.75390e-02 5.07755e-01 1.30089e-02
2.75390e-02 5.55930e-01 1.29976e-02
2.75390e-02 6.06005e-01 1.28699e-02
2.75390e-02 6.57930e-01 1.26468e-02
2.75390e-02 7.11655e-01 1.23504e-02
2.75390e-02 7.67127e-01 1.20026e-02
2.75390e-02 8.24292e-01 1.16237e-02
2.75390e-02 8.83095e-01 1.12311e-02
2.75390e-02 9.43478e-01 1.08395e-02
2.75390e-02 1.00538e+00 1.04602e-02
2.75390e-02 1.06875e+00 1.01019e-02
2.75390e-02 1.13351e+00 9.77019e-03
2.75390e-02 1.19960e+00 9.46831e-03
2.75390e-02 1.26697e+00 9.19743e-03
2.75390e-02 1.33555e+00 8.95688e-03
2.75390e-02 1.40526e+00 8.74437e-03
2.75390e-02 1.47604e+00 8.55613e-03
2.75390e-02 1.54782e+00 8.38688e-03
2.75390e-02 1.62053e+00 8.22958e-03
2.75390e-02 1.69410e+00 8.07506e-03
2.75390e-02 1.76846e+00 7.91128e-03
2.75390e-02 1.84353e+00 7.72257e-03
2.75390e-02 1.91924e+00 7.48878e-03
2.75390e-02 1.99553e+00 7.18462e-03
2.75390e-02 2.07230e+00 6.77986e-03
2.75390e-02 2.14949e+00 6.24085e-03
2.75390e-02 2.22703e+00 5.53428e-03
2.75390e-02 2.30483e+00 4.63371e-03
2.75390e-02 2.38282e+00 3.52898e-03
2.75390e-02 2.46093e+00 2.23710e-03
2.75390e-02 2.53907e+00 8.11626e-04
2.75390e-02 2.61718e+00 -6.54434e-04
2.75390e-02 2.69517e+00 -2.03714e-03
2.75390e-02 2.77297e+00 -3.20390e-03
2.75390e-02 2.85051e+00 -4.04554e-03
2.75390e-02 2.92770e+00 -4.50672e-03
2.75390e-02 3.00447e+00 -4.60054e-03
2.75390e-02 3.08076e+00 -4.39871e-03
2.75390e-02 3.15647e+00 -4.00225e-03
2.75390e-02 3.23154e+00 -3.50854e-03
2.75390e-02 3.30590e+00 -2.99051e-03
2.75390e-02 3.37947e+00 -2.49276e-03
2.75390e-02 3.45218e+00 -2.03834e-03
2.75390e-02 3.52396e+00 -1.63743e-03
2.75390e-02 3.59474e+00 -1.29315e-03
2.75390e-02 3.66445e+00 -1.00455e-03
2.75390e-02 3.73303e+00 -7.68023e-04
2.75390e-02 3.80040e+00 -5.78285e-04
2.75390e-02 3.86649e+00 -4.29149e-04
2.75390e-02 3.93125e+00 -3.14160e-04
2.75390e-02 3.99462e+00 -2.27088e-04
2.75390e-02 4.05652e+00 -1.62260e-04
2.75390e-02 4.11690e+00 -1.14739e-04
2.75390e-02 4.17571e+00 -8.04000e-05
2.75390e-02 4.23287e+00 -5.59035e-05
2.75390e-02 4.28835e+00 -3.86273e-05
2.75390e-02 4.34207e+00 -2.65638e-05
2.75390e-02 4.39400e+00 -1.82107e-05
2.75390e-02 4.44407e+00 -1.24660e-05
2.75390e-02 4.49224e+00 -8.53573e-06
2.75390e-02 4.53847e+00 -5.85645e-06
2.75390e-02 4.58271e+00 -4.03355e-06
2.75390e-02 4.62491e+00 -2.79375e-06
2.75390e-02 4.66504e+00 -1.94952e-06
2.75390e-02 4.70305e+00 -1.37308e-06
2.75390e-02 4.73890e+00 -9.77845e-07
2.75390e-02 4.77257e+00 -7.05377e-07
2.75390e-02 4.80402e+00 -5.16294e-07
2.75390e-02 4.83322e+00 -3.84079e-07
2.75390e-02 4.86014e+00 -2.90862e-07
2.75390e-02 4.88475e+00 -2.24571e-07
2.75390e-02 4.90703e+00 -1.77027e-07
2.75390e-02 4.92696e+00 -1.42665e-07
2.75390e-02 4.94452e+00 -1.17683e-07
2.75390e-02 4.95969e+00 -9.94705e-08
2.75390e-02 4.97246e+00 -8.62335e-08
2.75390e-02 4.98281e+00 -7.67380e-08
2.75390e-02 4.99074e+00 -7.01432e-08
2.75390e-02 4.99623e+00 -6.58907e-08
2.75390e-02 4.99928e+00 -6.36321e-08
4.03061e-02 7.15683e-04 4.85720e-05
4.03061e-02 3.77012e-03 2.55861e-04
4.03061e-02 9.26216e-03 6.28450e-04
4.03061e-02 1.71877e-02 1.16550e-03
4.03061e-02 2.75390e-02 1.86493e-03
4.03061e-02 4.03061e-02 2.72272e-03
4.03061e-02 5.54766e-02 3.73187e-03
4.03061e-02 7.30356e-02 4.88140e-03
4.03061e-02 9.29659e-02 6.15518e-03
4.03061e-02 1.15248e-01 7.53108e-03
4.03061e-02 1.39860e-01 8.98039e-03
4.03061e-02 1.66779e-01 1.04680e-02
4.03061e-02 1.95977e-01 1.19531e-02
4.03061e-02 2.27426e-01 1.33913e-02
4.03061e-02 2.61096e-01 1.47371e-02
4.03061e-02 2.96953e-01 1.59473e-02
4.03061e-02 3.34963e-01 1.69848e-02
4.03061e-02 3.75089e-01 1.78214e-02
4.03061e-02 4.17290e-01 1.84403e-02
4.03061e-02 4.61527e-01 1.88372e-02
4.03061e-02 5.07755e-01 1.90197e-02
4.03061e-02 5.55930e-01 1.90059e-02
4.03061e-02 6.06005e-01 1.88216e-02
4.03061e-02 6.57930e-01 1.84974e-02
4.03061e-02 7.11655e-01 1.80658e-02
4.03061e-02 7.67127e-01 1.75588e-02
4.03061e-02 8.24292e-01 1.70058e-02
4.03061e-02 8.83095e-01 1.64326e-02
4.03061e-02 9.43478e-01 1.58604e-02
4.03061e-02 1.00538e+00 1.53063e-02
4.03061e-02 1.06875e+00 1.47825e-02
4.03061e-02 1.13351e+00 1.42975e-02
4.03061e-02 1.19960e+00 1.38561e-02
4.03061e-02 1.26697e+00 1.34599e-02
4.03061e-02 1.33555e+00 1.31080e-02
4.03061e-02 1.40526e+00 1.27971e-02
4.03061e-02 1.47604e+00 1.25217e-02
4.03061e-02 1.54782e+00 1.22741e-02
4.03061e-02 1.62053e+00 1.20439e-02
4.03061e-02 1.69410e+00 1.18177e-02
4.03061e-02 1.76846e+00 1.15780e-02
4.03061e-02 1.84353e+00 1.13018e-02
4.03061e-02 1.91924e+00 1.09596e-02
4.03061e-02 1.99553e+00 1.05144e-02
4.03061e-02 2.07230e+00 9.92198e-03
4.03061e-02 2.14949e+00 9.13305e-03
4.03061e-02 2.22703e+00 8.09887e-03
4.03061e-02 2.30483e+00 6.78074e-03
4.03061e-02 2.38282e+00 5.16380e-03
4.03061e-02 2.46093e+00 3.27294e-03
4.03061e-02 2.53907e+00 1.18655e-03
4.03061e-02 2.61718e+00 -9.59231e-04
4.03061e-02 2.69517e+00 -2.98298e-03
4.03061e-02 2.77297e+00 -4.69065e-03
4.03061e-02 2.85051e+00 -5.92242e-03
4.03061e-02 2.92770e+00 -6.59731e-03
4.03061e-02 3.00447e+00 -6.73449e-03
4.03061e-02 3.08076e+00 -6.43894e-03
4.03061e-02 3.15647e+00 -5.85852e-03
4.03061e-02 3.23154e+00 -5.13578e-03
4.03061e-02 3.30590e+00 -4.37746e-03
4.03061e-02 3.37947e+00 -3.64884e-03
4.03061e-02 3.45218e+00 -2.98365e-03
4.03061e-02 3.52396e+00 -2.39679e-03
4.03061e-02 3.59474e+00 -1.89285e-03
4.03061e-02 3.66445e+00 -1.47040e-03
4.03061e-02 3.73303e+00 -1.12418e-03
4.03061e-02 3.80040e+00 -8.46454e-04
4.03061e-02 3.86649e+00 -6.28157e-04
4.03061e-02 3.93125e+00 -4.59842e-04
4.03061e-02 3.99462e+00 -3.32393e-04
4.03061e-02 4.05652e+00 -2.37501e-04
4.03061e-02 4.11690e+00 -1.67945e-04
4.03061e-02 4.17571e+00 -1.17682e-04
4.03061e-02 4.23287e+00 -8.18260e-05
4.03061e-02 4.28835e+00 -5.65387e-05
4.03061e-02 4.34207e+00 -3.88813e-05
4.03061e-02 4.39400e+00 -2.66548e-05
4.03061e-02 4.44407e+00 -1.82463e-05
4.03061e-02 4.49224e+00 -1.24936e-05
4.03061e-02 4.53847e+00 -8.57199e-06
4.03061e-02 4.58271e+00 -5.90383e-06
4.03061e-02 4.62491e+00 -4.08916e-06
4.03061e-02 4.66504e+00 -2.85347e-06
4.03061e-02 4.70305e+00 -2.00974e-06
4.03061e-02 4.73890e+00 -1.43125e-06
4.03061e-02 4.77257e+00 -1.03244e-06
4.03061e-02 4.80402e+00 -7.55685e-07
4.03061e-02 4.83322e+00 -5.62165e-07
4.03061e-02 4.86014e+00 -4.25725e-07
4.03061e-02 4.88475e+00 -3.28697e-07
4.03061e-02 4.90703e+00 -2.59108e-07
4.03061e-02 4.92696e+00 -2.08814e-07
4.03061e-02 4.94452e+00 -1.72248e-07
4.03061e-02 4.95969e+00 -1.45592e-07
4.03061e-02 4.97246e+00 -1.26217e-07
4.03061e-02 4.98281e+00 -1.12319e-07
4.03061e-02 4.99074e+00 -1.02666e-07
4.03061e-02 4.99623e+00 -9.64419e-08
4.03061e-02 4.99928e+00 -9.31360e-08
5.54766e-02 7.15683e-04 6.65731e-05
5.54766e-02 3.77012e-03 3.50684e-04
5.54766e-02 9.26216e-03 8.61358e-04
5.54766e-02 1.71877e-02 1.59745e-03
5.54766e-02 2.75390e-02 2.55612e-03
5.54766e-02 4.03061e-02 3.73187e-03
5.54766e-02 5.54766e-02 5.11519e-03
5.54766e-02 7.30356e-02 6.69106e-03
5.54766e-02 9.29659e-02 8.43752e-03
5.54766e-02 1.15248e-01 1.03244e-02
5.54766e-02 1.39860e-01 1.23124e-02
5.54766e-02 1.66779e-01 1.43537e-02
5.54766e-02 1.95977e-01 1.63925e-02
5.54766e-02 2.27426e-01 1.83680e-02
5.54766e-02 2.61096e-01 2.02181e-02
5.54766e-02 2.96953e-01 2.18833e-02
5.54766e-02 3.34963e-01 2.33126e-02
5.54766e-02 3.75089e-01 2.44670e-02
5.54766e-02 4.17290e-01 2.53232e-02
5.54766e-02 4.61527e-01 2.58748e-02
5.54766e-02 5.07755e-01 2.61320e-02
5.54766e-02 5.55930e-01 2.61192e-02
5.54766e-02 6.06005e-01 2.58716e-02
5.54766e-02 6.57930e-01 2.54309e-02
5.54766e-02 7.11655e-01 2.48420e-02
5.54766e-02 7.67127e-01 2.41485e-02
5.54766e-02 8.24292e-01 2.33911e-02
5.54766e-02 8.83095e-01 2.26052e-02
5.54766e-02 9.43478e-01 2.18202e-02
5.54766e-02 1.00538e+00 2.10595e-02
5.54766e-02 1.06875e+00 2.03402e-02
5.54766e-02 1.13351e+00 1.96739e-02
5.54766e-02 1.19960e+00 1.90672e-02
5.54766e-02 1.26697e+00 1.85226e-02
5.54766e-02 1.33555e+00 1.80387e-02
5.54766e-02 1.40526e+00 1.76112e-02
5.54766e-02 1.47604e+00 1.72323e-02
5.54766e-02 1.54782e+00 1.68915e-02
5.54766e-02 1.62053e+00 1.65747e-02
5.54766e-02 1.69410e+00 1.62635e-02
5.54766e-02 1.76846e+00 1.59335e-02
5.54766e-02 1.84353e+00 1.55533e-02
5.54766e-02 1.91924e+00 1.50823e-02
5.54766e-02 1.99553e+00 1.44695e-02
5.54766e-02 2.07230e+00 1.36540e-02
5.54766e-02 2.14949e+00 1.25681e-02
5.54766e-02 2.22703e+00 1.11446e-02
5.54766e-02 2.30483e+00 9.33021e-03
5.54766e-02 2.38282e+00 7.10454e-03
5.54766e-02 2.46093e+00 4.50185e-03
5.54766e-02 2.53907e+00 1.63003e-03
5.54766e-02 2.61718e+00 -1.32350e-03
5.54766e-02 2.69517e+00 -4.10901e-03
5.54766e-02 2.77297e+00 -6.45938e-03
5.54766e-02 2.85051e+00 -8.15463e-03
5.54766e-02 2.92770e+00 -9.08332e-03
5.54766e-02 3.00447e+00 -9.27183e-03
5.54766e-02 3.08076e+00 -8.86469e-03
5.54766e-02 3.15647e+00 -8.06546e-03
5.54766e-02 3.23154e+00 -7.07035e-03
5.54766e-02 3.30590e+00 -6.02631e-03
5.54766e-02 3.37947e+00 -5.02318e-03
5.54766e-02 3.45218e+00 -4.10741e-03
5.54766e-02 3.52396e+00 -3.29949e-03
5.54766e-02 3.59474e+00 -2.60572e-03
5.54766e-02 3.66445e+00 -2.02416e-03
5.54766e-02 3.73303e+00 -1.54754e-03
5.54766e-02 3.80040e+00 -1.16522e-03
5.54766e-02 3.86649e+00 -8.64705e-04
5.54766e-02 3.93125e+00 -6.33004e-04
5.54766e-02 3.99462e+00 -4.57558e-04
5.54766e-02 4.05652e+00 -3.26933e-04
5.54766e-02 4.11690e+00 -2.31184e-04
5.54766e-02 4.17571e+00 -1.61994e-04
5.54766e-02 4.23287e+00 -1.12636e-04
5.54766e-02 4.28835e+00 -7.78272e-05
5.54766e-02 4.34207e+00 -5.35211e-05
5.54766e-02 4.39400e+00 -3.66909e-05
5.54766e-02 4.44407e+00 -2.51164e-05
5.54766e-02 4.49224e+00 -1.71976e-05
5.54766e-02 4.53847e+00 -1.17994e-05
5.54766e-02 4.58271e+00 -8.12666e-06
5.54766e-02 4.62491e+00 -5.62874e-06
5.54766e-02 4.66504e+00 -3.92780e-06
5.54766e-02 4.70305e+00 -2.76640e-06
5.54766e-02 4.73890e+00 -1.97010e-06
5.54766e-02 4.77257e+00 -1.42115e-06
5.54766e-02 4.80402e+00 -1.04019e-06
5.54766e-02 4.83322e+00 -7.73814e-07
5.54766e-02 4.86014e+00 -5.86006e-07
5.54766e-02 4.88475e+00 -4.52447e-07
5.54766e-02 4.90703e+00 -3.56659e-07
5.54766e-02 4.92696e+00 -2.87429e-07
5.54766e-02 4.94452e+00 -2.37096e-07
5.54766e-02 4.95969e+00 -2.00404e-07
5.54766e-02 4.97246e+00 -1.73735e-07
5.54766e-02 4.98281e+00 -1.54604e-07
5.54766e-02 4.99074e+00 -1.41318e-07
5.54766e-02 4.99623e+00 -1.32750e-07
5.54766e-02 4.99928e+00 -1.28200e-07
7.30356e-02 7.15683e-04 8.70759e-05
7.30356e-02 3.77012e-03 4.58686e-04
7.30356e-02 9.26216e-03 1.12664e-03
7.30356e-02 1.71877e-02 2.08944e-03
7.30356e-02 2.75390e-02 3.34341e-03
7.30356e-02 4.03061e-02 4.88140e-03
7.30356e-02 5.54766e-02 6.69106e-03
7.30356e-02 7.30356e-02 8.75293e-03
7.30356e-02 9.29659e-02 1.10385e-02
7.30356e-02 1.15248e-01 1.35084e-02
7.30356e-02 1.39860e-01 1.61120e-02
7.30356e-02 1.66779e-01 1.87867e-02
7.30356e-02 1.95977e-01 2.14601e-02
7.30356e-02 2.27426e-01 2.40529e-02
7.30356e-02 2.61096e-01 2.64837e-02
7.30356e-02 2.96953e-01 2.86749e-02
7.30356e-02 3.34963e-01 3.05591e-02
7.30356e-02 3.75089e-01 3.20848e-02
7.30356e-02 4.17290e-01 3.32208e-02
7.30356e-02 4.61527e-01 3.39579e-02
7.30356e-02 5.07755e-01 3.43086e-02
7.30356e-02 5.55930e-01 3.43042e-02
7.30356e-02 6.06005e-01 3.39904e-02
7.30356e-02 6.57930e-01 3.34217e-02
7.30356e-02 7.11655e-01 3.26566e-02
7.30356e-02 7.67127e-01 3.17527e-02
7.30356e-02 8.24292e-01 3.07631e-02
7.30356e-02 8.83095e-01 2.97348e-02
7.30356e-02 9.43478e-01 2.87066e-02
7.30356e-02 1.00538e+00 2.77092e-02
7.30356e-02 1.06875e+00 2.67655e-02
7.30356e-02 1.13351e+00 2.58907e-02
7.30356e-02 1.19960e+00 2.50939e-02
7.30356e-02 1.26697e+00 2.43782e-02
7.30356e-02 1.33555e+00 2.37422e-02
7.30356e-02 1.40526e+00 2.31800e-02
7.30356e-02 1.47604e+00 2.26816e-02
7.30356e-02 1.54782e+00 2.22332e-02
7.30356e-02 1.62053e+00 2.18163e-02
7.30356e-02 1.69410e+00 2.14065e-02
7.30356e-02 1.76846e+00 2.09721e-02
7.30356e-02 1.84353e+00 2.04716e-02
7.30356e-02 1.91924e+00 1.98513e-02
7.30356e-02 1.99553e+00 1.90445e-02
7.30356e-02 2.07230e+00 1.79708e-02
7.30356e-02 2.14949e+00 1.65410e-02
7.30356e-02 2.22703e+00 1.46667e-02
7.30356e-02 2.30483e+00 1.22779e-02
7.30356e-02 2.38282e+00 9.34746e-03
7.30356e-02 2.46093e+00 5.92067e-03
7.30356e-02 2.53907e+00 2.13959e-03
7.30356e-02 2.61718e+00 -1.74900e-03
7.30356e-02 2.69517e+00 -5.41628e-03
7.30356e-02 2.77297e+00 -8.51051e-03
7.30356e-02 2.85051e+00 -1.07421e-02
7.30356e-02 2.92770e+00 -1.19642e-02
7.30356e-02 3.00447e+00 -1.22118e-02
7.30356e-02 3.08076e+00 -1.16751e-02
7.30356e-02 3.15647e+00 -1.06222e-02
7.30356e-02 3.23154e+00 -9.31139e-03
7.30356e-02 3.30590e+00 -7.93627e-03
7.30356e-02 3.37947e+00 -6.61510e-03
7.30356e-02 3.45218e+00 -5.40902e-03
7.30356e-02 3.52396e+00 -4.34501e-03
7.30356e-02 3.59474e+00 -3.43137e-03
7.30356e-02 3.66445e+00 -2.66550e-03
7.30356e-02 3.73303e+00 -2.03784e-03
7.30356e-02 3.80040e+00 -1.53437e-03
7.30356e-02 3.86649e+00 -1.13864e-03
7.30356e-02 3.93125e+00 -8.33531e-04
7.30356e-02 3.99462e+00 -6.02502e-04
7.30356e-02 4.05652e+00 -4.30494e-04
7.30356e-02 4.11690e+00 -3.04413e-04
7.30356e-02 4.17571e+00 -2.13305e-04
7.30356e-02 4.23287e+00 -1.48313e-04
7.30356e-02 4.28835e+00 -1.02478e-04
7.30356e-02 4.34207e+00 -7.04726e-05
7.30356e-02 4.39400e+00 -4.83116e-05
7.30356e-02 4.44407e+00 -3.30710e-05
7.30356e-02 4.49224e+00 -2.26442e-05
7.30356e-02 4.53847e+00 -1.55363e-05
7.30356e-02 4.58271e+00 -1.07003e-05
7.30356e-02 4.62491e+00 -7.41131e-06
7.30356e-02 4.66504e+00 -5.17168e-06
7.30356e-02 4.70305e+00 -3.64247e-06
7.30356e-02 4.73890e+00 -2.59400e-06
7.30356e-02 4.77257e+00 -1.87119e-06
7.30356e-02 4.80402e+00 -1.36960e-06
7.30356e-02 4.83322e+00 -1.01886e-06
7.30356e-02 4.86014e+00 -7.71575e-07
7.30356e-02 4.88475e+00 -5.95722e-07
7.30356e-02 4.90703e+00 -4.69600e-07
7.30356e-02 4.92696e+00 -3.78447e-07
7.30356e-02 4.94452e+00 -3.12176e-07
7.30356e-02 4.95969e+00 -2.63864e-07
7.30356e-02 4.97246e+00 -2.28750e-07
7.30356e-02 4.98281e+00 -2.03561e-07
7.30356e-02 4.99074e+00 -1.86067e-07
7.30356e-02 4.99623e+00 -1.74787e-07
7.30356e-02 4.99928e+00 -1.68795e-07
9.29659e-02 7.15683e-04 1.09791e-04
9.29659e-02 3.77012e-03 5.78344e-04
9.29659e-02 9.26216e-03 1.42055e-03
9.29659e-02 1.71877e-02 2.63454e-03
9.29659e-02 2.75390e-02 4.21572e-03
9.29659e-02 4.03061e-02 6.15518e-03
9.29659e-02 5.54766e-02 8.43752e-03
9.29659e-02 7.30356e-02 1.10385e-02
9.29659e-02 9.29659e-02 1.39224e-02
9.29659e-02 1.15248e-01 1.70405e-02
9.29659e-02 1.39860e-01 2.03292e-02
9.29659e-02 1.66779e-01 2.37104e-02
9.29659e-02 1.95977e-01 2.70934e-02
9.29659e-02 2.27426e-01 3.03787e-02
9.29659e-02 2.61096e-01 3.34637e-02
9.29659e-02 2.96953e-01 3.62505e-02
9.29659e-02 3.34963e-01 3.86534e-02
9.29659e-02 3.75089e-01 4.06062e-02
9.29659e-02 4.17290e-01 4.20682e-02
9.29659e-02 4.61527e-01 4.30264e-02
9.29659e-02 5.07755e-01 4.34951e-02
9.29659e-02 5.55930e-01 4.35126e-02
9.29659e-02 6.06005e-01 4.31358e-02
9.29659e-02 6.57930e-01 4.24332e-02
9.29659e-02 7.11655e-01 4.14785e-02
9.29659e-02 7.67127e-01 4.03445e-02
9.29659e-02 8.24292e-01 3.90992e-02
9.29659e-02 8.83095e-01 3.78021e-02
9.29659e-02 9.43478e-01 3.65029e-02
9.29659e-02 1.00538e+00 3.52410e-02
9.29659e-02 1.06875e+00 3.40457e-02
9.29659e-02 1.13351e+00 3.29369e-02
9.29659e-02 1.19960e+00 3.19261e-02
9.29659e-02 1.26697e+00 3.10177e-02
9.29659e-02 1.33555e+00 3.02100e-02
9.29659e-02 1.40526e+00 2.94955e-02
9.29659e-02 1.47604e+00 2.88619e-02
9.29659e-02 1.54782e+00 2.82916e-02
9.29659e-02 1.62053e+00 2.77612e-02
9.29659e-02 1.69410e+00 2.72397e-02
9.29659e-02 1.76846e+00 2.66867e-02
9.29659e-02 1.84353e+00 2.60494e-02
9.29659e-02 1.91924e+00 2.52598e-02
9.29659e-02 1.99553e+00 2.42326e-02
9.29659e-02 2.07230e+00 2.28656e-02
9.29659e-02 2.14949e+00 2.10454e-02
9.29659e-02 2.22703e+00 1.86593e-02
9.29659e-02 2.30483e+00 1.56181e-02
9.29659e-02 2.38282e+00 1.18875e-02
9.29659e-02 2.46093e+00 7.52504e-03
9.29659e-02 2.53907e+00 2.71160e-03
9.29659e-02 2.61718e+00 -2.23859e-03
9.29659e-02 2.69517e+00 -6.90683e-03
9.29659e-02 2.77297e+00 -1.08453e-02
9.29659e-02 2.85051e+00 -1.36854e-02
9.29659e-02 2.92770e+00 -1.52402e-02
9.29659e-02 3.00447e+00 -1.55541e-02
9.29659e-02 3.08076e+00 -1.48696e-02
9.29659e-02 3.15647e+00 -1.35280e-02
9.29659e-02 3.23154e+00 -1.18583e-02
9.29659e-02 3.30590e+00 -1.01068e-02
9.29659e-02 3.37947e+00 -8.42403e-03
9.29659e-02 3.45218e+00 -6.88799e-03
9.29659e-02 3.52396e+00 -5.53294e-03
9.29659e-02 3.59474e+00 -4.36942e-03
9.29659e-02 3.66445e+00 -3.39412e-03
9.29659e-02 3.73303e+00 -2.59485e-03
9.29659e-02 3.80040e+00 -1.95373e-03
9.29659e-02 3.86649e+00 -1.44983e-03
9.29659e-02 3.93125e+00 -1.06132e-03
9.29659e-02 3.99462e+00 -7.67142e-04
9.29659e-02 4.05652e+00 -5.48125e-04
9.29659e-02 4.11690e+00 -3.87588e-04
9.29659e-02 4.17571e+00 -2.71584e-04
9.29659e-02 4.23287e+00 -1.88833e-04
9.29659e-02 4.28835e+00 -1.30474e-04
9.29659e-02 4.34207e+00 -8.97248e-05
9.29659e-02 4.39400e+00 -6.15093e-05
9.29659e-02 4.44407e+00 -4.21050e-05
9.29659e-02 4.49224e+00 -2.88298e-05
9.29659e-02 4.53847e+00 -1.97801e-05
9.29659e-02 4.58271e+00 -1.36231e-05
9.29659e-02 4.62491e+00 -9.43564e-06
9.29659e-02 4.66504e+00 -6.58425e-06
9.29659e-02 4.70305e+00 -4.63734e-06
9.29659e-02 4.73890e+00 -3.30248e-06
9.29659e-02 4.77257e+00 -2.38225e-06
9.29659e-02 4.80402e+00 -1.74365e-06
9.29659e-02 4.83322e+00 -1.29712e-06
9.29659e-02 4.86014e+00 -9.82299e-07
9.29659e-02 4.88475e+00 -7.58417e-07
9.29659e-02 4.90703e+00 -5.97849e-07
9.29659e-02 4.92696e+00 -4.81801e-07
9.29659e-02 4.94452e+00 -3.97430e-07
9.29659e-02 4.95969e+00 -3.35924e-07
9.29659e-02 4.97246e+00 -2.91221e-07
9.29659e-02 4.98281e+00 -2.59153e-07
9.29659e-02 4.99074e+00 -2.36881e-07
9.29659e-02 4.99623e+00 -2.22520e-07
9.29659e-02 4.99928e+00 -2.14892e-07
1.15248e-01 7.15683e-04 1.34323e-04
1.15248e-01 3.77012e-03 7.07567e-04
1.15248e-01 9.26216e-03 1.73796e-03
1.15248e-01 1.71877e-02 3.22323e-03
1.15248e-01 2.75390e-02 5.15786e-03
1.15248e-01 4.03061e-02 7.53108e-03
1.15248e-01 5.54766e-02 1.03244e-02
1.15248e-01 7.30356e-02 1.35084e-02
1.15248e-01 9.29659e-02 1.70405e-02
1.15248e-01 1.15248e-01 2.08616e-02
1.15248e-01 1.39860e-01 2.48950e-02
1.15248e-01 1.66779e-01 2.90464e-02
1.15248e-01 1.95977e-01 3.32059e-02
1.15248e-01 2.27426e-01 3.72524e-02
1.15248e-01 2.61096e-01 4.10609e-02
1.15248e-01 2.96953e-01 4.45111e-02
1.15248e-01 3.34963e-01 4.74969e-02
1.15248e-01 3.75089e-01 4.99358e-02
1.15248e-01 4.17290e-01 5.17753e-02
1.15248e-01 4.61527e-01 5.29970e-02
1.15248e-01 5.07755e-01 5.36161e-02
1.15248e-01 5.55930e-01 5.36775e-02
1.15248e-01 6.06005e-01 5.32493e-02
1.15248e-01 6.57930e-01 5.24149e-02
1.15248e-01 7.11655e-01 5.12643e-02
1.15248e-01 7.67127e-01 4.98875e-02
1.15248e-01 8.24292e-01 4.83684e-02
1.15248e-01 8.83095e-01 4.67809e-02
1.15248e-01 9.43478e-01 4.51870e-02
1.15248e-01 1.00538e+00 4.36361e-02
1.15248e-01 1.06875e+00 4.21647e-02
1.15248e-01 1.13351e+00 4.07981e-02
1.15248e-01 1.19960e+00 3.95511e-02
1.15248e-01 1.26697e+00 3.84295e-02
1.15248e-01 1.33555e+00 3.74313e-02
1.15248e-01 1.40526e+00 3.65477e-02
1.15248e-01 1.47604e+00 3.57637e-02
1.15248e-01 1.54782e+00 3.50575e-02
1.15248e-01 1.62053e+00 3.44003e-02
1.15248e-01 1.69410e+00 3.37539e-02
1.15248e-01 1.76846e+00 3.30683e-02
1.15248e-01 1.84353e+00 3.22780e-02
1.15248e-01 1.91924e+00 3.12989e-02
1.15248e-01 1.99553e+00 3.00252e-02
1.15248e-01 2.07230e+00 2.83303e-02
1.15248e-01 2.14949e+00 2.60733e-02
1.15248e-01 2.22703e+00 2.31147e-02
1.15248e-01 2.30483e+00 1.93438e-02
1.15248e-01 2.38282e+00 1.47181e-02
1.15248e-01 2.46093e+00 9.30905e-03
1.15248e-01 2.53907e+00 3.34092e-03
1.15248e-01 2.61718e+00 -2.79651e-03
1.15248e-01 2.69517e+00 -8.58403e-03
1.15248e-01 2.77297e+00 -1.34663e-02
1.15248e-01 2.85051e+00 -1.69862e-02
1.15248e-01 2.92770e+00 -1.89122e-02
1.15248e-01 3.00447e+00 -1.92994e-02
1.15248e-01 3.08076e+00 -1.84486e-02
1.15248e-01 3.15647e+00 -1.67830e-02
1.15248e-01 3.23154e+00 -1.47108e-02
1.15248e-01 3.30590e+00 -1.25375e-02
1.15248e-01 3.37947e+00 -1.04497e-02
1.15248e-01 3.45218e+00 -8.54400e-03
1.15248e-01 3.52396e+00 -6.86297e-03
1.15248e-01 3.59474e+00 -5.41961e-03
1.15248e-01 3.66445e+00 -4.20979e-03
1.15248e-01 3.73303e+00 -3.21837e-03
1.15248e-01 3.80040e+00 -2.42314e-03
1.15248e-01 3.86649e+00 -1.79813e-03
1.15248e-01 3.93125e+00 -1.31626e-03
1.15248e-01 3.99462e+00 -9.51404e-04
1.15248e-01 4.05652e+00 -6.79770e-04
1.15248e-01 4.11690e+00 -4.80669e-04
1.15248e-01 4.17571e+00 -3.36802e-04
1.15248e-01 4.23287e+00 -2.34176e-04
1.15248e-01 4.28835e+00 -1.61802e-04
1.15248e-01 4.34207e+00 -1.11267e-04
1.15248e-01 4.39400e+00 -7.62764e-05
1.15248e-01 4.44407e+00 -5.22131e-05
1.15248e-01 4.49224e+00 -3.57506e-05
1.15248e-01 4.53847e+00 -2.45283e-05
1.15248e-01 4.58271e+00 -1.68932e-05
1.15248e-01 4.62491e+00 -1.17005e-05
1.15248e-01 4.66504e+00 -8.16461e-06
1.15248e-01 4.70305e+00 -5.75036e-06
1.15248e-01 4.73890e+00 -4.09510e-06
1.15248e-01 4.77257e+00 -2.95400e-06
1.15248e-01 4.80402e+00 -2.16212e-06
1.15248e-01 4.83322e+00 -1.60842e-06
1.15248e-01 4.86014e+00 -1.21804e-06
1.15248e-01 4.88475e+00 -9.40422e-07
1.15248e-01 4.90703e+00 -7.41319e-07
1.15248e-01 4.92696e+00 -5.97421e-07
1.15248e-01 4.94452e+00 -4.92802e-07
1.15248e-01 4.95969e+00 -4.16536e-07
1.15248e-01 4.97246e+00 -3.61104e-07
1.15248e-01 4.98281e+00 -3.21340e-07
1.15248e-01 4.99074e+00 -2.93724e-07
1.15248e-01 4.99623e+00 -2.75916e-07
1.15248e-01 4.99928e+00 -2.66458e-07
1.39860e-01 7.15683e-04 1.60155e-04
1.39860e-01 3.77012e-03 8.43644e-04
1.39860e-01 9.26216e-03 2.07220e-03
1.39860e-01 1.71877e-02 3.84319e-03
1.39860e-01 2.75390e-02 6.15011e-03
1.39860e-01 4.03061e-02 8.98039e-03
1.39860e-01 5.54766e-02 1.23124e-02
1.39860e-01 7.30356e-02 1.61120e-02
1.39860e-01 9.29659e-02 2.03292e-02
1.39860e-01 1.15248e-01 2.48950e-02
1.39860e-01 1.39860e-01 2.97197e-02
1.39860e-01 1.66779e-01 3.46927e-02
1.39860e-01 1.95977e-01 3.96845e-02
1.39860e-01 2.27426e-01 4.45523e-02
1.39860e-01 2.61096e-01 4.91474e-02
1.39860e-01 2.96953e-01 5.33258e-02
1.39860e-01 3.34963e-01 5.69594e-02
1.39860e-01 3.75089e-01 5.99468e-02
1.39860e-01 4.17290e-01 6.22218e-02
1.39860e-01 4.61527e-01 6.37584e-02
1.39860e-01 5.07755e-01 6.45706e-02
1.39860e-01 5.55930e-01 6.47090e-02
1.39860e-01 6.06005e-01 6.42525e-02
1.39860e-01 6.57930e-01 6.32993e-02
1.39860e-01 7.11655e-01 6.19569e-02
1.39860e-01 7.67127e-01 6.03333e-02
1.39860e-01 8.24292e-01 5.85300e-02
1.39860e-01 8.83095e-01 5.66371e-02
1.39860e-01 9.43478e-01 5.47303e-02
1.39860e-01 1.00538e+00 5.28700e-02
1.39860e-01 1.06875e+00 5.11017e-02
1.39860e-01 1.13351e+00 4.94565e-02
1.39860e-01 1.19960e+00 4.79531e-02
1.39860e-01 1.26697e+00 4.65993e-02
1.39860e-01 1.33555e+00 4.53931e-02
1.39860e-01 1.40526e+00 4.43244e-02
1.39860e-01 1.47604e+00 4.33752e-02
1.39860e-01 1.54782e+00 4.25195e-02
1.39860e-01 1.62053e+00 4.17226e-02
1.39860e-01 1.69410e+00 4.09383e-02
1.39860e-01 1.76846e+00 4.01061e-02
1.39860e-01 1.84353e+00 3.91469e-02
1.39860e-01 1.91924e+00 3.79583e-02
1.39860e-01 1.99553e+00 3.64120e-02
1.39860e-01 2.07230e+00 3.43545e-02
1.39860e-01 2.14949e+00 3.16147e-02
1.39860e-01 2.22703e+00 2.80233e-02
1.39860e-01 2.30483e+00 2.34459e-02
1.39860e-01 2.38282e+00 1.78308e-02
1.39860e-01 2.46093e+00 1.12649e-02
1.39860e-01 2.53907e+00 4.02064e-03
1.39860e-01 2.61718e+00 -3.42878e-03
1.39860e-01 2.69517e+00 -1.04529e-02
1.39860e-01 2.77297e+00 -1.63776e-02
1.39860e-01 2.85051e+00 -2.06478e-02
1.39860e-01 2.92770e+00 -2.29826e-02
1.39860e-01 3.00447e+00 -2.34492e-02
1.39860e-01 3.08076e+00 -2.24129e-02
1.39860e-01 3.15647e+00 -2.03878e-02
1.39860e-01 3.23154e+00 -1.78694e-02
1.39860e-01 3.30590e+00 -1.52286e-02
1.39860e-01 3.37947e+00 -1.26920e-02
1.39860e-01 3.45218e+00 -1.03770e-02
1.39860e-01 3.52396e+00 -8.33499e-03
1.39860e-01 3.59474e+00 -6.58180e-03
1.39860e-01 3.66445e+00 -5.11237e-03
1.39860e-01 3.73303e+00 -3.90826e-03
1.39860e-01 3.80040e+00 -2.94248e-03
1.39860e-01 3.86649e+00 -2.18346e-03
1.39860e-01 3.93125e+00 -1.59829e-03
1.39860e-01 3.99462e+00 -1.15523e-03
1.39860e-01 4.05652e+00 -8.25383e-04
1.39860e-01 4.11690e+00 -5.83621e-04
1.39860e-01 4.17571e+00 -4.08931e-04
1.39860e-01 4.23287e+00 -2.84322e-04
1.39860e-01 4.28835e+00 -1.96447e-04
1.39860e-01 4.34207e+00 -1.35090e-04
1.39860e-01 4.39400e+00 -9.26061e-05
1.39860e-01 4.44407e+00 -6.33904e-05
1.39860e-01 4.49224e+00 -4.34032e-05
1.39860e-01 4.53847e+00 -2.97784e-05
1.39860e-01 4.58271e+00 -2.05088e-05
1.39860e-01 4.62491e+00 -1.42046e-05
1.39860e-01 4.66504e+00 -9.91190e-06
1.39860e-01 4.70305e+00 -6.98093e-06
1.39860e-01 4.73890e+00 -4.97140e-06
1.39860e-01 4.77257e+00 -3.58609e-06
1.39860e-01 4.80402e+00 -2.62476e-06
1.39860e-01 4.83322e+00 -1.95256e-06
1.39860e-01 4.86014e+00 -1.47865e-06
1.39860e-01 4.88475e+00 -1.14163e-06
1.39860e-01 4.90703e+00 -8.99924e-07
1.39860e-01 4.92696e+00 -7.25236e-07
1.39860e-01 4.94452e+00 -5.98233e-07
1.39860e-01 4.95969e+00 -5.05649e-07
1.39860e-01 4.97246e+00 -4.38357e-07
1.39860e-01 4.98281e+00 -3.90085e-07
1.39860e-01 4.99074e+00 -3.56560e-07
1.39860e-01 4.99623e+00 -3.34943e-07
1.39860e-01 4.99928e+00 -3.23461e-07
1.66779e-01 7.15683e-04 1.86659e-04
1.66779e-01 3.77012e-03 9.83257e-04
1.66779e-01 9.26216e-03 2.41514e-03
1.66779e-01 1.71877e-02 4.47930e-03
1.66779e-01 2.75390e-02 7.16833e-03
1.66779e-01 4.03061e-02 1.04680e-02
1.66779e-01 5.54766e-02 1.43537e-02
1.66779e-01 7.30356e-02 1.87867e-02
1.66779e-01 9.29659e-02 2.37104e-02
1.66779e-01 1.15248e-01 2.90464e-02
1.66779e-01 1.39860e-01 3.46927e-02
1.66779e-01 1.66779e-01 4.05230e-02
1.66779e-01 1.95977e-01 4.63892e-02
1.66779e-01 2.27426e-01 5.21266e-02
1.66779e-01 2.61096e-01 5.75631e-02
1.66779e-01 2.96953e-01 6.25301e-02
1.66779e-01 3.34963e-01 6.68759e-02
1.66779e-01 3.75089e-01 7.04782e-02
1.66779e-01 4.17290e-01 7.32544e-02
1.66779e-01 4.61527e-01 7.51678e-02
1.66779e-01 5.07755e-01 7.62290e-02
1.66779e-01 5.55930e-01 7.64916e-02
1.66779e-01 6.06005e-01 7.60441e-02
1.66779e-01 6.57930e-01 7.49991e-02
1.66779e-01 7.11655e-01 7.34818e-02
1.66779e-01 7.67127e-01 7.16192e-02
1.66779e-01 8.24292e-01 6.95318e-02
1.66779e-01 8.83095e-01 6.73270e-02
1.66779e-01 9.43478e-01 6.50961e-02
1.66779e-01 1.00538e+00 6.29122e-02
1.66779e-01 1.06875e+00 6.08305e-02
1.66779e-01 1.13351e+00 5.88894e-02
1.66779e-01 1.19960e+00 5.71124e-02
1.66779e-01 1.26697e+00 5.55095e-02
1.66779e-01 1.33555e+00 5.40794e-02
1.66779e-01 1.40526e+00 5.28106e-02
1.66779e-01 1.47604e+00 5.16822e-02
1.66779e-01 1.54782e+00 5.06640e-02
1.66779e-01 1.62053e+00 4.97147e-02
1.66779e-01 1.69410e+00 4.87798e-02
1.66779e-01 1.76846e+00 4.77874e-02
1.66779e-01 1.84353e+00 4.66430e-02
1.66779e-01 1.91924e+00 4.52250e-02
1.66779e-01 1.99553e+00 4.33804e-02
1.66779e-01 2.07230e+00 4.09259e-02
1.66779e-01 2.14949e+00 3.76576e-02
1.66779e-01 2.22703e+00 3.33734e-02
1.66779e-01 2.30483e+00 2.79130e-02
1.66779e-01 2.38282e+00 2.12150e-02
1.66779e-01 2.46093e+00 1.33828e-02
1.66779e-01 2.53907e+00 4.74167e-03
1.66779e-01 2.61718e+00 -4.14353e-03
1.66779e-01 2.69517e+00 -1.25206e-02
1.66779e-01 2.77297e+00 -1.95851e-02
1.66779e-01 2.85051e+00 -2.46749e-02
1.66779e-01 2.92770e+00 -2.74553e-02
1.66779e-01 3.00447e+00 -2.80066e-02
1.66779e-01 3.08076e+00 -2.67650e-02
1.66779e-01 3.15647e+00 -2.43441e-02
1.66779e-01 3.23154e+00 -2.13352e-02
1.66779e-01 3.30590e+00 -1.81808e-02
1.66779e-01 3.37947e+00 -1.51516e-02
1.66779e-01 3.45218e+00 -1.23872e-02
1.66779e-01 3.52396e+00 -9.94913e-03
1.66779e-01 3.59474e+00 -7.85605e-03
1.66779e-01 3.66445e+00 -6.10186e-03
1.66779e-01 3.73303e+00 -4.66451e-03
1.66779e-01 3.80040e+00 -3.51171e-03
1.66779e-01 3.86649e+00 -2.60576e-03
1.66779e-01 3.93125e+00 -1.90735e-03
1.66779e-01 3.99462e+00 -1.37857e-03
1.66779e-01 4.05652e+00 -9.84930e-04
1.66779e-01 4.11690e+00 -6.96417e-04
1.66779e-01 4.17571e+00 -4.87953e-04
1.66779e-01 4.23287e+00 -3.39257e-04
1.66779e-01 4.28835e+00 -2.34398e-04
1.66779e-01 4.34207e+00 -1.61184e-04
1.66779e-01 4.39400e+00 -1.10492e-04
1.66779e-01 4.44407e+00 -7.56325e-05
1.66779e-01 4.49224e+00 -5.17845e-05
1.66779e-01 4.53847e+00 -3.55281e-05
1.66779e-01 4.58271e+00 -2.44684e-05
1.66779e-01 4.62491e+00 -1.69469e-05
1.66779e-01 4.66504e+00 -1.18253e-05
1.66779e-01 4.70305e+00 -8.32845e-06
1.66779e-01 4.73890e+00 -5.93097e-06
1.66779e-01 4.77257e+00 -4.27823e-06
1.66779e-01 4.80402e+00 -3.13133e-06
1.66779e-01 4.83322e+00 -2.32939e-06
1.66779e-01 4.86014e+00 -1.76400e-06
1.66779e-01 4.88475e+00 -1.36193e-06
1.66779e-01 4.90703e+00 -1.07358e-06
1.66779e-01 4.92696e+00 -8.65178e-07
1.66779e-01 4.94452e+00 -7.13665e-07
1.66779e-01 4.95969e+00 -6.03214e-07
1.66779e-01 4.97246e+00 -5.22937e-07
1.66779e-01 4.98281e+00 -4.65350e-07
1.66779e-01 4.99074e+00 -4.25356e-07
1.66779e-01 4.99623e+00 -3.99567e-07
1.66779e-01 4.99928e+00 -3.85870e-07
1.95977e-01 7.15683e-04 2.13105e-04
1.95977e-01 3.77012e-03 1.12257e-03
1.95977e-01 9.26216e-03 2.75735e-03
1.95977e-01 1.71877e-02 5.11409e-03
1.95977e-01 2.75390e-02 8.18459e-03
1.95977e-01 4.03061e-02 1.19531e-02
1.95977e-01 5.54766e-02 1.63925e-02
1.95977e-01 7.30356e-02 2.14601e-02
1.95977e-01 9.29659e-02 2.70934e-02
1.95977e-01 1.15248e-01 3.32059e-02
1.95977e-01 1.39860e-01 3.96845e-02
1.95977e-01 1.66779e-01 4.63892e-02
1.95977e-01 1.95977e-01 5.31544e-02
1.95977e-01 2.27426e-01 5.97954e-02
1.95977e-01 2.61096e-01 6.61170e-02
1.95977e-01 2.96953e-01 7.19264e-02
1.95977e-01 3.34963e-01 7.70471e-02
1.95977e-01 3.75089e-01 8.13339e-02
1.95977e-01 4.17290e-01 8.46846e-02
1.95977e-01 4.61527e-01 8.70486e-02
1.95977e-01 5.07755e-01 8.84292e-02
1.95977e-01 5.55930e-01 8.88800e-02
1.95977e-01 6.06005e-01 8.84966e-02
1.95977e-01 6.57930e-01 8.74042e-02
1.95977e-01 7.11655e-01 8.57453e-02
1.95977e-01 7.67127e-01 8.36663e-02
1.95977e-01 8.24292e-01 8.13075e-02
1.95977e-01 8.83095e-01 7.87955e-02
1.95977e-01 9.43478e-01 7.62386e-02
1.95977e-01 1.00538e+00 7.37241e-02
1.95977e-01 1.06875e+00 7.13188e-02
1.95977e-01 1.13351e+00 6.90694e-02
1.95977e-01 1.19960e+00 6.70050e-02
1.95977e-01 1.26697e+00 6.51390e-02
1.95977e-01 1.33555e+00 6.34709e-02
1.95977e-01 1.40526e+00 6.19884e-02
1.95977e-01 1.47604e+00 6.06680e-02
1.95977e-01 1.54782e+00 5.94748e-02
1.95977e-01 1.62053e+00 5.83610e-02
1.95977e-01 1.69410e+00 5.72629e-02
1.95977e-01 1.76846e+00 5.60965e-02
1.95977e-01 1.84353e+00 5.47512e-02
1.95977e-01 1.91924e+00 5.30840e-02
1.95977e-01 1.99553e+00 5.09153e-02
1.95977e-01 2.07230e+00 4.80297e-02
1.95977e-01 2.14949e+00 4.41874e-02
1.95977e-01 2.22703e+00 3.91509e-02
1.95977e-01 2.30483e+00 3.27316e-02
1.95977e-01 2.38282e+00 2.48574e-02
1.95977e-01 2.46093e+00 1.56501e-02
1.95977e-01 2.53907e+00 5.49241e-03
1.95977e-01 2.61718e+00 -4.95136e-03
1.95977e-01 2.69517e+00 -1.47965e-02
1.95977e-01 2.77297e+00 -2.30971e-02
1.95977e-01 2.85051e+00 -2.90748e-02
1.95977e-01 2.92770e+00 -3.23362e-02
1.95977e-01 3.00447e+00 -3.29763e-02
1.95977e-01 3.08076e+00 -3.15084e-02
1.95977e-01 3.15647e+00 -2.86545e-02
1.95977e-01 3.23154e+00 -2.51101e-02
1.95977e-01 3.30590e+00 -2.13958e-02
1.95977e-01 3.37947e+00 -1.78295e-02
1.95977e-01 3.45218e+00 -1.45755e-02
1.95977e-01 3.52396e+00 -1.17059e-02
1.95977e-01 3.59474e+00 -9.24264e-03
1.95977e-01 3.66445e+00 -7.17843e-03
1.95977e-01 3.73303e+00 -5.48719e-03
1.95977e-01 3.80040e+00 -4.13087e-03
1.95977e-01 3.86649e+00 -3.06505e-03
1.95977e-01 3.93125e+00 -2.24344e-03
1.95977e-01 3.99462e+00 -1.62143e-03
1.95977e-01 4.05652e+00 -1.15840e-03
1.95977e-01 4.11690e+00 -8.19042e-04
1.95977e-01 4.17571e+00 -5.73854e-04
1.95977e-01 4.23287e+00 -3.98969e-04
1.95977e-01 4.28835e+00 -2.75647e-04
1.95977e-01 4.34207e+00 -1.89544e-04
1.95977e-01 4.39400e+00 -1.29930e-04
1.95977e-01 4.44407e+00 -8.89358e-05
1.95977e-01 4.49224e+00 -6.08919e-05
1.95977e-01 4.53847e+00 -4.17757e-05
1.95977e-01 4.58271e+00 -2.87707e-05
1.95977e-01 4.62491e+00 -1.99263e-05
1.95977e-01 4.66504e+00 -1.39041e-05
1.95977e-01 4.70305e+00 -9.79239e-06
1.95977e-01 4.73890e+00 -6.97341e-06
1.95977e-01 4.77257e+00 -5.03012e-06
1.95977e-01 4.80402e+00 -3.68161e-06
1.95977e-01 4.83322e+00 -2.73872e-06
1.95977e-01 4.86014e+00 -2.07396e-06
1.95977e-01 4.88475e+00 -1.60123e-06
1.95977e-01 4.90703e+00 -1.26220e-06
1.95977e-01 4.92696e+00 -1.01718e-06
1.95977e-01 4.94452e+00 -8.39045e-07
1.95977e-01 4.95969e+00 -7.09186e-07
1.95977e-01 4.97246e+00 -6.14803e-07
1.95977e-01 4.98281e+00 -5.47099e-07
1.95977e-01 4.99074e+00 -5.00078e-07
1.95977e-01 4.99623e+00 -4.69757e-07
1.95977e-01 4.99928e+00 -4.53653e-07
2.27426e-01 7.15683e-04 2.38698e-04
2.27426e-01 3.77012e-03 1.25739e-03
2.27426e-01 9.26216e-03 3.08853e-03
2.27426e-01 1.71877e-02 5.72849e-03
2.27426e-01 2.75390e-02 9.16839e-03
2.27426e-01 4.03061e-02 1.33913e-02
2.27426e-01 5.54766e-02 1.83680e-02
2.27426e-01 7.30356e-02 2.40529e-02
2.27426e-01 9.29659e-02 3.03787e-02
2.27426e-01 1.15248e-01 3.72524e-02
2.27426e-01 1.39860e-01 4.45523e-02
2.27426e-01 1.66779e-01 5.21266e-02
2.27426e-01 1.95977e-01 5.97954e-02
2.27426e-01 2.27426e-01 6.73560e-02
2.27426e-01 2.61096e-01 7.45923e-02
2.27426e-01 2.96953e-01 8.12881e-02
2.27426e-01 3.34963e-01 8.72420e-02
2.27426e-01 3.75089e-01 9.22840e-02
2.27426e-01 4.17290e-01 9.62896e-02
2.27426e-01 4.61527e-01 9.91900e-02
2.27426e-01 5.07755e-01 1.00977e-01
2.27426e-01 5.55930e-01 1.01698e-01
2.27426e-01 6.06005e-01 1.01454e-01
2.27426e-01 6.57930e-01 1.00379e-01
2.27426e-01 7.11655e-01 9.86314e-02
2.27426e-01 7.67127e-01 9.63765e-02
2.27426e-01 8.24292e-01 9.37752e-02
2.27426e-01 8.83095e-01 9.09745e-02
2.27426e-01 9.43478e-01 8.81012e-02
2.27426e-01 1.00538e+00 8.52588e-02
2.27426e-01 1.06875e+00 8.25270e-02
2.27426e-01 1.13351e+00 7.99627e-02
2.27426e-01 1.19960e+00 7.76018e-02
2.27426e-01 1.26697e+00 7.54619e-02
2.27426e-01 1.33555e+00 7.35445e-02
2.27426e-01 1.40526e+00 7.18367e-02
2.27426e-01 1.47604e+00 7.03125e-02
2.27426e-01 1.54782e+00 6.89326e-02
2.27426e-01 1.62053e+00 6.76425e-02
2.27426e-01 1.69410e+00 6.63691e-02
2.27426e-01 1.76846e+00 6.50153e-02
2.27426e-01 1.84353e+00 6.34532e-02
2.27426e-01 1.91924e+00 6.15172e-02
2.27426e-01 1.99553e+00 5.89989e-02
2.27426e-01 2.07230e+00 5.56483e-02
2.27426e-01 2.14949e+00 5.11868e-02
2.27426e-01 2.22703e+00 4.53387e-02
2.27426e-01 2.30483e+00 3.78851e-02
2.27426e-01 2.38282e+00 2.87421e-02
2.27426e-01 2.46093e+00 1.80517e-02
2.27426e-01 2.53907e+00 6.25842e-03
2.27426e-01 2.61718e+00 -5.86574e-03
2.27426e-01 2.69517e+00 -1.72930e-02
2.27426e-01 2.77297e+00 -2.69246e-02
2.27426e-01 2.85051e+00 -3.38568e-02
2.27426e-01 2.92770e+00 -3.76332e-02
2.27426e-01 3.00447e+00 -3.83648e-02
2.27426e-01 3.08076e+00 -3.66485e-02
2.27426e-01 3.15647e+00 -3.33234e-02
2.27426e-01 3.23154e+00 -2.91976e-02
2.27426e-01 3.30590e+00 -2.48758e-02
2.27426e-01 3.37947e+00 -2.07273e-02
2.27426e-01 3.45218e+00 -1.69429e-02
2.27426e-01 3.52396e+00 -1.36061e-02
2.27426e-01 3.59474e+00 -1.07421e-02
2.27426e-01 3.66445e+00 -8.34245e-03
2.27426e-01 3.73303e+00 -6.37653e-03
2.27426e-01 3.80040e+00 -4.80010e-03
2.27426e-01 3.86649e+00 -3.56140e-03
2.27426e-01 3.93125e+00 -2.60660e-03
2.27426e-01 3.99462e+00 -1.88381e-03
2.27426e-01 4.05652e+00 -1.34579e-03
2.27426e-01 4.11690e+00 -9.51495e-04
2.27426e-01 4.17571e+00 -6.66630e-04
2.27426e-01 4.23287e+00 -4.63454e-04
2.27426e-01 4.28835e+00 -3.20189e-04
2.27426e-01 4.34207e+00 -2.20166e-04
2.27426e-01 4.39400e+00 -1.50916e-04
2.27426e-01 4.44407e+00 -1.03298e-04
2.27426e-01 4.49224e+00 -7.07233e-05
2.27426e-01 4.53847e+00 -4.85196e-05
2.27426e-01 4.58271e+00 -3.34144e-05
2.27426e-01 4.62491e+00 -2.31420e-05
2.27426e-01 4.66504e+00 -1.61477e-05
2.27426e-01 4.70305e+00 -1.13723e-05
2.27426e-01 4.73890e+00 -8.09837e-06
2.27426e-01 4.77257e+00 -5.84151e-06
2.27426e-01 4.80402e+00 -4.27542e-06
2.27426e-01 4.83322e+00 -3.18041e-06
2.27426e-01 4.86014e+00 -2.40841e-06
2.27426e-01 4.88475e+00 -1.85944e-06
2.27426e-01 4.90703e+00 -1.46572e-06
2.27426e-01 4.92696e+00 -1.18119e-06
2.27426e-01 4.94452e+00 -9.74321e-07
2.27426e-01 4.95969e+00 -8.23521e-07
2.27426e-01 4.97246e+00 -7.13919e-07
2.27426e-01 4.98281e+00 -6.35297e-07
2.27426e-01 4.99074e+00 -5.80693e-07
2.27426e-01 4.99623e+00 -5.45484e-07
2.27426e-01 4.99928e+00 -5.26784e-07
2.61096e-01 7.15683e-04 2.62628e-04
2.61096e-01 3.77012e-03 1.38344e-03
2.61096e-01 9.26216e-03 3.39820e-03
2.61096e-01 1.71877e-02 6.30303e-03
2.61096e-01 2.75390e-02 1.00886e-02
2.61096e-01 4.03061e-02 1.47371e-02
2.61096e-01 5.54766e-02 2.02181e-02
2.61096e-01 7.30356e-02 2.64837e-02
2.61096e-01 9.29659e-02 3.34637e-02
2.61096e-01 1.15248e-01 4.10609e-02
2.61096e-01 1.39860e-01 4.91474e-02
2.61096e-01 1.66779e-01 5.75631e-02
2.61096e-01 1.95977e-01 6.61170e-02
2.61096e-01 2.27426e-01 7.45923e-02
2.61096e-01 2.61096e-01 8.27551e-02
2.61096e-01 2.96953e-01 9.03678e-02
2.61096e-01 3.34963e-01 9.72051e-02
2.61096e-01 3.75089e-01 1.03071e-01
2.61096e-01 4.17290e-01 1.07816e-01
2.61096e-01 4.61527e-01 1.11349e-01
2.61096e-01 5.07755e-01 1.13644e-01
2.61096e-01 5.55930e-01 1.14739e-01
2.61096e-01 6.06005e-01 1.14731e-01
2.61096e-01 6.57930e-01 1.13761e-01
2.61096e-01 7.11655e-01 1.12000e-01
2.61096e-01 7.67127e-01 1.09631e-01
2.61096e-01 8.24292e-01 1.06835e-01
2.61096e-01 8.83095e-01 1.03781e-01
2.61096e-01 9.43478e-01 1.00615e-01
2.61096e-01 1.00538e+00 9.74587e-02
2.61096e-01 1.06875e+00 9.44071e-02
2.61096e-01 1.13351e+00 9.15287e-02
2.61096e-01 1.19960e+00 8.88680e-02
2.61096e-01 1.26697e+00 8.64479e-02
2.61096e-01 1.33555e+00 8.42728e-02
2.61096e-01 1.40526e+00 8.23302e-02
2.61096e-01 1.47604e+00 8.05921e-02
2.61096e-01 1.54782e+00 7.90149e-02
2.61096e-01 1.62053e+00 7.75375e-02
2.61096e-01 1.69410e+00 7.60768e-02
2.61096e-01 1.76846e+00 7.45225e-02
2.61096e-01 1.84353e+00 7.27281e-02
2.61096e-01 1.91924e+00 7.05038e-02
2.61096e-01 1.99553e+00 6.76105e-02
2.61096e-01 2.07230e+00 6.37611e-02
2.61096e-01 2.14949e+00 5.86356e-02
2.61096e-01 2.22703e+00 5.19170e-02
2.61096e-01 2.30483e+00 4.33540e-02
2.61096e-01 2.38282e+00 3.28502e-02
2.61096e-01 2.46093e+00 2.05691e-02
2.61096e-01 2.53907e+00 7.02211e-03
2.61096e-01 2.61718e+00 -6.90327e-03
2.61096e-01 2.69517e+00 -2.00254e-02
2.61096e-01 2.77297e+00 -3.10816e-02
2.61096e-01 2.85051e+00 -3.90334e-02
2.61096e-01 2.92770e+00 -4.33571e-02
2.61096e-01 3.00447e+00 -4.41811e-02
2.61096e-01 3.08076e+00 -4.21925e-02
2.61096e-01 3.15647e+00 -3.83563e-02
2.61096e-01 3.23154e+00 -3.36018e-02
2.61096e-01 3.30590e+00 -2.86241e-02
2.61096e-01 3.37947e+00 -2.38477e-02
2.61096e-01 3.45218e+00 -1.94913e-02
2.61096e-01 3.52396e+00 -1.56510e-02
2.61096e-01 3.59474e+00 -1.23555e-02
2.61096e-01 3.66445e+00 -9.59451e-03
2.61096e-01 3.73303e+00 -7.33294e-03
2.61096e-01 3.80040e+00 -5.51964e-03
2.61096e-01 3.86649e+00 -4.09497e-03
2.61096e-01 3.93125e+00 -2.99693e-03
2.61096e-01 3.99462e+00 -2.16577e-03
2.61096e-01 4.05652e+00 -1.54713e-03
2.61096e-01 4.11690e+00 -1.09379e-03
2.61096e-01 4.17571e+00 -7.66288e-04
2.61096e-01 4.23287e+00 -5.32714e-04
2.61096e-01 4.28835e+00 -3.68023e-04
2.61096e-01 4.34207e+00 -2.53047e-04
2.61096e-01 4.39400e+00 -1.73449e-04
2.61096e-01 4.44407e+00 -1.18717e-04
2.61096e-01 4.49224e+00 -8.12776e-05
2.61096e-01 4.53847e+00 -5.57587e-05
2.61096e-01 4.58271e+00 -3.83989e-05
2.61096e-01 4.62491e+00 -2.65935e-05
2.61096e-01 4.66504e+00 -1.85555e-05
2.61096e-01 4.70305e+00 -1.30678e-05
2.61096e-01 4.73890e+00 -9.30559e-06
2.61096e-01 4.77257e+00 -6.71218e-06
2.61096e-01 4.80402e+00 -4.91259e-06
2.61096e-01 4.83322e+00 -3.65433e-06
2.61096e-01 4.86014e+00 -2.76726e-06
2.61096e-01 4.88475e+00 -2.13646e-06
2.61096e-01 4.90703e+00 -1.68408e-06
2.61096e-01 4.92696e+00 -1.35714e-06
2.61096e-01 4.94452e+00 -1.11945e-06
2.61096e-01 4.95969e+00 -9.46179e-07
2.61096e-01 4.97246e+00 -8.20247e-07
2.61096e-01 4.98281e+00 -7.29912e-07
2.61096e-01 4.99074e+00 -6.67174e-07
2.61096e-01 4.99623e+00 -6.26720e-07
2.61096e-01 4.99928e+00 -6.05234e-07
2.96953e-01 7.15683e-04 2.84124e-04
2.96953e-01 3.77012e-03 1.49669e-03
2.96953e-01 9.26216e-03 3.67640e-03
2.96953e-01 1.71877e-02 6.81926e-03
2.96953e-01 2.75390e-02 1.09156e-02
2.96953e-01 4.03061e-02 1.59473e-02
2.96953e-01 5.54766e-02 2.18833e-02
2.96953e-01 7.30356e-02 2.86749e-02
2.96953e-01 9.29659e-02 3.62505e-02
2.96953e-01 1.15248e-01 4.45111e-02
2.96953e-01 1.39860e-01 5.33258e-02
2.96953e-01 1.66779e-01 6.25301e-02
2.96953e-01 1.95977e-01 7.19264e-02
2.96953e-01 2.27426e-01 8.12881e-02
2.96953e-01 2.61096e-01 9.03678e-02
2.96953e-01 2.96953e-01 9.89103e-02
2.96953e-01 3.34963e-01 1.06668e-01
2.96953e-01 3.75089e-01 1.13420e-01
2.96953e-01 4.17290e-01 1.18989e-01
2.96953e-01 4.61527e-01 1.23257e-01
2.96953e-01 5.07755e-01 1.26175e-01
2.96953e-01 5.55930e-01 1.27764e-01
2.96953e-01 6.06005e-01 1.28112e-01
2.96953e-01 6.57930e-01 1.27360e-01
2.96953e-01 7.11655e-01 1.25686e-01
2.96953e-01 7.67127e-01 1.23288e-01
2.96953e-01 8.24292e-01 1.20368e-01
2.96953e-01 8.83095e-01 1.17115e-01
2.96953e-01 9.43478e-01 1.13696e-01
2.96953e-01 1.00538e+00 1.10255e-01
2.96953e-01 1.06875e+00 1.06901e-01
2.96953e-01 1.13351e+00 1.03719e-01
2.96953e-01 1.19960e+00 1.00762e-01
2.96953e-01 1.26697e+00 9.80605e-02
2.96953e-01 1.33555e+00 9.56234e-02
2.96953e-01 1.40526e+00 9.34393e-02
2.96953e-01 1.47604e+00 9.14791e-02
2.96953e-01 1.54782e+00 8.96954e-02
2.96953e-01 1.62053e+00 8.80204e-02
2.96953e-01 1.69410e+00 8.63613e-02
2.96953e-01 1.76846e+00 8.45935e-02
2.96953e-01 1.84353e+00 8.25514e-02
2.96953e-01 1.91924e+00 8.00196e-02
2.96953e-01 1.99553e+00 7.67261e-02
2.96953e-01 2.07230e+00 7.23444e-02
2.96953e-01 2.14949e+00 6.65103e-02
2.96953e-01 2.22703e+00 5.88627e-02
2.96953e-01 2.30483e+00 4.91155e-02
2.96953e-01 2.38282e+00 3.71595e-02
2.96953e-01 2.46093e+00 2.31808e-02
2.96953e-01 2.53907e+00 7.76251e-03
2.96953e-01 2.61718e+00 -8.08396e-03
2.96953e-01 2.69517e+00 -2.30126e-02
2.96953e-01 2.77297e+00 -3.55852e-02
2.96953e-01 2.85051e+00 -4.46199e-02
2.96953e-01 2.92770e+00 -4.95211e-02
2.96953e-01 3.00447e+00 -5.04365e-02
2.96953e-01 3.08076e+00 -4.81497e-02
2.96953e-01 3.15647e+00 -4.37608e-02
2.96953e-01 3.23154e+00 -3.83288e-02
2.96953e-01 3.30590e+00 -3.26454e-02
2.96953e-01 3.37947e+00 -2.71938e-02
2.96953e-01 3.45218e+00 -2.22232e-02
2.96953e-01 3.52396e+00 -1.78424e-02
2.96953e-01 3.59474e+00 -1.40838e-02
2.96953e-01 3.66445e+00 -1.09355e-02
2.96953e-01 3.73303e+00 -8.35698e-03
2.96953e-01 3.80040e+00 -6.28987e-03
2.96953e-01 3.86649e+00 -4.66600e-03
2.96953e-01 3.93125e+00 -3.41457e-03
2.96953e-01 3.99462e+00 -2.46740e-03
2.96953e-01 4.05652e+00 -1.76248e-03
2.96953e-01 4.11690e+00 -1.24596e-03
2.96953e-01 4.17571e+00 -8.72845e-04
2.96953e-01 4.23287e+00 -6.06758e-04
2.96953e-01 4.28835e+00 -4.19154e-04
2.96953e-01 4.34207e+00 -2.88191e-04
2.96953e-01 4.39400e+00 -1.97529e-04
2.96953e-01 4.44407e+00 -1.35193e-04
2.96953e-01 4.49224e+00 -9.25543e-05
2.96953e-01 4.53847e+00 -6.34926e-05
2.96953e-01 4.58271e+00 -4.37234e-05
2.96953e-01 4.62491e+00 -3.02801e-05
2.96953e-01 4.66504e+00 -2.11273e-05
2.96953e-01 4.70305e+00 -1.48786e-05
2.96953e-01 4.73890e+00 -1.05948e-05
2.96953e-01 4.77257e+00 -7.64195e-06
2.96953e-01 4.80402e+00 -5.59297e-06
2.96953e-01 4.83322e+00 -4.16037e-06
2.96953e-01 4.86014e+00 -3.15041e-06
2.96953e-01 4.88475e+00 -2.43224e-06
2.96953e-01 4.90703e+00 -1.91720e-06
2.96953e-01 4.92696e+00 -1.54498e-06
2.96953e-01 4.94452e+00 -1.27438e-06
2.96953e-01 4.95969e+00 -1.07712e-06
2.96953e-01 4.97246e+00 -9.33757e-07
2.96953e-01 4.98281e+00 -8.30916e-07
2.96953e-01 4.99074e+00 -7.59494e-07
2.96953e-01 4.99623e+00 -7.13440e-07
2.96953e-01 4.99928e+00 -6.88979e-07
3.34963e-01 7.15683e-04 3.02527e-04
3.34963e-01 3.77012e-03 1.59363e-03
3.34963e-01 9.26216e-03 3.91458e-03
3.34963e-01 1.71877e-02 7.26130e-03
3.34963e-01 2.75390e-02 1.16241e-02
3.34963e-01 4.03061e-02 1.69848e-02
3.34963e-01 5.54766e-02 2.33126e-02
3.34963e-01 7.30356e-02 3.05591e-02
3.34963e-01 9.29659e-02 3.86534e-02
3.34963e-01 1.15248e-01 4.74969e-02
3.34963e-01 1.39860e-01 5.69594e-02
3.34963e-01 1.66779e-01 6.68759e-02
3.34963e-01 1.95977e-01 7.70471e-02
3.34963e-01 2.27426e-01 8.72420e-02
3.34963e-01 2.61096e-01 9.72051e-02
3.34963e-01 2.96953e-01 1.06668e-01
3.34963e-01 3.34963e-01 1.15366e-01
3.34963e-01 3.75089e-01 1.23052e-01
3.34963e-01 4.17290e-01 1.29523e-01
3.34963e-01 4.61527e-01 1.34629e-01
3.34963e-01 5.07755e-01 1.38293e-01
3.34963e-01 5.55930e-01 1.40512e-01
3.34963e-01 6.06005e-01 1.41355e-01
3.34963e-01 6.57930e-01 1.40957e-01
3.34963e-01 7.11655e-01 1.39496e-01
3.34963e-01 7.67127e-01 1.37182e-01
3.34963e-01 8.24292e-01 1.34232e-01
3.34963e-01 8.83095e-01 1.30857e-01
3.34963e-01 9.43478e-01 1.27247e-01
3.34963e-01 1.00538e+00 1.23564e-01
3.34963e-01 1.06875e+00 1.19941e-01
3.34963e-01 1.13351e+00 1.16475e-01
3.34963e-01 1.19960e+00 1.13234e-01
3.34963e-01 1.26697e+00 1.10257e-01
3.34963e-01 1.33555e+00 1.07558e-01
3.34963e-01 1.40526e+00 1.05130e-01
3.34963e-01 1.47604e+00 1.02941e-01
3.34963e-01 1.54782e+00 1.00944e-01
3.34963e-01 1.62053e+00 9.90619e-02
3.34963e-01 1.69410e+00 9.71938e-02
3.34963e-01 1.76846e+00 9.52001e-02
3.34963e-01 1.84353e+00 9.28953e-02
3.34963e-01 1.91924e+00 9.00369e-02
3.34963e-01 1.99553e+00 8.63184e-02
3.34963e-01 2.07230e+00 8.13712e-02
3.34963e-01 2.14949e+00 7.47841e-02
3.34963e-01 2.22703e+00 6.61493e-02
3.34963e-01 2.30483e+00 5.51437e-02
3.34963e-01 2.38282e+00 4.16441e-02
3.34963e-01 2.46093e+00 2.58614e-02
3.34963e-01 2.53907e+00 8.45508e-03
3.34963e-01 2.61718e+00 -9.43143e-03
3.34963e-01 2.69517e+00 -2.62768e-02
3.34963e-01 2.77297e+00 -4.04563e-02
3.34963e-01 2.85051e+00 -5.06351e-02
3.34963e-01 2.92770e+00 -5.61417e-02
3.34963e-01 3.00447e+00 -5.71448e-02
3.34963e-01 3.08076e+00 -5.45316e-02
3.34963e-01 3.15647e+00 -4.95462e-02
3.34963e-01 3.23154e+00 -4.33857e-02
3.34963e-01 3.30590e+00 -3.69450e-02
3.34963e-01 3.37947e+00 -3.07700e-02
3.34963e-01 3.45218e+00 -2.51416e-02
3.34963e-01 3.52396e+00 -2.01825e-02
3.34963e-01 3.59474e+00 -1.59287e-02
3.34963e-01 3.66445e+00 -1.23664e-02
3.34963e-01 3.73303e+00 -9.44941e-03
3.34963e-01 3.80040e+00 -7.11130e-03
3.34963e-01 3.86649e+00 -5.27482e-03
3.34963e-01 3.93125e+00 -3.85974e-03
3.34963e-01 3.99462e+00 -2.78884e-03
3.34963e-01 4.05652e+00 -1.99193e-03
3.34963e-01 4.11690e+00 -1.40806e-03
3.34963e-01 4.17571e+00 -9.86329e-04
3.34963e-01 4.23287e+00 -6.85601e-04
3.34963e-01 4.28835e+00 -4.73591e-04
3.34963e-01 4.34207e+00 -3.25601e-04
3.34963e-01 4.39400e+00 -2.23159e-04
3.34963e-01 4.44407e+00 -1.52727e-04
3.34963e-01 4.49224e+00 -1.04553e-04
3.34963e-01 4.53847e+00 -7.17210e-05
3.34963e-01 4.58271e+00 -4.93879e-05
3.34963e-01 4.62491e+00 -3.42018e-05
3.34963e-01 4.66504e+00 -2.38628e-05
3.34963e-01 4.70305e+00 -1.68045e-05
3.34963e-01 4.73890e+00 -1.19659e-05
3.34963e-01 4.77257e+00 -8.63066e-06
3.34963e-01 4.80402e+00 -6.31643e-06
3.34963e-01 4.83322e+00 -4.69842e-06
3.34963e-01 4.86014e+00 -3.55778e-06
3.34963e-01 4.88475e+00 -2.74669e-06
3.34963e-01 4.90703e+00 -2.16503e-06
3.34963e-01 4.92696e+00 -1.74468e-06
3.34963e-01 4.94452e+00 -1.43908e-06
3.34963e-01 4.95969e+00 -1.21632e-06
3.34963e-01 4.97246e+00 -1.05442e-06
3.34963e-01 4.98281e+00 -9.38281e-07
3.34963e-01 4.99074e+00 -8.57625e-07
3.34963e-01 4.99623e+00 -8.05618e-07
3.34963e-01 4.99928e+00 -7.77995e-07
3.75089e-01 7.15683e-04 3.17338e-04
3.75089e-01 3.77012e-03 1.67166e-03
3.75089e-01 9.26216e-03 4.10629e-03
3.75089e-01 1.71877e-02 7.61719e-03
3.75089e-01 2.75390e-02 1.21948e-02
3.75089e-01 4.03061e-02 1.78214e-02
3.75089e-01 5.54766e-02 2.44670e-02
3.75089e-01 7.30356e-02 3.20848e-02
3.75089e-01 9.29659e-02 4.06062e-02
3.75089e-01 1.15248e-01 4.99358e-02
3.75089e-01 1.39860e-01 5.99468e-02
3.75089e-01 1.66779e-01 7.04782e-02
3.75089e-01 1.95977e-01 8.13339e-02
3.75089e-01 2.27426e-01 9.22840e-02
3.75089e-01 2.61096e-01 1.03071e-01
3.75089e-01 2.96953e-01 1.13420e-01
3.75089e-01 3.34963e-01 1.23052e-01
3.75089e-01 3.75089e-01 1.31702e-01
3.75089e-01 4.17290e-01 1.39137e-01
3.75089e-01 4.61527e-01 1.45177e-01
3.75089e-01 5.07755e-01 1.49711e-01
3.75089e-01 5.55930e-01 1.52703e-01
3.75089e-01 6.06005e-01 1.54197e-01
3.75089e-01 6.57930e-01 1.54310e-01
3.75089e-01 7.11655e-01 1.53214e-01
3.75089e-01 7.67127e-01 1.51122e-01
3.75089e-01 8.24292e-01 1.48264e-01
3.75089e-01 8.83095e-01 1.44869e-01
3.75089e-01 9.43478e-01 1.41149e-01
3.75089e-01 1.00538e+00 1.37290e-01
3.75089e-01 1.06875e+00 1.33444e-01
3.75089e-01 1.13351e+00 1.29729e-01
3.75089e-01 1.19960e+00 1.26226e-01
3.75089e-01 1.26697e+00 1.22986e-01
3.75089e-01 1.33555e+00 1.20033e-01
3.75089e-01 1.40526e+00 1.17361e-01
3.75089e-01 1.47604e+00 1.14942e-01
3.75089e-01 1.54782e+00 1.12724e-01
3.75089e-01 1.62053e+00 1.10628e-01
3.75089e-01 1.69410e+00 1.08542e-01
3.75089e-01 1.76846e+00 1.06310e-01
3.75089e-01 1.84353e+00 1.03728e-01
3.75089e-01 1.91924e+00 1.00524e-01
3.75089e-01 1.99553e+00 9.63564e-02
3.75089e-01 2.07230e+00 9.08109e-02
3.75089e-01 2.14949e+00 8.34269e-02
3.75089e-01 2.22703e+00 7.37471e-02
3.75089e-01 2.30483e+00 6.14090e-02
3.75089e-01 2.38282e+00 4.62750e-02
3.75089e-01 2.46093e+00 2.85822e-02
3.75089e-01 2.53907e+00 9.07167e-03
3.75089e-01 2.61718e+00 -1.09730e-02
3.75089e-01 2.69517e+00 -2.98442e-02
3.75089e-01 2.77297e+00 -4.57191e-02
3.75089e-01 2.85051e+00 -5.71010e-02
3.75089e-01 2.92770e+00 -6.32384e-02
3.75089e-01 3.00447e+00 -6.43229e-02
3.75089e-01 3.08076e+00 -6.13520e-02
3.75089e-01 3.15647e+00 -5.57235e-02
3.75089e-01 3.23154e+00 -4.87814e-02
3.75089e-01 3.30590e+00 -4.15299e-02
3.75089e-01 3.37947e+00 -3.45813e-02
3.75089e-01 3.45218e+00 -2.82504e-02
3.75089e-01 3.52396e+00 -2.26741e-02
3.75089e-01 3.59474e+00 -1.78923e-02
3.75089e-01 3.66445e+00 -1.38887e-02
3.75089e-01 3.73303e+00 -1.06111e-02
3.75089e-01 3.80040e+00 -7.98455e-03
3.75089e-01 3.86649e+00 -5.92184e-03
3.75089e-01 3.93125e+00 -4.33270e-03
3.75089e-01 3.99462e+00 -3.13025e-03
3.75089e-01 4.05652e+00 -2.23556e-03
3.75089e-01 4.11690e+00 -1.58014e-03
3.75089e-01 4.17571e+00 -1.10678e-03
3.75089e-01 4.23287e+00 -7.69267e-04
3.75089e-01 4.28835e+00 -5.31346e-04
3.75089e-01 4.34207e+00 -3.65284e-04
3.75089e-01 4.39400e+00 -2.50341e-04
3.75089e-01 4.44407e+00 -1.71320e-04
3.75089e-01 4.49224e+00 -1.17276e-04
3.75089e-01 4.53847e+00 -8.04442e-05
3.75089e-01 4.58271e+00 -5.53923e-05
3.75089e-01 4.62491e+00 -3.83582e-05
3.75089e-01 4.66504e+00 -2.67617e-05
3.75089e-01 4.70305e+00 -1.88453e-05
3.75089e-01 4.73890e+00 -1.34186e-05
3.75089e-01 4.77257e+00 -9.67817e-06
3.75089e-01 4.80402e+00 -7.08287e-06
3.75089e-01 4.83322e+00 -5.26840e-06
3.75089e-01 4.86014e+00 -3.98929e-06
3.75089e-01 4.88475e+00 -3.07977e-06
3.75089e-01 4.90703e+00 -2.42753e-06
3.75089e-01 4.92696e+00 -1.95618e-06
3.75089e-01 4.94452e+00 -1.61351e-06
3.75089e-01 4.95969e+00 -1.36373e-06
3.75089e-01 4.97246e+00 -1.18220e-06
3.75089e-01 4.98281e+00 -1.05198e-06
3.75089e-01 4.99074e+00 -9.61542e-07
3.75089e-01 4.99623e+00 -9.03229e-07
3.75089e-01 4.99928e+00 -8.72258e-07
4.17290e-01 7.15683e-04 3.28264e-04
4.17290e-01 3.77012e-03 1.72921e-03
4.17290e-01 9.26216e-03 4.24773e-03
4.17290e-01 1.71877e-02 7.87985e-03
4.17290e-01 2.75390e-02 1.26164e-02
4.17290e-01 4.03061e-02 1.84403e-02
4.17290e-01 5.54766e-02 2.53232e-02
4.17290e-01 7.30356e-02 3.32208e-02
4.17290e-01 9.29659e-02 4.20682e-02
4.17290e-01 1.15248e-01 5.17753e-02
4.17290e-01 1.39860e-01 6.22218e-02
4.17290e-01 1.66779e-01 7.32544e-02
4.17290e-01 1.95977e-01 8.46846e-02
4.17290e-01 2.27426e-01 9.62896e-02
4.17290e-01 2.61096e-01 1.07816e-01
4.17290e-01 2.96953e-01 1.18989e-01
4.17290e-01 3.34963e-01 1.29523e-01
4.17290e-01 3.75089e-01 1.39137e-01
4.17290e-01 4.17290e-01 1.47575e-01
4.17290e-01 4.61527e-01 1.54627e-01
4.17290e-01 5.07755e-01 1.60143e-01
4.17290e-01 5.55930e-01 1.64052e-01
4.17290e-01 6.06005e-01 1.66360e-01
4.17290e-01 6.57930e-01 1.67158e-01
4.17290e-01 7.11655e-01 1.66601e-01
4.17290e-01 7.67127e-01 1.64895e-01
4.17290e-01 8.24292e-01 1.62278e-01
4.17290e-01 8.83095e-01 1.58991e-01
4.17290e-01 9.43478e-01 1.55269e-01
4.17290e-01 1.00538e+00 1.51318e-01
4.17290e-01 1.06875e+00 1.47316e-01
4.17290e-01 1.13351e+00 1.43399e-01
4.17290e-01 1.19960e+00 1.39669e-01
4.17290e-01 1.26697e+00 1.36190e-01
4.17290e-01 1.33555e+00 1.32995e-01
4.17290e-01 1.40526e+00 1.30086e-01
4.17290e-01 1.47604e+00 1.27438e-01
4.17290e-01 1.54782e+00 1.24998e-01
4.17290e-01 1.62053e+00 1.22682e-01
4.17290e-01 1.69410e+00 1.20368e-01
4.17290e-01 1.76846e+00 1.17888e-01
4.17290e-01 1.84353e+00 1.15014e-01
4.17290e-01 1.91924e+00 1.11447e-01
4.17290e-01 1.99553e+00 1.06806e-01
4.17290e-01 2.07230e+00 1.00630e-01
4.17290e-01 2.14949e+00 9.24052e-02
4.17290e-01 2.22703e+00 8.16229e-02
4.17290e-01 2.30483e+00 6.78787e-02
4.17290e-01 2.38282e+00 5.10197e-02
4.17290e-01 2.46093e+00 3.13113e-02
4.17290e-01 2.53907e+00 9.58061e-03
4.17290e-01 2.61718e+00 -1.27396e-02
4.17290e-01 2.69517e+00 -3.37445e-02
4.17290e-01 2.77297e+00 -5.14015e-02
4.17290e-01 2.85051e+00 -6.40431e-02
4.17290e-01 2.92770e+00 -7.08337e-02
4.17290e-01 3.00447e+00 -7.19899e-02
4.17290e-01 3.08076e+00 -6.86270e-02
4.17290e-01 3.15647e+00 -6.23058e-02
4.17290e-01 3.23154e+00 -5.45261e-02
4.17290e-01 3.30590e+00 -4.64079e-02
4.17290e-01 3.37947e+00 -3.86338e-02
4.17290e-01 3.45218e+00 -3.15540e-02
4.17290e-01 3.52396e+00 -2.53204e-02
4.17290e-01 3.59474e+00 -1.99767e-02
4.17290e-01 3.66445e+00 -1.55040e-02
4.17290e-01 3.73303e+00 -1.18433e-02
4.17290e-01 3.80040e+00 -8.91036e-03
4.17290e-01 3.86649e+00 -6.60755e-03
4.17290e-01 3.93125e+00 -4.83377e-03
4.17290e-01 3.99462e+00 -3.49183e-03
4.17290e-01 4.05652e+00 -2.49352e-03
4.17290e-01 4.11690e+00 -1.76228e-03
4.17290e-01 4.17571e+00 -1.23424e-03
4.17290e-01 4.23287e+00 -8.57780e-04
4.17290e-01 4.28835e+00 -5.92434e-04
4.17290e-01 4.34207e+00 -4.07248e-04
4.17290e-01 4.39400e+00 -2.79080e-04
4.17290e-01 4.44407e+00 -1.90975e-04
4.17290e-01 4.49224e+00 -1.30722e-04
4.17290e-01 4.53847e+00 -8.96624e-05
4.17290e-01 4.58271e+00 -6.17364e-05
4.17290e-01 4.62491e+00 -4.27493e-05
4.17290e-01 4.66504e+00 -2.98239e-05
4.17290e-01 4.70305e+00 -2.10008e-05
4.17290e-01 4.73890e+00 -1.49528e-05
4.17290e-01 4.77257e+00 -1.07843e-05
4.17290e-01 4.80402e+00 -7.89215e-06
4.17290e-01 4.83322e+00 -5.87019e-06
4.17290e-01 4.86014e+00 -4.44485e-06
4.17290e-01 4.88475e+00 -3.43138e-06
4.17290e-01 4.90703e+00 -2.70462e-06
4.17290e-01 4.92696e+00 -2.17942e-06
4.17290e-01 4.94452e+00 -1.79763e-06
4.17290e-01 4.95969e+00 -1.51932e-06
4.17290e-01 4.97246e+00 -1.31706e-06
4.17290e-01 4.98281e+00 -1.17197e-06
4.17290e-01 4.99074e+00 -1.07121e-06
4.17290e-01 4.99623e+00 -1.00625e-06
4.17290e-01 4.99928e+00 -9.71739e-07
4.61527e-01 7.15683e-04 3.35233e-04
4.61527e-01 3.77012e-03 1.76593e-03
4.61527e-01 9.26216e-03 4.33797e-03
4.61527e-01 1.71877e-02 8.04756e-03
4.61527e-01 2.75390e-02 1.28859e-02
4.61527e-01 4.03061e-02 1.88372e-02
4.61527e-01 5.54766e-02 2.58748e-02
4.61527e-01 7.30356e-02 3.39579e-02
4.61527e-01 9.29659e-02 4.30264e-02
4.61527e-01 1.15248e-01 5.29970e-02
4.61527e-01 1.39860e-01 6.37584e-02
4.61527e-01 1.66779e-01 7.51678e-02
4.61527e-01 1.95977e-01 8.70486e-02
4.61527e-01 2.27426e-01 9.91900e-02
4.61527e-01 2.61096e-01 1.11349e-01
4.61527e-01 2.96953e-01 1.23257e-01
4.61527e-01 3.34963e-01 1.34629e-01
4.61527e-01 3.75089e-01 1.45177e-01
4.61527e-01 4.17290e-01 1.54627e-01
4.61527e-01 4.61527e-01 1.62740e-01
4.61527e-01 5.07755e-01 1.69331e-01
4.61527e-01 5.55930e-01 1.74285e-01
4.61527e-01 6.06005e-01 1.77568e-01
4.61527e-01 6.57930e-01 1.79231e-01
4.61527e-01 7.11655e-01 1.79400e-01
4.61527e-01 7.67127e-01 1.78267e-01
4.61527e-01 8.24292e-01 1.76064e-01
4.61527e-01 8.83095e-01 1.73041e-01
4.61527e-01 9.43478e-01 1.69448e-01
4.61527e-01 1.00538e+00 1.65516e-01
4.61527e-01 1.06875e+00 1.61444e-01
4.61527e-01 1.13351e+00 1.57393e-01
4.61527e-01 1.19960e+00 1.53484e-01
4.61527e-01 1.26697e+00 1.49800e-01
4.61527e-01 1.33555e+00 1.46385e-01
4.61527e-01 1.40526e+00 1.43252e-01
4.61527e-01 1.47604e+00 1.40380e-01
4.61527e-01 1.54782e+00 1.37718e-01
4.61527e-01 1.62053e+00 1.35178e-01
4.61527e-01 1.69410e+00 1.32630e-01
4.61527e-01 1.76846e+00 1.29892e-01
4.61527e-01 1.84353e+00 1.26715e-01
4.61527e-01 1.91924e+00 1.22767e-01
4.61527e-01 1.99553e+00 1.17629e-01
4.61527e-01 2.07230e+00 1.10790e-01
4.61527e-01 2.14949e+00 1.01682e-01
4.61527e-01 2.22703e+00 8.97406e-02
4.61527e-01 2.30483e+00 7.45171e-02
4.61527e-01 2.38282e+00 5.58427e-02
4.61527e-01 2.46093e+00 3.40131e-02
4.61527e-01 2.53907e+00 9.94696e-03
4.61527e-01 2.61718e+00 -1.47654e-02
4.61527e-01 2.69517e+00 -3.80105e-02
4.61527e-01 2.77297e+00 -5.75346e-02
4.61527e-01 2.85051e+00 -7.14900e-02
4.61527e-01 2.92770e+00 -7.89530e-02
4.61527e-01 3.00447e+00 -8.01678e-02
4.61527e-01 3.08076e+00 -7.63749e-02
4.61527e-01 3.15647e+00 -6.93078e-02
4.61527e-01 3.23154e+00 -6.06314e-02
4.61527e-01 3.30590e+00 -5.15880e-02
4.61527e-01 3.37947e+00 -4.29341e-02
4.61527e-01 3.45218e+00 -3.50572e-02
4.61527e-01 3.52396e+00 -2.81249e-02
4.61527e-01 3.59474e+00 -2.21845e-02
4.61527e-01 3.66445e+00 -1.72140e-02
4.61527e-01 3.73303e+00 -1.31471e-02
4.61527e-01 3.80040e+00 -9.88954e-03
4.61527e-01 3.86649e+00 -7.33248e-03
4.61527e-01 3.93125e+00 -5.36328e-03
4.61527e-01 3.99462e+00 -3.87380e-03
4.61527e-01 4.05652e+00 -2.76592e-03
4.61527e-01 4.11690e+00 -1.95457e-03
4.61527e-01 4.17571e+00 -1.36875e-03
4.61527e-01 4.23287e+00 -9.51167e-04
4.61527e-01 4.28835e+00 -6.56870e-04
4.61527e-01 4.34207e+00 -4.51501e-04
4.61527e-01 4.39400e+00 -3.09381e-04
4.61527e-01 4.44407e+00 -2.11693e-04
4.61527e-01 4.49224e+00 -1.44893e-04
4.61527e-01 4.53847e+00 -9.93756e-05
4.61527e-01 4.58271e+00 -6.84201e-05
4.61527e-01 4.62491e+00 -4.73747e-05
4.61527e-01 4.66504e+00 -3.30491e-05
4.61527e-01 4.70305e+00 -2.32707e-05
4.61527e-01 4.73890e+00 -1.65682e-05
4.61527e-01 4.77257e+00 -1.19489e-05
4.61527e-01 4.80402e+00 -8.74409e-06
4.61527e-01 4.83322e+00 -6.50364e-06
4.61527e-01 4.86014e+00 -4.92434e-06
4.61527e-01 4.88475e+00 -3.80144e-06
4.61527e-01 4.90703e+00 -2.99622e-06
4.61527e-01 4.92696e+00 -2.41435e-06
4.61527e-01 4.94452e+00 -1.99136e-06
4.61527e-01 4.95969e+00 -1.68303e-06
4.61527e-01 4.97246e+00 -1.45896e-06
4.61527e-01 4.98281e+00 -1.29823e-06
4.61527e-01 4.99074e+00 -1.18660e-06
4.61527e-01 4.99623e+00 -1.11463e-06
4.61527e-01 4.99928e+00 -1.07640e-06
5.07755e-01 7.15683e-04 3.38387e-04
5.07755e-01 3.77012e-03 1.78255e-03
5.07755e-01 9.26216e-03 4.37886e-03
5.07755e-01 1.71877e-02 8.12370e-03
5.07755e-01 2.75390e-02 1.30089e-02
5.07755e-01 4.03061e-02 1.90197e-02
5.07755e-01 5.54766e-02 2.61320e-02
5.07755e-01 7.30356e-02 3.43086e-02
5.07755e-01 9.29659e-02 4.34951e-02
5.07755e-01 1.15248e-01 5.36161e-02
5.07755e-01 1.39860e-01 6.45706e-02
5.07755e-01 1.66779e-01 7.62290e-02
5.07755e-01 1.95977e-01 8.84292e-02
5.07755e-01 2.27426e-01 1.00977e-01
5.07755e-01 2.61096e-01 1.13644e-01
5.07755e-01 2.96953e-01 1.26175e-01
5.07755e-01 3.34963e-01 1.38293e-01
5.07755e-01 3.75089e-01 1.49711e-01
5.07755e-01 4.17290e-01 1.60143e-01
5.07755e-01 4.61527e-01 1.69331e-01
5.07755e-01 5.07755e-01 1.77055e-01
5.07755e-01 5.55930e-01 1.83158e-01
5.07755e-01 6.06005e-01 1.87558e-01
5.07755e-01 6.57930e-01 1.90260e-01
5.07755e-01 7.11655e-01 1.91350e-01
5.07755e-01 7.67127e-01 1.90989e-01
5.07755e-01 8.24292e-01 1.89394e-01
5.07755e-01 8.83095e-01 1.86815e-01
5.07755e-01 9.43478e-01 1.83512e-01
5.07755e-01 1.00538e+00 1.79733e-01
5.07755e-01 1.06875e+00 1.75700e-01
5.07755e-01 1.13351e+00 1.71601e-01
5.07755e-01 1.19960e+00 1.67578e-01
5.07755e-01 1.26697e+00 1.63735e-01
5.07755e-01 1.33555e+00 1.60133e-01
5.07755e-01 1.40526e+00 1.56796e-01
5.07755e-01 1.47604e+00 1.53712e-01
5.07755e-01 1.54782e+00 1.50833e-01
5.07755e-01 1.62053e+00 1.48069e-01
5.07755e-01 1.69410e+00 1.45283e-01
5.07755e-01 1.76846e+00 1.42279e-01
5.07755e-01 1.84353e+00 1.38786e-01
5.07755e-01 1.91924e+00 1.34442e-01
5.07755e-01 1.99553e+00 1.28784e-01
5.07755e-01 2.07230e+00 1.21252e-01
5.07755e-01 2.14949e+00 1.11219e-01
5.07755e-01 2.22703e+00 9.80615e-02
5.07755e-01 2.30483e+00 8.12857e-02
5.07755e-01 2.38282e+00 6.07060e-02
5.07755e-01 2.46093e+00 3.66499e-02
5.07755e-01 2.53907e+00 1.01331e-02
5.07755e-01 2.61718e+00 -1.70875e-02
5.07755e-01 2.69517e+00 -4.26785e-02
5.07755e-01 2.77297e+00 -6.41525e-02
5.07755e-01 2.85051e+00 -7.94730e-02
5.07755e-01 2.92770e+00 -8.76243e-02
5.07755e-01 3.00447e+00 -8.88806e-02
5.07755e-01 3.08076e+00 -8.46156e-02
5.07755e-01 3.15647e+00 -7.67458e-02
5.07755e-01 3.23154e+00 -6.71100e-02
5.07755e-01 3.30590e+00 -5.70799e-02
5.07755e-01 3.37947e+00 -4.74896e-02
5.07755e-01 3.45218e+00 -3.87656e-02
5.07755e-01 3.52396e+00 -3.10916e-02
5.07755e-01 3.59474e+00 -2.45185e-02
5.07755e-01 3.66445e+00 -1.90206e-02
5.07755e-01 3.73303e+00 -1.45238e-02
5.07755e-01 3.80040e+00 -1.09229e-02
5.07755e-01 3.86649e+00 -8.09718e-03
5.07755e-01 3.93125e+00 -5.92160e-03
5.07755e-01 3.99462e+00 -4.27638e-03
5.07755e-01 4.05652e+00 -3.05291e-03
5.07755e-01 4.11690e+00 -2.15707e-03
5.07755e-01 4.17571e+00 -1.51037e-03
5.07755e-01 4.23287e+00 -1.04945e-03
5.07755e-01 4.28835e+00 -7.24665e-04
5.07755e-01 4.34207e+00 -4.98049e-04
5.07755e-01 4.39400e+00 -3.41244e-04
5.07755e-01 4.44407e+00 -2.33474e-04
5.07755e-01 4.49224e+00 -1.59788e-04
5.07755e-01 4.53847e+00 -1.09583e-04
5.07755e-01 4.58271e+00 -7.54426e-05
5.07755e-01 4.62491e+00 -5.22337e-05
5.07755e-01 4.66504e+00 -3.64365e-05
5.07755e-01 4.70305e+00 -2.56544e-05
5.07755e-01 4.73890e+00 -1.82645e-05
5.07755e-01 4.77257e+00 -1.31716e-05
5.07755e-01 4.80402e+00 -9.63843e-06
5.07755e-01 4.83322e+00 -7.16855e-06
5.07755e-01 4.86014e+00 -5.42759e-06
5.07755e-01 4.88475e+00 -4.18980e-06
5.07755e-01 4.90703e+00 -3.30223e-06
5.07755e-01 4.92696e+00 -2.66086e-06
5.07755e-01 4.94452e+00 -2.19464e-06
5.07755e-01 4.95969e+00 -1.85480e-06
5.07755e-01 4.97246e+00 -1.60783e-06
5.07755e-01 4.98281e+00 -1.43068e-06
5.07755e-01 4.99074e+00 -1.30766e-06
5.07755e-01 4.99623e+00 -1.22833e-06
5.07755e-01 4.99928e+00 -1.18620e-06
5.55930e-01 7.15683e-04 3.38053e-04
5.55930e-01 3.77012e-03 1.78079e-03
5.55930e-01 9.26216e-03 4.37459e-03
5.55930e-01 1.71877e-02 8.11607e-03
5.55930e-01 2.75390e-02 1.29976e-02
5.55930e-01 4.03061e-02 1.90059e-02
5.55930e-01 5.54766e-02 2.61192e-02
5.55930e-01 7.30356e-02 3.43042e-02
5.55930e-01 9.29659e-02 4.35126e-02
5.55930e-01 1.15248e-01 5.36775e-02
5.55930e-01 1.39860e-01 6.47090e-02
5.55930e-01 1.66779e-01 7.64916e-02
5.55930e-01 1.95977e-01 8.88800e-02
5.55930e-01 2.27426e-01 1.01698e-01
5.55930e-01 2.61096e-01 1.14739e-01
5.55930e-01 2.96953e-01 1.27764e-01
5.55930e-01 3.34963e-01 1.40512e-01
5.55930e-01 3.75089e-01 1.52703e-01
5.55930e-01 4.17290e-01 1.64052e-01
5.55930e-01 4.61527e-01 1.74285e-01
5.55930e-01 5.07755e-01 1.83158e-01
5.55930e-01 5.55930e-01 1.90474e-01
5.55930e-01 6.06005e-01 1.96104e-01
5.55930e-01 6.57930e-01 1.99998e-01
5.55930e-01 7.11655e-01 2.02193e-01
5.55930e-01 7.67127e-01 2.02808e-01
5.55930e-01 8.24292e-01 2.02030e-01
5.55930e-01 8.83095e-01 2.00094e-01
5.55930e-01 9.43478e-01 1.97262e-01
5.55930e-01 1.00538e+00 1.93796e-01
5.55930e-01 1.06875e+00 1.89936e-01
5.55930e-01 1.13351e+00 1.85896e-01
5.55930e-01 1.19960e+00 1.81842e-01
5.55930e-01 1.26697e+00 1.77903e-01
5.55930e-01 1.33555e+00 1.74158e-01
5.55930e-01 1.40526e+00 1.70648e-01
5.55930e-01 1.47604e+00 1.67371e-01
5.55930e-01 1.54782e+00 1.64285e-01
5.55930e-01 1.62053e+00 1.61300e-01
5.55930e-01 1.69410e+00 1.58275e-01
5.55930e-01 1.76846e+00 1.55000e-01
5.55930e-01 1.84353e+00 1.51181e-01
5.55930e-01 1.91924e+00 1.46426e-01
5.55930e-01 1.99553e+00 1.40228e-01
5.55930e-01 2.07230e+00 1.31974e-01
5.55930e-01 2.14949e+00 1.20974e-01
5.55930e-01 2.22703e+00 1.06545e-01
5.55930e-01 2.30483e+00 8.81447e-02
5.55930e-01 2.38282e+00 6.55698e-02
5.55930e-01 2.46093e+00 3.91819e-02
5.55930e-01 2.53907e+00 1.00993e-02
5.55930e-01 2.61718e+00 -1.97452e-02
5.55930e-01 2.69517e+00 -4.77864e-02
5.55930e-01 2.77297e+00 -7.12916e-02
5.55930e-01 2.85051e+00 -8.80256e-02
5.55930e-01 2.92770e+00 -9.68773e-02
5.55930e-01 3.00447e+00 -9.81541e-02
5.55930e-01 3.08076e+00 -9.33706e-02
5.55930e-01 3.15647e+00 -8.46368e-02
5.55930e-01 3.23154e+00 -7.39755e-02
5.55930e-01 3.30590e+00 -6.28940e-02
5.55930e-01 3.37947e+00 -5.23079e-02
5.55930e-01 3.45218e+00 -4.26848e-02
5.55930e-01 3.52396e+00 -3.42245e-02
5.55930e-01 3.59474e+00 -2.69814e-02
5.55930e-01 3.66445e+00 -2.09258e-02
5.55930e-01 3.73303e+00 -1.59746e-02
5.55930e-01 3.80040e+00 -1.20114e-02
5.55930e-01 3.86649e+00 -8.90218e-03
5.55930e-01 3.93125e+00 -6.50903e-03
5.55930e-01 3.99462e+00 -4.69975e-03
5.55930e-01 4.05652e+00 -3.35459e-03
5.55930e-01 4.11690e+00 -2.36986e-03
5.55930e-01 4.17571e+00 -1.65912e-03
5.55930e-01 4.23287e+00 -1.15265e-03
5.55930e-01 4.28835e+00 -7.95826e-04
5.55930e-01 4.34207e+00 -5.46892e-04
5.55930e-01 4.39400e+00 -3.74668e-04
5.55930e-01 4.44407e+00 -2.56317e-04
5.55930e-01 4.49224e+00 -1.75405e-04
5.55930e-01 4.53847e+00 -1.20283e-04
5.55930e-01 4.58271e+00 -8.28021e-05
5.55930e-01 4.62491e+00 -5.73249e-05
5.55930e-01 4.66504e+00 -3.99852e-05
5.55930e-01 4.70305e+00 -2.81512e-05
5.55930e-01 4.73890e+00 -2.00409e-05
5.55930e-01 4.77257e+00 -1.44519e-05
5.55930e-01 4.80402e+00 -1.05748e-05
5.55930e-01 4.83322e+00 -7.86459e-06
5.55930e-01 4.86014e+00 -5.95436e-06
5.55930e-01 4.88475e+00 -4.59627e-06
5.55930e-01 4.90703e+00 -3.62247e-06
5.55930e-01 4.92696e+00 -2.91882e-06
5.55930e-01 4.94452e+00 -2.40734e-06
5.55930e-01 4.95969e+00 -2.03452e-06
5.55930e-01 4.97246e+00 -1.76359e-06
5.55930e-01 4.98281e+00 -1.56926e-06
5.55930e-01 4.99074e+00 -1.43430e-06
5.55930e-01 4.99623e+00 -1.34729e-06
5.55930e-01 4.99928e+00 -1.30107e-06
6.06005e-01 7.15683e-04 3.34694e-04
6.06005e-01 3.77012e-03 1.76310e-03
6.06005e-01 9.26216e-03 4.33118e-03
6.06005e-01 1.71877e-02 8.03577e-03
6.06005e-01 2.75390e-02 1.28699e-02
6.06005e-01 4.03061e-02 1.88216e-02
6.06005e-01 5.54766e-02 2.58716e-02
6.06005e-01 7.30356e-02 3.39904e-02
6.06005e-01 9.29659e-02 4.31358e-02
6.06005e-01 1.15248e-01 5.32493e-02
6.06005e-01 1.39860e-01 6.42525e-02
6.06005e-01 1.66779e-01 7.60441e-02
6.06005e-01 1.95977e-01 8.84966e-02
6.06005e-01 2.27426e-01 1.01454e-01
6.06005e-01 2.61096e-01 1.14731e-01
6.06005e-01 2.96953e-01 1.28112e-01
6.06005e-01 3.34963e-01 1.41355e-01
6.06005e-01 3.75089e-01 1.54197e-01
6.06005e-01 4.17290e-01 1.66360e-01
6.06005e-01 4.61527e-01 1.77568e-01
6.06005e-01 5.07755e-01 1.87558e-01
6.06005e-01 5.55930e-01 1.96104e-01
6.06005e-01 6.06005e-01 2.03030e-01
6.06005e-01 6.57930e-01 2.08234e-01
6.06005e-01 7.11655e-01 2.11695e-01
6.06005e-01 7.67127e-01 2.13477e-01
6.06005e-01 8.24292e-01 2.13724e-01
6.06005e-01 8.83095e-01 2.12645e-01
6.06005e-01 9.43478e-01 2.10486e-01
6.06005e-01 1.00538e+00 2.07514e-01
6.06005e-01 1.06875e+00 2.03986e-01
6.06005e-01 1.13351e+00 2.00134e-01
6.06005e-01 1.19960e+00 1.96154e-01
6.06005e-01 1.26697e+00 1.92197e-01
6.06005e-01 1.33555e+00 1.88369e-01
6.06005e-01 1.40526e+00 1.84727e-01
6.06005e-01 1.47604e+00 1.81284e-01
6.06005e-01 1.54782e+00 1.78008e-01
6.06005e-01 1.62053e+00 1.74812e-01
6.06005e-01 1.69410e+00 1.71550e-01
6.06005e-01 1.76846e+00 1.68001e-01
6.06005e-01 1.84353e+00 1.63850e-01
6.06005e-01 1.91924e+00 1.58672e-01
6.06005e-01 1.99553e+00 1.51915e-01
6.06005e-01 2.07230e+00 1.42911e-01
6.06005e-01 2.14949e+00 1.30905e-01
6.06005e-01 2.22703e+00 1.15150e-01
6.06005e-01 2.30483e+00 9.50533e-02
6.06005e-01 2.38282e+00 7.03937e-02
6.06005e-01 2.46093e+00 4.15688e-02
6.06005e-01 2.53907e+00 9.80542e-03
6.06005e-01 2.61718e+00 -2.27785e-02
6.06005e-01 2.69517e+00 -5.33735e-02
6.06005e-01 2.77297e+00 -7.89893e-02
6.06005e-01 2.85051e+00 -9.71825e-02
6.06005e-01 2.92770e+00 -1.06743e-01
6.06005e-01 3.00447e+00 -1.08015e-01
6.06005e-01 3.08076e+00 -1.02662e-01
6.06005e-01 3.15647e+00 -9.29986e-02
6.06005e-01 3.23154e+00 -8.12414e-02
6.06005e-01 3.30590e+00 -6.90404e-02
6.06005e-01 3.37947e+00 -5.73967e-02
6.06005e-01 3.45218e+00 -4.68201e-02
6.06005e-01 3.52396e+00 -3.75274e-02
6.06005e-01 3.59474e+00 -2.95759e-02
6.06005e-01 3.66445e+00 -2.29313e-02
6.06005e-01 3.73303e+00 -1.75008e-02
6.06005e-01 3.80040e+00 -1.31556e-02
6.06005e-01 3.86649e+00 -9.74790e-03
6.06005e-01 3.93125e+00 -7.12584e-03
6.06005e-01 3.99462e+00 -5.14406e-03
6.06005e-01 4.05652e+00 -3.67104e-03
6.06005e-01 4.11690e+00 -2.59296e-03
6.06005e-01 4.17571e+00 -1.81501e-03
6.06005e-01 4.23287e+00 -1.26076e-03
6.06005e-01 4.28835e+00 -8.70345e-04
6.06005e-01 4.34207e+00 -5.98023e-04
6.06005e-01 4.39400e+00 -4.09647e-04
6.06005e-01 4.44407e+00 -2.80215e-04
6.06005e-01 4.49224e+00 -1.91738e-04
6.06005e-01 4.53847e+00 -1.31470e-04
6.06005e-01 4.58271e+00 -9.04953e-05
6.06005e-01 4.62491e+00 -6.26457e-05
6.06005e-01 4.66504e+00 -4.36931e-05
6.06005e-01 4.70305e+00 -3.07595e-05
6.06005e-01 4.73890e+00 -2.18963e-05
6.06005e-01 4.77257e+00 -1.57890e-05
6.06005e-01 4.80402e+00 -1.15525e-05
6.06005e-01 4.83322e+00 -8.59129e-06
6.06005e-01 4.86014e+00 -6.50425e-06
6.06005e-01 4.88475e+00 -5.02053e-06
6.06005e-01 4.90703e+00 -3.95671e-06
6.06005e-01 4.92696e+00 -3.18803e-06
6.06005e-01 4.94452e+00 -2.62930e-06
6.06005e-01 4.95969e+00 -2.22206e-06
6.06005e-01 4.97246e+00 -1.92611e-06
6.06005e-01 4.98281e+00 -1.71384e-06
6.06005e-01 4.99074e+00 -1.56643e-06
6.06005e-01 4.99623e+00 -1.47139e-06
6.06005e-01 4.99928e+00 -1.42091e-06
6.57930e-01 7.15683e-04 3.28856e-04
6.57930e-01 3.77012e-03 1.73235e-03
6.57930e-01 9.26216e-03 4.25568e-03
6.57930e-01 1.71877e-02 7.89592e-03
6.57930e-01 2.75390e-02 1.26468e-02
6.57930e-01 4.03061e-02 1.84974e-02
6.57930e-01 5.54766e-02 2.54309e-02
6.57930e-01 7.30356e-02 3.34217e-02
6.57930e-01 9.29659e-02 4.24332e-02
6.57930e-01 1.15248e-01 5.24149e-02
6.57930e-01 1.39860e-01 6.32993e-02
6.57930e-01 1.66779e-01 7.49991e-02
6.57930e-01 1.95977e-01 8.74042e-02
6.57930e-01 2.27426e-01 1.00379e-01
6.57930e-01 2.61096e-01 1.13761e-01
6.57930e-01 2.96953e-01 1.27360e-01
6.57930e-01 3.34963e-01 1.40957e-01
6.57930e-01 3.75089e-01 1.54310e-01
6.57930e-01 4.17290e-01 1.67158e-01
6.57930e-01 4.61527e-01 1.79231e-01
6.57930e-01 5.07755e-01 1.90260e-01
6.57930e-01 5.55930e-01 1.99998e-01
6.57930e-01 6.06005e-01 2.08234e-01
6.57930e-01 6.57930e-01 2.14815e-01
6.57930e-01 7.11655e-01 2.19660e-01
6.57930e-01 7.67127e-01 2.22773e-01
6.57930e-01 8.24292e-01 2.24242e-01
6.57930e-01 8.83095e-01 2.24230e-01
6.57930e-01 9.43478e-01 2.22957e-01
6.57930e-01 1.00538e+00 2.20680e-01
6.57930e-01 1.06875e+00 2.17662e-01
6.57930e-01 1.13351e+00 2.14153e-01
6.57930e-01 1.19960e+00 2.10372e-01
6.57930e-01 1.26697e+00 2.06497e-01
6.57930e-01 1.33555e+00 2.02659e-01
6.57930e-01 1.40526e+00 1.98940e-01
6.57930e-01 1.47604e+00 1.95370e-01
6.57930e-01 1.54782e+00 1.91929e-01
6.57930e-01 1.62053e+00 1.88537e-01
6.57930e-01 1.69410e+00 1.85047e-01
6.57930e-01 1.76846e+00 1.81226e-01
6.57930e-01 1.84353e+00 1.76740e-01
6.57930e-01 1.91924e+00 1.71130e-01
6.57930e-01 1.99553e+00 1.63799e-01
6.57930e-01 2.07230e+00 1.54019e-01
6.57930e-01 2.14949e+00 1.40969e-01
6.57930e-01 2.22703e+00 1.23835e-01
6.57930e-01 2.30483e+00 1.01972e-01
6.57930e-01 2.38282e+00 7.51384e-02
6.57930e-01 2.46093e+00 4.37714e-02
6.57930e-01 2.53907e+00 9.21179e-03
6.57930e-01 2.61718e+00 -2.62270e-02
6.57930e-01 2.69517e+00 -5.94788e-02
6.57930e-01 2.77297e+00 -8.72828e-02
6.57930e-01 2.85051e+00 -1.06978e-01
6.57930e-01 2.92770e+00 -1.17253e-01
6.57930e-01 3.00447e+00 -1.18489e-01
6.57930e-01 3.08076e+00 -1.12511e-01
6.57930e-01 3.15647e+00 -1.01848e-01
6.57930e-01 3.23154e+00 -8.89210e-02
6.57930e-01 3.30590e+00 -7.55291e-02
6.57930e-01 3.37947e+00 -6.27630e-02
6.57930e-01 3.45218e+00 -5.11766e-02
6.57930e-01 3.52396e+00 -4.10036e-02
6.57930e-01 3.59474e+00 -3.23042e-02
6.57930e-01 3.66445e+00 -2.50385e-02
6.57930e-01 3.73303e+00 -1.91032e-02
6.57930e-01 3.80040e+00 -1.43561e-02
6.57930e-01 3.86649e+00 -1.06346e-02
6.57930e-01 3.93125e+00 -7.77215e-03
6.57930e-01 3.99462e+00 -5.60935e-03
6.57930e-01 4.05652e+00 -4.00224e-03
6.57930e-01 4.11690e+00 -2.82634e-03
6.57930e-01 4.17571e+00 -1.97801e-03
6.57930e-01 4.23287e+00 -1.37375e-03
6.57930e-01 4.28835e+00 -9.48195e-04
6.57930e-01 4.34207e+00 -6.51418e-04
6.57930e-01 4.39400e+00 -4.46162e-04
6.57930e-01 4.44407e+00 -3.05153e-04
6.57930e-01 4.49224e+00 -2.08778e-04
6.57930e-01 4.53847e+00 -1.43138e-04
6.57930e-01 4.58271e+00 -9.85167e-05
6.57930e-01 4.62491e+00 -6.81921e-05
6.57930e-01 4.66504e+00 -4.75574e-05
6.57930e-01 4.70305e+00 -3.34773e-05
6.57930e-01 4.73890e+00 -2.38292e-05
6.57930e-01 4.77257e+00 -1.71815e-05
6.57930e-01 4.80402e+00 -1.25706e-05
6.57930e-01 4.83322e+00 -9.34793e-06
6.57930e-01 4.86014e+00 -7.07673e-06
6.57930e-01 4.88475e+00 -5.46217e-06
6.57930e-01 4.90703e+00 -4.30459e-06
6.57930e-01 4.92696e+00 -3.46820e-06
6.57930e-01 4.94452e+00 -2.86028e-06
6.57930e-01 4.95969e+00 -2.41719e-06
6.57930e-01 4.97246e+00 -2.09521e-06
6.57930e-01 4.98281e+00 -1.86427e-06
6.57930e-01 4.99074e+00 -1.70390e-06
6.57930e-01 4.99623e+00 -1.60050e-06
6.57930e-01 4.99928e+00 -1.54558e-06
7.11655e-01 7.15683e-04 3.21120e-04
7.11655e-01 3.77012e-03 1.69160e-03
7.11655e-01 9.26216e-03 4.15561e-03
7.11655e-01 1.71877e-02 7.71045e-03
7.11655e-01 2.75390e-02 1.23504e-02
7.11655e-01 4.03061e-02 1.80658e-02
7.11655e-01 5.54766e-02 2.48420e-02
7.11655e-01 7.30356e-02 3.26566e-02
7.11655e-01 9.29659e-02 4.14785e-02
7.11655e-01 1.15248e-01 5.12643e-02
7.11655e-01 1.39860e-01 6.19569e-02
7.11655e-01 1.66779e-01 7.34818e-02
7.11655e-01 1.95977e-01 8.57453e-02
7.11655e-01 2.27426e-01 9.86314e-02
7.11655e-01 2.61096e-01 1.12000e-01
7.11655e-01 2.96953e-01 1.25686e-01
7.11655e-01 3.34963e-01 1.39496e-01
7.11655e-01 3.75089e-01 1.53214e-01
7.11655e-01 4.17290e-01 1.66601e-01
7.11655e-01 4.61527e-01 1.79400e-01
7.11655e-01 5.07755e-01 1.91350e-01
7.11655e-01 5.55930e-01 2.02193e-01
7.11655e-01 6.06005e-01 2.11695e-01
7.11655e-01 6.57930e-01 2.19660e-01
7.11655e-01 7.11655e-01 2.25954e-01
7.11655e-01 7.67127e-01 2.30517e-01
7.11655e-01 8.24292e-01 2.33371e-01
7.11655e-01 8.83095e-01 2.34621e-01
7.11655e-01 9.43478e-01 2.34446e-01
7.11655e-01 1.00538e+00 2.33075e-01
7.11655e-01 1.06875e+00 2.30764e-01
7.11655e-01 1.13351e+00 2.27771e-01
7.11655e-01 1.19960e+00 2.24337e-01
7.11655e-01 1.26697e+00 2.20663e-01
7.11655e-01 1.33555e+00 2.16910e-01
7.11655e-01 1.40526e+00 2.13183e-01
7.11655e-01 1.47604e+00 2.09538e-01
7.11655e-01 1.54782e+00 2.05968e-01
7.11655e-01 1.62053e+00 2.02405e-01
7.11655e-01 1.69410e+00 1.98701e-01
7.11655e-01 1.76846e+00 1.94617e-01
7.11655e-01 1.84353e+00 1.89797e-01
7.11655e-01 1.91924e+00 1.83751e-01
7.11655e-01 1.99553e+00 1.75833e-01
7.11655e-01 2.07230e+00 1.65255e-01
7.11655e-01 2.14949e+00 1.51127e-01
7.11655e-01 2.22703e+00 1.32564e-01
7.11655e-01 2.30483e+00 1.08863e-01
7.11655e-01 2.38282e+00 7.97676e-02
7.11655e-01 2.46093e+00 4.57531e-02
7.11655e-01 2.53907e+00 8.28173e-03
7.11655e-01 2.61718e+00 -3.01275e-02
7.11655e-01 2.69517e+00 -6.61387e-02
7.11655e-01 2.77297e+00 -9.62074e-02
7.11655e-01 2.85051e+00 -1.17446e-01
7.11655e-01 2.92770e+00 -1.28435e-01
7.11655e-01 3.00447e+00 -1.29602e-01
7.11655e-01 3.08076e+00 -1.22938e-01
7.11655e-01 3.15647e+00 -1.11202e-01
7.11655e-01 3.23154e+00 -9.70262e-02
7.11655e-01 3.30590e+00 -8.23687e-02
7.11655e-01 3.37947e+00 -6.84129e-02
7.11655e-01 3.45218e+00 -5.57583e-02
7.11655e-01 3.52396e+00 -4.46559e-02
7.11655e-01 3.59474e+00 -3.51680e-02
7.11655e-01 3.66445e+00 -2.72482e-02
7.11655e-01 3.73303e+00 -2.07822e-02
7.11655e-01 3.80040e+00 -1.56129e-02
7.11655e-01 3.86649e+00 -1.15623e-02
7.11655e-01 3.93125e+00 -8.44786e-03
7.11655e-01 3.99462e+00 -6.09550e-03
7.11655e-01 4.05652e+00 -4.34809e-03
7.11655e-01 4.11690e+00 -3.06990e-03
7.11655e-01 4.17571e+00 -2.14803e-03
7.11655e-01 4.23287e+00 -1.49155e-03
7.11655e-01 4.28835e+00 -1.02932e-03
7.11655e-01 4.34207e+00 -7.07037e-04
7.11655e-01 4.39400e+00 -4.84182e-04
7.11655e-01 4.44407e+00 -3.31111e-04
7.11655e-01 4.49224e+00 -2.26507e-04
7.11655e-01 4.53847e+00 -1.55274e-04
7.11655e-01 4.58271e+00 -1.06858e-04
7.11655e-01 4.62491e+00 -7.39578e-05
7.11655e-01 4.66504e+00 -5.15735e-05
7.11655e-01 4.70305e+00 -3.63011e-05
7.11655e-01 4.73890e+00 -2.58370e-05
7.11655e-01 4.77257e+00 -1.86279e-05
7.11655e-01 4.80402e+00 -1.36279e-05
7.11655e-01 4.83322e+00 -1.01335e-05
7.11655e-01 4.86014e+00 -7.67099e-06
7.11655e-01 4.88475e+00 -5.92055e-06
7.11655e-01 4.90703e+00 -4.66561e-06
7.11655e-01 4.92696e+00 -3.75893e-06
7.11655e-01 4.94452e+00 -3.09993e-06
7.11655e-01 4.95969e+00 -2.61965e-06
7.11655e-01 4.97246e+00 -2.27064e-06
7.11655e-01 4.98281e+00 -2.02033e-06
7.11655e-01 4.99074e+00 -1.84650e-06
7.11655e-01 4.99623e+00 -1.73443e-06
7.11655e-01 4.99928e+00 -1.67491e-06
7.67127e-01 7.15683e-04 3.12053e-04
7.67127e-01 3.77012e-03 1.64384e-03
7.67127e-01 9.26216e-03 4.03831e-03
7.67127e-01 1.71877e-02 7.49299e-03
7.67127e-01 2.75390e-02 1.20026e-02
7.67127e-01 4.03061e-02 1.75588e-02
7.67127e-01 5.54766e-02 2.41485e-02
7.67127e-01 7.30356e-02 3.17527e-02
7.67127e-01 9.29659e-02 4.03445e-02
7.67127e-01 1.15248e-01 4.98875e-02
7.67127e-01 1.39860e-01 6.03333e-02
7.67127e-01 1.66779e-01 7.16192e-02
7.67127e-01 1.95977e-01 8.36663e-02
7.67127e-01 2.27426e-01 9.63765e-02
7.67127e-01 2.61096e-01 1.09631e-01
7.67127e-01 2.96953e-01 1.23288e-01
7.67127e-01 3.34963e-01 1.37182e-01
7.67127e-01 3.75089e-01 1.51122e-01
7.67127e-01 4.17290e-01 1.64895e-01
7.67127e-01 4.61527e-01 1.78267e-01
7.67127e-01 5.07755e-01 1.90989e-01
7.67127e-01 5.55930e-01 2.02808e-01
7.67127e-01 6.06005e-01 2.13477e-01
7.67127e-01 6.57930e-01 2.22773e-01
7.67127e-01 7.11655e-01 2.30517e-01
7.67127e-01 7.67127e-01 2.36588e-01
7.67127e-01 8.24292e-01 2.40942e-01
7.67127e-01 8.83095e-01 2.43618e-01
7.67127e-01 9.43478e-01 2.44733e-01
7.67127e-01 1.00538e+00 2.44476e-01
7.67127e-01 1.06875e+00 2.43077e-01
7.67127e-01 1.13351e+00 2.40792e-01
7.67127e-01 1.19960e+00 2.37872e-01
7.67127e-01 1.26697e+00 2.34541e-01
7.67127e-01 1.33555e+00 2.30985e-01
7.67127e-01 1.40526e+00 2.27341e-01
7.67127e-01 1.47604e+00 2.23686e-01
7.67127e-01 1.54782e+00 2.20037e-01
7.67127e-01 1.62053e+00 2.16336e-01
7.67127e-01 1.69410e+00 2.12443e-01
7.67127e-01 1.76846e+00 2.08111e-01
7.67127e-01 1.84353e+00 2.02967e-01
7.67127e-01 1.91924e+00 1.96485e-01
7.67127e-01 1.99553e+00 1.87974e-01
7.67127e-01 2.07230e+00 1.76581e-01
7.67127e-01 2.14949e+00 1.61343e-01
7.67127e-01 2.22703e+00 1.41301e-01
7.67127e-01 2.30483e+00 1.15696e-01
7.67127e-01 2.38282e+00 8.42505e-02
7.67127e-01 2.46093e+00 4.74832e-02
7.67127e-01 2.53907e+00 6.98398e-03
7.67127e-01 2.61718e+00 -3.45119e-02
7.67127e-01 2.69517e+00 -7.33850e-02
7.67127e-01 2.77297e+00 -1.05794e-01
7.67127e-01 2.85051e+00 -1.28613e-01
7.67127e-01 2.92770e+00 -1.40315e-01
7.67127e-01 3.00447e+00 -1.41374e-01
7.67127e-01 3.08076e+00 -1.33961e-01
7.67127e-01 3.15647e+00 -1.21072e-01
7.67127e-01 3.23154e+00 -1.05566e-01
7.67127e-01 3.30590e+00 -8.95653e-02
7.67127e-01 3.37947e+00 -7.43504e-02
7.67127e-01 3.45218e+00 -6.05675e-02
7.67127e-01 3.52396e+00 -4.84854e-02
7.67127e-01 3.59474e+00 -3.81675e-02
7.67127e-01 3.66445e+00 -2.95606e-02
7.67127e-01 3.73303e+00 -2.25375e-02
7.67127e-01 3.80040e+00 -1.69259e-02
7.67127e-01 3.86649e+00 -1.25306e-02
7.67127e-01 3.93125e+00 -9.15262e-03
7.67127e-01 3.99462e+00 -6.60218e-03
7.67127e-01 4.05652e+00 -4.70830e-03
7.67127e-01 4.11690e+00 -3.32343e-03
7.67127e-01 4.17571e+00 -2.32490e-03
7.67127e-01 4.23287e+00 -1.61404e-03
7.67127e-01 4.28835e+00 -1.11363e-03
7.67127e-01 4.34207e+00 -7.64812e-04
7.67127e-01 4.39400e+00 -5.23658e-04
7.67127e-01 4.44407e+00 -3.58051e-04
7.67127e-01 4.49224e+00 -2.44901e-04
7.67127e-01 4.53847e+00 -1.67861e-04
7.67127e-01 4.58271e+00 -1.15505e-04
7.67127e-01 4.62491e+00 -7.99337e-05
7.67127e-01 4.66504e+00 -5.57347e-05
7.67127e-01 4.70305e+00 -3.92262e-05
7.67127e-01 4.73890e+00 -2.79164e-05
7.67127e-01 4.77257e+00 -2.01254e-05
7.67127e-01 4.80402e+00 -1.47223e-05
7.67127e-01 4.83322e+00 -1.09465e-05
7.67127e-01 4.86014e+00 -8.28595e-06
7.67127e-01 4.88475e+00 -6.39482e-06
7.67127e-01 4.90703e+00 -5.03910e-06
7.67127e-01 4.92696e+00 -4.05966e-06
7.67127e-01 4.94452e+00 -3.34781e-06
7.67127e-01 4.95969e+00 -2.82903e-06
7.67127e-01 4.97246e+00 -2.45206e-06
7.67127e-01 4.98281e+00 -2.18170e-06
7.67127e-01 4.99074e+00 -1.99396e-06
7.67127e-01 4.99623e+00 -1.87291e-06
7.67127e-01 4.99928e+00 -1.80862e-06
8.24292e-01 7.15683e-04 3.02180e-04
8.24292e-01 3.77012e-03 1.59183e-03
8.24292e-01 9.26216e-03 3.91057e-03
8.24292e-01 1.71877e-02 7.25610e-03
8.24292e-01 2.75390e-02 1.16237e-02
8.24292e-01 4.03061e-02 1.70058e-02
8.24292e-01 5.54766e-02 2.33911e-02
8.24292e-01 7.30356e-02 3.07631e-02
8.24292e-01 9.29659e-02 3.90992e-02
8.24292e-01 1.15248e-01 4.83684e-02
8.24292e-01 1.39860e-01 5.85300e-02
8.24292e-01 1.66779e-01 6.95318e-02
8.24292e-01 1.95977e-01 8.13075e-02
8.24292e-01 2.27426e-01 9.37752e-02
8.24292e-01 2.61096e-01 1.06835e-01
8.24292e-01 2.96953e-01 1.20368e-01
8.24292e-01 3.34963e-01 1.34232e-01
8.24292e-01 3.75089e-01 1.48264e-01
8.24292e-01 4.17290e-01 1.62278e-01
8.24292e-01 4.61527e-01 1.76064e-01
8.24292e-01 5.07755e-01 1.89394e-01
8.24292e-01 5.55930e-01 2.02030e-01
8.24292e-01 6.06005e-01 2.13724e-01
8.24292e-01 6.57930e-01 2.24242e-01
8.24292e-01 7.11655e-01 2.33371e-01
8.24292e-01 7.67127e-01 2.40942e-01
8.24292e-01 8.24292e-01 2.46849e-01
8.24292e-01 8.83095e-01 2.51060e-01
8.24292e-01 9.43478e-01 2.53623e-01
8.24292e-01 1.00538e+00 2.54668e-01
8.24292e-01 1.06875e+00 2.54385e-01
8.24292e-01 1.13351e+00 2.53008e-01
8.24292e-01 1.19960e+00 2.50786e-01
8.24292e-01 1.26697e+00 2.47959e-01
8.24292e-01 1.33555e+00 2.44736e-01
8.24292e-01 1.40526e+00 2.41281e-01
8.24292e-01 1.47604e+00 2.37702e-01
8.24292e-01 1.54782e+00 2.34037e-01
8.24292e-01 1.62053e+00 2.30248e-01
8.24292e-01 1.69410e+00 2.26201e-01
8.24292e-01 1.76846e+00 2.21647e-01
8.24292e-01 1.84353e+00 2.16195e-01
8.24292e-01 1.91924e+00 2.09287e-01
8.24292e-01 1.99553e+00 2.00181e-01
8.24292e-01 2.07230e+00 1.87961e-01
8.24292e-01 2.14949e+00 1.71586e-01
8.24292e-01 2.22703e+00 1.50022e-01
8.24292e-01 2.30483e+00 1.22448e-01
8.24292e-01 2.38282e+00 8.85648e-02
8.24292e-01 2.46093e+00 4.89396e-02
8.24292e-01 2.53907e+00 5.29576e-03
8.24292e-01 2.61718e+00 -3.94037e-02
8.24292e-01 2.69517e+00 -8.12418e-02
8.24292e-01 2.77297e+00 -1.16066e-01
8.24292e-01 2.85051e+00 -1.40503e-01
8.24292e-01 2.92770e+00 -1.52913e-01
8.24292e-01 3.00447e+00 -1.53822e-01
8.24292e-01 3.08076e+00 -1.45591e-01
8.24292e-01 3.15647e+00 -1.31467e-01
8.24292e-01 3.23154e+00 -1.14546e-01
8.24292e-01 3.30590e+00 -9.71219e-02
8.24292e-01 3.37947e+00 -8.05765e-02
8.24292e-01 3.45218e+00 -6.56043e-02
8.24292e-01 3.52396e+00 -5.24913e-02
8.24292e-01 3.59474e+00 -4.13018e-02
8.24292e-01 3.66445e+00 -3.19743e-02
8.24292e-01 3.73303e+00 -2.43680e-02
8.24292e-01 3.80040e+00 -1.82937e-02
8.24292e-01 3.86649e+00 -1.35386e-02
8.24292e-01 3.93125e+00 -9.88564e-03
8.24292e-01 3.99462e+00 -7.12879e-03
8.24292e-01 4.05652e+00 -5.08242e-03
8.24292e-01 4.11690e+00 -3.58656e-03
8.24292e-01 4.17571e+00 -2.50837e-03
8.24292e-01 4.23287e+00 -1.74101e-03
8.24292e-01 4.28835e+00 -1.20098e-03
8.24292e-01 4.34207e+00 -8.24639e-04
8.24292e-01 4.39400e+00 -5.64517e-04
8.24292e-01 4.44407e+00 -3.85922e-04
8.24292e-01 4.49224e+00 -2.63923e-04
8.24292e-01 4.53847e+00 -1.80872e-04
8.24292e-01 4.58271e+00 -1.24441e-04
8.24292e-01 4.62491e+00 -8.61068e-05
8.24292e-01 4.66504e+00 -6.00319e-05
8.24292e-01 4.70305e+00 -4.22460e-05
8.24292e-01 4.73890e+00 -3.00626e-05
8.24292e-01 4.77257e+00 -2.16706e-05
8.24292e-01 4.80402e+00 -1.58513e-05
8.24292e-01 4.83322e+00 -1.17851e-05
8.24292e-01 4.86014e+00 -8.92010e-06
8.24292e-01 4.88475e+00 -6.88381e-06
8.24292e-01 4.90703e+00 -5.42412e-06
8.24292e-01 4.92696e+00 -4.36963e-06
8.24292e-01 4.94452e+00 -3.60328e-06
8.24292e-01 4.95969e+00 -3.04480e-06
8.24292e-01 4.97246e+00 -2.63900e-06
8.24292e-01 4.98281e+00 -2.34797e-06
8.24292e-01 4.99074e+00 -2.14588e-06
8.24292e-01 4.99623e+00 -2.01559e-06
8.24292e-01 4.99928e+00 -1.94639e-06
8.83095e-01 7.15683e-04 2.91956e-04
8.83095e-01 3.77012e-03 1.53798e-03
8.83095e-01 9.26216e-03 3.77829e-03
8.83095e-01 1.71877e-02 7.01078e-03
8.83095e-01 2.75390e-02 1.12311e-02
8.83095e-01 4.03061e-02 1.64326e-02
8.83095e-01 5.54766e-02 2.26052e-02
8.83095e-01 7.30356e-02 2.97348e-02
8.83095e-01 9.29659e-02 3.78021e-02
8.83095e-01 1.15248e-01 4.67809e-02
8.83095e-01 1.39860e-01 5.66371e-02
8.83095e-01 1.66779e-01 6.73270e-02
8.83095e-01 1.95977e-01 7.87955e-02
8.83095e-01 2.27426e-01 9.09745e-02
8.83095e-01 2.61096e-01 1.03781e-01
8.83095e-01 2.96953e-01 1.17115e-01
8.83095e-01 3.34963e-01 1.30857e-01
8.83095e-01 3.75089e-01 1.44869e-01
8.83095e-01 4.17290e-01 1.58991e-01
8.83095e-01 4.61527e-01 1.73041e-01
8.83095e-01 5.07755e-01 1.86815e-01
8.83095e-01 5.55930e-01 2.00094e-01
8.83095e-01 6.06005e-01 2.12645e-01
8.83095e-01 6.57930e-01 2.24230e-01
8.83095e-01 7.11655e-01 2.34621e-01
8.83095e-01 7.67127e-01 2.43618e-01
8.83095e-01 8.24292e-01 2.51060e-01
8.83095e-01 8.83095e-01 2.56850e-01
8.83095e-01 9.43478e-01 2.60965e-01
8.83095e-01 1.00538e+00 2.63464e-01
8.83095e-01 1.06875e+00 2.64480e-01
8.83095e-01 1.13351e+00 2.64207e-01
8.83095e-01 1.19960e+00 2.62878e-01
8.83095e-01 1.26697e+00 2.60732e-01
8.83095e-01 1.33555e+00 2.57997e-01
8.83095e-01 1.40526e+00 2.54862e-01
8.83095e-01 1.47604e+00 2.51462e-01
8.83095e-01 1.54782e+00 2.47866e-01
8.83095e-01 1.62053e+00 2.44053e-01
8.83095e-01 1.69410e+00 2.39902e-01
8.83095e-01 1.76846e+00 2.35163e-01
8.83095e-01 1.84353e+00 2.29431e-01
8.83095e-01 1.91924e+00 2.22115e-01
8.83095e-01 1.99553e+00 2.12423e-01
8.83095e-01 2.07230e+00 1.99371e-01
8.83095e-01 2.14949e+00 1.81839e-01
8.83095e-01 2.22703e+00 1.58711e-01
8.83095e-01 2.30483e+00 1.29105e-01
8.83095e-01 2.38282e+00 9.27005e-02
8.83095e-01 2.46093e+00 5.01123e-02
8.83095e-01 2.53907e+00 3.20641e-03
8.83095e-01 2.61718e+00 -4.48147e-02
8.83095e-01 2.69517e+00 -8.97218e-02
8.83095e-01 2.77297e+00 -1.27036e-01
8.83095e-01 2.85051e+00 -1.53127e-01
8.83095e-01 2.92770e+00 -1.66238e-01
8.83095e-01 3.00447e+00 -1.66953e-01
8.83095e-01 3.08076e+00 -1.57832e-01
8.83095e-01 3.15647e+00 -1.42389e-01
8.83095e-01 3.23154e+00 -1.23966e-01
8.83095e-01 3.30590e+00 -1.05037e-01
8.83095e-01 3.37947e+00 -8.70883e-02
8.83095e-01 3.45218e+00 -7.08652e-02
8.83095e-01 3.52396e+00 -5.66702e-02
8.83095e-01 3.59474e+00 -4.45676e-02
8.83095e-01 3.66445e+00 -3.44865e-02
8.83095e-01 3.73303e+00 -2.62711e-02
8.83095e-01 3.80040e+00 -1.97145e-02
8.83095e-01 3.86649e+00 -1.45845e-02
8.83095e-01 3.93125e+00 -1.06456e-02
8.83095e-01 3.99462e+00 -7.67432e-03
8.83095e-01 4.05652e+00 -5.46968e-03
8.83095e-01 4.11690e+00 -3.85874e-03
8.83095e-01 4.17571e+00 -2.69801e-03
8.83095e-01 4.23287e+00 -1.87217e-03
8.83095e-01 4.28835e+00 -1.29116e-03
8.83095e-01 4.34207e+00 -8.86370e-04
8.83095e-01 4.39400e+00 -6.06655e-04
8.83095e-01 4.44407e+00 -4.14652e-04
8.83095e-01 4.49224e+00 -2.83521e-04
8.83095e-01 4.53847e+00 -1.94272e-04
8.83095e-01 4.58271e+00 -1.33640e-04
8.83095e-01 4.62491e+00 -9.24594e-05
8.83095e-01 4.66504e+00 -6.44526e-05
8.83095e-01 4.70305e+00 -4.53516e-05
8.83095e-01 4.73890e+00 -3.22690e-05
8.83095e-01 4.77257e+00 -2.32588e-05
8.83095e-01 4.80402e+00 -1.70115e-05
8.83095e-01 4.83322e+00 -1.26467e-05
8.83095e-01 4.86014e+00 -9.57145e-06
8.83095e-01 4.88475e+00 -7.38597e-06
8.83095e-01 4.90703e+00 -5.81946e-06
8.83095e-01 4.92696e+00 -4.68786e-06
8.83095e-01 4.94452e+00 -3.86552e-06
8.83095e-01 4.95969e+00 -3.26626e-06
8.83095e-01 4.97246e+00 -2.83085e-06
8.83095e-01 4.98281e+00 -2.51860e-06
8.83095e-01 4.99074e+00 -2.30178e-06
8.83095e-01 4.99623e+00 -2.16199e-06
8.83095e-01 4.99928e+00 -2.08775e-06
9.43478e-01 7.15683e-04 2.81761e-04
9.43478e-01 3.77012e-03 1.48428e-03
9.43478e-01 9.26216e-03 3.64638e-03
9.43478e-01 1.71877e-02 6.76610e-03
9.43478e-01 2.75390e-02 1.08395e-02
9.43478e-01 4.03061e-02 1.58604e-02
9.43478e-01 5.54766e-02 2.18202e-02
9.43478e-01 7.30356e-02 2.87066e-02
9.43478e-01 9.29659e-02 3.65029e-02
9.43478e-01 1.15248e-01 4.51870e-02
9.43478e-01 1.39860e-01 5.47303e-02
9.43478e-01 1.66779e-01 6.50961e-02
9.43478e-01 1.95977e-01 7.62386e-02
9.43478e-01 2.27426e-01 8.81012e-02
9.43478e-01 2.61096e-01 1.00615e-01
9.43478e-01 2.96953e-01 1.13696e-01
9.43478e-01 3.34963e-01 1.27247e-01
9.43478e-01 3.75089e-01 1.41149e-01
9.43478e-01 4.17290e-01 1.55269e-01
9.43478e-01 4.61527e-01 1.69448e-01
9.43478e-01 5.07755e-01 1.83512e-01
9.43478e-01 5.55930e-01 1.97262e-01
9.43478e-01 6.06005e-01 2.10486e-01
9.43478e-01 6.57930e-01 2.22957e-01
9.43478e-01 7.11655e-01 2.34446e-01
9.43478e-01 7.67127e-01 2.44733e-01
9.43478e-01 8.24292e-01 2.53623e-01
9.43478e-01 8.83095e-01 2.60965e-01
9.43478e-01 9.43478e-01 2.66668e-01
9.43478e-01 1.00538e+00 2.70718e-01
9.43478e-01 1.06875e+00 2.73179e-01
9.43478e-01 1.13351e+00 2.74189e-01
9.43478e-01 1.19960e+00 2.73942e-01
9.43478e-01 1.26697e+00 2.72666e-01
9.43478e-01 1.33555e+00 2.70591e-01
9.43478e-01 1.40526e+00 2.67926e-01
9.43478e-01 1.47604e+00 2.64834e-01
9.43478e-01 1.54782e+00 2.61409e-01
9.43478e-01 1.62053e+00 2.57657e-01
9.43478e-01 1.69410e+00 2.53469e-01
9.43478e-01 1.76846e+00 2.48600e-01
9.43478e-01 1.84353e+00 2.42630e-01
9.43478e-01 1.91924e+00 2.34936e-01
9.43478e-01 1.99553e+00 2.24677e-01
9.43478e-01 2.07230e+00 2.10797e-01
9.43478e-01 2.14949e+00 1.92094e-01
9.43478e-01 2.22703e+00 1.67369e-01
9.43478e-01 2.30483e+00 1.35673e-01
9.43478e-01 2.38282e+00 9.66633e-02
9.43478e-01 2.46093e+00 5.10077e-02
9.43478e-01 2.53907e+00 7.21441e-04
9.43478e-01 2.61718e+00 -5.07408e-02
9.43478e-01 2.69517e+00 -9.88223e-02
9.43478e-01 2.77297e+00 -1.38703e-01
9.43478e-01 2.85051e+00 -1.66484e-01
9.43478e-01 2.92770e+00 -1.80288e-01
9.43478e-01 3.00447e+00 -1.80763e-01
9.43478e-01 3.08076e+00 -1.70679e-01
9.43478e-01 3.15647e+00 -1.53830e-01
9.43478e-01 3.23154e+00 -1.33817e-01
9.43478e-01 3.30590e+00 -1.13301e-01
9.43478e-01 3.37947e+00 -9.38776e-02
9.43478e-01 3.45218e+00 -7.63425e-02
9.43478e-01 3.52396e+00 -6.10151e-02
9.43478e-01 3.59474e+00 -4.79589e-02
9.43478e-01 3.66445e+00 -3.70921e-02
9.43478e-01 3.73303e+00 -2.82428e-02
9.43478e-01 3.80040e+00 -2.11848e-02
9.43478e-01 3.86649e+00 -1.56659e-02
9.43478e-01 3.93125e+00 -1.14306e-02
9.43478e-01 3.99462e+00 -8.23730e-03
9.43478e-01 4.05652e+00 -5.86900e-03
9.43478e-01 4.11690e+00 -4.13918e-03
9.43478e-01 4.17571e+00 -2.89326e-03
9.43478e-01 4.23287e+00 -2.00712e-03
9.43478e-01 4.28835e+00 -1.38389e-03
9.43478e-01 4.34207e+00 -9.49803e-04
9.43478e-01 4.39400e+00 -6.49929e-04
9.43478e-01 4.44407e+00 -4.44140e-04
9.43478e-01 4.49224e+00 -3.03627e-04
9.43478e-01 4.53847e+00 -2.08013e-04
9.43478e-01 4.58271e+00 -1.43070e-04
9.43478e-01 4.62491e+00 -9.89682e-05
9.43478e-01 4.66504e+00 -6.89802e-05
9.43478e-01 4.70305e+00 -4.85312e-05
9.43478e-01 4.73890e+00 -3.45274e-05
9.43478e-01 4.77257e+00 -2.48839e-05
9.43478e-01 4.80402e+00 -1.81983e-05
9.43478e-01 4.83322e+00 -1.35277e-05
9.43478e-01 4.86014e+00 -1.02374e-05
9.43478e-01 4.88475e+00 -7.89931e-06
9.43478e-01 4.90703e+00 -6.22351e-06
9.43478e-01 4.92696e+00 -5.01306e-06
9.43478e-01 4.94452e+00 -4.13346e-06
9.43478e-01 4.95969e+00 -3.49252e-06
9.43478e-01 4.97246e+00 -3.02684e-06
9.43478e-01 4.98281e+00 -2.69289e-06
9.43478e-01 4.99074e+00 -2.46101e-06
9.43478e-01 4.99623e+00 -2.31151e-06
9.43478e-01 4.99928e+00 -2.23212e-06
1.00538e+00 7.15683e-04 2.71893e-04
1.00538e+00 3.77012e-03 1.43229e-03
1.00538e+00 9.26216e-03 3.51868e-03
1.00538e+00 1.71877e-02 6.52922e-03
1.00538e+00 2.75390e-02 1.04602e-02
1.00538e+00 4.03061e-02 1.53063e-02
1.00538e+00 5.54766e-02 2.10595e-02
1.00538e+00 7.30356e-02 2.77092e-02
1.00538e+00 9.29659e-02 3.52410e-02
1.00538e+00 1.15248e-01 4.36361e-02
1.00538e+00 1.39860e-01 5.28700e-02
1.00538e+00 1.66779e-01 6.29122e-02
1.00538e+00 1.95977e-01 7.37241e-02
1.00538e+00 2.27426e-01 8.52588e-02
1.00538e+00 2.61096e-01 9.74587e-02
1.00538e+00 2.96953e-01 1.10255e-01
1.00538e+00 3.34963e-01 1.23564e-01
1.00538e+00 3.75089e-01 1.37290e-01
1.00538e+00 4.17290e-01 1.51318e-01
1.00538e+00 4.61527e-01 1.65516e-01
1.00538e+00 5.07755e-01 1.79733e-01
1.00538e+00 5.55930e-01 1.93796e-01
1.00538e+00 6.06005e-01 2.07514e-01
1.00538e+00 6.57930e-01 2.20680e-01
1.00538e+00 7.11655e-01 2.33075e-01
1.00538e+00 7.67127e-01 2.44476e-01
1.00538e+00 8.24292e-01 2.54668e-01
1.00538e+00 8.83095e-01 2.63464e-01
1.00538e+00 9.43478e-01 2.70718e-01
1.00538e+00 1.00538e+00 2.76348e-01
1.00538e+00 1.06875e+00 2.80345e-01
1.00538e+00 1.13351e+00 2.82778e-01
1.00538e+00 1.19960e+00 2.83787e-01
1.00538e+00 1.26697e+00 2.83566e-01
1.00538e+00 1.33555e+00 2.82335e-01
1.00538e+00 1.40526e+00 2.80311e-01
1.00538e+00 1.47604e+00 2.77676e-01
1.00538e+00 1.54782e+00 2.74550e-01
1.00538e+00 1.62053e+00 2.70964e-01
1.00538e+00 1.69410e+00 2.66829e-01
1.00538e+00 1.76846e+00 2.61902e-01
1.00538e+00 1.84353e+00 2.55752e-01
1.00538e+00 1.91924e+00 2.47727e-01
1.00538e+00 1.99553e+00 2.36932e-01
1.00538e+00 2.07230e+00 2.22240e-01
1.00538e+00 2.14949e+00 2.02363e-01
1.00538e+00 2.22703e+00 1.76014e-01
1.00538e+00 2.30483e+00 1.42174e-01
1.00538e+00 2.38282e+00 1.00479e-01
1.00538e+00 2.46093e+00 5.16521e-02
1.00538e+00 2.53907e+00 -2.13322e-03
1.00538e+00 2.61718e+00 -5.71578e-02
1.00538e+00 2.69517e+00 -1.08521e-01
1.00538e+00 2.77297e+00 -1.51046e-01
1.00538e+00 2.85051e+00 -1.80553e-01
1.00538e+00 2.92770e+00 -1.95044e-01
1.00538e+00 3.00447e+00 -1.95233e-01
1.00538e+00 3.08076e+00 -1.84114e-01
1.00538e+00 3.15647e+00 -1.65772e-01
1.00538e+00 3.23154e+00 -1.44081e-01
1.00538e+00 3.30590e+00 -1.21898e-01
1.00538e+00 3.37947e+00 -1.00929e-01
1.00538e+00 3.45218e+00 -8.20228e-02
1.00538e+00 3.52396e+00 -6.55147e-02
1.00538e+00 3.59474e+00 -5.14662e-02
1.00538e+00 3.66445e+00 -3.97834e-02
1.00538e+00 3.73303e+00 -3.02769e-02
1.00538e+00 3.80040e+00 -2.27000e-02
1.00538e+00 3.86649e+00 -1.67791e-02
1.00538e+00 3.93125e+00 -1.22379e-02
1.00538e+00 3.99462e+00 -8.81568e-03
1.00538e+00 4.05652e+00 -6.27886e-03
1.00538e+00 4.11690e+00 -4.42678e-03
1.00538e+00 4.17571e+00 -3.09333e-03
1.00538e+00 4.23287e+00 -2.14530e-03
1.00538e+00 4.28835e+00 -1.47876e-03
1.00538e+00 4.34207e+00 -1.01467e-03
1.00538e+00 4.39400e+00 -6.94152e-04
1.00538e+00 4.44407e+00 -4.74258e-04
1.00538e+00 4.49224e+00 -3.24151e-04
1.00538e+00 4.53847e+00 -2.22032e-04
1.00538e+00 4.58271e+00 -1.52685e-04
1.00538e+00 4.62491e+00 -1.05603e-04
1.00538e+00 4.66504e+00 -7.35935e-05
1.00538e+00 4.70305e+00 -5.17697e-05
1.00538e+00 4.73890e+00 -3.68267e-05
1.00538e+00 4.77257e+00 -2.65379e-05
1.00538e+00 4.80402e+00 -1.94059e-05
1.00538e+00 4.83322e+00 -1.44240e-05
1.00538e+00 4.86014e+00 -1.09147e-05
1.00538e+00 4.88475e+00 -8.42126e-06
1.00538e+00 4.90703e+00 -6.63426e-06
1.00538e+00 4.92696e+00 -5.34358e-06
1.00538e+00 4.94452e+00 -4.40576e-06
1.00538e+00 4.95969e+00 -3.72242e-06
1.00538e+00 4.97246e+00 -3.22596e-06
1.00538e+00 4.98281e+00 -2.86995e-06
1.00538e+00 4.99074e+00 -2.62276e-06
1.00538e+00 4.99623e+00 -2.46340e-06
1.00538e+00 4.99928e+00 -2.37877e-06
1.06875e+00 7.15683e-04 2.62570e-04
1.06875e+00 3.77012e-03 1.38318e-03
1.06875e+00 9.26216e-03 3.39804e-03
1.06875e+00 1.71877e-02 6.30542e-03
1.06875e+00 2.75390e-02 1.01019e-02
1.06875e+00 4.03061e-02 1.47825e-02
1.06875e+00 5.54766e-02 2.03402e-02
1.06875e+00 7.30356e-02 2.67655e-02
1.06875e+00 9.29659e-02 3.40457e-02
1.06875e+00 1.15248e-01 4.21647e-02
1.06875e+00 1.39860e-01 5.11017e-02
1.06875e+00 1.66779e-01 6.08305e-02
1.06875e+00 1.95977e-01 7.13188e-02
1.06875e+00 2.27426e-01 8.25270e-02
1.06875e+00 2.61096e-01 9.44071e-02
1.06875e+00 2.96953e-01 1.06901e-01
1.06875e+00 3.34963e-01 1.19941e-01
1.06875e+00 3.75089e-01 1.33444e-01
1.06875e+00 4.17290e-01 1.47316e-01
1.06875e+00 4.61527e-01 1.61444e-01
1.06875e+00 5.07755e-01 1.75700e-01
1.06875e+00 5.55930e-01 1.89936e-01
1.06875e+00 6.06005e-01 2.03986e-01
1.06875e+00 6.57930e-01 2.17662e-01
1.06875e+00 7.11655e-01 2.30764e-01
1.06875e+00 7.67127e-01 2.43077e-01
1.06875e+00 8.24292e-01 2.54385e-01
1.06875e+00 8.83095e-01 2.64480e-01
1.06875e+00 9.43478e-01 2.73179e-01
1.06875e+00 1.00538e+00 2.80345e-01
1.06875e+00 1.06875e+00 2.85900e-01
1.06875e+00 1.13351e+00 2.89842e-01
1.06875e+00 1.19960e+00 2.92244e-01
1.06875e+00 1.26697e+00 2.93248e-01
1.06875e+00 1.33555e+00 2.93046e-01
1.06875e+00 1.40526e+00 2.91845e-01
1.06875e+00 1.47604e+00 2.89838e-01
1.06875e+00 1.54782e+00 2.87164e-01
1.06875e+00 1.62053e+00 2.83877e-01
1.06875e+00 1.69410e+00 2.79906e-01
1.06875e+00 1.76846e+00 2.75016e-01
1.06875e+00 1.84353e+00 2.68767e-01
1.06875e+00 1.91924e+00 2.60475e-01
1.06875e+00 1.99553e+00 2.49192e-01
1.06875e+00 2.07230e+00 2.33718e-01
1.06875e+00 2.14949e+00 2.12675e-01
1.06875e+00 2.22703e+00 1.84682e-01
1.06875e+00 2.30483e+00 1.48652e-01
1.06875e+00 2.38282e+00 1.04196e-01
1.06875e+00 2.46093e+00 5.20964e-02
1.06875e+00 2.53907e+00 -5.30705e-03
1.06875e+00 2.61718e+00 -6.40165e-02
1.06875e+00 2.69517e+00 -1.18771e-01
1.06875e+00 2.77297e+00 -1.64020e-01
1.06875e+00 2.85051e+00 -1.95294e-01
1.06875e+00 2.92770e+00 -2.10466e-01
1.06875e+00 3.00447e+00 -2.10324e-01
1.06875e+00 3.08076e+00 -1.98099e-01
1.06875e+00 3.15647e+00 -1.78182e-01
1.06875e+00 3.23154e+00 -1.54729e-01
1.06875e+00 3.30590e+00 -1.30800e-01
1.06875e+00 3.37947e+00 -1.08219e-01
1.06875e+00 3.45218e+00 -8.78859e-02
1.06875e+00 3.52396e+00 -7.01521e-02
1.06875e+00 3.59474e+00 -5.50756e-02
1.06875e+00 3.66445e+00 -4.25493e-02
1.06875e+00 3.73303e+00 -3.23647e-02
1.06875e+00 3.80040e+00 -2.42533e-02
1.06875e+00 3.86649e+00 -1.79189e-02
1.06875e+00 3.93125e+00 -1.30635e-02
1.06875e+00 3.99462e+00 -9.40667e-03
1.06875e+00 4.05652e+00 -6.69726e-03
1.06875e+00 4.11690e+00 -4.72010e-03
1.06875e+00 4.17571e+00 -3.29721e-03
1.06875e+00 4.23287e+00 -2.28599e-03
1.06875e+00 4.28835e+00 -1.57529e-03
1.06875e+00 4.34207e+00 -1.08061e-03
1.06875e+00 4.39400e+00 -7.39081e-04
1.06875e+00 4.44407e+00 -5.04837e-04
1.06875e+00 4.49224e+00 -3.44977e-04
1.06875e+00 4.53847e+00 -2.36250e-04
1.06875e+00 4.58271e+00 -1.62432e-04
1.06875e+00 4.62491e+00 -1.12324e-04
1.06875e+00 4.66504e+00 -7.82653e-05
1.06875e+00 4.70305e+00 -5.50480e-05
1.06875e+00 4.73890e+00 -3.91534e-05
1.06875e+00 4.77257e+00 -2.82110e-05
1.06875e+00 4.80402e+00 -2.06270e-05
1.06875e+00 4.83322e+00 -1.53300e-05
1.06875e+00 4.86014e+00 -1.15992e-05
1.06875e+00 4.88475e+00 -8.94861e-06
1.06875e+00 4.90703e+00 -7.04918e-06
1.06875e+00 4.92696e+00 -5.67740e-06
1.06875e+00 4.94452e+00 -4.68071e-06
1.06875e+00 4.95969e+00 -3.95453e-06
1.06875e+00 4.97246e+00 -3.42697e-06
1.06875e+00 4.98281e+00 -3.04868e-06
1.06875e+00 4.99074e+00 -2.78602e-06
1.06875e+00 4.99623e+00 -2.61670e-06
1.06875e+00 4.99928e+00 -2.52677e-06
1.13351e+00 7.15683e-04 2.53941e-04
1.13351e+00 3.77012e-03 1.33772e-03
1.13351e+00 9.26216e-03 3.28638e-03
1.13351e+00 1.71877e-02 6.09826e-03
1.13351e+00 2.75390e-02 9.77019e-03
1.13351e+00 4.03061e-02 1.42975e-02
1.13351e+00 5.54766e-02 1.96739e-02
1.13351e+00 7.30356e-02 2.58907e-02
1.13351e+00 9.29659e-02 3.29369e-02
1.13351e+00 1.15248e-01 4.07981e-02
1.13351e+00 1.39860e-01 4.94565e-02
1.13351e+00 1.66779e-01 5.88894e-02
1.13351e+00 1.95977e-01 6.90694e-02
1.13351e+00 2.27426e-01 7.99627e-02
1.13351e+00 2.61096e-01 9.15287e-02
1.13351e+00 2.96953e-01 1.03719e-01
1.13351e+00 3.34963e-01 1.16475e-01
1.13351e+00 3.75089e-01 1.29729e-01
1.13351e+00 4.17290e-01 1.43399e-01
1.13351e+00 4.61527e-01 1.57393e-01
1.13351e+00 5.07755e-01 1.71601e-01
1.13351e+00 5.55930e-01 1.85896e-01
1.13351e+00 6.06005e-01 2.00134e-01
1.13351e+00 6.57930e-01 2.14153e-01
1.13351e+00 7.11655e-01 2.27771e-01
1.13351e+00 7.67127e-01 2.40792e-01
1.13351e+00 8.24292e-01 2.53008e-01
1.13351e+00 8.83095e-01 2.64207e-01
1.13351e+00 9.43478e-01 2.74189e-01
1.13351e+00 1.00538e+00 2.82778e-01
1.13351e+00 1.06875e+00 2.89842e-01
1.13351e+00 1.13351e+00 2.95312e-01
1.13351e+00 1.19960e+00 2.99191e-01
1.13351e+00 1.26697e+00 3.01558e-01
1.13351e+00 1.33555e+00 3.02556e-01
1.13351e+00 1.40526e+00 3.02364e-01
1.13351e+00 1.47604e+00 3.01170e-01
1.13351e+00 1.54782e+00 2.99123e-01
1.13351e+00 1.62053e+00 2.96294e-01
1.13351e+00 1.69410e+00 2.92628e-01
1.13351e+00 1.76846e+00 2.87897e-01
1.13351e+00 1.84353e+00 2.81651e-01
1.13351e+00 1.91924e+00 2.73179e-01
1.13351e+00 1.99553e+00 2.61477e-01
1.13351e+00 2.07230e+00 2.45266e-01
1.13351e+00 2.14949e+00 2.23078e-01
1.13351e+00 2.22703e+00 1.93436e-01
1.13351e+00 2.30483e+00 1.55177e-01
1.13351e+00 2.38282e+00 1.07889e-01
1.13351e+00 2.46093e+00 5.24182e-02
1.13351e+00 2.53907e+00 -8.72150e-03
1.13351e+00 2.61718e+00 -7.12393e-02
1.13351e+00 2.69517e+00 -1.29497e-01
1.13351e+00 2.77297e+00 -1.77553e-01
1.13351e+00 2.85051e+00 -2.10635e-01
1.13351e+00 2.92770e+00 -2.26487e-01
1.13351e+00 3.00447e+00 -2.25976e-01
1.13351e+00 3.08076e+00 -2.12578e-01
1.13351e+00 3.15647e+00 -1.91006e-01
1.13351e+00 3.23154e+00 -1.65713e-01
1.13351e+00 3.30590e+00 -1.39967e-01
1.13351e+00 3.37947e+00 -1.15713e-01
1.13351e+00 3.45218e+00 -9.39031e-02
1.13351e+00 3.52396e+00 -7.49038e-02
1.13351e+00 3.59474e+00 -5.87684e-02
1.13351e+00 3.66445e+00 -4.53749e-02
1.13351e+00 3.73303e+00 -3.44946e-02
1.13351e+00 3.80040e+00 -2.58358e-02
1.13351e+00 3.86649e+00 -1.90788e-02
1.13351e+00 3.93125e+00 -1.39028e-02
1.13351e+00 3.99462e+00 -1.00067e-02
1.13351e+00 4.05652e+00 -7.12159e-03
1.13351e+00 4.11690e+00 -5.01728e-03
1.13351e+00 4.17571e+00 -3.50358e-03
1.13351e+00 4.23287e+00 -2.42827e-03
1.13351e+00 4.28835e+00 -1.67283e-03
1.13351e+00 4.34207e+00 -1.14719e-03
1.13351e+00 4.39400e+00 -7.84412e-04
1.13351e+00 4.44407e+00 -5.35668e-04
1.13351e+00 4.49224e+00 -3.65961e-04
1.13351e+00 4.53847e+00 -2.50566e-04
1.13351e+00 4.58271e+00 -1.72241e-04
1.13351e+00 4.62491e+00 -1.19085e-04
1.13351e+00 4.66504e+00 -8.29620e-05
1.13351e+00 4.70305e+00 -5.83422e-05
1.13351e+00 4.73890e+00 -4.14904e-05
1.13351e+00 4.77257e+00 -2.98909e-05
1.13351e+00 4.80402e+00 -2.18526e-05
1.13351e+00 4.83322e+00 -1.62390e-05
1.13351e+00 4.86014e+00 -1.22858e-05
1.13351e+00 4.88475e+00 -9.47744e-06
1.13351e+00 4.90703e+00 -7.46515e-06
1.13351e+00 4.92696e+00 -6.01200e-06
1.13351e+00 4.94452e+00 -4.95626e-06
1.13351e+00 4.95969e+00 -4.18710e-06
1.13351e+00 4.97246e+00 -3.62836e-06
1.13351e+00 4.98281e+00 -3.22772e-06
1.13351e+00 4.99074e+00 -2.94956e-06
1.13351e+00 4.99623e+00 -2.77024e-06
1.13351e+00 4.99928e+00 -2.67501e-06
1.19960e+00 7.15683e-04 2.46089e-04
1.19960e+00 3.77012e-03 1.29636e-03
1.19960e+00 9.26216e-03 3.18478e-03
1.19960e+00 1.71877e-02 5.90976e-03
1.19960e+00 2.75390e-02 9.46831e-03
1.19960e+00 4.03061e-02 1.38561e-02
1.19960e+00 5.54766e-02 1.90672e-02
1.19960e+00 7.30356e-02 2.50939e-02
1.19960e+00 9.29659e-02 3.19261e-02
1.19960e+00 1.15248e-01 3.95511e-02
1.19960e+00 1.39860e-01 4.79531e-02
1.19960e+00 1.66779e-01 5.71124e-02
1.19960e+00 1.95977e-01 6.70050e-02
1.19960e+00 2.27426e-01 7.76018e-02
1.19960e+00 2.61096e-01 8.88680e-02
1.19960e+00 2.96953e-01 1.00762e-01
1.19960e+00 3.34963e-01 1.13234e-01
1.19960e+00 3.75089e-01 1.26226e-01
1.19960e+00 4.17290e-01 1.39669e-01
1.19960e+00 4.61527e-01 1.53484e-01
1.19960e+00 5.07755e-01 1.67578e-01
1.19960e+00 5.55930e-01 1.81842e-01
1.19960e+00 6.06005e-01 1.96154e-01
1.19960e+00 6.57930e-01 2.10372e-01
1.19960e+00 7.11655e-01 2.24337e-01
1.19960e+00 7.67127e-01 2.37872e-01
1.19960e+00 8.24292e-01 2.50786e-01
1.19960e+00 8.83095e-01 2.62878e-01
1.19960e+00 9.43478e-01 2.73942e-01
1.19960e+00 1.00538e+00 2.83787e-01
1.19960e+00 1.06875e+00 2.92244e-01
1.19960e+00 1.13351e+00 2.99191e-01
1.19960e+00 1.19960e+00 3.04567e-01
1.19960e+00 1.26697e+00 3.08384e-01
1.19960e+00 1.33555e+00 3.10721e-01
1.19960e+00 1.40526e+00 3.11715e-01
1.19960e+00 1.47604e+00 3.11526e-01
1.19960e+00 1.54782e+00 3.10300e-01
1.19960e+00 1.62053e+00 3.08113e-01
1.19960e+00 1.69410e+00 3.04921e-01
1.19960e+00 1.76846e+00 3.00500e-01
1.19960e+00 1.84353e+00 2.94390e-01
1.19960e+00 1.91924e+00 2.85849e-01
1.19960e+00 1.99553e+00 2.73817e-01
1.19960e+00 2.07230e+00 2.56938e-01
1.19960e+00 2.14949e+00 2.33643e-01
1.19960e+00 2.22703e+00 2.02358e-01
1.19960e+00 2.30483e+00 1.61842e-01
1.19960e+00 2.38282e+00 1.11660e-01
1.19960e+00 2.46093e+00 5.27235e-02
1.19960e+00 2.53907e+00 -1.22679e-02
1.19960e+00 2.61718e+00 -7.87169e-02
1.19960e+00 2.69517e+00 -1.40590e-01
1.19960e+00 2.77297e+00 -1.91540e-01
1.19960e+00 2.85051e+00 -2.26477e-01
1.19960e+00 2.92770e+00 -2.43012e-01
1.19960e+00 3.00447e+00 -2.42098e-01
1.19960e+00 3.08076e+00 -2.27469e-01
1.19960e+00 3.15647e+00 -2.04174e-01
1.19960e+00 3.23154e+00 -1.76970e-01
1.19960e+00 3.30590e+00 -1.49345e-01
1.19960e+00 3.37947e+00 -1.23365e-01
1.19960e+00 3.45218e+00 -1.00036e-01
1.19960e+00 3.52396e+00 -7.97384e-02
1.19960e+00 3.59474e+00 -6.25194e-02
1.19960e+00 3.66445e+00 -4.82407e-02
1.19960e+00 3.73303e+00 -3.66516e-02
1.19960e+00 3.80040e+00 -2.74362e-02
1.19960e+00 3.86649e+00 -2.02501e-02
1.19960e+00 3.93125e+00 -1.47492e-02
1.19960e+00 3.99462e+00 -1.06111e-02
1.19960e+00 4.05652e+00 -7.54856e-03
1.19960e+00 4.11690e+00 -5.31599e-03
1.19960e+00 4.17571e+00 -3.71080e-03
1.19960e+00 4.23287e+00 -2.57100e-03
1.19960e+00 4.28835e+00 -1.77058e-03
1.19960e+00 4.34207e+00 -1.21386e-03
1.19960e+00 4.39400e+00 -8.29766e-04
1.19960e+00 4.44407e+00 -5.66492e-04
1.19960e+00 4.49224e+00 -3.86924e-04
1.19960e+00 4.53847e+00 -2.64859e-04
1.19960e+00 4.58271e+00 -1.82028e-04
1.19960e+00 4.62491e+00 -1.25827e-04
1.19960e+00 4.66504e+00 -8.76428e-05
1.19960e+00 4.70305e+00 -6.16236e-05
1.19960e+00 4.73890e+00 -4.38172e-05
1.19960e+00 4.77257e+00 -3.15627e-05
1.19960e+00 4.80402e+00 -2.30718e-05
1.19960e+00 4.83322e+00 -1.71430e-05
1.19960e+00 4.86014e+00 -1.29683e-05
1.19960e+00 4.88475e+00 -1.00030e-05
1.19960e+00 4.90703e+00 -7.87844e-06
1.19960e+00 4.92696e+00 -6.34435e-06
1.19960e+00 4.94452e+00 -5.22990e-06
1.19960e+00 4.95969e+00 -4.41803e-06
1.19960e+00 4.97246e+00 -3.82829e-06
1.19960e+00 4.98281e+00 -3.40544e-06
1.19960e+00 4.99074e+00 -3.11188e-06
1.19960e+00 4.99623e+00 -2.92263e-06
1.19960e+00 4.99928e+00 -2.82213e-06
1.26697e+00 7.15683e-04 2.39045e-04
1.26697e+00 3.77012e-03 1.25926e-03
1.26697e+00 9.26216e-03 3.09362e-03
1.26697e+00 1.71877e-02 5.74064e-03
1.26697e+00 2.75390e-02 9.19743e-03
1.26697e+00 4.03061e-02 1.34599e-02
1.26697e+00 5.54766e-02 1.85226e-02
1.26697e+00 7.30356e-02 2.43782e-02
1.26697e+00 9.29659e-02 3.10177e-02
1.26697e+00 1.15248e-01 3.84295e-02
1.26697e+00 1.39860e-01 4.65993e-02
1.26697e+00 1.66779e-01 5.55095e-02
1.26697e+00 1.95977e-01 6.51390e-02
1.26697e+00 2.27426e-01 7.54619e-02
1.26697e+00 2.61096e-01 8.64479e-02
1.26697e+00 2.96953e-01 9.80605e-02
1.26697e+00 3.34963e-01 1.10257e-01
1.26697e+00 3.75089e-01 1.22986e-01
1.26697e+00 4.17290e-01 1.36190e-01
1.26697e+00 4.61527e-01 1.49800e-01
1.26697e+00 5.07755e-01 1.63735e-01
1.26697e+00 5.55930e-01 1.77903e-01
1.26697e+00 6.06005e-01 1.92197e-01
1.26697e+00 6.57930e-01 2.06497e-01
1.26697e+00 7.11655e-01 2.20663e-01
1.26697e+00 7.67127e-01 2.34541e-01
1.26697e+00 8.24292e-01 2.47959e-01
1.26697e+00 8.83095e-01 2.60732e-01
1.26697e+00 9.43478e-01 2.72666e-01
1.26697e+00 1.00538e+00 2.83566e-01
1.26697e+00 1.06875e+00 2.93248e-01
1.26697e+00 1.13351e+00 3.01558e-01
1.26697e+00 1.19960e+00 3.08384e-01
1.26697e+00 1.26697e+00 3.13674e-01
1.26697e+00 1.33555e+00 3.17443e-01
1.26697e+00 1.40526e+00 3.19771e-01
1.26697e+00 1.47604e+00 3.20774e-01
1.26697e+00 1.54782e+00 3.20572e-01
1.26697e+00 1.62053e+00 3.19233e-01
1.26697e+00 1.69410e+00 3.16711e-01
1.26697e+00 1.76846e+00 3.12780e-01
1.26697e+00 1.84353e+00 3.06969e-01
1.26697e+00 1.91924e+00 2.98499e-01
1.26697e+00 1.99553e+00 2.86254e-01
1.26697e+00 2.07230e+00 2.68794e-01
1.26697e+00 2.14949e+00 2.44452e-01
1.26697e+00 2.22703e+00 2.11548e-01
1.26697e+00 2.30483e+00 1.68761e-01
1.26697e+00 2.38282e+00 1.15632e-01
1.26697e+00 2.46093e+00 5.31448e-02
1.26697e+00 2.53907e+00 -1.58079e-02
1.26697e+00 2.61718e+00 -8.63074e-02
1.26697e+00 2.69517e+00 -1.51907e-01
1.26697e+00 2.77297e+00 -2.05837e-01
1.26697e+00 2.85051e+00 -2.42680e-01
1.26697e+00 2.92770e+00 -2.59910e-01
1.26697e+00 3.00447e+00 -2.58568e-01
1.26697e+00 3.08076e+00 -2.42661e-01
1.26697e+00 3.15647e+00 -2.17585e-01
1.26697e+00 3.23154e+00 -1.88414e-01
1.26697e+00 3.30590e+00 -1.58860e-01
1.26697e+00 3.37947e+00 -1.31113e-01
1.26697e+00 3.45218e+00 -1.06234e-01
1.26697e+00 3.52396e+00 -8.46159e-02
1.26697e+00 3.59474e+00 -6.62971e-02
1.26697e+00 3.66445e+00 -5.11219e-02
1.26697e+00 3.73303e+00 -3.88167e-02
1.26697e+00 3.80040e+00 -2.90402e-02
1.26697e+00 3.86649e+00 -2.14223e-02
1.26697e+00 3.93125e+00 -1.55951e-02
1.26697e+00 3.99462e+00 -1.12143e-02
1.26697e+00 4.05652e+00 -7.97415e-03
1.26697e+00 4.11690e+00 -5.61336e-03
1.26697e+00 4.17571e+00 -3.91686e-03
1.26697e+00 4.23287e+00 -2.71278e-03
1.26697e+00 4.28835e+00 -1.86759e-03
1.26697e+00 4.34207e+00 -1.27996e-03
1.26697e+00 4.39400e+00 -8.74690e-04
1.26697e+00 4.44407e+00 -5.96996e-04
1.26697e+00 4.49224e+00 -4.07654e-04
1.26697e+00 4.53847e+00 -2.78983e-04
1.26697e+00 4.58271e+00 -1.91691e-04
1.26697e+00 4.62491e+00 -1.32480e-04
1.26697e+00 4.66504e+00 -9.22588e-05
1.26697e+00 4.70305e+00 -6.48577e-05
1.26697e+00 4.73890e+00 -4.61092e-05
1.26697e+00 4.77257e+00 -3.32087e-05
1.26697e+00 4.80402e+00 -2.42717e-05
1.26697e+00 4.83322e+00 -1.80323e-05
1.26697e+00 4.86014e+00 -1.36395e-05
1.26697e+00 4.88475e+00 -1.05196e-05
1.26697e+00 4.90703e+00 -8.28457e-06
1.26697e+00 4.92696e+00 -6.67086e-06
1.26697e+00 4.94452e+00 -5.49867e-06
1.26697e+00 4.95969e+00 -4.64480e-06
1.26697e+00 4.97246e+00 -4.02459e-06
1.26697e+00 4.98281e+00 -3.57991e-06
1.26697e+00 4.99074e+00 -3.27121e-06
1.26697e+00 4.99623e+00 -3.07221e-06
1.26697e+00 4.99928e+00 -2.96653e-06
1.33555e+00 7.15683e-04 2.32791e-04
1.33555e+00 3.77012e-03 1.22631e-03
1.33555e+00 9.26216e-03 3.01268e-03
1.33555e+00 1.71877e-02 5.59046e-03
1.33555e+00 2.75390e-02 8.95688e-03
1.33555e+00 4.03061e-02 1.31080e-02
1.33555e+00 5.54766e-02 1.80387e-02
1.33555e+00 7.30356e-02 2.37422e-02
1.33555e+00 9.29659e-02 3.02100e-02
1.33555e+00 1.15248e-01 3.74313e-02
1.33555e+00 1.39860e-01 4.53931e-02
1.33555e+00 1.66779e-01 5.40794e-02
1.33555e+00 1.95977e-01 6.34709e-02
1.33555e+00 2.27426e-01 7.35445e-02
1.33555e+00 2.61096e-01 8.42728e-02
1.33555e+00 2.96953e-01 9.56234e-02
1.33555e+00 3.34963e-01 1.07558e-01
1.33555e+00 3.75089e-01 1.20033e-01
1.33555e+00 4.17290e-01 1.32995e-01
1.33555e+00 4.61527e-01 1.46385e-01
1.33555e+00 5.07755e-01 1.60133e-01
1.33555e+00 5.55930e-01 1.74158e-01
1.33555e+00 6.06005e-01 1.88369e-01
1.33555e+00 6.57930e-01 2.02659e-01
1.33555e+00 7.11655e-01 2.16910e-01
1.33555e+00 7.67127e-01 2.30985e-01
1.33555e+00 8.24292e-01 2.44736e-01
1.33555e+00 8.83095e-01 2.57997e-01
1.33555e+00 9.43478e-01 2.70591e-01
1.33555e+00 1.00538e+00 2.82335e-01
1.33555e+00 1.06875e+00 2.93046e-01
1.33555e+00 1.13351e+00 3.02556e-01
1.33555e+00 1.19960e+00 3.10721e-01
1.33555e+00 1.26697e+00 3.17443e-01
1.33555e+00 1.33555e+00 3.22680e-01
1.33555e+00 1.40526e+00 3.26446e-01
1.33555e+00 1.47604e+00 3.28801e-01
1.33555e+00 1.54782e+00 3.29822e-01
1.33555e+00 1.62053e+00 3.29547e-01
1.33555e+00 1.69410e+00 3.27915e-01
1.33555e+00 1.76846e+00 3.24686e-01
1.33555e+00 1.84353e+00 3.19365e-01
1.33555e+00 1.91924e+00 3.11138e-01
1.33555e+00 1.99553e+00 2.98825e-01
1.33555e+00 2.07230e+00 2.80900e-01
1.33555e+00 2.14949e+00 2.55591e-01
1.33555e+00 2.22703e+00 2.21111e-01
1.33555e+00 2.30483e+00 1.76056e-01
1.33555e+00 2.38282e+00 1.19945e-01
1.33555e+00 2.46093e+00 5.38344e-02
1.33555e+00 2.53907e+00 -1.91781e-02
1.33555e+00 2.61718e+00 -9.38388e-02
1.33555e+00 2.69517e+00 -1.63272e-01
1.33555e+00 2.77297e+00 -2.20267e-01
1.33555e+00 2.85051e+00 -2.59068e-01
1.33555e+00 2.92770e+00 -2.77011e-01
1.33555e+00 3.00447e+00 -2.75230e-01
1.33555e+00 3.08076e+00 -2.58012e-01
1.33555e+00 3.15647e+00 -2.31114e-01
1.33555e+00 3.23154e+00 -1.99936e-01
1.33555e+00 3.30590e+00 -1.68420e-01
1.33555e+00 3.37947e+00 -1.38882e-01
1.33555e+00 3.45218e+00 -1.12436e-01
1.33555e+00 3.52396e+00 -8.94862e-02
1.33555e+00 3.59474e+00 -7.00619e-02
1.33555e+00 3.66445e+00 -5.39880e-02
1.33555e+00 3.73303e+00 -4.09666e-02
1.33555e+00 3.80040e+00 -3.06301e-02
1.33555e+00 3.86649e+00 -2.25825e-02
1.33555e+00 3.93125e+00 -1.64309e-02
1.33555e+00 3.99462e+00 -1.18095e-02
1.33555e+00 4.05652e+00 -8.39348e-03
1.33555e+00 4.11690e+00 -5.90599e-03
1.33555e+00 4.17571e+00 -4.11936e-03
1.33555e+00 4.23287e+00 -2.85195e-03
1.33555e+00 4.28835e+00 -1.96270e-03
1.33555e+00 4.34207e+00 -1.34470e-03
1.33555e+00 4.39400e+00 -9.18641e-04
1.33555e+00 4.44407e+00 -6.26812e-04
1.33555e+00 4.49224e+00 -4.27898e-04
1.33555e+00 4.53847e+00 -2.92763e-04
1.33555e+00 4.58271e+00 -2.01112e-04
1.33555e+00 4.62491e+00 -1.38961e-04
1.33555e+00 4.66504e+00 -9.67525e-05
1.33555e+00 4.70305e+00 -6.80040e-05
1.33555e+00 4.73890e+00 -4.83377e-05
1.33555e+00 4.77257e+00 -3.48082e-05
1.33555e+00 4.80402e+00 -2.54370e-05
1.33555e+00 4.83322e+00 -1.88956e-05
1.33555e+00 4.86014e+00 -1.42908e-05
1.33555e+00 4.88475e+00 -1.10207e-05
1.33555e+00 4.90703e+00 -8.67838e-06
1.33555e+00 4.92696e+00 -6.98737e-06
1.33555e+00 4.94452e+00 -5.75914e-06
1.33555e+00 4.95969e+00 -4.86451e-06
1.33555e+00 4.97246e+00 -4.21473e-06
1.33555e+00 4.98281e+00 -3.74889e-06
1.33555e+00 4.99074e+00 -3.42550e-06
1.33555e+00 4.99623e+00 -3.21704e-06
1.33555e+00 4.99928e+00 -3.10635e-06
1.40526e+00 7.15683e-04 2.27266e-04
1.40526e+00 3.77012e-03 1.19720e-03
1.40526e+00 9.26216e-03 2.94118e-03
1.40526e+00 1.71877e-02 5.45779e-03
1.40526e+00 2.75390e-02 8.74437e-03
1.40526e+00 4.03061e-02 1.27971e-02
1.40526e+00 5.54766e-02 1.76112e-02
1.40526e+00 7.30356e-02 2.31800e-02
1.40526e+00 9.29659e-02 2.94955e-02
1.40526e+00 1.15248e-01 3.65477e-02
1.40526e+00 1.39860e-01 4.43244e-02
1.40526e+00 1.66779e-01 5.28106e-02
1.40526e+00 1.95977e-01 6.19884e-02
1.40526e+00 2.27426e-01 7.18367e-02
1.40526e+00 2.61096e-01 8.23302e-02
1.40526e+00 2.96953e-01 9.34393e-02
1.40526e+00 3.34963e-01 1.05130e-01
1.40526e+00 3.75089e-01 1.17361e-01
1.40526e+00 4.17290e-01 1.30086e-01
1.40526e+00 4.61527e-01 1.43252e-01
1.40526e+00 5.07755e-01 1.56796e-01
1.40526e+00 5.55930e-01 1.70648e-01
1.40526e+00 6.06005e-01 1.84727e-01
1.40526e+00 6.57930e-01 1.98940e-01
1.40526e+00 7.11655e-01 2.13183e-01
1.40526e+00 7.67127e-01 2.27341e-01
1.40526e+00 8.24292e-01 2.41281e-01
1.40526e+00 8.83095e-01 2.54862e-01
1.40526e+00 9.43478e-01 2.67926e-01
1.40526e+00 1.00538e+00 2.80311e-01
1.40526e+00 1.06875e+00 2.91845e-01
1.40526e+00 1.13351e+00 3.02364e-01
1.40526e+00 1.19960e+00 3.11715e-01
1.40526e+00 1.26697e+00 3.19771e-01
1.40526e+00 1.33555e+00 3.26446e-01
1.40526e+00 1.40526e+00 3.31697e-01
1.40526e+00 1.47604e+00 3.35523e-01
1.40526e+00 1.54782e+00 3.37943e-01
1.40526e+00 1.62053e+00 3.38947e-01
1.40526e+00 1.69410e+00 3.38437e-01
1.40526e+00 1.76846e+00 3.36142e-01
1.40526e+00 1.84353e+00 3.31534e-01
1.40526e+00 1.91924e+00 3.23750e-01
1.40526e+00 1.99553e+00 3.11544e-01
1.40526e+00 2.07230e+00 2.93298e-01
1.40526e+00 2.14949e+00 2.67129e-01
1.40526e+00 2.22703e+00 2.31141e-01
1.40526e+00 2.30483e+00 1.83845e-01
1.40526e+00 2.38282e+00 1.24736e-01
1.40526e+00 2.46093e+00 5.49508e-02
1.40526e+00 2.53907e+00 -2.22007e-02
1.40526e+00 2.61718e+00 -1.01116e-01
1.40526e+00 2.69517e+00 -1.74475e-01
1.40526e+00 2.77297e+00 -2.34613e-01
1.40526e+00 2.85051e+00 -2.75426e-01
1.40526e+00 2.92770e+00 -2.94105e-01
1.40526e+00 3.00447e+00 -2.91885e-01
1.40526e+00 3.08076e+00 -2.73343e-01
1.40526e+00 3.15647e+00 -2.44603e-01
1.40526e+00 3.23154e+00 -2.11401e-01
1.40526e+00 3.30590e+00 -1.77911e-01
1.40526e+00 3.37947e+00 -1.46577e-01
1.40526e+00 3.45218e+00 -1.18565e-01
1.40526e+00 3.52396e+00 -9.42887e-02
1.40526e+00 3.59474e+00 -7.37664e-02
1.40526e+00 3.66445e+00 -5.68023e-02
1.40526e+00 3.73303e+00 -4.30735e-02
1.40526e+00 3.80040e+00 -3.21853e-02
1.40526e+00 3.86649e+00 -2.37152e-02
1.40526e+00 3.93125e+00 -1.72456e-02
1.40526e+00 3.99462e+00 -1.23887e-02
1.40526e+00 4.05652e+00 -8.80085e-03
1.40526e+00 4.11690e+00 -6.18982e-03
1.40526e+00 4.17571e+00 -4.31550e-03
1.40526e+00 4.23287e+00 -2.98656e-03
1.40526e+00 4.28835e+00 -2.05457e-03
1.40526e+00 4.34207e+00 -1.40715e-03
1.40526e+00 4.39400e+00 -9.60994e-04
1.40526e+00 4.44407e+00 -6.55511e-04
1.40526e+00 4.49224e+00 -4.47363e-04
1.40526e+00 4.53847e+00 -3.06000e-04
1.40526e+00 4.58271e+00 -2.10154e-04
1.40526e+00 4.62491e+00 -1.45175e-04
1.40526e+00 4.66504e+00 -1.01058e-04
1.40526e+00 4.70305e+00 -7.10161e-05
1.40526e+00 4.73890e+00 -5.04696e-05
1.40526e+00 4.77257e+00 -3.63374e-05
1.40526e+00 4.80402e+00 -2.65504e-05
1.40526e+00 4.83322e+00 -1.97199e-05
1.40526e+00 4.86014e+00 -1.49124e-05
1.40526e+00 4.88475e+00 -1.14988e-05
1.40526e+00 4.90703e+00 -9.05391e-06
1.40526e+00 4.92696e+00 -7.28908e-06
1.40526e+00 4.94452e+00 -6.00734e-06
1.40526e+00 4.95969e+00 -5.07382e-06
1.40526e+00 4.97246e+00 -4.39584e-06
1.40526e+00 4.98281e+00 -3.90981e-06
1.40526e+00 4.99074e+00 -3.57242e-06
1.40526e+00 4.99623e+00 -3.35494e-06
1.40526e+00 4.99928e+00 -3.23946e-06
1.47604e+00 7.15683e-04 2.22373e-04
1.47604e+00 3.77012e-03 1.17143e-03
1.47604e+00 9.26216e-03 2.87786e-03
1.47604e+00 1.71877e-02 5.34029e-03
1.47604e+00 2.75390e-02 8.55613e-03
1.47604e+00 4.03061e-02 1.25217e-02
1.47604e+00 5.54766e-02 1.72323e-02
1.47604e+00 7.30356e-02 2.26816e-02
1.47604e+00 9.29659e-02 2.88619e-02
1.47604e+00 1.15248e-01 3.57637e-02
1.47604e+00 1.39860e-01 4.33752e-02
1.47604e+00 1.66779e-01 5.16822e-02
1.47604e+00 1.95977e-01 6.06680e-02
1.47604e+00 2.27426e-01 7.03125e-02
1.47604e+00 2.61096e-01 8.05921e-02
1.47604e+00 2.96953e-01 9.14791e-02
1.47604e+00 3.34963e-01 1.02941e-01
1.47604e+00 3.75089e-01 1.14942e-01
1.47604e+00 4.17290e-01 1.27438e-01
1.47604e+00 4.61527e-01 1.40380e-01
1.47604e+00 5.07755e-01 1.53712e-01
1.47604e+00 5.55930e-01 1.67371e-01
1.47604e+00 6.06005e-01 1.81284e-01
1.47604e+00 6.57930e-01 1.95370e-01
1.47604e+00 7.11655e-01 2.09538e-01
1.47604e+00 7.67127e-01 2.23686e-01
1.47604e+00 8.24292e-01 2.37702e-01
1.47604e+00 8.83095e-01 2.51462e-01
1.47604e+00 9.43478e-01 2.64834e-01
1.47604e+00 1.00538e+00 2.77676e-01
1.47604e+00 1.06875e+00 2.89838e-01
1.47604e+00 1.13351e+00 3.01170e-01
1.47604e+00 1.19960e+00 3.11526e-01
1.47604e+00 1.26697e+00 3.20774e-01
1.47604e+00 1.33555e+00 3.28801e-01
1.47604e+00 1.40526e+00 3.35523e-01
1.47604e+00 1.47604e+00 3.40884e-01
1.47604e+00 1.54782e+00 3.44837e-01
1.47604e+00 1.62053e+00 3.47311e-01
1.47604e+00 1.69410e+00 3.48151e-01
1.47604e+00 1.76846e+00 3.47035e-01
1.47604e+00 1.84353e+00 3.43383e-01
1.47604e+00 1.91924e+00 3.36271e-01
1.47604e+00 1.99553e+00 3.24375e-01
1.47604e+00 2.07230e+00 3.05979e-01
1.47604e+00 2.14949e+00 2.79087e-01
1.47604e+00 2.22703e+00 2.41689e-01
1.47604e+00 2.30483e+00 1.92207e-01
1.47604e+00 2.38282e+00 1.30116e-01
1.47604e+00 2.46093e+00 5.66368e-02
1.47604e+00 2.53907e+00 -2.47010e-02
1.47604e+00 2.61718e+00 -1.07935e-01
1.47604e+00 2.69517e+00 -1.85287e-01
1.47604e+00 2.77297e+00 -2.48629e-01
1.47604e+00 2.85051e+00 -2.91498e-01
1.47604e+00 2.92770e+00 -3.10942e-01
1.47604e+00 3.00447e+00 -3.08298e-01
1.47604e+00 3.08076e+00 -2.88437e-01
1.47604e+00 3.15647e+00 -2.57862e-01
1.47604e+00 3.23154e+00 -2.22646e-01
1.47604e+00 3.30590e+00 -1.87197e-01
1.47604e+00 3.37947e+00 -1.54087e-01
1.47604e+00 3.45218e+00 -1.24531e-01
1.47604e+00 3.52396e+00 -9.89516e-02
1.47604e+00 3.59474e+00 -7.73544e-02
1.47604e+00 3.66445e+00 -5.95218e-02
1.47604e+00 3.73303e+00 -4.51047e-02
1.47604e+00 3.80040e+00 -3.36814e-02
1.47604e+00 3.86649e+00 -2.48025e-02
1.47604e+00 3.93125e+00 -1.80261e-02
1.47604e+00 3.99462e+00 -1.29425e-02
1.47604e+00 4.05652e+00 -9.18963e-03
1.47604e+00 4.11690e+00 -6.46023e-03
1.47604e+00 4.17571e+00 -4.50204e-03
1.47604e+00 4.23287e+00 -3.11437e-03
1.47604e+00 4.28835e+00 -2.14167e-03
1.47604e+00 4.34207e+00 -1.46627e-03
1.47604e+00 4.39400e+00 -1.00103e-03
1.47604e+00 4.44407e+00 -6.82606e-04
1.47604e+00 4.49224e+00 -4.65717e-04
1.47604e+00 4.53847e+00 -3.18466e-04
1.47604e+00 4.58271e+00 -2.18659e-04
1.47604e+00 4.62491e+00 -1.51015e-04
1.47604e+00 4.66504e+00 -1.05100e-04
1.47604e+00 4.70305e+00 -7.38414e-05
1.47604e+00 4.73890e+00 -5.24677e-05
1.47604e+00 4.77257e+00 -3.77694e-05
1.47604e+00 4.80402e+00 -2.75924e-05
1.47604e+00 4.83322e+00 -2.04908e-05
1.47604e+00 4.86014e+00 -1.54933e-05
1.47604e+00 4.88475e+00 -1.19453e-05
1.47604e+00 4.90703e+00 -9.40451e-06
1.47604e+00 4.92696e+00 -7.57063e-06
1.47604e+00 4.94452e+00 -6.23888e-06
1.47604e+00 4.95969e+00 -5.26901e-06
1.47604e+00 4.97246e+00 -4.56468e-06
1.47604e+00 4.98281e+00 -4.05979e-06
1.47604e+00 4.99074e+00 -3.70932e-06
1.47604e+00 4.99623e+00 -3.48342e-06
1.47604e+00 4.99928e+00 -3.36347e-06
1.54782e+00 7.15683e-04 2.17973e-04
1.54782e+00 3.77012e-03 1.14825e-03
1.54782e+00 9.26216e-03 2.82092e-03
1.54782e+00 1.71877e-02 5.23464e-03
1.54782e+00 2.75390e-02 8.38688e-03
1.54782e+00 4.03061e-02 1.22741e-02
1.54782e+00 5.54766e-02 1.68915e-02
1.54782e+00 7.30356e-02 2.22332e-02
1.54782e+00 9.29659e-02 2.82916e-02
1.54782e+00 1.15248e-01 3.50575e-02
1.54782e+00 1.39860e-01 4.25195e-02
1.54782e+00 1.66779e-01 5.06640e-02
1.54782e+00 1.95977e-01 5.94748e-02
1.54782e+00 2.27426e-01 6.89326e-02
1.54782e+00 2.61096e-01 7.90149e-02
1.54782e+00 2.96953e-01 8.96954e-02
1.54782e+00 3.34963e-01 1.00944e-01
1.54782e+00 3.75089e-01 1.12724e-01
1.54782e+00 4.17290e-01 1.24998e-01
1.54782e+00 4.61527e-01 1.37718e-01
1.54782e+00 5.07755e-01 1.50833e-01
1.54782e+00 5.55930e-01 1.64285e-01
1.54782e+00 6.06005e-01 1.78008e-01
1.54782e+00 6.57930e-01 1.91929e-01
1.54782e+00 7.11655e-01 2.05968e-01
1.54782e+00 7.67127e-01 2.20037e-01
1.54782e+00 8.24292e-01 2.34037e-01
1.54782e+00 8.83095e-01 2.47866e-01
1.54782e+00 9.43478e-01 2.61409e-01
1.54782e+00 1.00538e+00 2.74550e-01
1.54782e+00 1.06875e+00 2.87164e-01
1.54782e+00 1.13351e+00 2.99123e-01
1.54782e+00 1.19960e+00 3.10300e-01
1.54782e+00 1.26697e+00 3.20572e-01
1.54782e+00 1.33555e+00 3.29822e-01
1.54782e+00 1.40526e+00 3.37943e-01
1.54782e+00 1.47604e+00 3.44837e-01
1.54782e+00 1.54782e+00 3.50399e-01
1.54782e+00 1.62053e+00 3.54491e-01
1.54782e+00 1.69410e+00 3.56884e-01
1.54782e+00 1.76846e+00 3.57184e-01
1.54782e+00 1.84353e+00 3.54737e-01
1.54782e+00 1.91924e+00 3.48542e-01
1.54782e+00 1.99553e+00 3.37185e-01
1.54782e+00 2.07230e+00 3.18840e-01
1.54782e+00 2.14949e+00 2.91393e-01
1.54782e+00 2.22703e+00 2.52716e-01
1.54782e+00 2.30483e+00 2.01144e-01
1.54782e+00 2.38282e+00 1.36130e-01
1.54782e+00 2.46093e+00 5.89847e-02
1.54782e+00 2.53907e+00 -2.65370e-02
1.54782e+00 2.61718e+00 -1.14105e-01
1.54782e+00 2.69517e+00 -1.95475e-01
1.54782e+00 2.77297e+00 -2.62046e-01
1.54782e+00 2.85051e+00 -3.06999e-01
1.54782e+00 2.92770e+00 -3.27234e-01
1.54782e+00 3.00447e+00 -3.24191e-01
1.54782e+00 3.08076e+00 -3.03043e-01
1.54782e+00 3.15647e+00 -2.70669e-01
1.54782e+00 3.23154e+00 -2.33480e-01
1.54782e+00 3.30590e+00 -1.96118e-01
1.54782e+00 3.37947e+00 -1.61280e-01
1.54782e+00 3.45218e+00 -1.30229e-01
1.54782e+00 3.52396e+00 -1.03392e-01
1.54782e+00 3.59474e+00 -8.07616e-02
1.54782e+00 3.66445e+00 -6.20971e-02
1.54782e+00 3.73303e+00 -4.70232e-02
1.54782e+00 3.80040e+00 -3.50907e-02
1.54782e+00 3.86649e+00 -2.58243e-02
1.54782e+00 3.93125e+00 -1.87577e-02
1.54782e+00 3.99462e+00 -1.34603e-02
1.54782e+00 4.05652e+00 -9.55240e-03
1.54782e+00 4.11690e+00 -6.71200e-03
1.54782e+00 4.17571e+00 -4.67537e-03
1.54782e+00 4.23287e+00 -3.23289e-03
1.54782e+00 4.28835e+00 -2.22228e-03
1.54782e+00 4.34207e+00 -1.52090e-03
1.54782e+00 4.39400e+00 -1.03796e-03
1.54782e+00 4.44407e+00 -7.07556e-04
1.54782e+00 4.49224e+00 -4.82591e-04
1.54782e+00 4.53847e+00 -3.29911e-04
1.54782e+00 4.58271e+00 -2.26457e-04
1.54782e+00 4.62491e+00 -1.56361e-04
1.54782e+00 4.66504e+00 -1.08796e-04
1.54782e+00 4.70305e+00 -7.64221e-05
1.54782e+00 4.73890e+00 -5.42907e-05
1.54782e+00 4.77257e+00 -3.90746e-05
1.54782e+00 4.80402e+00 -2.85412e-05
1.54782e+00 4.83322e+00 -2.11923e-05
1.54782e+00 4.86014e+00 -1.60215e-05
1.54782e+00 4.88475e+00 -1.23510e-05
1.54782e+00 4.90703e+00 -9.72284e-06
1.54782e+00 4.92696e+00 -7.82612e-06
1.54782e+00 4.94452e+00 -6.44888e-06
1.54782e+00 4.95969e+00 -5.44597e-06
1.54782e+00 4.97246e+00 -4.71770e-06
1.54782e+00 4.98281e+00 -4.19568e-06
1.54782e+00 4.99074e+00 -3.83334e-06
1.54782e+00 4.99623e+00 -3.59980e-06
1.54782e+00 4.99928e+00 -3.47579e-06
1.62053e+00 7.15683e-04 2.13885e-04
1.62053e+00 3.77012e-03 1.12672e-03
1.62053e+00 9.26216e-03 2.76802e-03
1.62053e+00 1.71877e-02 5.13647e-03
1.62053e+00 2.75390e-02 8.22958e-03
1.62053e+00 4.03061e-02 1.20439e-02
1.62053e+00 5.54766e-02 1.65747e-02
1.62053e+00 7.30356e-02 2.18163e-02
1.62053e+00 9.29659e-02 2.77612e-02
1.62053e+00 1.15248e-01 3.44003e-02
1.62053e+00 1.39860e-01 4.17226e-02
1.62053e+00 1.66779e-01 4.97147e-02
1.62053e+00 1.95977e-01 5.83610e-02
1.62053e+00 2.27426e-01 6.76425e-02
1.62053e+00 2.61096e-01 7.75375e-02
1.62053e+00 2.96953e-01 8.80204e-02
1.62053e+00 3.34963e-01 9.90619e-02
1.62053e+00 3.75089e-01 1.10628e-01
1.62053e+00 4.17290e-01 1.22682e-01
1.62053e+00 4.61527e-01 1.35178e-01
1.62053e+00 5.07755e-01 1.48069e-01
1.62053e+00 5.55930e-01 1.61300e-01
1.62053e+00 6.06005e-01 1.74812e-01
1.62053e+00 6.57930e-01 1.88537e-01
1.62053e+00 7.11655e-01 2.02405e-01
1.62053e+00 7.67127e-01 2.16336e-01
1.62053e+00 8.24292e-01 2.30248e-01
1.62053e+00 8.83095e-01 2.44053e-01
1.62053e+00 9.43478e-01 2.57657e-01
1.62053e+00 1.00538e+00 2.70964e-01
1.62053e+00 1.06875e+00 2.83877e-01
1.62053e+00 1.13351e+00 2.96294e-01
1.62053e+00 1.19960e+00 3.08113e-01
1.62053e+00 1.26697e+00 3.19233e-01
1.62053e+00 1.33555e+00 3.29547e-01
1.62053e+00 1.40526e+00 3.38947e-01
1.62053e+00 1.47604e+00 3.47311e-01
1.62053e+00 1.54782e+00 3.54491e-01
1.62053e+00 1.62053e+00 3.60284e-01
1.62053e+00 1.69410e+00 3.64381e-01
1.62053e+00 1.76846e+00 3.66301e-01
1.62053e+00 1.84353e+00 3.65297e-01
1.62053e+00 1.91924e+00 3.60267e-01
1.62053e+00 1.99553e+00 3.49690e-01
1.62053e+00 2.07230e+00 3.31622e-01
1.62053e+00 2.14949e+00 3.03820e-01
1.62053e+00 2.22703e+00 2.64037e-01
1.62053e+00 2.30483e+00 2.10519e-01
1.62053e+00 2.38282e+00 1.42704e-01
1.62053e+00 2.46093e+00 6.19890e-02
1.62053e+00 2.53907e+00 -2.76387e-02
1.62053e+00 2.61718e+00 -1.19479e-01
1.62053e+00 2.69517e+00 -2.04823e-01
1.62053e+00 2.77297e+00 -2.74596e-01
1.62053e+00 2.85051e+00 -3.21622e-01
1.62053e+00 2.92770e+00 -3.42660e-01
1.62053e+00 3.00447e+00 -3.39253e-01
1.62053e+00 3.08076e+00 -3.16871e-01
1.62053e+00 3.15647e+00 -2.82767e-01
1.62053e+00 3.23154e+00 -2.43685e-01
1.62053e+00 3.30590e+00 -2.04493e-01
1.62053e+00 3.37947e+00 -1.68009e-01
1.62053e+00 3.45218e+00 -1.35540e-01
1.62053e+00 3.52396e+00 -1.07517e-01
1.62053e+00 3.59474e+00 -8.39155e-02
1.62053e+00 3.66445e+00 -6.44729e-02
1.62053e+00 3.73303e+00 -4.87872e-02
1.62053e+00 3.80040e+00 -3.63825e-02
1.62053e+00 3.86649e+00 -2.67578e-02
1.62053e+00 3.93125e+00 -1.94241e-02
1.62053e+00 3.99462e+00 -1.39307e-02
1.62053e+00 4.05652e+00 -9.88097e-03
1.62053e+00 4.11690e+00 -6.93940e-03
1.62053e+00 4.17571e+00 -4.83151e-03
1.62053e+00 4.23287e+00 -3.33939e-03
1.62053e+00 4.28835e+00 -2.29455e-03
1.62053e+00 4.34207e+00 -1.56974e-03
1.62053e+00 4.39400e+00 -1.07091e-03
1.62053e+00 4.44407e+00 -7.29770e-04
1.62053e+00 4.49224e+00 -4.97586e-04
1.62053e+00 4.53847e+00 -3.40061e-04
1.62053e+00 4.58271e+00 -2.33360e-04
1.62053e+00 4.62491e+00 -1.61086e-04
1.62053e+00 4.66504e+00 -1.12057e-04
1.62053e+00 4.70305e+00 -7.86955e-05
1.62053e+00 4.73890e+00 -5.58944e-05
1.62053e+00 4.77257e+00 -4.02213e-05
1.62053e+00 4.80402e+00 -2.93737e-05
1.62053e+00 4.83322e+00 -2.18071e-05
1.62053e+00 4.86014e+00 -1.64839e-05
1.62053e+00 4.88475e+00 -1.27059e-05
1.62053e+00 4.90703e+00 -1.00011e-05
1.62053e+00 4.92696e+00 -8.04925e-06
1.62053e+00 4.94452e+00 -6.63216e-06
1.62053e+00 4.95969e+00 -5.60032e-06
1.62053e+00 4.97246e+00 -4.85111e-06
1.62053e+00 4.98281e+00 -4.31410e-06
1.62053e+00 4.99074e+00 -3.94139e-06
1.62053e+00 4.99623e+00 -3.70116e-06
1.62053e+00 4.99928e+00 -3.57361e-06
1.69410e+00 7.15683e-04 2.09869e-04
1.69410e+00 3.77012e-03 1.10556e-03
1.69410e+00 9.26216e-03 2.71604e-03
1.69410e+00 1.71877e-02 5.04003e-03
1.69410e+00 2.75390e-02 8.07506e-03
1.69410e+00 4.03061e-02 1.18177e-02
1.69410e+00 5.54766e-02 1.62635e-02
1.69410e+00 7.30356e-02 2.14065e-02
1.69410e+00 9.29659e-02 2.72397e-02
1.69410e+00 1.15248e-01 3.37539e-02
1.69410e+00 1.39860e-01 4.09383e-02
1.69410e+00 1.66779e-01 4.87798e-02
1.69410e+00 1.95977e-01 5.72629e-02
1.69410e+00 2.27426e-01 6.63691e-02
1.69410e+00 2.61096e-01 7.60768e-02
1.69410e+00 2.96953e-01 8.63613e-02
1.69410e+00 3.34963e-01 9.71938e-02
1.69410e+00 3.75089e-01 1.08542e-01
1.69410e+00 4.17290e-01 1.20368e-01
1.69410e+00 4.61527e-01 1.32630e-01
1.69410e+00 5.07755e-01 1.45283e-01
1.69410e+00 5.55930e-01 1.58275e-01
1.69410e+00 6.06005e-01 1.71550e-01
1.69410e+00 6.57930e-01 1.85047e-01
1.69410e+00 7.11655e-01 1.98701e-01
1.69410e+00 7.67127e-01 2.12443e-01
1.69410e+00 8.24292e-01 2.26201e-01
1.69410e+00 8.83095e-01 2.39902e-01
1.69410e+00 9.43478e-01 2.53469e-01
1.69410e+00 1.00538e+00 2.66829e-01
1.69410e+00 1.06875e+00 2.79906e-01
1.69410e+00 1.13351e+00 2.92628e-01
1.69410e+00 1.19960e+00 3.04921e-01
1.69410e+00 1.26697e+00 3.16711e-01
1.69410e+00 1.33555e+00 3.27915e-01
1.69410e+00 1.40526e+00 3.38437e-01
1.69410e+00 1.47604e+00 3.48151e-01
1.69410e+00 1.54782e+00 3.56884e-01
1.69410e+00 1.62053e+00 3.64381e-01
1.69410e+00 1.69410e+00 3.70260e-01
1.69410e+00 1.76846e+00 3.73943e-01
1.69410e+00 1.84353e+00 3.74576e-01
1.69410e+00 1.91924e+00 3.70939e-01
1.69410e+00 1.99553e+00 3.61382e-01
1.69410e+00 2.07230e+00 3.43830e-01
1.69410e+00 2.14949e+00 3.15906e-01
1.69410e+00 2.22703e+00 2.75238e-01
1.69410e+00 2.30483e+00 2.19987e-01
1.69410e+00 2.38282e+00 1.49572e-01
1.69410e+00 2.46093e+00 6.54840e-02
1.69410e+00 2.53907e+00 -2.80622e-02
1.69410e+00 2.61718e+00 -1.24002e-01
1.69410e+00 2.69517e+00 -2.13167e-01
1.69410e+00 2.77297e+00 -2.86028e-01
1.69410e+00 2.85051e+00 -3.35058e-01
1.69410e+00 2.92770e+00 -3.56881e-01
1.69410e+00 3.00447e+00 -3.53144e-01
1.69410e+00 3.08076e+00 -3.29604e-01
1.69410e+00 3.15647e+00 -2.93875e-01
1.69410e+00 3.23154e+00 -2.53019e-01
1.69410e+00 3.30590e+00 -2.12122e-01
1.69410e+00 3.37947e+00 -1.74112e-01
1.69410e+00 3.45218e+00 -1.40335e-01
1.69410e+00 3.52396e+00 -1.11223e-01
1.69410e+00 3.59474e+00 -8.67372e-02
1.69410e+00 3.66445e+00 -6.65892e-02
1.69410e+00 3.73303e+00 -5.03517e-02
1.69410e+00 3.80040e+00 -3.75233e-02
1.69410e+00 3.86649e+00 -2.75789e-02
1.69410e+00 3.93125e+00 -2.00079e-02
1.69410e+00 3.99462e+00 -1.43411e-02
1.69410e+00 4.05652e+00 -1.01665e-02
1.69410e+00 4.11690e+00 -7.13631e-03
1.69410e+00 4.17571e+00 -4.96623e-03
1.69410e+00 4.23287e+00 -3.43096e-03
1.69410e+00 4.28835e+00 -2.35646e-03
1.69410e+00 4.34207e+00 -1.61147e-03
1.69410e+00 4.39400e+00 -1.09896e-03
1.69410e+00 4.44407e+00 -7.48627e-04
1.69410e+00 4.49224e+00 -5.10277e-04
1.69410e+00 4.53847e+00 -3.48629e-04
1.69410e+00 4.58271e+00 -2.39172e-04
1.69410e+00 4.62491e+00 -1.65055e-04
1.69410e+00 4.66504e+00 -1.14789e-04
1.69410e+00 4.70305e+00 -8.05961e-05
1.69410e+00 4.73890e+00 -5.72323e-05
1.69410e+00 4.77257e+00 -4.11761e-05
1.69410e+00 4.80402e+00 -3.00657e-05
1.69410e+00 4.83322e+00 -2.23172e-05
1.69410e+00 4.86014e+00 -1.68670e-05
1.69410e+00 4.88475e+00 -1.29995e-05
1.69410e+00 4.90703e+00 -1.02309e-05
1.69410e+00 4.92696e+00 -8.23341e-06
1.69410e+00 4.94452e+00 -6.78328e-06
1.69410e+00 4.95969e+00 -5.72749e-06
1.69410e+00 4.97246e+00 -4.96094e-06
1.69410e+00 4.98281e+00 -4.41154e-06
1.69410e+00 4.99074e+00 -4.03025e-06
1.69410e+00 4.99623e+00 -3.78450e-06
1.69410e+00 4.99928e+00 -3.65402e-06
1.76846e+00 7.15683e-04 2.05613e-04
1.76846e+00 3.77012e-03 1.08314e-03
1.76846e+00 9.26216e-03 2.66096e-03
1.76846e+00 1.71877e-02 4.93781e-03
1.76846e+00 2.75390e-02 7.91128e-03
1.76846e+00 4.03061e-02 1.15780e-02
1.76846e+00 5.54766e-02 1.59335e-02
1.76846e+00 7.30356e-02 2.09721e-02
1.76846e+00 9.29659e-02 2.66867e-02
1.76846e+00 1.15248e-01 3.30683e-02
1.76846e+00 1.39860e-01 4.01061e-02
1.76846e+00 1.66779e-01 4.77874e-02
1.76846e+00 1.95977e-01 5.60965e-02
1.76846e+00 2.27426e-01 6.50153e-02
1.76846e+00 2.61096e-01 7.45225e-02
1.76846e+00 2.96953e-01 8.45935e-02
1.76846e+00 3.34963e-01 9.52001e-02
1.76846e+00 3.75089e-01 1.06310e-01
1.76846e+00 4.17290e-01 1.17888e-01
1.76846e+00 4.61527e-01 1.29892e-01
1.76846e+00 5.07755e-01 1.42279e-01
1.76846e+00 5.55930e-01 1.55000e-01
1.76846e+00 6.06005e-01 1.68001e-01
1.76846e+00 6.57930e-01 1.81226e-01
1.76846e+00 7.11655e-01 1.94617e-01
1.76846e+00 7.67127e-01 2.08111e-01
1.76846e+00 8.24292e-01 2.21647e-01
1.76846e+00 8.83095e-01 2.35163e-01
1.76846e+00 9.43478e-01 2.48600e-01
1.76846e+00 1.00538e+00 2.61902e-01
1.76846e+00 1.06875e+00 2.75016e-01
1.76846e+00 1.13351e+00 2.87897e-01
1.76846e+00 1.19960e+00 3.00500e-01
1.76846e+00 1.26697e+00 3.12780e-01
1.76846e+00 1.33555e+00 3.24686e-01
1.76846e+00 1.40526e+00 3.36142e-01
1.76846e+00 1.47604e+00 3.47035e-01
1.76846e+00 1.54782e+00 3.57184e-01
1.76846e+00 1.62053e+00 3.66301e-01
1.76846e+00 1.69410e+00 3.73943e-01
1.76846e+00 1.76846e+00 3.79444e-01
1.76846e+00 1.84353e+00 3.81835e-01
1.76846e+00 1.91924e+00 3.79766e-01
1.76846e+00 1.99553e+00 3.71445e-01
1.76846e+00 2.07230e+00 3.54651e-01
1.76846e+00 2.14949e+00 3.26864e-01
1.76846e+00 2.22703e+00 2.85589e-01
1.76846e+00 2.30483e+00 2.28899e-01
1.76846e+00 2.38282e+00 1.56198e-01
1.76846e+00 2.46093e+00 6.90691e-02
1.76846e+00 2.53907e+00 -2.80536e-02
1.76846e+00 2.61718e+00 -1.27757e-01
1.76846e+00 2.69517e+00 -2.20442e-01
1.76846e+00 2.77297e+00 -2.96144e-01
1.76846e+00 2.85051e+00 -3.47016e-01
1.76846e+00 2.92770e+00 -3.69555e-01
1.76846e+00 3.00447e+00 -3.65507e-01
1.76846e+00 3.08076e+00 -3.40903e-01
1.76846e+00 3.15647e+00 -3.03690e-01
1.76846e+00 3.23154e+00 -2.61223e-01
1.76846e+00 3.30590e+00 -2.18788e-01
1.76846e+00 3.37947e+00 -1.79411e-01
1.76846e+00 3.45218e+00 -1.44474e-01
1.76846e+00 3.52396e+00 -1.14403e-01
1.76846e+00 3.59474e+00 -8.91427e-02
1.76846e+00 3.66445e+00 -6.83822e-02
1.76846e+00 3.73303e+00 -5.16691e-02
1.76846e+00 3.80040e+00 -3.84781e-02
1.76846e+00 3.86649e+00 -2.82619e-02
1.76846e+00 3.93125e+00 -2.04906e-02
1.76846e+00 3.99462e+00 -1.46785e-02
1.76846e+00 4.05652e+00 -1.04000e-02
1.76846e+00 4.11690e+00 -7.29637e-03
1.76846e+00 4.17571e+00 -5.07513e-03
1.76846e+00 4.23287e+00 -3.50458e-03
1.76846e+00 4.28835e+00 -2.40599e-03
1.76846e+00 4.34207e+00 -1.64466e-03
1.76846e+00 4.39400e+00 -1.12118e-03
1.76846e+00 4.44407e+00 -7.63487e-04
1.76846e+00 4.49224e+00 -5.20232e-04
1.76846e+00 4.53847e+00 -3.55320e-04
1.76846e+00 4.58271e+00 -2.43691e-04
1.76846e+00 4.62491e+00 -1.68128e-04
1.76846e+00 4.66504e+00 -1.16897e-04
1.76846e+00 4.70305e+00 -8.20570e-05
1.76846e+00 4.73890e+00 -5.82571e-05
1.76846e+00 4.77257e+00 -4.19052e-05
1.76846e+00 4.80402e+00 -3.05925e-05
1.76846e+00 4.83322e+00 -2.27044e-05
1.76846e+00 4.86014e+00 -1.71571e-05
1.76846e+00 4.88475e+00 -1.32212e-05
1.76846e+00 4.90703e+00 -1.04042e-05
1.76846e+00 4.92696e+00 -8.37194e-06
1.76846e+00 4.94452e+00 -6.89677e-06
1.76846e+00 4.95969e+00 -5.82284e-06
1.76846e+00 4.97246e+00 -5.04320e-06
1.76846e+00 4.98281e+00 -4.48445e-06
1.76846e+00 4.99074e+00 -4.09668e-06
1.76846e+00 4.99623e+00 -3.84678e-06
1.76846e+00 4.99928e+00 -3.71409e-06
1.84353e+00 7.15683e-04 2.00709e-04
1.84353e+00 3.77012e-03 1.05731e-03
1.84353e+00 9.26216e-03 2.59750e-03
1.84353e+00 1.71877e-02 4.82004e-03
1.84353e+00 2.75390e-02 7.72257e-03
1.84353e+00 4.03061e-02 1.13018e-02
1.84353e+00 5.54766e-02 1.55533e-02
1.84353e+00 7.30356e-02 2.04716e-02
1.84353e+00 9.29659e-02 2.60494e-02
1.84353e+00 1.15248e-01 3.22780e-02
1.84353e+00 1.39860e-01 3.91469e-02
1.84353e+00 1.66779e-01 4.66430e-02
1.84353e+00 1.95977e-01 5.47512e-02
1.84353e+00 2.27426e-01 6.34532e-02
1.84353e+00 2.61096e-01 7.27281e-02
1.84353e+00 2.96953e-01 8.25514e-02
1.84353e+00 3.34963e-01 9.28953e-02
1.84353e+00 3.75089e-01 1.03728e-01
1.84353e+00 4.17290e-01 1.15014e-01
1.84353e+00 4.61527e-01 1.26715e-01
1.84353e+00 5.07755e-01 1.38786e-01
1.84353e+00 5.55930e-01 1.51181e-01
1.84353e+00 6.06005e-01 1.63850e-01
1.84353e+00 6.57930e-01 1.76740e-01
1.84353e+00 7.11655e-01 1.89797e-01
1.84353e+00 7.67127e-01 2.02967e-01
1.84353e+00 8.24292e-01 2.16195e-01
1.84353e+00 8.83095e-01 2.29431e-01
1.84353e+00 9.43478e-01 2.42630e-01
1.84353e+00 1.00538e+00 2.55752e-01
1.84353e+00 1.06875e+00 2.68767e-01
1.84353e+00 1.13351e+00 2.81651e-01
1.84353e+00 1.19960e+00 2.94390e-01
1.84353e+00 1.26697e+00 3.06969e-01
1.84353e+00 1.33555e+00 3.19365e-01
1.84353e+00 1.40526e+00 3.31534e-01
1.84353e+00 1.47604e+00 3.43383e-01
1.84353e+00 1.54782e+00 3.54737e-01
1.84353e+00 1.62053e+00 3.65297e-01
1.84353e+00 1.69410e+00 3.74576e-01
1.84353e+00 1.76846e+00 3.81835e-01
1.84353e+00 1.84353e+00 3.86001e-01
1.84353e+00 1.91924e+00 3.85590e-01
1.84353e+00 1.99553e+00 3.78666e-01
1.84353e+00 2.07230e+00 3.62853e-01
1.84353e+00 2.14949e+00 3.35486e-01
1.84353e+00 2.22703e+00 2.93941e-01
1.84353e+00 2.30483e+00 2.36210e-01
1.84353e+00 2.38282e+00 1.61684e-01
1.84353e+00 2.46093e+00 7.20282e-02
1.84353e+00 2.53907e+00 -2.81197e-02
1.84353e+00 2.61718e+00 -1.31032e-01
1.84353e+00 2.69517e+00 -2.26720e-01
1.84353e+00 2.77297e+00 -3.04837e-01
1.84353e+00 2.85051e+00 -3.57251e-01
1.84353e+00 2.92770e+00 -3.80354e-01
1.84353e+00 3.00447e+00 -3.75986e-01
1.84353e+00 3.08076e+00 -3.50418e-01
1.84353e+00 3.15647e+00 -3.11894e-01
1.84353e+00 3.23154e+00 -2.68026e-01
1.84353e+00 3.30590e+00 -2.24267e-01
1.84353e+00 3.37947e+00 -1.83728e-01
1.84353e+00 3.45218e+00 -1.47812e-01
1.84353e+00 3.52396e+00 -1.16943e-01
1.84353e+00 3.59474e+00 -9.10460e-02
1.84353e+00 3.66445e+00 -6.97868e-02
1.84353e+00 3.73303e+00 -5.26909e-02
1.84353e+00 3.80040e+00 -3.92112e-02
1.84353e+00 3.86649e+00 -2.87811e-02
1.84353e+00 3.93125e+00 -2.08539e-02
1.84353e+00 3.99462e+00 -1.49298e-02
1.84353e+00 4.05652e+00 -1.05721e-02
1.84353e+00 4.11690e+00 -7.41320e-03
1.84353e+00 4.17571e+00 -5.15382e-03
1.84353e+00 4.23287e+00 -3.55725e-03
1.84353e+00 4.28835e+00 -2.44107e-03
1.84353e+00 4.34207e+00 -1.66796e-03
1.84353e+00 4.39400e+00 -1.13662e-03
1.84353e+00 4.44407e+00 -7.73718e-04
1.84353e+00 4.49224e+00 -5.27024e-04
1.84353e+00 4.53847e+00 -3.59844e-04
1.84353e+00 4.58271e+00 -2.46720e-04
1.84353e+00 4.62491e+00 -1.70171e-04
1.84353e+00 4.66504e+00 -1.18287e-04
1.84353e+00 4.70305e+00 -8.30128e-05
1.84353e+00 4.73890e+00 -5.89228e-05
1.84353e+00 4.77257e+00 -4.23753e-05
1.84353e+00 4.80402e+00 -3.09299e-05
1.84353e+00 4.83322e+00 -2.29509e-05
1.84353e+00 4.86014e+00 -1.73407e-05
1.84353e+00 4.88475e+00 -1.33609e-05
1.84353e+00 4.90703e+00 -1.05128e-05
1.84353e+00 4.92696e+00 -8.45838e-06
1.84353e+00 4.94452e+00 -6.96730e-06
1.84353e+00 4.95969e+00 -5.88190e-06
1.84353e+00 4.97246e+00 -5.09400e-06
1.84353e+00 4.98281e+00 -4.52937e-06
1.84353e+00 4.99074e+00 -4.13755e-06
1.84353e+00 4.99623e+00 -3.88503e-06
1.84353e+00 4.99928e+00 -3.75097e-06
1.91924e+00 7.15683e-04 1.94634e-04
1.91924e+00 3.77012e-03 1.02530e-03
1.91924e+00 9.26216e-03 2.51887e-03
1.91924e+00 1.71877e-02 4.67413e-03
1.91924e+00 2.75390e-02 7.48878e-03
1.91924e+00 4.03061e-02 1.09596e-02
1.91924e+00 5.54766e-02 1.50823e-02
1.91924e+00 7.30356e-02 1.98513e-02
1.91924e+00 9.29659e-02 2.52598e-02
1.91924e+00 1.15248e-01 3.12989e-02
1.91924e+00 1.39860e-01 3.79583e-02
1.91924e+00 1.66779e-01 4.52250e-02
1.91924e+00 1.95977e-01 5.30840e-02
1.91924e+00 2.27426e-01 6.15172e-02
1.91924e+00 2.61096e-01 7.05038e-02
1.91924e+00 2.96953e-01 8.00196e-02
1.91924e+00 3.34963e-01 9.00369e-02
1.91924e+00 3.75089e-01 1.00524e-01
1.91924e+00 4.17290e-01 1.11447e-01
1.91924e+00 4.61527e-01 1.22767e-01
1.91924e+00 5.07755e-01 1.34442e-01
1.91924e+00 5.55930e-01 1.46426e-01
1.91924e+00 6.06005e-01 1.58672e-01
1.91924e+00 6.57930e-01 1.71130e-01
1.91924e+00 7.11655e-01 1.83751e-01
1.91924e+00 7.67127e-01 1.96485e-01
1.91924e+00 8.24292e-01 2.09287e-01
1.91924e+00 8.83095e-01 2.22115e-01
1.91924e+00 9.43478e-01 2.34936e-01
1.91924e+00 1.00538e+00 2.47727e-01
1.91924e+00 1.06875e+00 2.60475e-01
1.91924e+00 1.13351e+00 2.73179e-01
1.91924e+00 1.19960e+00 2.85849e-01
1.91924e+00 1.26697e+00 2.98499e-01
1.91924e+00 1.33555e+00 3.11138e-01
1.91924e+00 1.40526e+00 3.23750e-01
1.91924e+00 1.47604e+00 3.36271e-01
1.91924e+00 1.54782e+00 3.48542e-01
1.91924e+00 1.62053e+00 3.60267e-01
1.91924e+00 1.69410e+00 3.70939e-01
1.91924e+00 1.76846e+00 3.79766e-01
1.91924e+00 1.84353e+00 3.85590e-01
1.91924e+00 1.91924e+00 3.86816e-01
1.91924e+00 1.99553e+00 3.81365e-01
1.91924e+00 2.07230e+00 3.66716e-01
1.91924e+00 2.14949e+00 3.40058e-01
1.91924e+00 2.22703e+00 2.98648e-01
1.91924e+00 2.30483e+00 2.40401e-01
1.91924e+00 2.38282e+00 1.64691e-01
1.91924e+00 2.46093e+00 7.32576e-02
1.91924e+00 2.53907e+00 -2.90920e-02
1.91924e+00 2.61718e+00 -1.34368e-01
1.91924e+00 2.69517e+00 -2.32264e-01
1.91924e+00 2.77297e+00 -3.12124e-01
1.91924e+00 2.85051e+00 -3.65596e-01
1.91924e+00 2.92770e+00 -3.88993e-01
1.91924e+00 3.00447e+00 -3.84239e-01
1.91924e+00 3.08076e+00 -3.57807e-01
1.91924e+00 3.15647e+00 -3.18174e-01
1.91924e+00 3.23154e+00 -2.73157e-01
1.91924e+00 3.30590e+00 -2.28335e-01
1.91924e+00 3.37947e+00 -1.86880e-01
1.91924e+00 3.45218e+00 -1.50208e-01
1.91924e+00 3.52396e+00 -1.18734e-01
1.91924e+00 3.59474e+00 -9.23621e-02
1.91924e+00 3.66445e+00 -7.07392e-02
1.91924e+00 3.73303e+00 -5.33696e-02
1.91924e+00 3.80040e+00 -3.96880e-02
1.91924e+00 3.86649e+00 -2.91114e-02
1.91924e+00 3.93125e+00 -2.10797e-02
1.91924e+00 3.99462e+00 -1.50824e-02
1.91924e+00 4.05652e+00 -1.06741e-02
1.91924e+00 4.11690e+00 -7.48070e-03
1.91924e+00 4.17571e+00 -5.19812e-03
1.91924e+00 4.23287e+00 -3.58612e-03
1.91924e+00 4.28835e+00 -2.45978e-03
1.91924e+00 4.34207e+00 -1.68003e-03
1.91924e+00 4.39400e+00 -1.14439e-03
1.91924e+00 4.44407e+00 -7.78724e-04
1.91924e+00 4.49224e+00 -5.30250e-04
1.91924e+00 4.53847e+00 -3.61929e-04
1.91924e+00 4.58271e+00 -2.48075e-04
1.91924e+00 4.62491e+00 -1.71057e-04
1.91924e+00 4.66504e+00 -1.18872e-04
1.91924e+00 4.70305e+00 -8.34028e-05
1.91924e+00 4.73890e+00 -5.91862e-05
1.91924e+00 4.77257e+00 -4.25559e-05
1.91924e+00 4.80402e+00 -3.10558e-05
1.91924e+00 4.83322e+00 -2.30404e-05
1.91924e+00 4.86014e+00 -1.74055e-05
1.91924e+00 4.88475e+00 -1.34089e-05
1.91924e+00 4.90703e+00 -1.05492e-05
1.91924e+00 4.92696e+00 -8.48673e-06
1.91924e+00 4.94452e+00 -6.98997e-06
1.91924e+00 4.95969e+00 -5.90054e-06
1.91924e+00 4.97246e+00 -5.10978e-06
1.91924e+00 4.98281e+00 -4.54315e-06
1.91924e+00 4.99074e+00 -4.14995e-06
1.91924e+00 4.99623e+00 -3.89656e-06
1.91924e+00 4.99928e+00 -3.76204e-06
1.99553e+00 7.15683e-04 1.86729e-04
1.99553e+00 3.77012e-03 9.83664e-04
1.99553e+00 9.26216e-03 2.41657e-03
1.99553e+00 1.71877e-02 4.48430e-03
1.99553e+00 2.75390e-02 7.18462e-03
1.99553e+00 4.03061e-02 1.05144e-02
1.99553e+00 5.54766e-02 1.44695e-02
1.99553e+00 7.30356e-02 1.90445e-02
1.99553e+00 9.29659e-02 2.42326e-02
1.99553e+00 1.15248e-01 3.00252e-02
1.99553e+00 1.39860e-01 3.64120e-02
1.99553e+00 1.66779e-01 4.33804e-02
1.99553e+00 1.95977e-01 5.09153e-02
1.99553e+00 2.27426e-01 5.89989e-02
1.99553e+00 2.61096e-01 6.76105e-02
1.99553e+00 2.96953e-01 7.67261e-02
1.99553e+00 3.34963e-01 8.63184e-02
1.99553e+00 3.75089e-01 9.63564e-02
1.99553e+00 4.17290e-01 1.06806e-01
1.99553e+00 4.61527e-01 1.17629e-01
1.99553e+00 5.07755e-01 1.28784e-01
1.99553e+00 5.55930e-01 1.40228e-01
1.99553e+00 6.06005e-01 1.51915e-01
1.99553e+00 6.57930e-01 1.63799e-01
1.99553e+00 7.11655e-01 1.75833e-01
1.99553e+00 7.67127e-01 1.87974e-01
1.99553e+00 8.24292e-01 2.00181e-01
1.99553e+00 8.83095e-01 2.12423e-01
1.99553e+00 9.43478e-01 2.24677e-01
1.99553e+00 1.00538e+00 2.36932e-01
1.99553e+00 1.06875e+00 2.49192e-01
1.99553e+00 1.13351e+00 2.61477e-01
1.99553e+00 1.19960e+00 2.73817e-01
1.99553e+00 1.26697e+00 2.86254e-01
1.99553e+00 1.33555e+00 2.98825e-01
1.99553e+00 1.40526e+00 3.11544e-01
1.99553e+00 1.47604e+00 3.24375e-01
1.99553e+00 1.54782e+00 3.37185e-01
1.99553e+00 1.62053e+00 3.49690e-01
1.99553e+00 1.69410e+00 3.61382e-01
1.99553e+00 1.76846e+00 3.71445e-01
1.99553e+00 1.84353e+00 3.78666e-01
1.99553e+00 1.91924e+00 3.81365e-01
1.99553e+00 1.99553e+00 3.77355e-01
1.99553e+00 2.07230e+00 3.63987e-01
1.99553e+00 2.14949e+00 3.38326e-01
1.99553e+00 2.22703e+00 2.97526e-01
1.99553e+00 2.30483e+00 2.39429e-01
1.99553e+00 2.38282e+00 1.63399e-01
1.99553e+00 2.46093e+00 7.12243e-02
1.99553e+00 2.53907e+00 -3.21662e-02
1.99553e+00 2.61718e+00 -1.38600e-01
1.99553e+00 2.69517e+00 -2.37557e-01
1.99553e+00 2.77297e+00 -3.18182e-01
1.99553e+00 2.85051e+00 -3.71985e-01
1.99553e+00 2.92770e+00 -3.95248e-01
1.99553e+00 3.00447e+00 -3.89965e-01
1.99553e+00 3.08076e+00 -3.62748e-01
1.99553e+00 3.15647e+00 -3.22231e-01
1.99553e+00 3.23154e+00 -2.76356e-01
1.99553e+00 3.30590e+00 -2.30777e-01
1.99553e+00 3.37947e+00 -1.88695e-01
1.99553e+00 3.45218e+00 -1.51527e-01
1.99553e+00 3.52396e+00 -1.19670e-01
1.99553e+00 3.59474e+00 -9.30117e-02
1.99553e+00 3.66445e+00 -7.11797e-02
1.99553e+00 3.73303e+00 -5.36613e-02
1.99553e+00 3.80040e+00 -3.98762e-02
1.99553e+00 3.86649e+00 -2.92296e-02
1.99553e+00 3.93125e+00 -2.11518e-02
1.99553e+00 3.99462e+00 -1.51247e-02
1.99553e+00 4.05652e+00 -1.06979e-02
1.99553e+00 4.11690e+00 -7.49334e-03
1.99553e+00 4.17571e+00 -5.20425e-03
1.99553e+00 4.23287e+00 -3.58862e-03
1.99553e+00 4.28835e+00 -2.46038e-03
1.99553e+00 4.34207e+00 -1.67973e-03
1.99553e+00 4.39400e+00 -1.14373e-03
1.99553e+00 4.44407e+00 -7.77978e-04
1.99553e+00 4.49224e+00 -5.29555e-04
1.99553e+00 4.53847e+00 -3.61336e-04
1.99553e+00 4.58271e+00 -2.47592e-04
1.99553e+00 4.62491e+00 -1.70675e-04
1.99553e+00 4.66504e+00 -1.18575e-04
1.99553e+00 4.70305e+00 -8.31738e-05
1.99553e+00 4.73890e+00 -5.90101e-05
1.99553e+00 4.77257e+00 -4.24204e-05
1.99553e+00 4.80402e+00 -3.09509e-05
1.99553e+00 4.83322e+00 -2.29584e-05
1.99553e+00 4.86014e+00 -1.73408e-05
1.99553e+00 4.88475e+00 -1.33571e-05
1.99553e+00 4.90703e+00 -1.05071e-05
1.99553e+00 4.92696e+00 -8.45189e-06
1.99553e+00 4.94452e+00 -6.96057e-06
1.99553e+00 4.95969e+00 -5.87522e-06
1.99553e+00 4.97246e+00 -5.08749e-06
1.99553e+00 4.98281e+00 -4.52306e-06
1.99553e+00 4.99074e+00 -4.13142e-06
1.99553e+00 4.99623e+00 -3.87905e-06
1.99553e+00 4.99928e+00 -3.74506e-06
2.07230e+00 7.15683e-04 1.76211e-04
2.07230e+00 3.77012e-03 9.28254e-04
2.07230e+00 9.26216e-03 2.28045e-03
2.07230e+00 1.71877e-02 4.23168e-03
2.07230e+00 2.75390e-02 6.77986e-03
2.07230e+00 4.03061e-02 9.92198e-03
2.07230e+00 5.54766e-02 1.36540e-02
2.07230e+00 7.30356e-02 1.79708e-02
2.07230e+00 9.29659e-02 2.28656e-02
2.07230e+00 1.15248e-01 2.83303e-02
2.07230e+00 1.39860e-01 3.43545e-02
2.07230e+00 1.66779e-01 4.09259e-02
2.07230e+00 1.95977e-01 4.80297e-02
2.07230e+00 2.27426e-01 5.56483e-02
2.07230e+00 2.61096e-01 6.37611e-02
2.07230e+00 2.96953e-01 7.23444e-02
2.07230e+00 3.34963e-01 8.13712e-02
2.07230e+00 3.75089e-01 9.08109e-02
2.07230e+00 4.17290e-01 1.00630e-01
2.07230e+00 4.61527e-01 1.10790e-01
2.07230e+00 5.07755e-01 1.21252e-01
2.07230e+00 5.55930e-01 1.31974e-01
2.07230e+00 6.06005e-01 1.42911e-01
2.07230e+00 6.57930e-01 1.54019e-01
2.07230e+00 7.11655e-01 1.65255e-01
2.07230e+00 7.67127e-01 1.76581e-01
2.07230e+00 8.24292e-01 1.87961e-01
2.07230e+00 8.83095e-01 1.99371e-01
2.07230e+00 9.43478e-01 2.10797e-01
2.07230e+00 1.00538e+00 2.22240e-01
2.07230e+00 1.06875e+00 2.33718e-01
2.07230e+00 1.13351e+00 2.45266e-01
2.07230e+00 1.19960e+00 2.56938e-01
2.07230e+00 1.26697e+00 2.68794e-01
2.07230e+00 1.33555e+00 2.80900e-01
2.07230e+00 1.40526e+00 2.93298e-01
2.07230e+00 1.47604e+00 3.05979e-01
2.07230e+00 1.54782e+00 3.18840e-01
2.07230e+00 1.62053e+00 3.31622e-01
2.07230e+00 1.69410e+00 3.43830e-01
2.07230e+00 1.76846e+00 3.54651e-01
2.07230e+00 1.84353e+00 3.62853e-01
2.07230e+00 1.91924e+00 3.66716e-01
2.07230e+00 1.99553e+00 3.63987e-01
2.07230e+00 2.07230e+00 3.51937e-01
2.07230e+00 2.14949e+00 3.27547e-01
2.07230e+00 2.22703e+00 2.87896e-01
2.07230e+00 2.30483e+00 2.30778e-01
2.07230e+00 2.38282e+00 1.55540e-01
2.07230e+00 2.46093e+00 6.39920e-02
2.07230e+00 2.53907e+00 -3.88856e-02
2.07230e+00 2.61718e+00 -1.44849e-01
2.07230e+00 2.69517e+00 -2.43306e-01
2.07230e+00 2.77297e+00 -3.23349e-01
2.07230e+00 2.85051e+00 -3.76472e-01
2.07230e+00 2.92770e+00 -3.98981e-01
2.07230e+00 3.00447e+00 -3.92921e-01
2.07230e+00 3.08076e+00 -3.64965e-01
2.07230e+00 3.15647e+00 -3.23799e-01
2.07230e+00 3.23154e+00 -2.77391e-01
2.07230e+00 3.30590e+00 -2.31402e-01
2.07230e+00 3.37947e+00 -1.89021e-01
2.07230e+00 3.45218e+00 -1.51647e-01
2.07230e+00 3.52396e+00 -1.19659e-01
2.07230e+00 3.59474e+00 -9.29252e-02
2.07230e+00 3.66445e+00 -7.10568e-02
2.07230e+00 3.73303e+00 -5.35281e-02
2.07230e+00 3.80040e+00 -3.97486e-02
2.07230e+00 3.86649e+00 -2.91163e-02
2.07230e+00 3.93125e+00 -2.10561e-02
2.07230e+00 3.99462e+00 -1.50472e-02
2.07230e+00 4.05652e+00 -1.06369e-02
2.07230e+00 4.11690e+00 -7.44655e-03
2.07230e+00 4.17571e+00 -5.16909e-03
2.07230e+00 4.23287e+00 -3.56265e-03
2.07230e+00 4.28835e+00 -2.44146e-03
2.07230e+00 4.34207e+00 -1.66609e-03
2.07230e+00 4.39400e+00 -1.13398e-03
2.07230e+00 4.44407e+00 -7.71058e-04
2.07230e+00 4.49224e+00 -5.24658e-04
2.07230e+00 4.53847e+00 -3.57875e-04
2.07230e+00 4.58271e+00 -2.45144e-04
2.07230e+00 4.62491e+00 -1.68938e-04
2.07230e+00 4.66504e+00 -1.17337e-04
2.07230e+00 4.70305e+00 -8.22845e-05
2.07230e+00 4.73890e+00 -5.83657e-05
2.07230e+00 4.77257e+00 -4.19481e-05
2.07230e+00 4.80402e+00 -3.06003e-05
2.07230e+00 4.83322e+00 -2.26943e-05
2.07230e+00 4.86014e+00 -1.71385e-05
2.07230e+00 4.88475e+00 -1.31993e-05
2.07230e+00 4.90703e+00 -1.03816e-05
2.07230e+00 4.92696e+00 -8.34995e-06
2.07230e+00 4.94452e+00 -6.87591e-06
2.07230e+00 4.95969e+00 -5.80326e-06
2.07230e+00 4.97246e+00 -5.02481e-06
2.07230e+00 4.98281e+00 -4.46707e-06
2.07230e+00 4.99074e+00 -4.08009e-06
2.07230e+00 4.99623e+00 -3.83074e-06
2.07230e+00 4.99928e+00 -3.69836e-06
2.14949e+00 7.15683e-04 1.62204e-04
2.14949e+00 3.77012e-03 8.54465e-04
2.14949e+00 9.26216e-03 2.09917e-03
2.14949e+00 1.71877e-02 3.89528e-03
2.14949e+00 2.75390e-02 6.24085e-03
2.14949e+00 4.03061e-02 9.13305e-03
2.14949e+00 5.54766e-02 1.25681e-02
2.14949e+00 7.30356e-02 1.65410e-02
2.14949e+00 9.29659e-02 2.10454e-02
2.14949e+00 1.15248e-01 2.60733e-02
2.14949e+00 1.39860e-01 3.16147e-02
2.14949e+00 1.66779e-01 3.76576e-02
2.14949e+00 1.95977e-01 4.41874e-02
2.14949e+00 2.27426e-01 5.11868e-02
2.14949e+00 2.61096e-01 5.86356e-02
2.14949e+00 2.96953e-01 6.65103e-02
2.14949e+00 3.34963e-01 7.47841e-02
2.14949e+00 3.75089e-01 8.34269e-02
2.14949e+00 4.17290e-01 9.24052e-02
2.14949e+00 4.61527e-01 1.01682e-01
2.14949e+00 5.07755e-01 1.11219e-01
2.14949e+00 5.55930e-01 1.20974e-01
2.14949e+00 6.06005e-01 1.30905e-01
2.14949e+00 6.57930e-01 1.40969e-01
2.14949e+00 7.11655e-01 1.51127e-01
2.14949e+00 7.67127e-01 1.61343e-01
2.14949e+00 8.24292e-01 1.71586e-01
2.14949e+00 8.83095e-01 1.81839e-01
2.14949e+00 9.43478e-01 1.92094e-01
2.14949e+00 1.00538e+00 2.02363e-01
2.14949e+00 1.06875e+00 2.12675e-01
2.14949e+00 1.13351e+00 2.23078e-01
2.14949e+00 1.19960e+00 2.33643e-01
2.14949e+00 1.26697e+00 2.44452e-01
2.14949e+00 1.33555e+00 2.55591e-01
2.14949e+00 1.40526e+00 2.67129e-01
2.14949e+00 1.47604e+00 2.79087e-01
2.14949e+00 1.54782e+00 2.91393e-01
2.14949e+00 1.62053e+00 3.03820e-01
2.14949e+00 1.69410e+00 3.15906e-01
2.14949e+00 1.76846e+00 3.26864e-01
2.14949e+00 1.84353e+00 3.35486e-01
2.14949e+00 1.91924e+00 3.40058e-01
2.14949e+00 1.99553e+00 3.38326e-01
2.14949e+00 2.07230e+00 3.27547e-01
2.14949e+00 2.14949e+00 3.04680e-01
2.14949e+00 2.22703e+00 2.66781e-01
2.14949e+00 2.30483e+00 2.11629e-01
2.14949e+00 2.38282e+00 1.38558e-01
2.14949e+00 2.46093e+00 4.93566e-02
2.14949e+00 2.53907e+00 -5.10328e-02
2.14949e+00 2.61718e+00 -1.54441e-01
2.14949e+00 2.69517e+00 -2.50389e-01
2.14949e+00 2.77297e+00 -3.28106e-01
2.14949e+00 2.85051e+00 -3.79223e-01
2.14949e+00 2.92770e+00 -4.00141e-01
2.14949e+00 3.00447e+00 -3.92935e-01
2.14949e+00 3.08076e+00 -3.64241e-01
2.14949e+00 3.15647e+00 -3.22663e-01
2.14949e+00 3.23154e+00 -2.76075e-01
2.14949e+00 3.30590e+00 -2.30054e-01
2.14949e+00 3.37947e+00 -1.87734e-01
2.14949e+00 3.45218e+00 -1.50475e-01
2.14949e+00 3.52396e+00 -1.18630e-01
2.14949e+00 3.59474e+00 -9.20486e-02
2.14949e+00 3.66445e+00 -7.03305e-02
2.14949e+00 3.73303e+00 -5.29408e-02
2.14949e+00 3.80040e+00 -3.92843e-02
2.14949e+00 3.86649e+00 -2.87566e-02
2.14949e+00 3.93125e+00 -2.07826e-02
2.14949e+00 3.99462e+00 -1.48426e-02
2.14949e+00 4.05652e+00 -1.04862e-02
2.14949e+00 4.11690e+00 -7.33706e-03
2.14949e+00 4.17571e+00 -5.09046e-03
2.14949e+00 4.23287e+00 -3.50674e-03
2.14949e+00 4.28835e+00 -2.40205e-03
2.14949e+00 4.34207e+00 -1.63849e-03
2.14949e+00 4.39400e+00 -1.11474e-03
2.14949e+00 4.44407e+00 -7.57683e-04
2.14949e+00 4.49224e+00 -5.15372e-04
2.14949e+00 4.53847e+00 -3.51423e-04
2.14949e+00 4.58271e+00 -2.40649e-04
2.14949e+00 4.62491e+00 -1.65792e-04
2.14949e+00 4.66504e+00 -1.15119e-04
2.14949e+00 4.70305e+00 -8.07093e-05
2.14949e+00 4.73890e+00 -5.72348e-05
2.14949e+00 4.77257e+00 -4.11264e-05
2.14949e+00 4.80402e+00 -2.99949e-05
2.14949e+00 4.83322e+00 -2.22412e-05
2.14949e+00 4.86014e+00 -1.67936e-05
2.14949e+00 4.88475e+00 -1.29317e-05
2.14949e+00 4.90703e+00 -1.01698e-05
2.14949e+00 4.92696e+00 -8.17861e-06
2.14949e+00 4.94452e+00 -6.73412e-06
2.14949e+00 4.95969e+00 -5.68308e-06
2.14949e+00 4.97246e+00 -4.92039e-06
2.14949e+00 4.98281e+00 -4.37398e-06
2.14949e+00 4.99074e+00 -3.99488e-06
2.14949e+00 4.99623e+00 -3.75062e-06
2.14949e+00 4.99928e+00 -3.62094e-06
2.22703e+00 7.15683e-04 1.43842e-04
2.22703e+00 3.77012e-03 7.57738e-04
2.22703e+00 9.26216e-03 1.86153e-03
2.22703e+00 1.71877e-02 3.45431e-03
2.22703e+00 2.75390e-02 5.53428e-03
2.22703e+00 4.03061e-02 8.09887e-03
2.22703e+00 5.54766e-02 1.11446e-02
2.22703e+00 7.30356e-02 1.46667e-02
2.22703e+00 9.29659e-02 1.86593e-02
2.22703e+00 1.15248e-01 2.31147e-02
2.22703e+00 1.39860e-01 2.80233e-02
2.22703e+00 1.66779e-01 3.33734e-02
2.22703e+00 1.95977e-01 3.91509e-02
2.22703e+00 2.27426e-01 4.53387e-02
2.22703e+00 2.61096e-01 5.19170e-02
2.22703e+00 2.96953e-01 5.88627e-02
2.22703e+00 3.34963e-01 6.61493e-02
2.22703e+00 3.75089e-01 7.37471e-02
2.22703e+00 4.17290e-01 8.16229e-02
2.22703e+00 4.61527e-01 8.97406e-02
2.22703e+00 5.07755e-01 9.80615e-02
2.22703e+00 5.55930e-01 1.06545e-01
2.22703e+00 6.06005e-01 1.15150e-01
2.22703e+00 6.57930e-01 1.23835e-01
2.22703e+00 7.11655e-01 1.32564e-01
2.22703e+00 7.67127e-01 1.41301e-01
2.22703e+00 8.24292e-01 1.50022e-01
2.22703e+00 8.83095e-01 1.58711e-01
2.22703e+00 9.43478e-01 1.67369e-01
2.22703e+00 1.00538e+00 1.76014e-01
2.22703e+00 1.06875e+00 1.84682e-01
2.22703e+00 1.13351e+00 1.93436e-01
2.22703e+00 1.19960e+00 2.02358e-01
2.22703e+00 1.26697e+00 2.11548e-01
2.22703e+00 1.33555e+00 2.21111e-01
2.22703e+00 1.40526e+00 2.31141e-01
2.22703e+00 1.47604e+00 2.41689e-01
2.22703e+00 1.54782e+00 2.52716e-01
2.22703e+00 1.62053e+00 2.64037e-01
2.22703e+00 1.69410e+00 2.75238e-01
2.22703e+00 1.76846e+00 2.85589e-01
2.22703e+00 1.84353e+00 2.93941e-01
2.22703e+00 1.91924e+00 2.98648e-01
2.22703e+00 1.99553e+00 2.97526e-01
2.22703e+00 2.07230e+00 2.87896e-01
2.22703e+00 2.14949e+00 2.66781e-01
2.22703e+00 2.22703e+00 2.31291e-01
2.22703e+00 2.30483e+00 1.79235e-01
2.22703e+00 2.38282e+00 1.09942e-01
2.22703e+00 2.46093e+00 2.51378e-02
2.22703e+00 2.53907e+00 -7.03901e-02
2.22703e+00 2.61718e+00 -1.68725e-01
2.22703e+00 2.69517e+00 -2.59727e-01
2.22703e+00 2.77297e+00 -3.32994e-01
2.22703e+00 2.85051e+00 -3.80475e-01
2.22703e+00 2.92770e+00 -3.98755e-01
2.22703e+00 3.00447e+00 -3.89914e-01
2.22703e+00 3.08076e+00 -3.60434e-01
2.22703e+00 3.15647e+00 -3.18676e-01
2.22703e+00 3.23154e+00 -2.72274e-01
2.22703e+00 3.30590e+00 -2.26626e-01
2.22703e+00 3.37947e+00 -1.84751e-01
2.22703e+00 3.45218e+00 -1.47947e-01
2.22703e+00 3.52396e+00 -1.16534e-01
2.22703e+00 3.59474e+00 -9.03478e-02
2.22703e+00 3.66445e+00 -6.89763e-02
2.22703e+00 3.73303e+00 -5.18825e-02
2.22703e+00 3.80040e+00 -3.84715e-02
2.22703e+00 3.86649e+00 -2.81424e-02
2.22703e+00 3.93125e+00 -2.03256e-02
2.22703e+00 3.99462e+00 -1.45074e-02
2.22703e+00 4.05652e+00 -1.02435e-02
2.22703e+00 4.11690e+00 -7.16330e-03
2.22703e+00 4.17571e+00 -4.96733e-03
2.22703e+00 4.23287e+00 -3.42025e-03
2.22703e+00 4.28835e+00 -2.34172e-03
2.22703e+00 4.34207e+00 -1.59664e-03
2.22703e+00 4.39400e+00 -1.08583e-03
2.22703e+00 4.44407e+00 -7.37748e-04
2.22703e+00 4.49224e+00 -5.01631e-04
2.22703e+00 4.53847e+00 -3.41937e-04
2.22703e+00 4.58271e+00 -2.34079e-04
2.22703e+00 4.62491e+00 -1.61218e-04
2.22703e+00 4.66504e+00 -1.11913e-04
2.22703e+00 4.70305e+00 -7.84409e-05
2.22703e+00 4.73890e+00 -5.56130e-05
2.22703e+00 4.77257e+00 -3.99523e-05
2.22703e+00 4.80402e+00 -2.91327e-05
2.22703e+00 4.83322e+00 -2.15979e-05
2.22703e+00 4.86014e+00 -1.63051e-05
2.22703e+00 4.88475e+00 -1.25537e-05
2.22703e+00 4.90703e+00 -9.87114e-06
2.22703e+00 4.92696e+00 -7.93749e-06
2.22703e+00 4.94452e+00 -6.53491e-06
2.22703e+00 4.95969e+00 -5.51447e-06
2.22703e+00 4.97246e+00 -4.77404e-06
2.22703e+00 4.98281e+00 -4.24363e-06
2.22703e+00 4.99074e+00 -3.87565e-06
2.22703e+00 4.99623e+00 -3.63856e-06
2.22703e+00 4.99928e+00 -3.51270e-06
2.30483e+00 7.15683e-04 1.20439e-04
2.30483e+00 3.77012e-03 6.34453e-04
2.30483e+00 9.26216e-03 1.55866e-03
2.30483e+00 1.71877e-02 2.89225e-03
2.30483e+00 2.75390e-02 4.63371e-03
2.30483e+00 4.03061e-02 6.78074e-03
2.30483e+00 5.54766e-02 9.33021e-03
2.30483e+00 7.30356e-02 1.22779e-02
2.30483e+00 9.29659e-02 1.56181e-02
2.30483e+00 1.15248e-01 1.93438e-02
2.30483e+00 1.39860e-01 2.34459e-02
2.30483e+00 1.66779e-01 2.79130e-02
2.30483e+00 1.95977e-01 3.27316e-02
2.30483e+00 2.27426e-01 3.78851e-02
2.30483e+00 2.61096e-01 4.33540e-02
2.30483e+00 2.96953e-01 4.91155e-02
2.30483e+00 3.34963e-01 5.51437e-02
2.30483e+00 3.75089e-01 6.14090e-02
2.30483e+00 4.17290e-01 6.78787e-02
2.30483e+00 4.61527e-01 7.45171e-02
2.30483e+00 5.07755e-01 8.12857e-02
2.30483e+00 5.55930e-01 8.81447e-02
2.30483e+00 6.06005e-01 9.50533e-02
2.30483e+00 6.57930e-01 1.01972e-01
2.30483e+00 7.11655e-01 1.08863e-01
2.30483e+00 7.67127e-01 1.15696e-01
2.30483e+00 8.24292e-01 1.22448e-01
2.30483e+00 8.83095e-01 1.29105e-01
2.30483e+00 9.43478e-01 1.35673e-01
2.30483e+00 1.00538e+00 1.42174e-01
2.30483e+00 1.06875e+00 1.48652e-01
2.30483e+00 1.13351e+00 1.55177e-01
2.30483e+00 1.19960e+00 1.61842e-01
2.30483e+00 1.26697e+00 1.68761e-01
2.30483e+00 1.33555e+00 1.76056e-01
2.30483e+00 1.40526e+00 1.83845e-01
2.30483e+00 1.47604e+00 1.92207e-01
2.30483e+00 1.54782e+00 2.01144e-01
2.30483e+00 1.62053e+00 2.10519e-01
2.30483e+00 1.69410e+00 2.19987e-01
2.30483e+00 1.76846e+00 2.28899e-01
2.30483e+00 1.84353e+00 2.36210e-01
2.30483e+00 1.91924e+00 2.40401e-01
2.30483e+00 1.99553e+00 2.39429e-01
2.30483e+00 2.07230e+00 2.30778e-01
2.30483e+00 2.14949e+00 2.11629e-01
2.30483e+00 2.22703e+00 1.79235e-01
2.30483e+00 2.30483e+00 1.31501e-01
2.30483e+00 2.38282e+00 6.77703e-02
2.30483e+00 2.46093e+00 -1.03483e-02
2.30483e+00 2.53907e+00 -9.83470e-02
2.30483e+00 2.61718e+00 -1.88768e-01
2.30483e+00 2.69517e+00 -2.72065e-01
2.30483e+00 2.77297e+00 -3.38471e-01
2.30483e+00 2.85051e+00 -3.80459e-01
2.30483e+00 2.92770e+00 -3.94897e-01
2.30483e+00 3.00447e+00 -3.83840e-01
2.30483e+00 3.08076e+00 -3.53482e-01
2.30483e+00 3.15647e+00 -3.11768e-01
2.30483e+00 3.23154e+00 -2.65931e-01
2.30483e+00 3.30590e+00 -2.21073e-01
2.30483e+00 3.37947e+00 -1.80039e-01
2.30483e+00 3.45218e+00 -1.44040e-01
2.30483e+00 3.52396e+00 -1.13358e-01
2.30483e+00 3.59474e+00 -8.78131e-02
2.30483e+00 3.66445e+00 -6.69887e-02
2.30483e+00 3.73303e+00 -5.03498e-02
2.30483e+00 3.80040e+00 -3.73085e-02
2.30483e+00 3.86649e+00 -2.72733e-02
2.30483e+00 3.93125e+00 -1.96853e-02
2.30483e+00 3.99462e+00 -1.40418e-02
2.30483e+00 4.05652e+00 -9.90902e-03
2.30483e+00 4.11690e+00 -6.92562e-03
2.30483e+00 4.17571e+00 -4.80004e-03
2.30483e+00 4.23287e+00 -3.30345e-03
2.30483e+00 4.28835e+00 -2.26071e-03
2.30483e+00 4.34207e+00 -1.54074e-03
2.30483e+00 4.39400e+00 -1.04738e-03
2.30483e+00 4.44407e+00 -7.11349e-04
2.30483e+00 4.49224e+00 -4.83506e-04
2.30483e+00 4.53847e+00 -3.29470e-04
2.30483e+00 4.58271e+00 -2.25473e-04
2.30483e+00 4.62491e+00 -1.55244e-04
2.30483e+00 4.66504e+00 -1.07736e-04
2.30483e+00 4.70305e+00 -7.54941e-05
2.30483e+00 4.73890e+00 -5.35110e-05
2.30483e+00 4.77257e+00 -3.84338e-05
2.30483e+00 4.80402e+00 -2.80197e-05
2.30483e+00 4.83322e+00 -2.07689e-05
2.30483e+00 4.86014e+00 -1.56766e-05
2.30483e+00 4.88475e+00 -1.20680e-05
2.30483e+00 4.90703e+00 -9.48792e-06
2.30483e+00 4.92696e+00 -7.62842e-06
2.30483e+00 4.94452e+00 -6.27979e-06
2.30483e+00 4.95969e+00 -5.29870e-06
2.30483e+00 4.97246e+00 -4.58690e-06
2.30483e+00 4.98281e+00 -4.07703e-06
2.30483e+00 4.99074e+00 -3.72333e-06
2.30483e+00 4.99623e+00 -3.49544e-06
2.30483e+00 4.99928e+00 -3.37447e-06
2.38282e+00 7.15683e-04 9.17299e-05
2.38282e+00 3.77012e-03 4.83219e-04
2.38282e+00 9.26216e-03 1.18711e-03
2.38282e+00 1.71877e-02 2.20278e-03
2.38282e+00 2.75390e-02 3.52898e-03
2.38282e+00 4.03061e-02 5.16380e-03
2.38282e+00 5.54766e-02 7.10454e-03
2.38282e+00 7.30356e-02 9.34746e-03
2.38282e+00 9.29659e-02 1.18875e-02
2.38282e+00 1.15248e-01 1.47181e-02
2.38282e+00 1.39860e-01 1.78308e-02
2.38282e+00 1.66779e-01 2.12150e-02
2.38282e+00 1.95977e-01 2.48574e-02
2.38282e+00 2.27426e-01 2.87421e-02
2.38282e+00 2.61096e-01 3.28502e-02
2.38282e+00 2.96953e-01 3.71595e-02
2.38282e+00 3.34963e-01 4.16441e-02
2.38282e+00 3.75089e-01 4.62750e-02
2.38282e+00 4.17290e-01 5.10197e-02
2.38282e+00 4.61527e-01 5.58427e-02
2.38282e+00 5.07755e-01 6.07060e-02
2.38282e+00 5.55930e-01 6.55698e-02
2.38282e+00 6.06005e-01 7.03937e-02
2.38282e+00 6.57930e-01 7.51384e-02
2.38282e+00 7.11655e-01 7.97676e-02
2.38282e+00 7.67127e-01 8.42505e-02
2.38282e+00 8.24292e-01 8.85648e-02
2.38282e+00 8.83095e-01 9.27005e-02
2.38282e+00 9.43478e-01 9.66633e-02
2.38282e+00 1.00538e+00 1.00479e-01
2.38282e+00 1.06875e+00 1.04196e-01
2.38282e+00 1.13351e+00 1.07889e-01
2.38282e+00 1.19960e+00 1.11660e-01
2.38282e+00 1.26697e+00 1.15632e-01
2.38282e+00 1.33555e+00 1.19945e-01
2.38282e+00 1.40526e+00 1.24736e-01
2.38282e+00 1.47604e+00 1.30116e-01
2.38282e+00 1.54782e+00 1.36130e-01
2.38282e+00 1.62053e+00 1.42704e-01
2.38282e+00 1.69410e+00 1.49572e-01
2.38282e+00 1.76846e+00 1.56198e-01
2.38282e+00 1.84353e+00 1.61684e-01
2.38282e+00 1.91924e+00 1.64691e-01
2.38282e+00 1.99553e+00 1.63399e-01
2.38282e+00 2.07230e+00 1.55540e-01
2.38282e+00 2.14949e+00 1.38558e-01
2.38282e+00 2.22703e+00 1.09942e-01
2.38282e+00 2.30483e+00 6.77703e-02
2.38282e+00 2.38282e+00 1.14205e-02
2.38282e+00 2.46093e+00 -5.76589e-02
2.38282e+00 2.53907e+00 -1.35373e-01
2.38282e+00 2.61718e+00 -2.14936e-01
2.38282e+00 2.69517e+00 -2.87669e-01
2.38282e+00 2.77297e+00 -3.44711e-01
2.38282e+00 2.85051e+00 -3.79280e-01
2.38282e+00 2.92770e+00 -3.88626e-01
2.38282e+00 3.00447e+00 -3.74746e-01
2.38282e+00 3.08076e+00 -3.43410e-01
2.38282e+00 3.15647e+00 -3.01962e-01
2.38282e+00 3.23154e+00 -2.57067e-01
2.38282e+00 3.30590e+00 -2.13418e-01
2.38282e+00 3.37947e+00 -1.73621e-01
2.38282e+00 3.45218e+00 -1.38777e-01
2.38282e+00 3.52396e+00 -1.09123e-01
2.38282e+00 3.59474e+00 -8.44635e-02
2.38282e+00 3.66445e+00 -6.43834e-02
2.38282e+00 3.73303e+00 -4.83559e-02
2.38282e+00 3.80040e+00 -3.58058e-02
2.38282e+00 3.86649e+00 -2.61573e-02
2.38282e+00 3.93125e+00 -1.88678e-02
2.38282e+00 3.99462e+00 -1.34505e-02
2.38282e+00 4.05652e+00 -9.48633e-03
2.38282e+00 4.11690e+00 -6.62659e-03
2.38282e+00 4.17571e+00 -4.59042e-03
2.38282e+00 4.23287e+00 -3.15765e-03
2.38282e+00 4.28835e+00 -2.15994e-03
2.38282e+00 4.34207e+00 -1.47142e-03
2.38282e+00 4.39400e+00 -9.99848e-04
2.38282e+00 4.44407e+00 -6.78806e-04
2.38282e+00 4.49224e+00 -4.61219e-04
2.38282e+00 4.53847e+00 -3.14177e-04
2.38282e+00 4.58271e+00 -2.14938e-04
2.38282e+00 4.62491e+00 -1.47947e-04
2.38282e+00 4.66504e+00 -1.02643e-04
2.38282e+00 4.70305e+00 -7.19069e-05
2.38282e+00 4.73890e+00 -5.09562e-05
2.38282e+00 4.77257e+00 -3.65907e-05
2.38282e+00 4.80402e+00 -2.66706e-05
2.38282e+00 4.83322e+00 -1.97653e-05
2.38282e+00 4.86014e+00 -1.49165e-05
2.38282e+00 4.88475e+00 -1.14811e-05
2.38282e+00 4.90703e+00 -9.02526e-06
2.38282e+00 4.92696e+00 -7.25555e-06
2.38282e+00 4.94452e+00 -5.97220e-06
2.38282e+00 4.95969e+00 -5.03871e-06
2.38282e+00 4.97246e+00 -4.36150e-06
2.38282e+00 4.98281e+00 -3.87645e-06
2.38282e+00 4.99074e+00 -3.53999e-06
2.38282e+00 4.99623e+00 -3.32321e-06
2.38282e+00 4.99928e+00 -3.20814e-06
2.46093e+00 7.15683e-04 5.81577e-05
2.46093e+00 3.77012e-03 3.06365e-04
2.46093e+00 9.26216e-03 7.52631e-04
2.46093e+00 1.71877e-02 1.39651e-03
2.46093e+00 2.75390e-02 2.23710e-03
2.46093e+00 4.03061e-02 3.27294e-03
2.46093e+00 5.54766e-02 4.50185e-03
2.46093e+00 7.30356e-02 5.92067e-03
2.46093e+00 9.29659e-02 7.52504e-03
2.46093e+00 1.15248e-01 9.30905e-03
2.46093e+00 1.39860e-01 1.12649e-02
2.46093e+00 1.66779e-01 1.33828e-02
2.46093e+00 1.95977e-01 1.56501e-02
2.46093e+00 2.27426e-01 1.80517e-02
2.46093e+00 2.61096e-01 2.05691e-02
2.46093e+00 2.96953e-01 2.31808e-02
2.46093e+00 3.34963e-01 2.58614e-02
2.46093e+00 3.75089e-01 2.85822e-02
2.46093e+00 4.17290e-01 3.13113e-02
2.46093e+00 4.61527e-01 3.40131e-02
2.46093e+00 5.07755e-01 3.66499e-02
2.46093e+00 5.55930e-01 3.91819e-02
2.46093e+00 6.06005e-01 4.15688e-02
2.46093e+00 6.57930e-01 4.37714e-02
2.46093e+00 7.11655e-01 4.57531e-02
2.46093e+00 7.67127e-01 4.74832e-02
2.46093e+00 8.24292e-01 4.89396e-02
2.46093e+00 8.83095e-01 5.01123e-02
2.46093e+00 9.43478e-01 5.10077e-02
2.46093e+00 1.00538e+00 5.16521e-02
2.46093e+00 1.06875e+00 5.20964e-02
2.46093e+00 1.13351e+00 5.24182e-02
2.46093e+00 1.19960e+00 5.27235e-02
2.46093e+00 1.26697e+00 5.31448e-02
2.46093e+00 1.33555e+00 5.38344e-02
2.46093e+00 1.40526e+00 5.49508e-02
2.46093e+00 1.47604e+00 5.66368e-02
2.46093e+00 1.54782e+00 5.89847e-02
2.46093e+00 1.62053e+00 6.19890e-02
2.46093e+00 1.69410e+00 6.54840e-02
2.46093e+00 1.76846e+00 6.90691e-02
2.46093e+00 1.84353e+00 7.20282e-02
2.46093e+00 1.91924e+00 7.32576e-02
2.46093e+00 1.99553e+00 7.12243e-02
2.46093e+00 2.07230e+00 6.39920e-02
2.46093e+00 2.14949e+00 4.93566e-02
2.46093e+00 2.22703e+00 2.51378e-02
2.46093e+00 2.30483e+00 -1.03483e-02
2.46093e+00 2.38282e+00 -5.76589e-02
2.46093e+00 2.46093e+00 -1.15546e-01
2.46093e+00 2.53907e+00 -1.80449e-01
2.46093e+00 2.61718e+00 -2.46452e-01
2.46093e+00 2.69517e+00 -3.05995e-01
2.46093e+00 2.77297e+00 -3.51386e-01
2.46093e+00 2.85051e+00 -3.76784e-01
2.46093e+00 2.92770e+00 -3.79916e-01
2.46093e+00 3.00447e+00 -3.62690e-01
2.46093e+00 3.08076e+00 -3.30318e-01
2.46093e+00 3.15647e+00 -2.89372e-01
2.46093e+00 3.23154e+00 -2.45795e-01
2.46093e+00 3.30590e+00 -2.03761e-01
2.46093e+00 3.37947e+00 -1.65586e-01
2.46093e+00 3.45218e+00 -1.32232e-01
2.46093e+00 3.52396e+00 -1.03889e-01
2.46093e+00 3.59474e+00 -8.03475e-02
2.46093e+00 3.66445e+00 -6.11991e-02
2.46093e+00 3.73303e+00 -4.59308e-02
2.46093e+00 3.80040e+00 -3.39864e-02
2.46093e+00 3.86649e+00 -2.48117e-02
2.46093e+00 3.93125e+00 -1.78859e-02
2.46093e+00 3.99462e+00 -1.27430e-02
2.46093e+00 4.05652e+00 -8.98218e-03
2.46093e+00 4.11690e+00 -6.27104e-03
2.46093e+00 4.17571e+00 -4.34190e-03
2.46093e+00 4.23287e+00 -2.98525e-03
2.46093e+00 4.28835e+00 -2.04108e-03
2.46093e+00 4.34207e+00 -1.38985e-03
2.46093e+00 4.39400e+00 -9.44033e-04
2.46093e+00 4.44407e+00 -6.40667e-04
2.46093e+00 4.49224e+00 -4.35148e-04
2.46093e+00 4.53847e+00 -2.96317e-04
2.46093e+00 4.58271e+00 -2.02655e-04
2.46093e+00 4.62491e+00 -1.39451e-04
2.46093e+00 4.66504e+00 -9.67220e-05
2.46093e+00 4.70305e+00 -6.77412e-05
2.46093e+00 4.73890e+00 -4.79927e-05
2.46093e+00 4.77257e+00 -3.44550e-05
2.46093e+00 4.80402e+00 -2.51088e-05
2.46093e+00 4.83322e+00 -1.86044e-05
2.46093e+00 4.86014e+00 -1.40380e-05
2.46093e+00 4.88475e+00 -1.08032e-05
2.46093e+00 4.90703e+00 -8.49125e-06
2.46093e+00 4.92696e+00 -6.82542e-06
2.46093e+00 4.94452e+00 -5.61756e-06
2.46093e+00 4.95969e+00 -4.73907e-06
2.46093e+00 4.97246e+00 -4.10182e-06
2.46093e+00 4.98281e+00 -3.64542e-06
2.46093e+00 4.99074e+00 -3.32885e-06
2.46093e+00 4.99623e+00 -3.12491e-06
2.46093e+00 4.99928e+00 -3.01665e-06
2.53907e+00 7.15683e-04 2.11135e-05
2.53907e+00 3.77012e-03 1.11221e-04
2.53907e+00 9.26216e-03 2.73214e-04
2.53907e+00 1.71877e-02 5.06860e-04
2.53907e+00 2.75390e-02 8.11626e-04
2.53907e+00 4.03061e-02 1.18655e-03
2.53907e+00 5.54766e-02 1.63003e-03
2.53907e+00 7.30356e-02 2.13959e-03
2.53907e+00 9.29659e-02 2.71160e-03
2.53907e+00 1.15248e-01 3.34092e-03
2.53907e+00 1.39860e-01 4.02064e-03
2.53907e+00 1.66779e-01 4.74167e-03
2.53907e+00 1.95977e-01 5.49241e-03
2.53907e+00 2.27426e-01 6.25842e-03
2.53907e+00 2.61096e-01 7.02211e-03
2.53907e+00 2.96953e-01 7.76251e-03
2.53907e+00 3.34963e-01 8.45508e-03
2.53907e+00 3.75089e-01 9.07167e-03
2.53907e+00 4.17290e-01 9.58061e-03
2.53907e+00 4.61527e-01 9.94696e-03
2.53907e+00 5.07755e-01 1.01331e-02
2.53907e+00 5.55930e-01 1.00993e-02
2.53907e+00 6.06005e-01 9.80542e-03
2.53907e+00 6.57930e-01 9.21179e-03
2.53907e+00 7.11655e-01 8.28173e-03
2.53907e+00 7.67127e-01 6.98398e-03
2.53907e+00 8.24292e-01 5.29576e-03
2.53907e+00 8.83095e-01 3.20641e-03
2.53907e+00 9.43478e-01 7.21441e-04
2.53907e+00 1.00538e+00 -2.13322e-03
2.53907e+00 1.06875e+00 -5.30705e-03
2.53907e+00 1.13351e+00 -8.72150e-03
2.53907e+00 1.19960e+00 -1.22679e-02
2.53907e+00 1.26697e+00 -1.58079e-02
2.53907e+00 1.33555e+00 -1.91781e-02
2.53907e+00 1.40526e+00 -2.22007e-02
2.53907e+00 1.47604e+00 -2.47010e-02
2.53907e+00 1.54782e+00 -2.65370e-02
2.53907e+00 1.62053e+00 -2.76387e-02
2.53907e+00 1.69410e+00 -2.80622e-02
2.53907e+00 1.76846e+00 -2.80536e-02
2.53907e+00 1.84353e+00 -2.81197e-02
2.53907e+00 1.91924e+00 -2.90920e-02
2.53907e+00 1.99553e+00 -3.21662e-02
2.53907e+00 2.07230e+00 -3.88856e-02
2.53907e+00 2.14949e+00 -5.10328e-02
2.53907e+00 2.22703e+00 -7.03901e-02
2.53907e+00 2.30483e+00 -9.83470e-02
2.53907e+00 2.38282e+00 -1.35373e-01
2.53907e+00 2.46093e+00 -1.80449e-01
2.53907e+00 2.53907e+00 -2.30636e-01
2.53907e+00 2.61718e+00 -2.81048e-01
2.53907e+00 2.69517e+00 -3.25442e-01
2.53907e+00 2.77297e+00 -3.57491e-01
2.53907e+00 2.85051e+00 -3.72454e-01
2.53907e+00 2.92770e+00 -3.68603e-01
2.53907e+00 3.00447e+00 -3.47726e-01
2.53907e+00 3.08076e+00 -3.14371e-01
2.53907e+00 3.15647e+00 -2.74202e-01
2.53907e+00 3.23154e+00 -2.32314e-01
2.53907e+00 3.30590e+00 -1.92283e-01
2.53907e+00 3.37947e+00 -1.56084e-01
2.53907e+00 3.45218e+00 -1.24530e-01
2.53907e+00 3.52396e+00 -9.77557e-02
2.53907e+00 3.59474e+00 -7.55444e-02
2.53907e+00 3.66445e+00 -5.74974e-02
2.53907e+00 3.73303e+00 -4.31215e-02
2.53907e+00 3.80040e+00 -3.18858e-02
2.53907e+00 3.86649e+00 -2.32630e-02
2.53907e+00 3.93125e+00 -1.67590e-02
2.53907e+00 3.99462e+00 -1.19330e-02
2.53907e+00 4.05652e+00 -8.40655e-03
2.53907e+00 4.11690e+00 -5.86602e-03
2.53907e+00 4.17571e+00 -4.05942e-03
2.53907e+00 4.23287e+00 -2.78969e-03
2.53907e+00 4.28835e+00 -1.90650e-03
2.53907e+00 4.34207e+00 -1.29765e-03
2.53907e+00 4.39400e+00 -8.81054e-04
2.53907e+00 4.44407e+00 -5.97698e-04
2.53907e+00 4.49224e+00 -4.05817e-04
2.53907e+00 4.53847e+00 -2.76250e-04
2.53907e+00 4.58271e+00 -1.88872e-04
2.53907e+00 4.62491e+00 -1.29927e-04
2.53907e+00 4.66504e+00 -9.00917e-05
2.53907e+00 4.70305e+00 -6.30812e-05
2.53907e+00 4.73890e+00 -4.46805e-05
2.53907e+00 4.77257e+00 -3.20701e-05
2.53907e+00 4.80402e+00 -2.33661e-05
2.53907e+00 4.83322e+00 -1.73098e-05
2.53907e+00 4.86014e+00 -1.30590e-05
2.53907e+00 4.88475e+00 -1.00483e-05
2.53907e+00 4.90703e+00 -7.89677e-06
2.53907e+00 4.92696e+00 -6.34680e-06
2.53907e+00 4.94452e+00 -5.22308e-06
2.53907e+00 4.95969e+00 -4.40588e-06
2.53907e+00 4.97246e+00 -3.81314e-06
2.53907e+00 4.98281e+00 -3.38865e-06
2.53907e+00 4.99074e+00 -3.09424e-06
2.53907e+00 4.99623e+00 -2.90457e-06
2.53907e+00 4.99928e+00 -2.80390e-06
2.61718e+00 7.15683e-04 -1.69857e-05
2.61718e+00 3.77012e-03 -8.94803e-05
2.61718e+00 9.26216e-03 -2.19855e-04
2.61718e+00 1.71877e-02 -4.08127e-04
2.61718e+00 2.75390e-02 -6.54434e-04
2.61718e+00 4.03061e-02 -9.59231e-04
2.61718e+00 5.54766e-02 -1.32350e-03
2.61718e+00 7.30356e-02 -1.74900e-03
2.61718e+00 9.29659e-02 -2.23859e-03
2.61718e+00 1.15248e-01 -2.79651e-03
2.61718e+00 1.39860e-01 -3.42878e-03
2.61718e+00 1.66779e-01 -4.14353e-03
2.61718e+00 1.95977e-01 -4.95136e-03
2.61718e+00 2.27426e-01 -5.86574e-03
2.61718e+00 2.61096e-01 -6.90327e-03
2.61718e+00 2.96953e-01 -8.08396e-03
2.61718e+00 3.34963e-01 -9.43143e-03
2.61718e+00 3.75089e-01 -1.09730e-02
2.61718e+00 4.17290e-01 -1.27396e-02
2.61718e+00 4.61527e-01 -1.47654e-02
2.61718e+00 5.07755e-01 -1.70875e-02
2.61718e+00 5.55930e-01 -1.97452e-02
2.61718e+00 6.06005e-01 -2.27785e-02
2.61718e+00 6.57930e-01 -2.62270e-02
2.61718e+00 7.11655e-01 -3.01275e-02
2.61718e+00 7.67127e-01 -3.45119e-02
2.61718e+00 8.24292e-01 -3.94037e-02
2.61718e+00 8.83095e-01 -4.48147e-02
2.61718e+00 9.43478e-01 -5.07408e-02
2.61718e+00 1.00538e+00 -5.71578e-02
2.61718e+00 1.06875e+00 -6.40165e-02
2.61718e+00 1.13351e+00 -7.12393e-02
2.61718e+00 1.19960e+00 -7.87169e-02
2.61718e+00 1.26697e+00 -8.63074e-02
2.61718e+00 1.33555e+00 -9.38388e-02
2.61718e+00 1.40526e+00 -1.01116e-01
2.61718e+00 1.47604e+00 -1.07935e-01
2.61718e+00 1.54782e+00 -1.14105e-01
2.61718e+00 1.62053e+00 -1.19479e-01
2.61718e+00 1.69410e+00 -1.24002e-01
2.61718e+00 1.76846e+00 -1.27757e-01
2.61718e+00 1.84353e+00 -1.31032e-01
2.61718e+00 1.91924e+00 -1.34368e-01
2.61718e+00 1.99553e+00 -1.38600e-01
2.61718e+00 2.07230e+00 -1.44849e-01
2.61718e+00 2.14949e+00 -1.54441e-01
2.61718e+00 2.22703e+00 -1.68725e-01
2.61718e+00 2.30483e+00 -1.88768e-01
2.61718e+00 2.38282e+00 -2.14936e-01
2.61718e+00 2.46093e+00 -2.46452e-01
2.61718e+00 2.53907e+00 -2.81048e-01
2.61718e+00 2.61718e+00 -3.14946e-01
2.61718e+00 2.69517e+00 -3.43326e-01
2.61718e+00 2.77297e+00 -3.61333e-01
2.61718e+00 2.85051e+00 -3.65402e-01
2.61718e+00 2.92770e+00 -3.54377e-01
2.61718e+00 3.00447e+00 -3.29904e-01
2.61718e+00 3.08076e+00 -2.95801e-01
2.61718e+00 3.15647e+00 -2.56742e-01
2.61718e+00 3.23154e+00 -2.16910e-01
2.61718e+00 3.30590e+00 -1.79233e-01
2.61718e+00 3.37947e+00 -1.45327e-01
2.61718e+00 3.45218e+00 -1.15842e-01
2.61718e+00 3.52396e+00 -9.08605e-02
2.61718e+00 3.59474e+00 -7.01614e-02
2.61718e+00 3.66445e+00 -5.33608e-02
2.61718e+00 3.73303e+00 -3.99909e-02
2.61718e+00 3.80040e+00 -2.95510e-02
2.61718e+00 3.86649e+00 -2.15456e-02
2.61718e+00 3.93125e+00 -1.55123e-02
2.61718e+00 3.99462e+00 -1.10389e-02
2.61718e+00 4.05652e+00 -7.77231e-03
2.61718e+00 4.11690e+00 -5.42058e-03
2.61718e+00 4.17571e+00 -3.74928e-03
2.61718e+00 4.23287e+00 -2.57534e-03
2.61718e+00 4.28835e+00 -1.75922e-03
2.61718e+00 4.34207e+00 -1.19689e-03
2.61718e+00 4.39400e+00 -8.12317e-04
2.61718e+00 4.44407e+00 -5.50858e-04
2.61718e+00 4.49224e+00 -3.73881e-04
2.61718e+00 4.53847e+00 -2.54425e-04
2.61718e+00 4.58271e+00 -1.73895e-04
2.61718e+00 4.62491e+00 -1.19589e-04
2.61718e+00 4.66504e+00 -8.29006e-05
2.61718e+00 4.70305e+00 -5.80312e-05
2.61718e+00 4.73890e+00 -4.10938e-05
2.61718e+00 4.77257e+00 -2.94891e-05
2.61718e+00 4.80402e+00 -2.14813e-05
2.61718e+00 4.83322e+00 -1.59106e-05
2.61718e+00 4.86014e+00 -1.20014e-05
2.61718e+00 4.88475e+00 -9.23304e-06
2.61718e+00 4.90703e+00 -7.25510e-06
2.61718e+00 4.92696e+00 -5.83037e-06
2.61718e+00 4.94452e+00 -4.79757e-06
2.61718e+00 4.95969e+00 -4.04658e-06
2.61718e+00 4.97246e+00 -3.50191e-06
2.61718e+00 4.98281e+00 -3.11188e-06
2.61718e+00 4.99074e+00 -2.84138e-06
2.61718e+00 4.99623e+00 -2.66712e-06
2.61718e+00 4.99928e+00 -2.57463e-06
2.69517e+00 7.15683e-04 -5.29189e-05
2.69517e+00 3.77012e-03 -2.78772e-04
2.69517e+00 9.26216e-03 -6.84894e-04
2.69517e+00 1.71877e-02 -1.27109e-03
2.69517e+00 2.75390e-02 -2.03714e-03
2.69517e+00 4.03061e-02 -2.98298e-03
2.69517e+00 5.54766e-02 -4.10901e-03
2.69517e+00 7.30356e-02 -5.41628e-03
2.69517e+00 9.29659e-02 -6.90683e-03
2.69517e+00 1.15248e-01 -8.58403e-03
2.69517e+00 1.39860e-01 -1.04529e-02
2.69517e+00 1.66779e-01 -1.25206e-02
2.69517e+00 1.95977e-01 -1.47965e-02
2.69517e+00 2.27426e-01 -1.72930e-02
2.69517e+00 2.61096e-01 -2.00254e-02
2.69517e+00 2.96953e-01 -2.30126e-02
2.69517e+00 3.34963e-01 -2.62768e-02
2.69517e+00 3.75089e-01 -2.98442e-02
2.69517e+00 4.17290e-01 -3.37445e-02
2.69517e+00 4.61527e-01 -3.80105e-02
2.69517e+00 5.07755e-01 -4.26785e-02
2.69517e+00 5.55930e-01 -4.77864e-02
2.69517e+00 6.06005e-01 -5.33735e-02
2.69517e+00 6.57930e-01 -5.94788e-02
2.69517e+00 7.11655e-01 -6.61387e-02
2.69517e+00 7.67127e-01 -7.33850e-02
2.69517e+00 8.24292e-01 -8.12418e-02
2.69517e+00 8.83095e-01 -8.97218e-02
2.69517e+00 9.43478e-01 -9.88223e-02
2.69517e+00 1.00538e+00 -1.08521e-01
2.69517e+00 1.06875e+00 -1.18771e-01
2.69517e+00 1.13351e+00 -1.29497e-01
2.69517e+00 1.19960e+00 -1.40590e-01
2.69517e+00 1.26697e+00 -1.51907e-01
2.69517e+00 1.33555e+00 -1.63272e-01
2.69517e+00 1.40526e+00 -1.74475e-01
2.69517e+00 1.47604e+00 -1.85287e-01
2.69517e+00 1.54782e+00 -1.95475e-01
2.69517e+00 1.62053e+00 -2.04823e-01
2.69517e+00 1.69410e+00 -2.13167e-01
2.69517e+00 1.76846e+00 -2.20442e-01
2.69517e+00 1.84353e+00 -2.26720e-01
2.69517e+00 1.91924e+00 -2.32264e-01
2.69517e+00 1.99553e+00 -2.37557e-01
2.69517e+00 2.07230e+00 -2.43306e-01
2.69517e+00 2.14949e+00 -2.50389e-01
2.69517e+00 2.22703e+00 -2.59727e-01
2.69517e+00 2.30483e+00 -2.72065e-01
2.69517e+00 2.38282e+00 -2.87669e-01
2.69517e+00 2.46093e+00 -3.05995e-01
2.69517e+00 2.53907e+00 -3.25442e-01
2.69517e+00 2.61718e+00 -3.43326e-01
2.69517e+00 2.69517e+00 -3.56233e-01
2.69517e+00 2.77297e+00 -3.60764e-01
2.69517e+00 2.85051e+00 -3.54505e-01
2.69517e+00 2.92770e+00 -3.36854e-01
2.69517e+00 3.00447e+00 -3.09293e-01
2.69517e+00 3.08076e+00 -2.74902e-01
2.69517e+00 3.15647e+00 -2.37363e-01
2.69517e+00 3.23154e+00 -1.99944e-01
2.69517e+00 3.30590e+00 -1.64930e-01
2.69517e+00 3.37947e+00 -1.33577e-01
2.69517e+00 3.45218e+00 -1.06380e-01
2.69517e+00 3.52396e+00 -8.33716e-02
2.69517e+00 3.59474e+00 -6.43297e-02
2.69517e+00 3.66445e+00 -4.88900e-02
2.69517e+00 3.73303e+00 -3.66148e-02
2.69517e+00 3.80040e+00 -2.70383e-02
2.69517e+00 3.86649e+00 -1.97011e-02
2.69517e+00 3.93125e+00 -1.41758e-02
2.69517e+00 3.99462e+00 -1.00819e-02
2.69517e+00 4.05652e+00 -7.09466e-03
2.69517e+00 4.11690e+00 -4.94540e-03
2.69517e+00 4.17571e+00 -3.41892e-03
2.69517e+00 4.23287e+00 -2.34731e-03
2.69517e+00 4.28835e+00 -1.60274e-03
2.69517e+00 4.34207e+00 -1.08997e-03
2.69517e+00 4.39400e+00 -7.39457e-04
2.69517e+00 4.44407e+00 -5.01261e-04
2.69517e+00 4.49224e+00 -3.40098e-04
2.69517e+00 4.53847e+00 -2.31359e-04
2.69517e+00 4.58271e+00 -1.58080e-04
2.69517e+00 4.62491e+00 -1.08682e-04
2.69517e+00 4.66504e+00 -7.53186e-05
2.69517e+00 4.70305e+00 -5.27103e-05
2.69517e+00 4.73890e+00 -3.73171e-05
2.69517e+00 4.77257e+00 -2.67731e-05
2.69517e+00 4.80402e+00 -1.94988e-05
2.69517e+00 4.83322e+00 -1.44396e-05
2.69517e+00 4.86014e+00 -1.08899e-05
2.69517e+00 4.88475e+00 -8.37671e-06
2.69517e+00 4.90703e+00 -6.58132e-06
2.69517e+00 4.92696e+00 -5.28826e-06
2.69517e+00 4.94452e+00 -4.35103e-06
2.69517e+00 4.95969e+00 -3.66960e-06
2.69517e+00 4.97246e+00 -3.17544e-06
2.69517e+00 4.98281e+00 -2.82160e-06
2.69517e+00 4.99074e+00 -2.57620e-06
2.69517e+00 4.99623e+00 -2.41814e-06
2.69517e+00 4.99928e+00 -2.33424e-06
2.77297e+00 7.15683e-04 -8.32409e-05
2.77297e+00 3.77012e-03 -4.38504e-04
2.77297e+00 9.26216e-03 -1.07731e-03
2.77297e+00 1.71877e-02 -1.99930e-03
2.77297e+00 2.75390e-02 -3.20390e-03
2.77297e+00 4.03061e-02 -4.69065e-03
2.77297e+00 5.54766e-02 -6.45938e-03
2.77297e+00 7.30356e-02 -8.51051e-03
2.77297e+00 9.29659e-02 -1.08453e-02
2.77297e+00 1.15248e-01 -1.34663e-02
2.77297e+00 1.39860e-01 -1.63776e-02
2.77297e+00 1.66779e-01 -1.95851e-02
2.77297e+00 1.95977e-01 -2.30971e-02
2.77297e+00 2.27426e-01 -2.69246e-02
2.77297e+00 2.61096e-01 -3.10816e-02
2.77297e+00 2.96953e-01 -3.55852e-02
2.77297e+00 3.34963e-01 -4.04563e-02
2.77297e+00 3.75089e-01 -4.57191e-02
2.77297e+00 4.17290e-01 -5.14015e-02
2.77297e+00 4.61527e-01 -5.75346e-02
2.77297e+00 5.07755e-01 -6.41525e-02
2.77297e+00 5.55930e-01 -7.12916e-02
2.77297e+00 6.06005e-01 -7.89893e-02
2.77297e+00 6.57930e-01 -8.72828e-02
2.77297e+00 7.11655e-01 -9.62074e-02
2.77297e+00 7.67127e-01 -1.05794e-01
2.77297e+00 8.24292e-01 -1.16066e-01
2.77297e+00 8.83095e-01 -1.27036e-01
2.77297e+00 9.43478e-01 -1.38703e-01
2.77297e+00 1.00538e+00 -1.51046e-01
2.77297e+00 1.06875e+00 -1.64020e-01
2.77297e+00 1.13351e+00 -1.77553e-01
2.77297e+00 1.19960e+00 -1.91540e-01
2.77297e+00 1.26697e+00 -2.05837e-01
2.77297e+00 1.33555e+00 -2.20267e-01
2.77297e+00 1.40526e+00 -2.34613e-01
2.77297e+00 1.47604e+00 -2.48629e-01
2.77297e+00 1.54782e+00 -2.62046e-01
2.77297e+00 1.62053e+00 -2.74596e-01
2.77297e+00 1.69410e+00 -2.86028e-01
2.77297e+00 1.76846e+00 -2.96144e-01
2.77297e+00 1.84353e+00 -3.04837e-01
2.77297e+00 1.91924e+00 -3.12124e-01
2.77297e+00 1.99553e+00 -3.18182e-01
2.77297e+00 2.07230e+00 -3.23349e-01
2.77297e+00 2.14949e+00 -3.28106e-01
2.77297e+00 2.22703e+00 -3.32994e-01
2.77297e+00 2.30483e+00 -3.38471e-01
2.77297e+00 2.38282e+00 -3.44711e-01
2.77297e+00 2.46093e+00 -3.51386e-01
2.77297e+00 2.53907e+00 -3.57491e-01
2.77297e+00 2.61718e+00 -3.61333e-01
2.77297e+00 2.69517e+00 -3.60764e-01
2.77297e+00 2.77297e+00 -3.53688e-01
2.77297e+00 2.85051e+00 -3.38721e-01
2.77297e+00 2.92770e+00 -3.15740e-01
2.77297e+00 3.00447e+00 -2.86056e-01
2.77297e+00 3.08076e+00 -2.52058e-01
2.77297e+00 3.15647e+00 -2.16510e-01
2.77297e+00 3.23154e+00 -1.81839e-01
2.77297e+00 3.30590e+00 -1.49738e-01
2.77297e+00 3.37947e+00 -1.21136e-01
2.77297e+00 3.45218e+00 -9.63871e-02
2.77297e+00 3.52396e+00 -7.54807e-02
2.77297e+00 3.59474e+00 -5.81976e-02
2.77297e+00 3.66445e+00 -4.41983e-02
2.77297e+00 3.73303e+00 -3.30786e-02
2.77297e+00 3.80040e+00 -2.44110e-02
2.77297e+00 3.86649e+00 -1.77758e-02
2.77297e+00 3.93125e+00 -1.27828e-02
2.77297e+00 3.99462e+00 -9.08609e-03
2.77297e+00 4.05652e+00 -6.39044e-03
2.77297e+00 4.11690e+00 -4.45223e-03
2.77297e+00 4.17571e+00 -3.07647e-03
2.77297e+00 4.23287e+00 -2.11122e-03
2.77297e+00 4.28835e+00 -1.44091e-03
2.77297e+00 4.34207e+00 -9.79509e-04
2.77297e+00 4.39400e+00 -6.64255e-04
2.77297e+00 4.44407e+00 -4.50116e-04
2.77297e+00 4.49224e+00 -3.05290e-04
2.77297e+00 4.53847e+00 -2.07611e-04
2.77297e+00 4.58271e+00 -1.41810e-04
2.77297e+00 4.62491e+00 -9.74677e-05
2.77297e+00 4.66504e+00 -6.75289e-05
2.77297e+00 4.70305e+00 -4.72468e-05
2.77297e+00 4.73890e+00 -3.34413e-05
2.77297e+00 4.77257e+00 -2.39872e-05
2.77297e+00 4.80402e+00 -1.74664e-05
2.77297e+00 4.83322e+00 -1.29321e-05
2.77297e+00 4.86014e+00 -9.75141e-06
2.77297e+00 4.88475e+00 -7.49980e-06
2.77297e+00 4.90703e+00 -5.89156e-06
2.77297e+00 4.92696e+00 -4.73345e-06
2.77297e+00 4.94452e+00 -3.89414e-06
2.77297e+00 4.95969e+00 -3.28397e-06
2.77297e+00 4.97246e+00 -2.84152e-06
2.77297e+00 4.98281e+00 -2.52474e-06
2.77297e+00 4.99074e+00 -2.30505e-06
2.77297e+00 4.99623e+00 -2.16355e-06
2.77297e+00 4.99928e+00 -2.08845e-06
2.85051e+00 7.15683e-04 -1.05114e-04
2.85051e+00 3.77012e-03 -5.53730e-04
2.85051e+00 9.26216e-03 -1.36039e-03
2.85051e+00 1.71877e-02 -2.52459e-03
2.85051e+00 2.75390e-02 -4.04554e-03
2.85051e+00 4.03061e-02 -5.92242e-03
2.85051e+00 5.54766e-02 -8.15463e-03
2.85051e+00 7.30356e-02 -1.07421e-02
2.85051e+00 9.29659e-02 -1.36854e-02
2.85051e+00 1.15248e-01 -1.69862e-02
2.85051e+00 1.39860e-01 -2.06478e-02
2.85051e+00 1.66779e-01 -2.46749e-02
2.85051e+00 1.95977e-01 -2.90748e-02
2.85051e+00 2.27426e-01 -3.38568e-02
2.85051e+00 2.61096e-01 -3.90334e-02
2.85051e+00 2.96953e-01 -4.46199e-02
2.85051e+00 3.34963e-01 -5.06351e-02
2.85051e+00 3.75089e-01 -5.71010e-02
2.85051e+00 4.17290e-01 -6.40431e-02
2.85051e+00 4.61527e-01 -7.14900e-02
2.85051e+00 5.07755e-01 -7.94730e-02
2.85051e+00 5.55930e-01 -8.80256e-02
2.85051e+00 6.06005e-01 -9.71825e-02
2.85051e+00 6.57930e-01 -1.06978e-01
2.85051e+00 7.11655e-01 -1.17446e-01
2.85051e+00 7.67127e-01 -1.28613e-01
2.85051e+00 8.24292e-01 -1.40503e-01
2.85051e+00 8.83095e-01 -1.53127e-01
2.85051e+00 9.43478e-01 -1.66484e-01
2.85051e+00 1.00538e+00 -1.80553e-01
2.85051e+00 1.06875e+00 -1.95294e-01
2.85051e+00 1.13351e+00 -2.10635e-01
2.85051e+00 1.19960e+00 -2.26477e-01
2.85051e+00 1.26697e+00 -2.42680e-01
2.85051e+00 1.33555e+00 -2.59068e-01
2.85051e+00 1.40526e+00 -2.75426e-01
2.85051e+00 1.47604e+00 -2.91498e-01
2.85051e+00 1.54782e+00 -3.06999e-01
2.85051e+00 1.62053e+00 -3.21622e-01
2.85051e+00 1.69410e+00 -3.35058e-01
2.85051e+00 1.76846e+00 -3.47016e-01
2.85051e+00 1.84353e+00 -3.57251e-01
2.85051e+00 1.91924e+00 -3.65596e-01
2.85051e+00 1.99553e+00 -3.71985e-01
2.85051e+00 2.07230e+00 -3.76472e-01
2.85051e+00 2.14949e+00 -3.79223e-01
2.85051e+00 2.22703e+00 -3.80475e-01
2.85051e+00 2.30483e+00 -3.80459e-01
2.85051e+00 2.38282e+00 -3.79280e-01
2.85051e+00 2.46093e+00 -3.76784e-01
2.85051e+00 2.53907e+00 -3.72454e-01
2.85051e+00 2.61718e+00 -3.65402e-01
2.85051e+00 2.69517e+00 -3.54505e-01
2.85051e+00 2.77297e+00 -3.38721e-01
2.85051e+00 2.85051e+00 -3.17486e-01
2.85051e+00 2.92770e+00 -2.91045e-01
2.85051e+00 3.00447e+00 -2.60538e-01
2.85051e+00 3.08076e+00 -2.27759e-01
2.85051e+00 3.15647e+00 -1.94693e-01
2.85051e+00 3.23154e+00 -1.63060e-01
2.85051e+00 3.30590e+00 -1.34055e-01
2.85051e+00 3.37947e+00 -1.08332e-01
2.85051e+00 3.45218e+00 -8.61245e-02
2.85051e+00 3.52396e+00 -6.73921e-02
2.85051e+00 3.59474e+00 -5.19233e-02
2.85051e+00 3.66445e+00 -3.94058e-02
2.85051e+00 3.73303e+00 -2.94722e-02
2.85051e+00 3.80040e+00 -2.17358e-02
2.85051e+00 3.86649e+00 -1.58180e-02
2.85051e+00 3.93125e+00 -1.13683e-02
2.85051e+00 3.99462e+00 -8.07621e-03
2.85051e+00 4.05652e+00 -5.67716e-03
2.85051e+00 4.11690e+00 -3.95329e-03
2.85051e+00 4.17571e+00 -2.73040e-03
2.85051e+00 4.23287e+00 -1.87288e-03
2.85051e+00 4.28835e+00 -1.27768e-03
2.85051e+00 4.34207e+00 -8.68197e-04
2.85051e+00 4.39400e+00 -5.88540e-04
2.85051e+00 4.44407e+00 -3.98664e-04
2.85051e+00 4.49224e+00 -2.70299e-04
2.85051e+00 4.53847e+00 -1.83756e-04
2.85051e+00 4.58271e+00 -1.25478e-04
2.85051e+00 4.62491e+00 -8.62174e-05
2.85051e+00 4.66504e+00 -5.97183e-05
2.85051e+00 4.70305e+00 -4.17717e-05
2.85051e+00 4.73890e+00 -2.95591e-05
2.85051e+00 4.77257e+00 -2.11980e-05
2.85051e+00 4.80402e+00 -1.54323e-05
2.85051e+00 4.83322e+00 -1.14240e-05
2.85051e+00 4.86014e+00 -8.61282e-06
2.85051e+00 4.88475e+00 -6.62312e-06
2.85051e+00 4.90703e+00 -5.20218e-06
2.85051e+00 4.92696e+00 -4.17908e-06
2.85051e+00 4.94452e+00 -3.43771e-06
2.85051e+00 4.95969e+00 -2.89880e-06
2.85051e+00 4.97246e+00 -2.50806e-06
2.85051e+00 4.98281e+00 -2.22831e-06
2.85051e+00 4.99074e+00 -2.03433e-06
2.85051e+00 4.99623e+00 -1.90939e-06
2.85051e+00 4.99928e+00 -1.84307e-06
2.92770e+00 7.15683e-04 -1.17101e-04
2.92770e+00 3.77012e-03 -6.16875e-04
2.92770e+00 9.26216e-03 -1.51552e-03
2.92770e+00 1.71877e-02 -2.81245e-03
2.92770e+00 2.75390e-02 -4.50672e-03
2.92770e+00 4.03061e-02 -6.59731e-03
2.92770e+00 5.54766e-02 -9.08332e-03
2.92770e+00 7.30356e-02 -1.19642e-02
2.92770e+00 9.29659e-02 -1.52402e-02
2.92770e+00 1.15248e-01 -1.89122e-02
2.92770e+00 1.39860e-01 -2.29826e-02
2.92770e+00 1.66779e-01 -2.74553e-02
2.92770e+00 1.95977e-01 -3.23362e-02
2.92770e+00 2.27426e-01 -3.76332e-02
2.92770e+00 2.61096e-01 -4.33571e-02
2.92770e+00 2.96953e-01 -4.95211e-02
2.92770e+00 3.34963e-01 -5.61417e-02
2.92770e+00 3.75089e-01 -6.32384e-02
2.92770e+00 4.17290e-01 -7.08337e-02
2.92770e+00 4.61527e-01 -7.89530e-02
2.92770e+00 5.07755e-01 -8.76243e-02
2.92770e+00 5.55930e-01 -9.68773e-02
2.92770e+00 6.06005e-01 -1.06743e-01
2.92770e+00 6.57930e-01 -1.17253e-01
2.92770e+00 7.11655e-01 -1.28435e-01
2.92770e+00 7.67127e-01 -1.40315e-01
2.92770e+00 8.24292e-01 -1.52913e-01
2.92770e+00 8.83095e-01 -1.66238e-01
2.92770e+00 9.43478e-01 -1.80288e-01
2.92770e+00 1.00538e+00 -1.95044e-01
2.92770e+00 1.06875e+00 -2.10466e-01
2.92770e+00 1.13351e+00 -2.26487e-01
2.92770e+00 1.19960e+00 -2.43012e-01
2.92770e+00 1.26697e+00 -2.59910e-01
2.92770e+00 1.33555e+00 -2.77011e-01
2.92770e+00 1.40526e+00 -2.94105e-01
2.92770e+00 1.47604e+00 -3.10942e-01
2.92770e+00 1.54782e+00 -3.27234e-01
2.92770e+00 1.62053e+00 -3.42660e-01
2.92770e+00 1.69410e+00 -3.56881e-01
2.92770e+00 1.76846e+00 -3.69555e-01
2.92770e+00 1.84353e+00 -3.80354e-01
2.92770e+00 1.91924e+00 -3.88993e-01
2.92770e+00 1.99553e+00 -3.95248e-01
2.92770e+00 2.07230e+00 -3.98981e-01
2.92770e+00 2.14949e+00 -4.00141e-01
2.92770e+00 2.22703e+00 -3.98755e-01
2.92770e+00 2.30483e+00 -3.94897e-01
2.92770e+00 2.38282e+00 -3.88626e-01
2.92770e+00 2.46093e+00 -3.79916e-01
2.92770e+00 2.53907e+00 -3.68603e-01
2.92770e+00 2.61718e+00 -3.54377e-01
2.92770e+00 2.69517e+00 -3.36854e-01
2.92770e+00 2.77297e+00 -3.15740e-01
2.92770e+00 2.85051e+00 -2.91045e-01
2.92770e+00 2.92770e+00 -2.63249e-01
2.92770e+00 3.00447e+00 -2.33331e-01
2.92770e+00 3.08076e+00 -2.02612e-01
2.92770e+00 3.15647e+00 -1.72475e-01
2.92770e+00 3.23154e+00 -1.44096e-01
2.92770e+00 3.30590e+00 -1.18288e-01
2.92770e+00 3.37947e+00 -9.54926e-02
2.92770e+00 3.45218e+00 -7.58547e-02
2.92770e+00 3.52396e+00 -5.93115e-02
2.92770e+00 3.59474e+00 -4.56651e-02
2.92770e+00 3.66445e+00 -3.46328e-02
2.92770e+00 3.73303e+00 -2.58856e-02
2.92770e+00 3.80040e+00 -1.90787e-02
2.92770e+00 3.86649e+00 -1.38761e-02
2.92770e+00 3.93125e+00 -9.96702e-03
2.92770e+00 3.99462e+00 -7.07684e-03
2.92770e+00 4.05652e+00 -4.97207e-03
2.92770e+00 4.11690e+00 -3.46059e-03
2.92770e+00 4.17571e+00 -2.38899e-03
2.92770e+00 4.23287e+00 -1.63796e-03
2.92770e+00 4.28835e+00 -1.11695e-03
2.92770e+00 4.34207e+00 -7.58668e-04
2.92770e+00 4.39400e+00 -5.14095e-04
2.92770e+00 4.44407e+00 -3.48111e-04
2.92770e+00 4.49224e+00 -2.35943e-04
2.92770e+00 4.53847e+00 -1.60349e-04
2.92770e+00 4.58271e+00 -1.09461e-04
2.92770e+00 4.62491e+00 -7.51909e-05
2.92770e+00 4.66504e+00 -5.20670e-05
2.92770e+00 4.70305e+00 -3.64108e-05
2.92770e+00 4.73890e+00 -2.57597e-05
2.92770e+00 4.77257e+00 -1.84693e-05
2.92770e+00 4.80402e+00 -1.34432e-05
2.92770e+00 4.83322e+00 -9.94976e-06
2.92770e+00 4.86014e+00 -7.50011e-06
2.92770e+00 4.88475e+00 -5.76662e-06
2.92770e+00 4.90703e+00 -4.52882e-06
2.92770e+00 4.92696e+00 -3.63773e-06
2.92770e+00 4.94452e+00 -2.99208e-06
2.92770e+00 4.95969e+00 -2.52281e-06
2.92770e+00 4.97246e+00 -2.18258e-06
2.92770e+00 4.98281e+00 -1.93903e-06
2.92770e+00 4.99074e+00 -1.77015e-06
2.92770e+00 4.99623e+00 -1.66138e-06
2.92770e+00 4.99928e+00 -1.60365e-06
3.00447e+00 7.15683e-04 -1.19541e-04
3.00447e+00 3.77012e-03 -6.29729e-04
3.00447e+00 9.26216e-03 -1.54709e-03
3.00447e+00 1.71877e-02 -2.87104e-03
3.00447e+00 2.75390e-02 -4.60054e-03
3.00447e+00 4.03061e-02 -6.73449e-03
3.00447e+00 5.54766e-02 -9.27183e-03
3.00447e+00 7.30356e-02 -1.22118e-02
3.00447e+00 9.29659e-02 -1.55541e-02
3.00447e+00 1.15248e-01 -1.92994e-02
3.00447e+00 1.39860e-01 -2.34492e-02
3.00447e+00 1.66779e-01 -2.80066e-02
3.00447e+00 1.95977e-01 -3.29763e-02
3.00447e+00 2.27426e-01 -3.83648e-02
3.00447e+00 2.61096e-01 -4.41811e-02
3.00447e+00 2.96953e-01 -5.04365e-02
3.00447e+00 3.34963e-01 -5.71448e-02
3.00447e+00 3.75089e-01 -6.43229e-02
3.00447e+00 4.17290e-01 -7.19899e-02
3.00447e+00 4.61527e-01 -8.01678e-02
3.00447e+00 5.07755e-01 -8.88806e-02
3.00447e+00 5.55930e-01 -9.81541e-02
3.00447e+00 6.06005e-01 -1.08015e-01
3.00447e+00 6.57930e-01 -1.18489e-01
3.00447e+00 7.11655e-01 -1.29602e-01
3.00447e+00 7.67127e-01 -1.41374e-01
3.00447e+00 8.24292e-01 -1.53822e-01
3.00447e+00 8.83095e-01 -1.66953e-01
3.00447e+00 9.43478e-01 -1.80763e-01
3.00447e+00 1.00538e+00 -1.95233e-01
3.00447e+00 1.06875e+00 -2.10324e-01
3.00447e+00 1.13351e+00 -2.25976e-01
3.00447e+00 1.19960e+00 -2.42098e-01
3.00447e+00 1.26697e+00 -2.58568e-01
3.00447e+00 1.33555e+00 -2.75230e-01
3.00447e+00 1.40526e+00 -2.91885e-01
3.00447e+00 1.47604e+00 -3.08298e-01
3.00447e+00 1.54782e+00 -3.24191e-01
3.00447e+00 1.62053e+00 -3.39253e-01
3.00447e+00 1.69410e+00 -3.53144e-01
3.00447e+00 1.76846e+00 -3.65507e-01
3.00447e+00 1.84353e+00 -3.75986e-01
3.00447e+00 1.91924e+00 -3.84239e-01
3.00447e+00 1.99553e+00 -3.89965e-01
3.00447e+00 2.07230e+00 -3.92921e-01
3.00447e+00 2.14949e+00 -3.92935e-01
3.00447e+00 2.22703e+00 -3.89914e-01
3.00447e+00 2.30483e+00 -3.83840e-01
3.00447e+00 2.38282e+00 -3.74746e-01
3.00447e+00 2.46093e+00 -3.62690e-01
3.00447e+00 2.53907e+00 -3.47726e-01
3.00447e+00 2.61718e+00 -3.29904e-01
3.00447e+00 2.69517e+00 -3.09293e-01
3.00447e+00 2.77297e+00 -2.86056e-01
3.00447e+00 2.85051e+00 -2.60538e-01
3.00447e+00 2.92770e+00 -2.33331e-01
3.00447e+00 3.00447e+00 -2.05266e-01
3.00447e+00 3.08076e+00 -1.77317e-01
3.00447e+00 3.15647e+00 -1.50441e-01
3.00447e+00 3.23154e+00 -1.25430e-01
3.00447e+00 3.30590e+00 -1.02831e-01
3.00447e+00 3.37947e+00 -8.29357e-02
3.00447e+00 3.45218e+00 -6.58280e-02
3.00447e+00 3.52396e+00 -5.14342e-02
3.00447e+00 3.59474e+00 -3.95729e-02
3.00447e+00 3.66445e+00 -2.99926e-02
3.00447e+00 3.73303e+00 -2.24031e-02
3.00447e+00 3.80040e+00 -1.65020e-02
3.00447e+00 3.86649e+00 -1.19950e-02
3.00447e+00 3.93125e+00 -8.61105e-03
3.00447e+00 3.99462e+00 -6.11082e-03
3.00447e+00 4.05652e+00 -4.29118e-03
3.00447e+00 4.11690e+00 -2.98524e-03
3.00447e+00 4.17571e+00 -2.05988e-03
3.00447e+00 4.23287e+00 -1.41169e-03
3.00447e+00 4.28835e+00 -9.62252e-04
3.00447e+00 4.34207e+00 -6.53336e-04
3.00447e+00 4.39400e+00 -4.42554e-04
3.00447e+00 4.44407e+00 -2.99562e-04
3.00447e+00 4.49224e+00 -2.02970e-04
3.00447e+00 4.53847e+00 -1.37896e-04
3.00447e+00 4.58271e+00 -9.41060e-05
3.00447e+00 4.62491e+00 -6.46252e-05
3.00447e+00 4.66504e+00 -4.47390e-05
3.00447e+00 4.70305e+00 -3.12787e-05
3.00447e+00 4.73890e+00 -2.21238e-05
3.00447e+00 4.77257e+00 -1.58592e-05
3.00447e+00 4.80402e+00 -1.15411e-05
3.00447e+00 4.83322e+00 -8.54045e-06
3.00447e+00 4.86014e+00 -6.43674e-06
3.00447e+00 4.88475e+00 -4.94829e-06
3.00447e+00 4.90703e+00 -3.88564e-06
3.00447e+00 4.92696e+00 -3.12073e-06
3.00447e+00 4.94452e+00 -2.56659e-06
3.00447e+00 4.95969e+00 -2.16386e-06
3.00447e+00 4.97246e+00 -1.87190e-06
3.00447e+00 4.98281e+00 -1.66292e-06
3.00447e+00 4.99074e+00 -1.51802e-06
3.00447e+00 4.99623e+00 -1.42470e-06
3.00447e+00 4.99928e+00 -1.37517e-06
3.08076e+00 7.15683e-04 -1.14298e-04
3.08076e+00 3.77012e-03 -6.02110e-04
3.08076e+00 9.26216e-03 -1.47924e-03
3.08076e+00 1.71877e-02 -2.74510e-03
3.08076e+00 2.75390e-02 -4.39871e-03
3.08076e+00 4.03061e-02 -6.43894e-03
3.08076e+00 5.54766e-02 -8.86469e-03
3.08076e+00 7.30356e-02 -1.16751e-02
3.08076e+00 9.29659e-02 -1.48696e-02
3.08076e+00 1.15248e-01 -1.84486e-02
3.08076e+00 1.39860e-01 -2.24129e-02
3.08076e+00 1.66779e-01 -2.67650e-02
3.08076e+00 1.95977e-01 -3.15084e-02
3.08076e+00 2.27426e-01 -3.66485e-02
3.08076e+00 2.61096e-01 -4.21925e-02
3.08076e+00 2.96953e-01 -4.81497e-02
3.08076e+00 3.34963e-01 -5.45316e-02
3.08076e+00 3.75089e-01 -6.13520e-02
3.08076e+00 4.17290e-01 -6.86270e-02
3.08076e+00 4.61527e-01 -7.63749e-02
3.08076e+00 5.07755e-01 -8.46156e-02
3.08076e+00 5.55930e-01 -9.33706e-02
3.08076e+00 6.06005e-01 -1.02662e-01
3.08076e+00 6.57930e-01 -1.12511e-01
3.08076e+00 7.11655e-01 -1.22938e-01
3.08076e+00 7.67127e-01 -1.33961e-01
3.08076e+00 8.24292e-01 -1.45591e-01
3.08076e+00 8.83095e-01 -1.57832e-01
3.08076e+00 9.43478e-01 -1.70679e-01
3.08076e+00 1.00538e+00 -1.84114e-01
3.08076e+00 1.06875e+00 -1.98099e-01
3.08076e+00 1.13351e+00 -2.12578e-01
3.08076e+00 1.19960e+00 -2.27469e-01
3.08076e+00 1.26697e+00 -2.42661e-01
3.08076e+00 1.33555e+00 -2.58012e-01
3.08076e+00 1.40526e+00 -2.73343e-01
3.08076e+00 1.47604e+00 -2.88437e-01
3.08076e+00 1.54782e+00 -3.03043e-01
3.08076e+00 1.62053e+00 -3.16871e-01
3.08076e+00 1.69410e+00 -3.29604e-01
3.08076e+00 1.76846e+00 -3.40903e-01
3.08076e+00 1.84353e+00 -3.50418e-01
3.08076e+00 1.91924e+00 -3.57807e-01
3.08076e+00 1.99553e+00 -3.62748e-01
3.08076e+00 2.07230e+00 -3.64965e-01
3.08076e+00 2.14949e+00 -3.64241e-01
3.08076e+00 2.22703e+00 -3.60434e-01
3.08076e+00 2.30483e+00 -3.53482e-01
3.08076e+00 2.38282e+00 -3.43410e-01
3.08076e+00 2.46093e+00 -3.30318e-01
3.08076e+00 2.53907e+00 -3.14371e-01
3.08076e+00 2.61718e+00 -2.95801e-01
3.08076e+00 2.69517e+00 -2.74902e-01
3.08076e+00 2.77297e+00 -2.52058e-01
3.08076e+00 2.85051e+00 -2.27759e-01
3.08076e+00 2.92770e+00 -2.02612e-01
3.08076e+00 3.00447e+00 -1.77317e-01
3.08076e+00 3.08076e+00 -1.52606e-01
3.08076e+00 3.15647e+00 -1.29154e-01
3.08076e+00 3.23154e+00 -1.07508e-01
3.08076e+00 3.30590e+00 -8.80397e-02
3.08076e+00 3.37947e+00 -7.09450e-02
3.08076e+00 3.45218e+00 -5.62682e-02
3.08076e+00 3.52396e+00 -4.39338e-02
3.08076e+00 3.59474e+00 -3.37795e-02
3.08076e+00 3.66445e+00 -2.55853e-02
3.08076e+00 3.73303e+00 -1.90992e-02
3.08076e+00 3.80040e+00 -1.40600e-02
3.08076e+00 3.86649e+00 -1.02142e-02
3.08076e+00 3.93125e+00 -7.32864e-03
3.08076e+00 3.99462e+00 -5.19806e-03
3.08076e+00 4.05652e+00 -3.64840e-03
3.08076e+00 4.11690e+00 -2.53688e-03
3.08076e+00 4.17571e+00 -1.74971e-03
3.08076e+00 4.23287e+00 -1.19861e-03
3.08076e+00 4.28835e+00 -8.16675e-04
3.08076e+00 4.34207e+00 -5.54279e-04
3.08076e+00 4.39400e+00 -3.75317e-04
3.08076e+00 4.44407e+00 -2.53962e-04
3.08076e+00 4.49224e+00 -1.72016e-04
3.08076e+00 4.53847e+00 -1.16831e-04
3.08076e+00 4.58271e+00 -7.97068e-05
3.08076e+00 4.62491e+00 -5.47219e-05
3.08076e+00 4.66504e+00 -3.78734e-05
3.08076e+00 4.70305e+00 -2.64724e-05
3.08076e+00 4.73890e+00 -1.87201e-05
3.08076e+00 4.77257e+00 -1.34165e-05
3.08076e+00 4.80402e+00 -9.76165e-06
3.08076e+00 4.83322e+00 -7.22238e-06
3.08076e+00 4.86014e+00 -5.44247e-06
3.08076e+00 4.88475e+00 -4.18334e-06
3.08076e+00 4.90703e+00 -3.28454e-06
3.08076e+00 4.92696e+00 -2.63766e-06
3.08076e+00 4.94452e+00 -2.16907e-06
3.08076e+00 4.95969e+00 -1.82856e-06
3.08076e+00 4.97246e+00 -1.58173e-06
3.08076e+00 4.98281e+00 -1.40506e-06
3.08076e+00 4.99074e+00 -1.28257e-06
3.08076e+00 4.99623e+00 -1.20369e-06
3.08076e+00 4.99928e+00 -1.16182e-06
3.15647e+00 7.15683e-04 -1.03998e-04
3.15647e+00 3.77012e-03 -5.47847e-04
3.15647e+00 9.26216e-03 -1.34592e-03
3.15647e+00 1.71877e-02 -2.49770e-03
3.15647e+00 2.75390e-02 -4.00225e-03
3.15647e+00 4.03061e-02 -5.85852e-03
3.15647e+00 5.54766e-02 -8.06546e-03
3.15647e+00 7.30356e-02 -1.06222e-02
3.15647e+00 9.29659e-02 -1.35280e-02
3.15647e+00 1.15248e-01 -1.67830e-02
3.15647e+00 1.39860e-01 -2.03878e-02
3.15647e+00 1.66779e-01 -2.43441e-02
3.15647e+00 1.95977e-01 -2.86545e-02
3.15647e+00 2.27426e-01 -3.33234e-02
3.15647e+00 2.61096e-01 -3.83563e-02
3.15647e+00 2.96953e-01 -4.37608e-02
3.15647e+00 3.34963e-01 -4.95462e-02
3.15647e+00 3.75089e-01 -5.57235e-02
3.15647e+00 4.17290e-01 -6.23058e-02
3.15647e+00 4.61527e-01 -6.93078e-02
3.15647e+00 5.07755e-01 -7.67458e-02
3.15647e+00 5.55930e-01 -8.46368e-02
3.15647e+00 6.06005e-01 -9.29986e-02
3.15647e+00 6.57930e-01 -1.01848e-01
3.15647e+00 7.11655e-01 -1.11202e-01
3.15647e+00 7.67127e-01 -1.21072e-01
3.15647e+00 8.24292e-01 -1.31467e-01
3.15647e+00 8.83095e-01 -1.42389e-01
3.15647e+00 9.43478e-01 -1.53830e-01
3.15647e+00 1.00538e+00 -1.65772e-01
3.15647e+00 1.06875e+00 -1.78182e-01
3.15647e+00 1.13351e+00 -1.91006e-01
3.15647e+00 1.19960e+00 -2.04174e-01
3.15647e+00 1.26697e+00 -2.17585e-01
3.15647e+00 1.33555e+00 -2.31114e-01
3.15647e+00 1.40526e+00 -2.44603e-01
3.15647e+00 1.47604e+00 -2.57862e-01
3.15647e+00 1.54782e+00 -2.70669e-01
3.15647e+00 1.62053e+00 -2.82767e-01
3.15647e+00 1.69410e+00 -2.93875e-01
3.15647e+00 1.76846e+00 -3.03690e-01
3.15647e+00 1.84353e+00 -3.11894e-01
3.15647e+00 1.91924e+00 -3.18174e-01
3.15647e+00 1.99553e+00 -3.22231e-01
3.15647e+00 2.07230e+00 -3.23799e-01
3.15647e+00 2.14949e+00 -3.22663e-01
3.15647e+00 2.22703e+00 -3.18676e-01
3.15647e+00 2.30483e+00 -3.11768e-01
3.15647e+00 2.38282e+00 -3.01962e-01
3.15647e+00 2.46093e+00 -2.89372e-01
3.15647e+00 2.53907e+00 -2.74202e-01
3.15647e+00 2.61718e+00 -2.56742e-01
3.15647e+00 2.69517e+00 -2.37363e-01
3.15647e+00 2.77297e+00 -2.16510e-01
3.15647e+00 2.85051e+00 -1.94693e-01
3.15647e+00 2.92770e+00 -1.72475e-01
3.15647e+00 3.00447e+00 -1.50441e-01
3.15647e+00 3.08076e+00 -1.29154e-01
3.15647e+00 3.15647e+00 -1.09114e-01
3.15647e+00 3.23154e+00 -9.07133e-02
3.15647e+00 3.30590e+00 -7.42156e-02
3.15647e+00 3.37947e+00 -5.97577e-02
3.15647e+00 3.45218e+00 -4.73611e-02
3.15647e+00 3.52396e+00 -3.69541e-02
3.15647e+00 3.59474e+00 -2.83945e-02
3.15647e+00 3.66445e+00 -2.14931e-02
3.15647e+00 3.73303e+00 -1.60348e-02
3.15647e+00 3.80040e+00 -1.17973e-02
3.15647e+00 3.86649e+00 -8.56567e-03
3.15647e+00 3.93125e+00 -6.14256e-03
3.15647e+00 3.99462e+00 -4.35459e-03
3.15647e+00 4.05652e+00 -3.05491e-03
3.15647e+00 4.11690e+00 -2.12322e-03
3.15647e+00 4.17571e+00 -1.46376e-03
3.15647e+00 4.23287e+00 -1.00230e-03
3.15647e+00 4.28835e+00 -6.82647e-04
3.15647e+00 4.34207e+00 -4.63139e-04
3.15647e+00 4.39400e+00 -3.13491e-04
3.15647e+00 4.44407e+00 -2.12054e-04
3.15647e+00 4.49224e+00 -1.43585e-04
3.15647e+00 4.53847e+00 -9.74908e-05
3.15647e+00 4.58271e+00 -6.64933e-05
3.15647e+00 4.62491e+00 -4.56381e-05
3.15647e+00 4.66504e+00 -3.15785e-05
3.15647e+00 4.70305e+00 -2.20672e-05
3.15647e+00 4.73890e+00 -1.56016e-05
3.15647e+00 4.77257e+00 -1.11792e-05
3.15647e+00 4.80402e+00 -8.13232e-06
3.15647e+00 4.83322e+00 -6.01585e-06
3.15647e+00 4.86014e+00 -4.53257e-06
3.15647e+00 4.88475e+00 -3.48345e-06
3.15647e+00 4.90703e+00 -2.73468e-06
3.15647e+00 4.92696e+00 -2.19584e-06
3.15647e+00 4.94452e+00 -1.80557e-06
3.15647e+00 4.95969e+00 -1.52199e-06
3.15647e+00 4.97246e+00 -1.31645e-06
3.15647e+00 4.98281e+00 -1.16934e-06
3.15647e+00 4.99074e+00 -1.06736e-06
3.15647e+00 4.99623e+00 -1.00168e-06
3.15647e+00 4.99928e+00 -9.66824e-07
3.23154e+00 7.15683e-04 -9.11693e-05
3.23154e+00 3.77012e-03 -4.80269e-04
3.23154e+00 9.26216e-03 -1.17990e-03
3.23154e+00 1.71877e-02 -2.18960e-03
3.23154e+00 2.75390e-02 -3.50854e-03
3.23154e+00 4.03061e-02 -5.13578e-03
3.23154e+00 5.54766e-02 -7.07035e-03
3.23154e+00 7.30356e-02 -9.31139e-03
3.23154e+00 9.29659e-02 -1.18583e-02
3.23154e+00 1.15248e-01 -1.47108e-02
3.23154e+00 1.39860e-01 -1.78694e-02
3.23154e+00 1.66779e-01 -2.13352e-02
3.23154e+00 1.95977e-01 -2.51101e-02
3.23154e+00 2.27426e-01 -2.91976e-02
3.23154e+00 2.61096e-01 -3.36018e-02
3.23154e+00 2.96953e-01 -3.83288e-02
3.23154e+00 3.34963e-01 -4.33857e-02
3.23154e+00 3.75089e-01 -4.87814e-02
3.23154e+00 4.17290e-01 -5.45261e-02
3.23154e+00 4.61527e-01 -6.06314e-02
3.23154e+00 5.07755e-01 -6.71100e-02
3.23154e+00 5.55930e-01 -7.39755e-02
3.23154e+00 6.06005e-01 -8.12414e-02
3.23154e+00 6.57930e-01 -8.89210e-02
3.23154e+00 7.11655e-01 -9.70262e-02
3.23154e+00 7.67127e-01 -1.05566e-01
3.23154e+00 8.24292e-01 -1.14546e-01
3.23154e+00 8.83095e-01 -1.23966e-01
3.23154e+00 9.43478e-01 -1.33817e-01
3.23154e+00 1.00538e+00 -1.44081e-01
3.23154e+00 1.06875e+00 -1.54729e-01
3.23154e+00 1.13351e+00 -1.65713e-01
3.23154e+00 1.19960e+00 -1.76970e-01
3.23154e+00 1.26697e+00 -1.88414e-01
3.23154e+00 1.33555e+00 -1.99936e-01
3.23154e+00 1.40526e+00 -2.11401e-01
3.23154e+00 1.47604e+00 -2.22646e-01
3.23154e+00 1.54782e+00 -2.33480e-01
3.23154e+00 1.62053e+00 -2.43685e-01
3.23154e+00 1.69410e+00 -2.53019e-01
3.23154e+00 1.76846e+00 -2.61223e-01
3.23154e+00 1.84353e+00 -2.68026e-01
3.23154e+00 1.91924e+00 -2.73157e-01
3.23154e+00 1.99553e+00 -2.76356e-01
3.23154e+00 2.07230e+00 -2.77391e-01
3.23154e+00 2.14949e+00 -2.76075e-01
3.23154e+00 2.22703e+00 -2.72274e-01
3.23154e+00 2.30483e+00 -2.65931e-01
3.23154e+00 2.38282e+00 -2.57067e-01
3.23154e+00 2.46093e+00 -2.45795e-01
3.23154e+00 2.53907e+00 -2.32314e-01
3.23154e+00 2.61718e+00 -2.16910e-01
3.23154e+00 2.69517e+00 -1.99944e-01
3.23154e+00 2.77297e+00 -1.81839e-01
3.23154e+00 2.85051e+00 -1.63060e-01
3.23154e+00 2.92770e+00 -1.44096e-01
3.23154e+00 3.00447e+00 -1.25430e-01
3.23154e+00 3.08076e+00 -1.07508e-01
3.23154e+00 3.15647e+00 -9.07133e-02
3.23154e+00 3.23154e+00 -7.53408e-02
3.23154e+00 3.30590e+00 -6.15878e-02
3.23154e+00 3.37947e+00 -4.95533e-02
3.23154e+00 3.45218e+00 -3.92465e-02
3.23154e+00 3.52396e+00 -3.06025e-02
3.23154e+00 3.59474e+00 -2.34992e-02
3.23154e+00 3.66445e+00 -1.77768e-02
3.23154e+00 3.73303e+00 -1.32545e-02
3.23154e+00 3.80040e+00 -9.74631e-03
3.23154e+00 3.86649e+00 -7.07270e-03
3.23154e+00 3.93125e+00 -5.06932e-03
3.23154e+00 3.99462e+00 -3.59197e-03
3.23154e+00 4.05652e+00 -2.51871e-03
3.23154e+00 4.11690e+00 -1.74976e-03
3.23154e+00 4.17571e+00 -1.20578e-03
3.23154e+00 4.23287e+00 -8.25312e-04
3.23154e+00 4.28835e+00 -5.61884e-04
3.23154e+00 4.34207e+00 -3.81066e-04
3.23154e+00 4.39400e+00 -2.57847e-04
3.23154e+00 4.44407e+00 -1.74356e-04
3.23154e+00 4.49224e+00 -1.18022e-04
3.23154e+00 4.53847e+00 -8.01105e-05
3.23154e+00 4.58271e+00 -5.46239e-05
3.23154e+00 4.62491e+00 -3.74815e-05
3.23154e+00 4.66504e+00 -2.59283e-05
3.23154e+00 4.70305e+00 -1.81147e-05
3.23154e+00 4.73890e+00 -1.28044e-05
3.23154e+00 4.77257e+00 -9.17306e-06
3.23154e+00 4.80402e+00 -6.67174e-06
3.23154e+00 4.83322e+00 -4.93456e-06
3.23154e+00 4.86014e+00 -3.71731e-06
3.23154e+00 4.88475e+00 -2.85650e-06
3.23154e+00 4.90703e+00 -2.24221e-06
3.23154e+00 4.92696e+00 -1.80021e-06
3.23154e+00 4.94452e+00 -1.48011e-06
3.23154e+00 4.95969e+00 -1.24754e-06
3.23154e+00 4.97246e+00 -1.07899e-06
3.23154e+00 4.98281e+00 -9.58363e-07
3.23154e+00 4.99074e+00 -8.74740e-07
3.23154e+00 4.99623e+00 -8.20890e-07
3.23154e+00 4.99928e+00 -7.92313e-07
3.30590e+00 7.15683e-04 -7.77089e-05
3.30590e+00 3.77012e-03 -4.09361e-04
3.30590e+00 9.26216e-03 -1.00570e-03
3.30590e+00 1.71877e-02 -1.86632e-03
3.30590e+00 2.75390e-02 -2.99051e-03
3.30590e+00 4.03061e-02 -4.37746e-03
3.30590e+00 5.54766e-02 -6.02631e-03
3.30590e+00 7.30356e-02 -7.93627e-03
3.30590e+00 9.29659e-02 -1.01068e-02
3.30590e+00 1.15248e-01 -1.25375e-02
3.30590e+00 1.39860e-01 -1.52286e-02
3.30590e+00 1.66779e-01 -1.81808e-02
3.30590e+00 1.95977e-01 -2.13958e-02
3.30590e+00 2.27426e-01 -2.48758e-02
3.30590e+00 2.61096e-01 -2.86241e-02
3.30590e+00 2.96953e-01 -3.26454e-02
3.30590e+00 3.34963e-01 -3.69450e-02
3.30590e+00 3.75089e-01 -4.15299e-02
3.30590e+00 4.17290e-01 -4.64079e-02
3.30590e+00 4.61527e-01 -5.15880e-02
3.30590e+00 5.07755e-01 -5.70799e-02
3.30590e+00 5.55930e-01 -6.28940e-02
3.30590e+00 6.06005e-01 -6.90404e-02
3.30590e+00 6.57930e-01 -7.55291e-02
3.30590e+00 7.11655e-01 -8.23687e-02
3.30590e+00 7.67127e-01 -8.95653e-02
3.30590e+00 8.24292e-01 -9.71219e-02
3.30590e+00 8.83095e-01 -1.05037e-01
3.30590e+00 9.43478e-01 -1.13301e-01
3.30590e+00 1.00538e+00 -1.21898e-01
3.30590e+00 1.06875e+00 -1.30800e-01
3.30590e+00 1.13351e+00 -1.39967e-01
3.30590e+00 1.19960e+00 -1.49345e-01
3.30590e+00 1.26697e+00 -1.58860e-01
3.30590e+00 1.33555e+00 -1.68420e-01
3.30590e+00 1.40526e+00 -1.77911e-01
3.30590e+00 1.47604e+00 -1.87197e-01
3.30590e+00 1.54782e+00 -1.96118e-01
3.30590e+00 1.62053e+00 -2.04493e-01
3.30590e+00 1.69410e+00 -2.12122e-01
3.30590e+00 1.76846e+00 -2.18788e-01
3.30590e+00 1.84353e+00 -2.24267e-01
3.30590e+00 1.91924e+00 -2.28335e-01
3.30590e+00 1.99553e+00 -2.30777e-01
3.30590e+00 2.07230e+00 -2.31402e-01
3.30590e+00 2.14949e+00 -2.30054e-01
3.30590e+00 2.22703e+00 -2.26626e-01
3.30590e+00 2.30483e+00 -2.21073e-01
3.30590e+00 2.38282e+00 -2.13418e-01
3.30590e+00 2.46093e+00 -2.03761e-01
3.30590e+00 2.53907e+00 -1.92283e-01
3.30590e+00 2.61718e+00 -1.79233e-01
3.30590e+00 2.69517e+00 -1.64930e-01
3.30590e+00 2.77297e+00 -1.49738e-01
3.30590e+00 2.85051e+00 -1.34055e-01
3.30590e+00 2.92770e+00 -1.18288e-01
3.30590e+00 3.00447e+00 -1.02831e-01
3.30590e+00 3.08076e+00 -8.80397e-02
3.30590e+00 3.15647e+00 -7.42156e-02
3.30590e+00 3.23154e+00 -6.15878e-02
3.30590e+00 3.30590e+00 -5.03078e-02
3.30590e+00 3.37947e+00 -4.04493e-02
3.30590e+00 3.45218e+00 -3.20149e-02
3.30590e+00 3.52396e+00 -2.49477e-02
3.30590e+00 3.59474e+00 -1.91453e-02
3.30590e+00 3.66445e+00 -1.44746e-02
3.30590e+00 3.73303e+00 -1.07862e-02
3.30590e+00 3.80040e+00 -7.92700e-03
3.30590e+00 3.86649e+00 -5.74945e-03
3.30590e+00 3.93125e+00 -4.11882e-03
3.30590e+00 3.99462e+00 -2.91707e-03
3.30590e+00 4.05652e+00 -2.04453e-03
3.30590e+00 4.11690e+00 -1.41972e-03
3.30590e+00 4.17571e+00 -9.77934e-04
3.30590e+00 4.23287e+00 -6.69094e-04
3.30590e+00 4.28835e+00 -4.55355e-04
3.30590e+00 4.34207e+00 -3.08707e-04
3.30590e+00 4.39400e+00 -2.08814e-04
3.30590e+00 4.44407e+00 -1.41154e-04
3.30590e+00 4.49224e+00 -9.55182e-05
3.30590e+00 4.53847e+00 -6.48166e-05
3.30590e+00 4.58271e+00 -4.41835e-05
3.30590e+00 4.62491e+00 -3.03098e-05
3.30590e+00 4.66504e+00 -2.09622e-05
3.30590e+00 4.70305e+00 -1.46418e-05
3.30590e+00 4.73890e+00 -1.03474e-05
3.30590e+00 4.77257e+00 -7.41144e-06
3.30590e+00 4.80402e+00 -5.38951e-06
3.30590e+00 4.83322e+00 -3.98553e-06
3.30590e+00 4.86014e+00 -3.00194e-06
3.30590e+00 4.88475e+00 -2.30647e-06
3.30590e+00 4.90703e+00 -1.81024e-06
3.30590e+00 4.92696e+00 -1.45323e-06
3.30590e+00 4.94452e+00 -1.19472e-06
3.30590e+00 4.95969e+00 -1.00691e-06
3.30590e+00 4.97246e+00 -8.70811e-07
3.30590e+00 4.98281e+00 -7.73415e-07
3.30590e+00 4.99074e+00 -7.05900e-07
3.30590e+00 4.99623e+00 -6.62425e-07
3.30590e+00 4.99928e+00 -6.39354e-07
3.37947e+00 7.15683e-04 -6.47751e-05
3.37947e+00 3.77012e-03 -3.41227e-04
3.37947e+00 9.26216e-03 -8.38310e-04
3.37947e+00 1.71877e-02 -1.55568e-03
3.37947e+00 2.75390e-02 -2.49276e-03
3.37947e+00 4.03061e-02 -3.64884e-03
3.37947e+00 5.54766e-02 -5.02318e-03
3.37947e+00 7.30356e-02 -6.61510e-03
3.37947e+00 9.29659e-02 -8.42403e-03
3.37947e+00 1.15248e-01 -1.04497e-02
3.37947e+00 1.39860e-01 -1.26920e-02
3.37947e+00 1.66779e-01 -1.51516e-02
3.37947e+00 1.95977e-01 -1.78295e-02
3.37947e+00 2.27426e-01 -2.07273e-02
3.37947e+00 2.61096e-01 -2.38477e-02
3.37947e+00 2.96953e-01 -2.71938e-02
3.37947e+00 3.34963e-01 -3.07700e-02
3.37947e+00 3.75089e-01 -3.45813e-02
3.37947e+00 4.17290e-01 -3.86338e-02
3.37947e+00 4.61527e-01 -4.29341e-02
3.37947e+00 5.07755e-01 -4.74896e-02
3.37947e+00 5.55930e-01 -5.23079e-02
3.37947e+00 6.06005e-01 -5.73967e-02
3.37947e+00 6.57930e-01 -6.27630e-02
3.37947e+00 7.11655e-01 -6.84129e-02
3.37947e+00 7.67127e-01 -7.43504e-02
3.37947e+00 8.24292e-01 -8.05765e-02
3.37947e+00 8.83095e-01 -8.70883e-02
3.37947e+00 9.43478e-01 -9.38776e-02
3.37947e+00 1.00538e+00 -1.00929e-01
3.37947e+00 1.06875e+00 -1.08219e-01
3.37947e+00 1.13351e+00 -1.15713e-01
3.37947e+00 1.19960e+00 -1.23365e-01
3.37947e+00 1.26697e+00 -1.31113e-01
3.37947e+00 1.33555e+00 -1.38882e-01
3.37947e+00 1.40526e+00 -1.46577e-01
3.37947e+00 1.47604e+00 -1.54087e-01
3.37947e+00 1.54782e+00 -1.61280e-01
3.37947e+00 1.62053e+00 -1.68009e-01
3.37947e+00 1.69410e+00 -1.74112e-01
3.37947e+00 1.76846e+00 -1.79411e-01
3.37947e+00 1.84353e+00 -1.83728e-01
3.37947e+00 1.91924e+00 -1.86880e-01
3.37947e+00 1.99553e+00 -1.88695e-01
3.37947e+00 2.07230e+00 -1.89021e-01
3.37947e+00 2.14949e+00 -1.87734e-01
3.37947e+00 2.22703e+00 -1.84751e-01
3.37947e+00 2.30483e+00 -1.80039e-01
3.37947e+00 2.38282e+00 -1.73621e-01
3.37947e+00 2.46093e+00 -1.65586e-01
3.37947e+00 2.53907e+00 -1.56084e-01
3.37947e+00 2.61718e+00 -1.45327e-01
3.37947e+00 2.69517e+00 -1.33577e-01
3.37947e+00 2.77297e+00 -1.21136e-01
3.37947e+00 2.85051e+00 -1.08332e-01
3.37947e+00 2.92770e+00 -9.54926e-02
3.37947e+00 3.00447e+00 -8.29357e-02
3.37947e+00 3.08076e+00 -7.09450e-02
3.37947e+00 3.15647e+00 -5.97577e-02
3.37947e+00 3.23154e+00 -4.95533e-02
3.37947e+00 3.30590e+00 -4.04493e-02
3.37947e+00 3.37947e+00 -3.25010e-02
3.37947e+00 3.45218e+00 -2.57076e-02
3.37947e+00 3.52396e+00 -2.00204e-02
3.37947e+00 3.59474e+00 -1.53548e-02
3.37947e+00 3.66445e+00 -1.16022e-02
3.37947e+00 3.73303e+00 -8.64105e-03
3.37947e+00 3.80040e+00 -6.34711e-03
3.37947e+00 3.86649e+00 -4.60122e-03
3.37947e+00 3.93125e+00 -3.29464e-03
3.37947e+00 3.99462e+00 -2.33228e-03
3.37947e+00 4.05652e+00 -1.63393e-03
3.37947e+00 4.11690e+00 -1.13411e-03
3.37947e+00 4.17571e+00 -7.80882e-04
3.37947e+00 4.23287e+00 -5.34065e-04
3.37947e+00 4.28835e+00 -3.63326e-04
3.37947e+00 4.34207e+00 -2.46230e-04
3.37947e+00 4.39400e+00 -1.66497e-04
3.37947e+00 4.44407e+00 -1.12513e-04
3.37947e+00 4.49224e+00 -7.61142e-05
3.37947e+00 4.53847e+00 -5.16348e-05
3.37947e+00 4.58271e+00 -3.51885e-05
3.37947e+00 4.62491e+00 -2.41332e-05
3.37947e+00 4.66504e+00 -1.66865e-05
3.37947e+00 4.70305e+00 -1.16527e-05
3.37947e+00 4.73890e+00 -8.23333e-06
3.37947e+00 4.77257e+00 -5.89609e-06
3.37947e+00 4.80402e+00 -4.28681e-06
3.37947e+00 4.83322e+00 -3.16958e-06
3.37947e+00 4.86014e+00 -2.38701e-06
3.37947e+00 4.88475e+00 -1.83375e-06
3.37947e+00 4.90703e+00 -1.43905e-06
3.37947e+00 4.92696e+00 -1.15513e-06
3.37947e+00 4.94452e+00 -9.49554e-07
3.37947e+00 4.95969e+00 -8.00223e-07
3.37947e+00 4.97246e+00 -6.92013e-07
3.37947e+00 4.98281e+00 -6.14581e-07
3.37947e+00 4.99074e+00 -5.60908e-07
3.37947e+00 4.99623e+00 -5.26348e-07
3.37947e+00 4.99928e+00 -5.08008e-07
3.45218e+00 7.15683e-04 -5.29671e-05
3.45218e+00 3.77012e-03 -2.79024e-04
3.45218e+00 9.26216e-03 -6.85492e-04
3.45218e+00 1.71877e-02 -1.27209e-03
3.45218e+00 2.75390e-02 -2.03834e-03
3.45218e+00 4.03061e-02 -2.98365e-03
3.45218e+00 5.54766e-02 -4.10741e-03
3.45218e+00 7.30356e-02 -5.40902e-03
3.45218e+00 9.29659e-02 -6.88799e-03
3.45218e+00 1.15248e-01 -8.54400e-03
3.45218e+00 1.39860e-01 -1.03770e-02
3.45218e+00 1.66779e-01 -1.23872e-02
3.45218e+00 1.95977e-01 -1.45755e-02
3.45218e+00 2.27426e-01 -1.69429e-02
3.45218e+00 2.61096e-01 -1.94913e-02
3.45218e+00 2.96953e-01 -2.22232e-02
3.45218e+00 3.34963e-01 -2.51416e-02
3.45218e+00 3.75089e-01 -2.82504e-02
3.45218e+00 4.17290e-01 -3.15540e-02
3.45218e+00 4.61527e-01 -3.50572e-02
3.45218e+00 5.07755e-01 -3.87656e-02
3.45218e+00 5.55930e-01 -4.26848e-02
3.45218e+00 6.06005e-01 -4.68201e-02
3.45218e+00 6.57930e-01 -5.11766e-02
3.45218e+00 7.11655e-01 -5.57583e-02
3.45218e+00 7.67127e-01 -6.05675e-02
3.45218e+00 8.24292e-01 -6.56043e-02
3.45218e+00 8.83095e-01 -7.08652e-02
3.45218e+00 9.43478e-01 -7.63425e-02
3.45218e+00 1.00538e+00 -8.20228e-02
3.45218e+00 1.06875e+00 -8.78859e-02
3.45218e+00 1.13351e+00 -9.39031e-02
3.45218e+00 1.19960e+00 -1.00036e-01
3.45218e+00 1.26697e+00 -1.06234e-01
3.45218e+00 1.33555e+00 -1.12436e-01
3.45218e+00 1.40526e+00 -1.18565e-01
3.45218e+00 1.47604e+00 -1.24531e-01
3.45218e+00 1.54782e+00 -1.30229e-01
3.45218e+00 1.62053e+00 -1.35540e-01
3.45218e+00 1.69410e+00 -1.40335e-01
3.45218e+00 1.76846e+00 -1.44474e-01
3.45218e+00 1.84353e+00 -1.47812e-01
3.45218e+00 1.91924e+00 -1.50208e-01
3.45218e+00 1.99553e+00 -1.51527e-01
3.45218e+00 2.07230e+00 -1.51647e-01
3.45218e+00 2.14949e+00 -1.50475e-01
3.45218e+00 2.22703e+00 -1.47947e-01
3.45218e+00 2.30483e+00 -1.44040e-01
3.45218e+00 2.38282e+00 -1.38777e-01
3.45218e+00 2.46093e+00 -1.32232e-01
3.45218e+00 2.53907e+00 -1.24530e-01
3.45218e+00 2.61718e+00 -1.15842e-01
3.45218e+00 2.69517e+00 -1.06380e-01
3.45218e+00 2.77297e+00 -9.63871e-02
3.45218e+00 2.85051e+00 -8.61245e-02
3.45218e+00 2.92770e+00 -7.58547e-02
3.45218e+00 3.00447e+00 -6.58280e-02
3.45218e+00 3.08076e+00 -5.62682e-02
3.45218e+00 3.15647e+00 -4.73611e-02
3.45218e+00 3.23154e+00 -3.92465e-02
3.45218e+00 3.30590e+00 -3.20149e-02
3.45218e+00 3.37947e+00 -2.57076e-02
3.45218e+00 3.45218e+00 -2.03215e-02
3.45218e+00 3.52396e+00 -1.58164e-02
3.45218e+00 3.59474e+00 -1.21236e-02
3.45218e+00 3.66445e+00 -9.15563e-03
3.45218e+00 3.73303e+00 -6.81526e-03
3.45218e+00 3.80040e+00 -5.00345e-03
3.45218e+00 3.86649e+00 -3.62538e-03
3.45218e+00 3.93125e+00 -2.59468e-03
3.45218e+00 3.99462e+00 -1.83594e-03
3.45218e+00 4.05652e+00 -1.28565e-03
3.45218e+00 4.11690e+00 -8.92002e-04
3.45218e+00 4.17571e+00 -6.13936e-04
3.45218e+00 4.23287e+00 -4.19727e-04
3.45218e+00 4.28835e+00 -2.85439e-04
3.45218e+00 4.34207e+00 -1.93378e-04
3.45218e+00 4.39400e+00 -1.30717e-04
3.45218e+00 4.44407e+00 -8.83073e-05
3.45218e+00 4.49224e+00 -5.97216e-05
3.45218e+00 4.53847e+00 -4.05031e-05
3.45218e+00 4.58271e+00 -2.75951e-05
3.45218e+00 4.62491e+00 -1.89209e-05
3.45218e+00 4.66504e+00 -1.30795e-05
3.45218e+00 4.70305e+00 -9.13190e-06
3.45218e+00 4.73890e+00 -6.45091e-06
3.45218e+00 4.77257e+00 -4.61880e-06
3.45218e+00 4.80402e+00 -3.35757e-06
3.45218e+00 4.83322e+00 -2.48213e-06
3.45218e+00 4.86014e+00 -1.86901e-06
3.45218e+00 4.88475e+00 -1.43563e-06
3.45218e+00 4.90703e+00 -1.12649e-06
3.45218e+00 4.92696e+00 -9.04142e-07
3.45218e+00 4.94452e+00 -7.43167e-07
3.45218e+00 4.95969e+00 -6.26244e-07
3.45218e+00 4.97246e+00 -5.41525e-07
3.45218e+00 4.98281e+00 -4.80906e-07
3.45218e+00 4.99074e+00 -4.38890e-07
3.45218e+00 4.99623e+00 -4.11836e-07
3.45218e+00 4.99928e+00 -3.97480e-07
3.52396e+00 7.15683e-04 -4.25494e-05
3.52396e+00 3.77012e-03 -2.24145e-04
3.52396e+00 9.26216e-03 -5.50668e-04
3.52396e+00 1.71877e-02 -1.02189e-03
3.52396e+00 2.75390e-02 -1.63743e-03
3.52396e+00 4.03061e-02 -2.39679e-03
3.52396e+00 5.54766e-02 -3.29949e-03
3.52396e+00 7.30356e-02 -4.34501e-03
3.52396e+00 9.29659e-02 -5.53294e-03
3.52396e+00 1.15248e-01 -6.86297e-03
3.52396e+00 1.39860e-01 -8.33499e-03
3.52396e+00 1.66779e-01 -9.94913e-03
3.52396e+00 1.95977e-01 -1.17059e-02
3.52396e+00 2.27426e-01 -1.36061e-02
3.52396e+00 2.61096e-01 -1.56510e-02
3.52396e+00 2.96953e-01 -1.78424e-02
3.52396e+00 3.34963e-01 -2.01825e-02
3.52396e+00 3.75089e-01 -2.26741e-02
3.52396e+00 4.17290e-01 -2.53204e-02
3.52396e+00 4.61527e-01 -2.81249e-02
3.52396e+00 5.07755e-01 -3.10916e-02
3.52396e+00 5.55930e-01 -3.42245e-02
3.52396e+00 6.06005e-01 -3.75274e-02
3.52396e+00 6.57930e-01 -4.10036e-02
3.52396e+00 7.11655e-01 -4.46559e-02
3.52396e+00 7.67127e-01 -4.84854e-02
3.52396e+00 8.24292e-01 -5.24913e-02
3.52396e+00 8.83095e-01 -5.66702e-02
3.52396e+00 9.43478e-01 -6.10151e-02
3.52396e+00 1.00538e+00 -6.55147e-02
3.52396e+00 1.06875e+00 -7.01521e-02
3.52396e+00 1.13351e+00 -7.49038e-02
3.52396e+00 1.19960e+00 -7.97384e-02
3.52396e+00 1.26697e+00 -8.46159e-02
3.52396e+00 1.33555e+00 -8.94862e-02
3.52396e+00 1.40526e+00 -9.42887e-02
3.52396e+00 1.47604e+00 -9.89516e-02
3.52396e+00 1.54782e+00 -1.03392e-01
3.52396e+00 1.62053e+00 -1.07517e-01
3.52396e+00 1.69410e+00 -1.11223e-01
3.52396e+00 1.76846e+00 -1.14403e-01
3.52396e+00 1.84353e+00 -1.16943e-01
3.52396e+00 1.91924e+00 -1.18734e-01
3.52396e+00 1.99553e+00 -1.19670e-01
3.52396e+00 2.07230e+00 -1.19659e-01
3.52396e+00 2.14949e+00 -1.18630e-01
3.52396e+00 2.22703e+00 -1.16534e-01
3.52396e+00 2.30483e+00 -1.13358e-01
3.52396e+00 2.38282e+00 -1.09123e-01
3.52396e+00 2.46093e+00 -1.03889e-01
3.52396e+00 2.53907e+00 -9.77557e-02
3.52396e+00 2.61718e+00 -9.08605e-02
3.52396e+00 2.69517e+00 -8.33716e-02
3.52396e+00 2.77297e+00 -7.54807e-02
3.52396e+00 2.85051e+00 -6.73921e-02
3.52396e+00 2.92770e+00 -5.93115e-02
3.52396e+00 3.00447e+00 -5.14342e-02
3.52396e+00 3.08076e+00 -4.39338e-02
3.52396e+00 3.15647e+00 -3.69541e-02
3.52396e+00 3.23154e+00 -3.06025e-02
3.52396e+00 3.30590e+00 -2.49477e-02
3.52396e+00 3.37947e+00 -2.00204e-02
3.52396e+00 3.45218e+00 -1.58164e-02
3.52396e+00 3.52396e+00 -1.23030e-02
3.52396e+00 3.59474e+00 -9.42529e-03
3.52396e+00 3.66445e+00 -7.11407e-03
3.52396e+00 3.73303e+00 -5.29283e-03
3.52396e+00 3.80040e+00 -3.88383e-03
3.52396e+00 3.86649e+00 -2.81279e-03
3.52396e+00 3.93125e+00 -2.01218e-03
3.52396e+00 3.99462e+00 -1.42315e-03
3.52396e+00 4.05652e+00 -9.96170e-04
3.52396e+00 4.11690e+00 -6.90880e-04
3.52396e+00 4.17571e+00 -4.75327e-04
3.52396e+00 4.23287e+00 -3.24846e-04
3.52396e+00 4.28835e+00 -2.20836e-04
3.52396e+00 4.34207e+00 -1.49562e-04
3.52396e+00 4.39400e+00 -1.01067e-04
3.52396e+00 4.44407e+00 -6.82562e-05
3.52396e+00 4.49224e+00 -4.61480e-05
3.52396e+00 4.53847e+00 -3.12891e-05
3.52396e+00 4.58271e+00 -2.13122e-05
3.52396e+00 4.62491e+00 -1.46094e-05
3.52396e+00 4.66504e+00 -1.00968e-05
3.52396e+00 4.70305e+00 -7.04797e-06
3.52396e+00 4.73890e+00 -4.97782e-06
3.52396e+00 4.77257e+00 -3.56343e-06
3.52396e+00 4.80402e+00 -2.58995e-06
3.52396e+00 4.83322e+00 -1.91436e-06
3.52396e+00 4.86014e+00 -1.44129e-06
3.52396e+00 4.88475e+00 -1.10695e-06
3.52396e+00 4.90703e+00 -8.68486e-07
3.52396e+00 4.92696e+00 -6.96990e-07
3.52396e+00 4.94452e+00 -5.72845e-07
3.52396e+00 4.95969e+00 -4.82682e-07
3.52396e+00 4.97246e+00 -4.17358e-07
3.52396e+00 4.98281e+00 -3.70619e-07
3.52396e+00 4.99074e+00 -3.38225e-07
3.52396e+00 4.99623e+00 -3.17368e-07
3.52396e+00 4.99928e+00 -3.06300e-07
3.59474e+00 7.15683e-04 -3.36034e-05
3.59474e+00 3.77012e-03 -1.77019e-04
3.59474e+00 9.26216e-03 -4.34890e-04
3.59474e+00 1.71877e-02 -8.07039e-04
3.59474e+00 2.75390e-02 -1.29315e-03
3.59474e+00 4.03061e-02 -1.89285e-03
3.59474e+00 5.54766e-02 -2.60572e-03
3.59474e+00 7.30356e-02 -3.43137e-03
3.59474e+00 9.29659e-02 -4.36942e-03
3.59474e+00 1.15248e-01 -5.41961e-03
3.59474e+00 1.39860e-01 -6.58180e-03
3.59474e+00 1.66779e-01 -7.85605e-03
3.59474e+00 1.95977e-01 -9.24264e-03
3.59474e+00 2.27426e-01 -1.07421e-02
3.59474e+00 2.61096e-01 -1.23555e-02
3.59474e+00 2.96953e-01 -1.40838e-02
3.59474e+00 3.34963e-01 -1.59287e-02
3.59474e+00 3.75089e-01 -1.78923e-02
3.59474e+00 4.17290e-01 -1.99767e-02
3.59474e+00 4.61527e-01 -2.21845e-02
3.59474e+00 5.07755e-01 -2.45185e-02
3.59474e+00 5.55930e-01 -2.69814e-02
3.59474e+00 6.06005e-01 -2.95759e-02
3.59474e+00 6.57930e-01 -3.23042e-02
3.59474e+00 7.11655e-01 -3.51680e-02
3.59474e+00 7.67127e-01 -3.81675e-02
3.59474e+00 8.24292e-01 -4.13018e-02
3.59474e+00 8.83095e-01 -4.45676e-02
3.59474e+00 9.43478e-01 -4.79589e-02
3.59474e+00 1.00538e+00 -5.14662e-02
3.59474e+00 1.06875e+00 -5.50756e-02
3.59474e+00 1.13351e+00 -5.87684e-02
3.59474e+00 1.19960e+00 -6.25194e-02
3.59474e+00 1.26697e+00 -6.62971e-02
3.59474e+00 1.33555e+00 -7.00619e-02
3.59474e+00 1.40526e+00 -7.37664e-02
3.59474e+00 1.47604e+00 -7.73544e-02
3.59474e+00 1.54782e+00 -8.07616e-02
3.59474e+00 1.62053e+00 -8.39155e-02
3.59474e+00 1.69410e+00 -8.67372e-02
3.59474e+00 1.76846e+00 -8.91427e-02
3.59474e+00 1.84353e+00 -9.10460e-02
3.59474e+00 1.91924e+00 -9.23621e-02
3.59474e+00 1.99553e+00 -9.30117e-02
3.59474e+00 2.07230e+00 -9.29252e-02
3.59474e+00 2.14949e+00 -9.20486e-02
3.59474e+00 2.22703e+00 -9.03478e-02
3.59474e+00 2.30483e+00 -8.78131e-02
3.59474e+00 2.38282e+00 -8.44635e-02
3.59474e+00 2.46093e+00 -8.03475e-02
3.59474e+00 2.53907e+00 -7.55444e-02
3.59474e+00 2.61718e+00 -7.01614e-02
3.59474e+00 2.69517e+00 -6.43297e-02
3.59474e+00 2.77297e+00 -5.81976e-02
3.59474e+00 2.85051e+00 -5.19233e-02
3.59474e+00 2.92770e+00 -4.56651e-02
3.59474e+00 3.00447e+00 -3.95729e-02
3.59474e+00 3.08076e+00 -3.37795e-02
3.59474e+00 3.15647e+00 -2.83945e-02
3.59474e+00 3.23154e+00 -2.34992e-02
3.59474e+00 3.30590e+00 -1.91453e-02
3.59474e+00 3.37947e+00 -1.53548e-02
3.59474e+00 3.45218e+00 -1.21236e-02
3.59474e+00 3.52396e+00 -9.42529e-03
3.59474e+00 3.59474e+00 -7.21681e-03
3.59474e+00 3.66445e+00 -5.44432e-03
3.59474e+00 3.73303e+00 -4.04853e-03
3.59474e+00 3.80040e+00 -2.96935e-03
3.59474e+00 3.86649e+00 -2.14950e-03
3.59474e+00 3.93125e+00 -1.53701e-03
3.59474e+00 3.99462e+00 -1.08662e-03
3.59474e+00 4.05652e+00 -7.60292e-04
3.59474e+00 4.11690e+00 -5.27084e-04
3.59474e+00 4.17571e+00 -3.62500e-04
3.59474e+00 4.23287e+00 -2.47650e-04
3.59474e+00 4.28835e+00 -1.68300e-04
3.59474e+00 4.34207e+00 -1.13945e-04
3.59474e+00 4.39400e+00 -7.69747e-05
3.59474e+00 4.44407e+00 -5.19702e-05
3.59474e+00 4.49224e+00 -3.51274e-05
3.59474e+00 4.53847e+00 -2.38107e-05
3.59474e+00 4.58271e+00 -1.62144e-05
3.59474e+00 4.62491e+00 -1.11123e-05
3.59474e+00 4.66504e+00 -7.67824e-06
3.59474e+00 4.70305e+00 -5.35861e-06
3.59474e+00 4.73890e+00 -3.78395e-06
3.59474e+00 4.77257e+00 -2.70831e-06
3.59474e+00 4.80402e+00 -1.96811e-06
3.59474e+00 4.83322e+00 -1.45451e-06
3.59474e+00 4.86014e+00 -1.09493e-06
3.59474e+00 4.88475e+00 -8.40828e-07
3.59474e+00 4.90703e+00 -6.59621e-07
3.59474e+00 4.92696e+00 -5.29316e-07
3.59474e+00 4.94452e+00 -4.34999e-07
3.59474e+00 4.95969e+00 -3.66505e-07
3.59474e+00 4.97246e+00 -3.16884e-07
3.59474e+00 4.98281e+00 -2.81382e-07
3.59474e+00 4.99074e+00 -2.56778e-07
3.59474e+00 4.99623e+00 -2.40937e-07
3.59474e+00 4.99928e+00 -2.32531e-07
3.66445e+00 7.15683e-04 -2.61040e-05
3.66445e+00 3.77012e-03 -1.37513e-04
3.66445e+00 9.26216e-03 -3.37834e-04
3.66445e+00 1.71877e-02 -6.26928e-04
3.66445e+00 2.75390e-02 -1.00455e-03
3.66445e+00 4.03061e-02 -1.47040e-03
3.66445e+00 5.54766e-02 -2.02416e-03
3.66445e+00 7.30356e-02 -2.66550e-03
3.66445e+00 9.29659e-02 -3.39412e-03
3.66445e+00 1.15248e-01 -4.20979e-03
3.66445e+00 1.39860e-01 -5.11237e-03
3.66445e+00 1.66779e-01 -6.10186e-03
3.66445e+00 1.95977e-01 -7.17843e-03
3.66445e+00 2.27426e-01 -8.34245e-03
3.66445e+00 2.61096e-01 -9.59451e-03
3.66445e+00 2.96953e-01 -1.09355e-02
3.66445e+00 3.34963e-01 -1.23664e-02
3.66445e+00 3.75089e-01 -1.38887e-02
3.66445e+00 4.17290e-01 -1.55040e-02
3.66445e+00 4.61527e-01 -1.72140e-02
3.66445e+00 5.07755e-01 -1.90206e-02
3.66445e+00 5.55930e-01 -2.09258e-02
3.66445e+00 6.06005e-01 -2.29313e-02
3.66445e+00 6.57930e-01 -2.50385e-02
3.66445e+00 7.11655e-01 -2.72482e-02
3.66445e+00 7.67127e-01 -2.95606e-02
3.66445e+00 8.24292e-01 -3.19743e-02
3.66445e+00 8.83095e-01 -3.44865e-02
3.66445e+00 9.43478e-01 -3.70921e-02
3.66445e+00 1.00538e+00 -3.97834e-02
3.66445e+00 1.06875e+00 -4.25493e-02
3.66445e+00 1.13351e+00 -4.53749e-02
3.66445e+00 1.19960e+00 -4.82407e-02
3.66445e+00 1.26697e+00 -5.11219e-02
3.66445e+00 1.33555e+00 -5.39880e-02
3.66445e+00 1.40526e+00 -5.68023e-02
3.66445e+00 1.47604e+00 -5.95218e-02
3.66445e+00 1.54782e+00 -6.20971e-02
3.66445e+00 1.62053e+00 -6.44729e-02
3.66445e+00 1.69410e+00 -6.65892e-02
3.66445e+00 1.76846e+00 -6.83822e-02
3.66445e+00 1.84353e+00 -6.97868e-02
3.66445e+00 1.91924e+00 -7.07392e-02
3.66445e+00 1.99553e+00 -7.11797e-02
3.66445e+00 2.07230e+00 -7.10568e-02
3.66445e+00 2.14949e+00 -7.03305e-02
3.66445e+00 2.22703e+00 -6.89763e-02
3.66445e+00 2.30483e+00 -6.69887e-02
3.66445e+00 2.38282e+00 -6.43834e-02
3.66445e+00 2.46093e+00 -6.11991e-02
3.66445e+00 2.53907e+00 -5.74974e-02
3.66445e+00 2.61718e+00 -5.33608e-02
3.66445e+00 2.69517e+00 -4.88900e-02
3.66445e+00 2.77297e+00 -4.41983e-02
3.66445e+00 2.85051e+00 -3.94058e-02
3.66445e+00 2.92770e+00 -3.46328e-02
3.66445e+00 3.00447e+00 -2.99926e-02
3.66445e+00 3.08076e+00 -2.55853e-02
3.66445e+00 3.15647e+00 -2.14931e-02
3.66445e+00 3.23154e+00 -1.77768e-02
3.66445e+00 3.30590e+00 -1.44746e-02
3.66445e+00 3.37947e+00 -1.16022e-02
3.66445e+00 3.45218e+00 -9.15563e-03
3.66445e+00 3.52396e+00 -7.11407e-03
3.66445e+00 3.59474e+00 -5.44432e-03
3.66445e+00 3.66445e+00 -4.10512e-03
3.66445e+00 3.73303e+00 -3.05120e-03
3.66445e+00 3.80040e+00 -2.23683e-03
3.66445e+00 3.86649e+00 -1.61851e-03
3.66445e+00 3.93125e+00 -1.15683e-03
3.66445e+00 3.99462e+00 -8.17504e-04
3.66445e+00 4.05652e+00 -5.71773e-04
3.66445e+00 4.11690e+00 -3.96241e-04
3.66445e+00 4.17571e+00 -2.72414e-04
3.66445e+00 4.23287e+00 -1.86042e-04
3.66445e+00 4.28835e+00 -1.26390e-04
3.66445e+00 4.34207e+00 -8.55436e-05
3.66445e+00 4.39400e+00 -5.77713e-05
3.66445e+00 4.44407e+00 -3.89938e-05
3.66445e+00 4.49224e+00 -2.63493e-05
3.66445e+00 4.53847e+00 -1.78561e-05
3.66445e+00 4.58271e+00 -1.21565e-05
3.66445e+00 4.62491e+00 -8.32944e-06
3.66445e+00 4.66504e+00 -5.75416e-06
3.66445e+00 4.70305e+00 -4.01501e-06
3.66445e+00 4.73890e+00 -2.83465e-06
3.66445e+00 4.77257e+00 -2.02851e-06
3.66445e+00 4.80402e+00 -1.47388e-06
3.66445e+00 4.83322e+00 -1.08909e-06
3.66445e+00 4.86014e+00 -8.19738e-07
3.66445e+00 4.88475e+00 -6.29426e-07
3.66445e+00 4.90703e+00 -4.93724e-07
3.66445e+00 4.92696e+00 -3.96153e-07
3.66445e+00 4.94452e+00 -3.25536e-07
3.66445e+00 4.95969e+00 -2.74258e-07
3.66445e+00 4.97246e+00 -2.37112e-07
3.66445e+00 4.98281e+00 -2.10537e-07
3.66445e+00 4.99074e+00 -1.92121e-07
3.66445e+00 4.99623e+00 -1.80264e-07
3.66445e+00 4.99928e+00 -1.73972e-07
3.73303e+00 7.15683e-04 -1.99577e-05
3.73303e+00 3.77012e-03 -1.05135e-04
3.73303e+00 9.26216e-03 -2.58290e-04
3.73303e+00 1.71877e-02 -4.79315e-04
3.73303e+00 2.75390e-02 -7.68023e-04
3.73303e+00 4.03061e-02 -1.12418e-03
3.73303e+00 5.54766e-02 -1.54754e-03
3.73303e+00 7.30356e-02 -2.03784e-03
3.73303e+00 9.29659e-02 -2.59485e-03
3.73303e+00 1.15248e-01 -3.21837e-03
3.73303e+00 1.39860e-01 -3.90826e-03
3.73303e+00 1.66779e-01 -4.66451e-03
3.73303e+00 1.95977e-01 -5.48719e-03
3.73303e+00 2.27426e-01 -6.37653e-03
3.73303e+00 2.61096e-01 -7.33294e-03
3.73303e+00 2.96953e-01 -8.35698e-03
3.73303e+00 3.34963e-01 -9.44941e-03
3.73303e+00 3.75089e-01 -1.06111e-02
3.73303e+00 4.17290e-01 -1.18433e-02
3.73303e+00 4.61527e-01 -1.31471e-02
3.73303e+00 5.07755e-01 -1.45238e-02
3.73303e+00 5.55930e-01 -1.59746e-02
3.73303e+00 6.06005e-01 -1.75008e-02
3.73303e+00 6.57930e-01 -1.91032e-02
3.73303e+00 7.11655e-01 -2.07822e-02
3.73303e+00 7.67127e-01 -2.25375e-02
3.73303e+00 8.24292e-01 -2.43680e-02
3.73303e+00 8.83095e-01 -2.62711e-02
3.73303e+00 9.43478e-01 -2.82428e-02
3.73303e+00 1.00538e+00 -3.02769e-02
3.73303e+00 1.06875e+00 -3.23647e-02
3.73303e+00 1.13351e+00 -3.44946e-02
3.73303e+00 1.19960e+00 -3.66516e-02
3.73303e+00 1.26697e+00 -3.88167e-02
3.73303e+00 1.33555e+00 -4.09666e-02
3.73303e+00 1.40526e+00 -4.30735e-02
3.73303e+00 1.47604e+00 -4.51047e-02
3.73303e+00 1.54782e+00 -4.70232e-02
3.73303e+00 1.62053e+00 -4.87872e-02
3.73303e+00 1.69410e+00 -5.03517e-02
3.73303e+00 1.76846e+00 -5.16691e-02
3.73303e+00 1.84353e+00 -5.26909e-02
3.73303e+00 1.91924e+00 -5.33696e-02
3.73303e+00 1.99553e+00 -5.36613e-02
3.73303e+00 2.07230e+00 -5.35281e-02
3.73303e+00 2.14949e+00 -5.29408e-02
3.73303e+00 2.22703e+00 -5.18825e-02
3.73303e+00 2.30483e+00 -5.03498e-02
3.73303e+00 2.38282e+00 -4.83559e-02
3.73303e+00 2.46093e+00 -4.59308e-02
3.73303e+00 2.53907e+00 -4.31215e-02
3.73303e+00 2.61718e+00 -3.99909e-02
3.73303e+00 2.69517e+00 -3.66148e-02
3.73303e+00 2.77297e+00 -3.30786e-02
3.73303e+00 2.85051e+00 -2.94722e-02
3.73303e+00 2.92770e+00 -2.58856e-02
3.73303e+00 3.00447e+00 -2.24031e-02
3.73303e+00 3.08076e+00 -1.90992e-02
3.73303e+00 3.15647e+00 -1.60348e-02
3.73303e+00 3.23154e+00 -1.32545e-02
3.73303e+00 3.30590e+00 -1.07862e-02
3.73303e+00 3.37947e+00 -8.64105e-03
3.73303e+00 3.45218e+00 -6.81526e-03
3.73303e+00 3.52396e+00 -5.29283e-03
3.73303e+00 3.59474e+00 -4.04853e-03
3.73303e+00 3.66445e+00 -3.05120e-03
3.73303e+00 3.73303e+00 -2.26681e-03
3.73303e+00 3.80040e+00 -1.66105e-03
3.73303e+00 3.86649e+00 -1.20138e-03
3.73303e+00 3.93125e+00 -8.58326e-04
3.73303e+00 3.99462e+00 -6.06319e-04
3.73303e+00 4.05652e+00 -4.23905e-04
3.73303e+00 4.11690e+00 -2.93661e-04
3.73303e+00 4.17571e+00 -2.01821e-04
3.73303e+00 4.23287e+00 -1.37785e-04
3.73303e+00 4.28835e+00 -9.35763e-05
3.73303e+00 4.34207e+00 -6.33151e-05
3.73303e+00 4.39400e+00 -4.27471e-05
3.73303e+00 4.44407e+00 -2.88450e-05
3.73303e+00 4.49224e+00 -1.94864e-05
3.73303e+00 4.53847e+00 -1.32021e-05
3.73303e+00 4.58271e+00 -8.98597e-06
3.73303e+00 4.62491e+00 -6.15567e-06
3.73303e+00 4.66504e+00 -4.25161e-06
3.73303e+00 4.70305e+00 -2.96602e-06
3.73303e+00 4.73890e+00 -2.09367e-06
3.73303e+00 4.77257e+00 -1.49801e-06
3.73303e+00 4.80402e+00 -1.08826e-06
3.73303e+00 4.83322e+00 -8.04032e-07
3.73303e+00 4.86014e+00 -6.05101e-07
3.73303e+00 4.88475e+00 -4.64564e-07
3.73303e+00 4.90703e+00 -3.64368e-07
3.73303e+00 4.92696e+00 -2.92333e-07
3.73303e+00 4.94452e+00 -2.40203e-07
3.73303e+00 4.95969e+00 -2.02352e-07
3.73303e+00 4.97246e+00 -1.74935e-07
3.73303e+00 4.98281e+00 -1.55321e-07
3.73303e+00 4.99074e+00 -1.41729e-07
3.73303e+00 4.99623e+00 -1.32979e-07
3.73303e+00 4.99928e+00 -1.28336e-07
3.80040e+00 7.15683e-04 -1.50273e-05
3.80040e+00 3.77012e-03 -7.91620e-05
3.80040e+00 9.26216e-03 -1.94481e-04
3.80040e+00 1.71877e-02 -3.60903e-04
3.80040e+00 2.75390e-02 -5.78285e-04
3.80040e+00 4.03061e-02 -8.46454e-04
3.80040e+00 5.54766e-02 -1.16522e-03
3.80040e+00 7.30356e-02 -1.53437e-03
3.80040e+00 9.29659e-02 -1.95373e-03
3.80040e+00 1.15248e-01 -2.42314e-03
3.80040e+00 1.39860e-01 -2.94248e-03
3.80040e+00 1.66779e-01 -3.51171e-03
3.80040e+00 1.95977e-01 -4.13087e-03
3.80040e+00 2.27426e-01 -4.80010e-03
3.80040e+00 2.61096e-01 -5.51964e-03
3.80040e+00 2.96953e-01 -6.28987e-03
3.80040e+00 3.34963e-01 -7.11130e-03
3.80040e+00 3.75089e-01 -7.98455e-03
3.80040e+00 4.17290e-01 -8.91036e-03
3.80040e+00 4.61527e-01 -9.88954e-03
3.80040e+00 5.07755e-01 -1.09229e-02
3.80040e+00 5.55930e-01 -1.20114e-02
3.80040e+00 6.06005e-01 -1.31556e-02
3.80040e+00 6.57930e-01 -1.43561e-02
3.80040e+00 7.11655e-01 -1.56129e-02
3.80040e+00 7.67127e-01 -1.69259e-02
3.80040e+00 8.24292e-01 -1.82937e-02
3.80040e+00 8.83095e-01 -1.97145e-02
3.80040e+00 9.43478e-01 -2.11848e-02
3.80040e+00 1.00538e+00 -2.27000e-02
3.80040e+00 1.06875e+00 -2.42533e-02
3.80040e+00 1.13351e+00 -2.58358e-02
3.80040e+00 1.19960e+00 -2.74362e-02
3.80040e+00 1.26697e+00 -2.90402e-02
3.80040e+00 1.33555e+00 -3.06301e-02
3.80040e+00 1.40526e+00 -3.21853e-02
3.80040e+00 1.47604e+00 -3.36814e-02
3.80040e+00 1.54782e+00 -3.50907e-02
3.80040e+00 1.62053e+00 -3.63825e-02
3.80040e+00 1.69410e+00 -3.75233e-02
3.80040e+00 1.76846e+00 -3.84781e-02
3.80040e+00 1.84353e+00 -3.92112e-02
3.80040e+00 1.91924e+00 -3.96880e-02
3.80040e+00 1.99553e+00 -3.98762e-02
3.80040e+00 2.07230e+00 -3.97486e-02
3.80040e+00 2.14949e+00 -3.92843e-02
3.80040e+00 2.22703e+00 -3.84715e-02
3.80040e+00 2.30483e+00 -3.73085e-02
3.80040e+00 2.38282e+00 -3.58058e-02
3.80040e+00 2.46093e+00 -3.39864e-02
3.80040e+00 2.53907e+00 -3.18858e-02
3.80040e+00 2.61718e+00 -2.95510e-02
3.80040e+00 2.69517e+00 -2.70383e-02
3.80040e+00 2.77297e+00 -2.44110e-02
3.80040e+00 2.85051e+00 -2.17358e-02
3.80040e+00 2.92770e+00 -1.90787e-02
3.80040e+00 3.00447e+00 -1.65020e-02
3.80040e+00 3.08076e+00 -1.40600e-02
3.80040e+00 3.15647e+00 -1.17973e-02
3.80040e+00 3.23154e+00 -9.74631e-03
3.80040e+00 3.30590e+00 -7.92700e-03
3.80040e+00 3.37947e+00 -6.34711e-03
3.80040e+00 3.45218e+00 -5.00345e-03
3.80040e+00 3.52396e+00 -3.88383e-03
3.80040e+00 3.59474e+00 -2.96935e-03
3.80040e+00 3.66445e+00 -2.23683e-03
3.80040e+00 3.73303e+00 -1.66105e-03
3.80040e+00 3.80040e+00 -1.21665e-03
3.80040e+00 3.86649e+00 -8.79591e-04
3.80040e+00 3.93125e+00 -6.28175e-04
3.80040e+00 3.99462e+00 -4.43570e-04
3.80040e+00 4.05652e+00 -3.10007e-04
3.80040e+00 4.11690e+00 -2.14682e-04
3.80040e+00 4.17571e+00 -1.47492e-04
3.80040e+00 4.23287e+00 -1.00661e-04
3.80040e+00 4.28835e+00 -6.83431e-05
3.80040e+00 4.34207e+00 -4.62284e-05
3.80040e+00 4.39400e+00 -3.12023e-05
3.80040e+00 4.44407e+00 -2.10492e-05
3.80040e+00 4.49224e+00 -1.42163e-05
3.80040e+00 4.53847e+00 -9.62928e-06
3.80040e+00 4.58271e+00 -6.55268e-06
3.80040e+00 4.62491e+00 -4.48785e-06
3.80040e+00 4.66504e+00 -3.09905e-06
3.80040e+00 4.70305e+00 -2.16157e-06
3.80040e+00 4.73890e+00 -1.52556e-06
3.80040e+00 4.77257e+00 -1.09135e-06
3.80040e+00 4.80402e+00 -7.92713e-07
3.80040e+00 4.83322e+00 -5.85596e-07
3.80040e+00 4.86014e+00 -4.40654e-07
3.80040e+00 4.88475e+00 -3.38272e-07
3.80040e+00 4.90703e+00 -2.65287e-07
3.80040e+00 4.92696e+00 -2.12821e-07
3.80040e+00 4.94452e+00 -1.74856e-07
3.80040e+00 4.95969e+00 -1.47292e-07
3.80040e+00 4.97246e+00 -1.27328e-07
3.80040e+00 4.98281e+00 -1.13047e-07
3.80040e+00 4.99074e+00 -1.03151e-07
3.80040e+00 4.99623e+00 -9.67797e-08
3.80040e+00 4.99928e+00 -9.33994e-08
3.86649e+00 7.15683e-04 -1.11519e-05
3.86649e+00 3.77012e-03 -5.87468e-05
3.86649e+00 9.26216e-03 -1.44326e-04
3.86649e+00 1.71877e-02 -2.67829e-04
3.86649e+00 2.75390e-02 -4.29149e-04
3.86649e+00 4.03061e-02 -6.28157e-04
3.86649e+00 5.54766e-02 -8.64705e-04
3.86649e+00 7.30356e-02 -1.13864e-03
3.86649e+00 9.29659e-02 -1.44983e-03
3.86649e+00 1.15248e-01 -1.79813e-03
3.86649e+00 1.39860e-01 -2.18346e-03
3.86649e+00 1.66779e-01 -2.60576e-03
3.86649e+00 1.95977e-01 -3.06505e-03
3.86649e+00 2.27426e-01 -3.56140e-03
3.86649e+00 2.61096e-01 -4.09497e-03
3.86649e+00 2.96953e-01 -4.66600e-03
3.86649e+00 3.34963e-01 -5.27482e-03
3.86649e+00 3.75089e-01 -5.92184e-03
3.86649e+00 4.17290e-01 -6.60755e-03
3.86649e+00 4.61527e-01 -7.33248e-03
3.86649e+00 5.07755e-01 -8.09718e-03
3.86649e+00 5.55930e-01 -8.90218e-03
3.86649e+00 6.06005e-01 -9.74790e-03
3.86649e+00 6.57930e-01 -1.06346e-02
3.86649e+00 7.11655e-01 -1.15623e-02
3.86649e+00 7.67127e-01 -1.25306e-02
3.86649e+00 8.24292e-01 -1.35386e-02
3.86649e+00 8.83095e-01 -1.45845e-02
3.86649e+00 9.43478e-01 -1.56659e-02
3.86649e+00 1.00538e+00 -1.67791e-02
3.86649e+00 1.06875e+00 -1.79189e-02
3.86649e+00 1.13351e+00 -1.90788e-02
3.86649e+00 1.19960e+00 -2.02501e-02
3.86649e+00 1.26697e+00 -2.14223e-02
3.86649e+00 1.33555e+00 -2.25825e-02
3.86649e+00 1.40526e+00 -2.37152e-02
3.86649e+00 1.47604e+00 -2.48025e-02
3.86649e+00 1.54782e+00 -2.58243e-02
3.86649e+00 1.62053e+00 -2.67578e-02
3.86649e+00 1.69410e+00 -2.75789e-02
3.86649e+00 1.76846e+00 -2.82619e-02
3.86649e+00 1.84353e+00 -2.87811e-02
3.86649e+00 1.91924e+00 -2.91114e-02
3.86649e+00 1.99553e+00 -2.92296e-02
3.86649e+00 2.07230e+00 -2.91163e-02
3.86649e+00 2.14949e+00 -2.87566e-02
3.86649e+00 2.22703e+00 -2.81424e-02
3.86649e+00 2.30483e+00 -2.72733e-02
3.86649e+00 2.38282e+00 -2.61573e-02
3.86649e+00 2.46093e+00 -2.48117e-02
3.86649e+00 2.53907e+00 -2.32630e-02
3.86649e+00 2.61718e+00 -2.15456e-02
3.86649e+00 2.69517e+00 -1.97011e-02
3.86649e+00 2.77297e+00 -1.77758e-02
3.86649e+00 2.85051e+00 -1.58180e-02
3.86649e+00 2.92770e+00 -1.38761e-02
3.86649e+00 3.00447e+00 -1.19950e-02
3.86649e+00 3.08076e+00 -1.02142e-02
3.86649e+00 3.15647e+00 -8.56567e-03
3.86649e+00 3.23154e+00 -7.07270e-03
3.86649e+00 3.30590e+00 -5.74945e-03
3.86649e+00 3.37947e+00 -4.60122e-03
3.86649e+00 3.45218e+00 -3.62538e-03
3.86649e+00 3.52396e+00 -2.81279e-03
3.86649e+00 3.59474e+00 -2.14950e-03
3.86649e+00 3.66445e+00 -1.61851e-03
3.86649e+00 3.73303e+00 -1.20138e-03
3.86649e+00 3.80040e+00 -8.79591e-04
3.86649e+00 3.86649e+00 -6.35657e-04
3.86649e+00 3.93125e+00 -4.53791e-04
3.86649e+00 3.99462e+00 -3.20315e-04
3.86649e+00 4.05652e+00 -2.23785e-04
3.86649e+00 4.11690e+00 -1.54920e-04
3.86649e+00 4.17571e+00 -1.06400e-04
3.86649e+00 4.23287e+00 -7.25939e-05
3.86649e+00 4.28835e+00 -4.92722e-05
3.86649e+00 4.34207e+00 -3.33191e-05
3.86649e+00 4.39400e+00 -2.24830e-05
3.86649e+00 4.44407e+00 -1.51632e-05
3.86649e+00 4.49224e+00 -1.02385e-05
3.86649e+00 4.53847e+00 -6.93336e-06
3.86649e+00 4.58271e+00 -4.71709e-06
3.86649e+00 4.62491e+00 -3.23001e-06
3.86649e+00 4.66504e+00 -2.23004e-06
3.86649e+00 4.70305e+00 -1.55515e-06
3.86649e+00 4.73890e+00 -1.09739e-06
3.86649e+00 4.77257e+00 -7.84924e-07
3.86649e+00 4.80402e+00 -5.70055e-07
3.86649e+00 4.83322e+00 -4.21057e-07
3.86649e+00 4.86014e+00 -3.16802e-07
3.86649e+00 4.88475e+00 -2.43169e-07
3.86649e+00 4.90703e+00 -1.90684e-07
3.86649e+00 4.92696e+00 -1.52959e-07
3.86649e+00 4.94452e+00 -1.25663e-07
3.86649e+00 4.95969e+00 -1.05847e-07
3.86649e+00 4.97246e+00 -9.14949e-08
3.86649e+00 4.98281e+00 -8.12293e-08
3.86649e+00 4.99074e+00 -7.41158e-08
3.86649e+00 4.99623e+00 -6.95366e-08
3.86649e+00 4.99928e+00 -6.71069e-08
3.93125e+00 7.15683e-04 -8.16380e-06
3.93125e+00 3.77012e-03 -4.30059e-05
3.93125e+00 9.26216e-03 -1.05654e-04
3.93125e+00 1.71877e-02 -1.96065e-04
3.93125e+00 2.75390e-02 -3.14160e-04
3.93125e+00 4.03061e-02 -4.59842e-04
3.93125e+00 5.54766e-02 -6.33004e-04
3.93125e+00 7.30356e-02 -8.33531e-04
3.93125e+00 9.29659e-02 -1.06132e-03
3.93125e+00 1.15248e-01 -1.31626e-03
3.93125e+00 1.39860e-01 -1.59829e-03
3.93125e+00 1.66779e-01 -1.90735e-03
3.93125e+00 1.95977e-01 -2.24344e-03
3.93125e+00 2.27426e-01 -2.60660e-03
3.93125e+00 2.61096e-01 -2.99693e-03
3.93125e+00 2.96953e-01 -3.41457e-03
3.93125e+00 3.34963e-01 -3.85974e-03
3.93125e+00 3.75089e-01 -4.33270e-03
3.93125e+00 4.17290e-01 -4.83377e-03
3.93125e+00 4.61527e-01 -5.36328e-03
3.93125e+00 5.07755e-01 -5.92160e-03
3.93125e+00 5.55930e-01 -6.50903e-03
3.93125e+00 6.06005e-01 -7.12584e-03
3.93125e+00 6.57930e-01 -7.77215e-03
3.93125e+00 7.11655e-01 -8.44786e-03
3.93125e+00 7.67127e-01 -9.15262e-03
3.93125e+00 8.24292e-01 -9.88564e-03
3.93125e+00 8.83095e-01 -1.06456e-02
3.93125e+00 9.43478e-01 -1.14306e-02
3.93125e+00 1.00538e+00 -1.22379e-02
3.93125e+00 1.06875e+00 -1.30635e-02
3.93125e+00 1.13351e+00 -1.39028e-02
3.93125e+00 1.19960e+00 -1.47492e-02
3.93125e+00 1.26697e+00 -1.55951e-02
3.93125e+00 1.33555e+00 -1.64309e-02
3.93125e+00 1.40526e+00 -1.72456e-02
3.93125e+00 1.47604e+00 -1.80261e-02
3.93125e+00 1.54782e+00 -1.87577e-02
3.93125e+00 1.62053e+00 -1.94241e-02
3.93125e+00 1.69410e+00 -2.00079e-02
3.93125e+00 1.76846e+00 -2.04906e-02
3.93125e+00 1.84353e+00 -2.08539e-02
3.93125e+00 1.91924e+00 -2.10797e-02
3.93125e+00 1.99553e+00 -2.11518e-02
3.93125e+00 2.07230e+00 -2.10561e-02
3.93125e+00 2.14949e+00 -2.07826e-02
3.93125e+00 2.22703e+00 -2.03256e-02
3.93125e+00 2.30483e+00 -1.96853e-02
3.93125e+00 2.38282e+00 -1.88678e-02
3.93125e+00 2.46093e+00 -1.78859e-02
3.93125e+00 2.53907e+00 -1.67590e-02
3.93125e+00 2.61718e+00 -1.55123e-02
3.93125e+00 2.69517e+00 -1.41758e-02
3.93125e+00 2.77297e+00 -1.27828e-02
3.93125e+00 2.85051e+00 -1.13683e-02
3.93125e+00 2.92770e+00 -9.96702e-03
3.93125e+00 3.00447e+00 -8.61105e-03
3.93125e+00 3.08076e+00 -7.32864e-03
3.93125e+00 3.15647e+00 -6.14256e-03
3.93125e+00 3.23154e+00 -5.06932e-03
3.93125e+00 3.30590e+00 -4.11882e-03
3.93125e+00 3.37947e+00 -3.29464e-03
3.93125e+00 3.45218e+00 -2.59468e-03
3.93125e+00 3.52396e+00 -2.01218e-03
3.93125e+00 3.59474e+00 -1.53701e-03
3.93125e+00 3.66445e+00 -1.15683e-03
3.93125e+00 3.73303e+00 -8.58326e-04
3.93125e+00 3.80040e+00 -6.28175e-04
3.93125e+00 3.86649e+00 -4.53791e-04
3.93125e+00 3.93125e+00 -3.23838e-04
3.93125e+00 3.99462e+00 -2.28505e-04
3.93125e+00 4.05652e+00 -1.59588e-04
3.93125e+00 4.11690e+00 -1.10442e-04
3.93125e+00 4.17571e+00 -7.58282e-05
3.93125e+00 4.23287e+00 -5.17203e-05
3.93125e+00 4.28835e+00 -3.50944e-05
3.93125e+00 4.34207e+00 -2.37252e-05
3.93125e+00 4.39400e+00 -1.60051e-05
3.93125e+00 4.44407e+00 -1.07917e-05
3.93125e+00 4.49224e+00 -7.28505e-06
3.93125e+00 4.53847e+00 -4.93221e-06
3.93125e+00 4.58271e+00 -3.35491e-06
3.93125e+00 4.62491e+00 -2.29681e-06
3.93125e+00 4.66504e+00 -1.58545e-06
3.93125e+00 4.70305e+00 -1.10545e-06
3.93125e+00 4.73890e+00 -7.79926e-07
3.93125e+00 4.77257e+00 -5.57771e-07
3.93125e+00 4.80402e+00 -4.05027e-07
3.93125e+00 4.83322e+00 -2.99125e-07
3.93125e+00 4.86014e+00 -2.25034e-07
3.93125e+00 4.88475e+00 -1.72712e-07
3.93125e+00 4.90703e+00 -1.35421e-07
3.93125e+00 4.92696e+00 -1.08620e-07
3.93125e+00 4.94452e+00 -8.92298e-08
3.93125e+00 4.95969e+00 -7.51541e-08
3.93125e+00 4.97246e+00 -6.49603e-08
3.93125e+00 4.98281e+00 -5.76693e-08
3.93125e+00 4.99074e+00 -5.26173e-08
3.93125e+00 4.99623e+00 -4.93652e-08
3.93125e+00 4.99928e+00 -4.76397e-08
3.99462e+00 7.15683e-04 -5.90116e-06
3.99462e+00 3.77012e-03 -3.10866e-05
3.99462e+00 9.26216e-03 -7.63717e-05
3.99462e+00 1.71877e-02 -1.41725e-04
3.99462e+00 2.75390e-02 -2.27088e-04
3.99462e+00 4.03061e-02 -3.32393e-04
3.99462e+00 5.54766e-02 -4.57558e-04
3.99462e+00 7.30356e-02 -6.02502e-04
3.99462e+00 9.29659e-02 -7.67142e-04
3.99462e+00 1.15248e-01 -9.51404e-04
3.99462e+00 1.39860e-01 -1.15523e-03
3.99462e+00 1.66779e-01 -1.37857e-03
3.99462e+00 1.95977e-01 -1.62143e-03
3.99462e+00 2.27426e-01 -1.88381e-03
3.99462e+00 2.61096e-01 -2.16577e-03
3.99462e+00 2.96953e-01 -2.46740e-03
3.99462e+00 3.34963e-01 -2.78884e-03
3.99462e+00 3.75089e-01 -3.13025e-03
3.99462e+00 4.17290e-01 -3.49183e-03
3.99462e+00 4.61527e-01 -3.87380e-03
3.99462e+00 5.07755e-01 -4.27638e-03
3.99462e+00 5.55930e-01 -4.69975e-03
3.99462e+00 6.06005e-01 -5.14406e-03
3.99462e+00 6.57930e-01 -5.60935e-03
3.99462e+00 7.11655e-01 -6.09550e-03
3.99462e+00 7.67127e-01 -6.60218e-03
3.99462e+00 8.24292e-01 -7.12879e-03
3.99462e+00 8.83095e-01 -7.67432e-03
3.99462e+00 9.43478e-01 -8.23730e-03
3.99462e+00 1.00538e+00 -8.81568e-03
3.99462e+00 1.06875e+00 -9.40667e-03
3.99462e+00 1.13351e+00 -1.00067e-02
3.99462e+00 1.19960e+00 -1.06111e-02
3.99462e+00 1.26697e+00 -1.12143e-02
3.99462e+00 1.33555e+00 -1.18095e-02
3.99462e+00 1.40526e+00 -1.23887e-02
3.99462e+00 1.47604e+00 -1.29425e-02
3.99462e+00 1.54782e+00 -1.34603e-02
3.99462e+00 1.62053e+00 -1.39307e-02
3.99462e+00 1.69410e+00 -1.43411e-02
3.99462e+00 1.76846e+00 -1.46785e-02
3.99462e+00 1.84353e+00 -1.49298e-02
3.99462e+00 1.91924e+00 -1.50824e-02
3.99462e+00 1.99553e+00 -1.51247e-02
3.99462e+00 2.07230e+00 -1.50472e-02
3.99462e+00 2.14949e+00 -1.48426e-02
3.99462e+00 2.22703e+00 -1.45074e-02
3.99462e+00 2.30483e+00 -1.40418e-02
3.99462e+00 2.38282e+00 -1.34505e-02
3.99462e+00 2.46093e+00 -1.27430e-02
3.99462e+00 2.53907e+00 -1.19330e-02
3.99462e+00 2.61718e+00 -1.10389e-02
3.99462e+00 2.69517e+00 -1.00819e-02
3.99462e+00 2.77297e+00 -9.08609e-03
3.99462e+00 2.85051e+00 -8.07621e-03
3.99462e+00 2.92770e+00 -7.07684e-03
3.99462e+00 3.00447e+00 -6.11082e-03
3.99462e+00 3.08076e+00 -5.19806e-03
3.99462e+00 3.15647e+00 -4.35459e-03
3.99462e+00 3.23154e+00 -3.59197e-03
3.99462e+00 3.30590e+00 -2.91707e-03
3.99462e+00 3.37947e+00 -2.33228e-03
3.99462e+00 3.45218e+00 -1.83594e-03
3.99462e+00 3.52396e+00 -1.42315e-03
3.99462e+00 3.59474e+00 -1.08662e-03
3.99462e+00 3.66445e+00 -8.17504e-04
3.99462e+00 3.73303e+00 -6.06319e-04
3.99462e+00 3.80040e+00 -4.43570e-04
3.99462e+00 3.86649e+00 -3.20315e-04
3.99462e+00 3.93125e+00 -2.28505e-04
3.99462e+00 3.99462e+00 -1.61181e-04
3.99462e+00 4.05652e+00 -1.12532e-04
3.99462e+00 4.11690e+00 -7.78529e-05
3.99462e+00 4.17571e+00 -5.34366e-05
3.99462e+00 4.23287e+00 -3.64370e-05
3.99462e+00 4.28835e+00 -2.47173e-05
3.99462e+00 4.34207e+00 -1.67055e-05
3.99462e+00 4.39400e+00 -1.12667e-05
3.99462e+00 4.44407e+00 -7.59492e-06
3.99462e+00 4.49224e+00 -5.12589e-06
3.99462e+00 4.53847e+00 -3.46965e-06
3.99462e+00 4.58271e+00 -2.35959e-06
3.99462e+00 4.62491e+00 -1.61509e-06
3.99462e+00 4.66504e+00 -1.11467e-06
3.99462e+00 4.70305e+00 -7.77069e-07
3.99462e+00 4.73890e+00 -5.48159e-07
3.99462e+00 4.77257e+00 -3.91963e-07
3.99462e+00 4.80402e+00 -2.84587e-07
3.99462e+00 4.83322e+00 -2.10150e-07
3.99462e+00 4.86014e+00 -1.58080e-07
3.99462e+00 4.88475e+00 -1.21312e-07
3.99462e+00 4.90703e+00 -9.51107e-08
3.99462e+00 4.92696e+00 -7.62810e-08
3.99462e+00 4.94452e+00 -6.26592e-08
3.99462e+00 4.95969e+00 -5.27717e-08
3.99462e+00 4.97246e+00 -4.56114e-08
3.99462e+00 4.98281e+00 -4.04903e-08
3.99462e+00 4.99074e+00 -3.69421e-08
3.99462e+00 4.99623e+00 -3.46580e-08
3.99462e+00 4.99928e+00 -3.34462e-08
4.05652e+00 7.15683e-04 -4.21652e-06
4.05652e+00 3.77012e-03 -2.22121e-05
4.05652e+00 9.26216e-03 -5.45694e-05
4.05652e+00 1.71877e-02 -1.01265e-04
4.05652e+00 2.75390e-02 -1.62260e-04
4.05652e+00 4.03061e-02 -2.37501e-04
4.05652e+00 5.54766e-02 -3.26933e-04
4.05652e+00 7.30356e-02 -4.30494e-04
4.05652e+00 9.29659e-02 -5.48125e-04
4.05652e+00 1.15248e-01 -6.79770e-04
4.05652e+00 1.39860e-01 -8.25383e-04
4.05652e+00 1.66779e-01 -9.84930e-04
4.05652e+00 1.95977e-01 -1.15840e-03
4.05652e+00 2.27426e-01 -1.34579e-03
4.05652e+00 2.61096e-01 -1.54713e-03
4.05652e+00 2.96953e-01 -1.76248e-03
4.05652e+00 3.34963e-01 -1.99193e-03
4.05652e+00 3.75089e-01 -2.23556e-03
4.05652e+00 4.17290e-01 -2.49352e-03
4.05652e+00 4.61527e-01 -2.76592e-03
4.05652e+00 5.07755e-01 -3.05291e-03
4.05652e+00 5.55930e-01 -3.35459e-03
4.05652e+00 6.06005e-01 -3.67104e-03
4.05652e+00 6.57930e-01 -4.00224e-03
4.05652e+00 7.11655e-01 -4.34809e-03
4.05652e+00 7.67127e-01 -4.70830e-03
4.05652e+00 8.24292e-01 -5.08242e-03
4.05652e+00 8.83095e-01 -5.46968e-03
4.05652e+00 9.43478e-01 -5.86900e-03
4.05652e+00 1.00538e+00 -6.27886e-03
4.05652e+00 1.06875e+00 -6.69726e-03
4.05652e+00 1.13351e+00 -7.12159e-03
4.05652e+00 1.19960e+00 -7.54856e-03
4.05652e+00 1.26697e+00 -7.97415e-03
4.05652e+00 1.33555e+00 -8.39348e-03
4.05652e+00 1.40526e+00 -8.80085e-03
4.05652e+00 1.47604e+00 -9.18963e-03
4.05652e+00 1.54782e+00 -9.55240e-03
4.05652e+00 1.62053e+00 -9.88097e-03
4.05652e+00 1.69410e+00 -1.01665e-02
4.05652e+00 1.76846e+00 -1.04000e-02
4.05652e+00 1.84353e+00 -1.05721e-02
4.05652e+00 1.91924e+00 -1.06741e-02
4.05652e+00 1.99553e+00 -1.06979e-02
4.05652e+00 2.07230e+00 -1.06369e-02
4.05652e+00 2.14949e+00 -1.04862e-02
4.05652e+00 2.22703e+00 -1.02435e-02
4.05652e+00 2.30483e+00 -9.90902e-03
4.05652e+00 2.38282e+00 -9.48633e-03
4.05652e+00 2.46093e+00 -8.98218e-03
4.05652e+00 2.53907e+00 -8.40655e-03
4.05652e+00 2.61718e+00 -7.77231e-03
4.05652e+00 2.69517e+00 -7.09466e-03
4.05652e+00 2.77297e+00 -6.39044e-03
4.05652e+00 2.85051e+00 -5.67716e-03
4.05652e+00 2.92770e+00 -4.97207e-03
4.05652e+00 3.00447e+00 -4.29118e-03
4.05652e+00 3.08076e+00 -3.64840e-03
4.05652e+00 3.15647e+00 -3.05491e-03
4.05652e+00 3.23154e+00 -2.51871e-03
4.05652e+00 3.30590e+00 -2.04453e-03
4.05652e+00 3.37947e+00 -1.63393e-03
4.05652e+00 3.45218e+00 -1.28565e-03
4.05652e+00 3.52396e+00 -9.96170e-04
4.05652e+00 3.59474e+00 -7.60292e-04
4.05652e+00 3.66445e+00 -5.71773e-04
4.05652e+00 3.73303e+00 -4.23905e-04
4.05652e+00 3.80040e+00 -3.10007e-04
4.05652e+00 3.86649e+00 -2.23785e-04
4.05652e+00 3.93125e+00 -1.59588e-04
4.05652e+00 3.99462e+00 -1.12532e-04
4.05652e+00 4.05652e+00 -7.85423e-05
4.05652e+00 4.11690e+00 -5.43212e-05
4.05652e+00 4.17571e+00 -3.72741e-05
4.05652e+00 4.23287e+00 -2.54092e-05
4.05652e+00 4.28835e+00 -1.72319e-05
4.05652e+00 4.34207e+00 -1.16434e-05
4.05652e+00 4.39400e+00 -7.85080e-06
4.05652e+00 4.44407e+00 -5.29103e-06
4.05652e+00 4.49224e+00 -3.57019e-06
4.05652e+00 4.53847e+00 -2.41612e-06
4.05652e+00 4.58271e+00 -1.64280e-06
4.05652e+00 4.62491e+00 -1.12426e-06
4.05652e+00 4.66504e+00 -7.75781e-07
4.05652e+00 4.70305e+00 -5.40731e-07
4.05652e+00 4.73890e+00 -3.81385e-07
4.05652e+00 4.77257e+00 -2.72672e-07
4.05652e+00 4.80402e+00 -1.97949e-07
4.05652e+00 4.83322e+00 -1.46156e-07
4.05652e+00 4.86014e+00 -1.09930e-07
4.05652e+00 4.88475e+00 -8.43530e-08
4.05652e+00 4.90703e+00 -6.61281e-08
4.05652e+00 4.92696e+00 -5.30320e-08
4.05652e+00 4.94452e+00 -4.35588e-08
4.05652e+00 4.95969e+00 -3.66831e-08
4.05652e+00 4.97246e+00 -3.17042e-08
4.05652e+00 4.98281e+00 -2.81434e-08
4.05652e+00 4.99074e+00 -2.56764e-08
4.05652e+00 4.99623e+00 -2.40884e-08
4.05652e+00 4.99928e+00 -2.32458e-08
4.11690e+00 7.15683e-04 -2.98165e-06
4.11690e+00 3.77012e-03 -1.57070e-05
4.11690e+00 9.26216e-03 -3.85880e-05
4.11690e+00 1.71877e-02 -7.16084e-05
4.11690e+00 2.75390e-02 -1.14739e-04
4.11690e+00 4.03061e-02 -1.67945e-04
4.11690e+00 5.54766e-02 -2.31184e-04
4.11690e+00 7.30356e-02 -3.04413e-04
4.11690e+00 9.29659e-02 -3.87588e-04
4.11690e+00 1.15248e-01 -4.80669e-04
4.11690e+00 1.39860e-01 -5.83621e-04
4.11690e+00 1.66779e-01 -6.96417e-04
4.11690e+00 1.95977e-01 -8.19042e-04
4.11690e+00 2.27426e-01 -9.51495e-04
4.11690e+00 2.61096e-01 -1.09379e-03
4.11690e+00 2.96953e-01 -1.24596e-03
4.11690e+00 3.34963e-01 -1.40806e-03
4.11690e+00 3.75089e-01 -1.58014e-03
4.11690e+00 4.17290e-01 -1.76228e-03
4.11690e+00 4.61527e-01 -1.95457e-03
4.11690e+00 5.07755e-01 -2.15707e-03
4.11690e+00 5.55930e-01 -2.36986e-03
4.11690e+00 6.06005e-01 -2.59296e-03
4.11690e+00 6.57930e-01 -2.82634e-03
4.11690e+00 7.11655e-01 -3.06990e-03
4.11690e+00 7.67127e-01 -3.32343e-03
4.11690e+00 8.24292e-01 -3.58656e-03
4.11690e+00 8.83095e-01 -3.85874e-03
4.11690e+00 9.43478e-01 -4.13918e-03
4.11690e+00 1.00538e+00 -4.42678e-03
4.11690e+00 1.06875e+00 -4.72010e-03
4.11690e+00 1.13351e+00 -5.01728e-03
4.11690e+00 1.19960e+00 -5.31599e-03
4.11690e+00 1.26697e+00 -5.61336e-03
4.11690e+00 1.33555e+00 -5.90599e-03
4.11690e+00 1.40526e+00 -6.18982e-03
4.11690e+00 1.47604e+00 -6.46023e-03
4.11690e+00 1.54782e+00 -6.71200e-03
4.11690e+00 1.62053e+00 -6.93940e-03
4.11690e+00 1.69410e+00 -7.13631e-03
4.11690e+00 1.76846e+00 -7.29637e-03
4.11690e+00 1.84353e+00 -7.41320e-03
4.11690e+00 1.91924e+00 -7.48070e-03
4.11690e+00 1.99553e+00 -7.49334e-03
4.11690e+00 2.07230e+00 -7.44655e-03
4.11690e+00 2.14949e+00 -7.33706e-03
4.11690e+00 2.22703e+00 -7.16330e-03
4.11690e+00 2.30483e+00 -6.92562e-03
4.11690e+00 2.38282e+00 -6.62659e-03
4.11690e+00 2.46093e+00 -6.27104e-03
4.11690e+00 2.53907e+00 -5.86602e-03
4.11690e+00 2.61718e+00 -5.42058e-03
4.11690e+00 2.69517e+00 -4.94540e-03
4.11690e+00 2.77297e+00 -4.45223e-03
4.11690e+00 2.85051e+00 -3.95329e-03
4.11690e+00 2.92770e+00 -3.46059e-03
4.11690e+00 3.00447e+00 -2.98524e-03
4.11690e+00 3.08076e+00 -2.53688e-03
4.11690e+00 3.15647e+00 -2.12322e-03
4.11690e+00 3.23154e+00 -1.74976e-03
4.11690e+00 3.30590e+00 -1.41972e-03
4.11690e+00 3.37947e+00 -1.13411e-03
4.11690e+00 3.45218e+00 -8.92002e-04
4.11690e+00 3.52396e+00 -6.90880e-04
4.11690e+00 3.59474e+00 -5.27084e-04
4.11690e+00 3.66445e+00 -3.96241e-04
4.11690e+00 3.73303e+00 -2.93661e-04
4.11690e+00 3.80040e+00 -2.14682e-04
4.11690e+00 3.86649e+00 -1.54920e-04
4.11690e+00 3.93125e+00 -1.10442e-04
4.11690e+00 3.99462e+00 -7.78529e-05
4.11690e+00 4.05652e+00 -5.43212e-05
4.11690e+00 4.11690e+00 -3.75585e-05
4.11690e+00 4.17571e+00 -2.57647e-05
4.11690e+00 4.23287e+00 -1.75587e-05
4.11690e+00 4.28835e+00 -1.19048e-05
4.11690e+00 4.34207e+00 -8.04203e-06
4.11690e+00 4.39400e+00 -5.42124e-06
4.11690e+00 4.44407e+00 -3.65283e-06
4.11690e+00 4.49224e+00 -2.46427e-06
4.11690e+00 4.53847e+00 -1.66736e-06
4.11690e+00 4.58271e+00 -1.13348e-06
4.11690e+00 4.62491e+00 -7.75565e-07
4.11690e+00 4.66504e+00 -5.35080e-07
4.11690e+00 4.70305e+00 -3.72901e-07
4.11690e+00 4.73890e+00 -2.62974e-07
4.11690e+00 4.77257e+00 -1.87988e-07
4.11690e+00 4.80402e+00 -1.36455e-07
4.11690e+00 4.83322e+00 -1.00740e-07
4.11690e+00 4.86014e+00 -7.57624e-08
4.11690e+00 4.88475e+00 -5.81297e-08
4.11690e+00 4.90703e+00 -4.55665e-08
4.11690e+00 4.92696e+00 -3.65397e-08
4.11690e+00 4.94452e+00 -3.00105e-08
4.11690e+00 4.95969e+00 -2.52719e-08
4.11690e+00 4.97246e+00 -2.18408e-08
4.11690e+00 4.98281e+00 -1.93870e-08
4.11690e+00 4.99074e+00 -1.76870e-08
4.11690e+00 4.99623e+00 -1.65928e-08
4.11690e+00 4.99928e+00 -1.60122e-08
4.17571e+00 7.15683e-04 -2.08931e-06
4.17571e+00 3.77012e-03 -1.10062e-05
4.17571e+00 9.26216e-03 -2.70394e-05
4.17571e+00 1.71877e-02 -5.01774e-05
4.17571e+00 2.75390e-02 -8.04000e-05
4.17571e+00 4.03061e-02 -1.17682e-04
4.17571e+00 5.54766e-02 -1.61994e-04
4.17571e+00 7.30356e-02 -2.13305e-04
4.17571e+00 9.29659e-02 -2.71584e-04
4.17571e+00 1.15248e-01 -3.36802e-04
4.17571e+00 1.39860e-01 -4.08931e-04
4.17571e+00 1.66779e-01 -4.87953e-04
4.17571e+00 1.95977e-01 -5.73854e-04
4.17571e+00 2.27426e-01 -6.66630e-04
4.17571e+00 2.61096e-01 -7.66288e-04
4.17571e+00 2.96953e-01 -8.72845e-04
4.17571e+00 3.34963e-01 -9.86329e-04
4.17571e+00 3.75089e-01 -1.10678e-03
4.17571e+00 4.17290e-01 -1.23424e-03
4.17571e+00 4.61527e-01 -1.36875e-03
4.17571e+00 5.07755e-01 -1.51037e-03
4.17571e+00 5.55930e-01 -1.65912e-03
4.17571e+00 6.06005e-01 -1.81501e-03
4.17571e+00 6.57930e-01 -1.97801e-03
4.17571e+00 7.11655e-01 -2.14803e-03
4.17571e+00 7.67127e-01 -2.32490e-03
4.17571e+00 8.24292e-01 -2.50837e-03
4.17571e+00 8.83095e-01 -2.69801e-03
4.17571e+00 9.43478e-01 -2.89326e-03
4.17571e+00 1.00538e+00 -3.09333e-03
4.17571e+00 1.06875e+00 -3.29721e-03
4.17571e+00 1.13351e+00 -3.50358e-03
4.17571e+00 1.19960e+00 -3.71080e-03
4.17571e+00 1.26697e+00 -3.91686e-03
4.17571e+00 1.33555e+00 -4.11936e-03
4.17571e+00 1.40526e+00 -4.31550e-03
4.17571e+00 1.47604e+00 -4.50204e-03
4.17571e+00 1.54782e+00 -4.67537e-03
4.17571e+00 1.62053e+00 -4.83151e-03
4.17571e+00 1.69410e+00 -4.96623e-03
4.17571e+00 1.76846e+00 -5.07513e-03
4.17571e+00 1.84353e+00 -5.15382e-03
4.17571e+00 1.91924e+00 -5.19812e-03
4.17571e+00 1.99553e+00 -5.20425e-03
4.17571e+00 2.07230e+00 -5.16909e-03
4.17571e+00 2.14949e+00 -5.09046e-03
4.17571e+00 2.22703e+00 -4.96733e-03
4.17571e+00 2.30483e+00 -4.80004e-03
4.17571e+00 2.38282e+00 -4.59042e-03
4.17571e+00 2.46093e+00 -4.34190e-03
4.17571e+00 2.53907e+00 -4.05942e-03
4.17571e+00 2.61718e+00 -3.74928e-03
4.17571e+00 2.69517e+00 -3.41892e-03
4.17571e+00 2.77297e+00 -3.07647e-03
4.17571e+00 2.85051e+00 -2.73040e-03
4.17571e+00 2.92770e+00 -2.38899e-03
4.17571e+00 3.00447e+00 -2.05988e-03
4.17571e+00 3.08076e+00 -1.74971e-03
4.17571e+00 3.15647e+00 -1.46376e-03
4.17571e+00 3.23154e+00 -1.20578e-03
4.17571e+00 3.30590e+00 -9.77934e-04
4.17571e+00 3.37947e+00 -7.80882e-04
4.17571e+00 3.45218e+00 -6.13936e-04
4.17571e+00 3.52396e+00 -4.75327e-04
4.17571e+00 3.59474e+00 -3.62500e-04
4.17571e+00 3.66445e+00 -2.72414e-04
4.17571e+00 3.73303e+00 -2.01821e-04
4.17571e+00 3.80040e+00 -1.47492e-04
4.17571e+00 3.86649e+00 -1.06400e-04
4.17571e+00 3.93125e+00 -7.58282e-05
4.17571e+00 3.99462e+00 -5.34366e-05
4.17571e+00 4.05652e+00 -3.72741e-05
4.17571e+00 4.11690e+00 -2.57647e-05
4.17571e+00 4.17571e+00 -1.76695e-05
4.17571e+00 4.23287e+00 -1.20388e-05
4.17571e+00 4.28835e+00 -8.16030e-06
4.17571e+00 4.34207e+00 -5.51121e-06
4.17571e+00 4.39400e+00 -3.71435e-06
4.17571e+00 4.44407e+00 -2.50219e-06
4.17571e+00 4.49224e+00 -1.68769e-06
4.17571e+00 4.53847e+00 -1.14170e-06
4.17571e+00 4.58271e+00 -7.75992e-07
4.17571e+00 4.62491e+00 -5.30869e-07
4.17571e+00 4.66504e+00 -3.66200e-07
4.17571e+00 4.70305e+00 -2.55169e-07
4.17571e+00 4.73890e+00 -1.79923e-07
4.17571e+00 4.77257e+00 -1.28602e-07
4.17571e+00 4.80402e+00 -9.33368e-08
4.17571e+00 4.83322e+00 -6.88996e-08
4.17571e+00 4.86014e+00 -5.18114e-08
4.17571e+00 4.88475e+00 -3.97493e-08
4.17571e+00 4.90703e+00 -3.11560e-08
4.17571e+00 4.92696e+00 -2.49820e-08
4.17571e+00 4.94452e+00 -2.05168e-08
4.17571e+00 4.95969e+00 -1.72762e-08
4.17571e+00 4.97246e+00 -1.49300e-08
4.17571e+00 4.98281e+00 -1.32521e-08
4.17571e+00 4.99074e+00 -1.20897e-08
4.17571e+00 4.99623e+00 -1.13415e-08
4.17571e+00 4.99928e+00 -1.09446e-08
4.23287e+00 7.15683e-04 -1.45273e-06
4.23287e+00 3.77012e-03 -7.65282e-06
4.23287e+00 9.26216e-03 -1.88010e-05
4.23287e+00 1.71877e-02 -3.48893e-05
4.23287e+00 2.75390e-02 -5.59035e-05
4.23287e+00 4.03061e-02 -8.18260e-05
4.23287e+00 5.54766e-02 -1.12636e-04
4.23287e+00 7.30356e-02 -1.48313e-04
4.23287e+00 9.29659e-02 -1.88833e-04
4.23287e+00 1.15248e-01 -2.34176e-04
4.23287e+00 1.39860e-01 -2.84322e-04
4.23287e+00 1.66779e-01 -3.39257e-04
4.23287e+00 1.95977e-01 -3.98969e-04
4.23287e+00 2.27426e-01 -4.63454e-04
4.23287e+00 2.61096e-01 -5.32714e-04
4.23287e+00 2.96953e-01 -6.06758e-04
4.23287e+00 3.34963e-01 -6.85601e-04
4.23287e+00 3.75089e-01 -7.69267e-04
4.23287e+00 4.17290e-01 -8.57780e-04
4.23287e+00 4.61527e-01 -9.51167e-04
4.23287e+00 5.07755e-01 -1.04945e-03
4.23287e+00 5.55930e-01 -1.15265e-03
4.23287e+00 6.06005e-01 -1.26076e-03
4.23287e+00 6.57930e-01 -1.37375e-03
4.23287e+00 7.11655e-01 -1.49155e-03
4.23287e+00 7.67127e-01 -1.61404e-03
4.23287e+00 8.24292e-01 -1.74101e-03
4.23287e+00 8.83095e-01 -1.87217e-03
4.23287e+00 9.43478e-01 -2.00712e-03
4.23287e+00 1.00538e+00 -2.14530e-03
4.23287e+00 1.06875e+00 -2.28599e-03
4.23287e+00 1.13351e+00 -2.42827e-03
4.23287e+00 1.19960e+00 -2.57100e-03
4.23287e+00 1.26697e+00 -2.71278e-03
4.23287e+00 1.33555e+00 -2.85195e-03
4.23287e+00 1.40526e+00 -2.98656e-03
4.23287e+00 1.47604e+00 -3.11437e-03
4.23287e+00 1.54782e+00 -3.23289e-03
4.23287e+00 1.62053e+00 -3.33939e-03
4.23287e+00 1.69410e+00 -3.43096e-03
4.23287e+00 1.76846e+00 -3.50458e-03
4.23287e+00 1.84353e+00 -3.55725e-03
4.23287e+00 1.91924e+00 -3.58612e-03
4.23287e+00 1.99553e+00 -3.58862e-03
4.23287e+00 2.07230e+00 -3.56265e-03
4.23287e+00 2.14949e+00 -3.50674e-03
4.23287e+00 2.22703e+00 -3.42025e-03
4.23287e+00 2.30483e+00 -3.30345e-03
4.23287e+00 2.38282e+00 -3.15765e-03
4.23287e+00 2.46093e+00 -2.98525e-03
4.23287e+00 2.53907e+00 -2.78969e-03
4.23287e+00 2.61718e+00 -2.57534e-03
4.23287e+00 2.69517e+00 -2.34731e-03
4.23287e+00 2.77297e+00 -2.11122e-03
4.23287e+00 2.85051e+00 -1.87288e-03
4.23287e+00 2.92770e+00 -1.63796e-03
4.23287e+00 3.00447e+00 -1.41169e-03
4.23287e+00 3.08076e+00 -1.19861e-03
4.23287e+00 3.15647e+00 -1.00230e-03
4.23287e+00 3.23154e+00 -8.25312e-04
4.23287e+00 3.30590e+00 -6.69094e-04
4.23287e+00 3.37947e+00 -5.34065e-04
4.23287e+00 3.45218e+00 -4.19727e-04
4.23287e+00 3.52396e+00 -3.24846e-04
4.23287e+00 3.59474e+00 -2.47650e-04
4.23287e+00 3.66445e+00 -1.86042e-04
4.23287e+00 3.73303e+00 -1.37785e-04
4.23287e+00 3.80040e+00 -1.00661e-04
4.23287e+00 3.86649e+00 -7.25939e-05
4.23287e+00 3.93125e+00 -5.17203e-05
4.23287e+00 3.99462e+00 -3.64370e-05
4.23287e+00 4.05652e+00 -2.54092e-05
4.23287e+00 4.11690e+00 -1.75587e-05
4.23287e+00 4.17571e+00 -1.20388e-05
4.23287e+00 4.23287e+00 -8.20033e-06
4.23287e+00 4.28835e+00 -5.55718e-06
4.23287e+00 4.34207e+00 -3.75230e-06
4.23287e+00 4.39400e+00 -2.52837e-06
4.23287e+00 4.44407e+00 -1.70290e-06
4.23287e+00 4.49224e+00 -1.14836e-06
4.23287e+00 4.53847e+00 -7.76706e-07
4.23287e+00 4.58271e+00 -5.27822e-07
4.23287e+00 4.62491e+00 -3.61033e-07
4.23287e+00 4.66504e+00 -2.49007e-07
4.23287e+00 4.70305e+00 -1.73484e-07
4.23287e+00 4.73890e+00 -1.22309e-07
4.23287e+00 4.77257e+00 -8.74107e-08
4.23287e+00 4.80402e+00 -6.34337e-08
4.23287e+00 4.83322e+00 -4.68206e-08
4.23287e+00 4.86014e+00 -3.52049e-08
4.23287e+00 4.88475e+00 -2.70065e-08
4.23287e+00 4.90703e+00 -2.11663e-08
4.23287e+00 4.92696e+00 -1.69708e-08
4.23287e+00 4.94452e+00 -1.39366e-08
4.23287e+00 4.95969e+00 -1.17347e-08
4.23287e+00 4.97246e+00 -1.01406e-08
4.23287e+00 4.98281e+00 -9.00064e-09
4.23287e+00 4.99074e+00 -8.21093e-09
4.23287e+00 4.99623e+00 -7.70264e-09
4.23287e+00 4.99928e+00 -7.43299e-09
4.28835e+00 7.15683e-04 -1.00379e-06
4.28835e+00 3.77012e-03 -5.28783e-06
4.28835e+00 9.26216e-03 -1.29908e-05
4.28835e+00 1.71877e-02 -2.41073e-05
4.28835e+00 2.75390e-02 -3.86273e-05
4.28835e+00 4.03061e-02 -5.65387e-05
4.28835e+00 5.54766e-02 -7.78272e-05
4.28835e+00 7.30356e-02 -1.02478e-04
4.28835e+00 9.29659e-02 -1.30474e-04
4.28835e+00 1.15248e-01 -1.61802e-04
4.28835e+00 1.39860e-01 -1.96447e-04
4.28835e+00 1.66779e-01 -2.34398e-04
4.28835e+00 1.95977e-01 -2.75647e-04
4.28835e+00 2.27426e-01 -3.20189e-04
4.28835e+00 2.61096e-01 -3.68023e-04
4.28835e+00 2.96953e-01 -4.19154e-04
4.28835e+00 3.34963e-01 -4.73591e-04
4.28835e+00 3.75089e-01 -5.31346e-04
4.28835e+00 4.17290e-01 -5.92434e-04
4.28835e+00 4.61527e-01 -6.56870e-04
4.28835e+00 5.07755e-01 -7.24665e-04
4.28835e+00 5.55930e-01 -7.95826e-04
4.28835e+00 6.06005e-01 -8.70345e-04
4.28835e+00 6.57930e-01 -9.48195e-04
4.28835e+00 7.11655e-01 -1.02932e-03
4.28835e+00 7.67127e-01 -1.11363e-03
4.28835e+00 8.24292e-01 -1.20098e-03
4.28835e+00 8.83095e-01 -1.29116e-03
4.28835e+00 9.43478e-01 -1.38389e-03
4.28835e+00 1.00538e+00 -1.47876e-03
4.28835e+00 1.06875e+00 -1.57529e-03
4.28835e+00 1.13351e+00 -1.67283e-03
4.28835e+00 1.19960e+00 -1.77058e-03
4.28835e+00 1.26697e+00 -1.86759e-03
4.28835e+00 1.33555e+00 -1.96270e-03
4.28835e+00 1.40526e+00 -2.05457e-03
4.28835e+00 1.47604e+00 -2.14167e-03
4.28835e+00 1.54782e+00 -2.22228e-03
4.28835e+00 1.62053e+00 -2.29455e-03
4.28835e+00 1.69410e+00 -2.35646e-03
4.28835e+00 1.76846e+00 -2.40599e-03
4.28835e+00 1.84353e+00 -2.44107e-03
4.28835e+00 1.91924e+00 -2.45978e-03
4.28835e+00 1.99553e+00 -2.46038e-03
4.28835e+00 2.07230e+00 -2.44146e-03
4.28835e+00 2.14949e+00 -2.40205e-03
4.28835e+00 2.22703e+00 -2.34172e-03
4.28835e+00 2.30483e+00 -2.26071e-03
4.28835e+00 2.38282e+00 -2.15994e-03
4.28835e+00 2.46093e+00 -2.04108e-03
4.28835e+00 2.53907e+00 -1.90650e-03
4.28835e+00 2.61718e+00 -1.75922e-03
4.28835e+00 2.69517e+00 -1.60274e-03
4.28835e+00 2.77297e+00 -1.44091e-03
4.28835e+00 2.85051e+00 -1.27768e-03
4.28835e+00 2.92770e+00 -1.11695e-03
4.28835e+00 3.00447e+00 -9.62252e-04
4.28835e+00 3.08076e+00 -8.16675e-04
4.28835e+00 3.15647e+00 -6.82647e-04
4.28835e+00 3.23154e+00 -5.61884e-04
4.28835e+00 3.30590e+00 -4.55355e-04
4.28835e+00 3.37947e+00 -3.63326e-04
4.28835e+00 3.45218e+00 -2.85439e-04
4.28835e+00 3.52396e+00 -2.20836e-04
4.28835e+00 3.59474e+00 -1.68300e-04
4.28835e+00 3.66445e+00 -1.26390e-04
4.28835e+00 3.73303e+00 -9.35763e-05
4.28835e+00 3.80040e+00 -6.83431e-05
4.28835e+00 3.86649e+00 -4.92722e-05
4.28835e+00 3.93125e+00 -3.50944e-05
4.28835e+00 3.99462e+00 -2.47173e-05
4.28835e+00 4.05652e+00 -1.72319e-05
4.28835e+00 4.11690e+00 -1.19048e-05
4.28835e+00 4.17571e+00 -8.16030e-06
4.28835e+00 4.23287e+00 -5.55718e-06
4.28835e+00 4.28835e+00 -3.76512e-06
4.28835e+00 4.34207e+00 -2.54173e-06
4.28835e+00 4.39400e+00 -1.71231e-06
4.28835e+00 4.44407e+00 -1.15305e-06
4.28835e+00 4.49224e+00 -7.77422e-07
4.28835e+00 4.53847e+00 -5.25725e-07
4.28835e+00 4.58271e+00 -3.57205e-07
4.28835e+00 4.62491e+00 -2.44292e-07
4.28835e+00 4.66504e+00 -1.68465e-07
4.28835e+00 4.70305e+00 -1.17354e-07
4.28835e+00 4.73890e+00 -8.27254e-08
4.28835e+00 4.77257e+00 -5.91145e-08
4.28835e+00 4.80402e+00 -4.28944e-08
4.28835e+00 4.83322e+00 -3.16573e-08
4.28835e+00 4.86014e+00 -2.38012e-08
4.28835e+00 4.88475e+00 -1.82569e-08
4.28835e+00 4.90703e+00 -1.43077e-08
4.28835e+00 4.92696e+00 -1.14709e-08
4.28835e+00 4.94452e+00 -9.41945e-09
4.28835e+00 4.95969e+00 -7.93086e-09
4.28835e+00 4.97246e+00 -6.85316e-09
4.28835e+00 4.98281e+00 -6.08257e-09
4.28835e+00 4.99074e+00 -5.54874e-09
4.28835e+00 4.99623e+00 -5.20516e-09
4.28835e+00 4.99928e+00 -5.02288e-09
4.34207e+00 7.15683e-04 -6.90303e-07
4.34207e+00 3.77012e-03 -3.63643e-06
4.34207e+00 9.26216e-03 -8.93375e-06
4.34207e+00 1.71877e-02 -1.65785e-05
4.34207e+00 2.75390e-02 -2.65638e-05
4.34207e+00 4.03061e-02 -3.88813e-05
4.34207e+00 5.54766e-02 -5.35211e-05
4.34207e+00 7.30356e-02 -7.04726e-05
4.34207e+00 9.29659e-02 -8.97248e-05
4.34207e+00 1.15248e-01 -1.11267e-04
4.34207e+00 1.39860e-01 -1.35090e-04
4.34207e+00 1.66779e-01 -1.61184e-04
4.34207e+00 1.95977e-01 -1.89544e-04
4.34207e+00 2.27426e-01 -2.20166e-04
4.34207e+00 2.61096e-01 -2.53047e-04
4.34207e+00 2.96953e-01 -2.88191e-04
4.34207e+00 3.34963e-01 -3.25601e-04
4.34207e+00 3.75089e-01 -3.65284e-04
4.34207e+00 4.17290e-01 -4.07248e-04
4.34207e+00 4.61527e-01 -4.51501e-04
4.34207e+00 5.07755e-01 -4.98049e-04
4.34207e+00 5.55930e-01 -5.46892e-04
4.34207e+00 6.06005e-01 -5.98023e-04
4.34207e+00 6.57930e-01 -6.51418e-04
4.34207e+00 7.11655e-01 -7.07037e-04
4.34207e+00 7.67127e-01 -7.64812e-04
4.34207e+00 8.24292e-01 -8.24639e-04
4.34207e+00 8.83095e-01 -8.86370e-04
4.34207e+00 9.43478e-01 -9.49803e-04
4.34207e+00 1.00538e+00 -1.01467e-03
4.34207e+00 1.06875e+00 -1.08061e-03
4.34207e+00 1.13351e+00 -1.14719e-03
4.34207e+00 1.19960e+00 -1.21386e-03
4.34207e+00 1.26697e+00 -1.27996e-03
4.34207e+00 1.33555e+00 -1.34470e-03
4.34207e+00 1.40526e+00 -1.40715e-03
4.34207e+00 1.47604e+00 -1.46627e-03
4.34207e+00 1.54782e+00 -1.52090e-03
4.34207e+00 1.62053e+00 -1.56974e-03
4.34207e+00 1.69410e+00 -1.61147e-03
4.34207e+00 1.76846e+00 -1.64466e-03
4.34207e+00 1.84353e+00 -1.66796e-03
4.34207e+00 1.91924e+00 -1.68003e-03
4.34207e+00 1.99553e+00 -1.67973e-03
4.34207e+00 2.07230e+00 -1.66609e-03
4.34207e+00 2.14949e+00 -1.63849e-03
4.34207e+00 2.22703e+00 -1.59664e-03
4.34207e+00 2.30483e+00 -1.54074e-03
4.34207e+00 2.38282e+00 -1.47142e-03
4.34207e+00 2.46093e+00 -1.38985e-03
4.34207e+00 2.53907e+00 -1.29765e-03
4.34207e+00 2.61718e+00 -1.19689e-03
4.34207e+00 2.69517e+00 -1.08997e-03
4.34207e+00 2.77297e+00 -9.79509e-04
4.34207e+00 2.85051e+00 -8.68197e-04
4.34207e+00 2.92770e+00 -7.58668e-04
4.34207e+00 3.00447e+00 -6.53336e-04
4.34207e+00 3.08076e+00 -5.54279e-04
4.34207e+00 3.15647e+00 -4.63139e-04
4.34207e+00 3.23154e+00 -3.81066e-04
4.34207e+00 3.30590e+00 -3.08707e-04
4.34207e+00 3.37947e+00 -2.46230e-04
4.34207e+00 3.45218e+00 -1.93378e-04
4.34207e+00 3.52396e+00 -1.49562e-04
4.34207e+00 3.59474e+00 -1.13945e-04
4.34207e+00 3.66445e+00 -8.55436e-05
4.34207e+00 3.73303e+00 -6.33151e-05
4.34207e+00 3.80040e+00 -4.62284e-05
4.34207e+00 3.86649e+00 -3.33191e-05
4.34207e+00 3.93125e+00 -2.37252e-05
4.34207e+00 3.99462e+00 -1.67055e-05
4.34207e+00 4.05652e+00 -1.16434e-05
4.34207e+00 4.11690e+00 -8.04203e-06
4.34207e+00 4.17571e+00 -5.51121e-06
4.34207e+00 4.23287e+00 -3.75230e-06
4.34207e+00 4.28835e+00 -2.54173e-06
4.34207e+00 4.34207e+00 -1.71550e-06
4.34207e+00 4.39400e+00 -1.15547e-06
4.34207e+00 4.44407e+00 -7.77936e-07
4.34207e+00 4.49224e+00 -5.24415e-07
4.34207e+00 4.53847e+00 -3.54571e-07
4.34207e+00 4.58271e+00 -2.40876e-07
4.34207e+00 4.62491e+00 -1.64710e-07
4.34207e+00 4.66504e+00 -1.13569e-07
4.34207e+00 4.70305e+00 -7.91022e-08
4.34207e+00 4.73890e+00 -5.57542e-08
4.34207e+00 4.77257e+00 -3.98367e-08
4.34207e+00 4.80402e+00 -2.89030e-08
4.34207e+00 4.83322e+00 -2.13292e-08
4.34207e+00 4.86014e+00 -1.60347e-08
4.34207e+00 4.88475e+00 -1.22985e-08
4.34207e+00 4.90703e+00 -9.63751e-09
4.34207e+00 4.92696e+00 -7.72615e-09
4.34207e+00 4.94452e+00 -6.34404e-09
4.34207e+00 4.95969e+00 -5.34120e-09
4.34207e+00 4.97246e+00 -4.61522e-09
4.34207e+00 4.98281e+00 -4.09613e-09
4.34207e+00 4.99074e+00 -3.73654e-09
4.34207e+00 4.99623e+00 -3.50511e-09
4.34207e+00 4.99928e+00 -3.38233e-09
4.39400e+00 7.15683e-04 -4.73234e-07
4.39400e+00 3.77012e-03 -2.49294e-06
4.39400e+00 9.26216e-03 -6.12449e-06
4.39400e+00 1.71877e-02 -1.13653e-05
4.39400e+00 2.75390e-02 -1.82107e-05
4.39400e+00 4.03061e-02 -2.66548e-05
4.39400e+00 5.54766e-02 -3.66909e-05
4.39400e+00 7.30356e-02 -4.83116e-05
4.39400e+00 9.29659e-02 -6.15093e-05
4.39400e+00 1.15248e-01 -7.62764e-05
4.39400e+00 1.39860e-01 -9.26061e-05
4.39400e+00 1.66779e-01 -1.10492e-04
4.39400e+00 1.95977e-01 -1.29930e-04
4.39400e+00 2.27426e-01 -1.50916e-04
4.39400e+00 2.61096e-01 -1.73449e-04
4.39400e+00 2.96953e-01 -1.97529e-04
4.39400e+00 3.34963e-01 -2.23159e-04
4.39400e+00 3.75089e-01 -2.50341e-04
4.39400e+00 4.17290e-01 -2.79080e-04
4.39400e+00 4.61527e-01 -3.09381e-04
4.39400e+00 5.07755e-01 -3.41244e-04
4.39400e+00 5.55930e-01 -3.74668e-04
4.39400e+00 6.06005e-01 -4.09647e-04
4.39400e+00 6.57930e-01 -4.46162e-04
4.39400e+00 7.11655e-01 -4.84182e-04
4.39400e+00 7.67127e-01 -5.23658e-04
4.39400e+00 8.24292e-01 -5.64517e-04
4.39400e+00 8.83095e-01 -6.06655e-04
4.39400e+00 9.43478e-01 -6.49929e-04
4.39400e+00 1.00538e+00 -6.94152e-04
4.39400e+00 1.06875e+00 -7.39081e-04
4.39400e+00 1.13351e+00 -7.84412e-04
4.39400e+00 1.19960e+00 -8.29766e-04
4.39400e+00 1.26697e+00 -8.74690e-04
4.39400e+00 1.33555e+00 -9.18641e-04
4.39400e+00 1.40526e+00 -9.60994e-04
4.39400e+00 1.47604e+00 -1.00103e-03
4.39400e+00 1.54782e+00 -1.03796e-03
4.39400e+00 1.62053e+00 -1.07091e-03
4.39400e+00 1.69410e+00 -1.09896e-03
4.39400e+00 1.76846e+00 -1.12118e-03
4.39400e+00 1.84353e+00 -1.13662e-03
4.39400e+00 1.91924e+00 -1.14439e-03
4.39400e+00 1.99553e+00 -1.14373e-03
4.39400e+00 2.07230e+00 -1.13398e-03
4.39400e+00 2.14949e+00 -1.11474e-03
4.39400e+00 2.22703e+00 -1.08583e-03
4.39400e+00 2.30483e+00 -1.04738e-03
4.39400e+00 2.38282e+00 -9.99848e-04
4.39400e+00 2.46093e+00 -9.44033e-04
4.39400e+00 2.53907e+00 -8.81054e-04
4.39400e+00 2.61718e+00 -8.12317e-04
4.39400e+00 2.69517e+00 -7.39457e-04
4.39400e+00 2.77297e+00 -6.64255e-04
4.39400e+00 2.85051e+00 -5.88540e-04
4.39400e+00 2.92770e+00 -5.14095e-04
4.39400e+00 3.00447e+00 -4.42554e-04
4.39400e+00 3.08076e+00 -3.75317e-04
4.39400e+00 3.15647e+00 -3.13491e-04
4.39400e+00 3.23154e+00 -2.57847e-04
4.39400e+00 3.30590e+00 -2.08814e-04
4.39400e+00 3.37947e+00 -1.66497e-04
4.39400e+00 3.45218e+00 -1.30717e-04
4.39400e+00 3.52396e+00 -1.01067e-04
4.39400e+00 3.59474e+00 -7.69747e-05
4.39400e+00 3.66445e+00 -5.77713e-05
4.39400e+00 3.73303e+00 -4.27471e-05
4.39400e+00 3.80040e+00 -3.12023e-05
4.39400e+00 3.86649e+00 -2.24830e-05
4.39400e+00 3.93125e+00 -1.60051e-05
4.39400e+00 3.99462e+00 -1.12667e-05
4.39400e+00 4.05652e+00 -7.85080e-06
4.39400e+00 4.11690e+00 -5.42124e-06
4.39400e+00 4.17571e+00 -3.71435e-06
4.39400e+00 4.23287e+00 -2.52837e-06
4.39400e+00 4.28835e+00 -1.71231e-06
4.39400e+00 4.34207e+00 -1.15547e-06
4.39400e+00 4.39400e+00 -7.78121e-07
4.39400e+00 4.44407e+00 -5.23787e-07
4.39400e+00 4.49224e+00 -3.53031e-07
4.39400e+00 4.53847e+00 -2.38656e-07
4.39400e+00 4.58271e+00 -1.62105e-07
4.39400e+00 4.62491e+00 -1.10831e-07
4.39400e+00 4.66504e+00 -7.64083e-08
4.39400e+00 4.70305e+00 -5.32127e-08
4.39400e+00 4.73890e+00 -3.75019e-08
4.39400e+00 4.77257e+00 -2.67923e-08
4.39400e+00 4.80402e+00 -1.94369e-08
4.39400e+00 4.83322e+00 -1.43422e-08
4.39400e+00 4.86014e+00 -1.07812e-08
4.39400e+00 4.88475e+00 -8.26846e-09
4.39400e+00 4.90703e+00 -6.47897e-09
4.39400e+00 4.92696e+00 -5.19370e-09
4.39400e+00 4.94452e+00 -4.26438e-09
4.39400e+00 4.95969e+00 -3.59012e-09
4.39400e+00 4.97246e+00 -3.10202e-09
4.39400e+00 4.98281e+00 -2.75304e-09
4.39400e+00 4.99074e+00 -2.51130e-09
4.39400e+00 4.99623e+00 -2.35571e-09
4.39400e+00 4.99928e+00 -2.27318e-09
4.44407e+00 7.15683e-04 -3.23949e-07
4.44407e+00 3.77012e-03 -1.70652e-06
4.44407e+00 9.26216e-03 -4.19248e-06
4.44407e+00 1.71877e-02 -7.78004e-06
4.44407e+00 2.75390e-02 -1.24660e-05
4.44407e+00 4.03061e-02 -1.82463e-05
4.44407e+00 5.54766e-02 -2.51164e-05
4.44407e+00 7.30356e-02 -3.30710e-05
4.44407e+00 9.29659e-02 -4.21050e-05
4.44407e+00 1.15248e-01 -5.22131e-05
4.44407e+00 1.39860e-01 -6.33904e-05
4.44407e+00 1.66779e-01 -7.56325e-05
4.44407e+00 1.95977e-01 -8.89358e-05
4.44407e+00 2.27426e-01 -1.03298e-04
4.44407e+00 2.61096e-01 -1.18717e-04
4.44407e+00 2.96953e-01 -1.35193e-04
4.44407e+00 3.34963e-01 -1.52727e-04
4.44407e+00 3.75089e-01 -1.71320e-04
4.44407e+00 4.17290e-01 -1.90975e-04
4.44407e+00 4.61527e-01 -2.11693e-04
4.44407e+00 5.07755e-01 -2.33474e-04
4.44407e+00 5.55930e-01 -2.56317e-04
4.44407e+00 6.06005e-01 -2.80215e-04
4.44407e+00 6.57930e-01 -3.05153e-04
4.44407e+00 7.11655e-01 -3.31111e-04
4.44407e+00 7.67127e-01 -3.58051e-04
4.44407e+00 8.24292e-01 -3.85922e-04
4.44407e+00 8.83095e-01 -4.14652e-04
4.44407e+00 9.43478e-01 -4.44140e-04
4.44407e+00 1.00538e+00 -4.74258e-04
4.44407e+00 1.06875e+00 -5.04837e-04
4.44407e+00 1.13351e+00 -5.35668e-04
4.44407e+00 1.19960e+00 -5.66492e-04
4.44407e+00 1.26697e+00 -5.96996e-04
4.44407e+00 1.33555e+00 -6.26812e-04
4.44407e+00 1.40526e+00 -6.55511e-04
4.44407e+00 1.47604e+00 -6.82606e-04
4.44407e+00 1.54782e+00 -7.07556e-04
4.44407e+00 1.62053e+00 -7.29770e-04
4.44407e+00 1.69410e+00 -7.48627e-04
4.44407e+00 1.76846e+00 -7.63487e-04
4.44407e+00 1.84353e+00 -7.73718e-04
4.44407e+00 1.91924e+00 -7.78724e-04
4.44407e+00 1.99553e+00 -7.77978e-04
4.44407e+00 2.07230e+00 -7.71058e-04
4.44407e+00 2.14949e+00 -7.57683e-04
4.44407e+00 2.22703e+00 -7.37748e-04
4.44407e+00 2.30483e+00 -7.11349e-04
4.44407e+00 2.38282e+00 -6.78806e-04
4.44407e+00 2.46093e+00 -6.40667e-04
4.44407e+00 2.53907e+00 -5.97698e-04
4.44407e+00 2.61718e+00 -5.50858e-04
4.44407e+00 2.69517e+00 -5.01261e-04
4.44407e+00 2.77297e+00 -4.50116e-04
4.44407e+00 2.85051e+00 -3.98664e-04
4.44407e+00 2.92770e+00 -3.48111e-04
4.44407e+00 3.00447e+00 -2.99562e-04
4.44407e+00 3.08076e+00 -2.53962e-04
4.44407e+00 3.15647e+00 -2.12054e-04
4.44407e+00 3.23154e+00 -1.74356e-04
4.44407e+00 3.30590e+00 -1.41154e-04
4.44407e+00 3.37947e+00 -1.12513e-04
4.44407e+00 3.45218e+00 -8.83073e-05
4.44407e+00 3.52396e+00 -6.82562e-05
4.44407e+00 3.59474e+00 -5.19702e-05
4.44407e+00 3.66445e+00 -3.89938e-05
4.44407e+00 3.73303e+00 -2.88450e-05
4.44407e+00 3.80040e+00 -2.10492e-05
4.44407e+00 3.86649e+00 -1.51632e-05
4.44407e+00 3.93125e+00 -1.07917e-05
4.44407e+00 3.99462e+00 -7.59492e-06
4.44407e+00 4.05652e+00 -5.29103e-06
4.44407e+00 4.11690e+00 -3.65283e-06
4.44407e+00 4.17571e+00 -2.50219e-06
4.44407e+00 4.23287e+00 -1.70290e-06
4.44407e+00 4.28835e+00 -1.15305e-06
4.44407e+00 4.34207e+00 -7.77936e-07
4.44407e+00 4.39400e+00 -5.23787e-07
4.44407e+00 4.44407e+00 -3.52524e-07
4.44407e+00 4.49224e+00 -2.37562e-07
4.44407e+00 4.53847e+00 -1.60572e-07
4.44407e+00 4.58271e+00 -1.09051e-07
4.44407e+00 4.62491e+00 -7.45479e-08
4.44407e+00 4.66504e+00 -5.13879e-08
4.44407e+00 4.70305e+00 -3.57835e-08
4.44407e+00 4.73890e+00 -2.52157e-08
4.44407e+00 4.77257e+00 -1.80129e-08
4.44407e+00 4.80402e+00 -1.30665e-08
4.44407e+00 4.83322e+00 -9.64071e-09
4.44407e+00 4.86014e+00 -7.24640e-09
4.44407e+00 4.88475e+00 -5.55711e-09
4.44407e+00 4.90703e+00 -4.35413e-09
4.44407e+00 4.92696e+00 -3.49017e-09
4.44407e+00 4.94452e+00 -2.86551e-09
4.44407e+00 4.95969e+00 -2.41233e-09
4.44407e+00 4.97246e+00 -2.08428e-09
4.44407e+00 4.98281e+00 -1.84974e-09
4.44407e+00 4.99074e+00 -1.68727e-09
4.44407e+00 4.99623e+00 -1.58272e-09
4.44407e+00 4.99928e+00 -1.52725e-09
4.49224e+00 7.15683e-04 -2.21815e-07
4.49224e+00 3.77012e-03 -1.16849e-06
4.49224e+00 9.26216e-03 -2.87069e-06
4.49224e+00 1.71877e-02 -5.32716e-06
4.49224e+00 2.75390e-02 -8.53573e-06
4.49224e+00 4.03061e-02 -1.24936e-05
4.49224e+00 5.54766e-02 -1.71976e-05
4.49224e+00 7.30356e-02 -2.26442e-05
4.49224e+00 9.29659e-02 -2.88298e-05
4.49224e+00 1.15248e-01 -3.57506e-05
4.49224e+00 1.39860e-01 -4.34032e-05
4.49224e+00 1.66779e-01 -5.17845e-05
4.49224e+00 1.95977e-01 -6.08919e-05
4.49224e+00 2.27426e-01 -7.07233e-05
4.49224e+00 2.61096e-01 -8.12776e-05
4.49224e+00 2.96953e-01 -9.25543e-05
4.49224e+00 3.34963e-01 -1.04553e-04
4.49224e+00 3.75089e-01 -1.17276e-04
4.49224e+00 4.17290e-01 -1.30722e-04
4.49224e+00 4.61527e-01 -1.44893e-04
4.49224e+00 5.07755e-01 -1.59788e-04
4.49224e+00 5.55930e-01 -1.75405e-04
4.49224e+00 6.06005e-01 -1.91738e-04
4.49224e+00 6.57930e-01 -2.08778e-04
4.49224e+00 7.11655e-01 -2.26507e-04
4.49224e+00 7.67127e-01 -2.44901e-04
4.49224e+00 8.24292e-01 -2.63923e-04
4.49224e+00 8.83095e-01 -2.83521e-04
4.49224e+00 9.43478e-01 -3.03627e-04
4.49224e+00 1.00538e+00 -3.24151e-04
4.49224e+00 1.06875e+00 -3.44977e-04
4.49224e+00 1.13351e+00 -3.65961e-04
4.49224e+00 1.19960e+00 -3.86924e-04
4.49224e+00 1.26697e+00 -4.07654e-04
4.49224e+00 1.33555e+00 -4.27898e-04
4.49224e+00 1.40526e+00 -4.47363e-04
4.49224e+00 1.47604e+00 -4.65717e-04
4.49224e+00 1.54782e+00 -4.82591e-04
4.49224e+00 1.62053e+00 -4.97586e-04
4.49224e+00 1.69410e+00 -5.10277e-04
4.49224e+00 1.76846e+00 -5.20232e-04
4.49224e+00 1.84353e+00 -5.27024e-04
4.49224e+00 1.91924e+00 -5.30250e-04
4.49224e+00 1.99553e+00 -5.29555e-04
4.49224e+00 2.07230e+00 -5.24658e-04
4.49224e+00 2.14949e+00 -5.15372e-04
4.49224e+00 2.22703e+00 -5.01631e-04
4.49224e+00 2.30483e+00 -4.83506e-04
4.49224e+00 2.38282e+00 -4.61219e-04
4.49224e+00 2.46093e+00 -4.35148e-04
4.49224e+00 2.53907e+00 -4.05817e-04
4.49224e+00 2.61718e+00 -3.73881e-04
4.49224e+00 2.69517e+00 -3.40098e-04
4.49224e+00 2.77297e+00 -3.05290e-04
4.49224e+00 2.85051e+00 -2.70299e-04
4.49224e+00 2.92770e+00 -2.35943e-04
4.49224e+00 3.00447e+00 -2.02970e-04
4.49224e+00 3.08076e+00 -1.72016e-04
4.49224e+00 3.15647e+00 -1.43585e-04
4.49224e+00 3.23154e+00 -1.18022e-04
4.49224e+00 3.30590e+00 -9.55182e-05
4.49224e+00 3.37947e+00 -7.61142e-05
4.49224e+00 3.45218e+00 -5.97216e-05
4.49224e+00 3.52396e+00 -4.61480e-05
4.49224e+00 3.59474e+00 -3.51274e-05
4.49224e+00 3.66445e+00 -2.63493e-05
4.49224e+00 3.73303e+00 -1.94864e-05
4.49224e+00 3.80040e+00 -1.42163e-05
4.49224e+00 3.86649e+00 -1.02385e-05
4.49224e+00 3.93125e+00 -7.28505e-06
4.49224e+00 3.99462e+00 -5.12589e-06
4.49224e+00 4.05652e+00 -3.57019e-06
4.49224e+00 4.11690e+00 -2.46427e-06
4.49224e+00 4.17571e+00 -1.68769e-06
4.49224e+00 4.23287e+00 -1.14836e-06
4.49224e+00 4.28835e+00 -7.77422e-07
4.49224e+00 4.34207e+00 -5.24415e-07
4.49224e+00 4.39400e+00 -3.53031e-07
4.49224e+00 4.44407e+00 -2.37562e-07
4.49224e+00 4.49224e+00 -1.60066e-07
4.49224e+00 4.53847e+00 -1.08175e-07
4.49224e+00 4.58271e+00 -7.34565e-08
4.49224e+00 4.62491e+00 -5.02086e-08
4.49224e+00 4.66504e+00 -3.46059e-08
4.49224e+00 4.70305e+00 -2.40948e-08
4.49224e+00 4.73890e+00 -1.69772e-08
4.49224e+00 4.77257e+00 -1.21265e-08
4.49224e+00 4.80402e+00 -8.79565e-09
4.49224e+00 4.83322e+00 -6.48906e-09
4.49224e+00 4.86014e+00 -4.87709e-09
4.49224e+00 4.88475e+00 -3.73988e-09
4.49224e+00 4.90703e+00 -2.93010e-09
4.49224e+00 4.92696e+00 -2.34856e-09
4.49224e+00 4.94452e+00 -1.92813e-09
4.49224e+00 4.95969e+00 -1.62312e-09
4.49224e+00 4.97246e+00 -1.40235e-09
4.49224e+00 4.98281e+00 -1.24451e-09
4.49224e+00 4.99074e+00 -1.13518e-09
4.49224e+00 4.99623e+00 -1.06481e-09
4.49224e+00 4.99928e+00 -1.02749e-09
4.53847e+00 7.15683e-04 -1.52190e-07
4.53847e+00 3.77012e-03 -8.01716e-07
4.53847e+00 9.26216e-03 -1.96961e-06
4.53847e+00 1.71877e-02 -3.65502e-06
4.53847e+00 2.75390e-02 -5.85645e-06
4.53847e+00 4.03061e-02 -8.57199e-06
4.53847e+00 5.54766e-02 -1.17994e-05
4.53847e+00 7.30356e-02 -1.55363e-05
4.53847e+00 9.29659e-02 -1.97801e-05
4.53847e+00 1.15248e-01 -2.45283e-05
4.53847e+00 1.39860e-01 -2.97784e-05
4.53847e+00 1.66779e-01 -3.55281e-05
4.53847e+00 1.95977e-01 -4.17757e-05
4.53847e+00 2.27426e-01 -4.85196e-05
4.53847e+00 2.61096e-01 -5.57587e-05
4.53847e+00 2.96953e-01 -6.34926e-05
4.53847e+00 3.34963e-01 -7.17210e-05
4.53847e+00 3.75089e-01 -8.04442e-05
4.53847e+00 4.17290e-01 -8.96624e-05
4.53847e+00 4.61527e-01 -9.93756e-05
4.53847e+00 5.07755e-01 -1.09583e-04
4.53847e+00 5.55930e-01 -1.20283e-04
4.53847e+00 6.06005e-01 -1.31470e-04
4.53847e+00 6.57930e-01 -1.43138e-04
4.53847e+00 7.11655e-01 -1.55274e-04
4.53847e+00 7.67127e-01 -1.67861e-04
4.53847e+00 8.24292e-01 -1.80872e-04
4.53847e+00 8.83095e-01 -1.94272e-04
4.53847e+00 9.43478e-01 -2.08013e-04
4.53847e+00 1.00538e+00 -2.22032e-04
4.53847e+00 1.06875e+00 -2.36250e-04
4.53847e+00 1.13351e+00 -2.50566e-04
4.53847e+00 1.19960e+00 -2.64859e-04
4.53847e+00 1.26697e+00 -2.78983e-04
4.53847e+00 1.33555e+00 -2.92763e-04
4.53847e+00 1.40526e+00 -3.06000e-04
4.53847e+00 1.47604e+00 -3.18466e-04
4.53847e+00 1.54782e+00 -3.29911e-04
4.53847e+00 1.62053e+00 -3.40061e-04
4.53847e+00 1.69410e+00 -3.48629e-04
4.53847e+00 1.76846e+00 -3.55320e-04
4.53847e+00 1.84353e+00 -3.59844e-04
4.53847e+00 1.91924e+00 -3.61929e-04
4.53847e+00 1.99553e+00 -3.61336e-04
4.53847e+00 2.07230e+00 -3.57875e-04
4.53847e+00 2.14949e+00 -3.51423e-04
4.53847e+00 2.22703e+00 -3.41937e-04
4.53847e+00 2.30483e+00 -3.29470e-04
4.53847e+00 2.38282e+00 -3.14177e-04
4.53847e+00 2.46093e+00 -2.96317e-04
4.53847e+00 2.53907e+00 -2.76250e-04
4.53847e+00 2.61718e+00 -2.54425e-04
4.53847e+00 2.69517e+00 -2.31359e-04
4.53847e+00 2.77297e+00 -2.07611e-04
4.53847e+00 2.85051e+00 -1.83756e-04
4.53847e+00 2.92770e+00 -1.60349e-04
4.53847e+00 3.00447e+00 -1.37896e-04
4.53847e+00 3.08076e+00 -1.16831e-04
4.53847e+00 3.15647e+00 -9.74908e-05
4.53847e+00 3.23154e+00 -8.01105e-05
4.53847e+00 3.30590e+00 -6.48166e-05
4.53847e+00 3.37947e+00 -5.16348e-05
4.53847e+00 3.45218e+00 -4.05031e-05
4.53847e+00 3.52396e+00 -3.12891e-05
4.53847e+00 3.59474e+00 -2.38107e-05
4.53847e+00 3.66445e+00 -1.78561e-05
4.53847e+00 3.73303e+00 -1.32021e-05
4.53847e+00 3.80040e+00 -9.62928e-06
4.53847e+00 3.86649e+00 -6.93336e-06
4.53847e+00 3.93125e+00 -4.93221e-06
4.53847e+00 3.99462e+00 -3.46965e-06
4.53847e+00 4.05652e+00 -2.41612e-06
4.53847e+00 4.11690e+00 -1.66736e-06
4.53847e+00 4.17571e+00 -1.14170e-06
4.53847e+00 4.23287e+00 -7.76706e-07
4.53847e+00 4.28835e+00 -5.25725e-07
4.53847e+00 4.34207e+00 -3.54571e-07
4.53847e+00 4.39400e+00 -2.38656e-07
4.53847e+00 4.44407e+00 -1.60572e-07
4.53847e+00 4.49224e+00 -1.08175e-07
4.53847e+00 4.53847e+00 -7.30967e-08
4.53847e+00 4.58271e+00 -4.96299e-08
4.53847e+00 4.62491e+00 -3.39186e-08
4.53847e+00 4.66504e+00 -2.33754e-08
4.53847e+00 4.70305e+00 -1.62736e-08
4.53847e+00 4.73890e+00 -1.14652e-08
4.53847e+00 4.77257e+00 -8.18862e-09
4.53847e+00 4.80402e+00 -5.93891e-09
4.53847e+00 4.83322e+00 -4.38112e-09
4.53847e+00 4.86014e+00 -3.29255e-09
4.53847e+00 4.88475e+00 -2.52464e-09
4.53847e+00 4.90703e+00 -1.97787e-09
4.53847e+00 4.92696e+00 -1.58524e-09
4.53847e+00 4.94452e+00 -1.30139e-09
4.53847e+00 4.95969e+00 -1.09548e-09
4.53847e+00 4.97246e+00 -9.46443e-10
4.53847e+00 4.98281e+00 -8.39894e-10
4.53847e+00 4.99074e+00 -7.66093e-10
4.53847e+00 4.99623e+00 -7.18597e-10
4.53847e+00 4.99928e+00 -6.93402e-10
4.58271e+00 7.15683e-04 -1.04819e-07
4.58271e+00 3.77012e-03 -5.52172e-07
4.58271e+00 9.26216e-03 -1.35654e-06
4.58271e+00 1.71877e-02 -2.51735e-06
4.58271e+00 2.75390e-02 -4.03355e-06
4.58271e+00 4.03061e-02 -5.90383e-06
4.58271e+00 5.54766e-02 -8.12666e-06
4.58271e+00 7.30356e-02 -1.07003e-05
4.58271e+00 9.29659e-02 -1.36231e-05
4.58271e+00 1.15248e-01 -1.68932e-05
4.58271e+00 1.39860e-01 -2.05088e-05
4.58271e+00 1.66779e-01 -2.44684e-05
4.58271e+00 1.95977e-01 -2.87707e-05
4.58271e+00 2.27426e-01 -3.34144e-05
4.58271e+00 2.61096e-01 -3.83989e-05
4.58271e+00 2.96953e-01 -4.37234e-05
4.58271e+00 3.34963e-01 -4.93879e-05
4.58271e+00 3.75089e-01 -5.53923e-05
4.58271e+00 4.17290e-01 -6.17364e-05
4.58271e+00 4.61527e-01 -6.84201e-05
4.58271e+00 5.07755e-01 -7.54426e-05
4.58271e+00 5.55930e-01 -8.28021e-05
4.58271e+00 6.06005e-01 -9.04953e-05
4.58271e+00 6.57930e-01 -9.85167e-05
4.58271e+00 7.11655e-01 -1.06858e-04
4.58271e+00 7.67127e-01 -1.15505e-04
4.58271e+00 8.24292e-01 -1.24441e-04
4.58271e+00 8.83095e-01 -1.33640e-04
4.58271e+00 9.43478e-01 -1.43070e-04
4.58271e+00 1.00538e+00 -1.52685e-04
4.58271e+00 1.06875e+00 -1.62432e-04
4.58271e+00 1.13351e+00 -1.72241e-04
4.58271e+00 1.19960e+00 -1.82028e-04
4.58271e+00 1.26697e+00 -1.91691e-04
4.58271e+00 1.33555e+00 -2.01112e-04
4.58271e+00 1.40526e+00 -2.10154e-04
4.58271e+00 1.47604e+00 -2.18659e-04
4.58271e+00 1.54782e+00 -2.26457e-04
4.58271e+00 1.62053e+00 -2.33360e-04
4.58271e+00 1.69410e+00 -2.39172e-04
4.58271e+00 1.76846e+00 -2.43691e-04
4.58271e+00 1.84353e+00 -2.46720e-04
4.58271e+00 1.91924e+00 -2.48075e-04
4.58271e+00 1.99553e+00 -2.47592e-04
4.58271e+00 2.07230e+00 -2.45144e-04
4.58271e+00 2.14949e+00 -2.40649e-04
4.58271e+00 2.22703e+00 -2.34079e-04
4.58271e+00 2.30483e+00 -2.25473e-04
4.58271e+00 2.38282e+00 -2.14938e-04
4.58271e+00 2.46093e+00 -2.02655e-04
4.58271e+00 2.53907e+00 -1.88872e-04
4.58271e+00 2.61718e+00 -1.73895e-04
4.58271e+00 2.69517e+00 -1.58080e-04
4.58271e+00 2.77297e+00 -1.41810e-04
4.58271e+00 2.85051e+00 -1.25478e-04
4.58271e+00 2.92770e+00 -1.09461e-04
4.58271e+00 3.00447e+00 -9.41060e-05
4.58271e+00 3.08076e+00 -7.97068e-05
4.58271e+00 3.15647e+00 -6.64933e-05
4.58271e+00 3.23154e+00 -5.46239e-05
4.58271e+00 3.30590e+00 -4.41835e-05
4.58271e+00 3.37947e+00 -3.51885e-05
4.58271e+00 3.45218e+00 -2.75951e-05
4.58271e+00 3.52396e+00 -2.13122e-05
4.58271e+00 3.59474e+00 -1.62144e-05
4.58271e+00 3.66445e+00 -1.21565e-05
4.58271e+00 3.73303e+00 -8.98597e-06
4.58271e+00 3.80040e+00 -6.55268e-06
4.58271e+00 3.86649e+00 -4.71709e-06
4.58271e+00 3.93125e+00 -3.35491e-06
4.58271e+00 3.99462e+00 -2.35959e-06
4.58271e+00 4.05652e+00 -1.64280e-06
4.58271e+00 4.11690e+00 -1.13348e-06
4.58271e+00 4.17571e+00 -7.75992e-07
4.58271e+00 4.23287e+00 -5.27822e-07
4.58271e+00 4.28835e+00 -3.57205e-07
4.58271e+00 4.34207e+00 -2.40876e-07
4.58271e+00 4.39400e+00 -1.62105e-07
4.58271e+00 4.44407e+00 -1.09051e-07
4.58271e+00 4.49224e+00 -7.34565e-08
4.58271e+00 4.53847e+00 -4.96299e-08
4.58271e+00 4.58271e+00 -3.36926e-08
4.58271e+00 4.62491e+00 -2.30239e-08
4.58271e+00 4.66504e+00 -1.58655e-08
4.58271e+00 4.70305e+00 -1.10442e-08
4.58271e+00 4.73890e+00 -7.78018e-09
4.58271e+00 4.77257e+00 -5.55621e-09
4.58271e+00 4.80402e+00 -4.02938e-09
4.58271e+00 4.83322e+00 -2.97224e-09
4.58271e+00 4.86014e+00 -2.23357e-09
4.58271e+00 4.88475e+00 -1.71253e-09
4.58271e+00 4.90703e+00 -1.34157e-09
4.58271e+00 4.92696e+00 -1.07520e-09
4.58271e+00 4.94452e+00 -8.82637e-10
4.58271e+00 4.95969e+00 -7.42955e-10
4.58271e+00 4.97246e+00 -6.41856e-10
4.58271e+00 4.98281e+00 -5.69582e-10
4.58271e+00 4.99074e+00 -5.19522e-10
4.58271e+00 4.99623e+00 -4.87307e-10
4.58271e+00 4.99928e+00 -4.70217e-10
4.62491e+00 7.15683e-04 -7.26006e-08
4.62491e+00 3.77012e-03 -3.82451e-07
4.62491e+00 9.26216e-03 -9.39581e-07
4.62491e+00 1.71877e-02 -1.74359e-06
4.62491e+00 2.75390e-02 -2.79375e-06
4.62491e+00 4.03061e-02 -4.08916e-06
4.62491e+00 5.54766e-02 -5.62874e-06
4.62491e+00 7.30356e-02 -7.41131e-06
4.62491e+00 9.29659e-02 -9.43564e-06
4.62491e+00 1.15248e-01 -1.17005e-05
4.62491e+00 1.39860e-01 -1.42046e-05
4.62491e+00 1.66779e-01 -1.69469e-05
4.62491e+00 1.95977e-01 -1.99263e-05
4.62491e+00 2.27426e-01 -2.31420e-05
4.62491e+00 2.61096e-01 -2.65935e-05
4.62491e+00 2.96953e-01 -3.02801e-05
4.62491e+00 3.34963e-01 -3.42018e-05
4.62491e+00 3.75089e-01 -3.83582e-05
4.62491e+00 4.17290e-01 -4.27493e-05
4.62491e+00 4.61527e-01 -4.73747e-05
4.62491e+00 5.07755e-01 -5.22337e-05
4.62491e+00 5.55930e-01 -5.73249e-05
4.62491e+00 6.06005e-01 -6.26457e-05
4.62491e+00 6.57930e-01 -6.81921e-05
4.62491e+00 7.11655e-01 -7.39578e-05
4.62491e+00 7.67127e-01 -7.99337e-05
4.62491e+00 8.24292e-01 -8.61068e-05
4.62491e+00 8.83095e-01 -9.24594e-05
4.62491e+00 9.43478e-01 -9.89682e-05
4.62491e+00 1.00538e+00 -1.05603e-04
4.62491e+00 1.06875e+00 -1.12324e-04
4.62491e+00 1.13351e+00 -1.19085e-04
4.62491e+00 1.19960e+00 -1.25827e-04
4.62491e+00 1.26697e+00 -1.32480e-04
4.62491e+00 1.33555e+00 -1.38961e-04
4.62491e+00 1.40526e+00 -1.45175e-04
4.62491e+00 1.47604e+00 -1.51015e-04
4.62491e+00 1.54782e+00 -1.56361e-04
4.62491e+00 1.62053e+00 -1.61086e-04
4.62491e+00 1.69410e+00 -1.65055e-04
4.62491e+00 1.76846e+00 -1.68128e-04
4.62491e+00 1.84353e+00 -1.70171e-04
4.62491e+00 1.91924e+00 -1.71057e-04
4.62491e+00 1.99553e+00 -1.70675e-04
4.62491e+00 2.07230e+00 -1.68938e-04
4.62491e+00 2.14949e+00 -1.65792e-04
4.62491e+00 2.22703e+00 -1.61218e-04
4.62491e+00 2.30483e+00 -1.55244e-04
4.62491e+00 2.38282e+00 -1.47947e-04
4.62491e+00 2.46093e+00 -1.39451e-04
4.62491e+00 2.53907e+00 -1.29927e-04
4.62491e+00 2.61718e+00 -1.19589e-04
4.62491e+00 2.69517e+00 -1.08682e-04
4.62491e+00 2.77297e+00 -9.74677e-05
4.62491e+00 2.85051e+00 -8.62174e-05
4.62491e+00 2.92770e+00 -7.51909e-05
4.62491e+00 3.00447e+00 -6.46252e-05
4.62491e+00 3.08076e+00 -5.47219e-05
4.62491e+00 3.15647e+00 -4.56381e-05
4.62491e+00 3.23154e+00 -3.74815e-05
4.62491e+00 3.30590e+00 -3.03098e-05
4.62491e+00 3.37947e+00 -2.41332e-05
4.62491e+00 3.45218e+00 -1.89209e-05
4.62491e+00 3.52396e+00 -1.46094e-05
4.62491e+00 3.59474e+00 -1.11123e-05
4.62491e+00 3.66445e+00 -8.32944e-06
4.62491e+00 3.73303e+00 -6.15567e-06
4.62491e+00 3.80040e+00 -4.48785e-06
4.62491e+00 3.86649e+00 -3.23001e-06
4.62491e+00 3.93125e+00 -2.29681e-06
4.62491e+00 3.99462e+00 -1.61509e-06
4.62491e+00 4.05652e+00 -1.12426e-06
4.62491e+00 4.11690e+00 -7.75565e-07
4.62491e+00 4.17571e+00 -5.30869e-07
4.62491e+00 4.23287e+00 -3.61033e-07
4.62491e+00 4.28835e+00 -2.44292e-07
4.62491e+00 4.34207e+00 -1.64710e-07
4.62491e+00 4.39400e+00 -1.10831e-07
4.62491e+00 4.44407e+00 -7.45479e-08
4.62491e+00 4.49224e+00 -5.02086e-08
4.62491e+00 4.53847e+00 -3.39186e-08
4.62491e+00 4.58271e+00 -2.30239e-08
4.62491e+00 4.62491e+00 -1.57317e-08
4.62491e+00 4.66504e+00 -1.08394e-08
4.62491e+00 4.70305e+00 -7.54470e-09
4.62491e+00 4.73890e+00 -5.31446e-09
4.62491e+00 4.77257e+00 -3.79499e-09
4.62491e+00 4.80402e+00 -2.75192e-09
4.62491e+00 4.83322e+00 -2.02979e-09
4.62491e+00 4.86014e+00 -1.52524e-09
4.62491e+00 4.88475e+00 -1.16937e-09
4.62491e+00 4.90703e+00 -9.16011e-10
4.62491e+00 4.92696e+00 -7.34099e-10
4.62491e+00 4.94452e+00 -6.02603e-10
4.62491e+00 4.95969e+00 -5.07219e-10
4.62491e+00 4.97246e+00 -4.38185e-10
4.62491e+00 4.98281e+00 -3.88835e-10
4.62491e+00 4.99074e+00 -3.54654e-10
4.62491e+00 4.99623e+00 -3.32658e-10
4.62491e+00 4.99928e+00 -3.20989e-10
4.66504e+00 7.15683e-04 -5.06618e-08
4.66504e+00 3.77012e-03 -2.66880e-07
4.66504e+00 9.26216e-03 -6.55653e-07
4.66504e+00 1.71877e-02 -1.21670e-06
4.66504e+00 2.75390e-02 -1.94952e-06
4.66504e+00 4.03061e-02 -2.85347e-06
4.66504e+00 5.54766e-02 -3.92780e-06
4.66504e+00 7.30356e-02 -5.17168e-06
4.66504e+00 9.29659e-02 -6.58425e-06
4.66504e+00 1.15248e-01 -8.16461e-06
4.66504e+00 1.39860e-01 -9.91190e-06
4.66504e+00 1.66779e-01 -1.18253e-05
4.66504e+00 1.95977e-01 -1.39041e-05
4.66504e+00 2.27426e-01 -1.61477e-05
4.66504e+00 2.61096e-01 -1.85555e-05
4.66504e+00 2.96953e-01 -2.11273e-05
4.66504e+00 3.34963e-01 -2.38628e-05
4.66504e+00 3.75089e-01 -2.67617e-05
4.66504e+00 4.17290e-01 -2.98239e-05
4.66504e+00 4.61527e-01 -3.30491e-05
4.66504e+00 5.07755e-01 -3.64365e-05
4.66504e+00 5.55930e-01 -3.99852e-05
4.66504e+00 6.06005e-01 -4.36931e-05
4.66504e+00 6.57930e-01 -4.75574e-05
4.66504e+00 7.11655e-01 -5.15735e-05
4.66504e+00 7.67127e-01 -5.57347e-05
4.66504e+00 8.24292e-01 -6.00319e-05
4.66504e+00 8.83095e-01 -6.44526e-05
4.66504e+00 9.43478e-01 -6.89802e-05
4.66504e+00 1.00538e+00 -7.35935e-05
4.66504e+00 1.06875e+00 -7.82653e-05
4.66504e+00 1.13351e+00 -8.29620e-05
4.66504e+00 1.19960e+00 -8.76428e-05
4.66504e+00 1.26697e+00 -9.22588e-05
4.66504e+00 1.33555e+00 -9.67525e-05
4.66504e+00 1.40526e+00 -1.01058e-04
4.66504e+00 1.47604e+00 -1.05100e-04
4.66504e+00 1.54782e+00 -1.08796e-04
4.66504e+00 1.62053e+00 -1.12057e-04
4.66504e+00 1.69410e+00 -1.14789e-04
4.66504e+00 1.76846e+00 -1.16897e-04
4.66504e+00 1.84353e+00 -1.18287e-04
4.66504e+00 1.91924e+00 -1.18872e-04
4.66504e+00 1.99553e+00 -1.18575e-04
4.66504e+00 2.07230e+00 -1.17337e-04
4.66504e+00 2.14949e+00 -1.15119e-04
4.66504e+00 2.22703e+00 -1.11913e-04
4.66504e+00 2.30483e+00 -1.07736e-04
4.66504e+00 2.38282e+00 -1.02643e-04
4.66504e+00 2.46093e+00 -9.67220e-05
4.66504e+00 2.53907e+00 -9.00917e-05
4.66504e+00 2.61718e+00 -8.29006e-05
4.66504e+00 2.69517e+00 -7.53186e-05
4.66504e+00 2.77297e+00 -6.75289e-05
4.66504e+00 2.85051e+00 -5.97183e-05
4.66504e+00 2.92770e+00 -5.20670e-05
4.66504e+00 3.00447e+00 -4.47390e-05
4.66504e+00 3.08076e+00 -3.78734e-05
4.66504e+00 3.15647e+00 -3.15785e-05
4.66504e+00 3.23154e+00 -2.59283e-05
4.66504e+00 3.30590e+00 -2.09622e-05
4.66504e+00 3.37947e+00 -1.66865e-05
4.66504e+00 3.45218e+00 -1.30795e-05
4.66504e+00 3.52396e+00 -1.00968e-05
4.66504e+00 3.59474e+00 -7.67824e-06
4.66504e+00 3.66445e+00 -5.75416e-06
4.66504e+00 3.73303e+00 -4.25161e-06
4.66504e+00 3.80040e+00 -3.09905e-06
4.66504e+00 3.86649e+00 -2.23004e-06
4.66504e+00 3.93125e+00 -1.58545e-06
4.66504e+00 3.99462e+00 -1.11467e-06
4.66504e+00 4.05652e+00 -7.75781e-07
4.66504e+00 4.11690e+00 -5.35080e-07
4.66504e+00 4.17571e+00 -3.66200e-07
4.66504e+00 4.23287e+00 -2.49007e-07
4.66504e+00 4.28835e+00 -1.68465e-07
4.66504e+00 4.34207e+00 -1.13569e-07
4.66504e+00 4.39400e+00 -7.64083e-08
4.66504e+00 4.44407e+00 -5.13879e-08
4.66504e+00 4.49224e+00 -3.46059e-08
4.66504e+00 4.53847e+00 -2.33754e-08
4.66504e+00 4.58271e+00 -1.58655e-08
4.66504e+00 4.62491e+00 -1.08394e-08
4.66504e+00 4.66504e+00 -7.46776e-09
4.66504e+00 4.70305e+00 -5.19744e-09
4.66504e+00 4.73890e+00 -3.66074e-09
4.66504e+00 4.77257e+00 -2.61388e-09
4.66504e+00 4.80402e+00 -1.89531e-09
4.66504e+00 4.83322e+00 -1.39786e-09
4.66504e+00 4.86014e+00 -1.05033e-09
4.66504e+00 4.88475e+00 -8.05216e-10
4.66504e+00 4.90703e+00 -6.30725e-10
4.66504e+00 4.92696e+00 -5.05445e-10
4.66504e+00 4.94452e+00 -4.14890e-10
4.66504e+00 4.95969e+00 -3.49207e-10
4.66504e+00 4.97246e+00 -3.01670e-10
4.66504e+00 4.98281e+00 -2.67688e-10
4.66504e+00 4.99074e+00 -2.44153e-10
4.66504e+00 4.99623e+00 -2.29007e-10
4.66504e+00 4.99928e+00 -2.20973e-10
4.70305e+00 7.15683e-04 -3.56819e-08
4.70305e+00 3.77012e-03 -1.87968e-07
4.70305e+00 9.26216e-03 -4.61787e-07
4.70305e+00 1.71877e-02 -8.56941e-07
4.70305e+00 2.75390e-02 -1.37308e-06
4.70305e+00 4.03061e-02 -2.00974e-06
4.70305e+00 5.54766e-02 -2.76640e-06
4.70305e+00 7.30356e-02 -3.64247e-06
4.70305e+00 9.29659e-02 -4.63734e-06
4.70305e+00 1.15248e-01 -5.75036e-06
4.70305e+00 1.39860e-01 -6.98093e-06
4.70305e+00 1.66779e-01 -8.32845e-06
4.70305e+00 1.95977e-01 -9.79239e-06
4.70305e+00 2.27426e-01 -1.13723e-05
4.70305e+00 2.61096e-01 -1.30678e-05
4.70305e+00 2.96953e-01 -1.48786e-05
4.70305e+00 3.34963e-01 -1.68045e-05
4.70305e+00 3.75089e-01 -1.88453e-05
4.70305e+00 4.17290e-01 -2.10008e-05
4.70305e+00 4.61527e-01 -2.32707e-05
4.70305e+00 5.07755e-01 -2.56544e-05
4.70305e+00 5.55930e-01 -2.81512e-05
4.70305e+00 6.06005e-01 -3.07595e-05
4.70305e+00 6.57930e-01 -3.34773e-05
4.70305e+00 7.11655e-01 -3.63011e-05
4.70305e+00 7.67127e-01 -3.92262e-05
4.70305e+00 8.24292e-01 -4.22460e-05
4.70305e+00 8.83095e-01 -4.53516e-05
4.70305e+00 9.43478e-01 -4.85312e-05
4.70305e+00 1.00538e+00 -5.17697e-05
4.70305e+00 1.06875e+00 -5.50480e-05
4.70305e+00 1.13351e+00 -5.83422e-05
4.70305e+00 1.19960e+00 -6.16236e-05
4.70305e+00 1.26697e+00 -6.48577e-05
4.70305e+00 1.33555e+00 -6.80040e-05
4.70305e+00 1.40526e+00 -7.10161e-05
4.70305e+00 1.47604e+00 -7.38414e-05
4.70305e+00 1.54782e+00 -7.64221e-05
4.70305e+00 1.62053e+00 -7.86955e-05
4.70305e+00 1.69410e+00 -8.05961e-05
4.70305e+00 1.76846e+00 -8.20570e-05
4.70305e+00 1.84353e+00 -8.30128e-05
4.70305e+00 1.91924e+00 -8.34028e-05
4.70305e+00 1.99553e+00 -8.31738e-05
4.70305e+00 2.07230e+00 -8.22845e-05
4.70305e+00 2.14949e+00 -8.07093e-05
4.70305e+00 2.22703e+00 -7.84409e-05
4.70305e+00 2.30483e+00 -7.54941e-05
4.70305e+00 2.38282e+00 -7.19069e-05
4.70305e+00 2.46093e+00 -6.77412e-05
4.70305e+00 2.53907e+00 -6.30812e-05
4.70305e+00 2.61718e+00 -5.80312e-05
4.70305e+00 2.69517e+00 -5.27103e-05
4.70305e+00 2.77297e+00 -4.72468e-05
4.70305e+00 2.85051e+00 -4.17717e-05
4.70305e+00 2.92770e+00 -3.64108e-05
4.70305e+00 3.00447e+00 -3.12787e-05
4.70305e+00 3.08076e+00 -2.64724e-05
4.70305e+00 3.15647e+00 -2.20672e-05
4.70305e+00 3.23154e+00 -1.81147e-05
4.70305e+00 3.30590e+00 -1.46418e-05
4.70305e+00 3.37947e+00 -1.16527e-05
4.70305e+00 3.45218e+00 -9.13190e-06
4.70305e+00 3.52396e+00 -7.04797e-06
4.70305e+00 3.59474e+00 -5.35861e-06
4.70305e+00 3.66445e+00 -4.01501e-06
4.70305e+00 3.73303e+00 -2.96602e-06
4.70305e+00 3.80040e+00 -2.16157e-06
4.70305e+00 3.86649e+00 -1.55515e-06
4.70305e+00 3.93125e+00 -1.10545e-06
4.70305e+00 3.99462e+00 -7.77069e-07
4.70305e+00 4.05652e+00 -5.40731e-07
4.70305e+00 4.11690e+00 -3.72901e-07
4.70305e+00 4.17571e+00 -2.55169e-07
4.70305e+00 4.23287e+00 -1.73484e-07
4.70305e+00 4.28835e+00 -1.17354e-07
4.70305e+00 4.34207e+00 -7.91022e-08
4.70305e+00 4.39400e+00 -5.32127e-08
4.70305e+00 4.44407e+00 -3.57835e-08
4.70305e+00 4.49224e+00 -2.40948e-08
4.70305e+00 4.53847e+00 -1.62736e-08
4.70305e+00 4.58271e+00 -1.10442e-08
4.70305e+00 4.62491e+00 -7.54470e-09
4.70305e+00 4.66504e+00 -5.19744e-09
4.70305e+00 4.70305e+00 -3.61701e-09
4.70305e+00 4.73890e+00 -2.54739e-09
4.70305e+00 4.77257e+00 -1.81878e-09
4.70305e+00 4.80402e+00 -1.31869e-09
4.70305e+00 4.83322e+00 -9.72521e-10
4.70305e+00 4.86014e+00 -7.30692e-10
4.70305e+00 4.88475e+00 -5.60143e-10
4.70305e+00 4.90703e+00 -4.38739e-10
4.70305e+00 4.92696e+00 -3.51578e-10
4.70305e+00 4.94452e+00 -2.88578e-10
4.70305e+00 4.95969e+00 -2.42884e-10
4.70305e+00 4.97246e+00 -2.09815e-10
4.70305e+00 4.98281e+00 -1.86177e-10
4.70305e+00 4.99074e+00 -1.69805e-10
4.70305e+00 4.99623e+00 -1.59269e-10
4.70305e+00 4.99928e+00 -1.53681e-10
4.73890e+00 7.15683e-04 -2.54111e-08
4.73890e+00 3.77012e-03 -1.33862e-07
4.73890e+00 9.26216e-03 -3.28865e-07
4.73890e+00 1.71877e-02 -6.10277e-07
4.73890e+00 2.75390e-02 -9.77845e-07
4.73890e+00 4.03061e-02 -1.43125e-06
4.73890e+00 5.54766e-02 -1.97010e-06
4.73890e+00 7.30356e-02 -2.59400e-06
4.73890e+00 9.29659e-02 -3.30248e-06
4.73890e+00 1.15248e-01 -4.09510e-06
4.73890e+00 1.39860e-01 -4.97140e-06
4.73890e+00 1.66779e-01 -5.93097e-06
4.73890e+00 1.95977e-01 -6.97341e-06
4.73890e+00 2.27426e-01 -8.09837e-06
4.73890e+00 2.61096e-01 -9.30559e-06
4.73890e+00 2.96953e-01 -1.05948e-05
4.73890e+00 3.34963e-01 -1.19659e-05
4.73890e+00 3.75089e-01 -1.34186e-05
4.73890e+00 4.17290e-01 -1.49528e-05
4.73890e+00 4.61527e-01 -1.65682e-05
4.73890e+00 5.07755e-01 -1.82645e-05
4.73890e+00 5.55930e-01 -2.00409e-05
4.73890e+00 6.06005e-01 -2.18963e-05
4.73890e+00 6.57930e-01 -2.38292e-05
4.73890e+00 7.11655e-01 -2.58370e-05
4.73890e+00 7.67127e-01 -2.79164e-05
4.73890e+00 8.24292e-01 -3.00626e-05
4.73890e+00 8.83095e-01 -3.22690e-05
4.73890e+00 9.43478e-01 -3.45274e-05
4.73890e+00 1.00538e+00 -3.68267e-05
4.73890e+00 1.06875e+00 -3.91534e-05
4.73890e+00 1.13351e+00 -4.14904e-05
4.73890e+00 1.19960e+00 -4.38172e-05
4.73890e+00 1.26697e+00 -4.61092e-05
4.73890e+00 1.33555e+00 -4.83377e-05
4.73890e+00 1.40526e+00 -5.04696e-05
4.73890e+00 1.47604e+00 -5.24677e-05
4.73890e+00 1.54782e+00 -5.42907e-05
4.73890e+00 1.62053e+00 -5.58944e-05
4.73890e+00 1.69410e+00 -5.72323e-05
4.73890e+00 1.76846e+00 -5.82571e-05
4.73890e+00 1.84353e+00 -5.89228e-05
4.73890e+00 1.91924e+00 -5.91862e-05
4.73890e+00 1.99553e+00 -5.90101e-05
4.73890e+00 2.07230e+00 -5.83657e-05
4.73890e+00 2.14949e+00 -5.72348e-05
4.73890e+00 2.22703e+00 -5.56130e-05
4.73890e+00 2.30483e+00 -5.35110e-05
4.73890e+00 2.38282e+00 -5.09562e-05
4.73890e+00 2.46093e+00 -4.79927e-05
4.73890e+00 2.53907e+00 -4.46805e-05
4.73890e+00 2.61718e+00 -4.10938e-05
4.73890e+00 2.69517e+00 -3.73171e-05
4.73890e+00 2.77297e+00 -3.34413e-05
4.73890e+00 2.85051e+00 -2.95591e-05
4.73890e+00 2.92770e+00 -2.57597e-05
4.73890e+00 3.00447e+00 -2.21238e-05
4.73890e+00 3.08076e+00 -1.87201e-05
4.73890e+00 3.15647e+00 -1.56016e-05
4.73890e+00 3.23154e+00 -1.28044e-05
4.73890e+00 3.30590e+00 -1.03474e-05
4.73890e+00 3.37947e+00 -8.23333e-06
4.73890e+00 3.45218e+00 -6.45091e-06
4.73890e+00 3.52396e+00 -4.97782e-06
4.73890e+00 3.59474e+00 -3.78395e-06
4.73890e+00 3.66445e+00 -2.83465e-06
4.73890e+00 3.73303e+00 -2.09367e-06
4.73890e+00 3.80040e+00 -1.52556e-06
4.73890e+00 3.86649e+00 -1.09739e-06
4.73890e+00 3.93125e+00 -7.79926e-07
4.73890e+00 3.99462e+00 -5.48159e-07
4.73890e+00 4.05652e+00 -3.81385e-07
4.73890e+00 4.11690e+00 -2.62974e-07
4.73890e+00 4.17571e+00 -1.79923e-07
4.73890e+00 4.23287e+00 -1.22309e-07
4.73890e+00 4.28835e+00 -8.27254e-08
4.73890e+00 4.34207e+00 -5.57542e-08
4.73890e+00 4.39400e+00 -3.75019e-08
4.73890e+00 4.44407e+00 -2.52157e-08
4.73890e+00 4.49224e+00 -1.69772e-08
4.73890e+00 4.53847e+00 -1.14652e-08
4.73890e+00 4.58271e+00 -7.78018e-09
4.73890e+00 4.62491e+00 -5.31446e-09
4.73890e+00 4.66504e+00 -3.66074e-09
4.73890e+00 4.70305e+00 -2.54739e-09
4.73890e+00 4.73890e+00 -1.79393e-09
4.73890e+00 4.77257e+00 -1.28074e-09
4.73890e+00 4.80402e+00 -9.28529e-10
4.73890e+00 4.83322e+00 -6.84740e-10
4.73890e+00 4.86014e+00 -5.14443e-10
4.73890e+00 4.88475e+00 -3.94349e-10
4.73890e+00 4.90703e+00 -3.08864e-10
4.73890e+00 4.92696e+00 -2.47495e-10
4.73890e+00 4.94452e+00 -2.03139e-10
4.73890e+00 4.95969e+00 -1.70968e-10
4.73890e+00 4.97246e+00 -1.47687e-10
4.73890e+00 4.98281e+00 -1.31045e-10
4.73890e+00 4.99074e+00 -1.19520e-10
4.73890e+00 4.99623e+00 -1.12103e-10
4.73890e+00 4.99928e+00 -1.08169e-10
4.77257e+00 7.15683e-04 -1.83305e-08
4.77257e+00 3.77012e-03 -9.65629e-08
4.77257e+00 9.26216e-03 -2.37230e-07
4.77257e+00 1.71877e-02 -4.40229e-07
4.77257e+00 2.75390e-02 -7.05377e-07
4.77257e+00 4.03061e-02 -1.03244e-06
4.77257e+00 5.54766e-02 -1.42115e-06
4.77257e+00 7.30356e-02 -1.87119e-06
4.77257e+00 9.29659e-02 -2.38225e-06
4.77257e+00 1.15248e-01 -2.95400e-06
4.77257e+00 1.39860e-01 -3.58609e-06
4.77257e+00 1.66779e-01 -4.27823e-06
4.77257e+00 1.95977e-01 -5.03012e-06
4.77257e+00 2.27426e-01 -5.84151e-06
4.77257e+00 2.61096e-01 -6.71218e-06
4.77257e+00 2.96953e-01 -7.64195e-06
4.77257e+00 3.34963e-01 -8.63066e-06
4.77257e+00 3.75089e-01 -9.67817e-06
4.77257e+00 4.17290e-01 -1.07843e-05
4.77257e+00 4.61527e-01 -1.19489e-05
4.77257e+00 5.07755e-01 -1.31716e-05
4.77257e+00 5.55930e-01 -1.44519e-05
4.77257e+00 6.06005e-01 -1.57890e-05
4.77257e+00 6.57930e-01 -1.71815e-05
4.77257e+00 7.11655e-01 -1.86279e-05
4.77257e+00 7.67127e-01 -2.01254e-05
4.77257e+00 8.24292e-01 -2.16706e-05
4.77257e+00 8.83095e-01 -2.32588e-05
4.77257e+00 9.43478e-01 -2.48839e-05
4.77257e+00 1.00538e+00 -2.65379e-05
4.77257e+00 1.06875e+00 -2.82110e-05
4.77257e+00 1.13351e+00 -2.98909e-05
4.77257e+00 1.19960e+00 -3.15627e-05
4.77257e+00 1.26697e+00 -3.32087e-05
4.77257e+00 1.33555e+00 -3.48082e-05
4.77257e+00 1.40526e+00 -3.63374e-05
4.77257e+00 1.47604e+00 -3.77694e-05
4.77257e+00 1.54782e+00 -3.90746e-05
4.77257e+00 1.62053e+00 -4.02213e-05
4.77257e+00 1.69410e+00 -4.11761e-05
4.77257e+00 1.76846e+00 -4.19052e-05
4.77257e+00 1.84353e+00 -4.23753e-05
4.77257e+00 1.91924e+00 -4.25559e-05
4.77257e+00 1.99553e+00 -4.24204e-05
4.77257e+00 2.07230e+00 -4.19481e-05
4.77257e+00 2.14949e+00 -4.11264e-05
4.77257e+00 2.22703e+00 -3.99523e-05
4.77257e+00 2.30483e+00 -3.84338e-05
4.77257e+00 2.38282e+00 -3.65907e-05
4.77257e+00 2.46093e+00 -3.44550e-05
4.77257e+00 2.53907e+00 -3.20701e-05
4.77257e+00 2.61718e+00 -2.94891e-05
4.77257e+00 2.69517e+00 -2.67731e-05
4.77257e+00 2.77297e+00 -2.39872e-05
4.77257e+00 2.85051e+00 -2.11980e-05
4.77257e+00 2.92770e+00 -1.84693e-05
4.77257e+00 3.00447e+00 -1.58592e-05
4.77257e+00 3.08076e+00 -1.34165e-05
4.77257e+00 3.15647e+00 -1.11792e-05
4.77257e+00 3.23154e+00 -9.17306e-06
4.77257e+00 3.30590e+00 -7.41144e-06
4.77257e+00 3.37947e+00 -5.89609e-06
4.77257e+00 3.45218e+00 -4.61880e-06
4.77257e+00 3.52396e+00 -3.56343e-06
4.77257e+00 3.59474e+00 -2.70831e-06
4.77257e+00 3.66445e+00 -2.02851e-06
4.77257e+00 3.73303e+00 -1.49801e-06
4.77257e+00 3.80040e+00 -1.09135e-06
4.77257e+00 3.86649e+00 -7.84924e-07
4.77257e+00 3.93125e+00 -5.57771e-07
4.77257e+00 3.99462e+00 -3.91963e-07
4.77257e+00 4.05652e+00 -2.72672e-07
4.77257e+00 4.11690e+00 -1.87988e-07
4.77257e+00 4.17571e+00 -1.28602e-07
4.77257e+00 4.23287e+00 -8.74107e-08
4.77257e+00 4.28835e+00 -5.91145e-08
4.77257e+00 4.34207e+00 -3.98367e-08
4.77257e+00 4.39400e+00 -2.67923e-08
4.77257e+00 4.44407e+00 -1.80129e-08
4.77257e+00 4.49224e+00 -1.21265e-08
4.77257e+00 4.53847e+00 -8.18862e-09
4.77257e+00 4.58271e+00 -5.55621e-09
4.77257e+00 4.62491e+00 -3.79499e-09
4.77257e+00 4.66504e+00 -2.61388e-09
4.77257e+00 4.70305e+00 -1.81878e-09
4.77257e+00 4.73890e+00 -1.28074e-09
4.77257e+00 4.77257e+00 -9.14295e-10
4.77257e+00 4.80402e+00 -6.62819e-10
4.77257e+00 4.83322e+00 -4.88766e-10
4.77257e+00 4.86014e+00 -3.67189e-10
4.77257e+00 4.88475e+00 -2.81458e-10
4.77257e+00 4.90703e+00 -2.20436e-10
4.77257e+00 4.92696e+00 -1.76630e-10
4.77257e+00 4.94452e+00 -1.44970e-10
4.77257e+00 4.95969e+00 -1.22008e-10
4.77257e+00 4.97246e+00 -1.05391e-10
4.77257e+00 4.98281e+00 -9.35136e-11
4.77257e+00 4.99074e+00 -8.52877e-11
4.77257e+00 4.99623e+00 -7.99944e-11
4.77257e+00 4.99928e+00 -7.71866e-11
4.80402e+00 7.15683e-04 -1.34169e-08
4.80402e+00 3.77012e-03 -7.06784e-08
4.80402e+00 9.26216e-03 -1.73638e-07
4.80402e+00 1.71877e-02 -3.22221e-07
4.80402e+00 2.75390e-02 -5.16294e-07
4.80402e+00 4.03061e-02 -7.55685e-07
4.80402e+00 5.54766e-02 -1.04019e-06
4.80402e+00 7.30356e-02 -1.36960e-06
4.80402e+00 9.29659e-02 -1.74365e-06
4.80402e+00 1.15248e-01 -2.16212e-06
4.80402e+00 1.39860e-01 -2.62476e-06
4.80402e+00 1.66779e-01 -3.13133e-06
4.80402e+00 1.95977e-01 -3.68161e-06
4.80402e+00 2.27426e-01 -4.27542e-06
4.80402e+00 2.61096e-01 -4.91259e-06
4.80402e+00 2.96953e-01 -5.59297e-06
4.80402e+00 3.34963e-01 -6.31643e-06
4.80402e+00 3.75089e-01 -7.08287e-06
4.80402e+00 4.17290e-01 -7.89215e-06
4.80402e+00 4.61527e-01 -8.74409e-06
4.80402e+00 5.07755e-01 -9.63843e-06
4.80402e+00 5.55930e-01 -1.05748e-05
4.80402e+00 6.06005e-01 -1.15525e-05
4.80402e+00 6.57930e-01 -1.25706e-05
4.80402e+00 7.11655e-01 -1.36279e-05
4.80402e+00 7.67127e-01 -1.47223e-05
4.80402e+00 8.24292e-01 -1.58513e-05
4.80402e+00 8.83095e-01 -1.70115e-05
4.80402e+00 9.43478e-01 -1.81983e-05
4.80402e+00 1.00538e+00 -1.94059e-05
4.80402e+00 1.06875e+00 -2.06270e-05
4.80402e+00 1.13351e+00 -2.18526e-05
4.80402e+00 1.19960e+00 -2.30718e-05
4.80402e+00 1.26697e+00 -2.42717e-05
4.80402e+00 1.33555e+00 -2.54370e-05
4.80402e+00 1.40526e+00 -2.65504e-05
4.80402e+00 1.47604e+00 -2.75924e-05
4.80402e+00 1.54782e+00 -2.85412e-05
4.80402e+00 1.62053e+00 -2.93737e-05
4.80402e+00 1.69410e+00 -3.00657e-05
4.80402e+00 1.76846e+00 -3.05925e-05
4.80402e+00 1.84353e+00 -3.09299e-05
4.80402e+00 1.91924e+00 -3.10558e-05
4.80402e+00 1.99553e+00 -3.09509e-05
4.80402e+00 2.07230e+00 -3.06003e-05
4.80402e+00 2.14949e+00 -2.99949e-05
4.80402e+00 2.22703e+00 -2.91327e-05
4.80402e+00 2.30483e+00 -2.80197e-05
4.80402e+00 2.38282e+00 -2.66706e-05
4.80402e+00 2.46093e+00 -2.51088e-05
4.80402e+00 2.53907e+00 -2.33661e-05
4.80402e+00 2.61718e+00 -2.14813e-05
4.80402e+00 2.69517e+00 -1.94988e-05
4.80402e+00 2.77297e+00 -1.74664e-05
4.80402e+00 2.85051e+00 -1.54323e-05
4.80402e+00 2.92770e+00 -1.34432e-05
4.80402e+00 3.00447e+00 -1.15411e-05
4.80402e+00 3.08076e+00 -9.76165e-06
4.80402e+00 3.15647e+00 -8.13232e-06
4.80402e+00 3.23154e+00 -6.67174e-06
4.80402e+00 3.30590e+00 -5.38951e-06
4.80402e+00 3.37947e+00 -4.28681e-06
4.80402e+00 3.45218e+00 -3.35757e-06
4.80402e+00 3.52396e+00 -2.58995e-06
4.80402e+00 3.59474e+00 -1.96811e-06
4.80402e+00 3.66445e+00 -1.47388e-06
4.80402e+00 3.73303e+00 -1.08826e-06
4.80402e+00 3.80040e+00 -7.92713e-07
4.80402e+00 3.86649e+00 -5.70055e-07
4.80402e+00 3.93125e+00 -4.05027e-07
4.80402e+00 3.99462e+00 -2.84587e-07
4.80402e+00 4.05652e+00 -1.97949e-07
4.80402e+00 4.11690e+00 -1.36455e-07
4.80402e+00 4.17571e+00 -9.33368e-08
4.80402e+00 4.23287e+00 -6.34337e-08
4.80402e+00 4.28835e+00 -4.28944e-08
4.80402e+00 4.34207e+00 -2.89030e-08
4.80402e+00 4.39400e+00 -1.94369e-08
4.80402e+00 4.44407e+00 -1.30665e-08
4.80402e+00 4.49224e+00 -8.79565e-09
4.80402e+00 4.53847e+00 -5.93891e-09
4.80402e+00 4.58271e+00 -4.02938e-09
4.80402e+00 4.62491e+00 -2.75192e-09
4.80402e+00 4.66504e+00 -1.89531e-09
4.80402e+00 4.70305e+00 -1.31869e-09
4.80402e+00 4.73890e+00 -9.28529e-10
4.80402e+00 4.77257e+00 -6.62819e-10
4.80402e+00 4.80402e+00 -4.80484e-10
4.80402e+00 4.83322e+00 -3.54293e-10
4.80402e+00 4.86014e+00 -2.66153e-10
4.80402e+00 4.88475e+00 -2.04003e-10
4.80402e+00 4.90703e+00 -1.59767e-10
4.80402e+00 4.92696e+00 -1.28013e-10
4.80402e+00 4.94452e+00 -1.05064e-10
4.80402e+00 4.95969e+00 -8.84206e-11
4.80402e+00 4.97246e+00 -7.63765e-11
4.80402e+00 4.98281e+00 -6.77678e-11
4.80402e+00 4.99074e+00 -6.18058e-11
4.80402e+00 4.99623e+00 -5.79693e-11
4.80402e+00 4.99928e+00 -5.59343e-11
4.83322e+00 7.15683e-04 -9.98103e-09
4.83322e+00 3.77012e-03 -5.25788e-08
4.83322e+00 9.26216e-03 -1.29172e-07
4.83322e+00 1.71877e-02 -2.39706e-07
4.83322e+00 2.75390e-02 -3.84079e-07
4.83322e+00 4.03061e-02 -5.62165e-07
4.83322e+00 5.54766e-02 -7.73814e-07
4.83322e+00 7.30356e-02 -1.01886e-06
4.83322e+00 9.29659e-02 -1.29712e-06
4.83322e+00 1.15248e-01 -1.60842e-06
4.83322e+00 1.39860e-01 -1.95256e-06
4.83322e+00 1.66779e-01 -2.32939e-06
4.83322e+00 1.95977e-01 -2.73872e-06
4.83322e+00 2.27426e-01 -3.18041e-06
4.83322e+00 2.61096e-01 -3.65433e-06
4.83322e+00 2.96953e-01 -4.16037e-06
4.83322e+00 3.34963e-01 -4.69842e-06
4.83322e+00 3.75089e-01 -5.26840e-06
4.83322e+00 4.17290e-01 -5.87019e-06
4.83322e+00 4.61527e-01 -6.50364e-06
4.83322e+00 5.07755e-01 -7.16855e-06
4.83322e+00 5.55930e-01 -7.86459e-06
4.83322e+00 6.06005e-01 -8.59129e-06
4.83322e+00 6.57930e-01 -9.34793e-06
4.83322e+00 7.11655e-01 -1.01335e-05
4.83322e+00 7.67127e-01 -1.09465e-05
4.83322e+00 8.24292e-01 -1.17851e-05
4.83322e+00 8.83095e-01 -1.26467e-05
4.83322e+00 9.43478e-01 -1.35277e-05
4.83322e+00 1.00538e+00 -1.44240e-05
4.83322e+00 1.06875e+00 -1.53300e-05
4.83322e+00 1.13351e+00 -1.62390e-05
4.83322e+00 1.19960e+00 -1.71430e-05
4.83322e+00 1.26697e+00 -1.80323e-05
4.83322e+00 1.33555e+00 -1.88956e-05
4.83322e+00 1.40526e+00 -1.97199e-05
4.83322e+00 1.47604e+00 -2.04908e-05
4.83322e+00 1.54782e+00 -2.11923e-05
4.83322e+00 1.62053e+00 -2.18071e-05
4.83322e+00 1.69410e+00 -2.23172e-05
4.83322e+00 1.76846e+00 -2.27044e-05
4.83322e+00 1.84353e+00 -2.29509e-05
4.83322e+00 1.91924e+00 -2.30404e-05
4.83322e+00 1.99553e+00 -2.29584e-05
4.83322e+00 2.07230e+00 -2.26943e-05
4.83322e+00 2.14949e+00 -2.22412e-05
4.83322e+00 2.22703e+00 -2.15979e-05
4.83322e+00 2.30483e+00 -2.07689e-05
4.83322e+00 2.38282e+00 -1.97653e-05
4.83322e+00 2.46093e+00 -1.86044e-05
4.83322e+00 2.53907e+00 -1.73098e-05
4.83322e+00 2.61718e+00 -1.59106e-05
4.83322e+00 2.69517e+00 -1.44396e-05
4.83322e+00 2.77297e+00 -1.29321e-05
4.83322e+00 2.85051e+00 -1.14240e-05
4.83322e+00 2.92770e+00 -9.94976e-06
4.83322e+00 3.00447e+00 -8.54045e-06
4.83322e+00 3.08076e+00 -7.22238e-06
4.83322e+00 3.15647e+00 -6.01585e-06
4.83322e+00 3.23154e+00 -4.93456e-06
4.83322e+00 3.30590e+00 -3.98553e-06
4.83322e+00 3.37947e+00 -3.16958e-06
4.83322e+00 3.45218e+00 -2.48213e-06
4.83322e+00 3.52396e+00 -1.91436e-06
4.83322e+00 3.59474e+00 -1.45451e-06
4.83322e+00 3.66445e+00 -1.08909e-06
4.83322e+00 3.73303e+00 -8.04032e-07
4.83322e+00 3.80040e+00 -5.85596e-07
4.83322e+00 3.86649e+00 -4.21057e-07
4.83322e+00 3.93125e+00 -2.99125e-07
4.83322e+00 3.99462e+00 -2.10150e-07
4.83322e+00 4.05652e+00 -1.46156e-07
4.83322e+00 4.11690e+00 -1.00740e-07
4.83322e+00 4.17571e+00 -6.88996e-08
4.83322e+00 4.23287e+00 -4.68206e-08
4.83322e+00 4.28835e+00 -3.16573e-08
4.83322e+00 4.34207e+00 -2.13292e-08
4.83322e+00 4.39400e+00 -1.43422e-08
4.83322e+00 4.44407e+00 -9.64071e-09
4.83322e+00 4.49224e+00 -6.48906e-09
4.83322e+00 4.53847e+00 -4.38112e-09
4.83322e+00 4.58271e+00 -2.97224e-09
4.83322e+00 4.62491e+00 -2.02979e-09
4.83322e+00 4.66504e+00 -1.39786e-09
4.83322e+00 4.70305e+00 -9.72521e-10
4.83322e+00 4.73890e+00 -6.84740e-10
4.83322e+00 4.77257e+00 -4.88766e-10
4.83322e+00 4.80402e+00 -3.54293e-10
4.83322e+00 4.83322e+00 -2.61232e-10
4.83322e+00 4.86014e+00 -1.96234e-10
4.83322e+00 4.88475e+00 -1.50405e-10
4.83322e+00 4.90703e+00 -1.17787e-10
4.83322e+00 4.92696e+00 -9.43738e-11
4.83322e+00 4.94452e+00 -7.74532e-11
4.83322e+00 4.95969e+00 -6.51820e-11
4.83322e+00 4.97246e+00 -5.63022e-11
4.83322e+00 4.98281e+00 -4.99553e-11
4.83322e+00 4.99074e+00 -4.55598e-11
4.83322e+00 4.99623e+00 -4.27314e-11
4.83322e+00 4.99928e+00 -4.12312e-11
4.86014e+00 7.15683e-04 -7.55860e-09
4.86014e+00 3.77012e-03 -3.98177e-08
4.86014e+00 9.26216e-03 -9.78217e-08
4.86014e+00 1.71877e-02 -1.81528e-07
4.86014e+00 2.75390e-02 -2.90862e-07
4.86014e+00 4.03061e-02 -4.25725e-07
4.86014e+00 5.54766e-02 -5.86006e-07
4.86014e+00 7.30356e-02 -7.71575e-07
4.86014e+00 9.29659e-02 -9.82299e-07
4.86014e+00 1.15248e-01 -1.21804e-06
4.86014e+00 1.39860e-01 -1.47865e-06
4.86014e+00 1.66779e-01 -1.76400e-06
4.86014e+00 1.95977e-01 -2.07396e-06
4.86014e+00 2.27426e-01 -2.40841e-06
4.86014e+00 2.61096e-01 -2.76726e-06
4.86014e+00 2.96953e-01 -3.15041e-06
4.86014e+00 3.34963e-01 -3.55778e-06
4.86014e+00 3.75089e-01 -3.98929e-06
4.86014e+00 4.17290e-01 -4.44485e-06
4.86014e+00 4.61527e-01 -4.92434e-06
4.86014e+00 5.07755e-01 -5.42759e-06
4.86014e+00 5.55930e-01 -5.95436e-06
4.86014e+00 6.06005e-01 -6.50425e-06
4.86014e+00 6.57930e-01 -7.07673e-06
4.86014e+00 7.11655e-01 -7.67099e-06
4.86014e+00 7.67127e-01 -8.28595e-06
4.86014e+00 8.24292e-01 -8.92010e-06
4.86014e+00 8.83095e-01 -9.57145e-06
4.86014e+00 9.43478e-01 -1.02374e-05
4.86014e+00 1.00538e+00 -1.09147e-05
4.86014e+00 1.06875e+00 -1.15992e-05
4.86014e+00 1.13351e+00 -1.22858e-05
4.86014e+00 1.19960e+00 -1.29683e-05
4.86014e+00 1.26697e+00 -1.36395e-05
4.86014e+00 1.33555e+00 -1.42908e-05
4.86014e+00 1.40526e+00 -1.49124e-05
4.86014e+00 1.47604e+00 -1.54933e-05
4.86014e+00 1.54782e+00 -1.60215e-05
4.86014e+00 1.62053e+00 -1.64839e-05
4.86014e+00 1.69410e+00 -1.68670e-05
4.86014e+00 1.76846e+00 -1.71571e-05
4.86014e+00 1.84353e+00 -1.73407e-05
4.86014e+00 1.91924e+00 -1.74055e-05
4.86014e+00 1.99553e+00 -1.73408e-05
4.86014e+00 2.07230e+00 -1.71385e-05
4.86014e+00 2.14949e+00 -1.67936e-05
4.86014e+00 2.22703e+00 -1.63051e-05
4.86014e+00 2.30483e+00 -1.56766e-05
4.86014e+00 2.38282e+00 -1.49165e-05
4.86014e+00 2.46093e+00 -1.40380e-05
4.86014e+00 2.53907e+00 -1.30590e-05
4.86014e+00 2.61718e+00 -1.20014e-05
4.86014e+00 2.69517e+00 -1.08899e-05
4.86014e+00 2.77297e+00 -9.75141e-06
4.86014e+00 2.85051e+00 -8.61282e-06
4.86014e+00 2.92770e+00 -7.50011e-06
4.86014e+00 3.00447e+00 -6.43674e-06
4.86014e+00 3.08076e+00 -5.44247e-06
4.86014e+00 3.15647e+00 -4.53257e-06
4.86014e+00 3.23154e+00 -3.71731e-06
4.86014e+00 3.30590e+00 -3.00194e-06
4.86014e+00 3.37947e+00 -2.38701e-06
4.86014e+00 3.45218e+00 -1.86901e-06
4.86014e+00 3.52396e+00 -1.44129e-06
4.86014e+00 3.59474e+00 -1.09493e-06
4.86014e+00 3.66445e+00 -8.19738e-07
4.86014e+00 3.73303e+00 -6.05101e-07
4.86014e+00 3.80040e+00 -4.40654e-07
4.86014e+00 3.86649e+00 -3.16802e-07
4.86014e+00 3.93125e+00 -2.25034e-07
4.86014e+00 3.99462e+00 -1.58080e-07
4.86014e+00 4.05652e+00 -1.09930e-07
4.86014e+00 4.11690e+00 -7.57624e-08
4.86014e+00 4.17571e+00 -5.18114e-08
4.86014e+00 4.23287e+00 -3.52049e-08
4.86014e+00 4.28835e+00 -2.38012e-08
4.86014e+00 4.34207e+00 -1.60347e-08
4.86014e+00 4.39400e+00 -1.07812e-08
4.86014e+00 4.44407e+00 -7.24640e-09
4.86014e+00 4.49224e+00 -4.87709e-09
4.86014e+00 4.53847e+00 -3.29255e-09
4.86014e+00 4.58271e+00 -2.23357e-09
4.86014e+00 4.62491e+00 -1.52524e-09
4.86014e+00 4.66504e+00 -1.05033e-09
4.86014e+00 4.70305e+00 -7.30692e-10
4.86014e+00 4.73890e+00 -5.14443e-10
4.86014e+00 4.77257e+00 -3.67189e-10
4.86014e+00 4.80402e+00 -2.66153e-10
4.86014e+00 4.83322e+00 -1.96234e-10
4.86014e+00 4.86014e+00 -1.47403e-10
4.86014e+00 4.88475e+00 -1.12974e-10
4.86014e+00 4.90703e+00 -8.84709e-11
4.86014e+00 4.92696e+00 -7.08828e-11
4.86014e+00 4.94452e+00 -5.81725e-11
4.86014e+00 4.95969e+00 -4.89549e-11
4.86014e+00 4.97246e+00 -4.22850e-11
4.86014e+00 4.98281e+00 -3.75176e-11
4.86014e+00 4.99074e+00 -3.42161e-11
4.86014e+00 4.99623e+00 -3.20917e-11
4.86014e+00 4.99928e+00 -3.09649e-11
4.88475e+00 7.15683e-04 -5.83590e-09
4.88475e+00 3.77012e-03 -3.07428e-08
4.88475e+00 9.26216e-03 -7.55269e-08
4.88475e+00 1.71877e-02 -1.40156e-07
4.88475e+00 2.75390e-02 -2.24571e-07
4.88475e+00 4.03061e-02 -3.28697e-07
4.88475e+00 5.54766e-02 -4.52447e-07
4.88475e+00 7.30356e-02 -5.95722e-07
4.88475e+00 9.29659e-02 -7.58417e-07
4.88475e+00 1.15248e-01 -9.40422e-07
4.88475e+00 1.39860e-01 -1.14163e-06
4.88475e+00 1.66779e-01 -1.36193e-06
4.88475e+00 1.95977e-01 -1.60123e-06
4.88475e+00 2.27426e-01 -1.85944e-06
4.88475e+00 2.61096e-01 -2.13646e-06
4.88475e+00 2.96953e-01 -2.43224e-06
4.88475e+00 3.34963e-01 -2.74669e-06
4.88475e+00 3.75089e-01 -3.07977e-06
4.88475e+00 4.17290e-01 -3.43138e-06
4.88475e+00 4.61527e-01 -3.80144e-06
4.88475e+00 5.07755e-01 -4.18980e-06
4.88475e+00 5.55930e-01 -4.59627e-06
4.88475e+00 6.06005e-01 -5.02053e-06
4.88475e+00 6.57930e-01 -5.46217e-06
4.88475e+00 7.11655e-01 -5.92055e-06
4.88475e+00 7.67127e-01 -6.39482e-06
4.88475e+00 8.24292e-01 -6.88381e-06
4.88475e+00 8.83095e-01 -7.38597e-06
4.88475e+00 9.43478e-01 -7.89931e-06
4.88475e+00 1.00538e+00 -8.42126e-06
4.88475e+00 1.06875e+00 -8.94861e-06
4.88475e+00 1.13351e+00 -9.47744e-06
4.88475e+00 1.19960e+00 -1.00030e-05
4.88475e+00 1.26697e+00 -1.05196e-05
4.88475e+00 1.33555e+00 -1.10207e-05
4.88475e+00 1.40526e+00 -1.14988e-05
4.88475e+00 1.47604e+00 -1.19453e-05
4.88475e+00 1.54782e+00 -1.23510e-05
4.88475e+00 1.62053e+00 -1.27059e-05
4.88475e+00 1.69410e+00 -1.29995e-05
4.88475e+00 1.76846e+00 -1.32212e-05
4.88475e+00 1.84353e+00 -1.33609e-05
4.88475e+00 1.91924e+00 -1.34089e-05
4.88475e+00 1.99553e+00 -1.33571e-05
4.88475e+00 2.07230e+00 -1.31993e-05
4.88475e+00 2.14949e+00 -1.29317e-05
4.88475e+00 2.22703e+00 -1.25537e-05
4.88475e+00 2.30483e+00 -1.20680e-05
4.88475e+00 2.38282e+00 -1.14811e-05
4.88475e+00 2.46093e+00 -1.08032e-05
4.88475e+00 2.53907e+00 -1.00483e-05
4.88475e+00 2.61718e+00 -9.23304e-06
4.88475e+00 2.69517e+00 -8.37671e-06
4.88475e+00 2.77297e+00 -7.49980e-06
4.88475e+00 2.85051e+00 -6.62312e-06
4.88475e+00 2.92770e+00 -5.76662e-06
4.88475e+00 3.00447e+00 -4.94829e-06
4.88475e+00 3.08076e+00 -4.18334e-06
4.88475e+00 3.15647e+00 -3.48345e-06
4.88475e+00 3.23154e+00 -2.85650e-06
4.88475e+00 3.30590e+00 -2.30647e-06
4.88475e+00 3.37947e+00 -1.83375e-06
4.88475e+00 3.45218e+00 -1.43563e-06
4.88475e+00 3.52396e+00 -1.10695e-06
4.88475e+00 3.59474e+00 -8.40828e-07
4.88475e+00 3.66445e+00 -6.29426e-07
4.88475e+00 3.73303e+00 -4.64564e-07
4.88475e+00 3.80040e+00 -3.38272e-07
4.88475e+00 3.86649e+00 -2.43169e-07
4.88475e+00 3.93125e+00 -1.72712e-07
4.88475e+00 3.99462e+00 -1.21312e-07
4.88475e+00 4.05652e+00 -8.43530e-08
4.88475e+00 4.11690e+00 -5.81297e-08
4.88475e+00 4.17571e+00 -3.97493e-08
4.88475e+00 4.23287e+00 -2.70065e-08
4.88475e+00 4.28835e+00 -1.82569e-08
4.88475e+00 4.34207e+00 -1.22985e-08
4.88475e+00 4.39400e+00 -8.26846e-09
4.88475e+00 4.44407e+00 -5.55711e-09
4.88475e+00 4.49224e+00 -3.73988e-09
4.88475e+00 4.53847e+00 -2.52464e-09
4.88475e+00 4.58271e+00 -1.71253e-09
4.88475e+00 4.62491e+00 -1.16937e-09
4.88475e+00 4.66504e+00 -8.05216e-10
4.88475e+00 4.70305e+00 -5.60143e-10
4.88475e+00 4.73890e+00 -3.94349e-10
4.88475e+00 4.77257e+00 -2.81458e-10
4.88475e+00 4.80402e+00 -2.04003e-10
4.88475e+00 4.83322e+00 -1.50405e-10
4.88475e+00 4.86014e+00 -1.12974e-10
4.88475e+00 4.88475e+00 -8.65835e-11
4.88475e+00 4.90703e+00 -6.78023e-11
4.88475e+00 4.92696e+00 -5.43217e-11
4.88475e+00 4.94452e+00 -4.45800e-11
4.88475e+00 4.95969e+00 -3.75154e-11
4.88475e+00 4.97246e+00 -3.24035e-11
4.88475e+00 4.98281e+00 -2.87499e-11
4.88475e+00 4.99074e+00 -2.62196e-11
4.88475e+00 4.99623e+00 -2.45915e-11
4.88475e+00 4.99928e+00 -2.37279e-11
4.90703e+00 7.15683e-04 -4.60038e-09
4.90703e+00 3.77012e-03 -2.42342e-08
4.90703e+00 9.26216e-03 -5.95371e-08
4.90703e+00 1.71877e-02 -1.10483e-07
4.90703e+00 2.75390e-02 -1.77027e-07
4.90703e+00 4.03061e-02 -2.59108e-07
4.90703e+00 5.54766e-02 -3.56659e-07
4.90703e+00 7.30356e-02 -4.69600e-07
4.90703e+00 9.29659e-02 -5.97849e-07
4.90703e+00 1.15248e-01 -7.41319e-07
4.90703e+00 1.39860e-01 -8.99924e-07
4.90703e+00 1.66779e-01 -1.07358e-06
4.90703e+00 1.95977e-01 -1.26220e-06
4.90703e+00 2.27426e-01 -1.46572e-06
4.90703e+00 2.61096e-01 -1.68408e-06
4.90703e+00 2.96953e-01 -1.91720e-06
4.90703e+00 3.34963e-01 -2.16503e-06
4.90703e+00 3.75089e-01 -2.42753e-06
4.90703e+00 4.17290e-01 -2.70462e-06
4.90703e+00 4.61527e-01 -2.99622e-06
4.90703e+00 5.07755e-01 -3.30223e-06
4.90703e+00 5.55930e-01 -3.62247e-06
4.90703e+00 6.06005e-01 -3.95671e-06
4.90703e+00 6.57930e-01 -4.30459e-06
4.90703e+00 7.11655e-01 -4.66561e-06
4.90703e+00 7.67127e-01 -5.03910e-06
4.90703e+00 8.24292e-01 -5.42412e-06
4.90703e+00 8.83095e-01 -5.81946e-06
4.90703e+00 9.43478e-01 -6.22351e-06
4.90703e+00 1.00538e+00 -6.63426e-06
4.90703e+00 1.06875e+00 -7.04918e-06
4.90703e+00 1.13351e+00 -7.46515e-06
4.90703e+00 1.19960e+00 -7.87844e-06
4.90703e+00 1.26697e+00 -8.28457e-06
4.90703e+00 1.33555e+00 -8.67838e-06
4.90703e+00 1.40526e+00 -9.05391e-06
4.90703e+00 1.47604e+00 -9.40451e-06
4.90703e+00 1.54782e+00 -9.72284e-06
4.90703e+00 1.62053e+00 -1.00011e-05
4.90703e+00 1.69410e+00 -1.02309e-05
4.90703e+00 1.76846e+00 -1.04042e-05
4.90703e+00 1.84353e+00 -1.05128e-05
4.90703e+00 1.91924e+00 -1.05492e-05
4.90703e+00 1.99553e+00 -1.05071e-05
4.90703e+00 2.07230e+00 -1.03816e-05
4.90703e+00 2.14949e+00 -1.01698e-05
4.90703e+00 2.22703e+00 -9.87114e-06
4.90703e+00 2.30483e+00 -9.48792e-06
4.90703e+00 2.38282e+00 -9.02526e-06
4.90703e+00 2.46093e+00 -8.49125e-06
4.90703e+00 2.53907e+00 -7.89677e-06
4.90703e+00 2.61718e+00 -7.25510e-06
4.90703e+00 2.69517e+00 -6.58132e-06
4.90703e+00 2.77297e+00 -5.89156e-06
4.90703e+00 2.85051e+00 -5.20218e-06
4.90703e+00 2.92770e+00 -4.52882e-06
4.90703e+00 3.00447e+00 -3.88564e-06
4.90703e+00 3.08076e+00 -3.28454e-06
4.90703e+00 3.15647e+00 -2.73468e-06
4.90703e+00 3.23154e+00 -2.24221e-06
4.90703e+00 3.30590e+00 -1.81024e-06
4.90703e+00 3.37947e+00 -1.43905e-06
4.90703e+00 3.45218e+00 -1.12649e-06
4.90703e+00 3.52396e+00 -8.68486e-07
4.90703e+00 3.59474e+00 -6.59621e-07
4.90703e+00 3.66445e+00 -4.93724e-07
4.90703e+00 3.73303e+00 -3.64368e-07
4.90703e+00 3.80040e+00 -2.65287e-07
4.90703e+00 3.86649e+00 -1.90684e-07
4.90703e+00 3.93125e+00 -1.35421e-07
4.90703e+00 3.99462e+00 -9.51107e-08
4.90703e+00 4.05652e+00 -6.61281e-08
4.90703e+00 4.11690e+00 -4.55665e-08
4.90703e+00 4.17571e+00 -3.11560e-08
4.90703e+00 4.23287e+00 -2.11663e-08
4.90703e+00 4.28835e+00 -1.43077e-08
4.90703e+00 4.34207e+00 -9.63751e-09
4.90703e+00 4.39400e+00 -6.47897e-09
4.90703e+00 4.44407e+00 -4.35413e-09
4.90703e+00 4.49224e+00 -2.93010e-09
4.90703e+00 4.53847e+00 -1.97787e-09
4.90703e+00 4.58271e+00 -1.34157e-09
4.90703e+00 4.62491e+00 -9.16011e-10
4.90703e+00 4.66504e+00 -6.30725e-10
4.90703e+00 4.70305e+00 -4.38739e-10
4.90703e+00 4.73890e+00 -3.08864e-10
4.90703e+00 4.77257e+00 -2.20436e-10
4.90703e+00 4.80402e+00 -1.59767e-10
4.90703e+00 4.83322e+00 -1.17787e-10
4.90703e+00 4.86014e+00 -8.84709e-11
4.90703e+00 4.88475e+00 -6.78023e-11
4.90703e+00 4.90703e+00 -5.30936e-11
4.90703e+00 4.92696e+00 -4.25363e-11
4.90703e+00 4.94452e+00 -3.49074e-11
4.90703e+00 4.95969e+00 -2.93751e-11
4.90703e+00 4.97246e+00 -2.53721e-11
4.90703e+00 4.98281e+00 -2.25110e-11
4.90703e+00 4.99074e+00 -2.05296e-11
4.90703e+00 4.99623e+00 -1.92547e-11
4.90703e+00 4.99928e+00 -1.85785e-11
4.92696e+00 7.15683e-04 -3.70743e-09
4.92696e+00 3.77012e-03 -1.95303e-08
4.92696e+00 9.26216e-03 -4.79807e-08
4.92696e+00 1.71877e-02 -8.90380e-08
4.92696e+00 2.75390e-02 -1.42665e-07
4.92696e+00 4.03061e-02 -2.08814e-07
4.92696e+00 5.54766e-02 -2.87429e-07
4.92696e+00 7.30356e-02 -3.78447e-07
4.92696e+00 9.29659e-02 -4.81801e-07
4.92696e+00 1.15248e-01 -5.97421e-07
4.92696e+00 1.39860e-01 -7.25236e-07
4.92696e+00 1.66779e-01 -8.65178e-07
4.92696e+00 1.95977e-01 -1.01718e-06
4.92696e+00 2.27426e-01 -1.18119e-06
4.92696e+00 2.61096e-01 -1.35714e-06
4.92696e+00 2.96953e-01 -1.54498e-06
4.92696e+00 3.34963e-01 -1.74468e-06
4.92696e+00 3.75089e-01 -1.95618e-06
4.92696e+00 4.17290e-01 -2.17942e-06
4.92696e+00 4.61527e-01 -2.41435e-06
4.92696e+00 5.07755e-01 -2.66086e-06
4.92696e+00 5.55930e-01 -2.91882e-06
4.92696e+00 6.06005e-01 -3.18803e-06
4.92696e+00 6.57930e-01 -3.46820e-06
4.92696e+00 7.11655e-01 -3.75893e-06
4.92696e+00 7.67127e-01 -4.05966e-06
4.92696e+00 8.24292e-01 -4.36963e-06
4.92696e+00 8.83095e-01 -4.68786e-06
4.92696e+00 9.43478e-01 -5.01306e-06
4.92696e+00 1.00538e+00 -5.34358e-06
4.92696e+00 1.06875e+00 -5.67740e-06
4.92696e+00 1.13351e+00 -6.01200e-06
4.92696e+00 1.19960e+00 -6.34435e-06
4.92696e+00 1.26697e+00 -6.67086e-06
4.92696e+00 1.33555e+00 -6.98737e-06
4.92696e+00 1.40526e+00 -7.28908e-06
4.92696e+00 1.47604e+00 -7.57063e-06
4.92696e+00 1.54782e+00 -7.82612e-06
4.92696e+00 1.62053e+00 -8.04925e-06
4.92696e+00 1.69410e+00 -8.23341e-06
4.92696e+00 1.76846e+00 -8.37194e-06
4.92696e+00 1.84353e+00 -8.45838e-06
4.92696e+00 1.91924e+00 -8.48673e-06
4.92696e+00 1.99553e+00 -8.45189e-06
4.92696e+00 2.07230e+00 -8.34995e-06
4.92696e+00 2.14949e+00 -8.17861e-06
4.92696e+00 2.22703e+00 -7.93749e-06
4.92696e+00 2.30483e+00 -7.62842e-06
4.92696e+00 2.38282e+00 -7.25555e-06
4.92696e+00 2.46093e+00 -6.82542e-06
4.92696e+00 2.53907e+00 -6.34680e-06
4.92696e+00 2.61718e+00 -5.83037e-06
4.92696e+00 2.69517e+00 -5.28826e-06
4.92696e+00 2.77297e+00 -4.73345e-06
4.92696e+00 2.85051e+00 -4.17908e-06
4.92696e+00 2.92770e+00 -3.63773e-06
4.92696e+00 3.00447e+00 -3.12073e-06
4.92696e+00 3.08076e+00 -2.63766e-06
4.92696e+00 3.15647e+00 -2.19584e-06
4.92696e+00 3.23154e+00 -1.80021e-06
4.92696e+00 3.30590e+00 -1.45323e-06
4.92696e+00 3.37947e+00 -1.15513e-06
4.92696e+00 3.45218e+00 -9.04142e-07
4.92696e+00 3.52396e+00 -6.96990e-07
4.92696e+00 3.59474e+00 -5.29316e-07
4.92696e+00 3.66445e+00 -3.96153e-07
4.92696e+00 3.73303e+00 -2.92333e-07
4.92696e+00 3.80040e+00 -2.12821e-07
4.92696e+00 3.86649e+00 -1.52959e-07
4.92696e+00 3.93125e+00 -1.08620e-07
4.92696e+00 3.99462e+00 -7.62810e-08
4.92696e+00 4.05652e+00 -5.30320e-08
4.92696e+00 4.11690e+00 -3.65397e-08
4.92696e+00 4.17571e+00 -2.49820e-08
4.92696e+00 4.23287e+00 -1.69708e-08
4.92696e+00 4.28835e+00 -1.14709e-08
4.92696e+00 4.34207e+00 -7.72615e-09
4.92696e+00 4.39400e+00 -5.19370e-09
4.92696e+00 4.44407e+00 -3.49017e-09
4.92696e+00 4.49224e+00 -2.34856e-09
4.92696e+00 4.53847e+00 -1.58524e-09
4.92696e+00 4.58271e+00 -1.07520e-09
4.92696e+00 4.62491e+00 -7.34099e-10
4.92696e+00 4.66504e+00 -5.05445e-10
4.92696e+00 4.70305e+00 -3.51578e-10
4.92696e+00 4.73890e+00 -2.47495e-10
4.92696e+00 4.77257e+00 -1.76630e-10
4.92696e+00 4.80402e+00 -1.28013e-10
4.92696e+00 4.83322e+00 -9.43738e-11
4.92696e+00 4.86014e+00 -7.08828e-11
4.92696e+00 4.88475e+00 -5.43217e-11
4.92696e+00 4.90703e+00 -4.25363e-11
4.92696e+00 4.92696e+00 -3.40776e-11
4.92696e+00 4.94452e+00 -2.79652e-11
4.92696e+00 4.95969e+00 -2.35328e-11
4.92696e+00 4.97246e+00 -2.03256e-11
4.92696e+00 4.98281e+00 -1.80334e-11
4.92696e+00 4.99074e+00 -1.64460e-11
4.92696e+00 4.99623e+00 -1.54246e-11
4.92696e+00 4.99928e+00 -1.48828e-11
4.94452e+00 7.15683e-04 -3.05821e-09
4.94452e+00 3.77012e-03 -1.61103e-08
4.94452e+00 9.26216e-03 -3.95787e-08
4.94452e+00 1.71877e-02 -7.34464e-08
4.94452e+00 2.75390e-02 -1.17683e-07
4.94452e+00 4.03061e-02 -1.72248e-07
4.94452e+00 5.54766e-02 -2.37096e-07
4.94452e+00 7.30356e-02 -3.12176e-07
4.94452e+00 9.29659e-02 -3.97430e-07
4.94452e+00 1.15248e-01 -4.92802e-07
4.94452e+00 1.39860e-01 -5.98233e-07
4.94452e+00 1.66779e-01 -7.13665e-07
4.94452e+00 1.95977e-01 -8.39045e-07
4.94452e+00 2.27426e-01 -9.74321e-07
4.94452e+00 2.61096e-01 -1.11945e-06
4.94452e+00 2.96953e-01 -1.27438e-06
4.94452e+00 3.34963e-01 -1.43908e-06
4.94452e+00 3.75089e-01 -1.61351e-06
4.94452e+00 4.17290e-01 -1.79763e-06
4.94452e+00 4.61527e-01 -1.99136e-06
4.94452e+00 5.07755e-01 -2.19464e-06
4.94452e+00 5.55930e-01 -2.40734e-06
4.94452e+00 6.06005e-01 -2.62930e-06
4.94452e+00 6.57930e-01 -2.86028e-06
4.94452e+00 7.11655e-01 -3.09993e-06
4.94452e+00 7.67127e-01 -3.34781e-06
4.94452e+00 8.24292e-01 -3.60328e-06
4.94452e+00 8.83095e-01 -3.86552e-06
4.94452e+00 9.43478e-01 -4.13346e-06
4.94452e+00 1.00538e+00 -4.40576e-06
4.94452e+00 1.06875e+00 -4.68071e-06
4.94452e+00 1.13351e+00 -4.95626e-06
4.94452e+00 1.19960e+00 -5.22990e-06
4.94452e+00 1.26697e+00 -5.49867e-06
4.94452e+00 1.33555e+00 -5.75914e-06
4.94452e+00 1.40526e+00 -6.00734e-06
4.94452e+00 1.47604e+00 -6.23888e-06
4.94452e+00 1.54782e+00 -6.44888e-06
4.94452e+00 1.62053e+00 -6.63216e-06
4.94452e+00 1.69410e+00 -6.78328e-06
4.94452e+00 1.76846e+00 -6.89677e-06
4.94452e+00 1.84353e+00 -6.96730e-06
4.94452e+00 1.91924e+00 -6.98997e-06
4.94452e+00 1.99553e+00 -6.96057e-06
4.94452e+00 2.07230e+00 -6.87591e-06
4.94452e+00 2.14949e+00 -6.73412e-06
4.94452e+00 2.22703e+00 -6.53491e-06
4.94452e+00 2.30483e+00 -6.27979e-06
4.94452e+00 2.38282e+00 -5.97220e-06
4.94452e+00 2.46093e+00 -5.61756e-06
4.94452e+00 2.53907e+00 -5.22308e-06
4.94452e+00 2.61718e+00 -4.79757e-06
4.94452e+00 2.69517e+00 -4.35103e-06
4.94452e+00 2.77297e+00 -3.89414e-06
4.94452e+00 2.85051e+00 -3.43771e-06
4.94452e+00 2.92770e+00 -2.99208e-06
4.94452e+00 3.00447e+00 -2.56659e-06
4.94452e+00 3.08076e+00 -2.16907e-06
4.94452e+00 3.15647e+00 -1.80557e-06
4.94452e+00 3.23154e+00 -1.48011e-06
4.94452e+00 3.30590e+00 -1.19472e-06
4.94452e+00 3.37947e+00 -9.49554e-07
4.94452e+00 3.45218e+00 -7.43167e-07
4.94452e+00 3.52396e+00 -5.72845e-07
4.94452e+00 3.59474e+00 -4.34999e-07
4.94452e+00 3.66445e+00 -3.25536e-07
4.94452e+00 3.73303e+00 -2.40203e-07
4.94452e+00 3.80040e+00 -1.74856e-07
4.94452e+00 3.86649e+00 -1.25663e-07
4.94452e+00 3.93125e+00 -8.92298e-08
4.94452e+00 3.99462e+00 -6.26592e-08
4.94452e+00 4.05652e+00 -4.35588e-08
4.94452e+00 4.11690e+00 -3.00105e-08
4.94452e+00 4.17571e+00 -2.05168e-08
4.94452e+00 4.23287e+00 -1.39366e-08
4.94452e+00 4.28835e+00 -9.41945e-09
4.94452e+00 4.34207e+00 -6.34404e-09
4.94452e+00 4.39400e+00 -4.26438e-09
4.94452e+00 4.44407e+00 -2.86551e-09
4.94452e+00 4.49224e+00 -1.92813e-09
4.94452e+00 4.53847e+00 -1.30139e-09
4.94452e+00 4.58271e+00 -8.82637e-10
4.94452e+00 4.62491e+00 -6.02603e-10
4.94452e+00 4.66504e+00 -4.14890e-10
4.94452e+00 4.70305e+00 -2.88578e-10
4.94452e+00 4.73890e+00 -2.03139e-10
4.94452e+00 4.77257e+00 -1.44970e-10
4.94452e+00 4.80402e+00 -1.05064e-10
4.94452e+00 4.83322e+00 -7.74532e-11
4.94452e+00 4.86014e+00 -5.81725e-11
4.94452e+00 4.88475e+00 -4.45800e-11
4.94452e+00 4.90703e+00 -3.49074e-11
4.94452e+00 4.92696e+00 -2.79652e-11
4.94452e+00 4.94452e+00 -2.29488e-11
4.94452e+00 4.95969e+00 -1.93112e-11
4.94452e+00 4.97246e+00 -1.66792e-11
4.94452e+00 4.98281e+00 -1.47980e-11
4.94452e+00 4.99074e+00 -1.34953e-11
4.94452e+00 4.99623e+00 -1.26571e-11
4.94452e+00 4.99928e+00 -1.22125e-11
4.95969e+00 7.15683e-04 -2.58494e-09
4.95969e+00 3.77012e-03 -1.36171e-08
4.95969e+00 9.26216e-03 -3.34537e-08
4.95969e+00 1.71877e-02 -6.20801e-08
4.95969e+00 2.75390e-02 -9.94705e-08
4.95969e+00 4.03061e-02 -1.45592e-07
4.95969e+00 5.54766e-02 -2.00404e-07
4.95969e+00 7.30356e-02 -2.63864e-07
4.95969e+00 9.29659e-02 -3.35924e-07
4.95969e+00 1.15248e-01 -4.16536e-07
4.95969e+00 1.39860e-01 -5.05649e-07
4.95969e+00 1.66779e-01 -6.03214e-07
4.95969e+00 1.95977e-01 -7.09186e-07
4.95969e+00 2.27426e-01 -8.23521e-07
4.95969e+00 2.61096e-01 -9.46179e-07
4.95969e+00 2.96953e-01 -1.07712e-06
4.95969e+00 3.34963e-01 -1.21632e-06
4.95969e+00 3.75089e-01 -1.36373e-06
4.95969e+00 4.17290e-01 -1.51932e-06
4.95969e+00 4.61527e-01 -1.68303e-06
4.95969e+00 5.07755e-01 -1.85480e-06
4.95969e+00 5.55930e-01 -2.03452e-06
4.95969e+00 6.06005e-01 -2.22206e-06
4.95969e+00 6.57930e-01 -2.41719e-06
4.95969e+00 7.11655e-01 -2.61965e-06
4.95969e+00 7.67127e-01 -2.82903e-06
4.95969e+00 8.24292e-01 -3.04480e-06
4.95969e+00 8.83095e-01 -3.26626e-06
4.95969e+00 9.43478e-01 -3.49252e-06
4.95969e+00 1.00538e+00 -3.72242e-06
4.95969e+00 1.06875e+00 -3.95453e-06
4.95969e+00 1.13351e+00 -4.18710e-06
4.95969e+00 1.19960e+00 -4.41803e-06
4.95969e+00 1.26697e+00 -4.64480e-06
4.95969e+00 1.33555e+00 -4.86451e-06
4.95969e+00 1.40526e+00 -5.07382e-06
4.95969e+00 1.47604e+00 -5.26901e-06
4.95969e+00 1.54782e+00 -5.44597e-06
4.95969e+00 1.62053e+00 -5.60032e-06
4.95969e+00 1.69410e+00 -5.72749e-06
4.95969e+00 1.76846e+00 -5.82284e-06
4.95969e+00 1.84353e+00 -5.88190e-06
4.95969e+00 1.91924e+00 -5.90054e-06
4.95969e+00 1.99553e+00 -5.87522e-06
4.95969e+00 2.07230e+00 -5.80326e-06
4.95969e+00 2.14949e+00 -5.68308e-06
4.95969e+00 2.22703e+00 -5.51447e-06
4.95969e+00 2.30483e+00 -5.29870e-06
4.95969e+00 2.38282e+00 -5.03871e-06
4.95969e+00 2.46093e+00 -4.73907e-06
4.95969e+00 2.53907e+00 -4.40588e-06
4.95969e+00 2.61718e+00 -4.04658e-06
4.95969e+00 2.69517e+00 -3.66960e-06
4.95969e+00 2.77297e+00 -3.28397e-06
4.95969e+00 2.85051e+00 -2.89880e-06
4.95969e+00 2.92770e+00 -2.52281e-06
4.95969e+00 3.00447e+00 -2.16386e-06
4.95969e+00 3.08076e+00 -1.82856e-06
4.95969e+00 3.15647e+00 -1.52199e-06
4.95969e+00 3.23154e+00 -1.24754e-06
4.95969e+00 3.30590e+00 -1.00691e-06
4.95969e+00 3.37947e+00 -8.00223e-07
4.95969e+00 3.45218e+00 -6.26244e-07
4.95969e+00 3.52396e+00 -4.82682e-07
4.95969e+00 3.59474e+00 -3.66505e-07
4.95969e+00 3.66445e+00 -2.74258e-07
4.95969e+00 3.73303e+00 -2.02352e-07
4.95969e+00 3.80040e+00 -1.47292e-07
4.95969e+00 3.86649e+00 -1.05847e-07
4.95969e+00 3.93125e+00 -7.51541e-08
4.95969e+00 3.99462e+00 -5.27717e-08
4.95969e+00 4.05652e+00 -3.66831e-08
4.95969e+00 4.11690e+00 -2.52719e-08
4.95969e+00 4.17571e+00 -1.72762e-08
4.95969e+00 4.23287e+00 -1.17347e-08
4.95969e+00 4.28835e+00 -7.93086e-09
4.95969e+00 4.34207e+00 -5.34120e-09
4.95969e+00 4.39400e+00 -3.59012e-09
4.95969e+00 4.44407e+00 -2.41233e-09
4.95969e+00 4.49224e+00 -1.62312e-09
4.95969e+00 4.53847e+00 -1.09548e-09
4.95969e+00 4.58271e+00 -7.42955e-10
4.95969e+00 4.62491e+00 -5.07219e-10
4.95969e+00 4.66504e+00 -3.49207e-10
4.95969e+00 4.70305e+00 -2.42884e-10
4.95969e+00 4.73890e+00 -1.70968e-10
4.95969e+00 4.77257e+00 -1.22008e-10
4.95969e+00 4.80402e+00 -8.84206e-11
4.95969e+00 4.83322e+00 -6.51820e-11
4.95969e+00 4.86014e+00 -4.89549e-11
4.95969e+00 4.88475e+00 -3.75154e-11
4.95969e+00 4.90703e+00 -2.93751e-11
4.95969e+00 4.92696e+00 -2.35328e-11
4.95969e+00 4.94452e+00 -1.93112e-11
4.95969e+00 4.95969e+00 -1.62500e-11
4.95969e+00 4.97246e+00 -1.40350e-11
4.95969e+00 4.98281e+00 -1.24520e-11
4.95969e+00 4.99074e+00 -1.13558e-11
4.95969e+00 4.99623e+00 -1.06504e-11
4.95969e+00 4.99928e+00 -1.02763e-11
4.97246e+00 7.15683e-04 -2.24095e-09
4.97246e+00 3.77012e-03 -1.18050e-08
4.97246e+00 9.26216e-03 -2.90018e-08
4.97246e+00 1.71877e-02 -5.38189e-08
4.97246e+00 2.75390e-02 -8.62335e-08
4.97246e+00 4.03061e-02 -1.26217e-07
4.97246e+00 5.54766e-02 -1.73735e-07
4.97246e+00 7.30356e-02 -2.28750e-07
4.97246e+00 9.29659e-02 -2.91221e-07
4.97246e+00 1.15248e-01 -3.61104e-07
4.97246e+00 1.39860e-01 -4.38357e-07
4.97246e+00 1.66779e-01 -5.22937e-07
4.97246e+00 1.95977e-01 -6.14803e-07
4.97246e+00 2.27426e-01 -7.13919e-07
4.97246e+00 2.61096e-01 -8.20247e-07
4.97246e+00 2.96953e-01 -9.33757e-07
4.97246e+00 3.34963e-01 -1.05442e-06
4.97246e+00 3.75089e-01 -1.18220e-06
4.97246e+00 4.17290e-01 -1.31706e-06
4.97246e+00 4.61527e-01 -1.45896e-06
4.97246e+00 5.07755e-01 -1.60783e-06
4.97246e+00 5.55930e-01 -1.76359e-06
4.97246e+00 6.06005e-01 -1.92611e-06
4.97246e+00 6.57930e-01 -2.09521e-06
4.97246e+00 7.11655e-01 -2.27064e-06
4.97246e+00 7.67127e-01 -2.45206e-06
4.97246e+00 8.24292e-01 -2.63900e-06
4.97246e+00 8.83095e-01 -2.83085e-06
4.97246e+00 9.43478e-01 -3.02684e-06
4.97246e+00 1.00538e+00 -3.22596e-06
4.97246e+00 1.06875e+00 -3.42697e-06
4.97246e+00 1.13351e+00 -3.62836e-06
4.97246e+00 1.19960e+00 -3.82829e-06
4.97246e+00 1.26697e+00 -4.02459e-06
4.97246e+00 1.33555e+00 -4.21473e-06
4.97246e+00 1.40526e+00 -4.39584e-06
4.97246e+00 1.47604e+00 -4.56468e-06
4.97246e+00 1.54782e+00 -4.71770e-06
4.97246e+00 1.62053e+00 -4.85111e-06
4.97246e+00 1.69410e+00 -4.96094e-06
4.97246e+00 1.76846e+00 -5.04320e-06
4.97246e+00 1.84353e+00 -5.09400e-06
4.97246e+00 1.91924e+00 -5.10978e-06
4.97246e+00 1.99553e+00 -5.08749e-06
4.97246e+00 2.07230e+00 -5.02481e-06
4.97246e+00 2.14949e+00 -4.92039e-06
4.97246e+00 2.22703e+00 -4.77404e-06
4.97246e+00 2.30483e+00 -4.58690e-06
4.97246e+00 2.38282e+00 -4.36150e-06
4.97246e+00 2.46093e+00 -4.10182e-06
4.97246e+00 2.53907e+00 -3.81314e-06
4.97246e+00 2.61718e+00 -3.50191e-06
4.97246e+00 2.69517e+00 -3.17544e-06
4.97246e+00 2.77297e+00 -2.84152e-06
4.97246e+00 2.85051e+00 -2.50806e-06
4.97246e+00 2.92770e+00 -2.18258e-06
4.97246e+00 3.00447e+00 -1.87190e-06
4.97246e+00 3.08076e+00 -1.58173e-06
4.97246e+00 3.15647e+00 -1.31645e-06
4.97246e+00 3.23154e+00 -1.07899e-06
4.97246e+00 3.30590e+00 -8.70811e-07
4.97246e+00 3.37947e+00 -6.92013e-07
4.97246e+00 3.45218e+00 -5.41525e-07
4.97246e+00 3.52396e+00 -4.17358e-07
4.97246e+00 3.59474e+00 -3.16884e-07
4.97246e+00 3.66445e+00 -2.37112e-07
4.97246e+00 3.73303e+00 -1.74935e-07
4.97246e+00 3.80040e+00 -1.27328e-07
4.97246e+00 3.86649e+00 -9.14949e-08
4.97246e+00 3.93125e+00 -6.49603e-08
4.97246e+00 3.99462e+00 -4.56114e-08
4.97246e+00 4.05652e+00 -3.17042e-08
4.97246e+00 4.11690e+00 -2.18408e-08
4.97246e+00 4.17571e+00 -1.49300e-08
4.97246e+00 4.23287e+00 -1.01406e-08
4.97246e+00 4.28835e+00 -6.85316e-09
4.97246e+00 4.34207e+00 -4.61522e-09
4.97246e+00 4.39400e+00 -3.10202e-09
4.97246e+00 4.44407e+00 -2.08428e-09
4.97246e+00 4.49224e+00 -1.40235e-09
4.97246e+00 4.53847e+00 -9.46443e-10
4.97246e+00 4.58271e+00 -6.41856e-10
4.97246e+00 4.62491e+00 -4.38185e-10
4.97246e+00 4.66504e+00 -3.01670e-10
4.97246e+00 4.70305e+00 -2.09815e-10
4.97246e+00 4.73890e+00 -1.47687e-10
4.97246e+00 4.77257e+00 -1.05391e-10
4.97246e+00 4.80402e+00 -7.63765e-11
4.97246e+00 4.83322e+00 -5.63022e-11
4.97246e+00 4.86014e+00 -4.22850e-11
4.97246e+00 4.88475e+00 -3.24035e-11
4.97246e+00 4.90703e+00 -2.53721e-11
4.97246e+00 4.92696e+00 -2.03256e-11
4.97246e+00 4.94452e+00 -1.66792e-11
4.97246e+00 4.95969e+00 -1.40350e-11
4.97246e+00 4.97246e+00 -1.21219e-11
4.97246e+00 4.98281e+00 -1.07546e-11
4.97246e+00 4.99074e+00 -9.80773e-12
4.97246e+00 4.99623e+00 -9.19848e-12
4.97246e+00 4.99928e+00 -8.87533e-12
4.98281e+00 7.15683e-04 -1.99419e-09
4.98281e+00 3.77012e-03 -1.05051e-08
4.98281e+00 9.26216e-03 -2.58083e-08
4.98281e+00 1.71877e-02 -4.78926e-08
4.98281e+00 2.75390e-02 -7.67380e-08
4.98281e+00 4.03061e-02 -1.12319e-07
4.98281e+00 5.54766e-02 -1.54604e-07
4.98281e+00 7.30356e-02 -2.03561e-07
4.98281e+00 9.29659e-02 -2.59153e-07
4.98281e+00 1.15248e-01 -3.21340e-07
4.98281e+00 1.39860e-01 -3.90085e-07
4.98281e+00 1.66779e-01 -4.65350e-07
4.98281e+00 1.95977e-01 -5.47099e-07
4.98281e+00 2.27426e-01 -6.35297e-07
4.98281e+00 2.61096e-01 -7.29912e-07
4.98281e+00 2.96953e-01 -8.30916e-07
4.98281e+00 3.34963e-01 -9.38281e-07
4.98281e+00 3.75089e-01 -1.05198e-06
4.98281e+00 4.17290e-01 -1.17197e-06
4.98281e+00 4.61527e-01 -1.29823e-06
4.98281e+00 5.07755e-01 -1.43068e-06
4.98281e+00 5.55930e-01 -1.56926e-06
4.98281e+00 6.06005e-01 -1.71384e-06
4.98281e+00 6.57930e-01 -1.86427e-06
4.98281e+00 7.11655e-01 -2.02033e-06
4.98281e+00 7.67127e-01 -2.18170e-06
4.98281e+00 8.24292e-01 -2.34797e-06
4.98281e+00 8.83095e-01 -2.51860e-06
4.98281e+00 9.43478e-01 -2.69289e-06
4.98281e+00 1.00538e+00 -2.86995e-06
4.98281e+00 1.06875e+00 -3.04868e-06
4.98281e+00 1.13351e+00 -3.22772e-06
4.98281e+00 1.19960e+00 -3.40544e-06
4.98281e+00 1.26697e+00 -3.57991e-06
4.98281e+00 1.33555e+00 -3.74889e-06
4.98281e+00 1.40526e+00 -3.90981e-06
4.98281e+00 1.47604e+00 -4.05979e-06
4.98281e+00 1.54782e+00 -4.19568e-06
4.98281e+00 1.62053e+00 -4.31410e-06
4.98281e+00 1.69410e+00 -4.41154e-06
4.98281e+00 1.76846e+00 -4.48445e-06
4.98281e+00 1.84353e+00 -4.52937e-06
4.98281e+00 1.91924e+00 -4.54315e-06
4.98281e+00 1.99553e+00 -4.52306e-06
4.98281e+00 2.07230e+00 -4.46707e-06
4.98281e+00 2.14949e+00 -4.37398e-06
4.98281e+00 2.22703e+00 -4.24363e-06
4.98281e+00 2.30483e+00 -4.07703e-06
4.98281e+00 2.38282e+00 -3.87645e-06
4.98281e+00 2.46093e+00 -3.64542e-06
4.98281e+00 2.53907e+00 -3.38865e-06
4.98281e+00 2.61718e+00 -3.11188e-06
4.98281e+00 2.69517e+00 -2.82160e-06
4.98281e+00 2.77297e+00 -2.52474e-06
4.98281e+00 2.85051e+00 -2.22831e-06
4.98281e+00 2.92770e+00 -1.93903e-06
4.98281e+00 3.00447e+00 -1.66292e-06
4.98281e+00 3.08076e+00 -1.40506e-06
4.98281e+00 3.15647e+00 -1.16934e-06
4.98281e+00 3.23154e+00 -9.58363e-07
4.98281e+00 3.30590e+00 -7.73415e-07
4.98281e+00 3.37947e+00 -6.14581e-07
4.98281e+00 3.45218e+00 -4.80906e-07
4.98281e+00 3.52396e+00 -3.70619e-07
4.98281e+00 3.59474e+00 -2.81382e-07
4.98281e+00 3.66445e+00 -2.10537e-07
4.98281e+00 3.73303e+00 -1.55321e-07
4.98281e+00 3.80040e+00 -1.13047e-07
4.98281e+00 3.86649e+00 -8.12293e-08
4.98281e+00 3.93125e+00 -5.76693e-08
4.98281e+00 3.99462e+00 -4.04903e-08
4.98281e+00 4.05652e+00 -2.81434e-08
4.98281e+00 4.11690e+00 -1.93870e-08
4.98281e+00 4.17571e+00 -1.32521e-08
4.98281e+00 4.23287e+00 -9.00064e-09
4.98281e+00 4.28835e+00 -6.08257e-09
4.98281e+00 4.34207e+00 -4.09613e-09
4.98281e+00 4.39400e+00 -2.75304e-09
4.98281e+00 4.44407e+00 -1.84974e-09
4.98281e+00 4.49224e+00 -1.24451e-09
4.98281e+00 4.53847e+00 -8.39894e-10
4.98281e+00 4.58271e+00 -5.69582e-10
4.98281e+00 4.62491e+00 -3.88835e-10
4.98281e+00 4.66504e+00 -2.67688e-10
4.98281e+00 4.70305e+00 -1.86177e-10
4.98281e+00 4.73890e+00 -1.31045e-10
4.98281e+00 4.77257e+00 -9.35136e-11
4.98281e+00 4.80402e+00 -6.77678e-11
4.98281e+00 4.83322e+00 -4.99553e-11
4.98281e+00 4.86014e+00 -3.75176e-11
4.98281e+00 4.88475e+00 -2.87499e-11
4.98281e+00 4.90703e+00 -2.25110e-11
4.98281e+00 4.92696e+00 -1.80334e-11
4.98281e+00 4.94452e+00 -1.47980e-11
4.98281e+00 4.95969e+00 -1.24520e-11
4.98281e+00 4.97246e+00 -1.07546e-11
4.98281e+00 4.98281e+00 -9.54144e-12
4.98281e+00 4.99074e+00 -8.70136e-12
4.98281e+00 4.99623e+00 -8.16081e-12
4.98281e+00 4.99928e+00 -7.87410e-12
4.99074e+00 7.15683e-04 -1.82281e-09
4.99074e+00 3.77012e-03 -9.60233e-09
4.99074e+00 9.26216e-03 -2.35904e-08
4.99074e+00 1.71877e-02 -4.37768e-08
4.99074e+00 2.75390e-02 -7.01432e-08
4.99074e+00 4.03061e-02 -1.02666e-07
4.99074e+00 5.54766e-02 -1.41318e-07
4.99074e+00 7.30356e-02 -1.86067e-07
4.99074e+00 9.29659e-02 -2.36881e-07
4.99074e+00 1.15248e-01 -2.93724e-07
4.99074e+00 1.39860e-01 -3.56560e-07
4.99074e+00 1.66779e-01 -4.25356e-07
4.99074e+00 1.95977e-01 -5.00078e-07
4.99074e+00 2.27426e-01 -5.80693e-07
4.99074e+00 2.61096e-01 -6.67174e-07
4.99074e+00 2.96953e-01 -7.59494e-07
4.99074e+00 3.34963e-01 -8.57625e-07
4.99074e+00 3.75089e-01 -9.61542e-07
4.99074e+00 4.17290e-01 -1.07121e-06
4.99074e+00 4.61527e-01 -1.18660e-06
4.99074e+00 5.07755e-01 -1.30766e-06
4.99074e+00 5.55930e-01 -1.43430e-06
4.99074e+00 6.06005e-01 -1.56643e-06
4.99074e+00 6.57930e-01 -1.70390e-06
4.99074e+00 7.11655e-01 -1.84650e-06
4.99074e+00 7.67127e-01 -1.99396e-06
4.99074e+00 8.24292e-01 -2.14588e-06
4.99074e+00 8.83095e-01 -2.30178e-06
4.99074e+00 9.43478e-01 -2.46101e-06
4.99074e+00 1.00538e+00 -2.62276e-06
4.99074e+00 1.06875e+00 -2.78602e-06
4.99074e+00 1.13351e+00 -2.94956e-06
4.99074e+00 1.19960e+00 -3.11188e-06
4.99074e+00 1.26697e+00 -3.27121e-06
4.99074e+00 1.33555e+00 -3.42550e-06
4.99074e+00 1.40526e+00 -3.57242e-06
4.99074e+00 1.47604e+00 -3.70932e-06
4.99074e+00 1.54782e+00 -3.83334e-06
4.99074e+00 1.62053e+00 -3.94139e-06
4.99074e+00 1.69410e+00 -4.03025e-06
4.99074e+00 1.76846e+00 -4.09668e-06
4.99074e+00 1.84353e+00 -4.13755e-06
4.99074e+00 1.91924e+00 -4.14995e-06
4.99074e+00 1.99553e+00 -4.13142e-06
4.99074e+00 2.07230e+00 -4.08009e-06
4.99074e+00 2.14949e+00 -3.99488e-06
4.99074e+00 2.22703e+00 -3.87565e-06
4.99074e+00 2.30483e+00 -3.72333e-06
4.99074e+00 2.38282e+00 -3.53999e-06
4.99074e+00 2.46093e+00 -3.32885e-06
4.99074e+00 2.53907e+00 -3.09424e-06
4.99074e+00 2.61718e+00 -2.84138e-06
4.99074e+00 2.69517e+00 -2.57620e-06
4.99074e+00 2.77297e+00 -2.30505e-06
4.99074e+00 2.85051e+00 -2.03433e-06
4.99074e+00 2.92770e+00 -1.77015e-06
4.99074e+00 3.00447e+00 -1.51802e-06
4.99074e+00 3.08076e+00 -1.28257e-06
4.99074e+00 3.15647e+00 -1.06736e-06
4.99074e+00 3.23154e+00 -8.74740e-07
4.99074e+00 3.30590e+00 -7.05900e-07
4.99074e+00 3.37947e+00 -5.60908e-07
4.99074e+00 3.45218e+00 -4.38890e-07
4.99074e+00 3.52396e+00 -3.38225e-07
4.99074e+00 3.59474e+00 -2.56778e-07
4.99074e+00 3.66445e+00 -1.92121e-07
4.99074e+00 3.73303e+00 -1.41729e-07
4.99074e+00 3.80040e+00 -1.03151e-07
4.99074e+00 3.86649e+00 -7.41158e-08
4.99074e+00 3.93125e+00 -5.26173e-08
4.99074e+00 3.99462e+00 -3.69421e-08
4.99074e+00 4.05652e+00 -2.56764e-08
4.99074e+00 4.11690e+00 -1.76870e-08
4.99074e+00 4.17571e+00 -1.20897e-08
4.99074e+00 4.23287e+00 -8.21093e-09
4.99074e+00 4.28835e+00 -5.54874e-09
4.99074e+00 4.34207e+00 -3.73654e-09
4.99074e+00 4.39400e+00 -2.51130e-09
4.99074e+00 4.44407e+00 -1.68727e-09
4.99074e+00 4.49224e+00 -1.13518e-09
4.99074e+00 4.53847e+00 -7.66093e-10
4.99074e+00 4.58271e+00 -5.19522e-10
4.99074e+00 4.62491e+00 -3.54654e-10
4.99074e+00 4.66504e+00 -2.44153e-10
4.99074e+00 4.70305e+00 -1.69805e-10
4.99074e+00 4.73890e+00 -1.19520e-10
4.99074e+00 4.77257e+00 -8.52877e-11
4.99074e+00 4.80402e+00 -6.18058e-11
4.99074e+00 4.83322e+00 -4.55598e-11
4.99074e+00 4.86014e+00 -3.42161e-11
4.99074e+00 4.88475e+00 -2.62196e-11
4.99074e+00 4.90703e+00 -2.05296e-11
4.99074e+00 4.92696e+00 -1.64460e-11
4.99074e+00 4.94452e+00 -1.34953e-11
4.99074e+00 4.95969e+00 -1.13558e-11
4.99074e+00 4.97246e+00 -9.80773e-12
4.99074e+00 4.98281e+00 -8.70136e-12
4.99074e+00 4.99074e+00 -7.93522e-12
4.99074e+00 4.99623e+00 -7.44225e-12
4.99074e+00 4.99928e+00 -7.18077e-12
4.99623e+00 7.15683e-04 -1.71230e-09
4.99623e+00 3.77012e-03 -9.02019e-09
4.99623e+00 9.26216e-03 -2.21602e-08
4.99623e+00 1.71877e-02 -4.11228e-08
4.99623e+00 2.75390e-02 -6.58907e-08
4.99623e+00 4.03061e-02 -9.64419e-08
4.99623e+00 5.54766e-02 -1.32750e-07
4.99623e+00 7.30356e-02 -1.74787e-07
4.99623e+00 9.29659e-02 -2.22520e-07
4.99623e+00 1.15248e-01 -2.75916e-07
4.99623e+00 1.39860e-01 -3.34943e-07
4.99623e+00 1.66779e-01 -3.99567e-07
4.99623e+00 1.95977e-01 -4.69757e-07
4.99623e+00 2.27426e-01 -5.45484e-07
4.99623e+00 2.61096e-01 -6.26720e-07
4.99623e+00 2.96953e-01 -7.13440e-07
4.99623e+00 3.34963e-01 -8.05618e-07
4.99623e+00 3.75089e-01 -9.03229e-07
4.99623e+00 4.17290e-01 -1.00625e-06
4.99623e+00 4.61527e-01 -1.11463e-06
4.99623e+00 5.07755e-01 -1.22833e-06
4.99623e+00 5.55930e-01 -1.34729e-06
4.99623e+00 6.06005e-01 -1.47139e-06
4.99623e+00 6.57930e-01 -1.60050e-06
4.99623e+00 7.11655e-01 -1.73443e-06
4.99623e+00 7.67127e-01 -1.87291e-06
4.99623e+00 8.24292e-01 -2.01559e-06
4.99623e+00 8.83095e-01 -2.16199e-06
4.99623e+00 9.43478e-01 -2.31151e-06
4.99623e+00 1.00538e+00 -2.46340e-06
4.99623e+00 1.06875e+00 -2.61670e-06
4.99623e+00 1.13351e+00 -2.77024e-06
4.99623e+00 1.19960e+00 -2.92263e-06
4.99623e+00 1.26697e+00 -3.07221e-06
4.99623e+00 1.33555e+00 -3.21704e-06
4.99623e+00 1.40526e+00 -3.35494e-06
4.99623e+00 1.47604e+00 -3.48342e-06
4.99623e+00 1.54782e+00 -3.59980e-06
4.99623e+00 1.62053e+00 -3.70116e-06
4.99623e+00 1.69410e+00 -3.78450e-06
4.99623e+00 1.76846e+00 -3.84678e-06
4.99623e+00 1.84353e+00 -3.88503e-06
4.99623e+00 1.91924e+00 -3.89656e-06
4.99623e+00 1.99553e+00 -3.87905e-06
4.99623e+00 2.07230e+00 -3.83074e-06
4.99623e+00 2.14949e+00 -3.75062e-06
4.99623e+00 2.22703e+00 -3.63856e-06
4.99623e+00 2.30483e+00 -3.49544e-06
4.99623e+00 2.38282e+00 -3.32321e-06
4.99623e+00 2.46093e+00 -3.12491e-06
4.99623e+00 2.53907e+00 -2.90457e-06
4.99623e+00 2.61718e+00 -2.66712e-06
4.99623e+00 2.69517e+00 -2.41814e-06
4.99623e+00 2.77297e+00 -2.16355e-06
4.99623e+00 2.85051e+00 -1.90939e-06
4.99623e+00 2.92770e+00 -1.66138e-06
4.99623e+00 3.00447e+00 -1.42470e-06
4.99623e+00 3.08076e+00 -1.20369e-06
4.99623e+00 3.15647e+00 -1.00168e-06
4.99623e+00 3.23154e+00 -8.20890e-07
4.99623e+00 3.30590e+00 -6.62425e-07
4.99623e+00 3.37947e+00 -5.26348e-07
4.99623e+00 3.45218e+00 -4.11836e-07
4.99623e+00 3.52396e+00 -3.17368e-07
4.99623e+00 3.59474e+00 -2.40937e-07
4.99623e+00 3.66445e+00 -1.80264e-07
4.99623e+00 3.73303e+00 -1.32979e-07
4.99623e+00 3.80040e+00 -9.67797e-08
4.99623e+00 3.86649e+00 -6.95366e-08
4.99623e+00 3.93125e+00 -4.93652e-08
4.99623e+00 3.99462e+00 -3.46580e-08
4.99623e+00 4.05652e+00 -2.40884e-08
4.99623e+00 4.11690e+00 -1.65928e-08
4.99623e+00 4.17571e+00 -1.13415e-08
4.99623e+00 4.23287e+00 -7.70264e-09
4.99623e+00 4.28835e+00 -5.20516e-09
4.99623e+00 4.34207e+00 -3.50511e-09
4.99623e+00 4.39400e+00 -2.35571e-09
4.99623e+00 4.44407e+00 -1.58272e-09
4.99623e+00 4.49224e+00 -1.06481e-09
4.99623e+00 4.53847e+00 -7.18597e-10
4.99623e+00 4.58271e+00 -4.87307e-10
4.99623e+00 4.62491e+00 -3.32658e-10
4.99623e+00 4.66504e+00 -2.29007e-10
4.99623e+00 4.70305e+00 -1.59269e-10
4.99623e+00 4.73890e+00 -1.12103e-10
4.99623e+00 4.77257e+00 -7.99944e-11
4.99623e+00 4.80402e+00 -5.79693e-11
4.99623e+00 4.83322e+00 -4.27314e-11
4.99623e+00 4.86014e+00 -3.20917e-11
4.99623e+00 4.88475e+00 -2.45915e-11
4.99623e+00 4.90703e+00 -1.92547e-11
4.99623e+00 4.92696e+00 -1.54246e-11
4.99623e+00 4.94452e+00 -1.26571e-11
4.99623e+00 4.95969e+00 -1.06504e-11
4.99623e+00 4.97246e+00 -9.19848e-12
4.99623e+00 4.98281e+00 -8.16081e-12
4.99623e+00 4.99074e+00 -7.44225e-12
4.99623e+00 4.99623e+00 -6.97990e-12
4.99623e+00 4.99928e+00 -6.73466e-12
4.99928e+00 7.15683e-04 -1.65361e-09
4.99928e+00 3.77012e-03 -8.71099e-09
4.99928e+00 9.26216e-03 -2.14006e-08
4.99928e+00 1.71877e-02 -3.97132e-08
4.99928e+00 2.75390e-02 -6.36321e-08
4.99928e+00 4.03061e-02 -9.31360e-08
4.99928e+00 5.54766e-02 -1.28200e-07
4.99928e+00 7.30356e-02 -1.68795e-07
4.99928e+00 9.29659e-02 -2.14892e-07
4.99928e+00 1.15248e-01 -2.66458e-07
4.99928e+00 1.39860e-01 -3.23461e-07
4.99928e+00 1.66779e-01 -3.85870e-07
4.99928e+00 1.95977e-01 -4.53653e-07
4.99928e+00 2.27426e-01 -5.26784e-07
4.99928e+00 2.61096e-01 -6.05234e-07
4.99928e+00 2.96953e-01 -6.88979e-07
4.99928e+00 3.34963e-01 -7.77995e-07
4.99928e+00 3.75089e-01 -8.72258e-07
4.99928e+00 4.17290e-01 -9.71739e-07
4.99928e+00 4.61527e-01 -1.07640e-06
4.99928e+00 5.07755e-01 -1.18620e-06
4.99928e+00 5.55930e-01 -1.30107e-06
4.99928e+00 6.06005e-01 -1.42091e-06
4.99928e+00 6.57930e-01 -1.54558e-06
4.99928e+00 7.11655e-01 -1.67491e-06
4.99928e+00 7.67127e-01 -1.80862e-06
4.99928e+00 8.24292e-01 -1.94639e-06
4.99928e+00 8.83095e-01 -2.08775e-06
4.99928e+00 9.43478e-01 -2.23212e-06
4.99928e+00 1.00538e+00 -2.37877e-06
4.99928e+00 1.06875e+00 -2.52677e-06
4.99928e+00 1.13351e+00 -2.67501e-06
4.99928e+00 1.19960e+00 -2.82213e-06
4.99928e+00 1.26697e+00 -2.96653e-06
4.99928e+00 1.33555e+00 -3.10635e-06
4.99928e+00 1.40526e+00 -3.23946e-06
4.99928e+00 1.47604e+00 -3.36347e-06
4.99928e+00 1.54782e+00 -3.47579e-06
4.99928e+00 1.62053e+00 -3.57361e-06
4.99928e+00 1.69410e+00 -3.65402e-06
4.99928e+00 1.76846e+00 -3.71409e-06
4.99928e+00 1.84353e+00 -3.75097e-06
4.99928e+00 1.91924e+00 -3.76204e-06
4.99928e+00 1.99553e+00 -3.74506e-06
4.99928e+00 2.07230e+00 -3.69836e-06
4.99928e+00 2.14949e+00 -3.62094e-06
4.99928e+00 2.22703e+00 -3.51270e-06
4.99928e+00 2.30483e+00 -3.37447e-06
4.99928e+00 2.38282e+00 -3.20814e-06
4.99928e+00 2.46093e+00 -3.01665e-06
4.99928e+00 2.53907e+00 -2.80390e-06
4.99928e+00 2.61718e+00 -2.57463e-06
4.99928e+00 2.69517e+00 -2.33424e-06
4.99928e+00 2.77297e+00 -2.08845e-06
4.99928e+00 2.85051e+00 -1.84307e-06
4.99928e+00 2.92770e+00 -1.60365e-06
4.99928e+00 3.00447e+00 -1.37517e-06
4.99928e+00 3.08076e+00 -1.16182e-06
4.99928e+00 3.15647e+00 -9.66824e-07
4.99928e+00 3.23154e+00 -7.92313e-07
4.99928e+00 3.30590e+00 -6.39354e-07
4.99928e+00 3.37947e+00 -5.08008e-07
4.99928e+00 3.45218e+00 -3.97480e-07
4.99928e+00 3.52396e+00 -3.06300e-07
4.99928e+00 3.59474e+00 -2.32531e-07
4.99928e+00 3.66445e+00 -1.73972e-07
4.99928e+00 3.73303e+00 -1.28336e-07
4.99928e+00 3.80040e+00 -9.33994e-08
4.99928e+00 3.86649e+00 -6.71069e-08
4.99928e+00 3.93125e+00 -4.76397e-08
4.99928e+00 3.99462e+00 -3.34462e-08
4.99928e+00 4.05652e+00 -2.32458e-08
4.99928e+00 4.11690e+00 -1.60122e-08
4.99928e+00 4.17571e+00 -1.09446e-08
4.99928e+00 4.23287e+00 -7.43299e-09
4.99928e+00 4.28835e+00 -5.02288e-09
4.99928e+00 4.34207e+00 -3.38233e-09
4.99928e+00 4.39400e+00 -2.27318e-09
4.99928e+00 4.44407e+00 -1.52725e-09
4.99928e+00 4.49224e+00 -1.02749e-09
4.99928e+00 4.53847e+00 -6.93402e-10
4.99928e+00 4.58271e+00 -4.70217e-10
4.99928e+00 4.62491e+00 -3.20989e-10
4.99928e+00 4.66504e+00 -2.20973e-10
4.99928e+00 4.70305e+00 -1.53681e-10
4.99928e+00 4.73890e+00 -1.08169e-10
4.99928e+00 4.77257e+00 -7.71866e-11
4.99928e+00 4.80402e+00 -5.59343e-11
4.99928e+00 4.83322e+00 -4.12312e-11
4.99928e+00 4.86014e+00 -3.09649e-11
4.99928e+00 4.88475e+00 -2.37279e-11
4.99928e+00 4.90703e+00 -1.85785e-11
4.99928e+00 4.92696e+00 -1.48828e-11
4.99928e+00 4.94452e+00 -1.22125e-11
4.99928e+00 4.95969e+00 -1.02763e-11
4.99928e+00 4.97246e+00 -8.87533e-12
4.99928e+00 4.98281e+00 -7.87410e-12
4.99928e+00 4.99074e+00 -7.18077e-12
4.99928e+00 4.99623e+00 -6.73466e-12
4.99928e+00 4.99928e+00 -6.49804e-12
