1.83659e-03 7.15683e-04
4.27348e-03 3.77012e-03
6.70981e-03 9.26216e-03
9.13990e-03 1.71877e-02
1.15611e-02 2.75390e-02
1.39711e-02 4.03061e-02
1.63674e-02 5.54766e-02
1.87477e-02 7.30356e-02
2.11097e-02 9.29659e-02
2.34510e-02 1.15248e-01
2.57695e-02 1.39860e-01
2.80628e-02 1.66779e-01
3.03286e-02 1.95977e-01
3.25649e-02 2.27426e-01
3.47693e-02 2.61096e-01
3.69397e-02 2.96953e-01
3.90741e-02 3.34963e-01
4.11702e-02 3.75089e-01
4.32262e-02 4.17290e-01
4.52399e-02 4.61527e-01
4.72093e-02 5.07755e-01
4.91327e-02 5.55930e-01
5.10081e-02 6.06005e-01
5.28336e-02 6.57930e-01
5.46075e-02 7.11655e-01
5.63281e-02 7.67127e-01
5.79936e-02 8.24292e-01
5.96024e-02 8.83095e-01
6.11530e-02 9.43478e-01
6.26439e-02 1.00538e+00
6.40735e-02 1.06875e+00
6.54405e-02 1.13351e+00
6.67436e-02 1.19960e+00
6.79815e-02 1.26697e+00
6.91530e-02 1.33555e+00
7.02569e-02 1.40526e+00
7.12921e-02 1.47604e+00
7.22577e-02 1.54782e+00
7.31527e-02 1.62053e+00
7.39762e-02 1.69410e+00
7.47274e-02 1.76846e+00
7.54057e-02 1.84353e+00
7.60102e-02 1.91924e+00
7.65405e-02 1.99553e+00
7.69959e-02 2.07230e+00
7.73762e-02 2.14949e+00
7.76808e-02 2.22703e+00
7.79096e-02 2.30483e+00
7.80622e-02 2.38282e+00
7.81386e-02 2.46093e+00
7.81386e-02 2.53907e+00
7.80622e-02 2.61718e+00
7.79096e-02 2.69517e+00
7.76808e-02 2.77297e+00
7.73762e-02 2.85051e+00
7.69959e-02 2.92770e+00
7.65405e-02 3.00447e+00
7.60102e-02 3.08076e+00
7.54057e-02 3.15647e+00
7.47274e-02 3.23154e+00
7.39762e-02 3.30590e+00
7.31527e-02 3.37947e+00
7.22577e-02 3.45218e+00
7.12921e-02 3.52396e+00
7.02569e-02 3.59474e+00
6.91530e-02 3.66445e+00
6.79815e-02 3.73303e+00
6.67436e-02 3.80040e+00
6.54405e-02 3.86649e+00
6.40735e-02 3.93125e+00
6.26439e-02 3.99462e+00
6.11530e-02 4.05652e+00
5.96024e-02 4.11690e+00
5.79936e-02 4.17571e+00
5.63281e-02 4.23287e+00
5.46075e-02 4.28835e+00
5.28336e-02 4.34207e+00
5.10081e-02 4.39400e+00
4.91327e-02 4.44407e+00
4.72093e-02 4.49224e+00
4.52399e-02 4.53847e+00
4.32262e-02 4.58271e+00
4.11702e-02 4.62491e+00
3.90741e-02 4.66504e+00
3.69397e-02 4.70305e+00
3.47693e-02 4.73890e+00
3.25649e-02 4.77257e+00
3.03286e-02 4.80402e+00
2.80628e-02 4.83322e+00
2.57695e-02 4.86014e+00
2.34510e-02 4.88475e+00
2.11097e-02 4.90703e+00
1.87477e-02 4.92696e+00
1.63674e-02 4.94452e+00
1.39711e-02 4.95969e+00
1.15611e-02 4.97246e+00
9.13990e-03 4.98281e+00
6.70981e-03 4.99074e+00
4.27348e-03 4.99623e+00
1.83659e-03 4.99928e+00
7.15683e-04 7.15683e-04 -1.39954e+00
7.15683e-04 3.77012e-03 -1.39951e+00
7.15683e-04 9.26216e-03 -1.39939e+00
7.15683e-04 1.71877e-02 -1.39903e+00
7.15683e-04 2.75390e-02 -1.39822e+00
7.15683e-04 4.03061e-02 -1.39673e+00
7.15683e-04 5.54766e-02 -1.39422e+00
7.15683e-04 7.30356e-02 -1.39036e+00
7.15683e-04 9.29659e-02 -1.38475e+00
7.15683e-04 1.15248e-01 -1.37699e+00
7.15683e-04 1.39860e-01 -1.36668e+00
7.15683e-04 1.66779e-01 -1.35344e+00
7.15683e-04 1.95977e-01 -1.33695e+00
7.15683e-04 2.27426e-01 -1.31699e+00
7.15683e-04 2.61096e-01 -1.29340e+00
7.15683e-04 2.96953e-01 -1.26618e+00
7.15683e-04 3.34963e-01 -1.23541e+00
7.15683e-04 3.75089e-01 -1.20129e+00
7.15683e-04 4.17290e-01 -1.16412e+00
7.15683e-04 4.61527e-01 -1.12422e+00
7.15683e-04 5.07755e-01 -1.08195e+00
7.15683e-04 5.55930e-01 -1.03763e+00
7.15683e-04 6.06005e-01 -9.91551e-01
7.15683e-04 6.57930e-01 -9.43908e-01
7.15683e-04 7.11655e-01 -8.94821e-01
7.15683e-04 7.67127e-01 -8.44311e-01
7.15683e-04 8.24292e-01 -7.92311e-01
7.15683e-04 8.83095e-01 -7.38666e-01
7.15683e-04 9.43478e-01 -6.83153e-01
7.15683e-04 1.00538e+00 -6.25493e-01
7.15683e-04 1.06875e+00 -5.65369e-01
7.15683e-04 1.13351e+00 -5.02444e-01
7.15683e-04 1.19960e+00 -4.36385e-01
7.15683e-04 1.26697e+00 -3.66887e-01
7.15683e-04 1.33555e+00 -2.93699e-01
7.15683e-04 1.40526e+00 -2.16657e-01
7.15683e-04 1.47604e+00 -1.35719e-01
7.15683e-04 1.54782e+00 -5.10070e-02
7.15683e-04 1.62053e+00 3.71476e-02
7.15683e-04 1.69410e+00 1.28158e-01
7.15683e-04 1.76846e+00 2.21133e-01
7.15683e-04 1.84353e+00 3.14839e-01
7.15683e-04 1.91924e+00 4.07674e-01
7.15683e-04 1.99553e+00 4.97668e-01
7.15683e-04 2.07230e+00 5.82523e-01
7.15683e-04 2.14949e+00 6.59715e-01
7.15683e-04 2.22703e+00 7.26660e-01
7.15683e-04 2.30483e+00 7.80952e-01
7.15683e-04 2.38282e+00 8.20646e-01
7.15683e-04 2.46093e+00 8.44551e-01
7.15683e-04 2.53907e+00 8.52427e-01
7.15683e-04 2.61718e+00 8.45028e-01
7.15683e-04 2.69517e+00 8.23908e-01
7.15683e-04 2.77297e+00 7.91036e-01
7.15683e-04 2.85051e+00 7.48354e-01
7.15683e-04 2.92770e+00 6.97496e-01
7.15683e-04 3.00447e+00 6.39815e-01
7.15683e-04 3.08076e+00 5.76695e-01
7.15683e-04 3.15647e+00 5.09912e-01
7.15683e-04 3.23154e+00 4.41755e-01
7.15683e-04 3.30590e+00 3.74811e-01
7.15683e-04 3.37947e+00 3.11537e-01
7.15683e-04 3.45218e+00 2.53871e-01
7.15683e-04 3.52396e+00 2.03030e-01
7.15683e-04 3.59474e+00 1.59515e-01
7.15683e-04 3.66445e+00 1.23242e-01
7.15683e-04 3.73303e+00 9.37205e-02
7.15683e-04 3.80040e+00 7.02105e-02
7.15683e-04 3.86649e+00 5.18610e-02
7.15683e-04 3.93125e+00 3.78048e-02
7.15683e-04 3.99462e+00 2.72234e-02
7.15683e-04 4.05652e+00 1.93860e-02
7.15683e-04 4.11690e+00 1.36673e-02
7.15683e-04 4.17571e+00 9.55152e-03
7.15683e-04 4.23287e+00 6.62578e-03
7.15683e-04 4.28835e+00 4.56876e-03
7.15683e-04 4.34207e+00 3.13625e-03
7.15683e-04 4.39400e+00 2.14666e-03
7.15683e-04 4.44407e+00 1.46747e-03
7.15683e-04 4.49224e+00 1.00362e-03
7.15683e-04 4.53847e+00 6.87890e-04
7.15683e-04 4.58271e+00 4.73361e-04
7.15683e-04 4.62491e+00 3.27619e-04
7.15683e-04 4.66504e+00 2.28473e-04
7.15683e-04 4.70305e+00 1.60832e-04
7.15683e-04 4.73890e+00 1.14486e-04
7.15683e-04 4.77257e+00 8.25553e-05
7.15683e-04 4.80402e+00 6.04072e-05
7.15683e-04 4.83322e+00 4.49268e-05
7.15683e-04 4.86014e+00 3.40161e-05
7.15683e-04 4.88475e+00 2.62592e-05
7.15683e-04 4.90703e+00 2.06973e-05
7.15683e-04 4.92696e+00 1.66782e-05
7.15683e-04 4.94452e+00 1.37566e-05
7.15683e-04 4.95969e+00 1.16271e-05
7.15683e-04 4.97246e+00 1.00794e-05
7.15683e-04 4.98281e+00 8.96923e-06
7.15683e-04 4.99074e+00 8.19826e-06
7.15683e-04 4.99623e+00 7.70114e-06
7.15683e-04 4.99928e+00 7.43710e-06
3.77012e-03 7.15683e-04 -1.39951e+00
3.77012e-03 3.77012e-03 -1.39949e+00
3.77012e-03 9.26216e-03 -1.39937e+00
3.77012e-03 1.71877e-02 -1.39900e+00
3.77012e-03 2.75390e-02 -1.39820e+00
3.77012e-03 4.03061e-02 -1.39670e+00
3.77012e-03 5.54766e-02 -1.39420e+00
3.77012e-03 7.30356e-02 -1.39034e+00
3.77012e-03 9.29659e-02 -1.38473e+00
3.77012e-03 1.15248e-01 -1.37697e+00
3.77012e-03 1.39860e-01 -1.36665e+00
3.77012e-03 1.66779e-01 -1.35342e+00
3.77012e-03 1.95977e-01 -1.33693e+00
3.77012e-03 2.27426e-01 -1.31697e+00
3.77012e-03 2.61096e-01 -1.29338e+00
3.77012e-03 2.96953e-01 -1.26616e+00
3.77012e-03 3.34963e-01 -1.23539e+00
3.77012e-03 3.75089e-01 -1.20128e+00
3.77012e-03 4.17290e-01 -1.16411e+00
3.77012e-03 4.61527e-01 -1.12421e+00
3.77012e-03 5.07755e-01 -1.08194e+00
3.77012e-03 5.55930e-01 -1.03763e+00
3.77012e-03 6.06005e-01 -9.91546e-01
3.77012e-03 6.57930e-01 -9.43904e-01
3.77012e-03 7.11655e-01 -8.94817e-01
3.77012e-03 7.67127e-01 -8.44308e-01
3.77012e-03 8.24292e-01 -7.92308e-01
3.77012e-03 8.83095e-01 -7.38664e-01
3.77012e-03 9.43478e-01 -6.83151e-01
3.77012e-03 1.00538e+00 -6.25492e-01
3.77012e-03 1.06875e+00 -5.65368e-01
3.77012e-03 1.13351e+00 -5.02443e-01
3.77012e-03 1.19960e+00 -4.36385e-01
3.77012e-03 1.26697e+00 -3.66888e-01
3.77012e-03 1.33555e+00 -2.93700e-01
3.77012e-03 1.40526e+00 -2.16658e-01
3.77012e-03 1.47604e+00 -1.35720e-01
3.77012e-03 1.54782e+00 -5.10089e-02
3.77012e-03 1.62053e+00 3.71453e-02
3.77012e-03 1.69410e+00 1.28155e-01
3.77012e-03 1.76846e+00 2.21130e-01
3.77012e-03 1.84353e+00 3.14836e-01
3.77012e-03 1.91924e+00 4.07671e-01
3.77012e-03 1.99553e+00 4.97664e-01
3.77012e-03 2.07230e+00 5.82519e-01
3.77012e-03 2.14949e+00 6.59711e-01
3.77012e-03 2.22703e+00 7.26656e-01
3.77012e-03 2.30483e+00 7.80948e-01
3.77012e-03 2.38282e+00 8.20642e-01
3.77012e-03 2.46093e+00 8.44547e-01
3.77012e-03 2.53907e+00 8.52424e-01
3.77012e-03 2.61718e+00 8.45025e-01
3.77012e-03 2.69517e+00 8.23905e-01
3.77012e-03 2.77297e+00 7.91033e-01
3.77012e-03 2.85051e+00 7.48352e-01
3.77012e-03 2.92770e+00 6.97494e-01
3.77012e-03 3.00447e+00 6.39813e-01
3.77012e-03 3.08076e+00 5.76694e-01
3.77012e-03 3.15647e+00 5.09911e-01
3.77012e-03 3.23154e+00 4.41754e-01
3.77012e-03 3.30590e+00 3.74810e-01
3.77012e-03 3.37947e+00 3.11536e-01
3.77012e-03 3.45218e+00 2.53871e-01
3.77012e-03 3.52396e+00 2.03030e-01
3.77012e-03 3.59474e+00 1.59514e-01
3.77012e-03 3.66445e+00 1.23242e-01
3.77012e-03 3.73303e+00 9.37202e-02
3.77012e-03 3.80040e+00 7.02103e-02
3.77012e-03 3.86649e+00 5.18609e-02
3.77012e-03 3.93125e+00 3.78047e-02
3.77012e-03 3.99462e+00 2.72233e-02
3.77012e-03 4.05652e+00 1.93859e-02
3.77012e-03 4.11690e+00 1.36673e-02
3.77012e-03 4.17571e+00 9.55150e-03
3.77012e-03 4.23287e+00 6.62577e-03
3.77012e-03 4.28835e+00 4.56875e-03
3.77012e-03 4.34207e+00 3.13624e-03
3.77012e-03 4.39400e+00 2.14665e-03
3.77012e-03 4.44407e+00 1.46747e-03
3.77012e-03 4.49224e+00 1.00362e-03
3.77012e-03 4.53847e+00 6.87889e-04
3.77012e-03 4.58271e+00 4.73360e-04
3.77012e-03 4.62491e+00 3.27619e-04
3.77012e-03 4.66504e+00 2.28473e-04
3.77012e-03 4.70305e+00 1.60831e-04
3.77012e-03 4.73890e+00 1.14486e-04
3.77012e-03 4.77257e+00 8.25552e-05
3.77012e-03 4.80402e+00 6.04071e-05
3.77012e-03 4.83322e+00 4.49267e-05
3.77012e-03 4.86014e+00 3.40161e-05
3.77012e-03 4.88475e+00 2.62592e-05
3.77012e-03 4.90703e+00 2.06973e-05
3.77012e-03 4.92696e+00 1.66782e-05
3.77012e-03 4.94452e+00 1.37566e-05
3.77012e-03 4.95969e+00 1.16270e-05
3.77012e-03 4.97246e+00 1.00794e-05
3.77012e-03 4.98281e+00 8.96922e-06
3.77012e-03 4.99074e+00 8.19825e-06
3.77012e-03 4.99623e+00 7.70112e-06
3.77012e-03 4.99928e+00 7.43709e-06
9.26216e-03 7.15683e-04 -1.39939e+00
9.26216e-03 3.77012e-03 -1.39937e+00
9.26216e-03 9.26216e-03 -1.39924e+00
9.26216e-03 1.71877e-02 -1.39888e+00
9.26216e-03 2.75390e-02 -1.39808e+00
9.26216e-03 4.03061e-02 -1.39658e+00
9.26216e-03 5.54766e-02 -1.39408e+00
9.26216e-03 7.30356e-02 -1.39022e+00
9.26216e-03 9.29659e-02 -1.38461e+00
9.26216e-03 1.15248e-01 -1.37685e+00
9.26216e-03 1.39860e-01 -1.36654e+00
9.26216e-03 1.66779e-01 -1.35331e+00
9.26216e-03 1.95977e-01 -1.33683e+00
9.26216e-03 2.27426e-01 -1.31687e+00
9.26216e-03 2.61096e-01 -1.29330e+00
9.26216e-03 2.96953e-01 -1.26608e+00
9.26216e-03 3.34963e-01 -1.23532e+00
9.26216e-03 3.75089e-01 -1.20122e+00
9.26216e-03 4.17290e-01 -1.16406e+00
9.26216e-03 4.61527e-01 -1.12417e+00
9.26216e-03 5.07755e-01 -1.08190e+00
9.26216e-03 5.55930e-01 -1.03759e+00
9.26216e-03 6.06005e-01 -9.91518e-01
9.26216e-03 6.57930e-01 -9.43880e-01
9.26216e-03 7.11655e-01 -8.94798e-01
9.26216e-03 7.67127e-01 -8.44292e-01
9.26216e-03 8.24292e-01 -7.92295e-01
9.26216e-03 8.83095e-01 -7.38653e-01
9.26216e-03 9.43478e-01 -6.83143e-01
9.26216e-03 1.00538e+00 -6.25486e-01
9.26216e-03 1.06875e+00 -5.65364e-01
9.26216e-03 1.13351e+00 -5.02441e-01
9.26216e-03 1.19960e+00 -4.36385e-01
9.26216e-03 1.26697e+00 -3.66890e-01
9.26216e-03 1.33555e+00 -2.93704e-01
9.26216e-03 1.40526e+00 -2.16664e-01
9.26216e-03 1.47604e+00 -1.35729e-01
9.26216e-03 1.54782e+00 -5.10189e-02
9.26216e-03 1.62053e+00 3.71335e-02
9.26216e-03 1.69410e+00 1.28141e-01
9.26216e-03 1.76846e+00 2.21115e-01
9.26216e-03 1.84353e+00 3.14819e-01
9.26216e-03 1.91924e+00 4.07653e-01
9.26216e-03 1.99553e+00 4.97645e-01
9.26216e-03 2.07230e+00 5.82499e-01
9.26216e-03 2.14949e+00 6.59691e-01
9.26216e-03 2.22703e+00 7.26636e-01
9.26216e-03 2.30483e+00 7.80927e-01
9.26216e-03 2.38282e+00 8.20622e-01
9.26216e-03 2.46093e+00 8.44528e-01
9.26216e-03 2.53907e+00 8.52405e-01
9.26216e-03 2.61718e+00 8.45007e-01
9.26216e-03 2.69517e+00 8.23889e-01
9.26216e-03 2.77297e+00 7.91019e-01
9.26216e-03 2.85051e+00 7.48339e-01
9.26216e-03 2.92770e+00 6.97482e-01
9.26216e-03 3.00447e+00 6.39803e-01
9.26216e-03 3.08076e+00 5.76685e-01
9.26216e-03 3.15647e+00 5.09904e-01
9.26216e-03 3.23154e+00 4.41748e-01
9.26216e-03 3.30590e+00 3.74805e-01
9.26216e-03 3.37947e+00 3.11532e-01
9.26216e-03 3.45218e+00 2.53868e-01
9.26216e-03 3.52396e+00 2.03027e-01
9.26216e-03 3.59474e+00 1.59513e-01
9.26216e-03 3.66445e+00 1.23241e-01
9.26216e-03 3.73303e+00 9.37192e-02
9.26216e-03 3.80040e+00 7.02096e-02
9.26216e-03 3.86649e+00 5.18604e-02
9.26216e-03 3.93125e+00 3.78043e-02
9.26216e-03 3.99462e+00 2.72230e-02
9.26216e-03 4.05652e+00 1.93857e-02
9.26216e-03 4.11690e+00 1.36672e-02
9.26216e-03 4.17571e+00 9.55141e-03
9.26216e-03 4.23287e+00 6.62571e-03
9.26216e-03 4.28835e+00 4.56870e-03
9.26216e-03 4.34207e+00 3.13621e-03
9.26216e-03 4.39400e+00 2.14663e-03
9.26216e-03 4.44407e+00 1.46745e-03
9.26216e-03 4.49224e+00 1.00361e-03
9.26216e-03 4.53847e+00 6.87883e-04
9.26216e-03 4.58271e+00 4.73356e-04
9.26216e-03 4.62491e+00 3.27616e-04
9.26216e-03 4.66504e+00 2.28471e-04
9.26216e-03 4.70305e+00 1.60830e-04
9.26216e-03 4.73890e+00 1.14485e-04
9.26216e-03 4.77257e+00 8.25545e-05
9.26216e-03 4.80402e+00 6.04066e-05
9.26216e-03 4.83322e+00 4.49264e-05
9.26216e-03 4.86014e+00 3.40158e-05
9.26216e-03 4.88475e+00 2.62590e-05
9.26216e-03 4.90703e+00 2.06971e-05
9.26216e-03 4.92696e+00 1.66781e-05
9.26216e-03 4.94452e+00 1.37565e-05
9.26216e-03 4.95969e+00 1.16270e-05
9.26216e-03 4.97246e+00 1.00793e-05
9.26216e-03 4.98281e+00 8.96915e-06
9.26216e-03 4.99074e+00 8.19818e-06
9.26216e-03 4.99623e+00 7.70106e-06
9.26216e-03 4.99928e+00 7.43703e-06
1.71877e-02 7.15683e-04 -1.39903e+00
1.71877e-02 3.77012e-03 -1.39900e+00
1.71877e-02 9.26216e-03 -1.39888e+00
1.71877e-02 1.71877e-02 -1.39852e+00
1.71877e-02 2.75390e-02 -1.39771e+00
1.71877e-02 4.03061e-02 -1.39622e+00
1.71877e-02 5.54766e-02 -1.39372e+00
1.71877e-02 7.30356e-02 -1.38986e+00
1.71877e-02 9.29659e-02 -1.38426e+00
1.71877e-02 1.15248e-01 -1.37652e+00
1.71877e-02 1.39860e-01 -1.36622e+00
1.71877e-02 1.66779e-01 -1.35300e+00
1.71877e-02 1.95977e-01 -1.33654e+00
1.71877e-02 2.27426e-01 -1.31660e+00
1.71877e-02 2.61096e-01 -1.29305e+00
1.71877e-02 2.96953e-01 -1.26586e+00
1.71877e-02 3.34963e-01 -1.23512e+00
1.71877e-02 3.75089e-01 -1.20104e+00
1.71877e-02 4.17290e-01 -1.16390e+00
1.71877e-02 4.61527e-01 -1.12403e+00
1.71877e-02 5.07755e-01 -1.08179e+00
1.71877e-02 5.55930e-01 -1.03750e+00
1.71877e-02 6.06005e-01 -9.91436e-01
1.71877e-02 6.57930e-01 -9.43811e-01
1.71877e-02 7.11655e-01 -8.94740e-01
1.71877e-02 7.67127e-01 -8.44245e-01
1.71877e-02 8.24292e-01 -7.92256e-01
1.71877e-02 8.83095e-01 -7.38622e-01
1.71877e-02 9.43478e-01 -6.83119e-01
1.71877e-02 1.00538e+00 -6.25468e-01
1.71877e-02 1.06875e+00 -5.65353e-01
1.71877e-02 1.13351e+00 -5.02436e-01
1.71877e-02 1.19960e+00 -4.36386e-01
1.71877e-02 1.26697e+00 -3.66896e-01
1.71877e-02 1.33555e+00 -2.93717e-01
1.71877e-02 1.40526e+00 -2.16682e-01
1.71877e-02 1.47604e+00 -1.35752e-01
1.71877e-02 1.54782e+00 -5.10480e-02
1.71877e-02 1.62053e+00 3.70991e-02
1.71877e-02 1.69410e+00 1.28102e-01
1.71877e-02 1.76846e+00 2.21070e-01
1.71877e-02 1.84353e+00 3.14771e-01
1.71877e-02 1.91924e+00 4.07601e-01
1.71877e-02 1.99553e+00 4.97590e-01
1.71877e-02 2.07230e+00 5.82442e-01
1.71877e-02 2.14949e+00 6.59632e-01
1.71877e-02 2.22703e+00 7.26576e-01
1.71877e-02 2.30483e+00 7.80868e-01
1.71877e-02 2.38282e+00 8.20564e-01
1.71877e-02 2.46093e+00 8.44471e-01
1.71877e-02 2.53907e+00 8.52351e-01
1.71877e-02 2.61718e+00 8.44956e-01
1.71877e-02 2.69517e+00 8.23842e-01
1.71877e-02 2.77297e+00 7.90975e-01
1.71877e-02 2.85051e+00 7.48300e-01
1.71877e-02 2.92770e+00 6.97448e-01
1.71877e-02 3.00447e+00 6.39773e-01
1.71877e-02 3.08076e+00 5.76659e-01
1.71877e-02 3.15647e+00 5.09882e-01
1.71877e-02 3.23154e+00 4.41730e-01
1.71877e-02 3.30590e+00 3.74790e-01
1.71877e-02 3.37947e+00 3.11520e-01
1.71877e-02 3.45218e+00 2.53858e-01
1.71877e-02 3.52396e+00 2.03020e-01
1.71877e-02 3.59474e+00 1.59507e-01
1.71877e-02 3.66445e+00 1.23237e-01
1.71877e-02 3.73303e+00 9.37161e-02
1.71877e-02 3.80040e+00 7.02073e-02
1.71877e-02 3.86649e+00 5.18587e-02
1.71877e-02 3.93125e+00 3.78031e-02
1.71877e-02 3.99462e+00 2.72222e-02
1.71877e-02 4.05652e+00 1.93851e-02
1.71877e-02 4.11690e+00 1.36668e-02
1.71877e-02 4.17571e+00 9.55113e-03
1.71877e-02 4.23287e+00 6.62552e-03
1.71877e-02 4.28835e+00 4.56858e-03
1.71877e-02 4.34207e+00 3.13613e-03
1.71877e-02 4.39400e+00 2.14657e-03
1.71877e-02 4.44407e+00 1.46741e-03
1.71877e-02 4.49224e+00 1.00358e-03
1.71877e-02 4.53847e+00 6.87865e-04
1.71877e-02 4.58271e+00 4.73344e-04
1.71877e-02 4.62491e+00 3.27608e-04
1.71877e-02 4.66504e+00 2.28465e-04
1.71877e-02 4.70305e+00 1.60826e-04
1.71877e-02 4.73890e+00 1.14482e-04
1.71877e-02 4.77257e+00 8.25525e-05
1.71877e-02 4.80402e+00 6.04052e-05
1.71877e-02 4.83322e+00 4.49253e-05
1.71877e-02 4.86014e+00 3.40150e-05
1.71877e-02 4.88475e+00 2.62584e-05
1.71877e-02 4.90703e+00 2.06966e-05
1.71877e-02 4.92696e+00 1.66777e-05
1.71877e-02 4.94452e+00 1.37562e-05
1.71877e-02 4.95969e+00 1.16267e-05
1.71877e-02 4.97246e+00 1.00791e-05
1.71877e-02 4.98281e+00 8.96894e-06
1.71877e-02 4.99074e+00 8.19800e-06
1.71877e-02 4.99623e+00 7.70089e-06
1.71877e-02 4.99928e+00 7.43686e-06
2.75390e-02 7.15683e-04 -1.39822e+00
2.75390e-02 3.77012e-03 -1.39820e+00
2.75390e-02 9.26216e-03 -1.39808e+00
2.75390e-02 1.71877e-02 -1.39771e+00
2.75390e-02 2.75390e-02 -1.39692e+00
2.75390e-02 4.03061e-02 -1.39542e+00
2.75390e-02 5.54766e-02 -1.39293e+00
2.75390e-02 7.30356e-02 -1.38909e+00
2.75390e-02 9.29659e-02 -1.38350e+00
2.75390e-02 1.15248e-01 -1.37577e+00
2.75390e-02 1.39860e-01 -1.36550e+00
2.75390e-02 1.66779e-01 -1.35231e+00
2.75390e-02 1.95977e-01 -1.33589e+00
2.75390e-02 2.27426e-01 -1.31600e+00
2.75390e-02 2.61096e-01 -1.29249e+00
2.75390e-02 2.96953e-01 -1.26535e+00
2.75390e-02 3.34963e-01 -1.23467e+00
2.75390e-02 3.75089e-01 -1.20065e+00
2.75390e-02 4.17290e-01 -1.16356e+00
2.75390e-02 4.61527e-01 -1.12374e+00
2.75390e-02 5.07755e-01 -1.08153e+00
2.75390e-02 5.55930e-01 -1.03728e+00
2.75390e-02 6.06005e-01 -9.91254e-01
2.75390e-02 6.57930e-01 -9.43659e-01
2.75390e-02 7.11655e-01 -8.94613e-01
2.75390e-02 7.67127e-01 -8.44140e-01
2.75390e-02 8.24292e-01 -7.92170e-01
2.75390e-02 8.83095e-01 -7.38553e-01
2.75390e-02 9.43478e-01 -6.83066e-01
2.75390e-02 1.00538e+00 -6.25430e-01
2.75390e-02 1.06875e+00 -5.65328e-01
2.75390e-02 1.13351e+00 -5.02425e-01
2.75390e-02 1.19960e+00 -4.36387e-01
2.75390e-02 1.26697e+00 -3.66911e-01
2.75390e-02 1.33555e+00 -2.93744e-01
2.75390e-02 1.40526e+00 -2.16722e-01
2.75390e-02 1.47604e+00 -1.35804e-01
2.75390e-02 1.54782e+00 -5.11124e-02
2.75390e-02 1.62053e+00 3.70230e-02
2.75390e-02 1.69410e+00 1.28015e-01
2.75390e-02 1.76846e+00 2.20973e-01
2.75390e-02 1.84353e+00 3.14664e-01
2.75390e-02 1.91924e+00 4.07486e-01
2.75390e-02 1.99553e+00 4.97468e-01
2.75390e-02 2.07230e+00 5.82315e-01
2.75390e-02 2.14949e+00 6.59502e-01
2.75390e-02 2.22703e+00 7.26444e-01
2.75390e-02 2.30483e+00 7.80736e-01
2.75390e-02 2.38282e+00 8.20434e-01
2.75390e-02 2.46093e+00 8.44345e-01
2.75390e-02 2.53907e+00 8.52231e-01
2.75390e-02 2.61718e+00 8.44844e-01
2.75390e-02 2.69517e+00 8.23737e-01
2.75390e-02 2.77297e+00 7.90880e-01
2.75390e-02 2.85051e+00 7.48214e-01
2.75390e-02 2.92770e+00 6.97371e-01
2.75390e-02 3.00447e+00 6.39706e-01
2.75390e-02 3.08076e+00 5.76602e-01
2.75390e-02 3.15647e+00 5.09834e-01
2.75390e-02 3.23154e+00 4.41690e-01
2.75390e-02 3.30590e+00 3.74757e-01
2.75390e-02 3.37947e+00 3.11494e-01
2.75390e-02 3.45218e+00 2.53838e-01
2.75390e-02 3.52396e+00 2.03004e-01
2.75390e-02 3.59474e+00 1.59495e-01
2.75390e-02 3.66445e+00 1.23227e-01
2.75390e-02 3.73303e+00 9.37092e-02
2.75390e-02 3.80040e+00 7.02022e-02
2.75390e-02 3.86649e+00 5.18551e-02
2.75390e-02 3.93125e+00 3.78005e-02
2.75390e-02 3.99462e+00 2.72204e-02
2.75390e-02 4.05652e+00 1.93839e-02
2.75390e-02 4.11690e+00 1.36659e-02
2.75390e-02 4.17571e+00 9.55053e-03
2.75390e-02 4.23287e+00 6.62511e-03
2.75390e-02 4.28835e+00 4.56830e-03
2.75390e-02 4.34207e+00 3.13594e-03
2.75390e-02 4.39400e+00 2.14645e-03
2.75390e-02 4.44407e+00 1.46733e-03
2.75390e-02 4.49224e+00 1.00352e-03
2.75390e-02 4.53847e+00 6.87826e-04
2.75390e-02 4.58271e+00 4.73317e-04
2.75390e-02 4.62491e+00 3.27590e-04
2.75390e-02 4.66504e+00 2.28452e-04
2.75390e-02 4.70305e+00 1.60817e-04
2.75390e-02 4.73890e+00 1.14476e-04
2.75390e-02 4.77257e+00 8.25481e-05
2.75390e-02 4.80402e+00 6.04020e-05
2.75390e-02 4.83322e+00 4.49229e-05
2.75390e-02 4.86014e+00 3.40132e-05
2.75390e-02 4.88475e+00 2.62570e-05
2.75390e-02 4.90703e+00 2.06955e-05
2.75390e-02 4.92696e+00 1.66768e-05
2.75390e-02 4.94452e+00 1.37555e-05
2.75390e-02 4.95969e+00 1.16261e-05
2.75390e-02 4.97246e+00 1.00785e-05
2.75390e-02 4.98281e+00 8.96849e-06
2.75390e-02 4.99074e+00 8.19758e-06
2.75390e-02 4.99623e+00 7.70050e-06
2.75390e-02 4.99928e+00 7.43649e-06
4.03061e-02 7.15683e-04 -1.39673e+00
4.03061e-02 3.77012e-03 -1.39670e+00
4.03061e-02 9.26216e-03 -1.39658e+00
4.03061e-02 1.71877e-02 -1.39622e+00
4.03061e-02 2.75390e-02 -1.39542e+00
4.03061e-02 4.03061e-02 -1.39394e+00
4.03061e-02 5.54766e-02 -1.39146e+00
4.03061e-02 7.30356e-02 -1.38763e+00
4.03061e-02 9.29659e-02 -1.38208e+00
4.03061e-02 1.15248e-01 -1.37439e+00
4.03061e-02 1.39860e-01 -1.36416e+00
4.03061e-02 1.66779e-01 -1.35104e+00
4.03061e-02 1.95977e-01 -1.33469e+00
4.03061e-02 2.27426e-01 -1.31487e+00
4.03061e-02 2.61096e-01 -1.29146e+00
4.03061e-02 2.96953e-01 -1.26442e+00
4.03061e-02 3.34963e-01 -1.23383e+00
4.03061e-02 3.75089e-01 -1.19991e+00
4.03061e-02 4.17290e-01 -1.16291e+00
4.03061e-02 4.61527e-01 -1.12318e+00
4.03061e-02 5.07755e-01 -1.08106e+00
4.03061e-02 5.55930e-01 -1.03688e+00
4.03061e-02 6.06005e-01 -9.90914e-01
4.03061e-02 6.57930e-01 -9.43374e-01
4.03061e-02 7.11655e-01 -8.94376e-01
4.03061e-02 7.67127e-01 -8.43944e-01
4.03061e-02 8.24292e-01 -7.92010e-01
4.03061e-02 8.83095e-01 -7.38425e-01
4.03061e-02 9.43478e-01 -6.82967e-01
4.03061e-02 1.00538e+00 -6.25358e-01
4.03061e-02 1.06875e+00 -5.65281e-01
4.03061e-02 1.13351e+00 -5.02403e-01
4.03061e-02 1.19960e+00 -4.36390e-01
4.03061e-02 1.26697e+00 -3.66937e-01
4.03061e-02 1.33555e+00 -2.93794e-01
4.03061e-02 1.40526e+00 -2.16796e-01
4.03061e-02 1.47604e+00 -1.35902e-01
4.03061e-02 1.54782e+00 -5.12328e-02
4.03061e-02 1.62053e+00 3.68806e-02
4.03061e-02 1.69410e+00 1.27851e-01
4.03061e-02 1.76846e+00 2.20790e-01
4.03061e-02 1.84353e+00 3.14464e-01
4.03061e-02 1.91924e+00 4.07271e-01
4.03061e-02 1.99553e+00 4.97241e-01
4.03061e-02 2.07230e+00 5.82078e-01
4.03061e-02 2.14949e+00 6.59258e-01
4.03061e-02 2.22703e+00 7.26198e-01
4.03061e-02 2.30483e+00 7.80490e-01
4.03061e-02 2.38282e+00 8.20192e-01
4.03061e-02 2.46093e+00 8.44111e-01
4.03061e-02 2.53907e+00 8.52007e-01
4.03061e-02 2.61718e+00 8.44632e-01
4.03061e-02 2.69517e+00 8.23541e-01
4.03061e-02 2.77297e+00 7.90701e-01
4.03061e-02 2.85051e+00 7.48053e-01
4.03061e-02 2.92770e+00 6.97229e-01
4.03061e-02 3.00447e+00 6.39582e-01
4.03061e-02 3.08076e+00 5.76496e-01
4.03061e-02 3.15647e+00 5.09744e-01
4.03061e-02 3.23154e+00 4.41615e-01
4.03061e-02 3.30590e+00 3.74696e-01
4.03061e-02 3.37947e+00 3.11445e-01
4.03061e-02 3.45218e+00 2.53799e-01
4.03061e-02 3.52396e+00 2.02974e-01
4.03061e-02 3.59474e+00 1.59472e-01
4.03061e-02 3.66445e+00 1.23210e-01
4.03061e-02 3.73303e+00 9.36963e-02
4.03061e-02 3.80040e+00 7.01928e-02
4.03061e-02 3.86649e+00 5.18483e-02
4.03061e-02 3.93125e+00 3.77957e-02
4.03061e-02 3.99462e+00 2.72169e-02
4.03061e-02 4.05652e+00 1.93815e-02
4.03061e-02 4.11690e+00 1.36642e-02
4.03061e-02 4.17571e+00 9.54939e-03
4.03061e-02 4.23287e+00 6.62433e-03
4.03061e-02 4.28835e+00 4.56777e-03
4.03061e-02 4.34207e+00 3.13558e-03
4.03061e-02 4.39400e+00 2.14621e-03
4.03061e-02 4.44407e+00 1.46717e-03
4.03061e-02 4.49224e+00 1.00341e-03
4.03061e-02 4.53847e+00 6.87753e-04
4.03061e-02 4.58271e+00 4.73268e-04
4.03061e-02 4.62491e+00 3.27556e-04
4.03061e-02 4.66504e+00 2.28429e-04
4.03061e-02 4.70305e+00 1.60801e-04
4.03061e-02 4.73890e+00 1.14465e-04
4.03061e-02 4.77257e+00 8.25398e-05
4.03061e-02 4.80402e+00 6.03960e-05
4.03061e-02 4.83322e+00 4.49185e-05
4.03061e-02 4.86014e+00 3.40099e-05
4.03061e-02 4.88475e+00 2.62545e-05
4.03061e-02 4.90703e+00 2.06936e-05
4.03061e-02 4.92696e+00 1.66752e-05
4.03061e-02 4.94452e+00 1.37542e-05
4.03061e-02 4.95969e+00 1.16250e-05
4.03061e-02 4.97246e+00 1.00776e-05
4.03061e-02 4.98281e+00 8.96764e-06
4.03061e-02 4.99074e+00 8.19681e-06
4.03061e-02 4.99623e+00 7.69978e-06
4.03061e-02 4.99928e+00 7.43579e-06
5.54766e-02 7.15683e-04 -1.39422e+00
5.54766e-02 3.77012e-03 -1.39420e+00
5.54766e-02 9.26216e-03 -1.39408e+00
5.54766e-02 1.71877e-02 -1.39372e+00
5.54766e-02 2.75390e-02 -1.39293e+00
5.54766e-02 4.03061e-02 -1.39146e+00
5.54766e-02 5.54766e-02 -1.38900e+00
5.54766e-02 7.30356e-02 -1.38521e+00
5.54766e-02 9.29659e-02 -1.37970e+00
5.54766e-02 1.15248e-01 -1.37207e+00
5.54766e-02 1.39860e-01 -1.36193e+00
5.54766e-02 1.66779e-01 -1.34890e+00
5.54766e-02 1.95977e-01 -1.33267e+00
5.54766e-02 2.27426e-01 -1.31299e+00
5.54766e-02 2.61096e-01 -1.28973e+00
5.54766e-02 2.96953e-01 -1.26285e+00
5.54766e-02 3.34963e-01 -1.23243e+00
5.54766e-02 3.75089e-01 -1.19867e+00
5.54766e-02 4.17290e-01 -1.16183e+00
5.54766e-02 4.61527e-01 -1.12225e+00
5.54766e-02 5.07755e-01 -1.08026e+00
5.54766e-02 5.55930e-01 -1.03620e+00
5.54766e-02 6.06005e-01 -9.90344e-01
5.54766e-02 6.57930e-01 -9.42896e-01
5.54766e-02 7.11655e-01 -8.93978e-01
5.54766e-02 7.67127e-01 -8.43614e-01
5.54766e-02 8.24292e-01 -7.91741e-01
5.54766e-02 8.83095e-01 -7.38210e-01
5.54766e-02 9.43478e-01 -6.82800e-01
5.54766e-02 1.00538e+00 -6.25236e-01
5.54766e-02 1.06875e+00 -5.65203e-01
5.54766e-02 1.13351e+00 -5.02366e-01
5.54766e-02 1.19960e+00 -4.36394e-01
5.54766e-02 1.26697e+00 -3.66982e-01
5.54766e-02 1.33555e+00 -2.93879e-01
5.54766e-02 1.40526e+00 -2.16921e-01
5.54766e-02 1.47604e+00 -1.36066e-01
5.54766e-02 1.54782e+00 -5.14347e-02
5.54766e-02 1.62053e+00 3.66418e-02
5.54766e-02 1.69410e+00 1.27578e-01
5.54766e-02 1.76846e+00 2.20484e-01
5.54766e-02 1.84353e+00 3.14128e-01
5.54766e-02 1.91924e+00 4.06910e-01
5.54766e-02 1.99553e+00 4.96859e-01
5.54766e-02 2.07230e+00 5.81679e-01
5.54766e-02 2.14949e+00 6.58849e-01
5.54766e-02 2.22703e+00 7.25784e-01
5.54766e-02 2.30483e+00 7.80077e-01
5.54766e-02 2.38282e+00 8.19786e-01
5.54766e-02 2.46093e+00 8.43717e-01
5.54766e-02 2.53907e+00 8.51630e-01
5.54766e-02 2.61718e+00 8.44278e-01
5.54766e-02 2.69517e+00 8.23213e-01
5.54766e-02 2.77297e+00 7.90401e-01
5.54766e-02 2.85051e+00 7.47783e-01
5.54766e-02 2.92770e+00 6.96990e-01
5.54766e-02 3.00447e+00 6.39373e-01
5.54766e-02 3.08076e+00 5.76317e-01
5.54766e-02 3.15647e+00 5.09593e-01
5.54766e-02 3.23154e+00 4.41490e-01
5.54766e-02 3.30590e+00 3.74594e-01
5.54766e-02 3.37947e+00 3.11363e-01
5.54766e-02 3.45218e+00 2.53734e-01
5.54766e-02 3.52396e+00 2.02924e-01
5.54766e-02 3.59474e+00 1.59433e-01
5.54766e-02 3.66445e+00 1.23181e-01
5.54766e-02 3.73303e+00 9.36747e-02
5.54766e-02 3.80040e+00 7.01770e-02
5.54766e-02 3.86649e+00 5.18368e-02
5.54766e-02 3.93125e+00 3.77875e-02
5.54766e-02 3.99462e+00 2.72112e-02
5.54766e-02 4.05652e+00 1.93774e-02
5.54766e-02 4.11690e+00 1.36614e-02
5.54766e-02 4.17571e+00 9.54748e-03
5.54766e-02 4.23287e+00 6.62303e-03
5.54766e-02 4.28835e+00 4.56689e-03
5.54766e-02 4.34207e+00 3.13499e-03
5.54766e-02 4.39400e+00 2.14581e-03
5.54766e-02 4.44407e+00 1.46690e-03
5.54766e-02 4.49224e+00 1.00323e-03
5.54766e-02 4.53847e+00 6.87629e-04
5.54766e-02 4.58271e+00 4.73184e-04
5.54766e-02 4.62491e+00 3.27498e-04
5.54766e-02 4.66504e+00 2.28390e-04
5.54766e-02 4.70305e+00 1.60773e-04
5.54766e-02 4.73890e+00 1.14445e-04
5.54766e-02 4.77257e+00 8.25260e-05
5.54766e-02 4.80402e+00 6.03860e-05
5.54766e-02 4.83322e+00 4.49111e-05
5.54766e-02 4.86014e+00 3.40043e-05
5.54766e-02 4.88475e+00 2.62502e-05
5.54766e-02 4.90703e+00 2.06902e-05
5.54766e-02 4.92696e+00 1.66725e-05
5.54766e-02 4.94452e+00 1.37520e-05
5.54766e-02 4.95969e+00 1.16231e-05
5.54766e-02 4.97246e+00 1.00760e-05
5.54766e-02 4.98281e+00 8.96622e-06
5.54766e-02 4.99074e+00 8.19551e-06
5.54766e-02 4.99623e+00 7.69856e-06
5.54766e-02 4.99928e+00 7.43462e-06
7.30356e-02 7.15683e-04 -1.39036e+00
7.30356e-02 3.77012e-03 -1.39034e+00
7.30356e-02 9.26216e-03 -1.39022e+00
7.30356e-02 1.71877e-02 -1.38986e+00
7.30356e-02 2.75390e-02 -1.38909e+00
7.30356e-02 4.03061e-02 -1.38763e+00
7.30356e-02 5.54766e-02 -1.38521e+00
7.30356e-02 7.30356e-02 -1.38146e+00
7.30356e-02 9.29659e-02 -1.37602e+00
7.30356e-02 1.15248e-01 -1.36849e+00
7.30356e-02 1.39860e-01 -1.35847e+00
7.30356e-02 1.66779e-01 -1.34559e+00
7.30356e-02 1.95977e-01 -1.32955e+00
7.30356e-02 2.27426e-01 -1.31008e+00
7.30356e-02 2.61096e-01 -1.28705e+00
7.30356e-02 2.96953e-01 -1.26041e+00
7.30356e-02 3.34963e-01 -1.23025e+00
7.30356e-02 3.75089e-01 -1.19674e+00
7.30356e-02 4.17290e-01 -1.16015e+00
7.30356e-02 4.61527e-01 -1.12080e+00
7.30356e-02 5.07755e-01 -1.07902e+00
7.30356e-02 5.55930e-01 -1.03515e+00
7.30356e-02 6.06005e-01 -9.89458e-01
7.30356e-02 6.57930e-01 -9.42153e-01
7.30356e-02 7.11655e-01 -8.93358e-01
7.30356e-02 7.67127e-01 -8.43102e-01
7.30356e-02 8.24292e-01 -7.91322e-01
7.30356e-02 8.83095e-01 -7.37874e-01
7.30356e-02 9.43478e-01 -6.82541e-01
7.30356e-02 1.00538e+00 -6.25047e-01
7.30356e-02 1.06875e+00 -5.65081e-01
7.30356e-02 1.13351e+00 -5.02309e-01
7.30356e-02 1.19960e+00 -4.36401e-01
7.30356e-02 1.26697e+00 -3.67051e-01
7.30356e-02 1.33555e+00 -2.94011e-01
7.30356e-02 1.40526e+00 -2.17114e-01
7.30356e-02 1.47604e+00 -1.36320e-01
7.30356e-02 1.54782e+00 -5.17481e-02
7.30356e-02 1.62053e+00 3.62712e-02
7.30356e-02 1.69410e+00 1.27153e-01
7.30356e-02 1.76846e+00 2.20009e-01
7.30356e-02 1.84353e+00 3.13607e-01
7.30356e-02 1.91924e+00 4.06349e-01
7.30356e-02 1.99553e+00 4.96265e-01
7.30356e-02 2.07230e+00 5.81061e-01
7.30356e-02 2.14949e+00 6.58214e-01
7.30356e-02 2.22703e+00 7.25141e-01
7.30356e-02 2.30483e+00 7.79436e-01
7.30356e-02 2.38282e+00 8.19155e-01
7.30356e-02 2.46093e+00 8.43105e-01
7.30356e-02 2.53907e+00 8.51046e-01
7.30356e-02 2.61718e+00 8.43728e-01
7.30356e-02 2.69517e+00 8.22703e-01
7.30356e-02 2.77297e+00 7.89935e-01
7.30356e-02 2.85051e+00 7.47363e-01
7.30356e-02 2.92770e+00 6.96618e-01
7.30356e-02 3.00447e+00 6.39050e-01
7.30356e-02 3.08076e+00 5.76039e-01
7.30356e-02 3.15647e+00 5.09359e-01
7.30356e-02 3.23154e+00 4.41295e-01
7.30356e-02 3.30590e+00 3.74435e-01
7.30356e-02 3.37947e+00 3.11236e-01
7.30356e-02 3.45218e+00 2.53633e-01
7.30356e-02 3.52396e+00 2.02845e-01
7.30356e-02 3.59474e+00 1.59373e-01
7.30356e-02 3.66445e+00 1.23136e-01
7.30356e-02 3.73303e+00 9.36412e-02
7.30356e-02 3.80040e+00 7.01524e-02
7.30356e-02 3.86649e+00 5.18191e-02
7.30356e-02 3.93125e+00 3.77748e-02
7.30356e-02 3.99462e+00 2.72022e-02
7.30356e-02 4.05652e+00 1.93712e-02
7.30356e-02 4.11690e+00 1.36571e-02
7.30356e-02 4.17571e+00 9.54452e-03
7.30356e-02 4.23287e+00 6.62101e-03
7.30356e-02 4.28835e+00 4.56552e-03
7.30356e-02 4.34207e+00 3.13407e-03
7.30356e-02 4.39400e+00 2.14518e-03
7.30356e-02 4.44407e+00 1.46648e-03
7.30356e-02 4.49224e+00 1.00295e-03
7.30356e-02 4.53847e+00 6.87438e-04
7.30356e-02 4.58271e+00 4.73054e-04
7.30356e-02 4.62491e+00 3.27409e-04
7.30356e-02 4.66504e+00 2.28328e-04
7.30356e-02 4.70305e+00 1.60731e-04
7.30356e-02 4.73890e+00 1.14415e-04
7.30356e-02 4.77257e+00 8.25045e-05
7.30356e-02 4.80402e+00 6.03704e-05
7.30356e-02 4.83322e+00 4.48996e-05
7.30356e-02 4.86014e+00 3.39957e-05
7.30356e-02 4.88475e+00 2.62436e-05
7.30356e-02 4.90703e+00 2.06850e-05
7.30356e-02 4.92696e+00 1.66684e-05
7.30356e-02 4.94452e+00 1.37486e-05
7.30356e-02 4.95969e+00 1.16203e-05
7.30356e-02 4.97246e+00 1.00735e-05
7.30356e-02 4.98281e+00 8.96401e-06
7.30356e-02 4.99074e+00 8.19350e-06
7.30356e-02 4.99623e+00 7.69667e-06
7.30356e-02 4.99928e+00 7.43279e-06
9.29659e-02 7.15683e-04 -1.38475e+00
9.29659e-02 3.77012e-03 -1.38473e+00
9.29659e-02 9.26216e-03 -1.38461e+00
9.29659e-02 1.71877e-02 -1.38426e+00
9.29659e-02 2.75390e-02 -1.38350e+00
9.29659e-02 4.03061e-02 -1.38208e+00
9.29659e-02 5.54766e-02 -1.37970e+00
9.29659e-02 7.30356e-02 -1.37602e+00
9.29659e-02 9.29659e-02 -1.37068e+00
9.29659e-02 1.15248e-01 -1.36328e+00
9.29659e-02 1.39860e-01 -1.35344e+00
9.29659e-02 1.66779e-01 -1.34079e+00
9.29659e-02 1.95977e-01 -1.32500e+00
9.29659e-02 2.27426e-01 -1.30584e+00
9.29659e-02 2.61096e-01 -1.28314e+00
9.29659e-02 2.96953e-01 -1.25686e+00
9.29659e-02 3.34963e-01 -1.22707e+00
9.29659e-02 3.75089e-01 -1.19393e+00
9.29659e-02 4.17290e-01 -1.15769e+00
9.29659e-02 4.61527e-01 -1.11868e+00
9.29659e-02 5.07755e-01 -1.07721e+00
9.29659e-02 5.55930e-01 -1.03361e+00
9.29659e-02 6.06005e-01 -9.88157e-01
9.29659e-02 6.57930e-01 -9.41061e-01
9.29659e-02 7.11655e-01 -8.92448e-01
9.29659e-02 7.67127e-01 -8.42348e-01
9.29659e-02 8.24292e-01 -7.90707e-01
9.29659e-02 8.83095e-01 -7.37382e-01
9.29659e-02 9.43478e-01 -6.82159e-01
9.29659e-02 1.00538e+00 -6.24769e-01
9.29659e-02 1.06875e+00 -5.64901e-01
9.29659e-02 1.13351e+00 -5.02224e-01
9.29659e-02 1.19960e+00 -4.36409e-01
9.29659e-02 1.26697e+00 -3.67152e-01
9.29659e-02 1.33555e+00 -2.94203e-01
9.29659e-02 1.40526e+00 -2.17397e-01
9.29659e-02 1.47604e+00 -1.36691e-01
9.29659e-02 1.54782e+00 -5.22069e-02
9.29659e-02 1.62053e+00 3.57283e-02
9.29659e-02 1.69410e+00 1.26530e-01
9.29659e-02 1.76846e+00 2.19312e-01
9.29659e-02 1.84353e+00 3.12844e-01
9.29659e-02 1.91924e+00 4.05528e-01
9.29659e-02 1.99553e+00 4.95395e-01
9.29659e-02 2.07230e+00 5.80154e-01
9.29659e-02 2.14949e+00 6.57283e-01
9.29659e-02 2.22703e+00 7.24198e-01
9.29659e-02 2.30483e+00 7.78495e-01
9.29659e-02 2.38282e+00 8.18230e-01
9.29659e-02 2.46093e+00 8.42209e-01
9.29659e-02 2.53907e+00 8.50189e-01
9.29659e-02 2.61718e+00 8.42921e-01
9.29659e-02 2.69517e+00 8.21954e-01
9.29659e-02 2.77297e+00 7.89251e-01
9.29659e-02 2.85051e+00 7.46748e-01
9.29659e-02 2.92770e+00 6.96074e-01
9.29659e-02 3.00447e+00 6.38575e-01
9.29659e-02 3.08076e+00 5.75632e-01
9.29659e-02 3.15647e+00 5.09015e-01
9.29659e-02 3.23154e+00 4.41010e-01
9.29659e-02 3.30590e+00 3.74202e-01
9.29659e-02 3.37947e+00 3.11048e-01
9.29659e-02 3.45218e+00 2.53486e-01
9.29659e-02 3.52396e+00 2.02730e-01
9.29659e-02 3.59474e+00 1.59285e-01
9.29659e-02 3.66445e+00 1.23069e-01
9.29659e-02 3.73303e+00 9.35919e-02
9.29659e-02 3.80040e+00 7.01164e-02
9.29659e-02 3.86649e+00 5.17930e-02
9.29659e-02 3.93125e+00 3.77562e-02
9.29659e-02 3.99462e+00 2.71891e-02
9.29659e-02 4.05652e+00 1.93620e-02
9.29659e-02 4.11690e+00 1.36508e-02
9.29659e-02 4.17571e+00 9.54018e-03
9.29659e-02 4.23287e+00 6.61805e-03
9.29659e-02 4.28835e+00 4.56352e-03
9.29659e-02 4.34207e+00 3.13271e-03
9.29659e-02 4.39400e+00 2.14427e-03
9.29659e-02 4.44407e+00 1.46586e-03
9.29659e-02 4.49224e+00 1.00253e-03
9.29659e-02 4.53847e+00 6.87157e-04
9.29659e-02 4.58271e+00 4.72863e-04
9.29659e-02 4.62491e+00 3.27279e-04
9.29659e-02 4.66504e+00 2.28238e-04
9.29659e-02 4.70305e+00 1.60668e-04
9.29659e-02 4.73890e+00 1.14371e-04
9.29659e-02 4.77257e+00 8.24729e-05
9.29659e-02 4.80402e+00 6.03475e-05
9.29659e-02 4.83322e+00 4.48827e-05
9.29659e-02 4.86014e+00 3.39830e-05
9.29659e-02 4.88475e+00 2.62338e-05
9.29659e-02 4.90703e+00 2.06774e-05
9.29659e-02 4.92696e+00 1.66623e-05
9.29659e-02 4.94452e+00 1.37435e-05
9.29659e-02 4.95969e+00 1.16160e-05
9.29659e-02 4.97246e+00 1.00699e-05
9.29659e-02 4.98281e+00 8.96077e-06
9.29659e-02 4.99074e+00 8.19054e-06
9.29659e-02 4.99623e+00 7.69390e-06
9.29659e-02 4.99928e+00 7.43012e-06
1.15248e-01 7.15683e-04 -1.37699e+00
1.15248e-01 3.77012e-03 -1.37697e+00
1.15248e-01 9.26216e-03 -1.37685e+00
1.15248e-01 1.71877e-02 -1.37652e+00
1.15248e-01 2.75390e-02 -1.37577e+00
1.15248e-01 4.03061e-02 -1.37439e+00
1.15248e-01 5.54766e-02 -1.37207e+00
1.15248e-01 7.30356e-02 -1.36849e+00
1.15248e-01 9.29659e-02 -1.36328e+00
1.15248e-01 1.15248e-01 -1.35607e+00
1.15248e-01 1.39860e-01 -1.34647e+00
1.15248e-01 1.66779e-01 -1.33412e+00
1.15248e-01 1.95977e-01 -1.31869e+00
1.15248e-01 2.27426e-01 -1.29994e+00
1.15248e-01 2.61096e-01 -1.27770e+00
1.15248e-01 2.96953e-01 -1.25191e+00
1.15248e-01 3.34963e-01 -1.22263e+00
1.15248e-01 3.75089e-01 -1.19000e+00
1.15248e-01 4.17290e-01 -1.15425e+00
1.15248e-01 4.61527e-01 -1.11570e+00
1.15248e-01 5.07755e-01 -1.07466e+00
1.15248e-01 5.55930e-01 -1.03144e+00
1.15248e-01 6.06005e-01 -9.86328e-01
1.15248e-01 6.57930e-01 -9.39527e-01
1.15248e-01 7.11655e-01 -8.91167e-01
1.15248e-01 7.67127e-01 -8.41289e-01
1.15248e-01 8.24292e-01 -7.89841e-01
1.15248e-01 8.83095e-01 -7.36688e-01
1.15248e-01 9.43478e-01 -6.81622e-01
1.15248e-01 1.00538e+00 -6.24377e-01
1.15248e-01 1.06875e+00 -5.64647e-01
1.15248e-01 1.13351e+00 -5.02104e-01
1.15248e-01 1.19960e+00 -4.36420e-01
1.15248e-01 1.26697e+00 -3.67292e-01
1.15248e-01 1.33555e+00 -2.94471e-01
1.15248e-01 1.40526e+00 -2.17792e-01
1.15248e-01 1.47604e+00 -1.37212e-01
1.15248e-01 1.54782e+00 -5.28494e-02
1.15248e-01 1.62053e+00 3.49679e-02
1.15248e-01 1.69410e+00 1.25658e-01
1.15248e-01 1.76846e+00 2.18336e-01
1.15248e-01 1.84353e+00 3.11774e-01
1.15248e-01 1.91924e+00 4.04376e-01
1.15248e-01 1.99553e+00 4.94176e-01
1.15248e-01 2.07230e+00 5.78883e-01
1.15248e-01 2.14949e+00 6.55977e-01
1.15248e-01 2.22703e+00 7.22877e-01
1.15248e-01 2.30483e+00 7.77177e-01
1.15248e-01 2.38282e+00 8.16933e-01
1.15248e-01 2.46093e+00 8.40951e-01
1.15248e-01 2.53907e+00 8.48988e-01
1.15248e-01 2.61718e+00 8.41790e-01
1.15248e-01 2.69517e+00 8.20905e-01
1.15248e-01 2.77297e+00 7.88292e-01
1.15248e-01 2.85051e+00 7.45886e-01
1.15248e-01 2.92770e+00 6.95309e-01
1.15248e-01 3.00447e+00 6.37909e-01
1.15248e-01 3.08076e+00 5.75060e-01
1.15248e-01 3.15647e+00 5.08532e-01
1.15248e-01 3.23154e+00 4.40610e-01
1.15248e-01 3.30590e+00 3.73875e-01
1.15248e-01 3.37947e+00 3.10786e-01
1.15248e-01 3.45218e+00 2.53278e-01
1.15248e-01 3.52396e+00 2.02569e-01
1.15248e-01 3.59474e+00 1.59162e-01
1.15248e-01 3.66445e+00 1.22976e-01
1.15248e-01 3.73303e+00 9.35228e-02
1.15248e-01 3.80040e+00 7.00658e-02
1.15248e-01 3.86649e+00 5.17565e-02
1.15248e-01 3.93125e+00 3.77301e-02
1.15248e-01 3.99462e+00 2.71707e-02
1.15248e-01 4.05652e+00 1.93492e-02
1.15248e-01 4.11690e+00 1.36419e-02
1.15248e-01 4.17571e+00 9.53407e-03
1.15248e-01 4.23287e+00 6.61389e-03
1.15248e-01 4.28835e+00 4.56070e-03
1.15248e-01 4.34207e+00 3.13081e-03
1.15248e-01 4.39400e+00 2.14299e-03
1.15248e-01 4.44407e+00 1.46500e-03
1.15248e-01 4.49224e+00 1.00195e-03
1.15248e-01 4.53847e+00 6.86763e-04
1.15248e-01 4.58271e+00 4.72595e-04
1.15248e-01 4.62491e+00 3.27096e-04
1.15248e-01 4.66504e+00 2.28112e-04
1.15248e-01 4.70305e+00 1.60580e-04
1.15248e-01 4.73890e+00 1.14309e-04
1.15248e-01 4.77257e+00 8.24286e-05
1.15248e-01 4.80402e+00 6.03153e-05
1.15248e-01 4.83322e+00 4.48590e-05
1.15248e-01 4.86014e+00 3.39651e-05
1.15248e-01 4.88475e+00 2.62201e-05
1.15248e-01 4.90703e+00 2.06667e-05
1.15248e-01 4.92696e+00 1.66537e-05
1.15248e-01 4.94452e+00 1.37365e-05
1.15248e-01 4.95969e+00 1.16101e-05
1.15248e-01 4.97246e+00 1.00647e-05
1.15248e-01 4.98281e+00 8.95622e-06
1.15248e-01 4.99074e+00 8.18639e-06
1.15248e-01 4.99623e+00 7.69000e-06
1.15248e-01 4.99928e+00 7.42636e-06
1.39860e-01 7.15683e-04 -1.36668e+00
1.39860e-01 3.77012e-03 -1.36665e+00
1.39860e-01 9.26216e-03 -1.36654e+00
1.39860e-01 1.71877e-02 -1.36622e+00
1.39860e-01 2.75390e-02 -1.36550e+00
1.39860e-01 4.03061e-02 -1.36416e+00
1.39860e-01 5.54766e-02 -1.36193e+00
1.39860e-01 7.30356e-02 -1.35847e+00
1.39860e-01 9.29659e-02 -1.35344e+00
1.39860e-01 1.15248e-01 -1.34647e+00
1.39860e-01 1.39860e-01 -1.33718e+00
1.39860e-01 1.66779e-01 -1.32522e+00
1.39860e-01 1.95977e-01 -1.31026e+00
1.39860e-01 2.27426e-01 -1.29205e+00
1.39860e-01 2.61096e-01 -1.27041e+00
1.39860e-01 2.96953e-01 -1.24527e+00
1.39860e-01 3.34963e-01 -1.21666e+00
1.39860e-01 3.75089e-01 -1.18470e+00
1.39860e-01 4.17290e-01 -1.14961e+00
1.39860e-01 4.61527e-01 -1.11168e+00
1.39860e-01 5.07755e-01 -1.07121e+00
1.39860e-01 5.55930e-01 -1.02851e+00
1.39860e-01 6.06005e-01 -9.83847e-01
1.39860e-01 6.57930e-01 -9.37442e-01
1.39860e-01 7.11655e-01 -8.89427e-01
1.39860e-01 7.67127e-01 -8.39848e-01
1.39860e-01 8.24292e-01 -7.88662e-01
1.39860e-01 8.83095e-01 -7.35743e-01
1.39860e-01 9.43478e-01 -6.80890e-01
1.39860e-01 1.00538e+00 -6.23843e-01
1.39860e-01 1.06875e+00 -5.64300e-01
1.39860e-01 1.13351e+00 -5.01938e-01
1.39860e-01 1.19960e+00 -4.36431e-01
1.39860e-01 1.26697e+00 -3.67478e-01
1.39860e-01 1.33555e+00 -2.94831e-01
1.39860e-01 1.40526e+00 -2.18324e-01
1.39860e-01 1.47604e+00 -1.37913e-01
1.39860e-01 1.54782e+00 -5.37168e-02
1.39860e-01 1.62053e+00 3.39407e-02
1.39860e-01 1.69410e+00 1.24479e-01
1.39860e-01 1.76846e+00 2.17017e-01
1.39860e-01 1.84353e+00 3.10328e-01
1.39860e-01 1.91924e+00 4.02818e-01
1.39860e-01 1.99553e+00 4.92527e-01
1.39860e-01 2.07230e+00 5.77164e-01
1.39860e-01 2.14949e+00 6.54211e-01
1.39860e-01 2.22703e+00 7.21089e-01
1.39860e-01 2.30483e+00 7.75392e-01
1.39860e-01 2.38282e+00 8.15177e-01
1.39860e-01 2.46093e+00 8.39248e-01
1.39860e-01 2.53907e+00 8.47361e-01
1.39860e-01 2.61718e+00 8.40258e-01
1.39860e-01 2.69517e+00 8.19484e-01
1.39860e-01 2.77297e+00 7.86994e-01
1.39860e-01 2.85051e+00 7.44717e-01
1.39860e-01 2.92770e+00 6.94275e-01
1.39860e-01 3.00447e+00 6.37006e-01
1.39860e-01 3.08076e+00 5.74286e-01
1.39860e-01 3.15647e+00 5.07879e-01
1.39860e-01 3.23154e+00 4.40067e-01
1.39860e-01 3.30590e+00 3.73432e-01
1.39860e-01 3.37947e+00 3.10430e-01
1.39860e-01 3.45218e+00 2.52997e-01
1.39860e-01 3.52396e+00 2.02350e-01
1.39860e-01 3.59474e+00 1.58995e-01
1.39860e-01 3.66445e+00 1.22850e-01
1.39860e-01 3.73303e+00 9.34292e-02
1.39860e-01 3.80040e+00 6.99972e-02
1.39860e-01 3.86649e+00 5.17069e-02
1.39860e-01 3.93125e+00 3.76948e-02
1.39860e-01 3.99462e+00 2.71458e-02
1.39860e-01 4.05652e+00 1.93318e-02
1.39860e-01 4.11690e+00 1.36298e-02
1.39860e-01 4.17571e+00 9.52580e-03
1.39860e-01 4.23287e+00 6.60826e-03
1.39860e-01 4.28835e+00 4.55687e-03
1.39860e-01 4.34207e+00 3.12822e-03
1.39860e-01 4.39400e+00 2.14125e-03
1.39860e-01 4.44407e+00 1.46383e-03
1.39860e-01 4.49224e+00 1.00116e-03
1.39860e-01 4.53847e+00 6.86228e-04
1.39860e-01 4.58271e+00 4.72232e-04
1.39860e-01 4.62491e+00 3.26847e-04
1.39860e-01 4.66504e+00 2.27941e-04
1.39860e-01 4.70305e+00 1.60461e-04
1.39860e-01 4.73890e+00 1.14225e-04
1.39860e-01 4.77257e+00 8.23685e-05
1.39860e-01 4.80402e+00 6.02717e-05
1.39860e-01 4.83322e+00 4.48268e-05
1.39860e-01 4.86014e+00 3.39409e-05
1.39860e-01 4.88475e+00 2.62016e-05
1.39860e-01 4.90703e+00 2.06521e-05
1.39860e-01 4.92696e+00 1.66420e-05
1.39860e-01 4.94452e+00 1.37269e-05
1.39860e-01 4.95969e+00 1.16020e-05
1.39860e-01 4.97246e+00 1.00578e-05
1.39860e-01 4.98281e+00 8.95004e-06
1.39860e-01 4.99074e+00 8.18075e-06
1.39860e-01 4.99623e+00 7.68472e-06
1.39860e-01 4.99928e+00 7.42126e-06
1.66779e-01 7.15683e-04 -1.35344e+00
1.66779e-01 3.77012e-03 -1.35342e+00
1.66779e-01 9.26216e-03 -1.35331e+00
1.66779e-01 1.71877e-02 -1.35300e+00
1.66779e-01 2.75390e-02 -1.35231e+00
1.66779e-01 4.03061e-02 -1.35104e+00
1.66779e-01 5.54766e-02 -1.34890e+00
1.66779e-01 7.30356e-02 -1.34559e+00
1.66779e-01 9.29659e-02 -1.34079e+00
1.66779e-01 1.15248e-01 -1.33412e+00
1.66779e-01 1.39860e-01 -1.32522e+00
1.66779e-01 1.66779e-01 -1.31374e+00
1.66779e-01 1.95977e-01 -1.29937e+00
1.66779e-01 2.27426e-01 -1.28184e+00
1.66779e-01 2.61096e-01 -1.26096e+00
1.66779e-01 2.96953e-01 -1.23663e+00
1.66779e-01 3.34963e-01 -1.20887e+00
1.66779e-01 3.75089e-01 -1.17778e+00
1.66779e-01 4.17290e-01 -1.14354e+00
1.66779e-01 4.61527e-01 -1.10640e+00
1.66779e-01 5.07755e-01 -1.06667e+00
1.66779e-01 5.55930e-01 -1.02464e+00
1.66779e-01 6.06005e-01 -9.80575e-01
1.66779e-01 6.57930e-01 -9.34690e-01
1.66779e-01 7.11655e-01 -8.87128e-01
1.66779e-01 7.67127e-01 -8.37943e-01
1.66779e-01 8.24292e-01 -7.87104e-01
1.66779e-01 8.83095e-01 -7.34493e-01
1.66779e-01 9.43478e-01 -6.79920e-01
1.66779e-01 1.00538e+00 -6.23133e-01
1.66779e-01 1.06875e+00 -5.63837e-01
1.66779e-01 1.13351e+00 -5.01714e-01
1.66779e-01 1.19960e+00 -4.36440e-01
1.66779e-01 1.26697e+00 -3.67718e-01
1.66779e-01 1.33555e+00 -2.95300e-01
1.66779e-01 1.40526e+00 -2.19020e-01
1.66779e-01 1.47604e+00 -1.38832e-01
1.66779e-01 1.54782e+00 -5.48538e-02
1.66779e-01 1.62053e+00 3.25935e-02
1.66779e-01 1.69410e+00 1.22932e-01
1.66779e-01 1.76846e+00 2.15284e-01
1.66779e-01 1.84353e+00 3.08428e-01
1.66779e-01 1.91924e+00 4.00773e-01
1.66779e-01 1.99553e+00 4.90360e-01
1.66779e-01 2.07230e+00 5.74904e-01
1.66779e-01 2.14949e+00 6.51890e-01
1.66779e-01 2.22703e+00 7.18738e-01
1.66779e-01 2.30483e+00 7.73046e-01
1.66779e-01 2.38282e+00 8.12869e-01
1.66779e-01 2.46093e+00 8.37010e-01
1.66779e-01 2.53907e+00 8.45221e-01
1.66779e-01 2.61718e+00 8.38243e-01
1.66779e-01 2.69517e+00 8.17615e-01
1.66779e-01 2.77297e+00 7.85286e-01
1.66779e-01 2.85051e+00 7.43180e-01
1.66779e-01 2.92770e+00 6.92913e-01
1.66779e-01 3.00447e+00 6.35819e-01
1.66779e-01 3.08076e+00 5.73267e-01
1.66779e-01 3.15647e+00 5.07019e-01
1.66779e-01 3.23154e+00 4.39353e-01
1.66779e-01 3.30590e+00 3.72849e-01
1.66779e-01 3.37947e+00 3.09962e-01
1.66779e-01 3.45218e+00 2.52627e-01
1.66779e-01 3.52396e+00 2.02063e-01
1.66779e-01 3.59474e+00 1.58774e-01
1.66779e-01 3.66445e+00 1.22684e-01
1.66779e-01 3.73303e+00 9.33059e-02
1.66779e-01 3.80040e+00 6.99069e-02
1.66779e-01 3.86649e+00 5.16417e-02
1.66779e-01 3.93125e+00 3.76482e-02
1.66779e-01 3.99462e+00 2.71129e-02
1.66779e-01 4.05652e+00 1.93088e-02
1.66779e-01 4.11690e+00 1.36140e-02
1.66779e-01 4.17571e+00 9.51491e-03
1.66779e-01 4.23287e+00 6.60083e-03
1.66779e-01 4.28835e+00 4.55184e-03
1.66779e-01 4.34207e+00 3.12482e-03
1.66779e-01 4.39400e+00 2.13895e-03
1.66779e-01 4.44407e+00 1.46228e-03
1.66779e-01 4.49224e+00 1.00012e-03
1.66779e-01 4.53847e+00 6.85524e-04
1.66779e-01 4.58271e+00 4.71753e-04
1.66779e-01 4.62491e+00 3.26520e-04
1.66779e-01 4.66504e+00 2.27715e-04
1.66779e-01 4.70305e+00 1.60303e-04
1.66779e-01 4.73890e+00 1.14114e-04
1.66779e-01 4.77257e+00 8.22893e-05
1.66779e-01 4.80402e+00 6.02142e-05
1.66779e-01 4.83322e+00 4.47844e-05
1.66779e-01 4.86014e+00 3.39091e-05
1.66779e-01 4.88475e+00 2.61771e-05
1.66779e-01 4.90703e+00 2.06330e-05
1.66779e-01 4.92696e+00 1.66267e-05
1.66779e-01 4.94452e+00 1.37143e-05
1.66779e-01 4.95969e+00 1.15914e-05
1.66779e-01 4.97246e+00 1.00486e-05
1.66779e-01 4.98281e+00 8.94190e-06
1.66779e-01 4.99074e+00 8.17333e-06
1.66779e-01 4.99623e+00 7.67775e-06
1.66779e-01 4.99928e+00 7.41453e-06
1.95977e-01 7.15683e-04 -1.33695e+00
1.95977e-01 3.77012e-03 -1.33693e+00
1.95977e-01 9.26216e-03 -1.33683e+00
1.95977e-01 1.71877e-02 -1.33654e+00
1.95977e-01 2.75390e-02 -1.33589e+00
1.95977e-01 4.03061e-02 -1.33469e+00
1.95977e-01 5.54766e-02 -1.33267e+00
1.95977e-01 7.30356e-02 -1.32955e+00
1.95977e-01 9.29659e-02 -1.32500e+00
1.95977e-01 1.15248e-01 -1.31869e+00
1.95977e-01 1.39860e-01 -1.31026e+00
1.95977e-01 1.66779e-01 -1.29937e+00
1.95977e-01 1.95977e-01 -1.28570e+00
1.95977e-01 2.27426e-01 -1.26899e+00
1.95977e-01 2.61096e-01 -1.24903e+00
1.95977e-01 2.96953e-01 -1.22571e+00
1.95977e-01 3.34963e-01 -1.19900e+00
1.95977e-01 3.75089e-01 -1.16897e+00
1.95977e-01 4.17290e-01 -1.13578e+00
1.95977e-01 4.61527e-01 -1.09965e+00
1.95977e-01 5.07755e-01 -1.06085e+00
1.95977e-01 5.55930e-01 -1.01967e+00
1.95977e-01 6.06005e-01 -9.76358e-01
1.95977e-01 6.57930e-01 -9.31139e-01
1.95977e-01 7.11655e-01 -8.84157e-01
1.95977e-01 7.67127e-01 -8.35480e-01
1.95977e-01 8.24292e-01 -7.85086e-01
1.95977e-01 8.83095e-01 -7.32873e-01
1.95977e-01 9.43478e-01 -6.78662e-01
1.95977e-01 1.00538e+00 -6.22211e-01
1.95977e-01 1.06875e+00 -5.63233e-01
1.95977e-01 1.13351e+00 -5.01417e-01
1.95977e-01 1.19960e+00 -4.36444e-01
1.95977e-01 1.26697e+00 -3.68019e-01
1.95977e-01 1.33555e+00 -2.95894e-01
1.95977e-01 1.40526e+00 -2.19905e-01
1.95977e-01 1.47604e+00 -1.40005e-01
1.95977e-01 1.54782e+00 -5.63070e-02
1.95977e-01 1.62053e+00 3.08699e-02
1.95977e-01 1.69410e+00 1.20952e-01
1.95977e-01 1.76846e+00 2.13066e-01
1.95977e-01 1.84353e+00 3.05994e-01
1.95977e-01 1.91924e+00 3.98151e-01
1.95977e-01 1.99553e+00 4.87582e-01
1.95977e-01 2.07230e+00 5.72007e-01
1.95977e-01 2.14949e+00 6.48912e-01
1.95977e-01 2.22703e+00 7.15723e-01
1.95977e-01 2.30483e+00 7.70035e-01
1.95977e-01 2.38282e+00 8.09907e-01
1.95977e-01 2.46093e+00 8.34137e-01
1.95977e-01 2.53907e+00 8.42475e-01
1.95977e-01 2.61718e+00 8.35657e-01
1.95977e-01 2.69517e+00 8.15215e-01
1.95977e-01 2.77297e+00 7.83092e-01
1.95977e-01 2.85051e+00 7.41206e-01
1.95977e-01 2.92770e+00 6.91164e-01
1.95977e-01 3.00447e+00 6.34294e-01
1.95977e-01 3.08076e+00 5.71958e-01
1.95977e-01 3.15647e+00 5.05914e-01
1.95977e-01 3.23154e+00 4.38436e-01
1.95977e-01 3.30590e+00 3.72100e-01
1.95977e-01 3.37947e+00 3.09360e-01
1.95977e-01 3.45218e+00 2.52151e-01
1.95977e-01 3.52396e+00 2.01693e-01
1.95977e-01 3.59474e+00 1.58491e-01
1.95977e-01 3.66445e+00 1.22471e-01
1.95977e-01 3.73303e+00 9.31474e-02
1.95977e-01 3.80040e+00 6.97908e-02
1.95977e-01 3.86649e+00 5.15577e-02
1.95977e-01 3.93125e+00 3.75883e-02
1.95977e-01 3.99462e+00 2.70706e-02
1.95977e-01 4.05652e+00 1.92793e-02
1.95977e-01 4.11690e+00 1.35935e-02
1.95977e-01 4.17571e+00 9.50089e-03
1.95977e-01 4.23287e+00 6.59127e-03
1.95977e-01 4.28835e+00 4.54536e-03
1.95977e-01 4.34207e+00 3.12044e-03
1.95977e-01 4.39400e+00 2.13600e-03
1.95977e-01 4.44407e+00 1.46029e-03
1.95977e-01 4.49224e+00 9.98779e-04
1.95977e-01 4.53847e+00 6.84617e-04
1.95977e-01 4.58271e+00 4.71137e-04
1.95977e-01 4.62491e+00 3.26098e-04
1.95977e-01 4.66504e+00 2.27424e-04
1.95977e-01 4.70305e+00 1.60101e-04
1.95977e-01 4.73890e+00 1.13971e-04
1.95977e-01 4.77257e+00 8.21873e-05
1.95977e-01 4.80402e+00 6.01402e-05
1.95977e-01 4.83322e+00 4.47298e-05
1.95977e-01 4.86014e+00 3.38680e-05
1.95977e-01 4.88475e+00 2.61456e-05
1.95977e-01 4.90703e+00 2.06083e-05
1.95977e-01 4.92696e+00 1.66069e-05
1.95977e-01 4.94452e+00 1.36981e-05
1.95977e-01 4.95969e+00 1.15777e-05
1.95977e-01 4.97246e+00 1.00368e-05
1.95977e-01 4.98281e+00 8.93141e-06
1.95977e-01 4.99074e+00 8.16376e-06
1.95977e-01 4.99623e+00 7.66877e-06
1.95977e-01 4.99928e+00 7.40588e-06
2.27426e-01 7.15683e-04 -1.31699e+00
2.27426e-01 3.77012e-03 -1.31697e+00
2.27426e-01 9.26216e-03 -1.31687e+00
2.27426e-01 1.71877e-02 -1.31660e+00
2.27426e-01 2.75390e-02 -1.31600e+00
2.27426e-01 4.03061e-02 -1.31487e+00
2.27426e-01 5.54766e-02 -1.31299e+00
2.27426e-01 7.30356e-02 -1.31008e+00
2.27426e-01 9.29659e-02 -1.30584e+00
2.27426e-01 1.15248e-01 -1.29994e+00
2.27426e-01 1.39860e-01 -1.29205e+00
2.27426e-01 1.66779e-01 -1.28184e+00
2.27426e-01 1.95977e-01 -1.26899e+00
2.27426e-01 2.27426e-01 -1.25324e+00
2.27426e-01 2.61096e-01 -1.23436e+00
2.27426e-01 2.96953e-01 -1.21222e+00
2.27426e-01 3.34963e-01 -1.18676e+00
2.27426e-01 3.75089e-01 -1.15801e+00
2.27426e-01 4.17290e-01 -1.12609e+00
2.27426e-01 4.61527e-01 -1.09119e+00
2.27426e-01 5.07755e-01 -1.05353e+00
2.27426e-01 5.55930e-01 -1.01340e+00
2.27426e-01 6.06005e-01 -9.71031e-01
2.27426e-01 6.57930e-01 -9.26644e-01
2.27426e-01 7.11655e-01 -8.80392e-01
2.27426e-01 7.67127e-01 -8.32353e-01
2.27426e-01 8.24292e-01 -7.82523e-01
2.27426e-01 8.83095e-01 -7.30813e-01
2.27426e-01 9.43478e-01 -6.77059e-01
2.27426e-01 1.00538e+00 -6.21032e-01
2.27426e-01 1.06875e+00 -5.62457e-01
2.27426e-01 1.13351e+00 -5.01028e-01
2.27426e-01 1.19960e+00 -4.36435e-01
2.27426e-01 1.26697e+00 -3.68384e-01
2.27426e-01 1.33555e+00 -2.96630e-01
2.27426e-01 1.40526e+00 -2.21008e-01
2.27426e-01 1.47604e+00 -1.41470e-01
2.27426e-01 1.54782e+00 -5.81246e-02
2.27426e-01 1.62053e+00 2.87116e-02
2.27426e-01 1.69410e+00 1.18471e-01
2.27426e-01 1.76846e+00 2.10284e-01
2.27426e-01 1.84353e+00 3.02940e-01
2.27426e-01 1.91924e+00 3.94859e-01
2.27426e-01 1.99553e+00 4.84094e-01
2.27426e-01 2.07230e+00 5.68367e-01
2.27426e-01 2.14949e+00 6.45171e-01
2.27426e-01 2.22703e+00 7.11933e-01
2.27426e-01 2.30483e+00 7.66251e-01
2.27426e-01 2.38282e+00 8.06182e-01
2.27426e-01 2.46093e+00 8.30523e-01
2.27426e-01 2.53907e+00 8.39020e-01
2.27426e-01 2.61718e+00 8.32403e-01
2.27426e-01 2.69517e+00 8.12195e-01
2.27426e-01 2.77297e+00 7.80332e-01
2.27426e-01 2.85051e+00 7.38722e-01
2.27426e-01 2.92770e+00 6.88962e-01
2.27426e-01 3.00447e+00 6.32373e-01
2.27426e-01 3.08076e+00 5.70310e-01
2.27426e-01 3.15647e+00 5.04523e-01
2.27426e-01 3.23154e+00 4.37280e-01
2.27426e-01 3.30590e+00 3.71156e-01
2.27426e-01 3.37947e+00 3.08602e-01
2.27426e-01 3.45218e+00 2.51552e-01
2.27426e-01 3.52396e+00 2.01227e-01
2.27426e-01 3.59474e+00 1.58134e-01
2.27426e-01 3.66445e+00 1.22202e-01
2.27426e-01 3.73303e+00 9.29475e-02
2.27426e-01 3.80040e+00 6.96443e-02
2.27426e-01 3.86649e+00 5.14519e-02
2.27426e-01 3.93125e+00 3.75127e-02
2.27426e-01 3.99462e+00 2.70173e-02
2.27426e-01 4.05652e+00 1.92421e-02
2.27426e-01 4.11690e+00 1.35678e-02
2.27426e-01 4.17571e+00 9.48321e-03
2.27426e-01 4.23287e+00 6.57922e-03
2.27426e-01 4.28835e+00 4.53718e-03
2.27426e-01 4.34207e+00 3.11492e-03
2.27426e-01 4.39400e+00 2.13228e-03
2.27426e-01 4.44407e+00 1.45778e-03
2.27426e-01 4.49224e+00 9.97087e-04
2.27426e-01 4.53847e+00 6.83472e-04
2.27426e-01 4.58271e+00 4.70359e-04
2.27426e-01 4.62491e+00 3.25566e-04
2.27426e-01 4.66504e+00 2.27057e-04
2.27426e-01 4.70305e+00 1.59845e-04
2.27426e-01 4.73890e+00 1.13791e-04
2.27426e-01 4.77257e+00 8.20585e-05
2.27426e-01 4.80402e+00 6.00468e-05
2.27426e-01 4.83322e+00 4.46608e-05
2.27426e-01 4.86014e+00 3.38161e-05
2.27426e-01 4.88475e+00 2.61059e-05
2.27426e-01 4.90703e+00 2.05771e-05
2.27426e-01 4.92696e+00 1.65819e-05
2.27426e-01 4.94452e+00 1.36775e-05
2.27426e-01 4.95969e+00 1.15605e-05
2.27426e-01 4.97246e+00 1.00218e-05
2.27426e-01 4.98281e+00 8.91817e-06
2.27426e-01 4.99074e+00 8.15168e-06
2.27426e-01 4.99623e+00 7.65744e-06
2.27426e-01 4.99928e+00 7.39494e-06
2.61096e-01 7.15683e-04 -1.29340e+00
2.61096e-01 3.77012e-03 -1.29338e+00
2.61096e-01 9.26216e-03 -1.29330e+00
2.61096e-01 1.71877e-02 -1.29305e+00
2.61096e-01 2.75390e-02 -1.29249e+00
2.61096e-01 4.03061e-02 -1.29146e+00
2.61096e-01 5.54766e-02 -1.28973e+00
2.61096e-01 7.30356e-02 -1.28705e+00
2.61096e-01 9.29659e-02 -1.28314e+00
2.61096e-01 1.15248e-01 -1.27770e+00
2.61096e-01 1.39860e-01 -1.27041e+00
2.61096e-01 1.66779e-01 -1.26096e+00
2.61096e-01 1.95977e-01 -1.24903e+00
2.61096e-01 2.27426e-01 -1.23436e+00
2.61096e-01 2.61096e-01 -1.21672e+00
2.61096e-01 2.96953e-01 -1.19594e+00
2.61096e-01 3.34963e-01 -1.17192e+00
2.61096e-01 3.75089e-01 -1.14466e+00
2.61096e-01 4.17290e-01 -1.11423e+00
2.61096e-01 4.61527e-01 -1.08078e+00
2.61096e-01 5.07755e-01 -1.04450e+00
2.61096e-01 5.55930e-01 -1.00563e+00
2.61096e-01 6.06005e-01 -9.64412e-01
2.61096e-01 6.57930e-01 -9.21045e-01
2.61096e-01 7.11655e-01 -8.75693e-01
2.61096e-01 7.67127e-01 -8.28447e-01
2.61096e-01 8.24292e-01 -7.79316e-01
2.61096e-01 8.83095e-01 -7.28232e-01
2.61096e-01 9.43478e-01 -6.75047e-01
2.61096e-01 1.00538e+00 -6.19548e-01
2.61096e-01 1.06875e+00 -5.61472e-01
2.61096e-01 1.13351e+00 -5.00525e-01
2.61096e-01 1.19960e+00 -4.36402e-01
2.61096e-01 1.26697e+00 -3.68815e-01
2.61096e-01 1.33555e+00 -2.97521e-01
2.61096e-01 1.40526e+00 -2.22354e-01
2.61096e-01 1.47604e+00 -1.43263e-01
2.61096e-01 1.54782e+00 -6.03554e-02
2.61096e-01 1.62053e+00 2.60587e-02
2.61096e-01 1.69410e+00 1.15417e-01
2.61096e-01 1.76846e+00 2.06857e-01
2.61096e-01 1.84353e+00 2.99176e-01
2.61096e-01 1.91924e+00 3.90801e-01
2.61096e-01 1.99553e+00 4.79792e-01
2.61096e-01 2.07230e+00 5.63876e-01
2.61096e-01 2.14949e+00 6.40553e-01
2.61096e-01 2.22703e+00 7.07253e-01
2.61096e-01 2.30483e+00 7.61577e-01
2.61096e-01 2.38282e+00 8.01581e-01
2.61096e-01 2.46093e+00 8.26058e-01
2.61096e-01 2.53907e+00 8.34751e-01
2.61096e-01 2.61718e+00 8.28379e-01
2.61096e-01 2.69517e+00 8.08460e-01
2.61096e-01 2.77297e+00 7.76918e-01
2.61096e-01 2.85051e+00 7.35648e-01
2.61096e-01 2.92770e+00 6.86238e-01
2.61096e-01 3.00447e+00 6.29997e-01
2.61096e-01 3.08076e+00 5.68270e-01
2.61096e-01 3.15647e+00 5.02800e-01
2.61096e-01 3.23154e+00 4.35849e-01
2.61096e-01 3.30590e+00 3.69987e-01
2.61096e-01 3.37947e+00 3.07663e-01
2.61096e-01 3.45218e+00 2.50810e-01
2.61096e-01 3.52396e+00 2.00649e-01
2.61096e-01 3.59474e+00 1.57692e-01
2.61096e-01 3.66445e+00 1.21868e-01
2.61096e-01 3.73303e+00 9.26998e-02
2.61096e-01 3.80040e+00 6.94629e-02
2.61096e-01 3.86649e+00 5.13207e-02
2.61096e-01 3.93125e+00 3.74190e-02
2.61096e-01 3.99462e+00 2.69512e-02
2.61096e-01 4.05652e+00 1.91959e-02
2.61096e-01 4.11690e+00 1.35358e-02
2.61096e-01 4.17571e+00 9.46127e-03
2.61096e-01 4.23287e+00 6.56426e-03
2.61096e-01 4.28835e+00 4.52704e-03
2.61096e-01 4.34207e+00 3.10807e-03
2.61096e-01 4.39400e+00 2.12766e-03
2.61096e-01 4.44407e+00 1.45467e-03
2.61096e-01 4.49224e+00 9.94986e-04
2.61096e-01 4.53847e+00 6.82052e-04
2.61096e-01 4.58271e+00 4.69393e-04
2.61096e-01 4.62491e+00 3.24906e-04
2.61096e-01 4.66504e+00 2.26601e-04
2.61096e-01 4.70305e+00 1.59528e-04
2.61096e-01 4.73890e+00 1.13567e-04
2.61096e-01 4.77257e+00 8.18985e-05
2.61096e-01 4.80402e+00 5.99307e-05
2.61096e-01 4.83322e+00 4.45751e-05
2.61096e-01 4.86014e+00 3.37517e-05
2.61096e-01 4.88475e+00 2.60565e-05
2.61096e-01 4.90703e+00 2.05384e-05
2.61096e-01 4.92696e+00 1.65508e-05
2.61096e-01 4.94452e+00 1.36521e-05
2.61096e-01 4.95969e+00 1.15390e-05
2.61096e-01 4.97246e+00 1.00033e-05
2.61096e-01 4.98281e+00 8.90171e-06
2.61096e-01 4.99074e+00 8.13667e-06
2.61096e-01 4.99623e+00 7.64336e-06
2.61096e-01 4.99928e+00 7.38135e-06
2.96953e-01 7.15683e-04 -1.26618e+00
2.96953e-01 3.77012e-03 -1.26616e+00
2.96953e-01 9.26216e-03 -1.26608e+00
2.96953e-01 1.71877e-02 -1.26586e+00
2.96953e-01 2.75390e-02 -1.26535e+00
2.96953e-01 4.03061e-02 -1.26442e+00
2.96953e-01 5.54766e-02 -1.26285e+00
2.96953e-01 7.30356e-02 -1.26041e+00
2.96953e-01 9.29659e-02 -1.25686e+00
2.96953e-01 1.15248e-01 -1.25191e+00
2.96953e-01 1.39860e-01 -1.24527e+00
2.96953e-01 1.66779e-01 -1.23663e+00
2.96953e-01 1.95977e-01 -1.22571e+00
2.96953e-01 2.27426e-01 -1.21222e+00
2.96953e-01 2.61096e-01 -1.19594e+00
2.96953e-01 2.96953e-01 -1.17666e+00
2.96953e-01 3.34963e-01 -1.15426e+00
2.96953e-01 3.75089e-01 -1.12869e+00
2.96953e-01 4.17290e-01 -1.09997e+00
2.96953e-01 4.61527e-01 -1.06820e+00
2.96953e-01 5.07755e-01 -1.03353e+00
2.96953e-01 5.55930e-01 -9.96160e-01
2.96953e-01 6.06005e-01 -9.56307e-01
2.96953e-01 6.57930e-01 -9.14170e-01
2.96953e-01 7.11655e-01 -8.69910e-01
2.96953e-01 7.67127e-01 -8.23628e-01
2.96953e-01 8.24292e-01 -7.75354e-01
2.96953e-01 8.83095e-01 -7.25037e-01
2.96953e-01 9.43478e-01 -6.72550e-01
2.96953e-01 1.00538e+00 -6.17698e-01
2.96953e-01 1.06875e+00 -5.60235e-01
2.96953e-01 1.13351e+00 -4.99878e-01
2.96953e-01 1.19960e+00 -4.36330e-01
2.96953e-01 1.26697e+00 -3.69311e-01
2.96953e-01 1.33555e+00 -2.98577e-01
2.96953e-01 1.40526e+00 -2.23965e-01
2.96953e-01 1.47604e+00 -1.45421e-01
2.96953e-01 1.54782e+00 -6.30474e-02
2.96953e-01 1.62053e+00 2.28514e-02
2.96953e-01 1.69410e+00 1.11720e-01
2.96953e-01 1.76846e+00 2.02706e-01
2.96953e-01 1.84353e+00 2.94612e-01
2.96953e-01 1.91924e+00 3.85877e-01
2.96953e-01 1.99553e+00 4.74567e-01
2.96953e-01 2.07230e+00 5.58420e-01
2.96953e-01 2.14949e+00 6.34941e-01
2.96953e-01 2.22703e+00 7.01564e-01
2.96953e-01 2.30483e+00 7.55893e-01
2.96953e-01 2.38282e+00 7.95982e-01
2.96953e-01 2.46093e+00 8.20624e-01
2.96953e-01 2.53907e+00 8.29553e-01
2.96953e-01 2.61718e+00 8.23480e-01
2.96953e-01 2.69517e+00 8.03912e-01
2.96953e-01 2.77297e+00 7.72758e-01
2.96953e-01 2.85051e+00 7.31903e-01
2.96953e-01 2.92770e+00 6.82918e-01
2.96953e-01 3.00447e+00 6.27100e-01
2.96953e-01 3.08076e+00 5.65783e-01
2.96953e-01 3.15647e+00 5.00699e-01
2.96953e-01 3.23154e+00 4.34104e-01
2.96953e-01 3.30590e+00 3.68561e-01
2.96953e-01 3.37947e+00 3.06516e-01
2.96953e-01 3.45218e+00 2.49904e-01
2.96953e-01 3.52396e+00 1.99945e-01
2.96953e-01 3.59474e+00 1.57152e-01
2.96953e-01 3.66445e+00 1.21461e-01
2.96953e-01 3.73303e+00 9.23972e-02
2.96953e-01 3.80040e+00 6.92411e-02
2.96953e-01 3.86649e+00 5.11603e-02
2.96953e-01 3.93125e+00 3.73046e-02
2.96953e-01 3.99462e+00 2.68704e-02
2.96953e-01 4.05652e+00 1.91394e-02
2.96953e-01 4.11690e+00 1.34967e-02
2.96953e-01 4.17571e+00 9.43445e-03
2.96953e-01 4.23287e+00 6.54597e-03
2.96953e-01 4.28835e+00 4.51463e-03
2.96953e-01 4.34207e+00 3.09968e-03
2.96953e-01 4.39400e+00 2.12201e-03
2.96953e-01 4.44407e+00 1.45086e-03
2.96953e-01 4.49224e+00 9.92416e-04
2.96953e-01 4.53847e+00 6.80313e-04
2.96953e-01 4.58271e+00 4.68211e-04
2.96953e-01 4.62491e+00 3.24097e-04
2.96953e-01 4.66504e+00 2.26044e-04
2.96953e-01 4.70305e+00 1.59139e-04
2.96953e-01 4.73890e+00 1.13293e-04
2.96953e-01 4.77257e+00 8.17027e-05
2.96953e-01 4.80402e+00 5.97886e-05
2.96953e-01 4.83322e+00 4.44702e-05
2.96953e-01 4.86014e+00 3.36729e-05
2.96953e-01 4.88475e+00 2.59960e-05
2.96953e-01 4.90703e+00 2.04910e-05
2.96953e-01 4.92696e+00 1.65128e-05
2.96953e-01 4.94452e+00 1.36208e-05
2.96953e-01 4.95969e+00 1.15127e-05
2.96953e-01 4.97246e+00 9.98059e-06
2.96953e-01 4.98281e+00 8.88155e-06
2.96953e-01 4.99074e+00 8.11828e-06
2.96953e-01 4.99623e+00 7.62611e-06
2.96953e-01 4.99928e+00 7.36470e-06
3.34963e-01 7.15683e-04 -1.23541e+00
3.34963e-01 3.77012e-03 -1.23539e+00
3.34963e-01 9.26216e-03 -1.23532e+00
3.34963e-01 1.71877e-02 -1.23512e+00
3.34963e-01 2.75390e-02 -1.23467e+00
3.34963e-01 4.03061e-02 -1.23383e+00
3.34963e-01 5.54766e-02 -1.23243e+00
3.34963e-01 7.30356e-02 -1.23025e+00
3.34963e-01 9.29659e-02 -1.22707e+00
3.34963e-01 1.15248e-01 -1.22263e+00
3.34963e-01 1.39860e-01 -1.21666e+00
3.34963e-01 1.66779e-01 -1.20887e+00
3.34963e-01 1.95977e-01 -1.19900e+00
3.34963e-01 2.27426e-01 -1.18676e+00
3.34963e-01 2.61096e-01 -1.17192e+00
3.34963e-01 2.96953e-01 -1.15426e+00
3.34963e-01 3.34963e-01 -1.13362e+00
3.34963e-01 3.75089e-01 -1.10991e+00
3.34963e-01 4.17290e-01 -1.08310e+00
3.34963e-01 4.61527e-01 -1.05322e+00
3.34963e-01 5.07755e-01 -1.02039e+00
3.34963e-01 5.55930e-01 -9.84760e-01
3.34963e-01 6.06005e-01 -9.46512e-01
3.34963e-01 6.57930e-01 -9.05829e-01
3.34963e-01 7.11655e-01 -8.62872e-01
3.34963e-01 7.67127e-01 -8.17751e-01
3.34963e-01 8.24292e-01 -7.70511e-01
3.34963e-01 8.83095e-01 -7.21123e-01
3.34963e-01 9.43478e-01 -6.69482e-01
3.34963e-01 1.00538e+00 -6.15415e-01
3.34963e-01 1.06875e+00 -5.58694e-01
3.34963e-01 1.13351e+00 -4.99049e-01
3.34963e-01 1.19960e+00 -4.36197e-01
3.34963e-01 1.26697e+00 -3.69862e-01
3.34963e-01 1.33555e+00 -2.99805e-01
3.34963e-01 1.40526e+00 -2.25862e-01
3.34963e-01 1.47604e+00 -1.47977e-01
3.34963e-01 1.54782e+00 -6.62466e-02
3.34963e-01 1.62053e+00 1.90310e-02
3.34963e-01 1.69410e+00 1.07310e-01
3.34963e-01 1.76846e+00 1.97746e-01
3.34963e-01 1.84353e+00 2.89154e-01
3.34963e-01 1.91924e+00 3.79984e-01
3.34963e-01 1.99553e+00 4.68311e-01
3.34963e-01 2.07230e+00 5.51883e-01
3.34963e-01 2.14949e+00 6.28212e-01
3.34963e-01 2.22703e+00 6.94740e-01
3.34963e-01 2.30483e+00 7.49071e-01
3.34963e-01 2.38282e+00 7.89262e-01
3.34963e-01 2.46093e+00 8.14099e-01
3.34963e-01 2.53907e+00 8.23309e-01
3.34963e-01 2.61718e+00 8.17594e-01
3.34963e-01 2.69517e+00 7.98444e-01
3.34963e-01 2.77297e+00 7.67757e-01
3.34963e-01 2.85051e+00 7.27398e-01
3.34963e-01 2.92770e+00 6.78923e-01
3.34963e-01 3.00447e+00 6.23613e-01
3.34963e-01 3.08076e+00 5.62789e-01
3.34963e-01 3.15647e+00 4.98170e-01
3.34963e-01 3.23154e+00 4.32002e-01
3.34963e-01 3.30590e+00 3.66843e-01
3.34963e-01 3.37947e+00 3.05136e-01
3.34963e-01 3.45218e+00 2.48812e-01
3.34963e-01 3.52396e+00 1.99095e-01
3.34963e-01 3.59474e+00 1.56502e-01
3.34963e-01 3.66445e+00 1.20970e-01
3.34963e-01 3.73303e+00 9.20323e-02
3.34963e-01 3.80040e+00 6.89737e-02
3.34963e-01 3.86649e+00 5.09669e-02
3.34963e-01 3.93125e+00 3.71664e-02
3.34963e-01 3.99462e+00 2.67728e-02
3.34963e-01 4.05652e+00 1.90713e-02
3.34963e-01 4.11690e+00 1.34496e-02
3.34963e-01 4.17571e+00 9.40206e-03
3.34963e-01 4.23287e+00 6.52388e-03
3.34963e-01 4.28835e+00 4.49965e-03
3.34963e-01 4.34207e+00 3.08956e-03
3.34963e-01 4.39400e+00 2.11518e-03
3.34963e-01 4.44407e+00 1.44626e-03
3.34963e-01 4.49224e+00 9.89310e-04
3.34963e-01 4.53847e+00 6.78211e-04
3.34963e-01 4.58271e+00 4.66782e-04
3.34963e-01 4.62491e+00 3.23119e-04
3.34963e-01 4.66504e+00 2.25369e-04
3.34963e-01 4.70305e+00 1.58669e-04
3.34963e-01 4.73890e+00 1.12962e-04
3.34963e-01 4.77257e+00 8.14658e-05
3.34963e-01 4.80402e+00 5.96166e-05
3.34963e-01 4.83322e+00 4.43433e-05
3.34963e-01 4.86014e+00 3.35774e-05
3.34963e-01 4.88475e+00 2.59228e-05
3.34963e-01 4.90703e+00 2.04336e-05
3.34963e-01 4.92696e+00 1.64668e-05
3.34963e-01 4.94452e+00 1.35831e-05
3.34963e-01 4.95969e+00 1.14809e-05
3.34963e-01 4.97246e+00 9.95310e-06
3.34963e-01 4.98281e+00 8.85716e-06
3.34963e-01 4.99074e+00 8.09602e-06
3.34963e-01 4.99623e+00 7.60523e-06
3.34963e-01 4.99928e+00 7.34456e-06
3.75089e-01 7.15683e-04 -1.20129e+00
3.75089e-01 3.77012e-03 -1.20128e+00
3.75089e-01 9.26216e-03 -1.20122e+00
3.75089e-01 1.71877e-02 -1.20104e+00
3.75089e-01 2.75390e-02 -1.20065e+00
3.75089e-01 4.03061e-02 -1.19991e+00
3.75089e-01 5.54766e-02 -1.19867e+00
3.75089e-01 7.30356e-02 -1.19674e+00
3.75089e-01 9.29659e-02 -1.19393e+00
3.75089e-01 1.15248e-01 -1.19000e+00
3.75089e-01 1.39860e-01 -1.18470e+00
3.75089e-01 1.66779e-01 -1.17778e+00
3.75089e-01 1.95977e-01 -1.16897e+00
3.75089e-01 2.27426e-01 -1.15801e+00
3.75089e-01 2.61096e-01 -1.14466e+00
3.75089e-01 2.96953e-01 -1.12869e+00
3.75089e-01 3.34963e-01 -1.10991e+00
3.75089e-01 3.75089e-01 -1.08819e+00
3.75089e-01 4.17290e-01 -1.06344e+00
3.75089e-01 4.61527e-01 -1.03565e+00
3.75089e-01 5.07755e-01 -1.00488e+00
3.75089e-01 5.55930e-01 -9.71217e-01
3.75089e-01 6.06005e-01 -9.34812e-01
3.75089e-01 6.57930e-01 -8.95822e-01
3.75089e-01 7.11655e-01 -8.54397e-01
3.75089e-01 7.67127e-01 -8.10651e-01
3.75089e-01 8.24292e-01 -7.64644e-01
3.75089e-01 8.83095e-01 -7.16368e-01
3.75089e-01 9.43478e-01 -6.65742e-01
3.75089e-01 1.00538e+00 -6.12617e-01
3.75089e-01 1.06875e+00 -5.56784e-01
3.75089e-01 1.13351e+00 -4.97993e-01
3.75089e-01 1.19960e+00 -4.35972e-01
3.75089e-01 1.26697e+00 -3.70454e-01
3.75089e-01 1.33555e+00 -3.01204e-01
3.75089e-01 1.40526e+00 -2.28059e-01
3.75089e-01 1.47604e+00 -1.50958e-01
3.75089e-01 1.54782e+00 -6.99952e-02
3.75089e-01 1.62053e+00 1.45421e-02
3.75089e-01 1.69410e+00 1.02117e-01
3.75089e-01 1.76846e+00 1.91898e-01
3.75089e-01 1.84353e+00 2.82711e-01
3.75089e-01 1.91924e+00 3.73019e-01
3.75089e-01 1.99553e+00 4.60911e-01
3.75089e-01 2.07230e+00 5.44146e-01
3.75089e-01 2.14949e+00 6.20244e-01
3.75089e-01 2.22703e+00 6.86654e-01
3.75089e-01 2.30483e+00 7.40984e-01
3.75089e-01 2.38282e+00 7.81291e-01
3.75089e-01 2.46093e+00 8.06355e-01
3.75089e-01 2.53907e+00 8.15896e-01
3.75089e-01 2.61718e+00 8.10603e-01
3.75089e-01 2.69517e+00 7.91949e-01
3.75089e-01 2.77297e+00 7.61814e-01
3.75089e-01 2.85051e+00 7.22042e-01
3.75089e-01 2.92770e+00 6.74172e-01
3.75089e-01 3.00447e+00 6.19466e-01
3.75089e-01 3.08076e+00 5.59226e-01
3.75089e-01 3.15647e+00 4.95159e-01
3.75089e-01 3.23154e+00 4.29499e-01
3.75089e-01 3.30590e+00 3.64798e-01
3.75089e-01 3.37947e+00 3.03491e-01
3.75089e-01 3.45218e+00 2.47510e-01
3.75089e-01 3.52396e+00 1.98082e-01
3.75089e-01 3.59474e+00 1.55726e-01
3.75089e-01 3.66445e+00 1.20385e-01
3.75089e-01 3.73303e+00 9.15970e-02
3.75089e-01 3.80040e+00 6.86546e-02
3.75089e-01 3.86649e+00 5.07361e-02
3.75089e-01 3.93125e+00 3.70015e-02
3.75089e-01 3.99462e+00 2.66564e-02
3.75089e-01 4.05652e+00 1.89899e-02
3.75089e-01 4.11690e+00 1.33932e-02
3.75089e-01 4.17571e+00 9.36336e-03
3.75089e-01 4.23287e+00 6.49748e-03
3.75089e-01 4.28835e+00 4.48174e-03
3.75089e-01 4.34207e+00 3.07745e-03
3.75089e-01 4.39400e+00 2.10701e-03
3.75089e-01 4.44407e+00 1.44075e-03
3.75089e-01 4.49224e+00 9.85596e-04
3.75089e-01 4.53847e+00 6.75697e-04
3.75089e-01 4.58271e+00 4.65073e-04
3.75089e-01 4.62491e+00 3.21950e-04
3.75089e-01 4.66504e+00 2.24562e-04
3.75089e-01 4.70305e+00 1.58107e-04
3.75089e-01 4.73890e+00 1.12565e-04
3.75089e-01 4.77257e+00 8.11823e-05
3.75089e-01 4.80402e+00 5.94109e-05
3.75089e-01 4.83322e+00 4.41914e-05
3.75089e-01 4.86014e+00 3.34632e-05
3.75089e-01 4.88475e+00 2.58351e-05
3.75089e-01 4.90703e+00 2.03649e-05
3.75089e-01 4.92696e+00 1.64117e-05
3.75089e-01 4.94452e+00 1.35378e-05
3.75089e-01 4.95969e+00 1.14428e-05
3.75089e-01 4.97246e+00 9.92019e-06
3.75089e-01 4.98281e+00 8.82794e-06
3.75089e-01 4.99074e+00 8.06937e-06
3.75089e-01 4.99623e+00 7.58023e-06
3.75089e-01 4.99928e+00 7.32043e-06
4.17290e-01 7.15683e-04 -1.16412e+00
4.17290e-01 3.77012e-03 -1.16411e+00
4.17290e-01 9.26216e-03 -1.16406e+00
4.17290e-01 1.71877e-02 -1.16390e+00
4.17290e-01 2.75390e-02 -1.16356e+00
4.17290e-01 4.03061e-02 -1.16291e+00
4.17290e-01 5.54766e-02 -1.16183e+00
4.17290e-01 7.30356e-02 -1.16015e+00
4.17290e-01 9.29659e-02 -1.15769e+00
4.17290e-01 1.15248e-01 -1.15425e+00
4.17290e-01 1.39860e-01 -1.14961e+00
4.17290e-01 1.66779e-01 -1.14354e+00
4.17290e-01 1.95977e-01 -1.13578e+00
4.17290e-01 2.27426e-01 -1.12609e+00
4.17290e-01 2.61096e-01 -1.11423e+00
4.17290e-01 2.96953e-01 -1.09997e+00
4.17290e-01 3.34963e-01 -1.08310e+00
4.17290e-01 3.75089e-01 -1.06344e+00
4.17290e-01 4.17290e-01 -1.04088e+00
4.17290e-01 4.61527e-01 -1.01533e+00
4.17290e-01 5.07755e-01 -9.86797e-01
4.17290e-01 5.55930e-01 -9.55319e-01
4.17290e-01 6.06005e-01 -9.20991e-01
4.17290e-01 6.57930e-01 -8.83936e-01
4.17290e-01 7.11655e-01 -8.44284e-01
4.17290e-01 7.67127e-01 -8.02147e-01
4.17290e-01 8.24292e-01 -7.57593e-01
4.17290e-01 8.83095e-01 -7.10633e-01
4.17290e-01 9.43478e-01 -6.61213e-01
4.17290e-01 1.00538e+00 -6.09206e-01
4.17290e-01 1.06875e+00 -5.54429e-01
4.17290e-01 1.13351e+00 -4.96651e-01
4.17290e-01 1.19960e+00 -4.35614e-01
4.17290e-01 1.26697e+00 -3.71062e-01
4.17290e-01 1.33555e+00 -3.02766e-01
4.17290e-01 1.40526e+00 -2.30561e-01
4.17290e-01 1.47604e+00 -1.54388e-01
4.17290e-01 1.54782e+00 -7.43293e-02
4.17290e-01 1.62053e+00 9.33392e-03
4.17290e-01 1.69410e+00 9.60778e-02
4.17290e-01 1.76846e+00 1.85083e-01
4.17290e-01 1.84353e+00 2.75194e-01
4.17290e-01 1.91924e+00 3.64884e-01
4.17290e-01 1.99553e+00 4.52259e-01
4.17290e-01 2.07230e+00 5.35091e-01
4.17290e-01 2.14949e+00 6.10911e-01
4.17290e-01 2.22703e+00 6.77177e-01
4.17290e-01 2.30483e+00 7.31501e-01
4.17290e-01 2.38282e+00 7.71937e-01
4.17290e-01 2.46093e+00 7.97265e-01
4.17290e-01 2.53907e+00 8.07190e-01
4.17290e-01 2.61718e+00 8.02387e-01
4.17290e-01 2.69517e+00 7.84313e-01
4.17290e-01 2.77297e+00 7.54823e-01
4.17290e-01 2.85051e+00 7.15741e-01
4.17290e-01 2.92770e+00 6.68580e-01
4.17290e-01 3.00447e+00 6.14582e-01
4.17290e-01 3.08076e+00 5.55029e-01
4.17290e-01 3.15647e+00 4.91611e-01
4.17290e-01 3.23154e+00 4.26549e-01
4.17290e-01 3.30590e+00 3.62385e-01
4.17290e-01 3.37947e+00 3.01550e-01
4.17290e-01 3.45218e+00 2.45975e-01
4.17290e-01 3.52396e+00 1.96887e-01
4.17290e-01 3.59474e+00 1.54810e-01
4.17290e-01 3.66445e+00 1.19693e-01
4.17290e-01 3.73303e+00 9.10828e-02
4.17290e-01 3.80040e+00 6.82775e-02
4.17290e-01 3.86649e+00 5.04633e-02
4.17290e-01 3.93125e+00 3.68065e-02
4.17290e-01 3.99462e+00 2.65187e-02
4.17290e-01 4.05652e+00 1.88936e-02
4.17290e-01 4.11690e+00 1.33266e-02
4.17290e-01 4.17571e+00 9.31758e-03
4.17290e-01 4.23287e+00 6.46625e-03
4.17290e-01 4.28835e+00 4.46053e-03
4.17290e-01 4.34207e+00 3.06311e-03
4.17290e-01 4.39400e+00 2.09734e-03
4.17290e-01 4.44407e+00 1.43423e-03
4.17290e-01 4.49224e+00 9.81195e-04
4.17290e-01 4.53847e+00 6.72718e-04
4.17290e-01 4.58271e+00 4.63047e-04
4.17290e-01 4.62491e+00 3.20563e-04
4.17290e-01 4.66504e+00 2.23605e-04
4.17290e-01 4.70305e+00 1.57440e-04
4.17290e-01 4.73890e+00 1.12095e-04
4.17290e-01 4.77257e+00 8.08460e-05
4.17290e-01 4.80402e+00 5.91668e-05
4.17290e-01 4.83322e+00 4.40112e-05
4.17290e-01 4.86014e+00 3.33277e-05
4.17290e-01 4.88475e+00 2.57311e-05
4.17290e-01 4.90703e+00 2.02834e-05
4.17290e-01 4.92696e+00 1.63464e-05
4.17290e-01 4.94452e+00 1.34841e-05
4.17290e-01 4.95969e+00 1.13976e-05
4.17290e-01 4.97246e+00 9.88112e-06
4.17290e-01 4.98281e+00 8.79326e-06
4.17290e-01 4.99074e+00 8.03773e-06
4.17290e-01 4.99623e+00 7.55055e-06
4.17290e-01 4.99928e+00 7.29179e-06
4.61527e-01 7.15683e-04 -1.12422e+00
4.61527e-01 3.77012e-03 -1.12421e+00
4.61527e-01 9.26216e-03 -1.12417e+00
4.61527e-01 1.71877e-02 -1.12403e+00
4.61527e-01 2.75390e-02 -1.12374e+00
4.61527e-01 4.03061e-02 -1.12318e+00
4.61527e-01 5.54766e-02 -1.12225e+00
4.61527e-01 7.30356e-02 -1.12080e+00
4.61527e-01 9.29659e-02 -1.11868e+00
4.61527e-01 1.15248e-01 -1.11570e+00
4.61527e-01 1.39860e-01 -1.11168e+00
4.61527e-01 1.66779e-01 -1.10640e+00
4.61527e-01 1.95977e-01 -1.09965e+00
4.61527e-01 2.27426e-01 -1.09119e+00
4.61527e-01 2.61096e-01 -1.08078e+00
4.61527e-01 2.96953e-01 -1.06820e+00
4.61527e-01 3.34963e-01 -1.05322e+00
4.61527e-01 3.75089e-01 -1.03565e+00
4.61527e-01 4.17290e-01 -1.01533e+00
4.61527e-01 4.61527e-01 -9.92130e-01
4.61527e-01 5.07755e-01 -9.65982e-01
4.61527e-01 5.55930e-01 -9.36871e-01
4.61527e-01 6.06005e-01 -9.04835e-01
4.61527e-01 6.57930e-01 -8.69952e-01
4.61527e-01 7.11655e-01 -8.32320e-01
4.61527e-01 7.67127e-01 -7.92037e-01
4.61527e-01 8.24292e-01 -7.49175e-01
4.61527e-01 8.83095e-01 -7.03760e-01
4.61527e-01 9.43478e-01 -6.55758e-01
4.61527e-01 1.00538e+00 -6.05069e-01
4.61527e-01 1.06875e+00 -5.51536e-01
4.61527e-01 1.13351e+00 -4.94948e-01
4.61527e-01 1.19960e+00 -4.35067e-01
4.61527e-01 1.26697e+00 -3.71648e-01
4.61527e-01 1.33555e+00 -3.04468e-01
4.61527e-01 1.40526e+00 -2.33366e-01
4.61527e-01 1.47604e+00 -1.58276e-01
4.61527e-01 1.54782e+00 -7.92769e-02
4.61527e-01 1.62053e+00 3.36354e-03
4.61527e-01 1.69410e+00 8.91341e-02
4.61527e-01 1.76846e+00 1.77232e-01
4.61527e-01 1.84353e+00 2.66516e-01
4.61527e-01 1.91924e+00 3.55480e-01
4.61527e-01 1.99553e+00 4.42246e-01
4.61527e-01 2.07230e+00 5.24601e-01
4.61527e-01 2.14949e+00 6.00090e-01
4.61527e-01 2.22703e+00 6.66180e-01
4.61527e-01 2.30483e+00 7.20488e-01
4.61527e-01 2.38282e+00 7.61069e-01
4.61527e-01 2.46093e+00 7.86695e-01
4.61527e-01 2.53907e+00 7.97061e-01
4.61527e-01 2.61718e+00 7.92824e-01
4.61527e-01 2.69517e+00 7.75419e-01
4.61527e-01 2.77297e+00 7.46677e-01
4.61527e-01 2.85051e+00 7.08395e-01
4.61527e-01 2.92770e+00 6.62058e-01
4.61527e-01 3.00447e+00 6.08883e-01
4.61527e-01 3.08076e+00 5.50130e-01
4.61527e-01 3.15647e+00 4.87467e-01
4.61527e-01 3.23154e+00 4.23103e-01
4.61527e-01 3.30590e+00 3.59566e-01
4.61527e-01 3.37947e+00 2.99282e-01
4.61527e-01 3.45218e+00 2.44180e-01
4.61527e-01 3.52396e+00 1.95488e-01
4.61527e-01 3.59474e+00 1.53738e-01
4.61527e-01 3.66445e+00 1.18884e-01
4.61527e-01 3.73303e+00 9.04807e-02
4.61527e-01 3.80040e+00 6.78359e-02
4.61527e-01 3.86649e+00 5.01436e-02
4.61527e-01 3.93125e+00 3.65781e-02
4.61527e-01 3.99462e+00 2.63572e-02
4.61527e-01 4.05652e+00 1.87808e-02
4.61527e-01 4.11690e+00 1.32484e-02
4.61527e-01 4.17571e+00 9.26385e-03
4.61527e-01 4.23287e+00 6.42958e-03
4.61527e-01 4.28835e+00 4.43564e-03
4.61527e-01 4.34207e+00 3.04628e-03
4.61527e-01 4.39400e+00 2.08598e-03
4.61527e-01 4.44407e+00 1.42658e-03
4.61527e-01 4.49224e+00 9.76025e-04
4.61527e-01 4.53847e+00 6.69218e-04
4.61527e-01 4.58271e+00 4.60666e-04
4.61527e-01 4.62491e+00 3.18933e-04
4.61527e-01 4.66504e+00 2.22480e-04
4.61527e-01 4.70305e+00 1.56655e-04
4.61527e-01 4.73890e+00 1.11542e-04
4.61527e-01 4.77257e+00 8.04505e-05
4.61527e-01 4.80402e+00 5.88796e-05
4.61527e-01 4.83322e+00 4.37991e-05
4.61527e-01 4.86014e+00 3.31682e-05
4.61527e-01 4.88475e+00 2.56087e-05
4.61527e-01 4.90703e+00 2.01875e-05
4.61527e-01 4.92696e+00 1.62694e-05
4.61527e-01 4.94452e+00 1.34209e-05
4.61527e-01 4.95969e+00 1.13444e-05
4.61527e-01 4.97246e+00 9.83512e-06
4.61527e-01 4.98281e+00 8.75243e-06
4.61527e-01 4.99074e+00 8.00048e-06
4.61527e-01 4.99623e+00 7.51560e-06
4.61527e-01 4.99928e+00 7.25807e-06
5.07755e-01 7.15683e-04 -1.08195e+00
5.07755e-01 3.77012e-03 -1.08194e+00
5.07755e-01 9.26216e-03 -1.08190e+00
5.07755e-01 1.71877e-02 -1.08179e+00
5.07755e-01 2.75390e-02 -1.08153e+00
5.07755e-01 4.03061e-02 -1.08106e+00
5.07755e-01 5.54766e-02 -1.08026e+00
5.07755e-01 7.30356e-02 -1.07902e+00
5.07755e-01 9.29659e-02 -1.07721e+00
5.07755e-01 1.15248e-01 -1.07466e+00
5.07755e-01 1.39860e-01 -1.07121e+00
5.07755e-01 1.66779e-01 -1.06667e+00
5.07755e-01 1.95977e-01 -1.06085e+00
5.07755e-01 2.27426e-01 -1.05353e+00
5.07755e-01 2.61096e-01 -1.04450e+00
5.07755e-01 2.96953e-01 -1.03353e+00
5.07755e-01 3.34963e-01 -1.02039e+00
5.07755e-01 3.75089e-01 -1.00488e+00
5.07755e-01 4.17290e-01 -9.86797e-01
5.07755e-01 4.61527e-01 -9.65982e-01
5.07755e-01 5.07755e-01 -9.42309e-01
5.07755e-01 5.55930e-01 -9.15706e-01
5.07755e-01 6.06005e-01 -8.86146e-01
5.07755e-01 6.57930e-01 -8.53652e-01
5.07755e-01 7.11655e-01 -8.18282e-01
5.07755e-01 7.67127e-01 -7.80108e-01
5.07755e-01 8.24292e-01 -7.39191e-01
5.07755e-01 8.83095e-01 -6.95567e-01
5.07755e-01 9.43478e-01 -6.49217e-01
5.07755e-01 1.00538e+00 -6.00070e-01
5.07755e-01 1.06875e+00 -5.47990e-01
5.07755e-01 1.13351e+00 -4.92793e-01
5.07755e-01 1.19960e+00 -4.34260e-01
5.07755e-01 1.26697e+00 -3.72159e-01
5.07755e-01 1.33555e+00 -3.06278e-01
5.07755e-01 1.40526e+00 -2.36456e-01
5.07755e-01 1.47604e+00 -1.62625e-01
5.07755e-01 1.54782e+00 -8.48546e-02
5.07755e-01 1.62053e+00 -3.40184e-03
5.07755e-01 1.69410e+00 8.12378e-02
5.07755e-01 1.76846e+00 1.68279e-01
5.07755e-01 1.84353e+00 2.56602e-01
5.07755e-01 1.91924e+00 3.44719e-01
5.07755e-01 1.99553e+00 4.30771e-01
5.07755e-01 2.07230e+00 5.12566e-01
5.07755e-01 2.14949e+00 5.87662e-01
5.07755e-01 2.22703e+00 6.53537e-01
5.07755e-01 2.30483e+00 7.07817e-01
5.07755e-01 2.38282e+00 7.48554e-01
5.07755e-01 2.46093e+00 7.74514e-01
5.07755e-01 2.53907e+00 7.85380e-01
5.07755e-01 2.61718e+00 7.81789e-01
5.07755e-01 2.69517e+00 7.65151e-01
5.07755e-01 2.77297e+00 7.37267e-01
5.07755e-01 2.85051e+00 6.99903e-01
5.07755e-01 2.92770e+00 6.54515e-01
5.07755e-01 3.00447e+00 6.02289e-01
5.07755e-01 3.08076e+00 5.44458e-01
5.07755e-01 3.15647e+00 4.82669e-01
5.07755e-01 3.23154e+00 4.19110e-01
5.07755e-01 3.30590e+00 3.56298e-01
5.07755e-01 3.37947e+00 2.96651e-01
5.07755e-01 3.45218e+00 2.42097e-01
5.07755e-01 3.52396e+00 1.93865e-01
5.07755e-01 3.59474e+00 1.52493e-01
5.07755e-01 3.66445e+00 1.17944e-01
5.07755e-01 3.73303e+00 8.97810e-02
5.07755e-01 3.80040e+00 6.73225e-02
5.07755e-01 3.86649e+00 4.97719e-02
5.07755e-01 3.93125e+00 3.63123e-02
5.07755e-01 3.99462e+00 2.61694e-02
5.07755e-01 4.05652e+00 1.86494e-02
5.07755e-01 4.11690e+00 1.31573e-02
5.07755e-01 4.17571e+00 9.20129e-03
5.07755e-01 4.23287e+00 6.38687e-03
5.07755e-01 4.28835e+00 4.40664e-03
5.07755e-01 4.34207e+00 3.02666e-03
5.07755e-01 4.39400e+00 2.07274e-03
5.07755e-01 4.44407e+00 1.41764e-03
5.07755e-01 4.49224e+00 9.69994e-04
5.07755e-01 4.53847e+00 6.65134e-04
5.07755e-01 4.58271e+00 4.57888e-04
5.07755e-01 4.62491e+00 3.17031e-04
5.07755e-01 4.66504e+00 2.21167e-04
5.07755e-01 4.70305e+00 1.55740e-04
5.07755e-01 4.73890e+00 1.10896e-04
5.07755e-01 4.77257e+00 7.99885e-05
5.07755e-01 4.80402e+00 5.85441e-05
5.07755e-01 4.83322e+00 4.35514e-05
5.07755e-01 4.86014e+00 3.29818e-05
5.07755e-01 4.88475e+00 2.54657e-05
5.07755e-01 4.90703e+00 2.00753e-05
5.07755e-01 4.92696e+00 1.61795e-05
5.07755e-01 4.94452e+00 1.33471e-05
5.07755e-01 4.95969e+00 1.12822e-05
5.07755e-01 4.97246e+00 9.78135e-06
5.07755e-01 4.98281e+00 8.70470e-06
5.07755e-01 4.99074e+00 7.95693e-06
5.07755e-01 4.99623e+00 7.47475e-06
5.07755e-01 4.99928e+00 7.21864e-06
5.55930e-01 7.15683e-04 -1.03763e+00
5.55930e-01 3.77012e-03 -1.03763e+00
5.55930e-01 9.26216e-03 -1.03759e+00
5.55930e-01 1.71877e-02 -1.03750e+00
5.55930e-01 2.75390e-02 -1.03728e+00
5.55930e-01 4.03061e-02 -1.03688e+00
5.55930e-01 5.54766e-02 -1.03620e+00
5.55930e-01 7.30356e-02 -1.03515e+00
5.55930e-01 9.29659e-02 -1.03361e+00
5.55930e-01 1.15248e-01 -1.03144e+00
5.55930e-01 1.39860e-01 -1.02851e+00
5.55930e-01 1.66779e-01 -1.02464e+00
5.55930e-01 1.95977e-01 -1.01967e+00
5.55930e-01 2.27426e-01 -1.01340e+00
5.55930e-01 2.61096e-01 -1.00563e+00
5.55930e-01 2.96953e-01 -9.96160e-01
5.55930e-01 3.34963e-01 -9.84760e-01
5.55930e-01 3.75089e-01 -9.71217e-01
5.55930e-01 4.17290e-01 -9.55319e-01
5.55930e-01 4.61527e-01 -9.36871e-01
5.55930e-01 5.07755e-01 -9.15706e-01
5.55930e-01 5.55930e-01 -8.91693e-01
5.55930e-01 6.06005e-01 -8.64747e-01
5.55930e-01 6.57930e-01 -8.34830e-01
5.55930e-01 7.11655e-01 -8.01946e-01
5.55930e-01 7.67127e-01 -7.66129e-01
5.55930e-01 8.24292e-01 -7.27420e-01
5.55930e-01 8.83095e-01 -6.85849e-01
5.55930e-01 9.43478e-01 -6.41409e-01
5.55930e-01 1.00538e+00 -5.94047e-01
5.55930e-01 1.06875e+00 -5.43654e-01
5.55930e-01 1.13351e+00 -4.90071e-01
5.55930e-01 1.19960e+00 -4.33100e-01
5.55930e-01 1.26697e+00 -3.72525e-01
5.55930e-01 1.33555e+00 -3.08143e-01
5.55930e-01 1.40526e+00 -2.39798e-01
5.55930e-01 1.47604e+00 -1.67418e-01
5.55930e-01 1.54782e+00 -9.10643e-02
5.55930e-01 1.62053e+00 -1.09813e-02
5.55930e-01 1.69410e+00 7.23533e-02
5.55930e-01 1.76846e+00 1.58174e-01
5.55930e-01 1.84353e+00 2.45384e-01
5.55930e-01 1.91924e+00 3.32518e-01
5.55930e-01 1.99553e+00 4.17741e-01
5.55930e-01 2.07230e+00 4.98879e-01
5.55930e-01 2.14949e+00 5.73511e-01
5.55930e-01 2.22703e+00 6.39127e-01
5.55930e-01 2.30483e+00 6.93359e-01
5.55930e-01 2.38282e+00 7.34262e-01
5.55930e-01 2.46093e+00 7.60593e-01
5.55930e-01 2.53907e+00 7.72019e-01
5.55930e-01 2.61718e+00 7.69158e-01
5.55930e-01 2.69517e+00 7.53388e-01
5.55930e-01 2.77297e+00 7.26479e-01
5.55930e-01 2.85051e+00 6.90163e-01
5.55930e-01 2.92770e+00 6.45858e-01
5.55930e-01 3.00447e+00 5.94716e-01
5.55930e-01 3.08076e+00 5.37941e-01
5.55930e-01 3.15647e+00 4.77151e-01
5.55930e-01 3.23154e+00 4.14516e-01
5.55930e-01 3.30590e+00 3.52536e-01
5.55930e-01 3.37947e+00 2.93622e-01
5.55930e-01 3.45218e+00 2.39697e-01
5.55930e-01 3.52396e+00 1.91995e-01
5.55930e-01 3.59474e+00 1.51058e-01
5.55930e-01 3.66445e+00 1.16860e-01
5.55930e-01 3.73303e+00 8.89737e-02
5.55930e-01 3.80040e+00 6.67298e-02
5.55930e-01 3.86649e+00 4.93426e-02
5.55930e-01 3.93125e+00 3.60052e-02
5.55930e-01 3.99462e+00 2.59523e-02
5.55930e-01 4.05652e+00 1.84975e-02
5.55930e-01 4.11690e+00 1.30521e-02
5.55930e-01 4.17571e+00 9.12891e-03
5.55930e-01 4.23287e+00 6.33744e-03
5.55930e-01 4.28835e+00 4.37307e-03
5.55930e-01 4.34207e+00 3.00395e-03
5.55930e-01 4.39400e+00 2.05741e-03
5.55930e-01 4.44407e+00 1.40730e-03
5.55930e-01 4.49224e+00 9.63005e-04
5.55930e-01 4.53847e+00 6.60400e-04
5.55930e-01 4.58271e+00 4.54667e-04
5.55930e-01 4.62491e+00 3.14825e-04
5.55930e-01 4.66504e+00 2.19644e-04
5.55930e-01 4.70305e+00 1.54678e-04
5.55930e-01 4.73890e+00 1.10146e-04
5.55930e-01 4.77257e+00 7.94523e-05
5.55930e-01 4.80402e+00 5.81548e-05
5.55930e-01 4.83322e+00 4.32638e-05
5.55930e-01 4.86014e+00 3.27654e-05
5.55930e-01 4.88475e+00 2.52997e-05
5.55930e-01 4.90703e+00 1.99451e-05
5.55930e-01 4.92696e+00 1.60751e-05
5.55930e-01 4.94452e+00 1.32613e-05
5.55930e-01 4.95969e+00 1.12099e-05
5.55930e-01 4.97246e+00 9.71889e-06
5.55930e-01 4.98281e+00 8.64924e-06
5.55930e-01 4.99074e+00 7.90633e-06
5.55930e-01 4.99623e+00 7.42728e-06
5.55930e-01 4.99928e+00 7.17283e-06
6.06005e-01 7.15683e-04 -9.91551e-01
6.06005e-01 3.77012e-03 -9.91546e-01
6.06005e-01 9.26216e-03 -9.91518e-01
6.06005e-01 1.71877e-02 -9.91436e-01
6.06005e-01 2.75390e-02 -9.91254e-01
6.06005e-01 4.03061e-02 -9.90914e-01
6.06005e-01 5.54766e-02 -9.90344e-01
6.06005e-01 7.30356e-02 -9.89458e-01
6.06005e-01 9.29659e-02 -9.88157e-01
6.06005e-01 1.15248e-01 -9.86328e-01
6.06005e-01 1.39860e-01 -9.83847e-01
6.06005e-01 1.66779e-01 -9.80575e-01
6.06005e-01 1.95977e-01 -9.76358e-01
6.06005e-01 2.27426e-01 -9.71031e-01
6.06005e-01 2.61096e-01 -9.64412e-01
6.06005e-01 2.96953e-01 -9.56307e-01
6.06005e-01 3.34963e-01 -9.46512e-01
6.06005e-01 3.75089e-01 -9.34812e-01
6.06005e-01 4.17290e-01 -9.20991e-01
6.06005e-01 4.61527e-01 -9.04835e-01
6.06005e-01 5.07755e-01 -8.86146e-01
6.06005e-01 5.55930e-01 -8.64747e-01
6.06005e-01 6.06005e-01 -8.40497e-01
6.06005e-01 6.57930e-01 -8.13298e-01
6.06005e-01 7.11655e-01 -7.83094e-01
6.06005e-01 7.67127e-01 -7.49868e-01
6.06005e-01 8.24292e-01 -7.13626e-01
6.06005e-01 8.83095e-01 -6.74379e-01
6.06005e-01 9.43478e-01 -6.32122e-01
6.06005e-01 1.00538e+00 -5.86813e-01
6.06005e-01 1.06875e+00 -5.38366e-01
6.06005e-01 1.13351e+00 -4.86643e-01
6.06005e-01 1.19960e+00 -4.31470e-01
6.06005e-01 1.26697e+00 -3.72649e-01
6.06005e-01 1.33555e+00 -3.09989e-01
6.06005e-01 1.40526e+00 -2.43337e-01
6.06005e-01 1.47604e+00 -1.72620e-01
6.06005e-01 1.54782e+00 -9.78897e-02
6.06005e-01 1.62053e+00 -1.93763e-02
6.06005e-01 1.69410e+00 6.24615e-02
6.06005e-01 1.76846e+00 1.46881e-01
6.06005e-01 1.84353e+00 2.32810e-01
6.06005e-01 1.91924e+00 3.18811e-01
6.06005e-01 1.99553e+00 4.03073e-01
6.06005e-01 2.07230e+00 4.83448e-01
6.06005e-01 2.14949e+00 5.57533e-01
6.06005e-01 2.22703e+00 6.22836e-01
6.06005e-01 2.30483e+00 6.76996e-01
6.06005e-01 2.38282e+00 7.18068e-01
6.06005e-01 2.46093e+00 7.44803e-01
6.06005e-01 2.53907e+00 7.56853e-01
6.06005e-01 2.61718e+00 7.54806e-01
6.06005e-01 2.69517e+00 7.40012e-01
6.06005e-01 2.77297e+00 7.14204e-01
6.06005e-01 2.85051e+00 6.79071e-01
6.06005e-01 2.92770e+00 6.35992e-01
6.06005e-01 3.00447e+00 5.86081e-01
6.06005e-01 3.08076e+00 5.30504e-01
6.06005e-01 3.15647e+00 4.70852e-01
6.06005e-01 3.23154e+00 4.09268e-01
6.06005e-01 3.30590e+00 3.48237e-01
6.06005e-01 3.37947e+00 2.90158e-01
6.06005e-01 3.45218e+00 2.36951e-01
6.06005e-01 3.52396e+00 1.89854e-01
6.06005e-01 3.59474e+00 1.49414e-01
6.06005e-01 3.66445e+00 1.15617e-01
6.06005e-01 3.73303e+00 8.80481e-02
6.06005e-01 3.80040e+00 6.60501e-02
6.06005e-01 3.86649e+00 4.88501e-02
6.06005e-01 3.93125e+00 3.56528e-02
6.06005e-01 3.99462e+00 2.57030e-02
6.06005e-01 4.05652e+00 1.83230e-02
6.06005e-01 4.11690e+00 1.29311e-02
6.06005e-01 4.17571e+00 9.04569e-03
6.06005e-01 4.23287e+00 6.28060e-03
6.06005e-01 4.28835e+00 4.33444e-03
6.06005e-01 4.34207e+00 2.97780e-03
6.06005e-01 4.39400e+00 2.03975e-03
6.06005e-01 4.44407e+00 1.39538e-03
6.06005e-01 4.49224e+00 9.54954e-04
6.06005e-01 4.53847e+00 6.54945e-04
6.06005e-01 4.58271e+00 4.50954e-04
6.06005e-01 4.62491e+00 3.12282e-04
6.06005e-01 4.66504e+00 2.17888e-04
6.06005e-01 4.70305e+00 1.53452e-04
6.06005e-01 4.73890e+00 1.09281e-04
6.06005e-01 4.77257e+00 7.88337e-05
6.06005e-01 4.80402e+00 5.77054e-05
6.06005e-01 4.83322e+00 4.29319e-05
6.06005e-01 4.86014e+00 3.25157e-05
6.06005e-01 4.88475e+00 2.51079e-05
6.06005e-01 4.90703e+00 1.97947e-05
6.06005e-01 4.92696e+00 1.59544e-05
6.06005e-01 4.94452e+00 1.31622e-05
6.06005e-01 4.95969e+00 1.11264e-05
6.06005e-01 4.97246e+00 9.64673e-06
6.06005e-01 4.98281e+00 8.58518e-06
6.06005e-01 4.99074e+00 7.84788e-06
6.06005e-01 4.99623e+00 7.37243e-06
6.06005e-01 4.99928e+00 7.11990e-06
6.57930e-01 7.15683e-04 -9.43908e-01
6.57930e-01 3.77012e-03 -9.43904e-01
6.57930e-01 9.26216e-03 -9.43880e-01
6.57930e-01 1.71877e-02 -9.43811e-01
6.57930e-01 2.75390e-02 -9.43659e-01
6.57930e-01 4.03061e-02 -9.43374e-01
6.57930e-01 5.54766e-02 -9.42896e-01
6.57930e-01 7.30356e-02 -9.42153e-01
6.57930e-01 9.29659e-02 -9.41061e-01
6.57930e-01 1.15248e-01 -9.39527e-01
6.57930e-01 1.39860e-01 -9.37442e-01
6.57930e-01 1.66779e-01 -9.34690e-01
6.57930e-01 1.95977e-01 -9.31139e-01
6.57930e-01 2.27426e-01 -9.26644e-01
6.57930e-01 2.61096e-01 -9.21045e-01
6.57930e-01 2.96953e-01 -9.14170e-01
6.57930e-01 3.34963e-01 -9.05829e-01
6.57930e-01 3.75089e-01 -8.95822e-01
6.57930e-01 4.17290e-01 -8.83936e-01
6.57930e-01 4.61527e-01 -8.69952e-01
6.57930e-01 5.07755e-01 -8.53652e-01
6.57930e-01 5.55930e-01 -8.34830e-01
6.57930e-01 6.06005e-01 -8.13298e-01
6.57930e-01 6.57930e-01 -7.88902e-01
6.57930e-01 7.11655e-01 -7.61526e-01
6.57930e-01 7.67127e-01 -7.31093e-01
6.57930e-01 8.24292e-01 -6.97563e-01
6.57930e-01 8.83095e-01 -6.60912e-01
6.57930e-01 9.43478e-01 -6.21122e-01
6.57930e-01 1.00538e+00 -5.78153e-01
6.57930e-01 1.06875e+00 -5.31930e-01
6.57930e-01 1.13351e+00 -4.82338e-01
6.57930e-01 1.19960e+00 -4.29225e-01
6.57930e-01 1.26697e+00 -3.72410e-01
6.57930e-01 1.33555e+00 -3.11715e-01
6.57930e-01 1.40526e+00 -2.46994e-01
6.57930e-01 1.47604e+00 -1.78171e-01
6.57930e-01 1.54782e+00 -1.05291e-01
6.57930e-01 1.62053e+00 -2.85661e-02
6.57930e-01 1.69410e+00 5.15647e-02
6.57930e-01 1.76846e+00 1.34385e-01
6.57930e-01 1.84353e+00 2.18848e-01
6.57930e-01 1.91924e+00 3.03548e-01
6.57930e-01 1.99553e+00 3.86704e-01
6.57930e-01 2.07230e+00 4.66193e-01
6.57930e-01 2.14949e+00 5.39638e-01
6.57930e-01 2.22703e+00 6.04562e-01
6.57930e-01 2.30483e+00 6.58616e-01
6.57930e-01 2.38282e+00 6.99857e-01
6.57930e-01 2.46093e+00 7.27028e-01
6.57930e-01 2.53907e+00 7.39760e-01
6.57930e-01 2.61718e+00 7.38616e-01
6.57930e-01 2.69517e+00 7.24909e-01
6.57930e-01 2.77297e+00 7.00331e-01
6.57930e-01 2.85051e+00 6.66524e-01
6.57930e-01 2.92770e+00 6.24824e-01
6.57930e-01 3.00447e+00 5.76298e-01
6.57930e-01 3.08076e+00 5.22073e-01
6.57930e-01 3.15647e+00 4.63705e-01
6.57930e-01 3.23154e+00 4.03311e-01
6.57930e-01 3.30590e+00 3.43353e-01
6.57930e-01 3.37947e+00 2.86220e-01
6.57930e-01 3.45218e+00 2.33828e-01
6.57930e-01 3.52396e+00 1.87417e-01
6.57930e-01 3.59474e+00 1.47542e-01
6.57930e-01 3.66445e+00 1.14201e-01
6.57930e-01 3.73303e+00 8.69931e-02
6.57930e-01 3.80040e+00 6.52750e-02
6.57930e-01 3.86649e+00 4.82881e-02
6.57930e-01 3.93125e+00 3.52505e-02
6.57930e-01 3.99462e+00 2.54183e-02
6.57930e-01 4.05652e+00 1.81236e-02
6.57930e-01 4.11690e+00 1.27928e-02
6.57930e-01 4.17571e+00 8.95055e-03
6.57930e-01 4.23287e+00 6.21558e-03
6.57930e-01 4.28835e+00 4.29025e-03
6.57930e-01 4.34207e+00 2.94788e-03
6.57930e-01 4.39400e+00 2.01954e-03
6.57930e-01 4.44407e+00 1.38173e-03
6.57930e-01 4.49224e+00 9.45730e-04
6.57930e-01 4.53847e+00 6.48693e-04
6.57930e-01 4.58271e+00 4.46698e-04
6.57930e-01 4.62491e+00 3.09365e-04
6.57930e-01 4.66504e+00 2.15873e-04
6.57930e-01 4.70305e+00 1.52047e-04
6.57930e-01 4.73890e+00 1.08289e-04
6.57930e-01 4.77257e+00 7.81236e-05
6.57930e-01 4.80402e+00 5.71895e-05
6.57930e-01 4.83322e+00 4.25507e-05
6.57930e-01 4.86014e+00 3.22288e-05
6.57930e-01 4.88475e+00 2.48877e-05
6.57930e-01 4.90703e+00 1.96220e-05
6.57930e-01 4.92696e+00 1.58158e-05
6.57930e-01 4.94452e+00 1.30483e-05
6.57930e-01 4.95969e+00 1.10305e-05
6.57930e-01 4.97246e+00 9.56380e-06
6.57930e-01 4.98281e+00 8.51155e-06
6.57930e-01 4.99074e+00 7.78069e-06
6.57930e-01 4.99623e+00 7.30940e-06
6.57930e-01 4.99928e+00 7.05906e-06
7.11655e-01 7.15683e-04 -8.94821e-01
7.11655e-01 3.77012e-03 -8.94817e-01
7.11655e-01 9.26216e-03 -8.94798e-01
7.11655e-01 1.71877e-02 -8.94740e-01
7.11655e-01 2.75390e-02 -8.94613e-01
7.11655e-01 4.03061e-02 -8.94376e-01
7.11655e-01 5.54766e-02 -8.93978e-01
7.11655e-01 7.30356e-02 -8.93358e-01
7.11655e-01 9.29659e-02 -8.92448e-01
7.11655e-01 1.15248e-01 -8.91167e-01
7.11655e-01 1.39860e-01 -8.89427e-01
7.11655e-01 1.66779e-01 -8.87128e-01
7.11655e-01 1.95977e-01 -8.84157e-01
7.11655e-01 2.27426e-01 -8.80392e-01
7.11655e-01 2.61096e-01 -8.75693e-01
7.11655e-01 2.96953e-01 -8.69910e-01
7.11655e-01 3.34963e-01 -8.62872e-01
7.11655e-01 3.75089e-01 -8.54397e-01
7.11655e-01 4.17290e-01 -8.44284e-01
7.11655e-01 4.61527e-01 -8.32320e-01
7.11655e-01 5.07755e-01 -8.18282e-01
7.11655e-01 5.55930e-01 -8.01946e-01
7.11655e-01 6.06005e-01 -7.83094e-01
7.11655e-01 6.57930e-01 -7.61526e-01
7.11655e-01 7.11655e-01 -7.37070e-01
7.11655e-01 7.67127e-01 -7.09589e-01
7.11655e-01 8.24292e-01 -6.78984e-01
7.11655e-01 8.83095e-01 -6.45189e-01
7.11655e-01 9.43478e-01 -6.08151e-01
7.11655e-01 1.00538e+00 -5.67818e-01
7.11655e-01 1.06875e+00 -5.24119e-01
7.11655e-01 1.13351e+00 -4.76953e-01
7.11655e-01 1.19960e+00 -4.26184e-01
7.11655e-01 1.26697e+00 -3.71651e-01
7.11655e-01 1.33555e+00 -3.13190e-01
7.11655e-01 1.40526e+00 -2.50660e-01
7.11655e-01 1.47604e+00 -1.83985e-01
7.11655e-01 1.54782e+00 -1.13200e-01
7.11655e-01 1.62053e+00 -3.85027e-02
7.11655e-01 1.69410e+00 3.96915e-02
7.11655e-01 1.76846e+00 1.20693e-01
7.11655e-01 1.84353e+00 2.03489e-01
7.11655e-01 1.91924e+00 2.86704e-01
7.11655e-01 1.99553e+00 3.68590e-01
7.11655e-01 2.07230e+00 4.47056e-01
7.11655e-01 2.14949e+00 5.19752e-01
7.11655e-01 2.22703e+00 5.84221e-01
7.11655e-01 2.30483e+00 6.38126e-01
7.11655e-01 2.38282e+00 6.79527e-01
7.11655e-01 2.46093e+00 7.07157e-01
7.11655e-01 2.53907e+00 7.20629e-01
7.11655e-01 2.61718e+00 7.20475e-01
7.11655e-01 2.69517e+00 7.07969e-01
7.11655e-01 2.77297e+00 6.84754e-01
7.11655e-01 2.85051e+00 6.52424e-01
7.11655e-01 2.92770e+00 6.12260e-01
7.11655e-01 3.00447e+00 5.65283e-01
7.11655e-01 3.08076e+00 5.12573e-01
7.11655e-01 3.15647e+00 4.55646e-01
7.11655e-01 3.23154e+00 3.96587e-01
7.11655e-01 3.30590e+00 3.37837e-01
7.11655e-01 3.37947e+00 2.81770e-01
7.11655e-01 3.45218e+00 2.30297e-01
7.11655e-01 3.52396e+00 1.84659e-01
7.11655e-01 3.59474e+00 1.45423e-01
7.11655e-01 3.66445e+00 1.12598e-01
7.11655e-01 3.73303e+00 8.57974e-02
7.11655e-01 3.80040e+00 6.43959e-02
7.11655e-01 3.86649e+00 4.76506e-02
7.11655e-01 3.93125e+00 3.47938e-02
7.11655e-01 3.99462e+00 2.50949e-02
7.11655e-01 4.05652e+00 1.78971e-02
7.11655e-01 4.11690e+00 1.26356e-02
7.11655e-01 4.17571e+00 8.84234e-03
7.11655e-01 4.23287e+00 6.14160e-03
7.11655e-01 4.28835e+00 4.23994e-03
7.11655e-01 4.34207e+00 2.91380e-03
7.11655e-01 4.39400e+00 1.99651e-03
7.11655e-01 4.44407e+00 1.36618e-03
7.11655e-01 4.49224e+00 9.35215e-04
7.11655e-01 4.53847e+00 6.41565e-04
7.11655e-01 4.58271e+00 4.41843e-04
7.11655e-01 4.62491e+00 3.06038e-04
7.11655e-01 4.66504e+00 2.13573e-04
7.11655e-01 4.70305e+00 1.50442e-04
7.11655e-01 4.73890e+00 1.07156e-04
7.11655e-01 4.77257e+00 7.73125e-05
7.11655e-01 4.80402e+00 5.66002e-05
7.11655e-01 4.83322e+00 4.21152e-05
7.11655e-01 4.86014e+00 3.19010e-05
7.11655e-01 4.88475e+00 2.46359e-05
7.11655e-01 4.90703e+00 1.94245e-05
7.11655e-01 4.92696e+00 1.56574e-05
7.11655e-01 4.94452e+00 1.29181e-05
7.11655e-01 4.95969e+00 1.09208e-05
7.11655e-01 4.97246e+00 9.46895e-06
7.11655e-01 4.98281e+00 8.42733e-06
7.11655e-01 4.99074e+00 7.70384e-06
7.11655e-01 4.99623e+00 7.23729e-06
7.11655e-01 4.99928e+00 6.98947e-06
7.67127e-01 7.15683e-04 -8.44311e-01
7.67127e-01 3.77012e-03 -8.44308e-01
7.67127e-01 9.26216e-03 -8.44292e-01
7.67127e-01 1.71877e-02 -8.44245e-01
7.67127e-01 2.75390e-02 -8.44140e-01
7.67127e-01 4.03061e-02 -8.43944e-01
7.67127e-01 5.54766e-02 -8.43614e-01
7.67127e-01 7.30356e-02 -8.43102e-01
7.67127e-01 9.29659e-02 -8.42348e-01
7.67127e-01 1.15248e-01 -8.41289e-01
7.67127e-01 1.39860e-01 -8.39848e-01
7.67127e-01 1.66779e-01 -8.37943e-01
7.67127e-01 1.95977e-01 -8.35480e-01
7.67127e-01 2.27426e-01 -8.32353e-01
7.67127e-01 2.61096e-01 -8.28447e-01
7.67127e-01 2.96953e-01 -8.23628e-01
7.67127e-01 3.34963e-01 -8.17751e-01
7.67127e-01 3.75089e-01 -8.10651e-01
7.67127e-01 4.17290e-01 -8.02147e-01
7.67127e-01 4.61527e-01 -7.92037e-01
7.67127e-01 5.07755e-01 -7.80108e-01
7.67127e-01 5.55930e-01 -7.66129e-01
7.67127e-01 6.06005e-01 -7.49868e-01
7.67127e-01 6.57930e-01 -7.31093e-01
7.67127e-01 7.11655e-01 -7.09589e-01
7.67127e-01 7.67127e-01 -6.85162e-01
7.67127e-01 8.24292e-01 -6.57656e-01
7.67127e-01 8.83095e-01 -6.26944e-01
7.67127e-01 9.43478e-01 -5.92931e-01
7.67127e-01 1.00538e+00 -5.55534e-01
7.67127e-01 1.06875e+00 -5.14673e-01
7.67127e-01 1.13351e+00 -4.70246e-01
7.67127e-01 1.19960e+00 -4.22130e-01
7.67127e-01 1.26697e+00 -3.70180e-01
7.67127e-01 1.33555e+00 -3.14243e-01
7.67127e-01 1.40526e+00 -2.54187e-01
7.67127e-01 1.47604e+00 -1.89936e-01
7.67127e-01 1.54782e+00 -1.21515e-01
7.67127e-01 1.62053e+00 -4.91051e-02
7.67127e-01 1.69410e+00 2.69026e-02
7.67127e-01 1.76846e+00 1.05849e-01
7.67127e-01 1.84353e+00 1.86754e-01
7.67127e-01 1.91924e+00 2.68279e-01
7.67127e-01 1.99553e+00 3.48715e-01
7.67127e-01 2.07230e+00 4.26004e-01
7.67127e-01 2.14949e+00 4.97827e-01
7.67127e-01 2.22703e+00 5.61749e-01
7.67127e-01 2.30483e+00 6.15450e-01
7.67127e-01 2.38282e+00 6.56991e-01
7.67127e-01 2.46093e+00 6.85098e-01
7.67127e-01 2.53907e+00 6.99363e-01
7.67127e-01 2.61718e+00 7.00284e-01
7.67127e-01 2.69517e+00 6.89090e-01
7.67127e-01 2.77297e+00 6.67374e-01
7.67127e-01 2.85051e+00 6.36674e-01
7.67127e-01 2.92770e+00 5.98214e-01
7.67127e-01 3.00447e+00 5.52956e-01
7.67127e-01 3.08076e+00 5.01931e-01
7.67127e-01 3.15647e+00 4.46611e-01
7.67127e-01 3.23154e+00 3.89043e-01
7.67127e-01 3.30590e+00 3.31643e-01
7.67127e-01 3.37947e+00 2.76769e-01
7.67127e-01 3.45218e+00 2.26326e-01
7.67127e-01 3.52396e+00 1.81557e-01
7.67127e-01 3.59474e+00 1.43037e-01
7.67127e-01 3.66445e+00 1.10791e-01
7.67127e-01 3.73303e+00 8.44493e-02
7.67127e-01 3.80040e+00 6.34043e-02
7.67127e-01 3.86649e+00 4.69308e-02
7.67127e-01 3.93125e+00 3.42780e-02
7.67127e-01 3.99462e+00 2.47296e-02
7.67127e-01 4.05652e+00 1.76410e-02
7.67127e-01 4.11690e+00 1.24578e-02
7.67127e-01 4.17571e+00 8.71988e-03
7.67127e-01 4.23287e+00 6.05783e-03
7.67127e-01 4.28835e+00 4.18296e-03
7.67127e-01 4.34207e+00 2.87519e-03
7.67127e-01 4.39400e+00 1.97040e-03
7.67127e-01 4.44407e+00 1.34854e-03
7.67127e-01 4.49224e+00 9.23285e-04
7.67127e-01 4.53847e+00 6.33474e-04
7.67127e-01 4.58271e+00 4.36330e-04
7.67127e-01 4.62491e+00 3.02258e-04
7.67127e-01 4.66504e+00 2.10961e-04
7.67127e-01 4.70305e+00 1.48618e-04
7.67127e-01 4.73890e+00 1.05868e-04
7.67127e-01 4.77257e+00 7.63905e-05
7.67127e-01 4.80402e+00 5.59300e-05
7.67127e-01 4.83322e+00 4.16198e-05
7.67127e-01 4.86014e+00 3.15280e-05
7.67127e-01 4.88475e+00 2.43495e-05
7.67127e-01 4.90703e+00 1.91998e-05
7.67127e-01 4.92696e+00 1.54770e-05
7.67127e-01 4.94452e+00 1.27699e-05
7.67127e-01 4.95969e+00 1.07959e-05
7.67127e-01 4.97246e+00 9.36096e-06
7.67127e-01 4.98281e+00 8.33144e-06
7.67127e-01 4.99074e+00 7.61633e-06
7.67127e-01 4.99623e+00 7.15518e-06
7.67127e-01 4.99928e+00 6.91022e-06
8.24292e-01 7.15683e-04 -7.92311e-01
8.24292e-01 3.77012e-03 -7.92308e-01
8.24292e-01 9.26216e-03 -7.92295e-01
8.24292e-01 1.71877e-02 -7.92256e-01
8.24292e-01 2.75390e-02 -7.92170e-01
8.24292e-01 4.03061e-02 -7.92010e-01
8.24292e-01 5.54766e-02 -7.91741e-01
8.24292e-01 7.30356e-02 -7.91322e-01
8.24292e-01 9.29659e-02 -7.90707e-01
8.24292e-01 1.15248e-01 -7.89841e-01
8.24292e-01 1.39860e-01 -7.88662e-01
8.24292e-01 1.66779e-01 -7.87104e-01
8.24292e-01 1.95977e-01 -7.85086e-01
8.24292e-01 2.27426e-01 -7.82523e-01
8.24292e-01 2.61096e-01 -7.79316e-01
8.24292e-01 2.96953e-01 -7.75354e-01
8.24292e-01 3.34963e-01 -7.70511e-01
8.24292e-01 3.75089e-01 -7.64644e-01
8.24292e-01 4.17290e-01 -7.57593e-01
8.24292e-01 4.61527e-01 -7.49175e-01
8.24292e-01 5.07755e-01 -7.39191e-01
8.24292e-01 5.55930e-01 -7.27420e-01
8.24292e-01 6.06005e-01 -7.13626e-01
8.24292e-01 6.57930e-01 -6.97563e-01
8.24292e-01 7.11655e-01 -6.78984e-01
8.24292e-01 7.67127e-01 -6.57656e-01
8.24292e-01 8.24292e-01 -6.33362e-01
8.24292e-01 8.83095e-01 -6.05921e-01
8.24292e-01 9.43478e-01 -5.75177e-01
8.24292e-01 1.00538e+00 -5.41007e-01
8.24292e-01 1.06875e+00 -5.03297e-01
8.24292e-01 1.13351e+00 -4.61937e-01
8.24292e-01 1.19960e+00 -4.16803e-01
8.24292e-01 1.26697e+00 -3.67760e-01
8.24292e-01 1.33555e+00 -3.14664e-01
8.24292e-01 1.40526e+00 -2.57390e-01
8.24292e-01 1.47604e+00 -1.95861e-01
8.24292e-01 1.54782e+00 -1.30094e-01
8.24292e-01 1.62053e+00 -6.02526e-02
8.24292e-01 1.69410e+00 1.32975e-02
8.24292e-01 1.76846e+00 8.99292e-02
8.24292e-01 1.84353e+00 1.68701e-01
8.24292e-01 1.91924e+00 2.48314e-01
8.24292e-01 1.99553e+00 3.27098e-01
8.24292e-01 2.07230e+00 4.03037e-01
8.24292e-01 2.14949e+00 4.73844e-01
8.24292e-01 2.22703e+00 5.37113e-01
8.24292e-01 2.30483e+00 5.90539e-01
8.24292e-01 2.38282e+00 6.32189e-01
8.24292e-01 2.46093e+00 6.60780e-01
8.24292e-01 2.53907e+00 6.75881e-01
8.24292e-01 2.61718e+00 6.77955e-01
8.24292e-01 2.69517e+00 6.68185e-01
8.24292e-01 2.77297e+00 6.48105e-01
8.24292e-01 2.85051e+00 6.19190e-01
8.24292e-01 2.92770e+00 5.82602e-01
8.24292e-01 3.00447e+00 5.39240e-01
8.24292e-01 3.08076e+00 4.90078e-01
8.24292e-01 3.15647e+00 4.36537e-01
8.24292e-01 3.23154e+00 3.80625e-01
8.24292e-01 3.30590e+00 3.24726e-01
8.24292e-01 3.37947e+00 2.71179e-01
8.24292e-01 3.45218e+00 2.21883e-01
8.24292e-01 3.52396e+00 1.78083e-01
8.24292e-01 3.59474e+00 1.40364e-01
8.24292e-01 3.66445e+00 1.08765e-01
8.24292e-01 3.73303e+00 8.29369e-02
8.24292e-01 3.80040e+00 6.22911e-02
8.24292e-01 3.86649e+00 4.61225e-02
8.24292e-01 3.93125e+00 3.36983e-02
8.24292e-01 3.99462e+00 2.43187e-02
8.24292e-01 4.05652e+00 1.73529e-02
8.24292e-01 4.11690e+00 1.22576e-02
8.24292e-01 4.17571e+00 8.58195e-03
8.24292e-01 4.23287e+00 5.96345e-03
8.24292e-01 4.28835e+00 4.11872e-03
8.24292e-01 4.34207e+00 2.83163e-03
8.24292e-01 4.39400e+00 1.94094e-03
8.24292e-01 4.44407e+00 1.32863e-03
8.24292e-01 4.49224e+00 9.09813e-04
8.24292e-01 4.53847e+00 6.24333e-04
8.24292e-01 4.58271e+00 4.30101e-04
8.24292e-01 4.62491e+00 2.97986e-04
8.24292e-01 4.66504e+00 2.08007e-04
8.24292e-01 4.70305e+00 1.46555e-04
8.24292e-01 4.73890e+00 1.04410e-04
8.24292e-01 4.77257e+00 7.53468e-05
8.24292e-01 4.80402e+00 5.51712e-05
8.24292e-01 4.83322e+00 4.10588e-05
8.24292e-01 4.86014e+00 3.11056e-05
8.24292e-01 4.88475e+00 2.40250e-05
8.24292e-01 4.90703e+00 1.89452e-05
8.24292e-01 4.92696e+00 1.52727e-05
8.24292e-01 4.94452e+00 1.26019e-05
8.24292e-01 4.95969e+00 1.06544e-05
8.24292e-01 4.97246e+00 9.23855e-06
8.24292e-01 4.98281e+00 8.22273e-06
8.24292e-01 4.99074e+00 7.51712e-06
8.24292e-01 4.99623e+00 7.06208e-06
8.24292e-01 4.99928e+00 6.82037e-06
8.83095e-01 7.15683e-04 -7.38666e-01
8.83095e-01 3.77012e-03 -7.38664e-01
8.83095e-01 9.26216e-03 -7.38653e-01
8.83095e-01 1.71877e-02 -7.38622e-01
8.83095e-01 2.75390e-02 -7.38553e-01
8.83095e-01 4.03061e-02 -7.38425e-01
8.83095e-01 5.54766e-02 -7.38210e-01
8.83095e-01 7.30356e-02 -7.37874e-01
8.83095e-01 9.29659e-02 -7.37382e-01
8.83095e-01 1.15248e-01 -7.36688e-01
8.83095e-01 1.39860e-01 -7.35743e-01
8.83095e-01 1.66779e-01 -7.34493e-01
8.83095e-01 1.95977e-01 -7.32873e-01
8.83095e-01 2.27426e-01 -7.30813e-01
8.83095e-01 2.61096e-01 -7.28232e-01
8.83095e-01 2.96953e-01 -7.25037e-01
8.83095e-01 3.34963e-01 -7.21123e-01
8.83095e-01 3.75089e-01 -7.16368e-01
8.83095e-01 4.17290e-01 -7.10633e-01
8.83095e-01 4.61527e-01 -7.03760e-01
8.83095e-01 5.07755e-01 -6.95567e-01
8.83095e-01 5.55930e-01 -6.85849e-01
8.83095e-01 6.06005e-01 -6.74379e-01
8.83095e-01 6.57930e-01 -6.60912e-01
8.83095e-01 7.11655e-01 -6.45189e-01
8.83095e-01 7.67127e-01 -6.26944e-01
8.83095e-01 8.24292e-01 -6.05921e-01
8.83095e-01 8.83095e-01 -5.81879e-01
8.83095e-01 9.43478e-01 -5.54608e-01
8.83095e-01 1.00538e+00 -5.23925e-01
8.83095e-01 1.06875e+00 -4.89672e-01
8.83095e-01 1.13351e+00 -4.51710e-01
8.83095e-01 1.19960e+00 -4.09902e-01
8.83095e-01 1.26697e+00 -3.64109e-01
8.83095e-01 1.33555e+00 -3.14193e-01
8.83095e-01 1.40526e+00 -2.60032e-01
8.83095e-01 1.47604e+00 -2.01547e-01
8.83095e-01 1.54782e+00 -1.38748e-01
8.83095e-01 1.62053e+00 -7.17787e-02
8.83095e-01 1.69410e+00 -9.79142e-04
8.83095e-01 1.76846e+00 7.30582e-02
8.83095e-01 1.84353e+00 1.49431e-01
8.83095e-01 1.91924e+00 2.26887e-01
8.83095e-01 1.99553e+00 3.03799e-01
8.83095e-01 2.07230e+00 3.78194e-01
8.83095e-01 2.14949e+00 4.47823e-01
8.83095e-01 2.22703e+00 5.10312e-01
8.83095e-01 2.30483e+00 5.63375e-01
8.83095e-01 2.38282e+00 6.05086e-01
8.83095e-01 2.46093e+00 6.34155e-01
8.83095e-01 2.53907e+00 6.50127e-01
8.83095e-01 2.61718e+00 6.53426e-01
8.83095e-01 2.69517e+00 6.45183e-01
8.83095e-01 2.77297e+00 6.26871e-01
8.83095e-01 2.85051e+00 5.99898e-01
8.83095e-01 2.92770e+00 5.65353e-01
8.83095e-01 3.00447e+00 5.24068e-01
8.83095e-01 3.08076e+00 4.76951e-01
8.83095e-01 3.15647e+00 4.25369e-01
8.83095e-01 3.23154e+00 3.71282e-01
8.83095e-01 3.30590e+00 3.17041e-01
8.83095e-01 3.37947e+00 2.64964e-01
8.83095e-01 3.45218e+00 2.16940e-01
8.83095e-01 3.52396e+00 1.74214e-01
8.83095e-01 3.59474e+00 1.37384e-01
8.83095e-01 3.66445e+00 1.06506e-01
8.83095e-01 3.73303e+00 8.12489e-02
8.83095e-01 3.80040e+00 6.10478e-02
8.83095e-01 3.86649e+00 4.52190e-02
8.83095e-01 3.93125e+00 3.30500e-02
8.83095e-01 3.99462e+00 2.38589e-02
8.83095e-01 4.05652e+00 1.70302e-02
8.83095e-01 4.11690e+00 1.20333e-02
8.83095e-01 4.17571e+00 8.42733e-03
8.83095e-01 4.23287e+00 5.85758e-03
8.83095e-01 4.28835e+00 4.04662e-03
8.83095e-01 4.34207e+00 2.78273e-03
8.83095e-01 4.39400e+00 1.90785e-03
8.83095e-01 4.44407e+00 1.30625e-03
8.83095e-01 4.49224e+00 8.94667e-04
8.83095e-01 4.53847e+00 6.14053e-04
8.83095e-01 4.58271e+00 4.23092e-04
8.83095e-01 4.62491e+00 2.93177e-04
8.83095e-01 4.66504e+00 2.04681e-04
8.83095e-01 4.70305e+00 1.44232e-04
8.83095e-01 4.73890e+00 1.02768e-04
8.83095e-01 4.77257e+00 7.41707e-05
8.83095e-01 4.80402e+00 5.43159e-05
8.83095e-01 4.83322e+00 4.04264e-05
8.83095e-01 4.86014e+00 3.06292e-05
8.83095e-01 4.88475e+00 2.36590e-05
8.83095e-01 4.90703e+00 1.86579e-05
8.83095e-01 4.92696e+00 1.50421e-05
8.83095e-01 4.94452e+00 1.24123e-05
8.83095e-01 4.95969e+00 1.04946e-05
8.83095e-01 4.97246e+00 9.10038e-06
8.83095e-01 4.98281e+00 8.10001e-06
8.83095e-01 4.99074e+00 7.40512e-06
8.83095e-01 4.99623e+00 6.95697e-06
8.83095e-01 4.99928e+00 6.71893e-06
9.43478e-01 7.15683e-04 -6.83153e-01
9.43478e-01 3.77012e-03 -6.83151e-01
9.43478e-01 9.26216e-03 -6.83143e-01
9.43478e-01 1.71877e-02 -6.83119e-01
9.43478e-01 2.75390e-02 -6.83066e-01
9.43478e-01 4.03061e-02 -6.82967e-01
9.43478e-01 5.54766e-02 -6.82800e-01
9.43478e-01 7.30356e-02 -6.82541e-01
9.43478e-01 9.29659e-02 -6.82159e-01
9.43478e-01 1.15248e-01 -6.81622e-01
9.43478e-01 1.39860e-01 -6.80890e-01
9.43478e-01 1.66779e-01 -6.79920e-01
9.43478e-01 1.95977e-01 -6.78662e-01
9.43478e-01 2.27426e-01 -6.77059e-01
9.43478e-01 2.61096e-01 -6.75047e-01
9.43478e-01 2.96953e-01 -6.72550e-01
9.43478e-01 3.34963e-01 -6.69482e-01
9.43478e-01 3.75089e-01 -6.65742e-01
9.43478e-01 4.17290e-01 -6.61213e-01
9.43478e-01 4.61527e-01 -6.55758e-01
9.43478e-01 5.07755e-01 -6.49217e-01
9.43478e-01 5.55930e-01 -6.41409e-01
9.43478e-01 6.06005e-01 -6.32122e-01
9.43478e-01 6.57930e-01 -6.21122e-01
9.43478e-01 7.11655e-01 -6.08151e-01
9.43478e-01 7.67127e-01 -5.92931e-01
9.43478e-01 8.24292e-01 -5.75177e-01
9.43478e-01 8.83095e-01 -5.54608e-01
9.43478e-01 9.43478e-01 -5.30956e-01
9.43478e-01 1.00538e+00 -5.03979e-01
9.43478e-01 1.06875e+00 -4.73462e-01
9.43478e-01 1.13351e+00 -4.39219e-01
9.43478e-01 1.19960e+00 -4.01083e-01
9.43478e-01 1.26697e+00 -3.58899e-01
9.43478e-01 1.33555e+00 -3.12521e-01
9.43478e-01 1.40526e+00 -2.61826e-01
9.43478e-01 1.47604e+00 -2.06731e-01
9.43478e-01 1.54782e+00 -1.47235e-01
9.43478e-01 1.62053e+00 -8.34638e-02
9.43478e-01 1.69410e+00 -1.57298e-02
9.43478e-01 1.76846e+00 5.54110e-02
9.43478e-01 1.84353e+00 1.29100e-01
9.43478e-01 1.91924e+00 2.04130e-01
9.43478e-01 1.99553e+00 2.78926e-01
9.43478e-01 2.07230e+00 3.51561e-01
9.43478e-01 2.14949e+00 4.19829e-01
9.43478e-01 2.22703e+00 4.81391e-01
9.43478e-01 2.30483e+00 5.33983e-01
9.43478e-01 2.38282e+00 5.75690e-01
9.43478e-01 2.46093e+00 6.05213e-01
9.43478e-01 2.53907e+00 6.22074e-01
9.43478e-01 2.61718e+00 6.26658e-01
9.43478e-01 2.69517e+00 6.20038e-01
9.43478e-01 2.77297e+00 6.03621e-01
9.43478e-01 2.85051e+00 5.78741e-01
9.43478e-01 2.92770e+00 5.46409e-01
9.43478e-01 3.00447e+00 5.07381e-01
9.43478e-01 3.08076e+00 4.62496e-01
9.43478e-01 3.15647e+00 4.13055e-01
9.43478e-01 3.23154e+00 3.60969e-01
9.43478e-01 3.30590e+00 3.08550e-01
9.43478e-01 3.37947e+00 2.58090e-01
9.43478e-01 3.45218e+00 2.11467e-01
9.43478e-01 3.52396e+00 1.69928e-01
9.43478e-01 3.59474e+00 1.34080e-01
9.43478e-01 3.66445e+00 1.03998e-01
9.43478e-01 3.73303e+00 7.93740e-02
9.43478e-01 3.80040e+00 5.96659e-02
9.43478e-01 3.86649e+00 4.42140e-02
9.43478e-01 3.93125e+00 3.23284e-02
9.43478e-01 3.99462e+00 2.33468e-02
9.43478e-01 4.05652e+00 1.66707e-02
9.43478e-01 4.11690e+00 1.17832e-02
9.43478e-01 4.17571e+00 8.25481e-03
9.43478e-01 4.23287e+00 5.73939e-03
9.43478e-01 4.28835e+00 3.96610e-03
9.43478e-01 4.34207e+00 2.72809e-03
9.43478e-01 4.39400e+00 1.87085e-03
9.43478e-01 4.44407e+00 1.28122e-03
9.43478e-01 4.49224e+00 8.77716e-04
9.43478e-01 4.53847e+00 6.02544e-04
9.43478e-01 4.58271e+00 4.15242e-04
9.43478e-01 4.62491e+00 2.87789e-04
9.43478e-01 4.66504e+00 2.00953e-04
9.43478e-01 4.70305e+00 1.41627e-04
9.43478e-01 4.73890e+00 1.00926e-04
9.43478e-01 4.77257e+00 7.28511e-05
9.43478e-01 4.80402e+00 5.33561e-05
9.43478e-01 4.83322e+00 3.97164e-05
9.43478e-01 4.86014e+00 3.00943e-05
9.43478e-01 4.88475e+00 2.32479e-05
9.43478e-01 4.90703e+00 1.83352e-05
9.43478e-01 4.92696e+00 1.47830e-05
9.43478e-01 4.94452e+00 1.21993e-05
9.43478e-01 4.95969e+00 1.03150e-05
9.43478e-01 4.97246e+00 8.94509e-06
9.43478e-01 4.98281e+00 7.96208e-06
9.43478e-01 4.99074e+00 7.27922e-06
9.43478e-01 4.99623e+00 6.83882e-06
9.43478e-01 4.99928e+00 6.60489e-06
1.00538e+00 7.15683e-04 -6.25493e-01
1.00538e+00 3.77012e-03 -6.25492e-01
1.00538e+00 9.26216e-03 -6.25486e-01
1.00538e+00 1.71877e-02 -6.25468e-01
1.00538e+00 2.75390e-02 -6.25430e-01
1.00538e+00 4.03061e-02 -6.25358e-01
1.00538e+00 5.54766e-02 -6.25236e-01
1.00538e+00 7.30356e-02 -6.25047e-01
1.00538e+00 9.29659e-02 -6.24769e-01
1.00538e+00 1.15248e-01 -6.24377e-01
1.00538e+00 1.39860e-01 -6.23843e-01
1.00538e+00 1.66779e-01 -6.23133e-01
1.00538e+00 1.95977e-01 -6.22211e-01
1.00538e+00 2.27426e-01 -6.21032e-01
1.00538e+00 2.61096e-01 -6.19548e-01
1.00538e+00 2.96953e-01 -6.17698e-01
1.00538e+00 3.34963e-01 -6.15415e-01
1.00538e+00 3.75089e-01 -6.12617e-01
1.00538e+00 4.17290e-01 -6.09206e-01
1.00538e+00 4.61527e-01 -6.05069e-01
1.00538e+00 5.07755e-01 -6.00070e-01
1.00538e+00 5.55930e-01 -5.94047e-01
1.00538e+00 6.06005e-01 -5.86813e-01
1.00538e+00 6.57930e-01 -5.78153e-01
1.00538e+00 7.11655e-01 -5.67818e-01
1.00538e+00 7.67127e-01 -5.55534e-01
1.00538e+00 8.24292e-01 -5.41007e-01
1.00538e+00 8.83095e-01 -5.23925e-01
1.00538e+00 9.43478e-01 -5.03979e-01
1.00538e+00 1.00538e+00 -4.80870e-01
1.00538e+00 1.06875e+00 -4.54323e-01
1.00538e+00 1.13351e+00 -4.24094e-01
1.00538e+00 1.19960e+00 -3.89966e-01
1.00538e+00 1.26697e+00 -3.51752e-01
1.00538e+00 1.33555e+00 -3.09284e-01
1.00538e+00 1.40526e+00 -2.62426e-01
1.00538e+00 1.47604e+00 -2.11088e-01
1.00538e+00 1.54782e+00 -1.55253e-01
1.00538e+00 1.62053e+00 -9.50290e-02
1.00538e+00 1.69410e+00 -3.06976e-02
1.00538e+00 1.76846e+00 3.72226e-02
1.00538e+00 1.84353e+00 1.07918e-01
1.00538e+00 1.91924e+00 1.80234e-01
1.00538e+00 1.99553e+00 2.52647e-01
1.00538e+00 2.07230e+00 3.23282e-01
1.00538e+00 2.14949e+00 3.89982e-01
1.00538e+00 2.22703e+00 4.50445e-01
1.00538e+00 2.30483e+00 5.02436e-01
1.00538e+00 2.38282e+00 5.44050e-01
1.00538e+00 2.46093e+00 5.73984e-01
1.00538e+00 2.53907e+00 5.91736e-01
1.00538e+00 2.61718e+00 5.97646e-01
1.00538e+00 2.69517e+00 5.92731e-01
1.00538e+00 2.77297e+00 5.78326e-01
1.00538e+00 2.85051e+00 5.55682e-01
1.00538e+00 2.92770e+00 5.25729e-01
1.00538e+00 3.00447e+00 4.89137e-01
1.00538e+00 3.08076e+00 4.46669e-01
1.00538e+00 3.15647e+00 3.99555e-01
1.00538e+00 3.23154e+00 3.49650e-01
1.00538e+00 3.30590e+00 2.99219e-01
1.00538e+00 3.37947e+00 2.50528e-01
1.00538e+00 3.45218e+00 2.05440e-01
1.00538e+00 3.52396e+00 1.65203e-01
1.00538e+00 3.59474e+00 1.30435e-01
1.00538e+00 3.66445e+00 1.01229e-01
1.00538e+00 3.73303e+00 7.73022e-02
1.00538e+00 3.80040e+00 5.81376e-02
1.00538e+00 3.86649e+00 4.31018e-02
1.00538e+00 3.93125e+00 3.15292e-02
1.00538e+00 3.99462e+00 2.27792e-02
1.00538e+00 4.05652e+00 1.62719e-02
1.00538e+00 4.11690e+00 1.15057e-02
1.00538e+00 4.17571e+00 8.06323e-03
1.00538e+00 4.23287e+00 5.60807e-03
1.00538e+00 4.28835e+00 3.87657e-03
1.00538e+00 4.34207e+00 2.66729e-03
1.00538e+00 4.39400e+00 1.82967e-03
1.00538e+00 4.44407e+00 1.25335e-03
1.00538e+00 4.49224e+00 8.58833e-04
1.00538e+00 4.53847e+00 5.89716e-04
1.00538e+00 4.58271e+00 4.06489e-04
1.00538e+00 4.62491e+00 2.81779e-04
1.00538e+00 4.66504e+00 1.96793e-04
1.00538e+00 4.70305e+00 1.38719e-04
1.00538e+00 4.73890e+00 9.88699e-05
1.00538e+00 4.77257e+00 7.13771e-05
1.00538e+00 4.80402e+00 5.22836e-05
1.00538e+00 4.83322e+00 3.89229e-05
1.00538e+00 4.86014e+00 2.94964e-05
1.00538e+00 4.88475e+00 2.27883e-05
1.00538e+00 4.90703e+00 1.79744e-05
1.00538e+00 4.92696e+00 1.44932e-05
1.00538e+00 4.94452e+00 1.19610e-05
1.00538e+00 4.95969e+00 1.01142e-05
1.00538e+00 4.97246e+00 8.77132e-06
1.00538e+00 4.98281e+00 7.80772e-06
1.00538e+00 4.99074e+00 7.13832e-06
1.00538e+00 4.99623e+00 6.70659e-06
1.00538e+00 4.99928e+00 6.47726e-06
1.06875e+00 7.15683e-04 -5.65369e-01
1.06875e+00 3.77012e-03 -5.65368e-01
1.06875e+00 9.26216e-03 -5.65364e-01
1.06875e+00 1.71877e-02 -5.65353e-01
1.06875e+00 2.75390e-02 -5.65328e-01
1.06875e+00 4.03061e-02 -5.65281e-01
1.06875e+00 5.54766e-02 -5.65203e-01
1.06875e+00 7.30356e-02 -5.65081e-01
1.06875e+00 9.29659e-02 -5.64901e-01
1.06875e+00 1.15248e-01 -5.64647e-01
1.06875e+00 1.39860e-01 -5.64300e-01
1.06875e+00 1.66779e-01 -5.63837e-01
1.06875e+00 1.95977e-01 -5.63233e-01
1.06875e+00 2.27426e-01 -5.62457e-01
1.06875e+00 2.61096e-01 -5.61472e-01
1.06875e+00 2.96953e-01 -5.60235e-01
1.06875e+00 3.34963e-01 -5.58694e-01
1.06875e+00 3.75089e-01 -5.56784e-01
1.06875e+00 4.17290e-01 -5.54429e-01
1.06875e+00 4.61527e-01 -5.51536e-01
1.06875e+00 5.07755e-01 -5.47990e-01
1.06875e+00 5.55930e-01 -5.43654e-01
1.06875e+00 6.06005e-01 -5.38366e-01
1.06875e+00 6.57930e-01 -5.31930e-01
1.06875e+00 7.11655e-01 -5.24119e-01
1.06875e+00 7.67127e-01 -5.14673e-01
1.06875e+00 8.24292e-01 -5.03297e-01
1.06875e+00 8.83095e-01 -4.89672e-01
1.06875e+00 9.43478e-01 -4.73462e-01
1.06875e+00 1.00538e+00 -4.54323e-01
1.06875e+00 1.06875e+00 -4.31925e-01
1.06875e+00 1.13351e+00 -4.05958e-01
1.06875e+00 1.19960e+00 -3.76148e-01
1.06875e+00 1.26697e+00 -3.42253e-01
1.06875e+00 1.33555e+00 -3.04069e-01
1.06875e+00 1.40526e+00 -2.61433e-01
1.06875e+00 1.47604e+00 -2.14234e-01
1.06875e+00 1.54782e+00 -1.62439e-01
1.06875e+00 1.62053e+00 -1.06131e-01
1.06875e+00 1.69410e+00 -4.55599e-02
1.06875e+00 1.76846e+00 1.87939e-02
1.06875e+00 1.84353e+00 8.61656e-02
1.06875e+00 1.91924e+00 1.55453e-01
1.06875e+00 1.99553e+00 2.25192e-01
1.06875e+00 2.07230e+00 2.93563e-01
1.06875e+00 2.14949e+00 3.58462e-01
1.06875e+00 2.22703e+00 4.17629e-01
1.06875e+00 2.30483e+00 4.68863e-01
1.06875e+00 2.38282e+00 5.10272e-01
1.06875e+00 2.46093e+00 5.40549e-01
1.06875e+00 2.53907e+00 5.59169e-01
1.06875e+00 2.61718e+00 5.66429e-01
1.06875e+00 2.69517e+00 5.63283e-01
1.06875e+00 2.77297e+00 5.50989e-01
1.06875e+00 2.85051e+00 5.30715e-01
1.06875e+00 2.92770e+00 5.03295e-01
1.06875e+00 3.00447e+00 4.69314e-01
1.06875e+00 3.08076e+00 4.29443e-01
1.06875e+00 3.15647e+00 3.84841e-01
1.06875e+00 3.23154e+00 3.37295e-01
1.06875e+00 3.30590e+00 2.89022e-01
1.06875e+00 3.37947e+00 2.42255e-01
1.06875e+00 3.45218e+00 1.98839e-01
1.06875e+00 3.52396e+00 1.60023e-01
1.06875e+00 3.59474e+00 1.26435e-01
1.06875e+00 3.66445e+00 9.81884e-02
1.06875e+00 3.73303e+00 7.50246e-02
1.06875e+00 3.80040e+00 5.64560e-02
1.06875e+00 3.86649e+00 4.18771e-02
1.06875e+00 3.93125e+00 3.06485e-02
1.06875e+00 3.99462e+00 2.21533e-02
1.06875e+00 4.05652e+00 1.58317e-02
1.06875e+00 4.11690e+00 1.11992e-02
1.06875e+00 4.17571e+00 7.85152e-03
1.06875e+00 4.23287e+00 5.46285e-03
1.06875e+00 4.28835e+00 3.77752e-03
1.06875e+00 4.34207e+00 2.60000e-03
1.06875e+00 4.39400e+00 1.78406e-03
1.06875e+00 4.44407e+00 1.22246e-03
1.06875e+00 4.49224e+00 8.37895e-04
1.06875e+00 4.53847e+00 5.75486e-04
1.06875e+00 4.58271e+00 3.96774e-04
1.06875e+00 4.62491e+00 2.75106e-04
1.06875e+00 4.66504e+00 1.92172e-04
1.06875e+00 4.70305e+00 1.35488e-04
1.06875e+00 4.73890e+00 9.65842e-05
1.06875e+00 4.77257e+00 6.97384e-05
1.06875e+00 4.80402e+00 5.10909e-05
1.06875e+00 4.83322e+00 3.80402e-05
1.06875e+00 4.86014e+00 2.88310e-05
1.06875e+00 4.88475e+00 2.22768e-05
1.06875e+00 4.90703e+00 1.75727e-05
1.06875e+00 4.92696e+00 1.41706e-05
1.06875e+00 4.94452e+00 1.16956e-05
1.06875e+00 4.95969e+00 9.89041e-06
1.06875e+00 4.97246e+00 8.57776e-06
1.06875e+00 4.98281e+00 7.63577e-06
1.06875e+00 4.99074e+00 6.98135e-06
1.06875e+00 4.99623e+00 6.55927e-06
1.06875e+00 4.99928e+00 6.33505e-06
1.13351e+00 7.15683e-04 -5.02444e-01
1.13351e+00 3.77012e-03 -5.02443e-01
1.13351e+00 9.26216e-03 -5.02441e-01
1.13351e+00 1.71877e-02 -5.02436e-01
1.13351e+00 2.75390e-02 -5.02425e-01
1.13351e+00 4.03061e-02 -5.02403e-01
1.13351e+00 5.54766e-02 -5.02366e-01
1.13351e+00 7.30356e-02 -5.02309e-01
1.13351e+00 9.29659e-02 -5.02224e-01
1.13351e+00 1.15248e-01 -5.02104e-01
1.13351e+00 1.39860e-01 -5.01938e-01
1.13351e+00 1.66779e-01 -5.01714e-01
1.13351e+00 1.95977e-01 -5.01417e-01
1.13351e+00 2.27426e-01 -5.01028e-01
1.13351e+00 2.61096e-01 -5.00525e-01
1.13351e+00 2.96953e-01 -4.99878e-01
1.13351e+00 3.34963e-01 -4.99049e-01
1.13351e+00 3.75089e-01 -4.97993e-01
1.13351e+00 4.17290e-01 -4.96651e-01
1.13351e+00 4.61527e-01 -4.94948e-01
1.13351e+00 5.07755e-01 -4.92793e-01
1.13351e+00 5.55930e-01 -4.90071e-01
1.13351e+00 6.06005e-01 -4.86643e-01
1.13351e+00 6.57930e-01 -4.82338e-01
1.13351e+00 7.11655e-01 -4.76953e-01
1.13351e+00 7.67127e-01 -4.70246e-01
1.13351e+00 8.24292e-01 -4.61937e-01
1.13351e+00 8.83095e-01 -4.51710e-01
1.13351e+00 9.43478e-01 -4.39219e-01
1.13351e+00 1.00538e+00 -4.24094e-01
1.13351e+00 1.06875e+00 -4.05958e-01
1.13351e+00 1.13351e+00 -3.84446e-01
1.13351e+00 1.19960e+00 -3.59214e-01
1.13351e+00 1.26697e+00 -3.29959e-01
1.13351e+00 1.33555e+00 -2.96420e-01
1.13351e+00 1.40526e+00 -2.58390e-01
1.13351e+00 1.47604e+00 -2.15724e-01
1.13351e+00 1.54782e+00 -1.68362e-01
1.13351e+00 1.62053e+00 -1.16356e-01
1.13351e+00 1.69410e+00 -5.99238e-02
1.13351e+00 1.76846e+00 4.97363e-04
1.13351e+00 1.84353e+00 6.41926e-02
1.13351e+00 1.91924e+00 1.30117e-01
1.13351e+00 1.99553e+00 1.96867e-01
1.13351e+00 2.07230e+00 2.62684e-01
1.13351e+00 2.14949e+00 3.25521e-01
1.13351e+00 2.22703e+00 3.83169e-01
1.13351e+00 2.30483e+00 4.33459e-01
1.13351e+00 2.38282e+00 4.74520e-01
1.13351e+00 2.46093e+00 5.05045e-01
1.13351e+00 2.53907e+00 5.24484e-01
1.13351e+00 2.61718e+00 5.33091e-01
1.13351e+00 2.69517e+00 5.31756e-01
1.13351e+00 2.77297e+00 5.21655e-01
1.13351e+00 2.85051e+00 5.03864e-01
1.13351e+00 2.92770e+00 4.79121e-01
1.13351e+00 3.00447e+00 4.47910e-01
1.13351e+00 3.08076e+00 4.10813e-01
1.13351e+00 3.15647e+00 3.68902e-01
1.13351e+00 3.23154e+00 3.23891e-01
1.13351e+00 3.30590e+00 2.77944e-01
1.13351e+00 3.37947e+00 2.33255e-01
1.13351e+00 3.45218e+00 1.91651e-01
1.13351e+00 3.52396e+00 1.54376e-01
1.13351e+00 3.59474e+00 1.22070e-01
1.13351e+00 3.66445e+00 9.48662e-02
1.13351e+00 3.73303e+00 7.25342e-02
1.13351e+00 3.80040e+00 5.46158e-02
1.13351e+00 3.86649e+00 4.05357e-02
1.13351e+00 3.93125e+00 2.96831e-02
1.13351e+00 3.99462e+00 2.14666e-02
1.13351e+00 4.05652e+00 1.53486e-02
1.13351e+00 4.11690e+00 1.08624e-02
1.13351e+00 4.17571e+00 7.61877e-03
1.13351e+00 4.23287e+00 5.30310e-03
1.13351e+00 4.28835e+00 3.66848e-03
1.13351e+00 4.34207e+00 2.52587e-03
1.13351e+00 4.39400e+00 1.73379e-03
1.13351e+00 4.44407e+00 1.18840e-03
1.13351e+00 4.49224e+00 8.14796e-04
1.13351e+00 4.53847e+00 5.59779e-04
1.13351e+00 4.58271e+00 3.86047e-04
1.13351e+00 4.62491e+00 2.67734e-04
1.13351e+00 4.66504e+00 1.87066e-04
1.13351e+00 4.70305e+00 1.31915e-04
1.13351e+00 4.73890e+00 9.40560e-05
1.13351e+00 4.77257e+00 6.79252e-05
1.13351e+00 4.80402e+00 4.97708e-05
1.13351e+00 4.83322e+00 3.70629e-05
1.13351e+00 4.86014e+00 2.80942e-05
1.13351e+00 4.88475e+00 2.17102e-05
1.13351e+00 4.90703e+00 1.71276e-05
1.13351e+00 4.92696e+00 1.38130e-05
1.13351e+00 4.94452e+00 1.14015e-05
1.13351e+00 4.95969e+00 9.64241e-06
1.13351e+00 4.97246e+00 8.36318e-06
1.13351e+00 4.98281e+00 7.44512e-06
1.13351e+00 4.99074e+00 6.80730e-06
1.13351e+00 4.99623e+00 6.39591e-06
1.13351e+00 4.99928e+00 6.17737e-06
1.19960e+00 7.15683e-04 -4.36385e-01
1.19960e+00 3.77012e-03 -4.36385e-01
1.19960e+00 9.26216e-03 -4.36385e-01
1.19960e+00 1.71877e-02 -4.36386e-01
1.19960e+00 2.75390e-02 -4.36387e-01
1.19960e+00 4.03061e-02 -4.36390e-01
1.19960e+00 5.54766e-02 -4.36394e-01
1.19960e+00 7.30356e-02 -4.36401e-01
1.19960e+00 9.29659e-02 -4.36409e-01
1.19960e+00 1.15248e-01 -4.36420e-01
1.19960e+00 1.39860e-01 -4.36431e-01
1.19960e+00 1.66779e-01 -4.36440e-01
1.19960e+00 1.95977e-01 -4.36444e-01
1.19960e+00 2.27426e-01 -4.36435e-01
1.19960e+00 2.61096e-01 -4.36402e-01
1.19960e+00 2.96953e-01 -4.36330e-01
1.19960e+00 3.34963e-01 -4.36197e-01
1.19960e+00 3.75089e-01 -4.35972e-01
1.19960e+00 4.17290e-01 -4.35614e-01
1.19960e+00 4.61527e-01 -4.35067e-01
1.19960e+00 5.07755e-01 -4.34260e-01
1.19960e+00 5.55930e-01 -4.33100e-01
1.19960e+00 6.06005e-01 -4.31470e-01
1.19960e+00 6.57930e-01 -4.29225e-01
1.19960e+00 7.11655e-01 -4.26184e-01
1.19960e+00 7.67127e-01 -4.22130e-01
1.19960e+00 8.24292e-01 -4.16803e-01
1.19960e+00 8.83095e-01 -4.09902e-01
1.19960e+00 9.43478e-01 -4.01083e-01
1.19960e+00 1.00538e+00 -3.89966e-01
1.19960e+00 1.06875e+00 -3.76148e-01
1.19960e+00 1.13351e+00 -3.59214e-01
1.19960e+00 1.19960e+00 -3.38762e-01
1.19960e+00 1.26697e+00 -3.14418e-01
1.19960e+00 1.33555e+00 -2.85852e-01
1.19960e+00 1.40526e+00 -2.52797e-01
1.19960e+00 1.47604e+00 -2.15056e-01
1.19960e+00 1.54782e+00 -1.72527e-01
1.19960e+00 1.62053e+00 -1.25223e-01
1.19960e+00 1.69410e+00 -7.33239e-02
1.19960e+00 1.76846e+00 -1.72198e-02
1.19960e+00 1.84353e+00 4.24269e-02
1.19960e+00 1.91924e+00 1.04631e-01
1.19960e+00 1.99553e+00 1.68053e-01
1.19960e+00 2.07230e+00 2.31001e-01
1.19960e+00 2.14949e+00 2.91490e-01
1.19960e+00 2.22703e+00 3.47363e-01
1.19960e+00 2.30483e+00 3.96493e-01
1.19960e+00 2.38282e+00 4.37033e-01
1.19960e+00 2.46093e+00 4.67678e-01
1.19960e+00 2.53907e+00 4.87856e-01
1.19960e+00 2.61718e+00 4.97778e-01
1.19960e+00 2.69517e+00 4.98265e-01
1.19960e+00 2.77297e+00 4.90413e-01
1.19960e+00 2.85051e+00 4.75197e-01
1.19960e+00 2.92770e+00 4.53252e-01
1.19960e+00 3.00447e+00 4.24959e-01
1.19960e+00 3.08076e+00 3.90796e-01
1.19960e+00 3.15647e+00 3.51744e-01
1.19960e+00 3.23154e+00 3.09439e-01
1.19960e+00 3.30590e+00 2.65982e-01
1.19960e+00 3.37947e+00 2.23524e-01
1.19960e+00 3.45218e+00 1.83869e-01
1.19960e+00 3.52396e+00 1.48255e-01
1.19960e+00 3.59474e+00 1.17333e-01
1.19960e+00 3.66445e+00 9.12579e-02
1.19960e+00 3.73303e+00 6.98267e-02
1.19960e+00 3.80040e+00 5.26132e-02
1.19960e+00 3.86649e+00 3.90747e-02
1.19960e+00 3.93125e+00 2.86307e-02
1.19960e+00 3.99462e+00 2.07175e-02
1.19960e+00 4.05652e+00 1.48210e-02
1.19960e+00 4.11690e+00 1.04945e-02
1.19960e+00 4.17571e+00 7.36427e-03
1.19960e+00 4.23287e+00 5.12830e-03
1.19960e+00 4.28835e+00 3.54909e-03
1.19960e+00 4.34207e+00 2.44466e-03
1.19960e+00 4.39400e+00 1.67869e-03
1.19960e+00 4.44407e+00 1.15104e-03
1.19960e+00 4.49224e+00 7.89445e-04
1.19960e+00 4.53847e+00 5.42532e-04
1.19960e+00 4.58271e+00 3.74262e-04
1.19960e+00 4.62491e+00 2.59632e-04
1.19960e+00 4.66504e+00 1.81450e-04
1.19960e+00 4.70305e+00 1.27986e-04
1.19960e+00 4.73890e+00 9.12740e-05
1.19960e+00 4.77257e+00 6.59293e-05
1.19960e+00 4.80402e+00 4.83172e-05
1.19960e+00 4.83322e+00 3.59865e-05
1.19960e+00 4.86014e+00 2.72824e-05
1.19960e+00 4.88475e+00 2.10858e-05
1.19960e+00 4.90703e+00 1.66371e-05
1.19960e+00 4.92696e+00 1.34189e-05
1.19960e+00 4.94452e+00 1.10772e-05
1.19960e+00 4.95969e+00 9.36890e-06
1.19960e+00 4.97246e+00 8.12652e-06
1.19960e+00 4.98281e+00 7.23483e-06
1.19960e+00 4.99074e+00 6.61530e-06
1.19960e+00 4.99623e+00 6.21569e-06
1.19960e+00 4.99928e+00 6.00340e-06
1.26697e+00 7.15683e-04 -3.66887e-01
1.26697e+00 3.77012e-03 -3.66888e-01
1.26697e+00 9.26216e-03 -3.66890e-01
1.26697e+00 1.71877e-02 -3.66896e-01
1.26697e+00 2.75390e-02 -3.66911e-01
1.26697e+00 4.03061e-02 -3.66937e-01
1.26697e+00 5.54766e-02 -3.66982e-01
1.26697e+00 7.30356e-02 -3.67051e-01
1.26697e+00 9.29659e-02 -3.67152e-01
1.26697e+00 1.15248e-01 -3.67292e-01
1.26697e+00 1.39860e-01 -3.67478e-01
1.26697e+00 1.66779e-01 -3.67718e-01
1.26697e+00 1.95977e-01 -3.68019e-01
1.26697e+00 2.27426e-01 -3.68384e-01
1.26697e+00 2.61096e-01 -3.68815e-01
1.26697e+00 2.96953e-01 -3.69311e-01
1.26697e+00 3.34963e-01 -3.69862e-01
1.26697e+00 3.75089e-01 -3.70454e-01
1.26697e+00 4.17290e-01 -3.71062e-01
1.26697e+00 4.61527e-01 -3.71648e-01
1.26697e+00 5.07755e-01 -3.72159e-01
1.26697e+00 5.55930e-01 -3.72525e-01
1.26697e+00 6.06005e-01 -3.72649e-01
1.26697e+00 6.57930e-01 -3.72410e-01
1.26697e+00 7.11655e-01 -3.71651e-01
1.26697e+00 7.67127e-01 -3.70180e-01
1.26697e+00 8.24292e-01 -3.67760e-01
1.26697e+00 8.83095e-01 -3.64109e-01
1.26697e+00 9.43478e-01 -3.58899e-01
1.26697e+00 1.00538e+00 -3.51752e-01
1.26697e+00 1.06875e+00 -3.42253e-01
1.26697e+00 1.13351e+00 -3.29959e-01
1.26697e+00 1.19960e+00 -3.14418e-01
1.26697e+00 1.26697e+00 -2.95191e-01
1.26697e+00 1.33555e+00 -2.71875e-01
1.26697e+00 1.40526e+00 -2.44128e-01
1.26697e+00 1.47604e+00 -2.11685e-01
1.26697e+00 1.54782e+00 -1.74383e-01
1.26697e+00 1.62053e+00 -1.32187e-01
1.26697e+00 1.69410e+00 -8.52243e-02
1.26697e+00 1.76846e+00 -3.38358e-02
1.26697e+00 1.84353e+00 2.13732e-02
1.26697e+00 1.91924e+00 7.94807e-02
1.26697e+00 1.99553e+00 1.39215e-01
1.26697e+00 2.07230e+00 1.98953e-01
1.26697e+00 2.14949e+00 2.56778e-01
1.26697e+00 2.22703e+00 3.10591e-01
1.26697e+00 2.30483e+00 3.58313e-01
1.26697e+00 2.38282e+00 3.98124e-01
1.26697e+00 2.46093e+00 4.28725e-01
1.26697e+00 2.53907e+00 4.49526e-01
1.26697e+00 2.61718e+00 4.60695e-01
1.26697e+00 2.69517e+00 4.62985e-01
1.26697e+00 2.77297e+00 4.57403e-01
1.26697e+00 2.85051e+00 4.44825e-01
1.26697e+00 2.92770e+00 4.25776e-01
1.26697e+00 3.00447e+00 4.00523e-01
1.26697e+00 3.08076e+00 3.69439e-01
1.26697e+00 3.15647e+00 3.33401e-01
1.26697e+00 3.23154e+00 2.93961e-01
1.26697e+00 3.30590e+00 2.53150e-01
1.26697e+00 3.37947e+00 2.13070e-01
1.26697e+00 3.45218e+00 1.75497e-01
1.26697e+00 3.52396e+00 1.41662e-01
1.26697e+00 3.59474e+00 1.12226e-01
1.26697e+00 3.66445e+00 8.73626e-02
1.26697e+00 3.73303e+00 6.69007e-02
1.26697e+00 3.80040e+00 5.04470e-02
1.26697e+00 3.86649e+00 3.74927e-02
1.26697e+00 3.93125e+00 2.74902e-02
1.26697e+00 3.99462e+00 1.99049e-02
1.26697e+00 4.05652e+00 1.42483e-02
1.26697e+00 4.11690e+00 1.00947e-02
1.26697e+00 4.17571e+00 7.08757e-03
1.26697e+00 4.23287e+00 4.93812e-03
1.26697e+00 4.28835e+00 3.41910e-03
1.26697e+00 4.34207e+00 2.35618e-03
1.26697e+00 4.39400e+00 1.61862e-03
1.26697e+00 4.44407e+00 1.11029e-03
1.26697e+00 4.49224e+00 7.61778e-04
1.26697e+00 4.53847e+00 5.23700e-04
1.26697e+00 4.58271e+00 3.61388e-04
1.26697e+00 4.62491e+00 2.50776e-04
1.26697e+00 4.66504e+00 1.75310e-04
1.26697e+00 4.70305e+00 1.23687e-04
1.26697e+00 4.73890e+00 8.82295e-05
1.26697e+00 4.77257e+00 6.37443e-05
1.26697e+00 4.80402e+00 4.67254e-05
1.26697e+00 4.83322e+00 3.48074e-05
1.26697e+00 4.86014e+00 2.63930e-05
1.26697e+00 4.88475e+00 2.04014e-05
1.26697e+00 4.90703e+00 1.60993e-05
1.26697e+00 4.92696e+00 1.29867e-05
1.26697e+00 4.94452e+00 1.07215e-05
1.26697e+00 4.95969e+00 9.06891e-06
1.26697e+00 4.97246e+00 7.86689e-06
1.26697e+00 4.98281e+00 7.00412e-06
1.26697e+00 4.99074e+00 6.40463e-06
1.26697e+00 4.99623e+00 6.01794e-06
1.26697e+00 4.99928e+00 5.81251e-06
1.33555e+00 7.15683e-04 -2.93699e-01
1.33555e+00 3.77012e-03 -2.93700e-01
1.33555e+00 9.26216e-03 -2.93704e-01
1.33555e+00 1.71877e-02 -2.93717e-01
1.33555e+00 2.75390e-02 -2.93744e-01
1.33555e+00 4.03061e-02 -2.93794e-01
1.33555e+00 5.54766e-02 -2.93879e-01
1.33555e+00 7.30356e-02 -2.94011e-01
1.33555e+00 9.29659e-02 -2.94203e-01
1.33555e+00 1.15248e-01 -2.94471e-01
1.33555e+00 1.39860e-01 -2.94831e-01
1.33555e+00 1.66779e-01 -2.95300e-01
1.33555e+00 1.95977e-01 -2.95894e-01
1.33555e+00 2.27426e-01 -2.96630e-01
1.33555e+00 2.61096e-01 -2.97521e-01
1.33555e+00 2.96953e-01 -2.98577e-01
1.33555e+00 3.34963e-01 -2.99805e-01
1.33555e+00 3.75089e-01 -3.01204e-01
1.33555e+00 4.17290e-01 -3.02766e-01
1.33555e+00 4.61527e-01 -3.04468e-01
1.33555e+00 5.07755e-01 -3.06278e-01
1.33555e+00 5.55930e-01 -3.08143e-01
1.33555e+00 6.06005e-01 -3.09989e-01
1.33555e+00 6.57930e-01 -3.11715e-01
1.33555e+00 7.11655e-01 -3.13190e-01
1.33555e+00 7.67127e-01 -3.14243e-01
1.33555e+00 8.24292e-01 -3.14664e-01
1.33555e+00 8.83095e-01 -3.14193e-01
1.33555e+00 9.43478e-01 -3.12521e-01
1.33555e+00 1.00538e+00 -3.09284e-01
1.33555e+00 1.06875e+00 -3.04069e-01
1.33555e+00 1.13351e+00 -2.96420e-01
1.33555e+00 1.19960e+00 -2.85852e-01
1.33555e+00 1.26697e+00 -2.71875e-01
1.33555e+00 1.33555e+00 -2.54017e-01
1.33555e+00 1.40526e+00 -2.31855e-01
1.33555e+00 1.47604e+00 -2.05042e-01
1.33555e+00 1.54782e+00 -1.73341e-01
1.33555e+00 1.62053e+00 -1.36648e-01
1.33555e+00 1.69410e+00 -9.50272e-02
1.33555e+00 1.76846e+00 -4.87603e-02
1.33555e+00 1.84353e+00 1.60972e-03
1.33555e+00 1.91924e+00 5.52280e-02
1.33555e+00 1.99553e+00 1.10894e-01
1.33555e+00 2.07230e+00 1.67060e-01
1.33555e+00 2.14949e+00 2.21878e-01
1.33555e+00 2.22703e+00 2.73318e-01
1.33555e+00 2.30483e+00 3.19349e-01
1.33555e+00 2.38282e+00 3.58187e-01
1.33555e+00 2.46093e+00 3.88542e-01
1.33555e+00 2.53907e+00 4.09812e-01
1.33555e+00 2.61718e+00 4.22119e-01
1.33555e+00 2.69517e+00 4.26153e-01
1.33555e+00 2.77297e+00 4.22828e-01
1.33555e+00 2.85051e+00 4.12916e-01
1.33555e+00 2.92770e+00 3.96827e-01
1.33555e+00 3.00447e+00 3.74710e-01
1.33555e+00 3.08076e+00 3.46822e-01
1.33555e+00 3.15647e+00 3.13934e-01
1.33555e+00 3.23154e+00 2.77502e-01
1.33555e+00 3.30590e+00 2.39480e-01
1.33555e+00 3.37947e+00 2.01915e-01
1.33555e+00 3.45218e+00 1.66551e-01
1.33555e+00 3.52396e+00 1.34608e-01
1.33555e+00 3.59474e+00 1.06754e-01
1.33555e+00 3.66445e+00 8.31847e-02
1.33555e+00 3.73303e+00 6.37591e-02
1.33555e+00 3.80040e+00 4.81187e-02
1.33555e+00 3.86649e+00 3.57908e-02
1.33555e+00 3.93125e+00 2.62620e-02
1.33555e+00 3.99462e+00 1.90291e-02
1.33555e+00 4.05652e+00 1.36305e-02
1.33555e+00 4.11690e+00 9.66312e-03
1.33555e+00 4.17571e+00 6.78859e-03
1.33555e+00 4.23287e+00 4.73247e-03
1.33555e+00 4.28835e+00 3.27845e-03
1.33555e+00 4.34207e+00 2.26038e-03
1.33555e+00 4.39400e+00 1.55353e-03
1.33555e+00 4.44407e+00 1.06611e-03
1.33555e+00 4.49224e+00 7.31763e-04
1.33555e+00 4.53847e+00 5.03258e-04
1.33555e+00 4.58271e+00 3.47406e-04
1.33555e+00 4.62491e+00 2.41154e-04
1.33555e+00 4.66504e+00 1.68636e-04
1.33555e+00 4.70305e+00 1.19012e-04
1.33555e+00 4.73890e+00 8.49174e-05
1.33555e+00 4.77257e+00 6.13663e-05
1.33555e+00 4.80402e+00 4.49924e-05
1.33555e+00 4.83322e+00 3.35233e-05
1.33555e+00 4.86014e+00 2.54240e-05
1.33555e+00 4.88475e+00 1.96557e-05
1.33555e+00 4.90703e+00 1.55132e-05
1.33555e+00 4.92696e+00 1.25155e-05
1.33555e+00 4.94452e+00 1.03338e-05
1.33555e+00 4.95969e+00 8.74177e-06
1.33555e+00 4.97246e+00 7.58374e-06
1.33555e+00 4.98281e+00 6.75247e-06
1.33555e+00 4.99074e+00 6.17484e-06
1.33555e+00 4.99623e+00 5.80222e-06
1.33555e+00 4.99928e+00 5.60426e-06
1.40526e+00 7.15683e-04 -2.16657e-01
1.40526e+00 3.77012e-03 -2.16658e-01
1.40526e+00 9.26216e-03 -2.16664e-01
1.40526e+00 1.71877e-02 -2.16682e-01
1.40526e+00 2.75390e-02 -2.16722e-01
1.40526e+00 4.03061e-02 -2.16796e-01
1.40526e+00 5.54766e-02 -2.16921e-01
1.40526e+00 7.30356e-02 -2.17114e-01
1.40526e+00 9.29659e-02 -2.17397e-01
1.40526e+00 1.15248e-01 -2.17792e-01
1.40526e+00 1.39860e-01 -2.18324e-01
1.40526e+00 1.66779e-01 -2.19020e-01
1.40526e+00 1.95977e-01 -2.19905e-01
1.40526e+00 2.27426e-01 -2.21008e-01
1.40526e+00 2.61096e-01 -2.22354e-01
1.40526e+00 2.96953e-01 -2.23965e-01
1.40526e+00 3.34963e-01 -2.25862e-01
1.40526e+00 3.75089e-01 -2.28059e-01
1.40526e+00 4.17290e-01 -2.30561e-01
1.40526e+00 4.61527e-01 -2.33366e-01
1.40526e+00 5.07755e-01 -2.36456e-01
1.40526e+00 5.55930e-01 -2.39798e-01
1.40526e+00 6.06005e-01 -2.43337e-01
1.40526e+00 6.57930e-01 -2.46994e-01
1.40526e+00 7.11655e-01 -2.50660e-01
1.40526e+00 7.67127e-01 -2.54187e-01
1.40526e+00 8.24292e-01 -2.57390e-01
1.40526e+00 8.83095e-01 -2.60032e-01
1.40526e+00 9.43478e-01 -2.61826e-01
1.40526e+00 1.00538e+00 -2.62426e-01
1.40526e+00 1.06875e+00 -2.61433e-01
1.40526e+00 1.13351e+00 -2.58390e-01
1.40526e+00 1.19960e+00 -2.52797e-01
1.40526e+00 1.26697e+00 -2.44128e-01
1.40526e+00 1.33555e+00 -2.31855e-01
1.40526e+00 1.40526e+00 -2.15479e-01
1.40526e+00 1.47604e+00 -1.94570e-01
1.40526e+00 1.54782e+00 -1.68798e-01
1.40526e+00 1.62053e+00 -1.37975e-01
1.40526e+00 1.69410e+00 -1.02089e-01
1.40526e+00 1.76846e+00 -6.13472e-02
1.40526e+00 1.84353e+00 -1.62221e-02
1.40526e+00 1.91924e+00 3.25043e-02
1.40526e+00 1.99553e+00 8.37077e-02
1.40526e+00 2.07230e+00 1.35918e-01
1.40526e+00 2.14949e+00 1.87364e-01
1.40526e+00 2.22703e+00 2.36086e-01
1.40526e+00 2.30483e+00 2.80111e-01
1.40526e+00 2.38282e+00 3.17695e-01
1.40526e+00 2.46093e+00 3.47564e-01
1.40526e+00 2.53907e+00 3.69106e-01
1.40526e+00 2.61718e+00 3.82403e-01
1.40526e+00 2.69517e+00 3.88076e-01
1.40526e+00 2.77297e+00 3.86952e-01
1.40526e+00 2.85051e+00 3.79692e-01
1.40526e+00 2.92770e+00 3.66589e-01
1.40526e+00 3.00447e+00 3.47669e-01
1.40526e+00 3.08076e+00 3.23065e-01
1.40526e+00 3.15647e+00 2.93436e-01
1.40526e+00 3.23154e+00 2.60133e-01
1.40526e+00 3.30590e+00 2.25026e-01
1.40526e+00 3.37947e+00 1.90100e-01
1.40526e+00 3.45218e+00 1.57060e-01
1.40526e+00 3.52396e+00 1.27114e-01
1.40526e+00 3.59474e+00 1.00933e-01
1.40526e+00 3.66445e+00 7.87349e-02
1.40526e+00 3.73303e+00 6.04092e-02
1.40526e+00 3.80040e+00 4.56334e-02
1.40526e+00 3.86649e+00 3.39721e-02
1.40526e+00 3.93125e+00 2.49483e-02
1.40526e+00 3.99462e+00 1.80914e-02
1.40526e+00 4.05652e+00 1.29685e-02
1.40526e+00 4.11690e+00 9.20023e-03
1.40526e+00 4.17571e+00 6.46767e-03
1.40526e+00 4.23287e+00 4.51156e-03
1.40526e+00 4.28835e+00 3.12724e-03
1.40526e+00 4.34207e+00 2.15731e-03
1.40526e+00 4.39400e+00 1.48345e-03
1.40526e+00 4.44407e+00 1.01851e-03
1.40526e+00 4.49224e+00 6.99413e-04
1.40526e+00 4.53847e+00 4.81213e-04
1.40526e+00 4.58271e+00 3.32319e-04
1.40526e+00 4.62491e+00 2.30766e-04
1.40526e+00 4.66504e+00 1.61427e-04
1.40526e+00 4.70305e+00 1.13961e-04
1.40526e+00 4.73890e+00 8.13369e-05
1.40526e+00 4.77257e+00 5.87947e-05
1.40526e+00 4.80402e+00 4.31177e-05
1.40526e+00 4.83322e+00 3.21337e-05
1.40526e+00 4.86014e+00 2.43751e-05
1.40526e+00 4.88475e+00 1.88483e-05
1.40526e+00 4.90703e+00 1.48784e-05
1.40526e+00 4.92696e+00 1.20051e-05
1.40526e+00 4.94452e+00 9.91361e-06
1.40526e+00 4.95969e+00 8.38726e-06
1.40526e+00 4.97246e+00 7.27685e-06
1.40526e+00 4.98281e+00 6.47970e-06
1.40526e+00 4.99074e+00 5.92573e-06
1.40526e+00 4.99623e+00 5.56836e-06
1.40526e+00 4.99928e+00 5.37850e-06
1.47604e+00 7.15683e-04 -1.35719e-01
1.47604e+00 3.77012e-03 -1.35720e-01
1.47604e+00 9.26216e-03 -1.35729e-01
1.47604e+00 1.71877e-02 -1.35752e-01
1.47604e+00 2.75390e-02 -1.35804e-01
1.47604e+00 4.03061e-02 -1.35902e-01
1.47604e+00 5.54766e-02 -1.36066e-01
1.47604e+00 7.30356e-02 -1.36320e-01
1.47604e+00 9.29659e-02 -1.36691e-01
1.47604e+00 1.15248e-01 -1.37212e-01
1.47604e+00 1.39860e-01 -1.37913e-01
1.47604e+00 1.66779e-01 -1.38832e-01
1.47604e+00 1.95977e-01 -1.40005e-01
1.47604e+00 2.27426e-01 -1.41470e-01
1.47604e+00 2.61096e-01 -1.43263e-01
1.47604e+00 2.96953e-01 -1.45421e-01
1.47604e+00 3.34963e-01 -1.47977e-01
1.47604e+00 3.75089e-01 -1.50958e-01
1.47604e+00 4.17290e-01 -1.54388e-01
1.47604e+00 4.61527e-01 -1.58276e-01
1.47604e+00 5.07755e-01 -1.62625e-01
1.47604e+00 5.55930e-01 -1.67418e-01
1.47604e+00 6.06005e-01 -1.72620e-01
1.47604e+00 6.57930e-01 -1.78171e-01
1.47604e+00 7.11655e-01 -1.83985e-01
1.47604e+00 7.67127e-01 -1.89936e-01
1.47604e+00 8.24292e-01 -1.95861e-01
1.47604e+00 8.83095e-01 -2.01547e-01
1.47604e+00 9.43478e-01 -2.06731e-01
1.47604e+00 1.00538e+00 -2.11088e-01
1.47604e+00 1.06875e+00 -2.14234e-01
1.47604e+00 1.13351e+00 -2.15724e-01
1.47604e+00 1.19960e+00 -2.15056e-01
1.47604e+00 1.26697e+00 -2.11685e-01
1.47604e+00 1.33555e+00 -2.05042e-01
1.47604e+00 1.40526e+00 -1.94570e-01
1.47604e+00 1.47604e+00 -1.79754e-01
1.47604e+00 1.54782e+00 -1.60172e-01
1.47604e+00 1.62053e+00 -1.35539e-01
1.47604e+00 1.69410e+00 -1.05748e-01
1.47604e+00 1.76846e+00 -7.09174e-02
1.47604e+00 1.84353e+00 -3.14370e-02
1.47604e+00 1.91924e+00 1.19928e-02
1.47604e+00 1.99553e+00 5.83299e-02
1.47604e+00 2.07230e+00 1.06187e-01
1.47604e+00 2.14949e+00 1.53876e-01
1.47604e+00 2.22703e+00 1.99511e-01
1.47604e+00 2.30483e+00 2.41185e-01
1.47604e+00 2.38282e+00 2.77199e-01
1.47604e+00 2.46093e+00 3.06304e-01
1.47604e+00 2.53907e+00 3.27878e-01
1.47604e+00 2.61718e+00 3.41970e-01
1.47604e+00 2.69517e+00 3.49134e-01
1.47604e+00 2.77297e+00 3.50106e-01
1.47604e+00 2.85051e+00 3.45439e-01
1.47604e+00 2.92770e+00 3.35303e-01
1.47604e+00 3.00447e+00 3.19597e-01
1.47604e+00 3.08076e+00 2.98329e-01
1.47604e+00 3.15647e+00 2.72034e-01
1.47604e+00 3.23154e+00 2.41954e-01
1.47604e+00 3.30590e+00 2.09866e-01
1.47604e+00 3.37947e+00 1.77683e-01
1.47604e+00 3.45218e+00 1.47070e-01
1.47604e+00 3.52396e+00 1.19213e-01
1.47604e+00 3.59474e+00 9.47871e-02
1.47604e+00 3.66445e+00 7.40311e-02
1.47604e+00 3.73303e+00 5.68638e-02
1.47604e+00 3.80040e+00 4.30000e-02
1.47604e+00 3.86649e+00 3.20430e-02
1.47604e+00 3.93125e+00 2.35533e-02
1.47604e+00 3.99462e+00 1.70948e-02
1.47604e+00 4.05652e+00 1.22642e-02
1.47604e+00 4.11690e+00 8.70732e-03
1.47604e+00 4.17571e+00 6.12565e-03
1.47604e+00 4.23287e+00 4.27593e-03
1.47604e+00 4.28835e+00 2.96583e-03
1.47604e+00 4.34207e+00 2.04721e-03
1.47604e+00 4.39400e+00 1.40855e-03
1.47604e+00 4.44407e+00 9.67603e-04
1.47604e+00 4.49224e+00 6.64786e-04
1.47604e+00 4.53847e+00 4.57603e-04
1.47604e+00 4.58271e+00 3.16153e-04
1.47604e+00 4.62491e+00 2.19629e-04
1.47604e+00 4.66504e+00 1.53695e-04
1.47604e+00 4.70305e+00 1.08540e-04
1.47604e+00 4.73890e+00 7.74928e-05
1.47604e+00 4.77257e+00 5.60327e-05
1.47604e+00 4.80402e+00 4.11033e-05
1.47604e+00 4.83322e+00 3.06401e-05
1.47604e+00 4.86014e+00 2.32474e-05
1.47604e+00 4.88475e+00 1.79800e-05
1.47604e+00 4.90703e+00 1.41955e-05
1.47604e+00 4.92696e+00 1.14560e-05
1.47604e+00 4.94452e+00 9.46147e-06
1.47604e+00 4.95969e+00 8.00569e-06
1.47604e+00 4.97246e+00 6.94650e-06
1.47604e+00 4.98281e+00 6.18603e-06
1.47604e+00 4.99074e+00 5.65752e-06
1.47604e+00 4.99623e+00 5.31655e-06
1.47604e+00 4.99928e+00 5.13540e-06
1.54782e+00 7.15683e-04 -5.10070e-02
1.54782e+00 3.77012e-03 -5.10089e-02
1.54782e+00 9.26216e-03 -5.10189e-02
1.54782e+00 1.71877e-02 -5.10480e-02
1.54782e+00 2.75390e-02 -5.11124e-02
1.54782e+00 4.03061e-02 -5.12328e-02
1.54782e+00 5.54766e-02 -5.14347e-02
1.54782e+00 7.30356e-02 -5.17481e-02
1.54782e+00 9.29659e-02 -5.22069e-02
1.54782e+00 1.15248e-01 -5.28494e-02
1.54782e+00 1.39860e-01 -5.37168e-02
1.54782e+00 1.66779e-01 -5.48538e-02
1.54782e+00 1.95977e-01 -5.63070e-02
1.54782e+00 2.27426e-01 -5.81246e-02
1.54782e+00 2.61096e-01 -6.03554e-02
1.54782e+00 2.96953e-01 -6.30474e-02
1.54782e+00 3.34963e-01 -6.62466e-02
1.54782e+00 3.75089e-01 -6.99952e-02
1.54782e+00 4.17290e-01 -7.43293e-02
1.54782e+00 4.61527e-01 -7.92769e-02
1.54782e+00 5.07755e-01 -8.48546e-02
1.54782e+00 5.55930e-01 -9.10643e-02
1.54782e+00 6.06005e-01 -9.78897e-02
1.54782e+00 6.57930e-01 -1.05291e-01
1.54782e+00 7.11655e-01 -1.13200e-01
1.54782e+00 7.67127e-01 -1.21515e-01
1.54782e+00 8.24292e-01 -1.30094e-01
1.54782e+00 8.83095e-01 -1.38748e-01
1.54782e+00 9.43478e-01 -1.47235e-01
1.54782e+00 1.00538e+00 -1.55253e-01
1.54782e+00 1.06875e+00 -1.62439e-01
1.54782e+00 1.13351e+00 -1.68362e-01
1.54782e+00 1.19960e+00 -1.72527e-01
1.54782e+00 1.26697e+00 -1.74383e-01
1.54782e+00 1.33555e+00 -1.73341e-01
1.54782e+00 1.40526e+00 -1.68798e-01
1.54782e+00 1.47604e+00 -1.60172e-01
1.54782e+00 1.54782e+00 -1.46954e-01
1.54782e+00 1.62053e+00 -1.28756e-01
1.54782e+00 1.69410e+00 -1.05364e-01
1.54782e+00 1.76846e+00 -7.67937e-02
1.54782e+00 1.84353e+00 -4.33358e-02
1.54782e+00 1.91924e+00 -5.59698e-03
1.54782e+00 1.99553e+00 3.54715e-02
1.54782e+00 2.07230e+00 7.85723e-02
1.54782e+00 2.14949e+00 1.22104e-01
1.54782e+00 2.22703e+00 1.64265e-01
1.54782e+00 2.30483e+00 2.03217e-01
1.54782e+00 2.38282e+00 2.37316e-01
1.54782e+00 2.46093e+00 2.65340e-01
1.54782e+00 2.53907e+00 2.86668e-01
1.54782e+00 2.61718e+00 3.01315e-01
1.54782e+00 2.69517e+00 3.09773e-01
1.54782e+00 2.77297e+00 3.12688e-01
1.54782e+00 2.85051e+00 3.10502e-01
1.54782e+00 2.92770e+00 3.03264e-01
1.54782e+00 3.00447e+00 2.90744e-01
1.54782e+00 3.08076e+00 2.72818e-01
1.54782e+00 3.15647e+00 2.49895e-01
1.54782e+00 3.23154e+00 2.23098e-01
1.54782e+00 3.30590e+00 1.94103e-01
1.54782e+00 3.37947e+00 1.64747e-01
1.54782e+00 3.45218e+00 1.36641e-01
1.54782e+00 3.52396e+00 1.10952e-01
1.54782e+00 3.59474e+00 8.83523e-02
1.54782e+00 3.66445e+00 6.90991e-02
1.54782e+00 3.73303e+00 5.31416e-02
1.54782e+00 3.80040e+00 4.02318e-02
1.54782e+00 3.86649e+00 3.00129e-02
1.54782e+00 3.93125e+00 2.20838e-02
1.54782e+00 3.99462e+00 1.60437e-02
1.54782e+00 4.05652e+00 1.15207e-02
1.54782e+00 4.11690e+00 8.18650e-03
1.54782e+00 4.17571e+00 5.76393e-03
1.54782e+00 4.23287e+00 4.02652e-03
1.54782e+00 4.28835e+00 2.79485e-03
1.54782e+00 4.34207e+00 1.93049e-03
1.54782e+00 4.39400e+00 1.32908e-03
1.54782e+00 4.44407e+00 9.13554e-04
1.54782e+00 4.49224e+00 6.28000e-04
1.54782e+00 4.53847e+00 4.32506e-04
1.54782e+00 4.58271e+00 2.98957e-04
1.54782e+00 4.62491e+00 2.07777e-04
1.54782e+00 4.66504e+00 1.45461e-04
1.54782e+00 4.70305e+00 1.02765e-04
1.54782e+00 4.73890e+00 7.33962e-05
1.54782e+00 4.77257e+00 5.30880e-05
1.54782e+00 4.80402e+00 3.89549e-05
1.54782e+00 4.83322e+00 2.90466e-05
1.54782e+00 4.86014e+00 2.20439e-05
1.54782e+00 4.88475e+00 1.70530e-05
1.54782e+00 4.90703e+00 1.34663e-05
1.54782e+00 4.92696e+00 1.08694e-05
1.54782e+00 4.94452e+00 8.97844e-06
1.54782e+00 4.95969e+00 7.59799e-06
1.54782e+00 4.97246e+00 6.59346e-06
1.54782e+00 4.98281e+00 5.87217e-06
1.54782e+00 4.99074e+00 5.37084e-06
1.54782e+00 4.99623e+00 5.04738e-06
1.54782e+00 4.99928e+00 4.87553e-06
1.62053e+00 7.15683e-04 3.71476e-02
1.62053e+00 3.77012e-03 3.71453e-02
1.62053e+00 9.26216e-03 3.71335e-02
1.62053e+00 1.71877e-02 3.70991e-02
1.62053e+00 2.75390e-02 3.70230e-02
1.62053e+00 4.03061e-02 3.68806e-02
1.62053e+00 5.54766e-02 3.66418e-02
1.62053e+00 7.30356e-02 3.62712e-02
1.62053e+00 9.29659e-02 3.57283e-02
1.62053e+00 1.15248e-01 3.49679e-02
1.62053e+00 1.39860e-01 3.39407e-02
1.62053e+00 1.66779e-01 3.25935e-02
1.62053e+00 1.95977e-01 3.08699e-02
1.62053e+00 2.27426e-01 2.87116e-02
1.62053e+00 2.61096e-01 2.60587e-02
1.62053e+00 2.96953e-01 2.28514e-02
1.62053e+00 3.34963e-01 1.90310e-02
1.62053e+00 3.75089e-01 1.45421e-02
1.62053e+00 4.17290e-01 9.33392e-03
1.62053e+00 4.61527e-01 3.36354e-03
1.62053e+00 5.07755e-01 -3.40184e-03
1.62053e+00 5.55930e-01 -1.09813e-02
1.62053e+00 6.06005e-01 -1.93763e-02
1.62053e+00 6.57930e-01 -2.85661e-02
1.62053e+00 7.11655e-01 -3.85027e-02
1.62053e+00 7.67127e-01 -4.91051e-02
1.62053e+00 8.24292e-01 -6.02526e-02
1.62053e+00 8.83095e-01 -7.17787e-02
1.62053e+00 9.43478e-01 -8.34638e-02
1.62053e+00 1.00538e+00 -9.50290e-02
1.62053e+00 1.06875e+00 -1.06131e-01
1.62053e+00 1.13351e+00 -1.16356e-01
1.62053e+00 1.19960e+00 -1.25223e-01
1.62053e+00 1.26697e+00 -1.32187e-01
1.62053e+00 1.33555e+00 -1.36648e-01
1.62053e+00 1.40526e+00 -1.37975e-01
1.62053e+00 1.47604e+00 -1.35539e-01
1.62053e+00 1.54782e+00 -1.28756e-01
1.62053e+00 1.62053e+00 -1.17141e-01
1.62053e+00 1.69410e+00 -1.00373e-01
1.62053e+00 1.76846e+00 -7.83498e-02
1.62053e+00 1.84353e+00 -5.12487e-02
1.62053e+00 1.91924e+00 -1.95680e-02
1.62053e+00 1.99553e+00 1.58443e-02
1.62053e+00 2.07230e+00 5.37901e-02
1.62053e+00 2.14949e+00 9.27636e-02
1.62053e+00 2.22703e+00 1.31051e-01
1.62053e+00 2.30483e+00 1.66894e-01
1.62053e+00 2.38282e+00 1.98707e-01
1.62053e+00 2.46093e+00 2.25304e-01
1.62053e+00 2.53907e+00 2.46070e-01
1.62053e+00 2.61718e+00 2.60991e-01
1.62053e+00 2.69517e+00 2.70500e-01
1.62053e+00 2.77297e+00 2.75154e-01
1.62053e+00 2.85051e+00 2.75286e-01
1.62053e+00 2.92770e+00 2.70823e-01
1.62053e+00 3.00447e+00 2.61406e-01
1.62053e+00 3.08076e+00 2.46780e-01
1.62053e+00 3.15647e+00 2.27220e-01
1.62053e+00 3.23154e+00 2.03727e-01
1.62053e+00 3.30590e+00 1.77867e-01
1.62053e+00 3.37947e+00 1.51392e-01
1.62053e+00 3.45218e+00 1.25855e-01
1.62053e+00 3.52396e+00 1.02392e-01
1.62053e+00 3.59474e+00 8.16740e-02
1.62053e+00 3.66445e+00 6.39728e-02
1.62053e+00 3.73303e+00 4.92675e-02
1.62053e+00 3.80040e+00 3.73471e-02
1.62053e+00 3.86649e+00 2.78947e-02
1.62053e+00 3.93125e+00 2.05487e-02
1.62053e+00 3.99462e+00 1.49446e-02
1.62053e+00 4.05652e+00 1.07423e-02
1.62053e+00 4.11690e+00 7.64076e-03
1.62053e+00 4.17571e+00 5.38456e-03
1.62053e+00 4.23287e+00 3.76469e-03
1.62053e+00 4.28835e+00 2.61520e-03
1.62053e+00 4.34207e+00 1.80775e-03
1.62053e+00 4.39400e+00 1.24546e-03
1.62053e+00 4.44407e+00 8.56638e-04
1.62053e+00 4.49224e+00 5.89236e-04
1.62053e+00 4.53847e+00 4.06042e-04
1.62053e+00 4.58271e+00 2.80815e-04
1.62053e+00 4.62491e+00 1.95265e-04
1.62053e+00 4.66504e+00 1.36765e-04
1.62053e+00 4.70305e+00 9.66628e-05
1.62053e+00 4.73890e+00 6.90650e-05
1.62053e+00 4.77257e+00 4.99734e-05
1.62053e+00 4.80402e+00 3.66817e-05
1.62053e+00 4.83322e+00 2.73599e-05
1.62053e+00 4.86014e+00 2.07695e-05
1.62053e+00 4.88475e+00 1.60711e-05
1.62053e+00 4.90703e+00 1.26938e-05
1.62053e+00 4.92696e+00 1.02479e-05
1.62053e+00 4.94452e+00 8.46648e-06
1.62053e+00 4.95969e+00 7.16579e-06
1.62053e+00 4.97246e+00 6.21917e-06
1.62053e+00 4.98281e+00 5.53936e-06
1.62053e+00 4.99074e+00 5.06682e-06
1.62053e+00 4.99623e+00 4.76192e-06
1.62053e+00 4.99928e+00 4.59992e-06
1.69410e+00 7.15683e-04 1.28158e-01
1.69410e+00 3.77012e-03 1.28155e-01
1.69410e+00 9.26216e-03 1.28141e-01
1.69410e+00 1.71877e-02 1.28102e-01
1.69410e+00 2.75390e-02 1.28015e-01
1.69410e+00 4.03061e-02 1.27851e-01
1.69410e+00 5.54766e-02 1.27578e-01
1.69410e+00 7.30356e-02 1.27153e-01
1.69410e+00 9.29659e-02 1.26530e-01
1.69410e+00 1.15248e-01 1.25658e-01
1.69410e+00 1.39860e-01 1.24479e-01
1.69410e+00 1.66779e-01 1.22932e-01
1.69410e+00 1.95977e-01 1.20952e-01
1.69410e+00 2.27426e-01 1.18471e-01
1.69410e+00 2.61096e-01 1.15417e-01
1.69410e+00 2.96953e-01 1.11720e-01
1.69410e+00 3.34963e-01 1.07310e-01
1.69410e+00 3.75089e-01 1.02117e-01
1.69410e+00 4.17290e-01 9.60778e-02
1.69410e+00 4.61527e-01 8.91341e-02
1.69410e+00 5.07755e-01 8.12378e-02
1.69410e+00 5.55930e-01 7.23533e-02
1.69410e+00 6.06005e-01 6.24615e-02
1.69410e+00 6.57930e-01 5.15647e-02
1.69410e+00 7.11655e-01 3.96915e-02
1.69410e+00 7.67127e-01 2.69026e-02
1.69410e+00 8.24292e-01 1.32975e-02
1.69410e+00 8.83095e-01 -9.79142e-04
1.69410e+00 9.43478e-01 -1.57298e-02
1.69410e+00 1.00538e+00 -3.06976e-02
1.69410e+00 1.06875e+00 -4.55599e-02
1.69410e+00 1.13351e+00 -5.99238e-02
1.69410e+00 1.19960e+00 -7.33239e-02
1.69410e+00 1.26697e+00 -8.52243e-02
1.69410e+00 1.33555e+00 -9.50272e-02
1.69410e+00 1.40526e+00 -1.02089e-01
1.69410e+00 1.47604e+00 -1.05748e-01
1.69410e+00 1.54782e+00 -1.05364e-01
1.69410e+00 1.62053e+00 -1.00373e-01
1.69410e+00 1.69410e+00 -9.03484e-02
1.69410e+00 1.76846e+00 -7.50713e-02
1.69410e+00 1.84353e+00 -5.45926e-02
1.69410e+00 1.91924e+00 -2.92871e-02
1.69410e+00 1.99553e+00 1.15150e-04
1.69410e+00 2.07230e+00 3.25281e-02
1.69410e+00 2.14949e+00 6.65514e-02
1.69410e+00 2.22703e+00 1.00569e-01
1.69410e+00 2.30483e+00 1.32909e-01
1.69410e+00 2.38282e+00 1.62052e-01
1.69410e+00 2.46093e+00 1.86857e-01
1.69410e+00 2.53907e+00 2.06718e-01
1.69410e+00 2.61718e+00 2.21598e-01
1.69410e+00 2.69517e+00 2.31873e-01
1.69410e+00 2.77297e+00 2.38013e-01
1.69410e+00 2.85051e+00 2.40246e-01
1.69410e+00 2.92770e+00 2.38379e-01
1.69410e+00 3.00447e+00 2.31927e-01
1.69410e+00 3.08076e+00 2.20503e-01
1.69410e+00 3.15647e+00 2.04249e-01
1.69410e+00 3.23154e+00 1.84037e-01
1.69410e+00 3.30590e+00 1.61316e-01
1.69410e+00 3.37947e+00 1.37743e-01
1.69410e+00 3.45218e+00 1.14807e-01
1.69410e+00 3.52396e+00 9.36080e-02
1.69410e+00 3.59474e+00 7.48090e-02
1.69410e+00 3.66445e+00 5.86951e-02
1.69410e+00 3.73303e+00 4.52732e-02
1.69410e+00 3.80040e+00 3.43689e-02
1.69410e+00 3.86649e+00 2.57051e-02
1.69410e+00 3.93125e+00 1.89599e-02
1.69410e+00 3.99462e+00 1.38057e-02
1.69410e+00 4.05652e+00 9.93497e-03
1.69410e+00 4.11690e+00 7.07407e-03
1.69410e+00 4.17571e+00 4.99022e-03
1.69410e+00 4.23287e+00 3.49229e-03
1.69410e+00 4.28835e+00 2.42813e-03
1.69410e+00 4.34207e+00 1.67984e-03
1.69410e+00 4.39400e+00 1.15824e-03
1.69410e+00 4.44407e+00 7.97227e-04
1.69410e+00 4.49224e+00 5.48745e-04
1.69410e+00 4.53847e+00 3.78381e-04
1.69410e+00 4.58271e+00 2.61840e-04
1.69410e+00 4.62491e+00 1.82171e-04
1.69410e+00 4.66504e+00 1.27659e-04
1.69410e+00 4.70305e+00 9.02698e-05
1.69410e+00 4.73890e+00 6.45254e-05
1.69410e+00 4.77257e+00 4.67074e-05
1.69410e+00 4.80402e+00 3.42970e-05
1.69410e+00 4.83322e+00 2.55898e-05
1.69410e+00 4.86014e+00 1.94317e-05
1.69410e+00 4.88475e+00 1.50401e-05
1.69410e+00 4.90703e+00 1.18823e-05
1.69410e+00 4.92696e+00 9.59489e-06
1.69410e+00 4.94452e+00 7.92847e-06
1.69410e+00 4.95969e+00 6.71151e-06
1.69410e+00 4.97246e+00 5.82569e-06
1.69410e+00 4.98281e+00 5.18946e-06
1.69410e+00 4.99074e+00 4.74716e-06
1.69410e+00 4.99623e+00 4.46175e-06
1.69410e+00 4.99928e+00 4.31009e-06
1.76846e+00 7.15683e-04 2.21133e-01
1.76846e+00 3.77012e-03 2.21130e-01
1.76846e+00 9.26216e-03 2.21115e-01
1.76846e+00 1.71877e-02 2.21070e-01
1.76846e+00 2.75390e-02 2.20973e-01
1.76846e+00 4.03061e-02 2.20790e-01
1.76846e+00 5.54766e-02 2.20484e-01
1.76846e+00 7.30356e-02 2.20009e-01
1.76846e+00 9.29659e-02 2.19312e-01
1.76846e+00 1.15248e-01 2.18336e-01
1.76846e+00 1.39860e-01 2.17017e-01
1.76846e+00 1.66779e-01 2.15284e-01
1.76846e+00 1.95977e-01 2.13066e-01
1.76846e+00 2.27426e-01 2.10284e-01
1.76846e+00 2.61096e-01 2.06857e-01
1.76846e+00 2.96953e-01 2.02706e-01
1.76846e+00 3.34963e-01 1.97746e-01
1.76846e+00 3.75089e-01 1.91898e-01
1.76846e+00 4.17290e-01 1.85083e-01
1.76846e+00 4.61527e-01 1.77232e-01
1.76846e+00 5.07755e-01 1.68279e-01
1.76846e+00 5.55930e-01 1.58174e-01
1.76846e+00 6.06005e-01 1.46881e-01
1.76846e+00 6.57930e-01 1.34385e-01
1.76846e+00 7.11655e-01 1.20693e-01
1.76846e+00 7.67127e-01 1.05849e-01
1.76846e+00 8.24292e-01 8.99292e-02
1.76846e+00 8.83095e-01 7.30582e-02
1.76846e+00 9.43478e-01 5.54110e-02
1.76846e+00 1.00538e+00 3.72226e-02
1.76846e+00 1.06875e+00 1.87939e-02
1.76846e+00 1.13351e+00 4.97363e-04
1.76846e+00 1.19960e+00 -1.72198e-02
1.76846e+00 1.26697e+00 -3.38358e-02
1.76846e+00 1.33555e+00 -4.87603e-02
1.76846e+00 1.40526e+00 -6.13472e-02
1.76846e+00 1.47604e+00 -7.09174e-02
1.76846e+00 1.54782e+00 -7.67937e-02
1.76846e+00 1.62053e+00 -7.83498e-02
1.76846e+00 1.69410e+00 -7.50713e-02
1.76846e+00 1.76846e+00 -6.66267e-02
1.76846e+00 1.84353e+00 -5.29395e-02
1.76846e+00 1.91924e+00 -3.42495e-02
1.76846e+00 1.99553e+00 -1.11530e-02
1.76846e+00 2.07230e+00 1.53912e-02
1.76846e+00 2.14949e+00 4.41019e-02
1.76846e+00 2.22703e+00 7.34718e-02
1.76846e+00 2.30483e+00 1.01924e-01
1.76846e+00 2.38282e+00 1.28017e-01
1.76846e+00 2.46093e+00 1.50656e-01
1.76846e+00 2.53907e+00 1.69254e-01
1.76846e+00 2.61718e+00 1.83754e-01
1.76846e+00 2.69517e+00 1.94476e-01
1.76846e+00 2.77297e+00 2.01808e-01
1.76846e+00 2.85051e+00 2.05876e-01
1.76846e+00 2.92770e+00 2.06372e-01
1.76846e+00 3.00447e+00 2.02689e-01
1.76846e+00 3.08076e+00 1.94313e-01
1.76846e+00 3.15647e+00 1.81254e-01
1.76846e+00 3.23154e+00 1.64251e-01
1.76846e+00 3.30590e+00 1.44630e-01
1.76846e+00 3.37947e+00 1.23945e-01
1.76846e+00 3.45218e+00 1.03611e-01
1.76846e+00 3.52396e+00 8.46882e-02
1.76846e+00 3.59474e+00 6.78251e-02
1.76846e+00 3.66445e+00 5.33171e-02
1.76846e+00 3.73303e+00 4.11967e-02
1.76846e+00 3.80040e+00 3.13250e-02
1.76846e+00 3.86649e+00 2.34641e-02
1.76846e+00 3.93125e+00 1.73317e-02
1.76846e+00 3.99462e+00 1.26372e-02
1.76846e+00 4.05652e+00 9.10565e-03
1.76846e+00 4.11690e+00 6.49133e-03
1.76846e+00 4.17571e+00 4.58430e-03
1.76846e+00 4.23287e+00 3.21161e-03
1.76846e+00 4.28835e+00 2.23519e-03
1.76846e+00 4.34207e+00 1.54780e-03
1.76846e+00 4.39400e+00 1.06812e-03
1.76846e+00 4.44407e+00 7.35800e-04
1.76846e+00 4.49224e+00 5.06848e-04
1.76846e+00 4.53847e+00 3.49739e-04
1.76846e+00 4.58271e+00 2.42179e-04
1.76846e+00 4.62491e+00 1.68596e-04
1.76846e+00 4.66504e+00 1.18213e-04
1.76846e+00 4.70305e+00 8.36342e-05
1.76846e+00 4.73890e+00 5.98113e-05
1.76846e+00 4.77257e+00 4.33143e-05
1.76846e+00 4.80402e+00 3.18185e-05
1.76846e+00 4.83322e+00 2.37493e-05
1.76846e+00 4.86014e+00 1.80403e-05
1.76846e+00 4.88475e+00 1.39673e-05
1.76846e+00 4.90703e+00 1.10378e-05
1.76846e+00 4.92696e+00 8.91506e-06
1.76846e+00 4.94452e+00 7.36825e-06
1.76846e+00 4.95969e+00 6.23840e-06
1.76846e+00 4.97246e+00 5.41582e-06
1.76846e+00 4.98281e+00 4.82493e-06
1.76846e+00 4.99074e+00 4.41411e-06
1.76846e+00 4.99623e+00 4.14898e-06
1.76846e+00 4.99928e+00 4.00810e-06
1.84353e+00 7.15683e-04 3.14839e-01
1.84353e+00 3.77012e-03 3.14836e-01
1.84353e+00 9.26216e-03 3.14819e-01
1.84353e+00 1.71877e-02 3.14771e-01
1.84353e+00 2.75390e-02 3.14664e-01
1.84353e+00 4.03061e-02 3.14464e-01
1.84353e+00 5.54766e-02 3.14128e-01
1.84353e+00 7.30356e-02 3.13607e-01
1.84353e+00 9.29659e-02 3.12844e-01
1.84353e+00 1.15248e-01 3.11774e-01
1.84353e+00 1.39860e-01 3.10328e-01
1.84353e+00 1.66779e-01 3.08428e-01
1.84353e+00 1.95977e-01 3.05994e-01
1.84353e+00 2.27426e-01 3.02940e-01
1.84353e+00 2.61096e-01 2.99176e-01
1.84353e+00 2.96953e-01 2.94612e-01
1.84353e+00 3.34963e-01 2.89154e-01
1.84353e+00 3.75089e-01 2.82711e-01
1.84353e+00 4.17290e-01 2.75194e-01
1.84353e+00 4.61527e-01 2.66516e-01
1.84353e+00 5.07755e-01 2.56602e-01
1.84353e+00 5.55930e-01 2.45384e-01
1.84353e+00 6.06005e-01 2.32810e-01
1.84353e+00 6.57930e-01 2.18848e-01
1.84353e+00 7.11655e-01 2.03489e-01
1.84353e+00 7.67127e-01 1.86754e-01
1.84353e+00 8.24292e-01 1.68701e-01
1.84353e+00 8.83095e-01 1.49431e-01
1.84353e+00 9.43478e-01 1.29100e-01
1.84353e+00 1.00538e+00 1.07918e-01
1.84353e+00 1.06875e+00 8.61656e-02
1.84353e+00 1.13351e+00 6.41926e-02
1.84353e+00 1.19960e+00 4.24269e-02
1.84353e+00 1.26697e+00 2.13732e-02
1.84353e+00 1.33555e+00 1.60972e-03
1.84353e+00 1.40526e+00 -1.62221e-02
1.84353e+00 1.47604e+00 -3.14370e-02
1.84353e+00 1.54782e+00 -4.33358e-02
1.84353e+00 1.62053e+00 -5.12487e-02
1.84353e+00 1.69410e+00 -5.45926e-02
1.84353e+00 1.76846e+00 -5.29395e-02
1.84353e+00 1.84353e+00 -4.60919e-02
1.84353e+00 1.91924e+00 -3.41515e-02
1.84353e+00 1.99553e+00 -1.75695e-02
1.84353e+00 2.07230e+00 2.83878e-03
1.84353e+00 2.14949e+00 2.59274e-02
1.84353e+00 2.22703e+00 5.03123e-02
1.84353e+00 2.30483e+00 7.45239e-02
1.84353e+00 2.38282e+00 9.72052e-02
1.84353e+00 2.46093e+00 1.17319e-01
1.84353e+00 2.53907e+00 1.34298e-01
1.84353e+00 2.61718e+00 1.48070e-01
1.84353e+00 2.69517e+00 1.58901e-01
1.84353e+00 2.77297e+00 1.67099e-01
1.84353e+00 2.85051e+00 1.72692e-01
1.84353e+00 2.92770e+00 1.75266e-01
1.84353e+00 3.00447e+00 1.74101e-01
1.84353e+00 3.08076e+00 1.68563e-01
1.84353e+00 3.15647e+00 1.58533e-01
1.84353e+00 3.23154e+00 1.44616e-01
1.84353e+00 3.30590e+00 1.28010e-01
1.84353e+00 3.37947e+00 1.10159e-01
1.84353e+00 3.45218e+00 9.23967e-02
1.84353e+00 3.52396e+00 7.57331e-02
1.84353e+00 3.59474e+00 6.07996e-02
1.84353e+00 3.66445e+00 4.78972e-02
1.84353e+00 3.73303e+00 3.70818e-02
1.84353e+00 3.80040e+00 2.82476e-02
1.84353e+00 3.86649e+00 2.11953e-02
1.84353e+00 3.93125e+00 1.56811e-02
1.84353e+00 3.99462e+00 1.14511e-02
1.84353e+00 4.05652e+00 8.26277e-03
1.84353e+00 4.11690e+00 5.89836e-03
1.84353e+00 4.17571e+00 4.17080e-03
1.84353e+00 4.23287e+00 2.92539e-03
1.84353e+00 4.28835e+00 2.03825e-03
1.84353e+00 4.34207e+00 1.41289e-03
1.84353e+00 4.39400e+00 9.75975e-04
1.84353e+00 4.44407e+00 6.72933e-04
1.84353e+00 4.49224e+00 4.63936e-04
1.84353e+00 4.53847e+00 3.20381e-04
1.84353e+00 4.58271e+00 2.22013e-04
1.84353e+00 4.62491e+00 1.54663e-04
1.84353e+00 4.66504e+00 1.08512e-04
1.84353e+00 4.70305e+00 7.68159e-05
1.84353e+00 4.73890e+00 5.49647e-05
1.84353e+00 4.77257e+00 3.98242e-05
1.84353e+00 4.80402e+00 2.92679e-05
1.84353e+00 4.83322e+00 2.18546e-05
1.84353e+00 4.86014e+00 1.66072e-05
1.84353e+00 4.88475e+00 1.28622e-05
1.84353e+00 4.90703e+00 1.01675e-05
1.84353e+00 4.92696e+00 8.21431e-06
1.84353e+00 4.94452e+00 6.79065e-06
1.84353e+00 4.95969e+00 5.75051e-06
1.84353e+00 4.97246e+00 4.99309e-06
1.84353e+00 4.98281e+00 4.44891e-06
1.84353e+00 4.99074e+00 4.07051e-06
1.84353e+00 4.99623e+00 3.82629e-06
1.84353e+00 4.99928e+00 3.69651e-06
1.91924e+00 7.15683e-04 4.07674e-01
1.91924e+00 3.77012e-03 4.07671e-01
1.91924e+00 9.26216e-03 4.07653e-01
1.91924e+00 1.71877e-02 4.07601e-01
1.91924e+00 2.75390e-02 4.07486e-01
1.91924e+00 4.03061e-02 4.07271e-01
1.91924e+00 5.54766e-02 4.06910e-01
1.91924e+00 7.30356e-02 4.06349e-01
1.91924e+00 9.29659e-02 4.05528e-01
1.91924e+00 1.15248e-01 4.04376e-01
1.91924e+00 1.39860e-01 4.02818e-01
1.91924e+00 1.66779e-01 4.00773e-01
1.91924e+00 1.95977e-01 3.98151e-01
1.91924e+00 2.27426e-01 3.94859e-01
1.91924e+00 2.61096e-01 3.90801e-01
1.91924e+00 2.96953e-01 3.85877e-01
1.91924e+00 3.34963e-01 3.79984e-01
1.91924e+00 3.75089e-01 3.73019e-01
1.91924e+00 4.17290e-01 3.64884e-01
1.91924e+00 4.61527e-01 3.55480e-01
1.91924e+00 5.07755e-01 3.44719e-01
1.91924e+00 5.55930e-01 3.32518e-01
1.91924e+00 6.06005e-01 3.18811e-01
1.91924e+00 6.57930e-01 3.03548e-01
1.91924e+00 7.11655e-01 2.86704e-01
1.91924e+00 7.67127e-01 2.68279e-01
1.91924e+00 8.24292e-01 2.48314e-01
1.91924e+00 8.83095e-01 2.26887e-01
1.91924e+00 9.43478e-01 2.04130e-01
1.91924e+00 1.00538e+00 1.80234e-01
1.91924e+00 1.06875e+00 1.55453e-01
1.91924e+00 1.13351e+00 1.30117e-01
1.91924e+00 1.19960e+00 1.04631e-01
1.91924e+00 1.26697e+00 7.94807e-02
1.91924e+00 1.33555e+00 5.52280e-02
1.91924e+00 1.40526e+00 3.25043e-02
1.91924e+00 1.47604e+00 1.19928e-02
1.91924e+00 1.54782e+00 -5.59698e-03
1.91924e+00 1.62053e+00 -1.95680e-02
1.91924e+00 1.69410e+00 -2.92871e-02
1.91924e+00 1.76846e+00 -3.42495e-02
1.91924e+00 1.84353e+00 -3.41515e-02
1.91924e+00 1.91924e+00 -2.89635e-02
1.91924e+00 1.99553e+00 -1.89873e-02
1.91924e+00 2.07230e+00 -4.88256e-03
1.91924e+00 2.14949e+00 1.23569e-02
1.91924e+00 2.22703e+00 3.14873e-02
1.91924e+00 2.30483e+00 5.11601e-02
1.91924e+00 2.38282e+00 7.01146e-02
1.91924e+00 2.46093e+00 8.73769e-02
1.91924e+00 2.53907e+00 1.02406e-01
1.91924e+00 2.61718e+00 1.15112e-01
1.91924e+00 2.69517e+00 1.25711e-01
1.91924e+00 2.77297e+00 1.34432e-01
1.91924e+00 2.85051e+00 1.41211e-01
1.91924e+00 2.92770e+00 1.45536e-01
1.91924e+00 3.00447e+00 1.46586e-01
1.91924e+00 3.08076e+00 1.43620e-01
1.91924e+00 3.15647e+00 1.36399e-01
1.91924e+00 3.23154e+00 1.25395e-01
1.91924e+00 3.30590e+00 1.11673e-01
1.91924e+00 3.37947e+00 9.65611e-02
1.91924e+00 3.45218e+00 8.13029e-02
1.91924e+00 3.52396e+00 6.68526e-02
1.91924e+00 3.59474e+00 5.38177e-02
1.91924e+00 3.66445e+00 4.25007e-02
1.91924e+00 3.73303e+00 3.29773e-02
1.91924e+00 3.80040e+00 2.51731e-02
1.91924e+00 3.86649e+00 1.89250e-02
1.91924e+00 3.93125e+00 1.40270e-02
1.91924e+00 3.99462e+00 1.02608e-02
1.91924e+00 4.05652e+00 7.41584e-03
1.91924e+00 4.11690e+00 5.30182e-03
1.91924e+00 4.17571e+00 3.75432e-03
1.91924e+00 4.23287e+00 2.63678e-03
1.91924e+00 4.28835e+00 1.83946e-03
1.91924e+00 4.34207e+00 1.27659e-03
1.91924e+00 4.39400e+00 8.82783e-04
1.91924e+00 4.44407e+00 6.09298e-04
1.91924e+00 4.49224e+00 4.20464e-04
1.91924e+00 4.53847e+00 2.90617e-04
1.91924e+00 4.58271e+00 2.01554e-04
1.91924e+00 4.62491e+00 1.40517e-04
1.91924e+00 4.66504e+00 9.86570e-05
1.91924e+00 4.70305e+00 6.98848e-05
1.91924e+00 4.73890e+00 5.00353e-05
1.91924e+00 4.77257e+00 3.62727e-05
1.91924e+00 4.80402e+00 2.66713e-05
1.91924e+00 4.83322e+00 1.99248e-05
1.91924e+00 4.86014e+00 1.51471e-05
1.91924e+00 4.88475e+00 1.17357e-05
1.91924e+00 4.90703e+00 9.28013e-06
1.91924e+00 4.92696e+00 7.49963e-06
1.91924e+00 4.94452e+00 6.20143e-06
1.91924e+00 4.95969e+00 5.25269e-06
1.91924e+00 4.97246e+00 4.56167e-06
1.91924e+00 4.98281e+00 4.06511e-06
1.91924e+00 4.99074e+00 3.71978e-06
1.91924e+00 4.99623e+00 3.49687e-06
1.91924e+00 4.99928e+00 3.37841e-06
1.99553e+00 7.15683e-04 4.97668e-01
1.99553e+00 3.77012e-03 4.97664e-01
1.99553e+00 9.26216e-03 4.97645e-01
1.99553e+00 1.71877e-02 4.97590e-01
1.99553e+00 2.75390e-02 4.97468e-01
1.99553e+00 4.03061e-02 4.97241e-01
1.99553e+00 5.54766e-02 4.96859e-01
1.99553e+00 7.30356e-02 4.96265e-01
1.99553e+00 9.29659e-02 4.95395e-01
1.99553e+00 1.15248e-01 4.94176e-01
1.99553e+00 1.39860e-01 4.92527e-01
1.99553e+00 1.66779e-01 4.90360e-01
1.99553e+00 1.95977e-01 4.87582e-01
1.99553e+00 2.27426e-01 4.84094e-01
1.99553e+00 2.61096e-01 4.79792e-01
1.99553e+00 2.96953e-01 4.74567e-01
1.99553e+00 3.34963e-01 4.68311e-01
1.99553e+00 3.75089e-01 4.60911e-01
1.99553e+00 4.17290e-01 4.52259e-01
1.99553e+00 4.61527e-01 4.42246e-01
1.99553e+00 5.07755e-01 4.30771e-01
1.99553e+00 5.55930e-01 4.17741e-01
1.99553e+00 6.06005e-01 4.03073e-01
1.99553e+00 6.57930e-01 3.86704e-01
1.99553e+00 7.11655e-01 3.68590e-01
1.99553e+00 7.67127e-01 3.48715e-01
1.99553e+00 8.24292e-01 3.27098e-01
1.99553e+00 8.83095e-01 3.03799e-01
1.99553e+00 9.43478e-01 2.78926e-01
1.99553e+00 1.00538e+00 2.52647e-01
1.99553e+00 1.06875e+00 2.25192e-01
1.99553e+00 1.13351e+00 1.96867e-01
1.99553e+00 1.19960e+00 1.68053e-01
1.99553e+00 1.26697e+00 1.39215e-01
1.99553e+00 1.33555e+00 1.10894e-01
1.99553e+00 1.40526e+00 8.37077e-02
1.99553e+00 1.47604e+00 5.83299e-02
1.99553e+00 1.54782e+00 3.54715e-02
1.99553e+00 1.62053e+00 1.58443e-02
1.99553e+00 1.69410e+00 1.15150e-04
1.99553e+00 1.76846e+00 -1.11530e-02
1.99553e+00 1.84353e+00 -1.75695e-02
1.99553e+00 1.91924e+00 -1.89873e-02
1.99553e+00 1.99553e+00 -1.55646e-02
1.99553e+00 2.07230e+00 -7.80001e-03
1.99553e+00 2.14949e+00 3.47816e-03
1.99553e+00 2.22703e+00 1.71832e-02
1.99553e+00 2.30483e+00 3.21043e-02
1.99553e+00 2.38282e+00 4.70893e-02
1.99553e+00 2.46093e+00 6.12356e-02
1.99553e+00 2.53907e+00 7.40298e-02
1.99553e+00 2.61718e+00 8.53675e-02
1.99553e+00 2.69517e+00 9.54112e-02
1.99553e+00 2.77297e+00 1.04313e-01
1.99553e+00 2.85051e+00 1.11921e-01
1.99553e+00 2.92770e+00 1.17638e-01
1.99553e+00 3.00447e+00 1.20560e-01
1.99553e+00 3.08076e+00 1.19854e-01
1.99553e+00 3.15647e+00 1.15171e-01
1.99553e+00 3.23154e+00 1.06857e-01
1.99553e+00 3.30590e+00 9.58435e-02
1.99553e+00 3.37947e+00 8.33341e-02
1.99553e+00 3.45218e+00 7.04771e-02
1.99553e+00 3.52396e+00 5.81632e-02
1.99553e+00 3.59474e+00 4.69699e-02
1.99553e+00 3.66445e+00 3.71967e-02
1.99553e+00 3.73303e+00 2.89355e-02
1.99553e+00 3.80040e+00 2.21401e-02
1.99553e+00 3.86649e+00 1.66817e-02
1.99553e+00 3.93125e+00 1.23901e-02
1.99553e+00 3.99462e+00 9.08105e-03
1.99553e+00 4.05652e+00 6.57527e-03
1.99553e+00 4.11690e+00 4.70898e-03
1.99553e+00 4.17571e+00 3.33990e-03
1.99553e+00 4.23287e+00 2.34927e-03
1.99553e+00 4.28835e+00 1.64121e-03
1.99553e+00 4.34207e+00 1.14050e-03
1.99553e+00 4.39400e+00 7.89651e-04
1.99553e+00 4.44407e+00 5.45644e-04
1.99553e+00 4.49224e+00 3.76940e-04
1.99553e+00 4.53847e+00 2.60793e-04
1.99553e+00 4.58271e+00 1.81037e-04
1.99553e+00 4.62491e+00 1.26321e-04
1.99553e+00 4.66504e+00 8.87605e-05
1.99553e+00 4.70305e+00 6.29205e-05
1.99553e+00 4.73890e+00 4.50794e-05
1.99553e+00 4.77257e+00 3.27001e-05
1.99553e+00 4.80402e+00 2.40579e-05
1.99553e+00 4.83322e+00 1.79818e-05
1.99553e+00 4.86014e+00 1.36763e-05
1.99553e+00 4.88475e+00 1.06006e-05
1.99553e+00 4.90703e+00 8.38566e-06
1.99553e+00 4.92696e+00 6.77900e-06
1.99553e+00 4.94452e+00 5.60715e-06
1.99553e+00 4.95969e+00 4.75049e-06
1.99553e+00 4.97246e+00 4.12638e-06
1.99553e+00 4.98281e+00 3.67781e-06
1.99553e+00 4.99074e+00 3.36580e-06
1.99553e+00 4.99623e+00 3.16438e-06
1.99553e+00 4.99928e+00 3.05732e-06
2.07230e+00 7.15683e-04 5.82523e-01
2.07230e+00 3.77012e-03 5.82519e-01
2.07230e+00 9.26216e-03 5.82499e-01
2.07230e+00 1.71877e-02 5.82442e-01
2.07230e+00 2.75390e-02 5.82315e-01
2.07230e+00 4.03061e-02 5.82078e-01
2.07230e+00 5.54766e-02 5.81679e-01
2.07230e+00 7.30356e-02 5.81061e-01
2.07230e+00 9.29659e-02 5.80154e-01
2.07230e+00 1.15248e-01 5.78883e-01
2.07230e+00 1.39860e-01 5.77164e-01
2.07230e+00 1.66779e-01 5.74904e-01
2.07230e+00 1.95977e-01 5.72007e-01
2.07230e+00 2.27426e-01 5.68367e-01
2.07230e+00 2.61096e-01 5.63876e-01
2.07230e+00 2.96953e-01 5.58420e-01
2.07230e+00 3.34963e-01 5.51883e-01
2.07230e+00 3.75089e-01 5.44146e-01
2.07230e+00 4.17290e-01 5.35091e-01
2.07230e+00 4.61527e-01 5.24601e-01
2.07230e+00 5.07755e-01 5.12566e-01
2.07230e+00 5.55930e-01 4.98879e-01
2.07230e+00 6.06005e-01 4.83448e-01
2.07230e+00 6.57930e-01 4.66193e-01
2.07230e+00 7.11655e-01 4.47056e-01
2.07230e+00 7.67127e-01 4.26004e-01
2.07230e+00 8.24292e-01 4.03037e-01
2.07230e+00 8.83095e-01 3.78194e-01
2.07230e+00 9.43478e-01 3.51561e-01
2.07230e+00 1.00538e+00 3.23282e-01
2.07230e+00 1.06875e+00 2.93563e-01
2.07230e+00 1.13351e+00 2.62684e-01
2.07230e+00 1.19960e+00 2.31001e-01
2.07230e+00 1.26697e+00 1.98953e-01
2.07230e+00 1.33555e+00 1.67060e-01
2.07230e+00 1.40526e+00 1.35918e-01
2.07230e+00 1.47604e+00 1.06187e-01
2.07230e+00 1.54782e+00 7.85723e-02
2.07230e+00 1.62053e+00 5.37901e-02
2.07230e+00 1.69410e+00 3.25281e-02
2.07230e+00 1.76846e+00 1.53912e-02
2.07230e+00 1.84353e+00 2.83878e-03
2.07230e+00 1.91924e+00 -4.88256e-03
2.07230e+00 1.99553e+00 -7.80001e-03
2.07230e+00 2.07230e+00 -6.25510e-03
2.07230e+00 2.14949e+00 -9.04462e-04
2.07230e+00 2.22703e+00 7.33583e-03
2.07230e+00 2.30483e+00 1.74085e-02
2.07230e+00 2.38282e+00 2.82833e-02
2.07230e+00 2.46093e+00 3.91370e-02
2.07230e+00 2.53907e+00 4.94870e-02
2.07230e+00 2.61718e+00 5.92114e-02
2.07230e+00 2.69517e+00 6.84164e-02
2.07230e+00 2.77297e+00 7.71763e-02
2.07230e+00 2.85051e+00 8.52582e-02
2.07230e+00 2.92770e+00 9.19940e-02
2.07230e+00 3.00447e+00 9.64146e-02
2.07230e+00 3.08076e+00 9.76159e-02
2.07230e+00 3.15647e+00 9.51578e-02
2.07230e+00 3.23154e+00 8.92670e-02
2.07230e+00 3.30590e+00 8.07427e-02
2.07230e+00 3.37947e+00 7.06613e-02
2.07230e+00 3.45218e+00 6.00677e-02
2.07230e+00 3.52396e+00 4.97830e-02
2.07230e+00 3.59474e+00 4.03487e-02
2.07230e+00 3.66445e+00 3.20565e-02
2.07230e+00 3.73303e+00 2.50105e-02
2.07230e+00 3.80040e+00 1.91892e-02
2.07230e+00 3.86649e+00 1.44952e-02
2.07230e+00 3.93125e+00 1.07918e-02
2.07230e+00 3.99462e+00 7.92741e-03
2.07230e+00 4.05652e+00 5.75205e-03
2.07230e+00 4.11690e+00 4.12754e-03
2.07230e+00 4.17571e+00 2.93291e-03
2.07230e+00 4.23287e+00 2.06656e-03
2.07230e+00 4.28835e+00 1.44603e-03
2.07230e+00 4.34207e+00 1.00638e-03
2.07230e+00 4.39400e+00 6.97760e-04
2.07230e+00 4.44407e+00 4.82776e-04
2.07230e+00 4.49224e+00 3.33914e-04
2.07230e+00 4.53847e+00 2.31285e-04
2.07230e+00 4.58271e+00 1.60720e-04
2.07230e+00 4.62491e+00 1.12253e-04
2.07230e+00 4.66504e+00 7.89457e-05
2.07230e+00 4.70305e+00 5.60090e-05
2.07230e+00 4.73890e+00 4.01581e-05
2.07230e+00 4.77257e+00 2.91505e-05
2.07230e+00 4.80402e+00 2.14600e-05
2.07230e+00 4.83322e+00 1.60492e-05
2.07230e+00 4.86014e+00 1.22129e-05
2.07230e+00 4.88475e+00 9.47070e-06
2.07230e+00 4.90703e+00 7.49498e-06
2.07230e+00 4.92696e+00 6.06120e-06
2.07230e+00 4.94452e+00 5.01504e-06
2.07230e+00 4.95969e+00 4.25001e-06
2.07230e+00 4.97246e+00 3.69250e-06
2.07230e+00 4.98281e+00 3.29170e-06
2.07230e+00 4.99074e+00 3.01286e-06
2.07230e+00 4.99623e+00 2.83284e-06
2.07230e+00 4.99928e+00 2.73714e-06
2.14949e+00 7.15683e-04 6.59715e-01
2.14949e+00 3.77012e-03 6.59711e-01
2.14949e+00 9.26216e-03 6.59691e-01
2.14949e+00 1.71877e-02 6.59632e-01
2.14949e+00 2.75390e-02 6.59502e-01
2.14949e+00 4.03061e-02 6.59258e-01
2.14949e+00 5.54766e-02 6.58849e-01
2.14949e+00 7.30356e-02 6.58214e-01
2.14949e+00 9.29659e-02 6.57283e-01
2.14949e+00 1.15248e-01 6.55977e-01
2.14949e+00 1.39860e-01 6.54211e-01
2.14949e+00 1.66779e-01 6.51890e-01
2.14949e+00 1.95977e-01 6.48912e-01
2.14949e+00 2.27426e-01 6.45171e-01
2.14949e+00 2.61096e-01 6.40553e-01
2.14949e+00 2.96953e-01 6.34941e-01
2.14949e+00 3.34963e-01 6.28212e-01
2.14949e+00 3.75089e-01 6.20244e-01
2.14949e+00 4.17290e-01 6.10911e-01
2.14949e+00 4.61527e-01 6.00090e-01
2.14949e+00 5.07755e-01 5.87662e-01
2.14949e+00 5.55930e-01 5.73511e-01
2.14949e+00 6.06005e-01 5.57533e-01
2.14949e+00 6.57930e-01 5.39638e-01
2.14949e+00 7.11655e-01 5.19752e-01
2.14949e+00 7.67127e-01 4.97827e-01
2.14949e+00 8.24292e-01 4.73844e-01
2.14949e+00 8.83095e-01 4.47823e-01
2.14949e+00 9.43478e-01 4.19829e-01
2.14949e+00 1.00538e+00 3.89982e-01
2.14949e+00 1.06875e+00 3.58462e-01
2.14949e+00 1.13351e+00 3.25521e-01
2.14949e+00 1.19960e+00 2.91490e-01
2.14949e+00 1.26697e+00 2.56778e-01
2.14949e+00 1.33555e+00 2.21878e-01
2.14949e+00 1.40526e+00 1.87364e-01
2.14949e+00 1.47604e+00 1.53876e-01
2.14949e+00 1.54782e+00 1.22104e-01
2.14949e+00 1.62053e+00 9.27636e-02
2.14949e+00 1.69410e+00 6.65514e-02
2.14949e+00 1.76846e+00 4.41019e-02
2.14949e+00 1.84353e+00 2.59274e-02
2.14949e+00 1.91924e+00 1.23569e-02
2.14949e+00 1.99553e+00 3.47816e-03
2.14949e+00 2.07230e+00 -9.04462e-04
2.14949e+00 2.14949e+00 -1.27863e-03
2.14949e+00 2.22703e+00 1.61636e-03
2.14949e+00 2.30483e+00 6.88845e-03
2.14949e+00 2.38282e+00 1.36414e-02
2.14949e+00 2.46093e+00 2.11394e-02
2.14949e+00 2.53907e+00 2.89326e-02
2.14949e+00 2.61718e+00 3.68782e-02
2.14949e+00 2.69517e+00 4.50214e-02
2.14949e+00 2.77297e+00 5.33571e-02
2.14949e+00 2.85051e+00 6.15777e-02
2.14949e+00 2.92770e+00 6.89587e-02
2.14949e+00 3.00447e+00 7.44899e-02
2.14949e+00 3.08076e+00 7.72213e-02
2.14949e+00 3.15647e+00 7.66414e-02
2.14949e+00 3.23154e+00 7.28713e-02
2.14949e+00 3.30590e+00 6.65812e-02
2.14949e+00 3.37947e+00 5.87180e-02
2.14949e+00 3.45218e+00 5.02180e-02
2.14949e+00 3.52396e+00 4.18271e-02
2.14949e+00 3.59474e+00 3.40450e-02
2.14949e+00 3.66445e+00 2.71506e-02
2.14949e+00 3.73303e+00 2.12559e-02
2.14949e+00 3.80040e+00 1.63604e-02
2.14949e+00 3.86649e+00 1.23951e-02
2.14949e+00 3.93125e+00 9.25396e-03
2.14949e+00 3.99462e+00 6.81545e-03
2.14949e+00 4.05652e+00 4.95727e-03
2.14949e+00 4.11690e+00 3.56533e-03
2.14949e+00 4.17571e+00 2.53881e-03
2.14949e+00 4.23287e+00 1.79242e-03
2.14949e+00 4.28835e+00 1.25652e-03
2.14949e+00 4.34207e+00 8.75994e-04
2.14949e+00 4.39400e+00 6.08333e-04
2.14949e+00 4.44407e+00 4.21527e-04
2.14949e+00 4.49224e+00 2.91953e-04
2.14949e+00 4.53847e+00 2.02479e-04
2.14949e+00 4.58271e+00 1.40870e-04
2.14949e+00 4.62491e+00 9.84967e-05
2.14949e+00 4.66504e+00 6.93413e-05
2.14949e+00 4.70305e+00 4.92409e-05
2.14949e+00 4.73890e+00 3.53355e-05
2.14949e+00 4.77257e+00 2.56699e-05
2.14949e+00 4.80402e+00 1.89112e-05
2.14949e+00 4.83322e+00 1.41523e-05
2.14949e+00 4.86014e+00 1.07757e-05
2.14949e+00 4.88475e+00 8.36063e-06
2.14949e+00 4.90703e+00 6.61959e-06
2.14949e+00 4.92696e+00 5.35549e-06
2.14949e+00 4.94452e+00 4.43273e-06
2.14949e+00 4.95969e+00 3.75769e-06
2.14949e+00 4.97246e+00 3.26560e-06
2.14949e+00 4.98281e+00 2.91173e-06
2.14949e+00 4.99074e+00 2.66550e-06
2.14949e+00 4.99623e+00 2.50651e-06
2.14949e+00 4.99928e+00 2.42198e-06
2.22703e+00 7.15683e-04 7.26660e-01
2.22703e+00 3.77012e-03 7.26656e-01
2.22703e+00 9.26216e-03 7.26636e-01
2.22703e+00 1.71877e-02 7.26576e-01
2.22703e+00 2.75390e-02 7.26444e-01
2.22703e+00 4.03061e-02 7.26198e-01
2.22703e+00 5.54766e-02 7.25784e-01
2.22703e+00 7.30356e-02 7.25141e-01
2.22703e+00 9.29659e-02 7.24198e-01
2.22703e+00 1.15248e-01 7.22877e-01
2.22703e+00 1.39860e-01 7.21089e-01
2.22703e+00 1.66779e-01 7.18738e-01
2.22703e+00 1.95977e-01 7.15723e-01
2.22703e+00 2.27426e-01 7.11933e-01
2.22703e+00 2.61096e-01 7.07253e-01
2.22703e+00 2.96953e-01 7.01564e-01
2.22703e+00 3.34963e-01 6.94740e-01
2.22703e+00 3.75089e-01 6.86654e-01
2.22703e+00 4.17290e-01 6.77177e-01
2.22703e+00 4.61527e-01 6.66180e-01
2.22703e+00 5.07755e-01 6.53537e-01
2.22703e+00 5.55930e-01 6.39127e-01
2.22703e+00 6.06005e-01 6.22836e-01
2.22703e+00 6.57930e-01 6.04562e-01
2.22703e+00 7.11655e-01 5.84221e-01
2.22703e+00 7.67127e-01 5.61749e-01
2.22703e+00 8.24292e-01 5.37113e-01
2.22703e+00 8.83095e-01 5.10312e-01
2.22703e+00 9.43478e-01 4.81391e-01
2.22703e+00 1.00538e+00 4.50445e-01
2.22703e+00 1.06875e+00 4.17629e-01
2.22703e+00 1.13351e+00 3.83169e-01
2.22703e+00 1.19960e+00 3.47363e-01
2.22703e+00 1.26697e+00 3.10591e-01
2.22703e+00 1.33555e+00 2.73318e-01
2.22703e+00 1.40526e+00 2.36086e-01
2.22703e+00 1.47604e+00 1.99511e-01
2.22703e+00 1.54782e+00 1.64265e-01
2.22703e+00 1.62053e+00 1.31051e-01
2.22703e+00 1.69410e+00 1.00569e-01
2.22703e+00 1.76846e+00 7.34718e-02
2.22703e+00 1.84353e+00 5.03123e-02
2.22703e+00 1.91924e+00 3.14873e-02
2.22703e+00 1.99553e+00 1.71832e-02
2.22703e+00 2.07230e+00 7.33583e-03
2.22703e+00 2.14949e+00 1.61636e-03
2.22703e+00 2.22703e+00 -5.40605e-04
2.22703e+00 2.30483e+00 1.42140e-04
2.22703e+00 2.38282e+00 2.90982e-03
2.22703e+00 2.46093e+00 7.12019e-03
2.22703e+00 2.53907e+00 1.23569e-02
2.22703e+00 2.61718e+00 1.84527e-02
2.22703e+00 2.69517e+00 2.53864e-02
2.22703e+00 2.77297e+00 3.30711e-02
2.22703e+00 2.85051e+00 4.11309e-02
2.22703e+00 2.92770e+00 4.88018e-02
2.22703e+00 3.00447e+00 5.50577e-02
2.22703e+00 3.08076e+00 5.89309e-02
2.22703e+00 3.15647e+00 5.98629e-02
2.22703e+00 3.23154e+00 5.78853e-02
2.22703e+00 3.30590e+00 5.35461e-02
2.22703e+00 3.37947e+00 4.76628e-02
2.22703e+00 3.45218e+00 4.10597e-02
2.22703e+00 3.52396e+00 3.44020e-02
2.22703e+00 3.59474e+00 2.81433e-02
2.22703e+00 3.66445e+00 2.25449e-02
2.22703e+00 3.73303e+00 1.77222e-02
2.22703e+00 3.80040e+00 1.36921e-02
2.22703e+00 3.86649e+00 1.04099e-02
2.22703e+00 3.93125e+00 7.79733e-03
2.22703e+00 3.99462e+00 5.76023e-03
2.22703e+00 4.05652e+00 4.20172e-03
2.22703e+00 4.11690e+00 3.02997e-03
2.22703e+00 4.17571e+00 2.16293e-03
2.22703e+00 4.23287e+00 1.53057e-03
2.22703e+00 4.28835e+00 1.07526e-03
2.22703e+00 4.34207e+00 7.51116e-04
2.22703e+00 4.39400e+00 5.22574e-04
2.22703e+00 4.44407e+00 3.62723e-04
2.22703e+00 4.49224e+00 2.51624e-04
2.22703e+00 4.53847e+00 1.74766e-04
2.22703e+00 4.58271e+00 1.21754e-04
2.22703e+00 4.62491e+00 8.52372e-05
2.22703e+00 4.66504e+00 6.00759e-05
2.22703e+00 4.70305e+00 4.27066e-05
2.22703e+00 4.73890e+00 3.06764e-05
2.22703e+00 4.77257e+00 2.23051e-05
2.22703e+00 4.80402e+00 1.64457e-05
2.22703e+00 4.83322e+00 1.23163e-05
2.22703e+00 4.86014e+00 9.38398e-06
2.22703e+00 4.88475e+00 7.28519e-06
2.22703e+00 4.90703e+00 5.77117e-06
2.22703e+00 4.92696e+00 4.67128e-06
2.22703e+00 4.94452e+00 3.86798e-06
2.22703e+00 4.95969e+00 3.28008e-06
2.22703e+00 4.97246e+00 2.85136e-06
2.22703e+00 4.98281e+00 2.54298e-06
2.22703e+00 4.99074e+00 2.32835e-06
2.22703e+00 4.99623e+00 2.18973e-06
2.22703e+00 4.99928e+00 2.11603e-06
2.30483e+00 7.15683e-04 7.80952e-01
2.30483e+00 3.77012e-03 7.80948e-01
2.30483e+00 9.26216e-03 7.80927e-01
2.30483e+00 1.71877e-02 7.80868e-01
2.30483e+00 2.75390e-02 7.80736e-01
2.30483e+00 4.03061e-02 7.80490e-01
2.30483e+00 5.54766e-02 7.80077e-01
2.30483e+00 7.30356e-02 7.79436e-01
2.30483e+00 9.29659e-02 7.78495e-01
2.30483e+00 1.15248e-01 7.77177e-01
2.30483e+00 1.39860e-01 7.75392e-01
2.30483e+00 1.66779e-01 7.73046e-01
2.30483e+00 1.95977e-01 7.70035e-01
2.30483e+00 2.27426e-01 7.66251e-01
2.30483e+00 2.61096e-01 7.61577e-01
2.30483e+00 2.96953e-01 7.55893e-01
2.30483e+00 3.34963e-01 7.49071e-01
2.30483e+00 3.75089e-01 7.40984e-01
2.30483e+00 4.17290e-01 7.31501e-01
2.30483e+00 4.61527e-01 7.20488e-01
2.30483e+00 5.07755e-01 7.07817e-01
2.30483e+00 5.55930e-01 6.93359e-01
2.30483e+00 6.06005e-01 6.76996e-01
2.30483e+00 6.57930e-01 6.58616e-01
2.30483e+00 7.11655e-01 6.38126e-01
2.30483e+00 7.67127e-01 6.15450e-01
2.30483e+00 8.24292e-01 5.90539e-01
2.30483e+00 8.83095e-01 5.63375e-01
2.30483e+00 9.43478e-01 5.33983e-01
2.30483e+00 1.00538e+00 5.02436e-01
2.30483e+00 1.06875e+00 4.68863e-01
2.30483e+00 1.13351e+00 4.33459e-01
2.30483e+00 1.19960e+00 3.96493e-01
2.30483e+00 1.26697e+00 3.58313e-01
2.30483e+00 1.33555e+00 3.19349e-01
2.30483e+00 1.40526e+00 2.80111e-01
2.30483e+00 1.47604e+00 2.41185e-01
2.30483e+00 1.54782e+00 2.03217e-01
2.30483e+00 1.62053e+00 1.66894e-01
2.30483e+00 1.69410e+00 1.32909e-01
2.30483e+00 1.76846e+00 1.01924e-01
2.30483e+00 1.84353e+00 7.45239e-02
2.30483e+00 1.91924e+00 5.11601e-02
2.30483e+00 1.99553e+00 3.21043e-02
2.30483e+00 2.07230e+00 1.74085e-02
2.30483e+00 2.14949e+00 6.88845e-03
2.30483e+00 2.22703e+00 1.42140e-04
2.30483e+00 2.30483e+00 -3.38893e-03
2.30483e+00 2.38282e+00 -4.31814e-03
2.30483e+00 2.46093e+00 -3.19280e-03
2.30483e+00 2.53907e+00 -3.95987e-04
2.30483e+00 2.61718e+00 3.87712e-03
2.30483e+00 2.69517e+00 9.53376e-03
2.30483e+00 2.77297e+00 1.64042e-02
2.30483e+00 2.85051e+00 2.40511e-02
2.30483e+00 2.92770e+00 3.16887e-02
2.30483e+00 3.00447e+00 3.83013e-02
2.30483e+00 3.08076e+00 4.29336e-02
2.30483e+00 3.15647e+00 4.50066e-02
2.30483e+00 3.23154e+00 4.44807e-02
2.30483e+00 3.30590e+00 4.17914e-02
2.30483e+00 3.37947e+00 3.76293e-02
2.30483e+00 3.45218e+00 3.27051e-02
2.30483e+00 3.52396e+00 2.76004e-02
2.30483e+00 3.59474e+00 2.27182e-02
2.30483e+00 3.66445e+00 1.82981e-02
2.30483e+00 3.73303e+00 1.44550e-02
2.30483e+00 3.80040e+00 1.12186e-02
2.30483e+00 3.86649e+00 8.56543e-03
2.30483e+00 3.93125e+00 6.44093e-03
2.30483e+00 3.99462e+00 4.77558e-03
2.30483e+00 4.05652e+00 3.49530e-03
2.30483e+00 4.11690e+00 2.52850e-03
2.30483e+00 4.17571e+00 1.81025e-03
2.30483e+00 4.23287e+00 1.28447e-03
2.30483e+00 4.28835e+00 9.04638e-04
2.30483e+00 4.34207e+00 6.33401e-04
2.30483e+00 4.39400e+00 4.41625e-04
2.30483e+00 4.44407e+00 3.07146e-04
2.30483e+00 4.49224e+00 2.13462e-04
2.30483e+00 4.53847e+00 1.48512e-04
2.30483e+00 4.58271e+00 1.03626e-04
2.30483e+00 4.62491e+00 7.26512e-05
2.30483e+00 4.66504e+00 5.12732e-05
2.30483e+00 4.70305e+00 3.64935e-05
2.30483e+00 4.73890e+00 2.62428e-05
2.30483e+00 4.77257e+00 1.91009e-05
2.30483e+00 4.80402e+00 1.40963e-05
2.30483e+00 4.83322e+00 1.05657e-05
2.30483e+00 4.86014e+00 8.05631e-06
2.30483e+00 4.88475e+00 6.25873e-06
2.30483e+00 4.90703e+00 4.96104e-06
2.30483e+00 4.92696e+00 4.01769e-06
2.30483e+00 4.94452e+00 3.32833e-06
2.30483e+00 4.95969e+00 2.82357e-06
2.30483e+00 4.97246e+00 2.45533e-06
2.30483e+00 4.98281e+00 2.19036e-06
2.30483e+00 4.99074e+00 2.00589e-06
2.30483e+00 4.99623e+00 1.88673e-06
2.30483e+00 4.99928e+00 1.82337e-06
2.38282e+00 7.15683e-04 8.20646e-01
2.38282e+00 3.77012e-03 8.20642e-01
2.38282e+00 9.26216e-03 8.20622e-01
2.38282e+00 1.71877e-02 8.20564e-01
2.38282e+00 2.75390e-02 8.20434e-01
2.38282e+00 4.03061e-02 8.20192e-01
2.38282e+00 5.54766e-02 8.19786e-01
2.38282e+00 7.30356e-02 8.19155e-01
2.38282e+00 9.29659e-02 8.18230e-01
2.38282e+00 1.15248e-01 8.16933e-01
2.38282e+00 1.39860e-01 8.15177e-01
2.38282e+00 1.66779e-01 8.12869e-01
2.38282e+00 1.95977e-01 8.09907e-01
2.38282e+00 2.27426e-01 8.06182e-01
2.38282e+00 2.61096e-01 8.01581e-01
2.38282e+00 2.96953e-01 7.95982e-01
2.38282e+00 3.34963e-01 7.89262e-01
2.38282e+00 3.75089e-01 7.81291e-01
2.38282e+00 4.17290e-01 7.71937e-01
2.38282e+00 4.61527e-01 7.61069e-01
2.38282e+00 5.07755e-01 7.48554e-01
2.38282e+00 5.55930e-01 7.34262e-01
2.38282e+00 6.06005e-01 7.18068e-01
2.38282e+00 6.57930e-01 6.99857e-01
2.38282e+00 7.11655e-01 6.79527e-01
2.38282e+00 7.67127e-01 6.56991e-01
2.38282e+00 8.24292e-01 6.32189e-01
2.38282e+00 8.83095e-01 6.05086e-01
2.38282e+00 9.43478e-01 5.75690e-01
2.38282e+00 1.00538e+00 5.44050e-01
2.38282e+00 1.06875e+00 5.10272e-01
2.38282e+00 1.13351e+00 4.74520e-01
2.38282e+00 1.19960e+00 4.37033e-01
2.38282e+00 1.26697e+00 3.98124e-01
2.38282e+00 1.33555e+00 3.58187e-01
2.38282e+00 1.40526e+00 3.17695e-01
2.38282e+00 1.47604e+00 2.77199e-01
2.38282e+00 1.54782e+00 2.37316e-01
2.38282e+00 1.62053e+00 1.98707e-01
2.38282e+00 1.69410e+00 1.62052e-01
2.38282e+00 1.76846e+00 1.28017e-01
2.38282e+00 1.84353e+00 9.72052e-02
2.38282e+00 1.91924e+00 7.01146e-02
2.38282e+00 1.99553e+00 4.70893e-02
2.38282e+00 2.07230e+00 2.82833e-02
2.38282e+00 2.14949e+00 1.36414e-02
2.38282e+00 2.22703e+00 2.90982e-03
2.38282e+00 2.30483e+00 -4.31814e-03
2.38282e+00 2.38282e+00 -8.52282e-03
2.38282e+00 2.46093e+00 -1.01611e-02
2.38282e+00 2.53907e+00 -9.58569e-03
2.38282e+00 2.61718e+00 -7.02271e-03
2.38282e+00 2.69517e+00 -2.63867e-03
2.38282e+00 2.77297e+00 3.31501e-03
2.38282e+00 2.85051e+00 1.03479e-02
2.38282e+00 2.92770e+00 1.76708e-02
2.38282e+00 3.00447e+00 2.43041e-02
2.38282e+00 3.08076e+00 2.93343e-02
2.38282e+00 3.15647e+00 3.21882e-02
2.38282e+00 3.23154e+00 3.27747e-02
2.38282e+00 3.30590e+00 3.14285e-02
2.38282e+00 3.37947e+00 2.87181e-02
2.38282e+00 3.45218e+00 2.52417e-02
2.38282e+00 3.52396e+00 2.14956e-02
2.38282e+00 3.59474e+00 1.78297e-02
2.38282e+00 3.66445e+00 1.44582e-02
2.38282e+00 3.73303e+00 1.14917e-02
2.38282e+00 3.80040e+00 8.96893e-03
2.38282e+00 3.86649e+00 6.88334e-03
2.38282e+00 3.93125e+00 5.20092e-03
2.38282e+00 3.99462e+00 3.87334e-03
2.38282e+00 4.05652e+00 2.84661e-03
2.38282e+00 4.11690e+00 2.06707e-03
2.38282e+00 4.17571e+00 1.48509e-03
2.38282e+00 4.23287e+00 1.05717e-03
2.38282e+00 4.28835e+00 7.46781e-04
2.38282e+00 4.34207e+00 5.24318e-04
2.38282e+00 4.39400e+00 3.66500e-04
2.38282e+00 4.44407e+00 2.55496e-04
2.38282e+00 4.49224e+00 1.77949e-04
2.38282e+00 4.53847e+00 1.24052e-04
2.38282e+00 4.58271e+00 8.67170e-05
2.38282e+00 4.62491e+00 6.08989e-05
2.38282e+00 4.66504e+00 4.30455e-05
2.38282e+00 4.70305e+00 3.06809e-05
2.38282e+00 4.73890e+00 2.20914e-05
2.38282e+00 4.77257e+00 1.60983e-05
2.38282e+00 4.80402e+00 1.18932e-05
2.38282e+00 4.83322e+00 8.92307e-06
2.38282e+00 4.86014e+00 6.80978e-06
2.38282e+00 4.88475e+00 5.29448e-06
2.38282e+00 4.90703e+00 4.19964e-06
2.38282e+00 4.92696e+00 3.40316e-06
2.38282e+00 4.94452e+00 2.82074e-06
2.38282e+00 4.95969e+00 2.39405e-06
2.38282e+00 4.97246e+00 2.08261e-06
2.38282e+00 4.98281e+00 1.85842e-06
2.38282e+00 4.99074e+00 1.70230e-06
2.38282e+00 4.99623e+00 1.60143e-06
2.38282e+00 4.99928e+00 1.54779e-06
2.46093e+00 7.15683e-04 8.44551e-01
2.46093e+00 3.77012e-03 8.44547e-01
2.46093e+00 9.26216e-03 8.44528e-01
2.46093e+00 1.71877e-02 8.44471e-01
2.46093e+00 2.75390e-02 8.44345e-01
2.46093e+00 4.03061e-02 8.44111e-01
2.46093e+00 5.54766e-02 8.43717e-01
2.46093e+00 7.30356e-02 8.43105e-01
2.46093e+00 9.29659e-02 8.42209e-01
2.46093e+00 1.15248e-01 8.40951e-01
2.46093e+00 1.39860e-01 8.39248e-01
2.46093e+00 1.66779e-01 8.37010e-01
2.46093e+00 1.95977e-01 8.34137e-01
2.46093e+00 2.27426e-01 8.30523e-01
2.46093e+00 2.61096e-01 8.26058e-01
2.46093e+00 2.96953e-01 8.20624e-01
2.46093e+00 3.34963e-01 8.14099e-01
2.46093e+00 3.75089e-01 8.06355e-01
2.46093e+00 4.17290e-01 7.97265e-01
2.46093e+00 4.61527e-01 7.86695e-01
2.46093e+00 5.07755e-01 7.74514e-01
2.46093e+00 5.55930e-01 7.60593e-01
2.46093e+00 6.06005e-01 7.44803e-01
2.46093e+00 6.57930e-01 7.27028e-01
2.46093e+00 7.11655e-01 7.07157e-01
2.46093e+00 7.67127e-01 6.85098e-01
2.46093e+00 8.24292e-01 6.60780e-01
2.46093e+00 8.83095e-01 6.34155e-01
2.46093e+00 9.43478e-01 6.05213e-01
2.46093e+00 1.00538e+00 5.73984e-01
2.46093e+00 1.06875e+00 5.40549e-01
2.46093e+00 1.13351e+00 5.05045e-01
2.46093e+00 1.19960e+00 4.67678e-01
2.46093e+00 1.26697e+00 4.28725e-01
2.46093e+00 1.33555e+00 3.88542e-01
2.46093e+00 1.40526e+00 3.47564e-01
2.46093e+00 1.47604e+00 3.06304e-01
2.46093e+00 1.54782e+00 2.65340e-01
2.46093e+00 1.62053e+00 2.25304e-01
2.46093e+00 1.69410e+00 1.86857e-01
2.46093e+00 1.76846e+00 1.50656e-01
2.46093e+00 1.84353e+00 1.17319e-01
2.46093e+00 1.91924e+00 8.73769e-02
2.46093e+00 1.99553e+00 6.12356e-02
2.46093e+00 2.07230e+00 3.91370e-02
2.46093e+00 2.14949e+00 2.11394e-02
2.46093e+00 2.22703e+00 7.12019e-03
2.46093e+00 2.30483e+00 -3.19280e-03
2.46093e+00 2.38282e+00 -1.01611e-02
2.46093e+00 2.46093e+00 -1.41613e-02
2.46093e+00 2.53907e+00 -1.55209e-02
2.46093e+00 2.61718e+00 -1.44986e-02
2.46093e+00 2.69517e+00 -1.13332e-02
2.46093e+00 2.77297e+00 -6.35235e-03
2.46093e+00 2.85051e+00 -8.82423e-05
2.46093e+00 2.92770e+00 6.68383e-03
2.46093e+00 3.00447e+00 1.30443e-02
2.46093e+00 3.08076e+00 1.81467e-02
2.46093e+00 3.15647e+00 2.14476e-02
2.46093e+00 3.23154e+00 2.28231e-02
2.46093e+00 3.30590e+00 2.25197e-02
2.46093e+00 3.37947e+00 2.09915e-02
2.46093e+00 3.45218e+00 1.87271e-02
2.46093e+00 3.52396e+00 1.61382e-02
2.46093e+00 3.59474e+00 1.35203e-02
2.46093e+00 3.66445e+00 1.10600e-02
2.46093e+00 3.73303e+00 8.85999e-03
2.46093e+00 3.80040e+00 6.96463e-03
2.46093e+00 3.86649e+00 5.38028e-03
2.46093e+00 3.93125e+00 4.08981e-03
2.46093e+00 3.99462e+00 3.06277e-03
2.46093e+00 4.05652e+00 2.26240e-03
2.46093e+00 4.11690e+00 1.65055e-03
2.46093e+00 4.17571e+00 1.19095e-03
2.46093e+00 4.23287e+00 8.51135e-04
2.46093e+00 4.28835e+00 6.03422e-04
2.46093e+00 4.34207e+00 4.25077e-04
2.46093e+00 4.39400e+00 2.98039e-04
2.46093e+00 4.44407e+00 2.08354e-04
2.46093e+00 4.49224e+00 1.45490e-04
2.46093e+00 4.53847e+00 1.01664e-04
2.46093e+00 4.58271e+00 7.12210e-05
2.46093e+00 4.62491e+00 5.01160e-05
2.46093e+00 4.66504e+00 3.54883e-05
2.46093e+00 4.70305e+00 2.53365e-05
2.46093e+00 4.73890e+00 1.82710e-05
2.46093e+00 4.77257e+00 1.33327e-05
2.46093e+00 4.80402e+00 9.86235e-06
2.46093e+00 4.83322e+00 7.40778e-06
2.46093e+00 4.86014e+00 5.65913e-06
2.46093e+00 4.88475e+00 4.40388e-06
2.46093e+00 4.90703e+00 3.49604e-06
2.46093e+00 4.92696e+00 2.83501e-06
2.46093e+00 4.94452e+00 2.35127e-06
2.46093e+00 4.95969e+00 1.99664e-06
2.46093e+00 4.97246e+00 1.73766e-06
2.46093e+00 4.98281e+00 1.55115e-06
2.46093e+00 4.99074e+00 1.42122e-06
2.46093e+00 4.99623e+00 1.33725e-06
2.46093e+00 4.99928e+00 1.29259e-06
2.53907e+00 7.15683e-04 8.52427e-01
2.53907e+00 3.77012e-03 8.52424e-01
2.53907e+00 9.26216e-03 8.52405e-01
2.53907e+00 1.71877e-02 8.52351e-01
2.53907e+00 2.75390e-02 8.52231e-01
2.53907e+00 4.03061e-02 8.52007e-01
2.53907e+00 5.54766e-02 8.51630e-01
2.53907e+00 7.30356e-02 8.51046e-01
2.53907e+00 9.29659e-02 8.50189e-01
2.53907e+00 1.15248e-01 8.48988e-01
2.53907e+00 1.39860e-01 8.47361e-01
2.53907e+00 1.66779e-01 8.45221e-01
2.53907e+00 1.95977e-01 8.42475e-01
2.53907e+00 2.27426e-01 8.39020e-01
2.53907e+00 2.61096e-01 8.34751e-01
2.53907e+00 2.96953e-01 8.29553e-01
2.53907e+00 3.34963e-01 8.23309e-01
2.53907e+00 3.75089e-01 8.15896e-01
2.53907e+00 4.17290e-01 8.07190e-01
2.53907e+00 4.61527e-01 7.97061e-01
2.53907e+00 5.07755e-01 7.85380e-01
2.53907e+00 5.55930e-01 7.72019e-01
2.53907e+00 6.06005e-01 7.56853e-01
2.53907e+00 6.57930e-01 7.39760e-01
2.53907e+00 7.11655e-01 7.20629e-01
2.53907e+00 7.67127e-01 6.99363e-01
2.53907e+00 8.24292e-01 6.75881e-01
2.53907e+00 8.83095e-01 6.50127e-01
2.53907e+00 9.43478e-01 6.22074e-01
2.53907e+00 1.00538e+00 5.91736e-01
2.53907e+00 1.06875e+00 5.59169e-01
2.53907e+00 1.13351e+00 5.24484e-01
2.53907e+00 1.19960e+00 4.87856e-01
2.53907e+00 1.26697e+00 4.49526e-01
2.53907e+00 1.33555e+00 4.09812e-01
2.53907e+00 1.40526e+00 3.69106e-01
2.53907e+00 1.47604e+00 3.27878e-01
2.53907e+00 1.54782e+00 2.86668e-01
2.53907e+00 1.62053e+00 2.46070e-01
2.53907e+00 1.69410e+00 2.06718e-01
2.53907e+00 1.76846e+00 1.69254e-01
2.53907e+00 1.84353e+00 1.34298e-01
2.53907e+00 1.91924e+00 1.02406e-01
2.53907e+00 1.99553e+00 7.40298e-02
2.53907e+00 2.07230e+00 4.94870e-02
2.53907e+00 2.14949e+00 2.89326e-02
2.53907e+00 2.22703e+00 1.23569e-02
2.53907e+00 2.30483e+00 -3.95987e-04
2.53907e+00 2.38282e+00 -9.58569e-03
2.53907e+00 2.46093e+00 -1.55209e-02
2.53907e+00 2.53907e+00 -1.85099e-02
2.53907e+00 2.61718e+00 -1.88434e-02
2.53907e+00 2.69517e+00 -1.68254e-02
2.53907e+00 2.77297e+00 -1.28490e-02
2.53907e+00 2.85051e+00 -7.47393e-03
2.53907e+00 2.92770e+00 -1.44458e-03
2.53907e+00 3.00447e+00 4.39793e-03
2.53907e+00 3.08076e+00 9.29358e-03
2.53907e+00 3.15647e+00 1.27468e-02
2.53907e+00 3.23154e+00 1.46171e-02
2.53907e+00 3.30590e+00 1.50751e-02
2.53907e+00 3.37947e+00 1.44695e-02
2.53907e+00 3.45218e+00 1.31854e-02
2.53907e+00 3.52396e+00 1.15526e-02
2.53907e+00 3.59474e+00 9.81264e-03
2.53907e+00 3.66445e+00 8.12314e-03
2.53907e+00 3.73303e+00 6.57647e-03
2.53907e+00 3.80040e+00 5.21908e-03
2.53907e+00 3.86649e+00 4.06679e-03
2.53907e+00 3.93125e+00 3.11575e-03
2.53907e+00 3.99462e+00 2.35007e-03
2.53907e+00 4.05652e+00 1.74729e-03
2.53907e+00 4.11690e+00 1.28233e-03
2.53907e+00 4.17571e+00 9.30279e-04
2.53907e+00 4.23287e+00 6.68129e-04
2.53907e+00 4.28835e+00 4.75812e-04
2.53907e+00 4.34207e+00 3.36561e-04
2.53907e+00 4.39400e+00 2.36863e-04
2.53907e+00 4.44407e+00 1.66154e-04
2.53907e+00 4.49224e+00 1.16386e-04
2.53907e+00 4.53847e+00 8.15592e-05
2.53907e+00 4.58271e+00 5.72861e-05
2.53907e+00 4.62491e+00 4.04065e-05
2.53907e+00 4.66504e+00 2.86751e-05
2.53907e+00 4.70305e+00 2.05129e-05
2.53907e+00 4.73890e+00 1.48192e-05
2.53907e+00 4.77257e+00 1.08316e-05
2.53907e+00 4.80402e+00 8.02415e-06
2.53907e+00 4.83322e+00 6.03514e-06
2.53907e+00 4.86014e+00 4.61605e-06
2.53907e+00 4.88475e+00 3.59602e-06
2.53907e+00 4.90703e+00 2.85742e-06
2.53907e+00 4.92696e+00 2.31907e-06
2.53907e+00 4.94452e+00 1.92476e-06
2.53907e+00 4.95969e+00 1.63546e-06
2.53907e+00 4.97246e+00 1.42405e-06
2.53907e+00 4.98281e+00 1.27172e-06
2.53907e+00 4.99074e+00 1.16556e-06
2.53907e+00 4.99623e+00 1.09693e-06
2.53907e+00 4.99928e+00 1.06042e-06
2.61718e+00 7.15683e-04 8.45028e-01
2.61718e+00 3.77012e-03 8.45025e-01
2.61718e+00 9.26216e-03 8.45007e-01
2.61718e+00 1.71877e-02 8.44956e-01
2.61718e+00 2.75390e-02 8.44844e-01
2.61718e+00 4.03061e-02 8.44632e-01
2.61718e+00 5.54766e-02 8.44278e-01
2.61718e+00 7.30356e-02 8.43728e-01
2.61718e+00 9.29659e-02 8.42921e-01
2.61718e+00 1.15248e-01 8.41790e-01
2.61718e+00 1.39860e-01 8.40258e-01
2.61718e+00 1.66779e-01 8.38243e-01
2.61718e+00 1.95977e-01 8.35657e-01
2.61718e+00 2.27426e-01 8.32403e-01
2.61718e+00 2.61096e-01 8.28379e-01
2.61718e+00 2.96953e-01 8.23480e-01
2.61718e+00 3.34963e-01 8.17594e-01
2.61718e+00 3.75089e-01 8.10603e-01
2.61718e+00 4.17290e-01 8.02387e-01
2.61718e+00 4.61527e-01 7.92824e-01
2.61718e+00 5.07755e-01 7.81789e-01
2.61718e+00 5.55930e-01 7.69158e-01
2.61718e+00 6.06005e-01 7.54806e-01
2.61718e+00 6.57930e-01 7.38616e-01
2.61718e+00 7.11655e-01 7.20475e-01
2.61718e+00 7.67127e-01 7.00284e-01
2.61718e+00 8.24292e-01 6.77955e-01
2.61718e+00 8.83095e-01 6.53426e-01
2.61718e+00 9.43478e-01 6.26658e-01
2.61718e+00 1.00538e+00 5.97646e-01
2.61718e+00 1.06875e+00 5.66429e-01
2.61718e+00 1.13351e+00 5.33091e-01
2.61718e+00 1.19960e+00 4.97778e-01
2.61718e+00 1.26697e+00 4.60695e-01
2.61718e+00 1.33555e+00 4.22119e-01
2.61718e+00 1.40526e+00 3.82403e-01
2.61718e+00 1.47604e+00 3.41970e-01
2.61718e+00 1.54782e+00 3.01315e-01
2.61718e+00 1.62053e+00 2.60991e-01
2.61718e+00 1.69410e+00 2.21598e-01
2.61718e+00 1.76846e+00 1.83754e-01
2.61718e+00 1.84353e+00 1.48070e-01
2.61718e+00 1.91924e+00 1.15112e-01
2.61718e+00 1.99553e+00 8.53675e-02
2.61718e+00 2.07230e+00 5.92114e-02
2.61718e+00 2.14949e+00 3.68782e-02
2.61718e+00 2.22703e+00 1.84527e-02
2.61718e+00 2.30483e+00 3.87712e-03
2.61718e+00 2.38282e+00 -7.02271e-03
2.61718e+00 2.46093e+00 -1.44986e-02
2.61718e+00 2.53907e+00 -1.88434e-02
2.61718e+00 2.61718e+00 -2.03740e-02
2.61718e+00 2.69517e+00 -1.94473e-02
2.61718e+00 2.77297e+00 -1.65049e-02
2.61718e+00 2.85051e+00 -1.21168e-02
2.61718e+00 2.92770e+00 -6.98182e-03
2.61718e+00 3.00447e+00 -1.85046e-03
2.61718e+00 3.08076e+00 2.61418e-03
2.61718e+00 3.15647e+00 5.97501e-03
2.61718e+00 3.23154e+00 8.08572e-03
2.61718e+00 3.30590e+00 9.05295e-03
2.61718e+00 3.37947e+00 9.13026e-03
2.61718e+00 3.45218e+00 8.60708e-03
2.61718e+00 3.52396e+00 7.73654e-03
2.61718e+00 3.59474e+00 6.70846e-03
2.61718e+00 3.66445e+00 5.65136e-03
2.61718e+00 3.73303e+00 4.64552e-03
2.61718e+00 3.80040e+00 3.73667e-03
2.61718e+00 3.86649e+00 2.94687e-03
2.61718e+00 3.93125e+00 2.28216e-03
2.61718e+00 3.99462e+00 1.73803e-03
2.61718e+00 4.05652e+00 1.30350e-03
2.61718e+00 4.11690e+00 9.64143e-04
2.61718e+00 4.17571e+00 7.04388e-04
2.61718e+00 4.23287e+00 5.09119e-04
2.61718e+00 4.28835e+00 3.64662e-04
2.61718e+00 4.34207e+00 2.59285e-04
2.61718e+00 4.39400e+00 1.83340e-04
2.61718e+00 4.44407e+00 1.29160e-04
2.61718e+00 4.49224e+00 9.08246e-05
2.61718e+00 4.53847e+00 6.38718e-05
2.61718e+00 4.58271e+00 4.50068e-05
2.61718e+00 4.62491e+00 3.18380e-05
2.61718e+00 4.66504e+00 2.26542e-05
2.61718e+00 4.70305e+00 1.62448e-05
2.61718e+00 4.73890e+00 1.17615e-05
2.61718e+00 4.77257e+00 8.61361e-06
2.61718e+00 4.80402e+00 6.39241e-06
2.61718e+00 4.83322e+00 4.81559e-06
2.61718e+00 4.86014e+00 3.68855e-06
2.61718e+00 4.88475e+00 2.87715e-06
2.61718e+00 4.90703e+00 2.28879e-06
2.61718e+00 4.92696e+00 1.85941e-06
2.61718e+00 4.94452e+00 1.54458e-06
2.61718e+00 4.95969e+00 1.31338e-06
2.61718e+00 4.97246e+00 1.14430e-06
2.61718e+00 4.98281e+00 1.02239e-06
2.61718e+00 4.99074e+00 9.37385e-07
2.61718e+00 4.99623e+00 8.82414e-07
2.61718e+00 4.99928e+00 8.53164e-07
2.69517e+00 7.15683e-04 8.23908e-01
2.69517e+00 3.77012e-03 8.23905e-01
2.69517e+00 9.26216e-03 8.23889e-01
2.69517e+00 1.71877e-02 8.23842e-01
2.69517e+00 2.75390e-02 8.23737e-01
2.69517e+00 4.03061e-02 8.23541e-01
2.69517e+00 5.54766e-02 8.23213e-01
2.69517e+00 7.30356e-02 8.22703e-01
2.69517e+00 9.29659e-02 8.21954e-01
2.69517e+00 1.15248e-01 8.20905e-01
2.69517e+00 1.39860e-01 8.19484e-01
2.69517e+00 1.66779e-01 8.17615e-01
2.69517e+00 1.95977e-01 8.15215e-01
2.69517e+00 2.27426e-01 8.12195e-01
2.69517e+00 2.61096e-01 8.08460e-01
2.69517e+00 2.96953e-01 8.03912e-01
2.69517e+00 3.34963e-01 7.98444e-01
2.69517e+00 3.75089e-01 7.91949e-01
2.69517e+00 4.17290e-01 7.84313e-01
2.69517e+00 4.61527e-01 7.75419e-01
2.69517e+00 5.07755e-01 7.65151e-01
2.69517e+00 5.55930e-01 7.53388e-01
2.69517e+00 6.06005e-01 7.40012e-01
2.69517e+00 6.57930e-01 7.24909e-01
2.69517e+00 7.11655e-01 7.07969e-01
2.69517e+00 7.67127e-01 6.89090e-01
2.69517e+00 8.24292e-01 6.68185e-01
2.69517e+00 8.83095e-01 6.45183e-01
2.69517e+00 9.43478e-01 6.20038e-01
2.69517e+00 1.00538e+00 5.92731e-01
2.69517e+00 1.06875e+00 5.63283e-01
2.69517e+00 1.13351e+00 5.31756e-01
2.69517e+00 1.19960e+00 4.98265e-01
2.69517e+00 1.26697e+00 4.62985e-01
2.69517e+00 1.33555e+00 4.26153e-01
2.69517e+00 1.40526e+00 3.88076e-01
2.69517e+00 1.47604e+00 3.49134e-01
2.69517e+00 1.54782e+00 3.09773e-01
2.69517e+00 1.62053e+00 2.70500e-01
2.69517e+00 1.69410e+00 2.31873e-01
2.69517e+00 1.76846e+00 1.94476e-01
2.69517e+00 1.84353e+00 1.58901e-01
2.69517e+00 1.91924e+00 1.25711e-01
2.69517e+00 1.99553e+00 9.54112e-02
2.69517e+00 2.07230e+00 6.84164e-02
2.69517e+00 2.14949e+00 4.50214e-02
2.69517e+00 2.22703e+00 2.53864e-02
2.69517e+00 2.30483e+00 9.53376e-03
2.69517e+00 2.38282e+00 -2.63867e-03
2.69517e+00 2.46093e+00 -1.13332e-02
2.69517e+00 2.53907e+00 -1.68254e-02
2.69517e+00 2.61718e+00 -1.94473e-02
2.69517e+00 2.69517e+00 -1.95896e-02
2.69517e+00 2.77297e+00 -1.77201e-02
2.69517e+00 2.85051e+00 -1.44007e-02
2.69517e+00 2.92770e+00 -1.02726e-02
2.69517e+00 3.00447e+00 -5.99120e-03
2.69517e+00 3.08076e+00 -2.12196e-03
2.69517e+00 3.15647e+00 9.58188e-04
2.69517e+00 3.23154e+00 3.10297e-03
2.69517e+00 3.30590e+00 4.36448e-03
2.69517e+00 3.37947e+00 4.91231e-03
2.69517e+00 3.45218e+00 4.95026e-03
2.69517e+00 3.52396e+00 4.66187e-03
2.69517e+00 3.59474e+00 4.18916e-03
2.69517e+00 3.66445e+00 3.63264e-03
2.69517e+00 3.73303e+00 3.05957e-03
2.69517e+00 3.80040e+00 2.51286e-03
2.69517e+00 3.86649e+00 2.01791e-03
2.69517e+00 3.93125e+00 1.58764e-03
2.69517e+00 3.99462e+00 1.22601e-03
2.69517e+00 4.05652e+00 9.30814e-04
2.69517e+00 4.11690e+00 6.95976e-04
2.69517e+00 4.17571e+00 5.13378e-04
2.69517e+00 4.23287e+00 3.74248e-04
2.69517e+00 4.28835e+00 2.70113e-04
2.69517e+00 4.34207e+00 1.93375e-04
2.69517e+00 4.39400e+00 1.37577e-04
2.69517e+00 4.44407e+00 9.74563e-05
2.69517e+00 4.49224e+00 6.88719e-05
2.69517e+00 4.53847e+00 4.86510e-05
2.69517e+00 4.58271e+00 3.44205e-05
2.69517e+00 4.62491e+00 2.44383e-05
2.69517e+00 4.66504e+00 1.74465e-05
2.69517e+00 4.70305e+00 1.25479e-05
2.69517e+00 4.73890e+00 9.10928e-06
2.69517e+00 4.77257e+00 6.68747e-06
2.69517e+00 4.80402e+00 4.97381e-06
2.69517e+00 4.83322e+00 3.75425e-06
2.69517e+00 4.86014e+00 2.88064e-06
2.69517e+00 4.88475e+00 2.25046e-06
2.69517e+00 4.90703e+00 1.79271e-06
2.69517e+00 4.92696e+00 1.45814e-06
2.69517e+00 4.94452e+00 1.21250e-06
2.69517e+00 4.95969e+00 1.03191e-06
2.69517e+00 4.97246e+00 8.99721e-07
2.69517e+00 4.98281e+00 8.04338e-07
2.69517e+00 4.99074e+00 7.37790e-07
2.69517e+00 4.99623e+00 6.94735e-07
2.69517e+00 4.99928e+00 6.71819e-07
2.77297e+00 7.15683e-04 7.91036e-01
2.77297e+00 3.77012e-03 7.91033e-01
2.77297e+00 9.26216e-03 7.91019e-01
2.77297e+00 1.71877e-02 7.90975e-01
2.77297e+00 2.75390e-02 7.90880e-01
2.77297e+00 4.03061e-02 7.90701e-01
2.77297e+00 5.54766e-02 7.90401e-01
2.77297e+00 7.30356e-02 7.89935e-01
2.77297e+00 9.29659e-02 7.89251e-01
2.77297e+00 1.15248e-01 7.88292e-01
2.77297e+00 1.39860e-01 7.86994e-01
2.77297e+00 1.66779e-01 7.85286e-01
2.77297e+00 1.95977e-01 7.83092e-01
2.77297e+00 2.27426e-01 7.80332e-01
2.77297e+00 2.61096e-01 7.76918e-01
2.77297e+00 2.96953e-01 7.72758e-01
2.77297e+00 3.34963e-01 7.67757e-01
2.77297e+00 3.75089e-01 7.61814e-01
2.77297e+00 4.17290e-01 7.54823e-01
2.77297e+00 4.61527e-01 7.46677e-01
2.77297e+00 5.07755e-01 7.37267e-01
2.77297e+00 5.55930e-01 7.26479e-01
2.77297e+00 6.06005e-01 7.14204e-01
2.77297e+00 6.57930e-01 7.00331e-01
2.77297e+00 7.11655e-01 6.84754e-01
2.77297e+00 7.67127e-01 6.67374e-01
2.77297e+00 8.24292e-01 6.48105e-01
2.77297e+00 8.83095e-01 6.26871e-01
2.77297e+00 9.43478e-01 6.03621e-01
2.77297e+00 1.00538e+00 5.78326e-01
2.77297e+00 1.06875e+00 5.50989e-01
2.77297e+00 1.13351e+00 5.21655e-01
2.77297e+00 1.19960e+00 4.90413e-01
2.77297e+00 1.26697e+00 4.57403e-01
2.77297e+00 1.33555e+00 4.22828e-01
2.77297e+00 1.40526e+00 3.86952e-01
2.77297e+00 1.47604e+00 3.50106e-01
2.77297e+00 1.54782e+00 3.12688e-01
2.77297e+00 1.62053e+00 2.75154e-01
2.77297e+00 1.69410e+00 2.38013e-01
2.77297e+00 1.76846e+00 2.01808e-01
2.77297e+00 1.84353e+00 1.67099e-01
2.77297e+00 1.91924e+00 1.34432e-01
2.77297e+00 1.99553e+00 1.04313e-01
2.77297e+00 2.07230e+00 7.71763e-02
2.77297e+00 2.14949e+00 5.33571e-02
2.77297e+00 2.22703e+00 3.30711e-02
2.77297e+00 2.30483e+00 1.64042e-02
2.77297e+00 2.38282e+00 3.31501e-03
2.77297e+00 2.46093e+00 -6.35235e-03
2.77297e+00 2.53907e+00 -1.28490e-02
2.77297e+00 2.61718e+00 -1.65049e-02
2.77297e+00 2.69517e+00 -1.77201e-02
2.77297e+00 2.77297e+00 -1.69641e-02
2.77297e+00 2.85051e+00 -1.47716e-02
2.77297e+00 2.92770e+00 -1.17186e-02
2.77297e+00 3.00447e+00 -8.36809e-03
2.77297e+00 3.08076e+00 -5.19597e-03
2.77297e+00 3.15647e+00 -2.52510e-03
2.77297e+00 3.23154e+00 -5.00929e-04
2.77297e+00 3.30590e+00 8.81878e-04
2.77297e+00 3.37947e+00 1.72060e-03
2.77297e+00 3.45218e+00 2.14487e-03
2.77297e+00 3.52396e+00 2.27740e-03
2.77297e+00 3.59474e+00 2.21770e-03
2.77297e+00 3.66445e+00 2.04051e-03
2.77297e+00 3.73303e+00 1.80002e-03
2.77297e+00 3.80040e+00 1.53470e-03
2.77297e+00 3.86649e+00 1.27107e-03
2.77297e+00 3.93125e+00 1.02626e-03
2.77297e+00 3.99462e+00 8.10070e-04
2.77297e+00 4.05652e+00 6.26657e-04
2.77297e+00 4.11690e+00 4.76179e-04
2.77297e+00 4.17571e+00 3.56197e-04
2.77297e+00 4.23287e+00 2.62853e-04
2.77297e+00 4.28835e+00 1.91755e-04
2.77297e+00 4.34207e+00 1.38579e-04
2.77297e+00 4.39400e+00 9.94175e-05
2.77297e+00 4.44407e+00 7.09488e-05
2.77297e+00 4.49224e+00 5.04710e-05
2.77297e+00 4.53847e+00 3.58633e-05
2.77297e+00 4.58271e+00 2.55073e-05
2.77297e+00 4.62491e+00 1.81958e-05
2.77297e+00 4.66504e+00 1.30451e-05
2.77297e+00 4.70305e+00 9.41806e-06
2.77297e+00 4.73890e+00 6.86054e-06
2.77297e+00 4.77257e+00 5.05203e-06
2.77297e+00 4.80402e+00 3.76776e-06
2.77297e+00 4.83322e+00 2.85090e-06
2.77297e+00 4.86014e+00 2.19226e-06
2.77297e+00 4.88475e+00 1.71598e-06
2.77297e+00 4.90703e+00 1.36927e-06
2.77297e+00 4.92696e+00 1.11537e-06
2.77297e+00 4.94452e+00 9.28660e-07
2.77297e+00 4.95969e+00 7.91200e-07
2.77297e+00 4.97246e+00 6.90460e-07
2.77297e+00 4.98281e+00 6.17703e-07
2.77297e+00 4.99074e+00 5.66904e-07
2.77297e+00 4.99623e+00 5.34020e-07
2.77297e+00 4.99928e+00 5.16512e-07
2.85051e+00 7.15683e-04 7.48354e-01
2.85051e+00 3.77012e-03 7.48352e-01
2.85051e+00 9.26216e-03 7.48339e-01
2.85051e+00 1.71877e-02 7.48300e-01
2.85051e+00 2.75390e-02 7.48214e-01
2.85051e+00 4.03061e-02 7.48053e-01
2.85051e+00 5.54766e-02 7.47783e-01
2.85051e+00 7.30356e-02 7.47363e-01
2.85051e+00 9.29659e-02 7.46748e-01
2.85051e+00 1.15248e-01 7.45886e-01
2.85051e+00 1.39860e-01 7.44717e-01
2.85051e+00 1.66779e-01 7.43180e-01
2.85051e+00 1.95977e-01 7.41206e-01
2.85051e+00 2.27426e-01 7.38722e-01
2.85051e+00 2.61096e-01 7.35648e-01
2.85051e+00 2.96953e-01 7.31903e-01
2.85051e+00 3.34963e-01 7.27398e-01
2.85051e+00 3.75089e-01 7.22042e-01
2.85051e+00 4.17290e-01 7.15741e-01
2.85051e+00 4.61527e-01 7.08395e-01
2.85051e+00 5.07755e-01 6.99903e-01
2.85051e+00 5.55930e-01 6.90163e-01
2.85051e+00 6.06005e-01 6.79071e-01
2.85051e+00 6.57930e-01 6.66524e-01
2.85051e+00 7.11655e-01 6.52424e-01
2.85051e+00 7.67127e-01 6.36674e-01
2.85051e+00 8.24292e-01 6.19190e-01
2.85051e+00 8.83095e-01 5.99898e-01
2.85051e+00 9.43478e-01 5.78741e-01
2.85051e+00 1.00538e+00 5.55682e-01
2.85051e+00 1.06875e+00 5.30715e-01
2.85051e+00 1.13351e+00 5.03864e-01
2.85051e+00 1.19960e+00 4.75197e-01
2.85051e+00 1.26697e+00 4.44825e-01
2.85051e+00 1.33555e+00 4.12916e-01
2.85051e+00 1.40526e+00 3.79692e-01
2.85051e+00 1.47604e+00 3.45439e-01
2.85051e+00 1.54782e+00 3.10502e-01
2.85051e+00 1.62053e+00 2.75286e-01
2.85051e+00 1.69410e+00 2.40246e-01
2.85051e+00 1.76846e+00 2.05876e-01
2.85051e+00 1.84353e+00 1.72692e-01
2.85051e+00 1.91924e+00 1.41211e-01
2.85051e+00 1.99553e+00 1.11921e-01
2.85051e+00 2.07230e+00 8.52582e-02
2.85051e+00 2.14949e+00 6.15777e-02
2.85051e+00 2.22703e+00 4.11309e-02
2.85051e+00 2.30483e+00 2.40511e-02
2.85051e+00 2.38282e+00 1.03479e-02
2.85051e+00 2.46093e+00 -8.82423e-05
2.85051e+00 2.53907e+00 -7.47393e-03
2.85051e+00 2.61718e+00 -1.21168e-02
2.85051e+00 2.69517e+00 -1.44007e-02
2.85051e+00 2.77297e+00 -1.47716e-02
2.85051e+00 2.85051e+00 -1.37206e-02
2.85051e+00 2.92770e+00 -1.17548e-02
2.85051e+00 3.00447e+00 -9.35358e-03
2.85051e+00 3.08076e+00 -6.91720e-03
2.85051e+00 3.15647e+00 -4.72539e-03
2.85051e+00 3.23154e+00 -2.92501e-03
2.85051e+00 3.30590e+00 -1.55068e-03
2.85051e+00 3.37947e+00 -5.65475e-04
2.85051e+00 3.45218e+00 9.85570e-05
2.85051e+00 3.52396e+00 5.13233e-04
2.85051e+00 3.59474e+00 7.41866e-04
2.85051e+00 3.66445e+00 8.36474e-04
2.85051e+00 3.73303e+00 8.38838e-04
2.85051e+00 3.80040e+00 7.82143e-04
2.85051e+00 3.86649e+00 6.92175e-04
2.85051e+00 3.93125e+00 5.88136e-04
2.85051e+00 3.99462e+00 4.83398e-04
2.85051e+00 4.05652e+00 3.86389e-04
2.85051e+00 4.11690e+00 3.01622e-04
2.85051e+00 4.17571e+00 2.30753e-04
2.85051e+00 4.23287e+00 1.73547e-04
2.85051e+00 4.28835e+00 1.28673e-04
2.85051e+00 4.34207e+00 9.42947e-05
2.85051e+00 4.39400e+00 6.84696e-05
2.85051e+00 4.44407e+00 4.93802e-05
2.85051e+00 4.49224e+00 3.54535e-05
2.85051e+00 4.53847e+00 2.53979e-05
2.85051e+00 4.58271e+00 1.81941e-05
2.85051e+00 4.62491e+00 1.30618e-05
2.85051e+00 4.66504e+00 9.41757e-06
2.85051e+00 4.70305e+00 6.83343e-06
2.85051e+00 4.73890e+00 5.00015e-06
2.85051e+00 4.77257e+00 3.69678e-06
2.85051e+00 4.80402e+00 2.76684e-06
2.85051e+00 4.83322e+00 2.10016e-06
2.85051e+00 4.86014e+00 1.61949e-06
2.85051e+00 4.88475e+00 1.27077e-06
2.85051e+00 4.90703e+00 1.01620e-06
2.85051e+00 4.92696e+00 8.29331e-07
2.85051e+00 4.94452e+00 6.91614e-07
2.85051e+00 4.95969e+00 5.90044e-07
2.85051e+00 4.97246e+00 5.15497e-07
2.85051e+00 4.98281e+00 4.61591e-07
2.85051e+00 4.99074e+00 4.23918e-07
2.85051e+00 4.99623e+00 3.99515e-07
2.85051e+00 4.99928e+00 3.86516e-07
2.92770e+00 7.15683e-04 6.97496e-01
2.92770e+00 3.77012e-03 6.97494e-01
2.92770e+00 9.26216e-03 6.97482e-01
2.92770e+00 1.71877e-02 6.97448e-01
2.92770e+00 2.75390e-02 6.97371e-01
2.92770e+00 4.03061e-02 6.97229e-01
2.92770e+00 5.54766e-02 6.96990e-01
2.92770e+00 7.30356e-02 6.96618e-01
2.92770e+00 9.29659e-02 6.96074e-01
2.92770e+00 1.15248e-01 6.95309e-01
2.92770e+00 1.39860e-01 6.94275e-01
2.92770e+00 1.66779e-01 6.92913e-01
2.92770e+00 1.95977e-01 6.91164e-01
2.92770e+00 2.27426e-01 6.88962e-01
2.92770e+00 2.61096e-01 6.86238e-01
2.92770e+00 2.96953e-01 6.82918e-01
2.92770e+00 3.34963e-01 6.78923e-01
2.92770e+00 3.75089e-01 6.74172e-01
2.92770e+00 4.17290e-01 6.68580e-01
2.92770e+00 4.61527e-01 6.62058e-01
2.92770e+00 5.07755e-01 6.54515e-01
2.92770e+00 5.55930e-01 6.45858e-01
2.92770e+00 6.06005e-01 6.35992e-01
2.92770e+00 6.57930e-01 6.24824e-01
2.92770e+00 7.11655e-01 6.12260e-01
2.92770e+00 7.67127e-01 5.98214e-01
2.92770e+00 8.24292e-01 5.82602e-01
2.92770e+00 8.83095e-01 5.65353e-01
2.92770e+00 9.43478e-01 5.46409e-01
2.92770e+00 1.00538e+00 5.25729e-01
2.92770e+00 1.06875e+00 5.03295e-01
2.92770e+00 1.13351e+00 4.79121e-01
2.92770e+00 1.19960e+00 4.53252e-01
2.92770e+00 1.26697e+00 4.25776e-01
2.92770e+00 1.33555e+00 3.96827e-01
2.92770e+00 1.40526e+00 3.66589e-01
2.92770e+00 1.47604e+00 3.35303e-01
2.92770e+00 1.54782e+00 3.03264e-01
2.92770e+00 1.62053e+00 2.70823e-01
2.92770e+00 1.69410e+00 2.38379e-01
2.92770e+00 1.76846e+00 2.06372e-01
2.92770e+00 1.84353e+00 1.75266e-01
2.92770e+00 1.91924e+00 1.45536e-01
2.92770e+00 1.99553e+00 1.17638e-01
2.92770e+00 2.07230e+00 9.19940e-02
2.92770e+00 2.14949e+00 6.89587e-02
2.92770e+00 2.22703e+00 4.88018e-02
2.92770e+00 2.30483e+00 3.16887e-02
2.92770e+00 2.38282e+00 1.76708e-02
2.92770e+00 2.46093e+00 6.68383e-03
2.92770e+00 2.53907e+00 -1.44458e-03
2.92770e+00 2.61718e+00 -6.98182e-03
2.92770e+00 2.69517e+00 -1.02726e-02
2.92770e+00 2.77297e+00 -1.17186e-02
2.92770e+00 2.85051e+00 -1.17548e-02
2.92770e+00 2.92770e+00 -1.08199e-02
2.92770e+00 3.00447e+00 -9.32129e-03
2.92770e+00 3.08076e+00 -7.59935e-03
2.92770e+00 3.15647e+00 -5.90263e-03
2.92770e+00 3.23154e+00 -4.38188e-03
2.92770e+00 3.30590e+00 -3.10481e-03
2.92770e+00 3.37947e+00 -2.08258e-03
2.92770e+00 3.45218e+00 -1.29597e-03
2.92770e+00 3.52396e+00 -7.13650e-04
2.92770e+00 3.59474e+00 -3.01625e-04
2.92770e+00 3.66445e+00 -2.69576e-05
2.92770e+00 3.73303e+00 1.40943e-04
2.92770e+00 3.80040e+00 2.29613e-04
2.92770e+00 3.86649e+00 2.62861e-04
2.92770e+00 3.93125e+00 2.60244e-04
2.92770e+00 3.99462e+00 2.36885e-04
2.92770e+00 4.05652e+00 2.03705e-04
2.92770e+00 4.11690e+00 1.67984e-04
2.92770e+00 4.17571e+00 1.34109e-04
2.92770e+00 4.23287e+00 1.04348e-04
2.92770e+00 4.28835e+00 7.95350e-05
2.92770e+00 4.34207e+00 5.96338e-05
2.92770e+00 4.39400e+00 4.41399e-05
2.92770e+00 4.44407e+00 3.23555e-05
2.92770e+00 4.49224e+00 2.35558e-05
2.92770e+00 4.53847e+00 1.70785e-05
2.92770e+00 4.58271e+00 1.23625e-05
2.92770e+00 4.62491e+00 8.95627e-06
2.92770e+00 4.66504e+00 6.50910e-06
2.92770e+00 4.70305e+00 4.75621e-06
2.92770e+00 4.73890e+00 3.50174e-06
2.92770e+00 4.77257e+00 2.60308e-06
2.92770e+00 4.80402e+00 1.95764e-06
2.92770e+00 4.83322e+00 1.49224e-06
2.92770e+00 4.86014e+00 1.15500e-06
2.92770e+00 4.88475e+00 9.09258e-07
2.92770e+00 4.90703e+00 7.29182e-07
2.92770e+00 4.92696e+00 5.96558e-07
2.92770e+00 4.94452e+00 4.98544e-07
2.92770e+00 4.95969e+00 4.26084e-07
2.92770e+00 4.97246e+00 3.72796e-07
2.92770e+00 4.98281e+00 3.34201e-07
2.92770e+00 4.99074e+00 3.07196e-07
2.92770e+00 4.99623e+00 2.89686e-07
2.92770e+00 4.99928e+00 2.80354e-07
3.00447e+00 7.15683e-04 6.39815e-01
3.00447e+00 3.77012e-03 6.39813e-01
3.00447e+00 9.26216e-03 6.39803e-01
3.00447e+00 1.71877e-02 6.39773e-01
3.00447e+00 2.75390e-02 6.39706e-01
3.00447e+00 4.03061e-02 6.39582e-01
3.00447e+00 5.54766e-02 6.39373e-01
3.00447e+00 7.30356e-02 6.39050e-01
3.00447e+00 9.29659e-02 6.38575e-01
3.00447e+00 1.15248e-01 6.37909e-01
3.00447e+00 1.39860e-01 6.37006e-01
3.00447e+00 1.66779e-01 6.35819e-01
3.00447e+00 1.95977e-01 6.34294e-01
3.00447e+00 2.27426e-01 6.32373e-01
3.00447e+00 2.61096e-01 6.29997e-01
3.00447e+00 2.96953e-01 6.27100e-01
3.00447e+00 3.34963e-01 6.23613e-01
3.00447e+00 3.75089e-01 6.19466e-01
3.00447e+00 4.17290e-01 6.14582e-01
3.00447e+00 4.61527e-01 6.08883e-01
3.00447e+00 5.07755e-01 6.02289e-01
3.00447e+00 5.55930e-01 5.94716e-01
3.00447e+00 6.06005e-01 5.86081e-01
3.00447e+00 6.57930e-01 5.76298e-01
3.00447e+00 7.11655e-01 5.65283e-01
3.00447e+00 7.67127e-01 5.52956e-01
3.00447e+00 8.24292e-01 5.39240e-01
3.00447e+00 8.83095e-01 5.24068e-01
3.00447e+00 9.43478e-01 5.07381e-01
3.00447e+00 1.00538e+00 4.89137e-01
3.00447e+00 1.06875e+00 4.69314e-01
3.00447e+00 1.13351e+00 4.47910e-01
3.00447e+00 1.19960e+00 4.24959e-01
3.00447e+00 1.26697e+00 4.00523e-01
3.00447e+00 1.33555e+00 3.74710e-01
3.00447e+00 1.40526e+00 3.47669e-01
3.00447e+00 1.47604e+00 3.19597e-01
3.00447e+00 1.54782e+00 2.90744e-01
3.00447e+00 1.62053e+00 2.61406e-01
3.00447e+00 1.69410e+00 2.31927e-01
3.00447e+00 1.76846e+00 2.02689e-01
3.00447e+00 1.84353e+00 1.74101e-01
3.00447e+00 1.91924e+00 1.46586e-01
3.00447e+00 1.99553e+00 1.20560e-01
3.00447e+00 2.07230e+00 9.64146e-02
3.00447e+00 2.14949e+00 7.44899e-02
3.00447e+00 2.22703e+00 5.50577e-02
3.00447e+00 2.30483e+00 3.83013e-02
3.00447e+00 2.38282e+00 2.43041e-02
3.00447e+00 2.46093e+00 1.30443e-02
3.00447e+00 2.53907e+00 4.39793e-03
3.00447e+00 2.61718e+00 -1.85046e-03
3.00447e+00 2.69517e+00 -5.99120e-03
3.00447e+00 2.77297e+00 -8.36809e-03
3.00447e+00 2.85051e+00 -9.35358e-03
3.00447e+00 2.92770e+00 -9.32129e-03
3.00447e+00 3.00447e+00 -8.61781e-03
3.00447e+00 3.08076e+00 -7.53776e-03
3.00447e+00 3.15647e+00 -6.30766e-03
3.00447e+00 3.23154e+00 -5.08267e-03
3.00447e+00 3.30590e+00 -3.95575e-03
3.00447e+00 3.37947e+00 -2.97367e-03
3.00447e+00 3.45218e+00 -2.15324e-03
3.00447e+00 3.52396e+00 -1.49333e-03
3.00447e+00 3.59474e+00 -9.82385e-04
3.00447e+00 3.66445e+00 -6.02677e-04
3.00447e+00 3.73303e+00 -3.33208e-04
3.00447e+00 3.80040e+00 -1.51992e-04
3.00447e+00 3.86649e+00 -3.79871e-05
3.00447e+00 3.93125e+00 2.74727e-05
3.00447e+00 3.99462e+00 5.98457e-05
3.00447e+00 4.05652e+00 7.11340e-05
3.00447e+00 4.11690e+00 7.00931e-05
3.00447e+00 4.17571e+00 6.27180e-05
3.00447e+00 4.23287e+00 5.28389e-05
3.00447e+00 4.28835e+00 4.27061e-05
3.00447e+00 4.34207e+00 3.34923e-05
3.00447e+00 4.39400e+00 2.56858e-05
3.00447e+00 4.44407e+00 1.93755e-05
3.00447e+00 4.49224e+00 1.44420e-05
3.00447e+00 4.53847e+00 1.06784e-05
3.00447e+00 4.58271e+00 7.85880e-06
3.00447e+00 4.62491e+00 5.77431e-06
3.00447e+00 4.66504e+00 4.24764e-06
3.00447e+00 4.70305e+00 3.13634e-06
3.00447e+00 4.73890e+00 2.33012e-06
3.00447e+00 4.77257e+00 1.74583e-06
3.00447e+00 4.80402e+00 1.32200e-06
3.00447e+00 4.83322e+00 1.01377e-06
3.00447e+00 4.86014e+00 7.88766e-07
3.00447e+00 4.88475e+00 6.23773e-07
3.00447e+00 4.90703e+00 5.02207e-07
3.00447e+00 4.92696e+00 4.12257e-07
3.00447e+00 4.94452e+00 3.45516e-07
3.00447e+00 4.95969e+00 2.96011e-07
3.00447e+00 4.97246e+00 2.59505e-07
3.00447e+00 4.98281e+00 2.33005e-07
3.00447e+00 4.99074e+00 2.14431e-07
3.00447e+00 4.99623e+00 2.02373e-07
3.00447e+00 4.99928e+00 1.95942e-07
3.08076e+00 7.15683e-04 5.76695e-01
3.08076e+00 3.77012e-03 5.76694e-01
3.08076e+00 9.26216e-03 5.76685e-01
3.08076e+00 1.71877e-02 5.76659e-01
3.08076e+00 2.75390e-02 5.76602e-01
3.08076e+00 4.03061e-02 5.76496e-01
3.08076e+00 5.54766e-02 5.76317e-01
3.08076e+00 7.30356e-02 5.76039e-01
3.08076e+00 9.29659e-02 5.75632e-01
3.08076e+00 1.15248e-01 5.75060e-01
3.08076e+00 1.39860e-01 5.74286e-01
3.08076e+00 1.66779e-01 5.73267e-01
3.08076e+00 1.95977e-01 5.71958e-01
3.08076e+00 2.27426e-01 5.70310e-01
3.08076e+00 2.61096e-01 5.68270e-01
3.08076e+00 2.96953e-01 5.65783e-01
3.08076e+00 3.34963e-01 5.62789e-01
3.08076e+00 3.75089e-01 5.59226e-01
3.08076e+00 4.17290e-01 5.55029e-01
3.08076e+00 4.61527e-01 5.50130e-01
3.08076e+00 5.07755e-01 5.44458e-01
3.08076e+00 5.55930e-01 5.37941e-01
3.08076e+00 6.06005e-01 5.30504e-01
3.08076e+00 6.57930e-01 5.22073e-01
3.08076e+00 7.11655e-01 5.12573e-01
3.08076e+00 7.67127e-01 5.01931e-01
3.08076e+00 8.24292e-01 4.90078e-01
3.08076e+00 8.83095e-01 4.76951e-01
3.08076e+00 9.43478e-01 4.62496e-01
3.08076e+00 1.00538e+00 4.46669e-01
3.08076e+00 1.06875e+00 4.29443e-01
3.08076e+00 1.13351e+00 4.10813e-01
3.08076e+00 1.19960e+00 3.90796e-01
3.08076e+00 1.26697e+00 3.69439e-01
3.08076e+00 1.33555e+00 3.46822e-01
3.08076e+00 1.40526e+00 3.23065e-01
3.08076e+00 1.47604e+00 2.98329e-01
3.08076e+00 1.54782e+00 2.72818e-01
3.08076e+00 1.62053e+00 2.46780e-01
3.08076e+00 1.69410e+00 2.20503e-01
3.08076e+00 1.76846e+00 1.94313e-01
3.08076e+00 1.84353e+00 1.68563e-01
3.08076e+00 1.91924e+00 1.43620e-01
3.08076e+00 1.99553e+00 1.19854e-01
3.08076e+00 2.07230e+00 9.76159e-02
3.08076e+00 2.14949e+00 7.72213e-02
3.08076e+00 2.22703e+00 5.89309e-02
3.08076e+00 2.30483e+00 4.29336e-02
3.08076e+00 2.38282e+00 2.93343e-02
3.08076e+00 2.46093e+00 1.81467e-02
3.08076e+00 2.53907e+00 9.29358e-03
3.08076e+00 2.61718e+00 2.61418e-03
3.08076e+00 2.69517e+00 -2.12196e-03
3.08076e+00 2.77297e+00 -5.19597e-03
3.08076e+00 2.85051e+00 -6.91720e-03
3.08076e+00 2.92770e+00 -7.59935e-03
3.08076e+00 3.00447e+00 -7.53776e-03
3.08076e+00 3.08076e+00 -6.99061e-03
3.08076e+00 3.15647e+00 -6.16710e-03
3.08076e+00 3.23154e+00 -5.22430e-03
3.08076e+00 3.30590e+00 -4.27146e-03
3.08076e+00 3.37947e+00 -3.37888e-03
3.08076e+00 3.45218e+00 -2.58750e-03
3.08076e+00 3.52396e+00 -1.91697e-03
3.08076e+00 3.59474e+00 -1.37168e-03
3.08076e+00 3.66445e+00 -9.45372e-04
3.08076e+00 3.73303e+00 -6.24856e-04
3.08076e+00 3.80040e+00 -3.93278e-04
3.08076e+00 3.86649e+00 -2.32747e-04
3.08076e+00 3.93125e+00 -1.26314e-04
3.08076e+00 3.99462e+00 -5.92100e-05
3.08076e+00 4.05652e+00 -1.94111e-05
3.08076e+00 4.11690e+00 2.31491e-06
3.08076e+00 4.17571e+00 1.26866e-05
3.08076e+00 4.23287e+00 1.63519e-05
3.08076e+00 4.28835e+00 1.63671e-05
3.08076e+00 4.34207e+00 1.46359e-05
3.08076e+00 4.39400e+00 1.22720e-05
3.08076e+00 4.44407e+00 9.87529e-06
3.08076e+00 4.49224e+00 7.73003e-06
3.08076e+00 4.53847e+00 5.93845e-06
3.08076e+00 4.58271e+00 4.50638e-06
3.08076e+00 4.62491e+00 3.39490e-06
3.08076e+00 4.66504e+00 2.54955e-06
3.08076e+00 4.70305e+00 1.91545e-06
3.08076e+00 4.73890e+00 1.44408e-06
3.08076e+00 4.77257e+00 1.09557e-06
3.08076e+00 4.80402e+00 8.38504e-07
3.08076e+00 4.83322e+00 6.48926e-07
3.08076e+00 4.86014e+00 5.08895e-07
3.08076e+00 4.88475e+00 4.05180e-07
3.08076e+00 4.90703e+00 3.28115e-07
3.08076e+00 4.92696e+00 2.70682e-07
3.08076e+00 4.94452e+00 2.27811e-07
3.08076e+00 4.95969e+00 1.95852e-07
3.08076e+00 4.97246e+00 1.72187e-07
3.08076e+00 4.98281e+00 1.54953e-07
3.08076e+00 4.99074e+00 1.42842e-07
3.08076e+00 4.99623e+00 1.34966e-07
3.08076e+00 4.99928e+00 1.30760e-07
3.15647e+00 7.15683e-04 5.09912e-01
3.15647e+00 3.77012e-03 5.09911e-01
3.15647e+00 9.26216e-03 5.09904e-01
3.15647e+00 1.71877e-02 5.09882e-01
3.15647e+00 2.75390e-02 5.09834e-01
3.15647e+00 4.03061e-02 5.09744e-01
3.15647e+00 5.54766e-02 5.09593e-01
3.15647e+00 7.30356e-02 5.09359e-01
3.15647e+00 9.29659e-02 5.09015e-01
3.15647e+00 1.15248e-01 5.08532e-01
3.15647e+00 1.39860e-01 5.07879e-01
3.15647e+00 1.66779e-01 5.07019e-01
3.15647e+00 1.95977e-01 5.05914e-01
3.15647e+00 2.27426e-01 5.04523e-01
3.15647e+00 2.61096e-01 5.02800e-01
3.15647e+00 2.96953e-01 5.00699e-01
3.15647e+00 3.34963e-01 4.98170e-01
3.15647e+00 3.75089e-01 4.95159e-01
3.15647e+00 4.17290e-01 4.91611e-01
3.15647e+00 4.61527e-01 4.87467e-01
3.15647e+00 5.07755e-01 4.82669e-01
3.15647e+00 5.55930e-01 4.77151e-01
3.15647e+00 6.06005e-01 4.70852e-01
3.15647e+00 6.57930e-01 4.63705e-01
3.15647e+00 7.11655e-01 4.55646e-01
3.15647e+00 7.67127e-01 4.46611e-01
3.15647e+00 8.24292e-01 4.36537e-01
3.15647e+00 8.83095e-01 4.25369e-01
3.15647e+00 9.43478e-01 4.13055e-01
3.15647e+00 1.00538e+00 3.99555e-01
3.15647e+00 1.06875e+00 3.84841e-01
3.15647e+00 1.13351e+00 3.68902e-01
3.15647e+00 1.19960e+00 3.51744e-01
3.15647e+00 1.26697e+00 3.33401e-01
3.15647e+00 1.33555e+00 3.13934e-01
3.15647e+00 1.40526e+00 2.93436e-01
3.15647e+00 1.47604e+00 2.72034e-01
3.15647e+00 1.54782e+00 2.49895e-01
3.15647e+00 1.62053e+00 2.27220e-01
3.15647e+00 1.69410e+00 2.04249e-01
3.15647e+00 1.76846e+00 1.81254e-01
3.15647e+00 1.84353e+00 1.58533e-01
3.15647e+00 1.91924e+00 1.36399e-01
3.15647e+00 1.99553e+00 1.15171e-01
3.15647e+00 2.07230e+00 9.51578e-02
3.15647e+00 2.14949e+00 7.66414e-02
3.15647e+00 2.22703e+00 5.98629e-02
3.15647e+00 2.30483e+00 4.50066e-02
3.15647e+00 2.38282e+00 3.21882e-02
3.15647e+00 2.46093e+00 2.14476e-02
3.15647e+00 2.53907e+00 1.27468e-02
3.15647e+00 2.61718e+00 5.97501e-03
3.15647e+00 2.69517e+00 9.58188e-04
3.15647e+00 2.77297e+00 -2.52510e-03
3.15647e+00 2.85051e+00 -4.72539e-03
3.15647e+00 2.92770e+00 -5.90263e-03
3.15647e+00 3.00447e+00 -6.30766e-03
3.15647e+00 3.08076e+00 -6.16710e-03
3.15647e+00 3.15647e+00 -5.67334e-03
3.15647e+00 3.23154e+00 -4.98030e-03
3.15647e+00 3.30590e+00 -4.20426e-03
3.15647e+00 3.37947e+00 -3.42802e-03
3.15647e+00 3.45218e+00 -2.70634e-03
3.15647e+00 3.52396e+00 -2.07149e-03
3.15647e+00 3.59474e+00 -1.53817e-03
3.15647e+00 3.66445e+00 -1.10818e-03
3.15647e+00 3.73303e+00 -7.74386e-04
3.15647e+00 3.80040e+00 -5.24428e-04
3.15647e+00 3.86649e+00 -3.43630e-04
3.15647e+00 3.93125e+00 -2.17233e-04
3.15647e+00 3.99462e+00 -1.31828e-04
3.15647e+00 4.05652e+00 -7.61053e-05
3.15647e+00 4.11690e+00 -4.10788e-05
3.15647e+00 4.17571e+00 -1.99620e-05
3.15647e+00 4.23287e+00 -7.85411e-06
3.15647e+00 4.28835e+00 -1.35935e-06
3.15647e+00 4.34207e+00 1.78476e-06
3.15647e+00 4.39400e+00 3.02828e-06
3.15647e+00 4.44407e+00 3.26410e-06
3.15647e+00 4.49224e+00 3.01833e-06
3.15647e+00 4.53847e+00 2.58521e-06
3.15647e+00 4.58271e+00 2.11827e-06
3.15647e+00 4.62491e+00 1.68940e-06
3.15647e+00 4.66504e+00 1.32564e-06
3.15647e+00 4.70305e+00 1.03109e-06
3.15647e+00 4.73890e+00 7.99418e-07
3.15647e+00 4.77257e+00 6.20547e-07
3.15647e+00 4.80402e+00 4.84049e-07
3.15647e+00 4.83322e+00 3.80602e-07
3.15647e+00 4.86014e+00 3.02479e-07
3.15647e+00 4.88475e+00 2.43555e-07
3.15647e+00 4.90703e+00 1.99108e-07
3.15647e+00 4.92696e+00 1.65569e-07
3.15647e+00 4.94452e+00 1.40276e-07
3.15647e+00 4.95969e+00 1.21261e-07
3.15647e+00 4.97246e+00 1.07084e-07
3.15647e+00 4.98281e+00 9.67032e-08
3.15647e+00 4.99074e+00 8.93781e-08
3.15647e+00 4.99623e+00 8.46002e-08
3.15647e+00 4.99928e+00 8.20440e-08
3.23154e+00 7.15683e-04 4.41755e-01
3.23154e+00 3.77012e-03 4.41754e-01
3.23154e+00 9.26216e-03 4.41748e-01
3.23154e+00 1.71877e-02 4.41730e-01
3.23154e+00 2.75390e-02 4.41690e-01
3.23154e+00 4.03061e-02 4.41615e-01
3.23154e+00 5.54766e-02 4.41490e-01
3.23154e+00 7.30356e-02 4.41295e-01
3.23154e+00 9.29659e-02 4.41010e-01
3.23154e+00 1.15248e-01 4.40610e-01
3.23154e+00 1.39860e-01 4.40067e-01
3.23154e+00 1.66779e-01 4.39353e-01
3.23154e+00 1.95977e-01 4.38436e-01
3.23154e+00 2.27426e-01 4.37280e-01
3.23154e+00 2.61096e-01 4.35849e-01
3.23154e+00 2.96953e-01 4.34104e-01
3.23154e+00 3.34963e-01 4.32002e-01
3.23154e+00 3.75089e-01 4.29499e-01
3.23154e+00 4.17290e-01 4.26549e-01
3.23154e+00 4.61527e-01 4.23103e-01
3.23154e+00 5.07755e-01 4.19110e-01
3.23154e+00 5.55930e-01 4.14516e-01
3.23154e+00 6.06005e-01 4.09268e-01
3.23154e+00 6.57930e-01 4.03311e-01
3.23154e+00 7.11655e-01 3.96587e-01
3.23154e+00 7.67127e-01 3.89043e-01
3.23154e+00 8.24292e-01 3.80625e-01
3.23154e+00 8.83095e-01 3.71282e-01
3.23154e+00 9.43478e-01 3.60969e-01
3.23154e+00 1.00538e+00 3.49650e-01
3.23154e+00 1.06875e+00 3.37295e-01
3.23154e+00 1.13351e+00 3.23891e-01
3.23154e+00 1.19960e+00 3.09439e-01
3.23154e+00 1.26697e+00 2.93961e-01
3.23154e+00 1.33555e+00 2.77502e-01
3.23154e+00 1.40526e+00 2.60133e-01
3.23154e+00 1.47604e+00 2.41954e-01
3.23154e+00 1.54782e+00 2.23098e-01
3.23154e+00 1.62053e+00 2.03727e-01
3.23154e+00 1.69410e+00 1.84037e-01
3.23154e+00 1.76846e+00 1.64251e-01
3.23154e+00 1.84353e+00 1.44616e-01
3.23154e+00 1.91924e+00 1.25395e-01
3.23154e+00 1.99553e+00 1.06857e-01
3.23154e+00 2.07230e+00 8.92670e-02
3.23154e+00 2.14949e+00 7.28713e-02
3.23154e+00 2.22703e+00 5.78853e-02
3.23154e+00 2.30483e+00 4.44807e-02
3.23154e+00 2.38282e+00 3.27747e-02
3.23154e+00 2.46093e+00 2.28231e-02
3.23154e+00 2.53907e+00 1.46171e-02
3.23154e+00 2.61718e+00 8.08572e-03
3.23154e+00 2.69517e+00 3.10297e-03
3.23154e+00 2.77297e+00 -5.00929e-04
3.23154e+00 2.85051e+00 -2.92501e-03
3.23154e+00 2.92770e+00 -4.38188e-03
3.23154e+00 3.00447e+00 -5.08267e-03
3.23154e+00 3.08076e+00 -5.22430e-03
3.23154e+00 3.15647e+00 -4.98030e-03
3.23154e+00 3.23154e+00 -4.49562e-03
3.23154e+00 3.30590e+00 -3.88519e-03
3.23154e+00 3.37947e+00 -3.23512e-03
3.23154e+00 3.45218e+00 -2.60573e-03
3.23154e+00 3.52396e+00 -2.03533e-03
3.23154e+00 3.59474e+00 -1.54442e-03
3.23154e+00 3.66445e+00 -1.13992e-03
3.23154e+00 3.73303e+00 -8.19172e-04
3.23154e+00 3.80040e+00 -5.73559e-04
3.23154e+00 3.86649e+00 -3.91460e-04
3.23154e+00 3.93125e+00 -2.60485e-04
3.23154e+00 3.99462e+00 -1.68956e-04
3.23154e+00 4.05652e+00 -1.06740e-04
3.23154e+00 4.11690e+00 -6.55752e-05
3.23154e+00 4.17571e+00 -3.90563e-05
3.23154e+00 4.23287e+00 -2.24295e-05
3.23154e+00 4.28835e+00 -1.22964e-05
3.23154e+00 4.34207e+00 -6.30950e-06
3.23154e+00 4.39400e+00 -2.89741e-06
3.23154e+00 4.44407e+00 -1.03894e-06
3.23154e+00 4.49224e+00 -8.91313e-08
3.23154e+00 4.53847e+00 3.48042e-07
3.23154e+00 4.58271e+00 5.08794e-07
3.23154e+00 4.62491e+00 5.29671e-07
3.23154e+00 4.66504e+00 4.86800e-07
3.23154e+00 4.70305e+00 4.20733e-07
3.23154e+00 4.73890e+00 3.51720e-07
3.23154e+00 4.77257e+00 2.88844e-07
3.23154e+00 4.80402e+00 2.35325e-07
3.23154e+00 4.83322e+00 1.91501e-07
3.23154e+00 4.86014e+00 1.56451e-07
3.23154e+00 4.88475e+00 1.28828e-07
3.23154e+00 4.90703e+00 1.07265e-07
3.23154e+00 4.92696e+00 9.05468e-08
3.23154e+00 4.94452e+00 7.76624e-08
3.23154e+00 4.95969e+00 6.78072e-08
3.23154e+00 4.97246e+00 6.03584e-08
3.23154e+00 4.98281e+00 5.48457e-08
3.23154e+00 4.99074e+00 5.09243e-08
3.23154e+00 4.99623e+00 4.83519e-08
3.23154e+00 4.99928e+00 4.69708e-08
3.30590e+00 7.15683e-04 3.74811e-01
3.30590e+00 3.77012e-03 3.74810e-01
3.30590e+00 9.26216e-03 3.74805e-01
3.30590e+00 1.71877e-02 3.74790e-01
3.30590e+00 2.75390e-02 3.74757e-01
3.30590e+00 4.03061e-02 3.74696e-01
3.30590e+00 5.54766e-02 3.74594e-01
3.30590e+00 7.30356e-02 3.74435e-01
3.30590e+00 9.29659e-02 3.74202e-01
3.30590e+00 1.15248e-01 3.73875e-01
3.30590e+00 1.39860e-01 3.73432e-01
3.30590e+00 1.66779e-01 3.72849e-01
3.30590e+00 1.95977e-01 3.72100e-01
3.30590e+00 2.27426e-01 3.71156e-01
3.30590e+00 2.61096e-01 3.69987e-01
3.30590e+00 2.96953e-01 3.68561e-01
3.30590e+00 3.34963e-01 3.66843e-01
3.30590e+00 3.75089e-01 3.64798e-01
3.30590e+00 4.17290e-01 3.62385e-01
3.30590e+00 4.61527e-01 3.59566e-01
3.30590e+00 5.07755e-01 3.56298e-01
3.30590e+00 5.55930e-01 3.52536e-01
3.30590e+00 6.06005e-01 3.48237e-01
3.30590e+00 6.57930e-01 3.43353e-01
3.30590e+00 7.11655e-01 3.37837e-01
3.30590e+00 7.67127e-01 3.31643e-01
3.30590e+00 8.24292e-01 3.24726e-01
3.30590e+00 8.83095e-01 3.17041e-01
3.30590e+00 9.43478e-01 3.08550e-01
3.30590e+00 1.00538e+00 2.99219e-01
3.30590e+00 1.06875e+00 2.89022e-01
3.30590e+00 1.13351e+00 2.77944e-01
3.30590e+00 1.19960e+00 2.65982e-01
3.30590e+00 1.26697e+00 2.53150e-01
3.30590e+00 1.33555e+00 2.39480e-01
3.30590e+00 1.40526e+00 2.25026e-01
3.30590e+00 1.47604e+00 2.09866e-01
3.30590e+00 1.54782e+00 1.94103e-01
3.30590e+00 1.62053e+00 1.77867e-01
3.30590e+00 1.69410e+00 1.61316e-01
3.30590e+00 1.76846e+00 1.44630e-01
3.30590e+00 1.84353e+00 1.28010e-01
3.30590e+00 1.91924e+00 1.11673e-01
3.30590e+00 1.99553e+00 9.58435e-02
3.30590e+00 2.07230e+00 8.07427e-02
3.30590e+00 2.14949e+00 6.65812e-02
3.30590e+00 2.22703e+00 5.35461e-02
3.30590e+00 2.30483e+00 4.17914e-02
3.30590e+00 2.38282e+00 3.14285e-02
3.30590e+00 2.46093e+00 2.25197e-02
3.30590e+00 2.53907e+00 1.50751e-02
3.30590e+00 2.61718e+00 9.05295e-03
3.30590e+00 2.69517e+00 4.36448e-03
3.30590e+00 2.77297e+00 8.81878e-04
3.30590e+00 2.85051e+00 -1.55068e-03
3.30590e+00 2.92770e+00 -3.10481e-03
3.30590e+00 3.00447e+00 -3.95575e-03
3.30590e+00 3.08076e+00 -4.27146e-03
3.30590e+00 3.15647e+00 -4.20426e-03
3.30590e+00 3.23154e+00 -3.88519e-03
3.30590e+00 3.30590e+00 -3.42129e-03
3.30590e+00 3.37947e+00 -2.89523e-03
3.30590e+00 3.45218e+00 -2.36681e-03
3.30590e+00 3.52396e+00 -1.87561e-03
3.30590e+00 3.59474e+00 -1.44445e-03
3.30590e+00 3.66445e+00 -1.08311e-03
3.30590e+00 3.73303e+00 -7.91997e-04
3.30590e+00 3.80040e+00 -5.65503e-04
3.30590e+00 3.86649e+00 -3.94740e-04
3.30590e+00 3.93125e+00 -2.69653e-04
3.30590e+00 3.99462e+00 -1.80434e-04
3.30590e+00 4.05652e+00 -1.18357e-04
3.30590e+00 4.11690e+00 -7.61565e-05
3.30590e+00 4.17571e+00 -4.80889e-05
3.30590e+00 4.23287e+00 -2.98028e-05
3.30590e+00 4.28835e+00 -1.81218e-05
3.30590e+00 4.34207e+00 -1.08002e-05
3.30590e+00 4.39400e+00 -6.29526e-06
3.30590e+00 4.44407e+00 -3.57435e-06
3.30590e+00 4.49224e+00 -1.96218e-06
3.30590e+00 4.53847e+00 -1.02660e-06
3.30590e+00 4.58271e+00 -4.96517e-07
3.30590e+00 4.62491e+00 -2.05016e-07
3.30590e+00 4.66504e+00 -5.11377e-08
3.30590e+00 4.70305e+00 2.51318e-08
3.30590e+00 4.73890e+00 5.88409e-08
3.30590e+00 4.77257e+00 7.00777e-08
3.30590e+00 4.80402e+00 7.01131e-08
3.30590e+00 4.83322e+00 6.51074e-08
3.30590e+00 4.86014e+00 5.83123e-08
3.30590e+00 4.88475e+00 5.13573e-08
3.30590e+00 4.90703e+00 4.49899e-08
3.30590e+00 4.92696e+00 3.94943e-08
3.30590e+00 4.94452e+00 3.49240e-08
3.30590e+00 4.95969e+00 3.12277e-08
3.30590e+00 4.97246e+00 2.83157e-08
3.30590e+00 4.98281e+00 2.60932e-08
3.30590e+00 4.99074e+00 2.44765e-08
3.30590e+00 4.99623e+00 2.33995e-08
3.30590e+00 4.99928e+00 2.28157e-08
3.37947e+00 7.15683e-04 3.11537e-01
3.37947e+00 3.77012e-03 3.11536e-01
3.37947e+00 9.26216e-03 3.11532e-01
3.37947e+00 1.71877e-02 3.11520e-01
3.37947e+00 2.75390e-02 3.11494e-01
3.37947e+00 4.03061e-02 3.11445e-01
3.37947e+00 5.54766e-02 3.11363e-01
3.37947e+00 7.30356e-02 3.11236e-01
3.37947e+00 9.29659e-02 3.11048e-01
3.37947e+00 1.15248e-01 3.10786e-01
3.37947e+00 1.39860e-01 3.10430e-01
3.37947e+00 1.66779e-01 3.09962e-01
3.37947e+00 1.95977e-01 3.09360e-01
3.37947e+00 2.27426e-01 3.08602e-01
3.37947e+00 2.61096e-01 3.07663e-01
3.37947e+00 2.96953e-01 3.06516e-01
3.37947e+00 3.34963e-01 3.05136e-01
3.37947e+00 3.75089e-01 3.03491e-01
3.37947e+00 4.17290e-01 3.01550e-01
3.37947e+00 4.61527e-01 2.99282e-01
3.37947e+00 5.07755e-01 2.96651e-01
3.37947e+00 5.55930e-01 2.93622e-01
3.37947e+00 6.06005e-01 2.90158e-01
3.37947e+00 6.57930e-01 2.86220e-01
3.37947e+00 7.11655e-01 2.81770e-01
3.37947e+00 7.67127e-01 2.76769e-01
3.37947e+00 8.24292e-01 2.71179e-01
3.37947e+00 8.83095e-01 2.64964e-01
3.37947e+00 9.43478e-01 2.58090e-01
3.37947e+00 1.00538e+00 2.50528e-01
3.37947e+00 1.06875e+00 2.42255e-01
3.37947e+00 1.13351e+00 2.33255e-01
3.37947e+00 1.19960e+00 2.23524e-01
3.37947e+00 1.26697e+00 2.13070e-01
3.37947e+00 1.33555e+00 2.01915e-01
3.37947e+00 1.40526e+00 1.90100e-01
3.37947e+00 1.47604e+00 1.77683e-01
3.37947e+00 1.54782e+00 1.64747e-01
3.37947e+00 1.62053e+00 1.51392e-01
3.37947e+00 1.69410e+00 1.37743e-01
3.37947e+00 1.76846e+00 1.23945e-01
3.37947e+00 1.84353e+00 1.10159e-01
3.37947e+00 1.91924e+00 9.65611e-02
3.37947e+00 1.99553e+00 8.33341e-02
3.37947e+00 2.07230e+00 7.06613e-02
3.37947e+00 2.14949e+00 5.87180e-02
3.37947e+00 2.22703e+00 4.76628e-02
3.37947e+00 2.30483e+00 3.76293e-02
3.37947e+00 2.38282e+00 2.87181e-02
3.37947e+00 2.46093e+00 2.09915e-02
3.37947e+00 2.53907e+00 1.44695e-02
3.37947e+00 2.61718e+00 9.13026e-03
3.37947e+00 2.69517e+00 4.91231e-03
3.37947e+00 2.77297e+00 1.72060e-03
3.37947e+00 2.85051e+00 -5.65475e-04
3.37947e+00 2.92770e+00 -2.08258e-03
3.37947e+00 3.00447e+00 -2.97367e-03
3.37947e+00 3.08076e+00 -3.37888e-03
3.37947e+00 3.15647e+00 -3.42802e-03
3.37947e+00 3.23154e+00 -3.23512e-03
3.37947e+00 3.30590e+00 -2.89523e-03
3.37947e+00 3.37947e+00 -2.48324e-03
3.37947e+00 3.45218e+00 -2.05449e-03
3.37947e+00 3.52396e+00 -1.64664e-03
3.37947e+00 3.59474e+00 -1.28242e-03
3.37947e+00 3.66445e+00 -9.72794e-04
3.37947e+00 3.73303e+00 -7.20108e-04
3.37947e+00 3.80040e+00 -5.21047e-04
3.37947e+00 3.86649e+00 -3.69067e-04
3.37947e+00 3.93125e+00 -2.56261e-04
3.37947e+00 3.99462e+00 -1.74656e-04
3.37947e+00 4.05652e+00 -1.16994e-04
3.37947e+00 4.11690e+00 -7.71196e-05
3.37947e+00 4.17571e+00 -5.00866e-05
3.37947e+00 4.23287e+00 -3.20886e-05
3.37947e+00 4.28835e+00 -2.03027e-05
3.37947e+00 4.34207e+00 -1.26999e-05
3.37947e+00 4.39400e+00 -7.86182e-06
3.37947e+00 4.44407e+00 -4.82037e-06
3.37947e+00 4.49224e+00 -2.92914e-06
3.37947e+00 4.53847e+00 -1.76452e-06
3.37947e+00 4.58271e+00 -1.05352e-06
3.37947e+00 4.62491e+00 -6.22820e-07
3.37947e+00 4.66504e+00 -3.63780e-07
3.37947e+00 4.70305e+00 -2.09043e-07
3.37947e+00 4.73890e+00 -1.17254e-07
3.37947e+00 4.77257e+00 -6.32240e-08
3.37947e+00 4.80402e+00 -3.17177e-08
3.37947e+00 4.83322e+00 -1.35714e-08
3.37947e+00 4.86014e+00 -3.30117e-09
3.37947e+00 4.88475e+00 2.36090e-09
3.37947e+00 4.90703e+00 5.35445e-09
3.37947e+00 4.92696e+00 6.82617e-09
3.37947e+00 4.94452e+00 7.45095e-09
3.37947e+00 4.95969e+00 7.62392e-09
3.37947e+00 4.97246e+00 7.57486e-09
3.37947e+00 4.98281e+00 7.43614e-09
3.37947e+00 4.99074e+00 7.28307e-09
3.37947e+00 4.99623e+00 7.15756e-09
3.37947e+00 4.99928e+00 7.08183e-09
3.45218e+00 7.15683e-04 2.53871e-01
3.45218e+00 3.77012e-03 2.53871e-01
3.45218e+00 9.26216e-03 2.53868e-01
3.45218e+00 1.71877e-02 2.53858e-01
3.45218e+00 2.75390e-02 2.53838e-01
3.45218e+00 4.03061e-02 2.53799e-01
3.45218e+00 5.54766e-02 2.53734e-01
3.45218e+00 7.30356e-02 2.53633e-01
3.45218e+00 9.29659e-02 2.53486e-01
3.45218e+00 1.15248e-01 2.53278e-01
3.45218e+00 1.39860e-01 2.52997e-01
3.45218e+00 1.66779e-01 2.52627e-01
3.45218e+00 1.95977e-01 2.52151e-01
3.45218e+00 2.27426e-01 2.51552e-01
3.45218e+00 2.61096e-01 2.50810e-01
3.45218e+00 2.96953e-01 2.49904e-01
3.45218e+00 3.34963e-01 2.48812e-01
3.45218e+00 3.75089e-01 2.47510e-01
3.45218e+00 4.17290e-01 2.45975e-01
3.45218e+00 4.61527e-01 2.44180e-01
3.45218e+00 5.07755e-01 2.42097e-01
3.45218e+00 5.55930e-01 2.39697e-01
3.45218e+00 6.06005e-01 2.36951e-01
3.45218e+00 6.57930e-01 2.33828e-01
3.45218e+00 7.11655e-01 2.30297e-01
3.45218e+00 7.67127e-01 2.26326e-01
3.45218e+00 8.24292e-01 2.21883e-01
3.45218e+00 8.83095e-01 2.16940e-01
3.45218e+00 9.43478e-01 2.11467e-01
3.45218e+00 1.00538e+00 2.05440e-01
3.45218e+00 1.06875e+00 1.98839e-01
3.45218e+00 1.13351e+00 1.91651e-01
3.45218e+00 1.19960e+00 1.83869e-01
3.45218e+00 1.26697e+00 1.75497e-01
3.45218e+00 1.33555e+00 1.66551e-01
3.45218e+00 1.40526e+00 1.57060e-01
3.45218e+00 1.47604e+00 1.47070e-01
3.45218e+00 1.54782e+00 1.36641e-01
3.45218e+00 1.62053e+00 1.25855e-01
3.45218e+00 1.69410e+00 1.14807e-01
3.45218e+00 1.76846e+00 1.03611e-01
3.45218e+00 1.84353e+00 9.23967e-02
3.45218e+00 1.91924e+00 8.13029e-02
3.45218e+00 1.99553e+00 7.04771e-02
3.45218e+00 2.07230e+00 6.00677e-02
3.45218e+00 2.14949e+00 5.02180e-02
3.45218e+00 2.22703e+00 4.10597e-02
3.45218e+00 2.30483e+00 3.27051e-02
3.45218e+00 2.38282e+00 2.52417e-02
3.45218e+00 2.46093e+00 1.87271e-02
3.45218e+00 2.53907e+00 1.31854e-02
3.45218e+00 2.61718e+00 8.60708e-03
3.45218e+00 2.69517e+00 4.95026e-03
3.45218e+00 2.77297e+00 2.14487e-03
3.45218e+00 2.85051e+00 9.85570e-05
3.45218e+00 2.92770e+00 -1.29597e-03
3.45218e+00 3.00447e+00 -2.15324e-03
3.45218e+00 3.08076e+00 -2.58750e-03
3.45218e+00 3.15647e+00 -2.70634e-03
3.45218e+00 3.23154e+00 -2.60573e-03
3.45218e+00 3.30590e+00 -2.36681e-03
3.45218e+00 3.37947e+00 -2.05449e-03
3.45218e+00 3.45218e+00 -1.71751e-03
3.45218e+00 3.52396e+00 -1.38975e-03
3.45218e+00 3.59474e+00 -1.09234e-03
3.45218e+00 3.66445e+00 -8.36239e-04
3.45218e+00 3.73303e+00 -6.24887e-04
3.45218e+00 3.80040e+00 -4.56645e-04
3.45218e+00 3.86649e+00 -3.26879e-04
3.45218e+00 3.93125e+00 -2.29566e-04
3.45218e+00 3.99462e+00 -1.58414e-04
3.45218e+00 4.05652e+00 -1.07569e-04
3.45218e+00 4.11690e+00 -7.19833e-05
3.45218e+00 4.17571e+00 -4.75419e-05
3.45218e+00 4.23287e+00 -3.10371e-05
3.45218e+00 4.28835e+00 -2.00593e-05
3.45218e+00 4.34207e+00 -1.28549e-05
3.45218e+00 4.39400e+00 -8.18147e-06
3.45218e+00 4.44407e+00 -5.17980e-06
3.45218e+00 4.49224e+00 -3.26758e-06
3.45218e+00 4.53847e+00 -2.05725e-06
3.45218e+00 4.58271e+00 -1.29484e-06
3.45218e+00 4.62491e+00 -8.16060e-07
3.45218e+00 4.66504e+00 -5.15841e-07
3.45218e+00 4.70305e+00 -3.27561e-07
3.45218e+00 4.73890e+00 -2.09283e-07
3.45218e+00 4.77257e+00 -1.34746e-07
3.45218e+00 4.80402e+00 -8.75583e-08
3.45218e+00 4.83322e+00 -5.75097e-08
3.45218e+00 4.86014e+00 -3.82405e-08
3.45218e+00 4.88475e+00 -2.57849e-08
3.45218e+00 4.90703e+00 -1.76633e-08
3.45218e+00 4.92696e+00 -1.23201e-08
3.45218e+00 4.94452e+00 -8.77422e-09
3.45218e+00 4.95969e+00 -6.40447e-09
3.45218e+00 4.97246e+00 -4.81526e-09
3.45218e+00 4.98281e+00 -3.75413e-09
3.45218e+00 4.99074e+00 -3.06041e-09
3.45218e+00 4.99623e+00 -2.63353e-09
3.45218e+00 4.99928e+00 -2.41370e-09
3.52396e+00 7.15683e-04 2.03030e-01
3.52396e+00 3.77012e-03 2.03030e-01
3.52396e+00 9.26216e-03 2.03027e-01
3.52396e+00 1.71877e-02 2.03020e-01
3.52396e+00 2.75390e-02 2.03004e-01
3.52396e+00 4.03061e-02 2.02974e-01
3.52396e+00 5.54766e-02 2.02924e-01
3.52396e+00 7.30356e-02 2.02845e-01
3.52396e+00 9.29659e-02 2.02730e-01
3.52396e+00 1.15248e-01 2.02569e-01
3.52396e+00 1.39860e-01 2.02350e-01
3.52396e+00 1.66779e-01 2.02063e-01
3.52396e+00 1.95977e-01 2.01693e-01
3.52396e+00 2.27426e-01 2.01227e-01
3.52396e+00 2.61096e-01 2.00649e-01
3.52396e+00 2.96953e-01 1.99945e-01
3.52396e+00 3.34963e-01 1.99095e-01
3.52396e+00 3.75089e-01 1.98082e-01
3.52396e+00 4.17290e-01 1.96887e-01
3.52396e+00 4.61527e-01 1.95488e-01
3.52396e+00 5.07755e-01 1.93865e-01
3.52396e+00 5.55930e-01 1.91995e-01
3.52396e+00 6.06005e-01 1.89854e-01
3.52396e+00 6.57930e-01 1.87417e-01
3.52396e+00 7.11655e-01 1.84659e-01
3.52396e+00 7.67127e-01 1.81557e-01
3.52396e+00 8.24292e-01 1.78083e-01
3.52396e+00 8.83095e-01 1.74214e-01
3.52396e+00 9.43478e-01 1.69928e-01
3.52396e+00 1.00538e+00 1.65203e-01
3.52396e+00 1.06875e+00 1.60023e-01
3.52396e+00 1.13351e+00 1.54376e-01
3.52396e+00 1.19960e+00 1.48255e-01
3.52396e+00 1.26697e+00 1.41662e-01
3.52396e+00 1.33555e+00 1.34608e-01
3.52396e+00 1.40526e+00 1.27114e-01
3.52396e+00 1.47604e+00 1.19213e-01
3.52396e+00 1.54782e+00 1.10952e-01
3.52396e+00 1.62053e+00 1.02392e-01
3.52396e+00 1.69410e+00 9.36080e-02
3.52396e+00 1.76846e+00 8.46882e-02
3.52396e+00 1.84353e+00 7.57331e-02
3.52396e+00 1.91924e+00 6.68526e-02
3.52396e+00 1.99553e+00 5.81632e-02
3.52396e+00 2.07230e+00 4.97830e-02
3.52396e+00 2.14949e+00 4.18271e-02
3.52396e+00 2.22703e+00 3.44020e-02
3.52396e+00 2.30483e+00 2.76004e-02
3.52396e+00 2.38282e+00 2.14956e-02
3.52396e+00 2.46093e+00 1.61382e-02
3.52396e+00 2.53907e+00 1.15526e-02
3.52396e+00 2.61718e+00 7.73654e-03
3.52396e+00 2.69517e+00 4.66187e-03
3.52396e+00 2.77297e+00 2.27740e-03
3.52396e+00 2.85051e+00 5.13233e-04
3.52396e+00 2.92770e+00 -7.13650e-04
3.52396e+00 3.00447e+00 -1.49333e-03
3.52396e+00 3.08076e+00 -1.91697e-03
3.52396e+00 3.15647e+00 -2.07149e-03
3.52396e+00 3.23154e+00 -2.03533e-03
3.52396e+00 3.30590e+00 -1.87561e-03
3.52396e+00 3.37947e+00 -1.64664e-03
3.52396e+00 3.45218e+00 -1.38975e-03
3.52396e+00 3.52396e+00 -1.13416e-03
3.52396e+00 3.59474e+00 -8.98579e-04
3.52396e+00 3.66445e+00 -6.93254e-04
3.52396e+00 3.73303e+00 -5.22063e-04
3.52396e+00 3.80040e+00 -3.84528e-04
3.52396e+00 3.86649e+00 -2.77519e-04
3.52396e+00 3.93125e+00 -1.96584e-04
3.52396e+00 3.99462e+00 -1.36896e-04
3.52396e+00 4.05652e+00 -9.38674e-05
3.52396e+00 4.11690e+00 -6.34754e-05
3.52396e+00 4.17571e+00 -4.23998e-05
3.52396e+00 4.23287e+00 -2.80223e-05
3.52396e+00 4.28835e+00 -1.83552e-05
3.52396e+00 4.34207e+00 -1.19365e-05
3.52396e+00 4.39400e+00 -7.72036e-06
3.52396e+00 4.44407e+00 -4.97541e-06
3.52396e+00 4.49224e+00 -3.20084e-06
3.52396e+00 4.53847e+00 -2.05956e-06
3.52396e+00 4.58271e+00 -1.32803e-06
3.52396e+00 4.62491e+00 -8.59848e-07
3.52396e+00 4.66504e+00 -5.60137e-07
3.52396e+00 4.70305e+00 -3.67884e-07
3.52396e+00 4.73890e+00 -2.44101e-07
3.52396e+00 4.77257e+00 -1.63973e-07
3.52396e+00 4.80402e+00 -1.11748e-07
3.52396e+00 4.83322e+00 -7.74276e-08
3.52396e+00 4.86014e+00 -5.46603e-08
3.52396e+00 4.88475e+00 -3.94014e-08
3.52396e+00 4.90703e+00 -2.90644e-08
3.52396e+00 4.92696e+00 -2.19873e-08
3.52396e+00 4.94452e+00 -1.70956e-08
3.52396e+00 4.95969e+00 -1.36907e-08
3.52396e+00 4.97246e+00 -1.13157e-08
3.52396e+00 4.98281e+00 -9.67110e-09
3.52396e+00 4.99074e+00 -8.56132e-09
3.52396e+00 4.99623e+00 -7.86104e-09
3.52396e+00 4.99928e+00 -7.49428e-09
3.59474e+00 7.15683e-04 1.59515e-01
3.59474e+00 3.77012e-03 1.59514e-01
3.59474e+00 9.26216e-03 1.59513e-01
3.59474e+00 1.71877e-02 1.59507e-01
3.59474e+00 2.75390e-02 1.59495e-01
3.59474e+00 4.03061e-02 1.59472e-01
3.59474e+00 5.54766e-02 1.59433e-01
3.59474e+00 7.30356e-02 1.59373e-01
3.59474e+00 9.29659e-02 1.59285e-01
3.59474e+00 1.15248e-01 1.59162e-01
3.59474e+00 1.39860e-01 1.58995e-01
3.59474e+00 1.66779e-01 1.58774e-01
3.59474e+00 1.95977e-01 1.58491e-01
3.59474e+00 2.27426e-01 1.58134e-01
3.59474e+00 2.61096e-01 1.57692e-01
3.59474e+00 2.96953e-01 1.57152e-01
3.59474e+00 3.34963e-01 1.56502e-01
3.59474e+00 3.75089e-01 1.55726e-01
3.59474e+00 4.17290e-01 1.54810e-01
3.59474e+00 4.61527e-01 1.53738e-01
3.59474e+00 5.07755e-01 1.52493e-01
3.59474e+00 5.55930e-01 1.51058e-01
3.59474e+00 6.06005e-01 1.49414e-01
3.59474e+00 6.57930e-01 1.47542e-01
3.59474e+00 7.11655e-01 1.45423e-01
3.59474e+00 7.67127e-01 1.43037e-01
3.59474e+00 8.24292e-01 1.40364e-01
3.59474e+00 8.83095e-01 1.37384e-01
3.59474e+00 9.43478e-01 1.34080e-01
3.59474e+00 1.00538e+00 1.30435e-01
3.59474e+00 1.06875e+00 1.26435e-01
3.59474e+00 1.13351e+00 1.22070e-01
3.59474e+00 1.19960e+00 1.17333e-01
3.59474e+00 1.26697e+00 1.12226e-01
3.59474e+00 1.33555e+00 1.06754e-01
3.59474e+00 1.40526e+00 1.00933e-01
3.59474e+00 1.47604e+00 9.47871e-02
3.59474e+00 1.54782e+00 8.83523e-02
3.59474e+00 1.62053e+00 8.16740e-02
3.59474e+00 1.69410e+00 7.48090e-02
3.59474e+00 1.76846e+00 6.78251e-02
3.59474e+00 1.84353e+00 6.07996e-02
3.59474e+00 1.91924e+00 5.38177e-02
3.59474e+00 1.99553e+00 4.69699e-02
3.59474e+00 2.07230e+00 4.03487e-02
3.59474e+00 2.14949e+00 3.40450e-02
3.59474e+00 2.22703e+00 2.81433e-02
3.59474e+00 2.30483e+00 2.27182e-02
3.59474e+00 2.38282e+00 1.78297e-02
3.59474e+00 2.46093e+00 1.35203e-02
3.59474e+00 2.53907e+00 9.81264e-03
3.59474e+00 2.61718e+00 6.70846e-03
3.59474e+00 2.69517e+00 4.18916e-03
3.59474e+00 2.77297e+00 2.21770e-03
3.59474e+00 2.85051e+00 7.41866e-04
3.59474e+00 2.92770e+00 -3.01625e-04
3.59474e+00 3.00447e+00 -9.82385e-04
3.59474e+00 3.08076e+00 -1.37168e-03
3.59474e+00 3.15647e+00 -1.53817e-03
3.59474e+00 3.23154e+00 -1.54442e-03
3.59474e+00 3.30590e+00 -1.44445e-03
3.59474e+00 3.37947e+00 -1.28242e-03
3.59474e+00 3.45218e+00 -1.09234e-03
3.59474e+00 3.52396e+00 -8.98579e-04
3.59474e+00 3.59474e+00 -7.17121e-04
3.59474e+00 3.66445e+00 -5.57067e-04
3.59474e+00 3.73303e+00 -4.22313e-04
3.59474e+00 3.80040e+00 -3.13128e-04
3.59474e+00 3.86649e+00 -2.27512e-04
3.59474e+00 3.93125e+00 -1.62274e-04
3.59474e+00 3.99462e+00 -1.13813e-04
3.59474e+00 4.05652e+00 -7.86233e-05
3.59474e+00 4.11690e+00 -5.35850e-05
3.59474e+00 4.17571e+00 -3.60905e-05
3.59474e+00 4.23287e+00 -2.40626e-05
3.59474e+00 4.28835e+00 -1.59093e-05
3.59474e+00 4.34207e+00 -1.04494e-05
3.59474e+00 4.39400e+00 -6.83079e-06
3.59474e+00 4.44407e+00 -4.45251e-06
3.59474e+00 4.49224e+00 -2.89957e-06
3.59474e+00 4.53847e+00 -1.89023e-06
3.59474e+00 4.58271e+00 -1.23600e-06
3.59474e+00 4.62491e+00 -8.12328e-07
3.59474e+00 4.66504e+00 -5.37708e-07
3.59474e+00 4.70305e+00 -3.59222e-07
3.59474e+00 4.73890e+00 -2.42707e-07
3.59474e+00 4.77257e+00 -1.66191e-07
3.59474e+00 4.80402e+00 -1.15565e-07
3.59474e+00 4.83322e+00 -8.17760e-08
3.59474e+00 4.86014e+00 -5.90028e-08
3.59474e+00 4.88475e+00 -4.34921e-08
3.59474e+00 4.90703e+00 -3.28138e-08
3.59474e+00 4.92696e+00 -2.53859e-08
3.59474e+00 4.94452e+00 -2.01722e-08
3.59474e+00 4.95969e+00 -1.64901e-08
3.59474e+00 4.97246e+00 -1.38873e-08
3.59474e+00 4.98281e+00 -1.20638e-08
3.59474e+00 4.99074e+00 -1.08212e-08
3.59474e+00 4.99623e+00 -1.00313e-08
3.59474e+00 4.99928e+00 -9.61554e-09
3.66445e+00 7.15683e-04 1.23242e-01
3.66445e+00 3.77012e-03 1.23242e-01
3.66445e+00 9.26216e-03 1.23241e-01
3.66445e+00 1.71877e-02 1.23237e-01
3.66445e+00 2.75390e-02 1.23227e-01
3.66445e+00 4.03061e-02 1.23210e-01
3.66445e+00 5.54766e-02 1.23181e-01
3.66445e+00 7.30356e-02 1.23136e-01
3.66445e+00 9.29659e-02 1.23069e-01
3.66445e+00 1.15248e-01 1.22976e-01
3.66445e+00 1.39860e-01 1.22850e-01
3.66445e+00 1.66779e-01 1.22684e-01
3.66445e+00 1.95977e-01 1.22471e-01
3.66445e+00 2.27426e-01 1.22202e-01
3.66445e+00 2.61096e-01 1.21868e-01
3.66445e+00 2.96953e-01 1.21461e-01
3.66445e+00 3.34963e-01 1.20970e-01
3.66445e+00 3.75089e-01 1.20385e-01
3.66445e+00 4.17290e-01 1.19693e-01
3.66445e+00 4.61527e-01 1.18884e-01
3.66445e+00 5.07755e-01 1.17944e-01
3.66445e+00 5.55930e-01 1.16860e-01
3.66445e+00 6.06005e-01 1.15617e-01
3.66445e+00 6.57930e-01 1.14201e-01
3.66445e+00 7.11655e-01 1.12598e-01
3.66445e+00 7.67127e-01 1.10791e-01
3.66445e+00 8.24292e-01 1.08765e-01
3.66445e+00 8.83095e-01 1.06506e-01
3.66445e+00 9.43478e-01 1.03998e-01
3.66445e+00 1.00538e+00 1.01229e-01
3.66445e+00 1.06875e+00 9.81884e-02
3.66445e+00 1.13351e+00 9.48662e-02
3.66445e+00 1.19960e+00 9.12579e-02
3.66445e+00 1.26697e+00 8.73626e-02
3.66445e+00 1.33555e+00 8.31847e-02
3.66445e+00 1.40526e+00 7.87349e-02
3.66445e+00 1.47604e+00 7.40311e-02
3.66445e+00 1.54782e+00 6.90991e-02
3.66445e+00 1.62053e+00 6.39728e-02
3.66445e+00 1.69410e+00 5.86951e-02
3.66445e+00 1.76846e+00 5.33171e-02
3.66445e+00 1.84353e+00 4.78972e-02
3.66445e+00 1.91924e+00 4.25007e-02
3.66445e+00 1.99553e+00 3.71967e-02
3.66445e+00 2.07230e+00 3.20565e-02
3.66445e+00 2.14949e+00 2.71506e-02
3.66445e+00 2.22703e+00 2.25449e-02
3.66445e+00 2.30483e+00 1.82981e-02
3.66445e+00 2.38282e+00 1.44582e-02
3.66445e+00 2.46093e+00 1.10600e-02
3.66445e+00 2.53907e+00 8.12314e-03
3.66445e+00 2.61718e+00 5.65136e-03
3.66445e+00 2.69517e+00 3.63264e-03
3.66445e+00 2.77297e+00 2.04051e-03
3.66445e+00 2.85051e+00 8.36474e-04
3.66445e+00 2.92770e+00 -2.69576e-05
3.66445e+00 3.00447e+00 -6.02677e-04
3.66445e+00 3.08076e+00 -9.45372e-04
3.66445e+00 3.15647e+00 -1.10818e-03
3.66445e+00 3.23154e+00 -1.13992e-03
3.66445e+00 3.30590e+00 -1.08311e-03
3.66445e+00 3.37947e+00 -9.72794e-04
3.66445e+00 3.45218e+00 -8.36239e-04
3.66445e+00 3.52396e+00 -6.93254e-04
3.66445e+00 3.59474e+00 -5.57067e-04
3.66445e+00 3.66445e+00 -4.35475e-04
3.66445e+00 3.73303e+00 -3.32116e-04
3.66445e+00 3.80040e+00 -2.47686e-04
3.66445e+00 3.86649e+00 -1.81001e-04
3.66445e+00 3.93125e+00 -1.29848e-04
3.66445e+00 3.99462e+00 -9.16056e-05
3.66445e+00 4.05652e+00 -6.36628e-05
3.66445e+00 4.11690e+00 -4.36580e-05
3.66445e+00 4.17571e+00 -2.95936e-05
3.66445e+00 4.23287e+00 -1.98630e-05
3.66445e+00 4.28835e+00 -1.32244e-05
3.66445e+00 4.34207e+00 -8.74947e-06
3.66445e+00 4.39400e+00 -5.76333e-06
3.66445e+00 4.44407e+00 -3.78686e-06
3.66445e+00 4.49224e+00 -2.48684e-06
3.66445e+00 4.53847e+00 -1.63546e-06
3.66445e+00 4.58271e+00 -1.07927e-06
3.66445e+00 4.62491e+00 -7.16155e-07
3.66445e+00 4.66504e+00 -4.78800e-07
3.66445e+00 4.70305e+00 -3.23195e-07
3.66445e+00 4.73890e+00 -2.20711e-07
3.66445e+00 4.77257e+00 -1.52795e-07
3.66445e+00 4.80402e+00 -1.07446e-07
3.66445e+00 4.83322e+00 -7.68961e-08
3.66445e+00 4.86014e+00 -5.61146e-08
3.66445e+00 4.88475e+00 -4.18303e-08
3.66445e+00 4.90703e+00 -3.19081e-08
3.66445e+00 4.92696e+00 -2.49465e-08
3.66445e+00 4.94452e+00 -2.00203e-08
3.66445e+00 4.95969e+00 -1.65151e-08
3.66445e+00 4.97246e+00 -1.40207e-08
3.66445e+00 4.98281e+00 -1.22629e-08
3.66445e+00 4.99074e+00 -1.10595e-08
3.66445e+00 4.99623e+00 -1.02916e-08
3.66445e+00 4.99928e+00 -9.88659e-09
3.73303e+00 7.15683e-04 9.37205e-02
3.73303e+00 3.77012e-03 9.37202e-02
3.73303e+00 9.26216e-03 9.37192e-02
3.73303e+00 1.71877e-02 9.37161e-02
3.73303e+00 2.75390e-02 9.37092e-02
3.73303e+00 4.03061e-02 9.36963e-02
3.73303e+00 5.54766e-02 9.36747e-02
3.73303e+00 7.30356e-02 9.36412e-02
3.73303e+00 9.29659e-02 9.35919e-02
3.73303e+00 1.15248e-01 9.35228e-02
3.73303e+00 1.39860e-01 9.34292e-02
3.73303e+00 1.66779e-01 9.33059e-02
3.73303e+00 1.95977e-01 9.31474e-02
3.73303e+00 2.27426e-01 9.29475e-02
3.73303e+00 2.61096e-01 9.26998e-02
3.73303e+00 2.96953e-01 9.23972e-02
3.73303e+00 3.34963e-01 9.20323e-02
3.73303e+00 3.75089e-01 9.15970e-02
3.73303e+00 4.17290e-01 9.10828e-02
3.73303e+00 4.61527e-01 9.04807e-02
3.73303e+00 5.07755e-01 8.97810e-02
3.73303e+00 5.55930e-01 8.89737e-02
3.73303e+00 6.06005e-01 8.80481e-02
3.73303e+00 6.57930e-01 8.69931e-02
3.73303e+00 7.11655e-01 8.57974e-02
3.73303e+00 7.67127e-01 8.44493e-02
3.73303e+00 8.24292e-01 8.29369e-02
3.73303e+00 8.83095e-01 8.12489e-02
3.73303e+00 9.43478e-01 7.93740e-02
3.73303e+00 1.00538e+00 7.73022e-02
3.73303e+00 1.06875e+00 7.50246e-02
3.73303e+00 1.13351e+00 7.25342e-02
3.73303e+00 1.19960e+00 6.98267e-02
3.73303e+00 1.26697e+00 6.69007e-02
3.73303e+00 1.33555e+00 6.37591e-02
3.73303e+00 1.40526e+00 6.04092e-02
3.73303e+00 1.47604e+00 5.68638e-02
3.73303e+00 1.54782e+00 5.31416e-02
3.73303e+00 1.62053e+00 4.92675e-02
3.73303e+00 1.69410e+00 4.52732e-02
3.73303e+00 1.76846e+00 4.11967e-02
3.73303e+00 1.84353e+00 3.70818e-02
3.73303e+00 1.91924e+00 3.29773e-02
3.73303e+00 1.99553e+00 2.89355e-02
3.73303e+00 2.07230e+00 2.50105e-02
3.73303e+00 2.14949e+00 2.12559e-02
3.73303e+00 2.22703e+00 1.77222e-02
3.73303e+00 2.30483e+00 1.44550e-02
3.73303e+00 2.38282e+00 1.14917e-02
3.73303e+00 2.46093e+00 8.85999e-03
3.73303e+00 2.53907e+00 6.57647e-03
3.73303e+00 2.61718e+00 4.64552e-03
3.73303e+00 2.69517e+00 3.05957e-03
3.73303e+00 2.77297e+00 1.80002e-03
3.73303e+00 2.85051e+00 8.38838e-04
3.73303e+00 2.92770e+00 1.40943e-04
3.73303e+00 3.00447e+00 -3.33208e-04
3.73303e+00 3.08076e+00 -6.24856e-04
3.73303e+00 3.15647e+00 -7.74386e-04
3.73303e+00 3.23154e+00 -8.19172e-04
3.73303e+00 3.30590e+00 -7.91997e-04
3.73303e+00 3.37947e+00 -7.20108e-04
3.73303e+00 3.45218e+00 -6.24887e-04
3.73303e+00 3.52396e+00 -5.22063e-04
3.73303e+00 3.59474e+00 -4.22313e-04
3.73303e+00 3.66445e+00 -3.32116e-04
3.73303e+00 3.73303e+00 -2.54697e-04
3.73303e+00 3.80040e+00 -1.90951e-04
3.73303e+00 3.86649e+00 -1.40254e-04
3.73303e+00 3.93125e+00 -1.01122e-04
3.73303e+00 3.99462e+00 -7.16975e-05
3.73303e+00 4.05652e+00 -5.00784e-05
3.73303e+00 4.11690e+00 -3.45176e-05
3.73303e+00 4.17571e+00 -2.35196e-05
3.73303e+00 4.23287e+00 -1.58704e-05
3.73303e+00 4.28835e+00 -1.06241e-05
3.73303e+00 4.34207e+00 -7.06874e-06
3.73303e+00 4.39400e+00 -4.68331e-06
3.73303e+00 4.44407e+00 -3.09570e-06
3.73303e+00 4.49224e+00 -2.04554e-06
3.73303e+00 4.53847e+00 -1.35383e-06
3.73303e+00 4.58271e+00 -8.99283e-07
3.73303e+00 4.62491e+00 -6.00740e-07
3.73303e+00 4.66504e+00 -4.04404e-07
3.73303e+00 4.70305e+00 -2.74892e-07
3.73303e+00 4.73890e+00 -1.89061e-07
3.73303e+00 4.77257e+00 -1.31823e-07
3.73303e+00 4.80402e+00 -9.33638e-08
3.73303e+00 4.83322e+00 -6.72944e-08
3.73303e+00 4.86014e+00 -4.94519e-08
3.73303e+00 4.88475e+00 -3.71148e-08
3.73303e+00 4.90703e+00 -2.84961e-08
3.73303e+00 4.92696e+00 -2.24163e-08
3.73303e+00 4.94452e+00 -1.80923e-08
3.73303e+00 4.95969e+00 -1.50015e-08
3.73303e+00 4.97246e+00 -1.27930e-08
3.73303e+00 4.98281e+00 -1.12312e-08
3.73303e+00 4.99074e+00 -1.01590e-08
3.73303e+00 4.99623e+00 -9.47341e-09
3.73303e+00 4.99928e+00 -9.11126e-09
3.80040e+00 7.15683e-04 7.02105e-02
3.80040e+00 3.77012e-03 7.02103e-02
3.80040e+00 9.26216e-03 7.02096e-02
3.80040e+00 1.71877e-02 7.02073e-02
3.80040e+00 2.75390e-02 7.02022e-02
3.80040e+00 4.03061e-02 7.01928e-02
3.80040e+00 5.54766e-02 7.01770e-02
3.80040e+00 7.30356e-02 7.01524e-02
3.80040e+00 9.29659e-02 7.01164e-02
3.80040e+00 1.15248e-01 7.00658e-02
3.80040e+00 1.39860e-01 6.99972e-02
3.80040e+00 1.66779e-01 6.99069e-02
3.80040e+00 1.95977e-01 6.97908e-02
3.80040e+00 2.27426e-01 6.96443e-02
3.80040e+00 2.61096e-01 6.94629e-02
3.80040e+00 2.96953e-01 6.92411e-02
3.80040e+00 3.34963e-01 6.89737e-02
3.80040e+00 3.75089e-01 6.86546e-02
3.80040e+00 4.17290e-01 6.82775e-02
3.80040e+00 4.61527e-01 6.78359e-02
3.80040e+00 5.07755e-01 6.73225e-02
3.80040e+00 5.55930e-01 6.67298e-02
3.80040e+00 6.06005e-01 6.60501e-02
3.80040e+00 6.57930e-01 6.52750e-02
3.80040e+00 7.11655e-01 6.43959e-02
3.80040e+00 7.67127e-01 6.34043e-02
3.80040e+00 8.24292e-01 6.22911e-02
3.80040e+00 8.83095e-01 6.10478e-02
3.80040e+00 9.43478e-01 5.96659e-02
3.80040e+00 1.00538e+00 5.81376e-02
3.80040e+00 1.06875e+00 5.64560e-02
3.80040e+00 1.13351e+00 5.46158e-02
3.80040e+00 1.19960e+00 5.26132e-02
3.80040e+00 1.26697e+00 5.04470e-02
3.80040e+00 1.33555e+00 4.81187e-02
3.80040e+00 1.40526e+00 4.56334e-02
3.80040e+00 1.47604e+00 4.30000e-02
3.80040e+00 1.54782e+00 4.02318e-02
3.80040e+00 1.62053e+00 3.73471e-02
3.80040e+00 1.69410e+00 3.43689e-02
3.80040e+00 1.76846e+00 3.13250e-02
3.80040e+00 1.84353e+00 2.82476e-02
3.80040e+00 1.91924e+00 2.51731e-02
3.80040e+00 1.99553e+00 2.21401e-02
3.80040e+00 2.07230e+00 1.91892e-02
3.80040e+00 2.14949e+00 1.63604e-02
3.80040e+00 2.22703e+00 1.36921e-02
3.80040e+00 2.30483e+00 1.12186e-02
3.80040e+00 2.38282e+00 8.96893e-03
3.80040e+00 2.46093e+00 6.96463e-03
3.80040e+00 2.53907e+00 5.21908e-03
3.80040e+00 2.61718e+00 3.73667e-03
3.80040e+00 2.69517e+00 2.51286e-03
3.80040e+00 2.77297e+00 1.53470e-03
3.80040e+00 2.85051e+00 7.82143e-04
3.80040e+00 2.92770e+00 2.29613e-04
3.80040e+00 3.00447e+00 -1.51992e-04
3.80040e+00 3.08076e+00 -3.93278e-04
3.80040e+00 3.15647e+00 -5.24428e-04
3.80040e+00 3.23154e+00 -5.73559e-04
3.80040e+00 3.30590e+00 -5.65503e-04
3.80040e+00 3.37947e+00 -5.21047e-04
3.80040e+00 3.45218e+00 -4.56645e-04
3.80040e+00 3.52396e+00 -3.84528e-04
3.80040e+00 3.59474e+00 -3.13128e-04
3.80040e+00 3.66445e+00 -2.47686e-04
3.80040e+00 3.73303e+00 -1.90951e-04
3.80040e+00 3.80040e+00 -1.43862e-04
3.80040e+00 3.86649e+00 -1.06159e-04
3.80040e+00 3.93125e+00 -7.68840e-05
3.80040e+00 3.99462e+00 -5.47521e-05
3.80040e+00 4.05652e+00 -3.84091e-05
3.80040e+00 4.11690e+00 -2.65894e-05
3.80040e+00 4.17571e+00 -1.81967e-05
3.80040e+00 4.23287e+00 -1.23327e-05
3.80040e+00 4.28835e+00 -8.29281e-06
3.80040e+00 4.34207e+00 -5.54268e-06
3.80040e+00 4.39400e+00 -3.68922e-06
3.80040e+00 4.44407e+00 -2.45008e-06
3.80040e+00 4.49224e+00 -1.62669e-06
3.80040e+00 4.53847e+00 -1.08186e-06
3.80040e+00 4.58271e+00 -7.22187e-07
3.80040e+00 4.62491e+00 -4.84855e-07
3.80040e+00 4.66504e+00 -3.28045e-07
3.80040e+00 4.70305e+00 -2.24123e-07
3.80040e+00 4.73890e+00 -1.54929e-07
3.80040e+00 4.77257e+00 -1.08573e-07
3.80040e+00 4.80402e+00 -7.72815e-08
3.80040e+00 4.83322e+00 -5.59762e-08
3.80040e+00 4.86014e+00 -4.13309e-08
3.80040e+00 4.88475e+00 -3.11619e-08
3.80040e+00 4.90703e+00 -2.40294e-08
3.80040e+00 4.92696e+00 -1.89792e-08
3.80040e+00 4.94452e+00 -1.53751e-08
3.80040e+00 4.95969e+00 -1.27908e-08
3.80040e+00 4.97246e+00 -1.09392e-08
3.80040e+00 4.98281e+00 -9.62673e-09
3.80040e+00 4.99074e+00 -8.72394e-09
3.80040e+00 4.99623e+00 -8.14591e-09
3.80040e+00 4.99928e+00 -7.84030e-09
3.86649e+00 7.15683e-04 5.18610e-02
3.86649e+00 3.77012e-03 5.18609e-02
3.86649e+00 9.26216e-03 5.18604e-02
3.86649e+00 1.71877e-02 5.18587e-02
3.86649e+00 2.75390e-02 5.18551e-02
3.86649e+00 4.03061e-02 5.18483e-02
3.86649e+00 5.54766e-02 5.18368e-02
3.86649e+00 7.30356e-02 5.18191e-02
3.86649e+00 9.29659e-02 5.17930e-02
3.86649e+00 1.15248e-01 5.17565e-02
3.86649e+00 1.39860e-01 5.17069e-02
3.86649e+00 1.66779e-01 5.16417e-02
3.86649e+00 1.95977e-01 5.15577e-02
3.86649e+00 2.27426e-01 5.14519e-02
3.86649e+00 2.61096e-01 5.13207e-02
3.86649e+00 2.96953e-01 5.11603e-02
3.86649e+00 3.34963e-01 5.09669e-02
3.86649e+00 3.75089e-01 5.07361e-02
3.86649e+00 4.17290e-01 5.04633e-02
3.86649e+00 4.61527e-01 5.01436e-02
3.86649e+00 5.07755e-01 4.97719e-02
3.86649e+00 5.55930e-01 4.93426e-02
3.86649e+00 6.06005e-01 4.88501e-02
3.86649e+00 6.57930e-01 4.82881e-02
3.86649e+00 7.11655e-01 4.76506e-02
3.86649e+00 7.67127e-01 4.69308e-02
3.86649e+00 8.24292e-01 4.61225e-02
3.86649e+00 8.83095e-01 4.52190e-02
3.86649e+00 9.43478e-01 4.42140e-02
3.86649e+00 1.00538e+00 4.31018e-02
3.86649e+00 1.06875e+00 4.18771e-02
3.86649e+00 1.13351e+00 4.05357e-02
3.86649e+00 1.19960e+00 3.90747e-02
3.86649e+00 1.26697e+00 3.74927e-02
3.86649e+00 1.33555e+00 3.57908e-02
3.86649e+00 1.40526e+00 3.39721e-02
3.86649e+00 1.47604e+00 3.20430e-02
3.86649e+00 1.54782e+00 3.00129e-02
3.86649e+00 1.62053e+00 2.78947e-02
3.86649e+00 1.69410e+00 2.57051e-02
3.86649e+00 1.76846e+00 2.34641e-02
3.86649e+00 1.84353e+00 2.11953e-02
3.86649e+00 1.91924e+00 1.89250e-02
3.86649e+00 1.99553e+00 1.66817e-02
3.86649e+00 2.07230e+00 1.44952e-02
3.86649e+00 2.14949e+00 1.23951e-02
3.86649e+00 2.22703e+00 1.04099e-02
3.86649e+00 2.30483e+00 8.56543e-03
3.86649e+00 2.38282e+00 6.88334e-03
3.86649e+00 2.46093e+00 5.38028e-03
3.86649e+00 2.53907e+00 4.06679e-03
3.86649e+00 2.61718e+00 2.94687e-03
3.86649e+00 2.69517e+00 2.01791e-03
3.86649e+00 2.77297e+00 1.27107e-03
3.86649e+00 2.85051e+00 6.92175e-04
3.86649e+00 2.92770e+00 2.62861e-04
3.86649e+00 3.00447e+00 -3.79871e-05
3.86649e+00 3.08076e+00 -2.32747e-04
3.86649e+00 3.15647e+00 -3.43630e-04
3.86649e+00 3.23154e+00 -3.91460e-04
3.86649e+00 3.30590e+00 -3.94740e-04
3.86649e+00 3.37947e+00 -3.69067e-04
3.86649e+00 3.45218e+00 -3.26879e-04
3.86649e+00 3.52396e+00 -2.77519e-04
3.86649e+00 3.59474e+00 -2.27512e-04
3.86649e+00 3.66445e+00 -1.81001e-04
3.86649e+00 3.73303e+00 -1.40254e-04
3.86649e+00 3.80040e+00 -1.06159e-04
3.86649e+00 3.86649e+00 -7.86771e-05
3.86649e+00 3.93125e+00 -5.72153e-05
3.86649e+00 3.99462e+00 -4.09069e-05
3.86649e+00 4.05652e+00 -2.88075e-05
3.86649e+00 4.11690e+00 -2.00184e-05
3.86649e+00 4.17571e+00 -1.37514e-05
3.86649e+00 4.23287e+00 -9.35501e-06
3.86649e+00 4.28835e+00 -6.31418e-06
3.86649e+00 4.34207e+00 -4.23617e-06
3.86649e+00 4.39400e+00 -2.83032e-06
3.86649e+00 4.44407e+00 -1.88687e-06
3.86649e+00 4.49224e+00 -1.25759e-06
3.86649e+00 4.53847e+00 -8.39628e-07
3.86649e+00 4.58271e+00 -5.62670e-07
3.86649e+00 4.62491e+00 -3.79236e-07
3.86649e+00 4.66504e+00 -2.57587e-07
3.86649e+00 4.70305e+00 -1.76670e-07
3.86649e+00 4.73890e+00 -1.22597e-07
3.86649e+00 4.77257e+00 -8.62403e-08
3.86649e+00 4.80402e+00 -6.16136e-08
3.86649e+00 4.83322e+00 -4.47888e-08
3.86649e+00 4.86014e+00 -3.31853e-08
3.86649e+00 4.88475e+00 -2.51032e-08
3.86649e+00 4.90703e+00 -1.94177e-08
3.86649e+00 4.92696e+00 -1.53810e-08
3.86649e+00 4.94452e+00 -1.24928e-08
3.86649e+00 4.95969e+00 -1.04172e-08
3.86649e+00 4.97246e+00 -8.92707e-09
3.86649e+00 4.98281e+00 -7.86911e-09
3.86649e+00 4.99074e+00 -7.14037e-09
3.86649e+00 4.99623e+00 -6.67333e-09
3.86649e+00 4.99928e+00 -6.42623e-09
3.93125e+00 7.15683e-04 3.78048e-02
3.93125e+00 3.77012e-03 3.78047e-02
3.93125e+00 9.26216e-03 3.78043e-02
3.93125e+00 1.71877e-02 3.78031e-02
3.93125e+00 2.75390e-02 3.78005e-02
3.93125e+00 4.03061e-02 3.77957e-02
3.93125e+00 5.54766e-02 3.77875e-02
3.93125e+00 7.30356e-02 3.77748e-02
3.93125e+00 9.29659e-02 3.77562e-02
3.93125e+00 1.15248e-01 3.77301e-02
3.93125e+00 1.39860e-01 3.76948e-02
3.93125e+00 1.66779e-01 3.76482e-02
3.93125e+00 1.95977e-01 3.75883e-02
3.93125e+00 2.27426e-01 3.75127e-02
3.93125e+00 2.61096e-01 3.74190e-02
3.93125e+00 2.96953e-01 3.73046e-02
3.93125e+00 3.34963e-01 3.71664e-02
3.93125e+00 3.75089e-01 3.70015e-02
3.93125e+00 4.17290e-01 3.68065e-02
3.93125e+00 4.61527e-01 3.65781e-02
3.93125e+00 5.07755e-01 3.63123e-02
3.93125e+00 5.55930e-01 3.60052e-02
3.93125e+00 6.06005e-01 3.56528e-02
3.93125e+00 6.57930e-01 3.52505e-02
3.93125e+00 7.11655e-01 3.47938e-02
3.93125e+00 7.67127e-01 3.42780e-02
3.93125e+00 8.24292e-01 3.36983e-02
3.93125e+00 8.83095e-01 3.30500e-02
3.93125e+00 9.43478e-01 3.23284e-02
3.93125e+00 1.00538e+00 3.15292e-02
3.93125e+00 1.06875e+00 3.06485e-02
3.93125e+00 1.13351e+00 2.96831e-02
3.93125e+00 1.19960e+00 2.86307e-02
3.93125e+00 1.26697e+00 2.74902e-02
3.93125e+00 1.33555e+00 2.62620e-02
3.93125e+00 1.40526e+00 2.49483e-02
3.93125e+00 1.47604e+00 2.35533e-02
3.93125e+00 1.54782e+00 2.20838e-02
3.93125e+00 1.62053e+00 2.05487e-02
3.93125e+00 1.69410e+00 1.89599e-02
3.93125e+00 1.76846e+00 1.73317e-02
3.93125e+00 1.84353e+00 1.56811e-02
3.93125e+00 1.91924e+00 1.40270e-02
3.93125e+00 1.99553e+00 1.23901e-02
3.93125e+00 2.07230e+00 1.07918e-02
3.93125e+00 2.14949e+00 9.25396e-03
3.93125e+00 2.22703e+00 7.79733e-03
3.93125e+00 2.30483e+00 6.44093e-03
3.93125e+00 2.38282e+00 5.20092e-03
3.93125e+00 2.46093e+00 4.08981e-03
3.93125e+00 2.53907e+00 3.11575e-03
3.93125e+00 2.61718e+00 2.28216e-03
3.93125e+00 2.69517e+00 1.58764e-03
3.93125e+00 2.77297e+00 1.02626e-03
3.93125e+00 2.85051e+00 5.88136e-04
3.93125e+00 2.92770e+00 2.60244e-04
3.93125e+00 3.00447e+00 2.74727e-05
3.93125e+00 3.08076e+00 -1.26314e-04
3.93125e+00 3.15647e+00 -2.17233e-04
3.93125e+00 3.23154e+00 -2.60485e-04
3.93125e+00 3.30590e+00 -2.69653e-04
3.93125e+00 3.37947e+00 -2.56261e-04
3.93125e+00 3.45218e+00 -2.29566e-04
3.93125e+00 3.52396e+00 -1.96584e-04
3.93125e+00 3.59474e+00 -1.62274e-04
3.93125e+00 3.66445e+00 -1.29848e-04
3.93125e+00 3.73303e+00 -1.01122e-04
3.93125e+00 3.80040e+00 -7.68840e-05
3.93125e+00 3.86649e+00 -5.72153e-05
3.93125e+00 3.93125e+00 -4.17680e-05
3.93125e+00 3.99462e+00 -2.99715e-05
3.93125e+00 4.05652e+00 -2.11806e-05
3.93125e+00 4.11690e+00 -1.47685e-05
3.93125e+00 4.17571e+00 -1.01789e-05
3.93125e+00 4.23287e+00 -6.94737e-06
3.93125e+00 4.28835e+00 -4.70438e-06
3.93125e+00 4.34207e+00 -3.16635e-06
3.93125e+00 4.39400e+00 -2.12234e-06
3.93125e+00 4.44407e+00 -1.41942e-06
3.93125e+00 4.49224e+00 -9.49060e-07
3.93125e+00 4.53847e+00 -6.35659e-07
3.93125e+00 4.58271e+00 -4.27335e-07
3.93125e+00 4.62491e+00 -2.88930e-07
3.93125e+00 4.66504e+00 -1.96862e-07
3.93125e+00 4.70305e+00 -1.35438e-07
3.93125e+00 4.73890e+00 -9.42693e-08
3.93125e+00 4.77257e+00 -6.65103e-08
3.93125e+00 4.80402e+00 -4.76547e-08
3.93125e+00 4.83322e+00 -3.47378e-08
3.93125e+00 4.86014e+00 -2.58067e-08
3.93125e+00 4.88475e+00 -1.95707e-08
3.93125e+00 4.90703e+00 -1.51738e-08
3.93125e+00 4.92696e+00 -1.20453e-08
3.93125e+00 4.94452e+00 -9.80271e-09
3.93125e+00 4.95969e+00 -8.18819e-09
3.93125e+00 4.97246e+00 -7.02735e-09
3.93125e+00 4.98281e+00 -6.20214e-09
3.93125e+00 4.99074e+00 -5.63314e-09
3.93125e+00 4.99623e+00 -5.26819e-09
3.93125e+00 4.99928e+00 -5.07502e-09
3.99462e+00 7.15683e-04 2.72234e-02
3.99462e+00 3.77012e-03 2.72233e-02
3.99462e+00 9.26216e-03 2.72230e-02
3.99462e+00 1.71877e-02 2.72222e-02
3.99462e+00 2.75390e-02 2.72204e-02
3.99462e+00 4.03061e-02 2.72169e-02
3.99462e+00 5.54766e-02 2.72112e-02
3.99462e+00 7.30356e-02 2.72022e-02
3.99462e+00 9.29659e-02 2.71891e-02
3.99462e+00 1.15248e-01 2.71707e-02
3.99462e+00 1.39860e-01 2.71458e-02
3.99462e+00 1.66779e-01 2.71129e-02
3.99462e+00 1.95977e-01 2.70706e-02
3.99462e+00 2.27426e-01 2.70173e-02
3.99462e+00 2.61096e-01 2.69512e-02
3.99462e+00 2.96953e-01 2.68704e-02
3.99462e+00 3.34963e-01 2.67728e-02
3.99462e+00 3.75089e-01 2.66564e-02
3.99462e+00 4.17290e-01 2.65187e-02
3.99462e+00 4.61527e-01 2.63572e-02
3.99462e+00 5.07755e-01 2.61694e-02
3.99462e+00 5.55930e-01 2.59523e-02
3.99462e+00 6.06005e-01 2.57030e-02
3.99462e+00 6.57930e-01 2.54183e-02
3.99462e+00 7.11655e-01 2.50949e-02
3.99462e+00 7.67127e-01 2.47296e-02
3.99462e+00 8.24292e-01 2.43187e-02
3.99462e+00 8.83095e-01 2.38589e-02
3.99462e+00 9.43478e-01 2.33468e-02
3.99462e+00 1.00538e+00 2.27792e-02
3.99462e+00 1.06875e+00 2.21533e-02
3.99462e+00 1.13351e+00 2.14666e-02
3.99462e+00 1.19960e+00 2.07175e-02
3.99462e+00 1.26697e+00 1.99049e-02
3.99462e+00 1.33555e+00 1.90291e-02
3.99462e+00 1.40526e+00 1.80914e-02
3.99462e+00 1.47604e+00 1.70948e-02
3.99462e+00 1.54782e+00 1.60437e-02
3.99462e+00 1.62053e+00 1.49446e-02
3.99462e+00 1.69410e+00 1.38057e-02
3.99462e+00 1.76846e+00 1.26372e-02
3.99462e+00 1.84353e+00 1.14511e-02
3.99462e+00 1.91924e+00 1.02608e-02
3.99462e+00 1.99553e+00 9.08105e-03
3.99462e+00 2.07230e+00 7.92741e-03
3.99462e+00 2.14949e+00 6.81545e-03
3.99462e+00 2.22703e+00 5.76023e-03
3.99462e+00 2.30483e+00 4.77558e-03
3.99462e+00 2.38282e+00 3.87334e-03
3.99462e+00 2.46093e+00 3.06277e-03
3.99462e+00 2.53907e+00 2.35007e-03
3.99462e+00 2.61718e+00 1.73803e-03
3.99462e+00 2.69517e+00 1.22601e-03
3.99462e+00 2.77297e+00 8.10070e-04
3.99462e+00 2.85051e+00 4.83398e-04
3.99462e+00 2.92770e+00 2.36885e-04
3.99462e+00 3.00447e+00 5.98457e-05
3.99462e+00 3.08076e+00 -5.92100e-05
3.99462e+00 3.15647e+00 -1.31828e-04
3.99462e+00 3.23154e+00 -1.68956e-04
3.99462e+00 3.30590e+00 -1.80434e-04
3.99462e+00 3.37947e+00 -1.74656e-04
3.99462e+00 3.45218e+00 -1.58414e-04
3.99462e+00 3.52396e+00 -1.36896e-04
3.99462e+00 3.59474e+00 -1.13813e-04
3.99462e+00 3.66445e+00 -9.16056e-05
3.99462e+00 3.73303e+00 -7.16975e-05
3.99462e+00 3.80040e+00 -5.47521e-05
3.99462e+00 3.86649e+00 -4.09069e-05
3.99462e+00 3.93125e+00 -2.99715e-05
3.99462e+00 3.99462e+00 -2.15801e-05
3.99462e+00 4.05652e+00 -1.52998e-05
3.99462e+00 4.11690e+00 -1.07012e-05
3.99462e+00 4.17571e+00 -7.39767e-06
3.99462e+00 4.23287e+00 -5.06389e-06
3.99462e+00 4.28835e+00 -3.43881e-06
3.99462e+00 4.34207e+00 -2.32107e-06
3.99462e+00 4.39400e+00 -1.56009e-06
3.99462e+00 4.44407e+00 -1.04625e-06
3.99462e+00 4.49224e+00 -7.01455e-07
3.99462e+00 4.53847e+00 -4.71082e-07
3.99462e+00 4.58271e+00 -3.17536e-07
3.99462e+00 4.62491e+00 -2.15255e-07
3.99462e+00 4.66504e+00 -1.47042e-07
3.99462e+00 4.70305e+00 -1.01418e-07
3.99462e+00 4.73890e+00 -7.07644e-08
3.99462e+00 4.77257e+00 -5.00464e-08
3.99462e+00 4.80402e+00 -3.59412e-08
3.99462e+00 4.83322e+00 -2.62574e-08
3.99462e+00 4.86014e+00 -1.95477e-08
3.99462e+00 4.88475e+00 -1.48536e-08
3.99462e+00 4.90703e+00 -1.15377e-08
3.99462e+00 4.92696e+00 -9.17444e-09
3.99462e+00 4.94452e+00 -7.47773e-09
3.99462e+00 4.95969e+00 -6.25454e-09
3.99462e+00 4.97246e+00 -5.37402e-09
3.99462e+00 4.98281e+00 -4.74745e-09
3.99462e+00 4.99074e+00 -4.31507e-09
3.99462e+00 4.99623e+00 -4.03759e-09
3.99462e+00 4.99928e+00 -3.89065e-09
4.05652e+00 7.15683e-04 1.93860e-02
4.05652e+00 3.77012e-03 1.93859e-02
4.05652e+00 9.26216e-03 1.93857e-02
4.05652e+00 1.71877e-02 1.93851e-02
4.05652e+00 2.75390e-02 1.93839e-02
4.05652e+00 4.03061e-02 1.93815e-02
4.05652e+00 5.54766e-02 1.93774e-02
4.05652e+00 7.30356e-02 1.93712e-02
4.05652e+00 9.29659e-02 1.93620e-02
4.05652e+00 1.15248e-01 1.93492e-02
4.05652e+00 1.39860e-01 1.93318e-02
4.05652e+00 1.66779e-01 1.93088e-02
4.05652e+00 1.95977e-01 1.92793e-02
4.05652e+00 2.27426e-01 1.92421e-02
4.05652e+00 2.61096e-01 1.91959e-02
4.05652e+00 2.96953e-01 1.91394e-02
4.05652e+00 3.34963e-01 1.90713e-02
4.05652e+00 3.75089e-01 1.89899e-02
4.05652e+00 4.17290e-01 1.88936e-02
4.05652e+00 4.61527e-01 1.87808e-02
4.05652e+00 5.07755e-01 1.86494e-02
4.05652e+00 5.55930e-01 1.84975e-02
4.05652e+00 6.06005e-01 1.83230e-02
4.05652e+00 6.57930e-01 1.81236e-02
4.05652e+00 7.11655e-01 1.78971e-02
4.05652e+00 7.67127e-01 1.76410e-02
4.05652e+00 8.24292e-01 1.73529e-02
4.05652e+00 8.83095e-01 1.70302e-02
4.05652e+00 9.43478e-01 1.66707e-02
4.05652e+00 1.00538e+00 1.62719e-02
4.05652e+00 1.06875e+00 1.58317e-02
4.05652e+00 1.13351e+00 1.53486e-02
4.05652e+00 1.19960e+00 1.48210e-02
4.05652e+00 1.26697e+00 1.42483e-02
4.05652e+00 1.33555e+00 1.36305e-02
4.05652e+00 1.40526e+00 1.29685e-02
4.05652e+00 1.47604e+00 1.22642e-02
4.05652e+00 1.54782e+00 1.15207e-02
4.05652e+00 1.62053e+00 1.07423e-02
4.05652e+00 1.69410e+00 9.93497e-03
4.05652e+00 1.76846e+00 9.10565e-03
4.05652e+00 1.84353e+00 8.26277e-03
4.05652e+00 1.91924e+00 7.41584e-03
4.05652e+00 1.99553e+00 6.57527e-03
4.05652e+00 2.07230e+00 5.75205e-03
4.05652e+00 2.14949e+00 4.95727e-03
4.05652e+00 2.22703e+00 4.20172e-03
4.05652e+00 2.30483e+00 3.49530e-03
4.05652e+00 2.38282e+00 2.84661e-03
4.05652e+00 2.46093e+00 2.26240e-03
4.05652e+00 2.53907e+00 1.74729e-03
4.05652e+00 2.61718e+00 1.30350e-03
4.05652e+00 2.69517e+00 9.30814e-04
4.05652e+00 2.77297e+00 6.26657e-04
4.05652e+00 2.85051e+00 3.86389e-04
4.05652e+00 2.92770e+00 2.03705e-04
4.05652e+00 3.00447e+00 7.11340e-05
4.05652e+00 3.08076e+00 -1.94111e-05
4.05652e+00 3.15647e+00 -7.61053e-05
4.05652e+00 3.23154e+00 -1.06740e-04
4.05652e+00 3.30590e+00 -1.18357e-04
4.05652e+00 3.37947e+00 -1.16994e-04
4.05652e+00 3.45218e+00 -1.07569e-04
4.05652e+00 3.52396e+00 -9.38674e-05
4.05652e+00 3.59474e+00 -7.86233e-05
4.05652e+00 3.66445e+00 -6.36628e-05
4.05652e+00 3.73303e+00 -5.00784e-05
4.05652e+00 3.80040e+00 -3.84091e-05
4.05652e+00 3.86649e+00 -2.88075e-05
4.05652e+00 3.93125e+00 -2.11806e-05
4.05652e+00 3.99462e+00 -1.52998e-05
4.05652e+00 4.05652e+00 -1.08801e-05
4.05652e+00 4.11690e+00 -7.63174e-06
4.05652e+00 4.17571e+00 -5.29029e-06
4.05652e+00 4.23287e+00 -3.63093e-06
4.05652e+00 4.28835e+00 -2.47206e-06
4.05652e+00 4.34207e+00 -1.67273e-06
4.05652e+00 4.39400e+00 -1.12707e-06
4.05652e+00 4.44407e+00 -7.57671e-07
4.05652e+00 4.49224e+00 -5.09174e-07
4.05652e+00 4.53847e+00 -3.42742e-07
4.05652e+00 4.58271e+00 -2.31552e-07
4.05652e+00 4.62491e+00 -1.57317e-07
4.05652e+00 4.66504e+00 -1.07698e-07
4.05652e+00 4.70305e+00 -7.44386e-08
4.05652e+00 4.73890e+00 -5.20466e-08
4.05652e+00 4.77257e+00 -3.68818e-08
4.05652e+00 4.80402e+00 -2.65375e-08
4.05652e+00 4.83322e+00 -1.94227e-08
4.05652e+00 4.86014e+00 -1.44844e-08
4.05652e+00 4.88475e+00 -1.10240e-08
4.05652e+00 4.90703e+00 -8.57582e-09
4.05652e+00 4.92696e+00 -6.82854e-09
4.05652e+00 4.94452e+00 -5.57250e-09
4.05652e+00 4.95969e+00 -4.66600e-09
4.05652e+00 4.97246e+00 -4.01281e-09
4.05652e+00 4.98281e+00 -3.54763e-09
4.05652e+00 4.99074e+00 -3.22642e-09
4.05652e+00 4.99623e+00 -3.02017e-09
4.05652e+00 4.99928e+00 -2.91093e-09
4.11690e+00 7.15683e-04 1.36673e-02
4.11690e+00 3.77012e-03 1.36673e-02
4.11690e+00 9.26216e-03 1.36672e-02
4.11690e+00 1.71877e-02 1.36668e-02
4.11690e+00 2.75390e-02 1.36659e-02
4.11690e+00 4.03061e-02 1.36642e-02
4.11690e+00 5.54766e-02 1.36614e-02
4.11690e+00 7.30356e-02 1.36571e-02
4.11690e+00 9.29659e-02 1.36508e-02
4.11690e+00 1.15248e-01 1.36419e-02
4.11690e+00 1.39860e-01 1.36298e-02
4.11690e+00 1.66779e-01 1.36140e-02
4.11690e+00 1.95977e-01 1.35935e-02
4.11690e+00 2.27426e-01 1.35678e-02
4.11690e+00 2.61096e-01 1.35358e-02
4.11690e+00 2.96953e-01 1.34967e-02
4.11690e+00 3.34963e-01 1.34496e-02
4.11690e+00 3.75089e-01 1.33932e-02
4.11690e+00 4.17290e-01 1.33266e-02
4.11690e+00 4.61527e-01 1.32484e-02
4.11690e+00 5.07755e-01 1.31573e-02
4.11690e+00 5.55930e-01 1.30521e-02
4.11690e+00 6.06005e-01 1.29311e-02
4.11690e+00 6.57930e-01 1.27928e-02
4.11690e+00 7.11655e-01 1.26356e-02
4.11690e+00 7.67127e-01 1.24578e-02
4.11690e+00 8.24292e-01 1.22576e-02
4.11690e+00 8.83095e-01 1.20333e-02
4.11690e+00 9.43478e-01 1.17832e-02
4.11690e+00 1.00538e+00 1.15057e-02
4.11690e+00 1.06875e+00 1.11992e-02
4.11690e+00 1.13351e+00 1.08624e-02
4.11690e+00 1.19960e+00 1.04945e-02
4.11690e+00 1.26697e+00 1.00947e-02
4.11690e+00 1.33555e+00 9.66312e-03
4.11690e+00 1.40526e+00 9.20023e-03
4.11690e+00 1.47604e+00 8.70732e-03
4.11690e+00 1.54782e+00 8.18650e-03
4.11690e+00 1.62053e+00 7.64076e-03
4.11690e+00 1.69410e+00 7.07407e-03
4.11690e+00 1.76846e+00 6.49133e-03
4.11690e+00 1.84353e+00 5.89836e-03
4.11690e+00 1.91924e+00 5.30182e-03
4.11690e+00 1.99553e+00 4.70898e-03
4.11690e+00 2.07230e+00 4.12754e-03
4.11690e+00 2.14949e+00 3.56533e-03
4.11690e+00 2.22703e+00 3.02997e-03
4.11690e+00 2.30483e+00 2.52850e-03
4.11690e+00 2.38282e+00 2.06707e-03
4.11690e+00 2.46093e+00 1.65055e-03
4.11690e+00 2.53907e+00 1.28233e-03
4.11690e+00 2.61718e+00 9.64143e-04
4.11690e+00 2.69517e+00 6.95976e-04
4.11690e+00 2.77297e+00 4.76179e-04
4.11690e+00 2.85051e+00 3.01622e-04
4.11690e+00 2.92770e+00 1.67984e-04
4.11690e+00 3.00447e+00 7.00931e-05
4.11690e+00 3.08076e+00 2.31491e-06
4.11690e+00 3.15647e+00 -4.10788e-05
4.11690e+00 3.23154e+00 -6.55752e-05
4.11690e+00 3.30590e+00 -7.61565e-05
4.11690e+00 3.37947e+00 -7.71196e-05
4.11690e+00 3.45218e+00 -7.19833e-05
4.11690e+00 3.52396e+00 -6.34754e-05
4.11690e+00 3.59474e+00 -5.35850e-05
4.11690e+00 3.66445e+00 -4.36580e-05
4.11690e+00 3.73303e+00 -3.45176e-05
4.11690e+00 3.80040e+00 -2.65894e-05
4.11690e+00 3.86649e+00 -2.00184e-05
4.11690e+00 3.93125e+00 -1.47685e-05
4.11690e+00 3.99462e+00 -1.07012e-05
4.11690e+00 4.05652e+00 -7.63174e-06
4.11690e+00 4.11690e+00 -5.36761e-06
4.11690e+00 4.17571e+00 -3.73029e-06
4.11690e+00 4.23287e+00 -2.56648e-06
4.11690e+00 4.28835e+00 -1.75144e-06
4.11690e+00 4.34207e+00 -1.18780e-06
4.11690e+00 4.39400e+00 -8.02087e-07
4.11690e+00 4.44407e+00 -5.40353e-07
4.11690e+00 4.49224e+00 -3.63887e-07
4.11690e+00 4.53847e+00 -2.45442e-07
4.11690e+00 4.58271e+00 -1.66145e-07
4.11690e+00 4.62491e+00 -1.13097e-07
4.11690e+00 4.66504e+00 -7.75700e-08
4.11690e+00 4.70305e+00 -5.37122e-08
4.11690e+00 4.73890e+00 -3.76207e-08
4.11690e+00 4.77257e+00 -2.67041e-08
4.11690e+00 4.80402e+00 -1.92453e-08
4.11690e+00 4.83322e+00 -1.41071e-08
4.11690e+00 4.86014e+00 -1.05355e-08
4.11690e+00 4.88475e+00 -8.02922e-09
4.11690e+00 4.90703e+00 -6.25390e-09
4.11690e+00 4.92696e+00 -4.98533e-09
4.11690e+00 4.94452e+00 -4.07245e-09
4.11690e+00 4.95969e+00 -3.41299e-09
4.11690e+00 4.97246e+00 -2.93744e-09
4.11690e+00 4.98281e+00 -2.59853e-09
4.11690e+00 4.99074e+00 -2.36438e-09
4.11690e+00 4.99623e+00 -2.21398e-09
4.11690e+00 4.99928e+00 -2.13430e-09
4.17571e+00 7.15683e-04 9.55152e-03
4.17571e+00 3.77012e-03 9.55150e-03
4.17571e+00 9.26216e-03 9.55141e-03
4.17571e+00 1.71877e-02 9.55113e-03
4.17571e+00 2.75390e-02 9.55053e-03
4.17571e+00 4.03061e-02 9.54939e-03
4.17571e+00 5.54766e-02 9.54748e-03
4.17571e+00 7.30356e-02 9.54452e-03
4.17571e+00 9.29659e-02 9.54018e-03
4.17571e+00 1.15248e-01 9.53407e-03
4.17571e+00 1.39860e-01 9.52580e-03
4.17571e+00 1.66779e-01 9.51491e-03
4.17571e+00 1.95977e-01 9.50089e-03
4.17571e+00 2.27426e-01 9.48321e-03
4.17571e+00 2.61096e-01 9.46127e-03
4.17571e+00 2.96953e-01 9.43445e-03
4.17571e+00 3.34963e-01 9.40206e-03
4.17571e+00 3.75089e-01 9.36336e-03
4.17571e+00 4.17290e-01 9.31758e-03
4.17571e+00 4.61527e-01 9.26385e-03
4.17571e+00 5.07755e-01 9.20129e-03
4.17571e+00 5.55930e-01 9.12891e-03
4.17571e+00 6.06005e-01 9.04569e-03
4.17571e+00 6.57930e-01 8.95055e-03
4.17571e+00 7.11655e-01 8.84234e-03
4.17571e+00 7.67127e-01 8.71988e-03
4.17571e+00 8.24292e-01 8.58195e-03
4.17571e+00 8.83095e-01 8.42733e-03
4.17571e+00 9.43478e-01 8.25481e-03
4.17571e+00 1.00538e+00 8.06323e-03
4.17571e+00 1.06875e+00 7.85152e-03
4.17571e+00 1.13351e+00 7.61877e-03
4.17571e+00 1.19960e+00 7.36427e-03
4.17571e+00 1.26697e+00 7.08757e-03
4.17571e+00 1.33555e+00 6.78859e-03
4.17571e+00 1.40526e+00 6.46767e-03
4.17571e+00 1.47604e+00 6.12565e-03
4.17571e+00 1.54782e+00 5.76393e-03
4.17571e+00 1.62053e+00 5.38456e-03
4.17571e+00 1.69410e+00 4.99022e-03
4.17571e+00 1.76846e+00 4.58430e-03
4.17571e+00 1.84353e+00 4.17080e-03
4.17571e+00 1.91924e+00 3.75432e-03
4.17571e+00 1.99553e+00 3.33990e-03
4.17571e+00 2.07230e+00 2.93291e-03
4.17571e+00 2.14949e+00 2.53881e-03
4.17571e+00 2.22703e+00 2.16293e-03
4.17571e+00 2.30483e+00 1.81025e-03
4.17571e+00 2.38282e+00 1.48509e-03
4.17571e+00 2.46093e+00 1.19095e-03
4.17571e+00 2.53907e+00 9.30279e-04
4.17571e+00 2.61718e+00 7.04388e-04
4.17571e+00 2.69517e+00 5.13378e-04
4.17571e+00 2.77297e+00 3.56197e-04
4.17571e+00 2.85051e+00 2.30753e-04
4.17571e+00 2.92770e+00 1.34109e-04
4.17571e+00 3.00447e+00 6.27180e-05
4.17571e+00 3.08076e+00 1.26866e-05
4.17571e+00 3.15647e+00 -1.99620e-05
4.17571e+00 3.23154e+00 -3.90563e-05
4.17571e+00 3.30590e+00 -4.80889e-05
4.17571e+00 3.37947e+00 -5.00866e-05
4.17571e+00 3.45218e+00 -4.75419e-05
4.17571e+00 3.52396e+00 -4.23998e-05
4.17571e+00 3.59474e+00 -3.60905e-05
4.17571e+00 3.66445e+00 -2.95936e-05
4.17571e+00 3.73303e+00 -2.35196e-05
4.17571e+00 3.80040e+00 -1.81967e-05
4.17571e+00 3.86649e+00 -1.37514e-05
4.17571e+00 3.93125e+00 -1.01789e-05
4.17571e+00 3.99462e+00 -7.39767e-06
4.17571e+00 4.05652e+00 -5.29029e-06
4.17571e+00 4.11690e+00 -3.73029e-06
4.17571e+00 4.17571e+00 -2.59862e-06
4.17571e+00 4.23287e+00 -1.79193e-06
4.17571e+00 4.28835e+00 -1.22550e-06
4.17571e+00 4.34207e+00 -8.32835e-07
4.17571e+00 4.39400e+00 -5.63511e-07
4.17571e+00 4.44407e+00 -3.80359e-07
4.17571e+00 4.49224e+00 -2.56621e-07
4.17571e+00 4.53847e+00 -1.73403e-07
4.17571e+00 4.58271e+00 -1.17586e-07
4.17571e+00 4.62491e+00 -8.01774e-08
4.17571e+00 4.66504e+00 -5.50816e-08
4.17571e+00 4.70305e+00 -3.82006e-08
4.17571e+00 4.73890e+00 -2.67968e-08
4.17571e+00 4.77257e+00 -1.90486e-08
4.17571e+00 4.80402e+00 -1.37471e-08
4.17571e+00 4.83322e+00 -1.00900e-08
4.17571e+00 4.86014e+00 -7.54467e-09
4.17571e+00 4.88475e+00 -5.75646e-09
4.17571e+00 4.90703e+00 -4.48838e-09
4.17571e+00 4.92696e+00 -3.58135e-09
4.17571e+00 4.94452e+00 -2.92806e-09
4.17571e+00 4.95969e+00 -2.45575e-09
4.17571e+00 4.97246e+00 -2.11491e-09
4.17571e+00 4.98281e+00 -1.87188e-09
4.17571e+00 4.99074e+00 -1.70389e-09
4.17571e+00 4.99623e+00 -1.59595e-09
4.17571e+00 4.99928e+00 -1.53875e-09
4.23287e+00 7.15683e-04 6.62578e-03
4.23287e+00 3.77012e-03 6.62577e-03
4.23287e+00 9.26216e-03 6.62571e-03
4.23287e+00 1.71877e-02 6.62552e-03
4.23287e+00 2.75390e-02 6.62511e-03
4.23287e+00 4.03061e-02 6.62433e-03
4.23287e+00 5.54766e-02 6.62303e-03
4.23287e+00 7.30356e-02 6.62101e-03
4.23287e+00 9.29659e-02 6.61805e-03
4.23287e+00 1.15248e-01 6.61389e-03
4.23287e+00 1.39860e-01 6.60826e-03
4.23287e+00 1.66779e-01 6.60083e-03
4.23287e+00 1.95977e-01 6.59127e-03
4.23287e+00 2.27426e-01 6.57922e-03
4.23287e+00 2.61096e-01 6.56426e-03
4.23287e+00 2.96953e-01 6.54597e-03
4.23287e+00 3.34963e-01 6.52388e-03
4.23287e+00 3.75089e-01 6.49748e-03
4.23287e+00 4.17290e-01 6.46625e-03
4.23287e+00 4.61527e-01 6.42958e-03
4.23287e+00 5.07755e-01 6.38687e-03
4.23287e+00 5.55930e-01 6.33744e-03
4.23287e+00 6.06005e-01 6.28060e-03
4.23287e+00 6.57930e-01 6.21558e-03
4.23287e+00 7.11655e-01 6.14160e-03
4.23287e+00 7.67127e-01 6.05783e-03
4.23287e+00 8.24292e-01 5.96345e-03
4.23287e+00 8.83095e-01 5.85758e-03
4.23287e+00 9.43478e-01 5.73939e-03
4.23287e+00 1.00538e+00 5.60807e-03
4.23287e+00 1.06875e+00 5.46285e-03
4.23287e+00 1.13351e+00 5.30310e-03
4.23287e+00 1.19960e+00 5.12830e-03
4.23287e+00 1.26697e+00 4.93812e-03
4.23287e+00 1.33555e+00 4.73247e-03
4.23287e+00 1.40526e+00 4.51156e-03
4.23287e+00 1.47604e+00 4.27593e-03
4.23287e+00 1.54782e+00 4.02652e-03
4.23287e+00 1.62053e+00 3.76469e-03
4.23287e+00 1.69410e+00 3.49229e-03
4.23287e+00 1.76846e+00 3.21161e-03
4.23287e+00 1.84353e+00 2.92539e-03
4.23287e+00 1.91924e+00 2.63678e-03
4.23287e+00 1.99553e+00 2.34927e-03
4.23287e+00 2.07230e+00 2.06656e-03
4.23287e+00 2.14949e+00 1.79242e-03
4.23287e+00 2.22703e+00 1.53057e-03
4.23287e+00 2.30483e+00 1.28447e-03
4.23287e+00 2.38282e+00 1.05717e-03
4.23287e+00 2.46093e+00 8.51135e-04
4.23287e+00 2.53907e+00 6.68129e-04
4.23287e+00 2.61718e+00 5.09119e-04
4.23287e+00 2.69517e+00 3.74248e-04
4.23287e+00 2.77297e+00 2.62853e-04
4.23287e+00 2.85051e+00 1.73547e-04
4.23287e+00 2.92770e+00 1.04348e-04
4.23287e+00 3.00447e+00 5.28389e-05
4.23287e+00 3.08076e+00 1.63519e-05
4.23287e+00 3.15647e+00 -7.85411e-06
4.23287e+00 3.23154e+00 -2.24295e-05
4.23287e+00 3.30590e+00 -2.98028e-05
4.23287e+00 3.37947e+00 -3.20886e-05
4.23287e+00 3.45218e+00 -3.10371e-05
4.23287e+00 3.52396e+00 -2.80223e-05
4.23287e+00 3.59474e+00 -2.40626e-05
4.23287e+00 3.66445e+00 -1.98630e-05
4.23287e+00 3.73303e+00 -1.58704e-05
4.23287e+00 3.80040e+00 -1.23327e-05
4.23287e+00 3.86649e+00 -9.35501e-06
4.23287e+00 3.93125e+00 -6.94737e-06
4.23287e+00 3.99462e+00 -5.06389e-06
4.23287e+00 4.05652e+00 -3.63093e-06
4.23287e+00 4.11690e+00 -2.56648e-06
4.23287e+00 4.17571e+00 -1.79193e-06
4.23287e+00 4.23287e+00 -1.23828e-06
4.23287e+00 4.28835e+00 -8.48563e-07
4.23287e+00 4.34207e+00 -5.77777e-07
4.23287e+00 4.39400e+00 -3.91649e-07
4.23287e+00 4.44407e+00 -2.64820e-07
4.23287e+00 4.49224e+00 -1.78970e-07
4.23287e+00 4.53847e+00 -1.21130e-07
4.23287e+00 4.58271e+00 -8.22677e-08
4.23287e+00 4.62491e+00 -5.61798e-08
4.23287e+00 4.66504e+00 -3.86513e-08
4.23287e+00 4.70305e+00 -2.68431e-08
4.23287e+00 4.73890e+00 -1.88549e-08
4.23287e+00 4.77257e+00 -1.34201e-08
4.23287e+00 4.80402e+00 -9.69674e-09
4.23287e+00 4.83322e+00 -7.12524e-09
4.23287e+00 4.86014e+00 -5.33348e-09
4.23287e+00 4.88475e+00 -4.07337e-09
4.23287e+00 4.90703e+00 -3.17893e-09
4.23287e+00 4.92696e+00 -2.53860e-09
4.23287e+00 4.94452e+00 -2.07704e-09
4.23287e+00 4.95969e+00 -1.74312e-09
4.23287e+00 4.97246e+00 -1.50201e-09
4.23287e+00 4.98281e+00 -1.32999e-09
4.23287e+00 4.99074e+00 -1.21105e-09
4.23287e+00 4.99623e+00 -1.13460e-09
4.23287e+00 4.99928e+00 -1.09408e-09
4.28835e+00 7.15683e-04 4.56876e-03
4.28835e+00 3.77012e-03 4.56875e-03
4.28835e+00 9.26216e-03 4.56870e-03
4.28835e+00 1.71877e-02 4.56858e-03
4.28835e+00 2.75390e-02 4.56830e-03
4.28835e+00 4.03061e-02 4.56777e-03
4.28835e+00 5.54766e-02 4.56689e-03
4.28835e+00 7.30356e-02 4.56552e-03
4.28835e+00 9.29659e-02 4.56352e-03
4.28835e+00 1.15248e-01 4.56070e-03
4.28835e+00 1.39860e-01 4.55687e-03
4.28835e+00 1.66779e-01 4.55184e-03
4.28835e+00 1.95977e-01 4.54536e-03
4.28835e+00 2.27426e-01 4.53718e-03
4.28835e+00 2.61096e-01 4.52704e-03
4.28835e+00 2.96953e-01 4.51463e-03
4.28835e+00 3.34963e-01 4.49965e-03
4.28835e+00 3.75089e-01 4.48174e-03
4.28835e+00 4.17290e-01 4.46053e-03
4.28835e+00 4.61527e-01 4.43564e-03
4.28835e+00 5.07755e-01 4.40664e-03
4.28835e+00 5.55930e-01 4.37307e-03
4.28835e+00 6.06005e-01 4.33444e-03
4.28835e+00 6.57930e-01 4.29025e-03
4.28835e+00 7.11655e-01 4.23994e-03
4.28835e+00 7.67127e-01 4.18296e-03
4.28835e+00 8.24292e-01 4.11872e-03
4.28835e+00 8.83095e-01 4.04662e-03
4.28835e+00 9.43478e-01 3.96610e-03
4.28835e+00 1.00538e+00 3.87657e-03
4.28835e+00 1.06875e+00 3.77752e-03
4.28835e+00 1.13351e+00 3.66848e-03
4.28835e+00 1.19960e+00 3.54909e-03
4.28835e+00 1.26697e+00 3.41910e-03
4.28835e+00 1.33555e+00 3.27845e-03
4.28835e+00 1.40526e+00 3.12724e-03
4.28835e+00 1.47604e+00 2.96583e-03
4.28835e+00 1.54782e+00 2.79485e-03
4.28835e+00 1.62053e+00 2.61520e-03
4.28835e+00 1.69410e+00 2.42813e-03
4.28835e+00 1.76846e+00 2.23519e-03
4.28835e+00 1.84353e+00 2.03825e-03
4.28835e+00 1.91924e+00 1.83946e-03
4.28835e+00 1.99553e+00 1.64121e-03
4.28835e+00 2.07230e+00 1.44603e-03
4.28835e+00 2.14949e+00 1.25652e-03
4.28835e+00 2.22703e+00 1.07526e-03
4.28835e+00 2.30483e+00 9.04638e-04
4.28835e+00 2.38282e+00 7.46781e-04
4.28835e+00 2.46093e+00 6.03422e-04
4.28835e+00 2.53907e+00 4.75812e-04
4.28835e+00 2.61718e+00 3.64662e-04
4.28835e+00 2.69517e+00 2.70113e-04
4.28835e+00 2.77297e+00 1.91755e-04
4.28835e+00 2.85051e+00 1.28673e-04
4.28835e+00 2.92770e+00 7.95350e-05
4.28835e+00 3.00447e+00 4.27061e-05
4.28835e+00 3.08076e+00 1.63671e-05
4.28835e+00 3.15647e+00 -1.35935e-06
4.28835e+00 3.23154e+00 -1.22964e-05
4.28835e+00 3.30590e+00 -1.81218e-05
4.28835e+00 3.37947e+00 -2.03027e-05
4.28835e+00 3.45218e+00 -2.00593e-05
4.28835e+00 3.52396e+00 -1.83552e-05
4.28835e+00 3.59474e+00 -1.59093e-05
4.28835e+00 3.66445e+00 -1.32244e-05
4.28835e+00 3.73303e+00 -1.06241e-05
4.28835e+00 3.80040e+00 -8.29281e-06
4.28835e+00 3.86649e+00 -6.31418e-06
4.28835e+00 3.93125e+00 -4.70438e-06
4.28835e+00 3.99462e+00 -3.43881e-06
4.28835e+00 4.05652e+00 -2.47206e-06
4.28835e+00 4.11690e+00 -1.75144e-06
4.28835e+00 4.17571e+00 -1.22550e-06
4.28835e+00 4.23287e+00 -8.48563e-07
4.28835e+00 4.28835e+00 -5.82596e-07
4.28835e+00 4.34207e+00 -3.97390e-07
4.28835e+00 4.39400e+00 -2.69829e-07
4.28835e+00 4.44407e+00 -1.82744e-07
4.28835e+00 4.49224e+00 -1.23692e-07
4.28835e+00 4.53847e+00 -8.38407e-08
4.28835e+00 4.58271e+00 -5.70228e-08
4.28835e+00 4.62491e+00 -3.89932e-08
4.28835e+00 4.66504e+00 -2.68620e-08
4.28835e+00 4.70305e+00 -1.86787e-08
4.28835e+00 4.73890e+00 -1.31357e-08
4.28835e+00 4.77257e+00 -9.35993e-09
4.28835e+00 4.80402e+00 -6.77024e-09
4.28835e+00 4.83322e+00 -4.97979e-09
4.28835e+00 4.86014e+00 -3.73102e-09
4.28835e+00 4.88475e+00 -2.85197e-09
4.28835e+00 4.90703e+00 -2.22749e-09
4.28835e+00 4.92696e+00 -1.78008e-09
4.28835e+00 4.94452e+00 -1.45736e-09
4.28835e+00 4.95969e+00 -1.22374e-09
4.28835e+00 4.97246e+00 -1.05496e-09
4.28835e+00 4.98281e+00 -9.34505e-10
4.28835e+00 4.99074e+00 -8.51182e-10
4.28835e+00 4.99623e+00 -7.97614e-10
4.28835e+00 4.99928e+00 -7.69217e-10
4.34207e+00 7.15683e-04 3.13625e-03
4.34207e+00 3.77012e-03 3.13624e-03
4.34207e+00 9.26216e-03 3.13621e-03
4.34207e+00 1.71877e-02 3.13613e-03
4.34207e+00 2.75390e-02 3.13594e-03
4.34207e+00 4.03061e-02 3.13558e-03
4.34207e+00 5.54766e-02 3.13499e-03
4.34207e+00 7.30356e-02 3.13407e-03
4.34207e+00 9.29659e-02 3.13271e-03
4.34207e+00 1.15248e-01 3.13081e-03
4.34207e+00 1.39860e-01 3.12822e-03
4.34207e+00 1.66779e-01 3.12482e-03
4.34207e+00 1.95977e-01 3.12044e-03
4.34207e+00 2.27426e-01 3.11492e-03
4.34207e+00 2.61096e-01 3.10807e-03
4.34207e+00 2.96953e-01 3.09968e-03
4.34207e+00 3.34963e-01 3.08956e-03
4.34207e+00 3.75089e-01 3.07745e-03
4.34207e+00 4.17290e-01 3.06311e-03
4.34207e+00 4.61527e-01 3.04628e-03
4.34207e+00 5.07755e-01 3.02666e-03
4.34207e+00 5.55930e-01 3.00395e-03
4.34207e+00 6.06005e-01 2.97780e-03
4.34207e+00 6.57930e-01 2.94788e-03
4.34207e+00 7.11655e-01 2.91380e-03
4.34207e+00 7.67127e-01 2.87519e-03
4.34207e+00 8.24292e-01 2.83163e-03
4.34207e+00 8.83095e-01 2.78273e-03
4.34207e+00 9.43478e-01 2.72809e-03
4.34207e+00 1.00538e+00 2.66729e-03
4.34207e+00 1.06875e+00 2.60000e-03
4.34207e+00 1.13351e+00 2.52587e-03
4.34207e+00 1.19960e+00 2.44466e-03
4.34207e+00 1.26697e+00 2.35618e-03
4.34207e+00 1.33555e+00 2.26038e-03
4.34207e+00 1.40526e+00 2.15731e-03
4.34207e+00 1.47604e+00 2.04721e-03
4.34207e+00 1.54782e+00 1.93049e-03
4.34207e+00 1.62053e+00 1.80775e-03
4.34207e+00 1.69410e+00 1.67984e-03
4.34207e+00 1.76846e+00 1.54780e-03
4.34207e+00 1.84353e+00 1.41289e-03
4.34207e+00 1.91924e+00 1.27659e-03
4.34207e+00 1.99553e+00 1.14050e-03
4.34207e+00 2.07230e+00 1.00638e-03
4.34207e+00 2.14949e+00 8.75994e-04
4.34207e+00 2.22703e+00 7.51116e-04
4.34207e+00 2.30483e+00 6.33401e-04
4.34207e+00 2.38282e+00 5.24318e-04
4.34207e+00 2.46093e+00 4.25077e-04
4.34207e+00 2.53907e+00 3.36561e-04
4.34207e+00 2.61718e+00 2.59285e-04
4.34207e+00 2.69517e+00 1.93375e-04
4.34207e+00 2.77297e+00 1.38579e-04
4.34207e+00 2.85051e+00 9.42947e-05
4.34207e+00 2.92770e+00 5.96338e-05
4.34207e+00 3.00447e+00 3.34923e-05
4.34207e+00 3.08076e+00 1.46359e-05
4.34207e+00 3.15647e+00 1.78476e-06
4.34207e+00 3.23154e+00 -6.30950e-06
4.34207e+00 3.30590e+00 -1.08002e-05
4.34207e+00 3.37947e+00 -1.26999e-05
4.34207e+00 3.45218e+00 -1.28549e-05
4.34207e+00 3.52396e+00 -1.19365e-05
4.34207e+00 3.59474e+00 -1.04494e-05
4.34207e+00 3.66445e+00 -8.74947e-06
4.34207e+00 3.73303e+00 -7.06874e-06
4.34207e+00 3.80040e+00 -5.54268e-06
4.34207e+00 3.86649e+00 -4.23617e-06
4.34207e+00 3.93125e+00 -3.16635e-06
4.34207e+00 3.99462e+00 -2.32107e-06
4.34207e+00 4.05652e+00 -1.67273e-06
4.34207e+00 4.11690e+00 -1.18780e-06
4.34207e+00 4.17571e+00 -8.32835e-07
4.34207e+00 4.23287e+00 -5.77777e-07
4.34207e+00 4.28835e+00 -3.97390e-07
4.34207e+00 4.34207e+00 -2.71514e-07
4.34207e+00 4.39400e+00 -1.84650e-07
4.34207e+00 4.44407e+00 -1.25243e-07
4.34207e+00 4.49224e+00 -8.48928e-08
4.34207e+00 4.53847e+00 -5.76199e-08
4.34207e+00 4.58271e+00 -3.92399e-08
4.34207e+00 4.62491e+00 -2.68661e-08
4.34207e+00 4.66504e+00 -1.85295e-08
4.34207e+00 4.70305e+00 -1.28991e-08
4.34207e+00 4.73890e+00 -9.08087e-09
4.34207e+00 4.77257e+00 -6.47717e-09
4.34207e+00 4.80402e+00 -4.68952e-09
4.34207e+00 4.83322e+00 -3.45241e-09
4.34207e+00 4.86014e+00 -2.58879e-09
4.34207e+00 4.88475e+00 -1.98037e-09
4.34207e+00 4.90703e+00 -1.54782e-09
4.34207e+00 4.92696e+00 -1.23771e-09
4.34207e+00 4.94452e+00 -1.01388e-09
4.34207e+00 4.95969e+00 -8.51767e-10
4.34207e+00 4.97246e+00 -7.34597e-10
4.34207e+00 4.98281e+00 -6.50937e-10
4.34207e+00 4.99074e+00 -5.93051e-10
4.34207e+00 4.99623e+00 -5.55828e-10
4.34207e+00 4.99928e+00 -5.36093e-10
4.39400e+00 7.15683e-04 2.14666e-03
4.39400e+00 3.77012e-03 2.14665e-03
4.39400e+00 9.26216e-03 2.14663e-03
4.39400e+00 1.71877e-02 2.14657e-03
4.39400e+00 2.75390e-02 2.14645e-03
4.39400e+00 4.03061e-02 2.14621e-03
4.39400e+00 5.54766e-02 2.14581e-03
4.39400e+00 7.30356e-02 2.14518e-03
4.39400e+00 9.29659e-02 2.14427e-03
4.39400e+00 1.15248e-01 2.14299e-03
4.39400e+00 1.39860e-01 2.14125e-03
4.39400e+00 1.66779e-01 2.13895e-03
4.39400e+00 1.95977e-01 2.13600e-03
4.39400e+00 2.27426e-01 2.13228e-03
4.39400e+00 2.61096e-01 2.12766e-03
4.39400e+00 2.96953e-01 2.12201e-03
4.39400e+00 3.34963e-01 2.11518e-03
4.39400e+00 3.75089e-01 2.10701e-03
4.39400e+00 4.17290e-01 2.09734e-03
4.39400e+00 4.61527e-01 2.08598e-03
4.39400e+00 5.07755e-01 2.07274e-03
4.39400e+00 5.55930e-01 2.05741e-03
4.39400e+00 6.06005e-01 2.03975e-03
4.39400e+00 6.57930e-01 2.01954e-03
4.39400e+00 7.11655e-01 1.99651e-03
4.39400e+00 7.67127e-01 1.97040e-03
4.39400e+00 8.24292e-01 1.94094e-03
4.39400e+00 8.83095e-01 1.90785e-03
4.39400e+00 9.43478e-01 1.87085e-03
4.39400e+00 1.00538e+00 1.82967e-03
4.39400e+00 1.06875e+00 1.78406e-03
4.39400e+00 1.13351e+00 1.73379e-03
4.39400e+00 1.19960e+00 1.67869e-03
4.39400e+00 1.26697e+00 1.61862e-03
4.39400e+00 1.33555e+00 1.55353e-03
4.39400e+00 1.40526e+00 1.48345e-03
4.39400e+00 1.47604e+00 1.40855e-03
4.39400e+00 1.54782e+00 1.32908e-03
4.39400e+00 1.62053e+00 1.24546e-03
4.39400e+00 1.69410e+00 1.15824e-03
4.39400e+00 1.76846e+00 1.06812e-03
4.39400e+00 1.84353e+00 9.75975e-04
4.39400e+00 1.91924e+00 8.82783e-04
4.39400e+00 1.99553e+00 7.89651e-04
4.39400e+00 2.07230e+00 6.97760e-04
4.39400e+00 2.14949e+00 6.08333e-04
4.39400e+00 2.22703e+00 5.22574e-04
4.39400e+00 2.30483e+00 4.41625e-04
4.39400e+00 2.38282e+00 3.66500e-04
4.39400e+00 2.46093e+00 2.98039e-04
4.39400e+00 2.53907e+00 2.36863e-04
4.39400e+00 2.61718e+00 1.83340e-04
4.39400e+00 2.69517e+00 1.37577e-04
4.39400e+00 2.77297e+00 9.94175e-05
4.39400e+00 2.85051e+00 6.84696e-05
4.39400e+00 2.92770e+00 4.41399e-05
4.39400e+00 3.00447e+00 2.56858e-05
4.39400e+00 3.08076e+00 1.22720e-05
4.39400e+00 3.15647e+00 3.02828e-06
4.39400e+00 3.23154e+00 -2.89741e-06
4.39400e+00 3.30590e+00 -6.29526e-06
4.39400e+00 3.37947e+00 -7.86182e-06
4.39400e+00 3.45218e+00 -8.18147e-06
4.39400e+00 3.52396e+00 -7.72036e-06
4.39400e+00 3.59474e+00 -6.83079e-06
4.39400e+00 3.66445e+00 -5.76333e-06
4.39400e+00 3.73303e+00 -4.68331e-06
4.39400e+00 3.80040e+00 -3.68922e-06
4.39400e+00 3.86649e+00 -2.83032e-06
4.39400e+00 3.93125e+00 -2.12234e-06
4.39400e+00 3.99462e+00 -1.56009e-06
4.39400e+00 4.05652e+00 -1.12707e-06
4.39400e+00 4.11690e+00 -8.02087e-07
4.39400e+00 4.17571e+00 -5.63511e-07
4.39400e+00 4.23287e+00 -3.91649e-07
4.39400e+00 4.28835e+00 -2.69829e-07
4.39400e+00 4.34207e+00 -1.84650e-07
4.39400e+00 4.39400e+00 -1.25762e-07
4.39400e+00 4.44407e+00 -8.54200e-08
4.39400e+00 4.49224e+00 -5.79764e-08
4.39400e+00 4.53847e+00 -3.94001e-08
4.39400e+00 4.58271e+00 -2.68639e-08
4.39400e+00 4.62491e+00 -1.84135e-08
4.39400e+00 4.66504e+00 -1.27135e-08
4.39400e+00 4.70305e+00 -8.85933e-09
4.39400e+00 4.73890e+00 -6.24291e-09
4.39400e+00 4.77257e+00 -4.45697e-09
4.39400e+00 4.80402e+00 -3.22964e-09
4.39400e+00 4.83322e+00 -2.37954e-09
4.39400e+00 4.86014e+00 -1.78563e-09
4.39400e+00 4.88475e+00 -1.36690e-09
4.39400e+00 4.90703e+00 -1.06901e-09
4.39400e+00 4.92696e+00 -8.55305e-10
4.39400e+00 4.94452e+00 -7.00982e-10
4.39400e+00 4.95969e+00 -5.89152e-10
4.39400e+00 4.97246e+00 -5.08293e-10
4.39400e+00 4.98281e+00 -4.50540e-10
4.39400e+00 4.99074e+00 -4.10569e-10
4.39400e+00 4.99623e+00 -3.84860e-10
4.39400e+00 4.99928e+00 -3.71228e-10
4.44407e+00 7.15683e-04 1.46747e-03
4.44407e+00 3.77012e-03 1.46747e-03
4.44407e+00 9.26216e-03 1.46745e-03
4.44407e+00 1.71877e-02 1.46741e-03
4.44407e+00 2.75390e-02 1.46733e-03
4.44407e+00 4.03061e-02 1.46717e-03
4.44407e+00 5.54766e-02 1.46690e-03
4.44407e+00 7.30356e-02 1.46648e-03
4.44407e+00 9.29659e-02 1.46586e-03
4.44407e+00 1.15248e-01 1.46500e-03
4.44407e+00 1.39860e-01 1.46383e-03
4.44407e+00 1.66779e-01 1.46228e-03
4.44407e+00 1.95977e-01 1.46029e-03
4.44407e+00 2.27426e-01 1.45778e-03
4.44407e+00 2.61096e-01 1.45467e-03
4.44407e+00 2.96953e-01 1.45086e-03
4.44407e+00 3.34963e-01 1.44626e-03
4.44407e+00 3.75089e-01 1.44075e-03
4.44407e+00 4.17290e-01 1.43423e-03
4.44407e+00 4.61527e-01 1.42658e-03
4.44407e+00 5.07755e-01 1.41764e-03
4.44407e+00 5.55930e-01 1.40730e-03
4.44407e+00 6.06005e-01 1.39538e-03
4.44407e+00 6.57930e-01 1.38173e-03
4.44407e+00 7.11655e-01 1.36618e-03
4.44407e+00 7.67127e-01 1.34854e-03
4.44407e+00 8.24292e-01 1.32863e-03
4.44407e+00 8.83095e-01 1.30625e-03
4.44407e+00 9.43478e-01 1.28122e-03
4.44407e+00 1.00538e+00 1.25335e-03
4.44407e+00 1.06875e+00 1.22246e-03
4.44407e+00 1.13351e+00 1.18840e-03
4.44407e+00 1.19960e+00 1.15104e-03
4.44407e+00 1.26697e+00 1.11029e-03
4.44407e+00 1.33555e+00 1.06611e-03
4.44407e+00 1.40526e+00 1.01851e-03
4.44407e+00 1.47604e+00 9.67603e-04
4.44407e+00 1.54782e+00 9.13554e-04
4.44407e+00 1.62053e+00 8.56638e-04
4.44407e+00 1.69410e+00 7.97227e-04
4.44407e+00 1.76846e+00 7.35800e-04
4.44407e+00 1.84353e+00 6.72933e-04
4.44407e+00 1.91924e+00 6.09298e-04
4.44407e+00 1.99553e+00 5.45644e-04
4.44407e+00 2.07230e+00 4.82776e-04
4.44407e+00 2.14949e+00 4.21527e-04
4.44407e+00 2.22703e+00 3.62723e-04
4.44407e+00 2.30483e+00 3.07146e-04
4.44407e+00 2.38282e+00 2.55496e-04
4.44407e+00 2.46093e+00 2.08354e-04
4.44407e+00 2.53907e+00 1.66154e-04
4.44407e+00 2.61718e+00 1.29160e-04
4.44407e+00 2.69517e+00 9.74563e-05
4.44407e+00 2.77297e+00 7.09488e-05
4.44407e+00 2.85051e+00 4.93802e-05
4.44407e+00 2.92770e+00 3.23555e-05
4.44407e+00 3.00447e+00 1.93755e-05
4.44407e+00 3.08076e+00 9.87529e-06
4.44407e+00 3.15647e+00 3.26410e-06
4.44407e+00 3.23154e+00 -1.03894e-06
4.44407e+00 3.30590e+00 -3.57435e-06
4.44407e+00 3.37947e+00 -4.82037e-06
4.44407e+00 3.45218e+00 -5.17980e-06
4.44407e+00 3.52396e+00 -4.97541e-06
4.44407e+00 3.59474e+00 -4.45251e-06
4.44407e+00 3.66445e+00 -3.78686e-06
4.44407e+00 3.73303e+00 -3.09570e-06
4.44407e+00 3.80040e+00 -2.45008e-06
4.44407e+00 3.86649e+00 -1.88687e-06
4.44407e+00 3.93125e+00 -1.41942e-06
4.44407e+00 3.99462e+00 -1.04625e-06
4.44407e+00 4.05652e+00 -7.57671e-07
4.44407e+00 4.11690e+00 -5.40353e-07
4.44407e+00 4.17571e+00 -3.80359e-07
4.44407e+00 4.23287e+00 -2.64820e-07
4.44407e+00 4.28835e+00 -1.82744e-07
4.44407e+00 4.34207e+00 -1.25243e-07
4.44407e+00 4.39400e+00 -8.54200e-08
4.44407e+00 4.44407e+00 -5.80950e-08
4.44407e+00 4.49224e+00 -3.94790e-08
4.44407e+00 4.53847e+00 -2.68607e-08
4.44407e+00 4.58271e+00 -1.83344e-08
4.44407e+00 4.62491e+00 -1.25802e-08
4.44407e+00 4.66504e+00 -8.69445e-09
4.44407e+00 4.70305e+00 -6.06435e-09
4.44407e+00 4.73890e+00 -4.27712e-09
4.44407e+00 4.77257e+00 -3.05607e-09
4.44407e+00 4.80402e+00 -2.21622e-09
4.44407e+00 4.83322e+00 -1.63406e-09
4.44407e+00 4.86014e+00 -1.22703e-09
4.44407e+00 4.88475e+00 -9.39869e-10
4.44407e+00 4.90703e+00 -7.35451e-10
4.44407e+00 4.92696e+00 -5.88725e-10
4.44407e+00 4.94452e+00 -4.82716e-10
4.44407e+00 4.95969e+00 -4.05863e-10
4.44407e+00 4.97246e+00 -3.50274e-10
4.44407e+00 4.98281e+00 -3.10558e-10
4.44407e+00 4.99074e+00 -2.83064e-10
4.44407e+00 4.99623e+00 -2.65377e-10
4.44407e+00 4.99928e+00 -2.55997e-10
4.49224e+00 7.15683e-04 1.00362e-03
4.49224e+00 3.77012e-03 1.00362e-03
4.49224e+00 9.26216e-03 1.00361e-03
4.49224e+00 1.71877e-02 1.00358e-03
4.49224e+00 2.75390e-02 1.00352e-03
4.49224e+00 4.03061e-02 1.00341e-03
4.49224e+00 5.54766e-02 1.00323e-03
4.49224e+00 7.30356e-02 1.00295e-03
4.49224e+00 9.29659e-02 1.00253e-03
4.49224e+00 1.15248e-01 1.00195e-03
4.49224e+00 1.39860e-01 1.00116e-03
4.49224e+00 1.66779e-01 1.00012e-03
4.49224e+00 1.95977e-01 9.98779e-04
4.49224e+00 2.27426e-01 9.97087e-04
4.49224e+00 2.61096e-01 9.94986e-04
4.49224e+00 2.96953e-01 9.92416e-04
4.49224e+00 3.34963e-01 9.89310e-04
4.49224e+00 3.75089e-01 9.85596e-04
4.49224e+00 4.17290e-01 9.81195e-04
4.49224e+00 4.61527e-01 9.76025e-04
4.49224e+00 5.07755e-01 9.69994e-04
4.49224e+00 5.55930e-01 9.63005e-04
4.49224e+00 6.06005e-01 9.54954e-04
4.49224e+00 6.57930e-01 9.45730e-04
4.49224e+00 7.11655e-01 9.35215e-04
4.49224e+00 7.67127e-01 9.23285e-04
4.49224e+00 8.24292e-01 9.09813e-04
4.49224e+00 8.83095e-01 8.94667e-04
4.49224e+00 9.43478e-01 8.77716e-04
4.49224e+00 1.00538e+00 8.58833e-04
4.49224e+00 1.06875e+00 8.37895e-04
4.49224e+00 1.13351e+00 8.14796e-04
4.49224e+00 1.19960e+00 7.89445e-04
4.49224e+00 1.26697e+00 7.61778e-04
4.49224e+00 1.33555e+00 7.31763e-04
4.49224e+00 1.40526e+00 6.99413e-04
4.49224e+00 1.47604e+00 6.64786e-04
4.49224e+00 1.54782e+00 6.28000e-04
4.49224e+00 1.62053e+00 5.89236e-04
4.49224e+00 1.69410e+00 5.48745e-04
4.49224e+00 1.76846e+00 5.06848e-04
4.49224e+00 1.84353e+00 4.63936e-04
4.49224e+00 1.91924e+00 4.20464e-04
4.49224e+00 1.99553e+00 3.76940e-04
4.49224e+00 2.07230e+00 3.33914e-04
4.49224e+00 2.14949e+00 2.91953e-04
4.49224e+00 2.22703e+00 2.51624e-04
4.49224e+00 2.30483e+00 2.13462e-04
4.49224e+00 2.38282e+00 1.77949e-04
4.49224e+00 2.46093e+00 1.45490e-04
4.49224e+00 2.53907e+00 1.16386e-04
4.49224e+00 2.61718e+00 9.08246e-05
4.49224e+00 2.69517e+00 6.88719e-05
4.49224e+00 2.77297e+00 5.04710e-05
4.49224e+00 2.85051e+00 3.54535e-05
4.49224e+00 2.92770e+00 2.35558e-05
4.49224e+00 3.00447e+00 1.44420e-05
4.49224e+00 3.08076e+00 7.73003e-06
4.49224e+00 3.15647e+00 3.01833e-06
4.49224e+00 3.23154e+00 -8.91313e-08
4.49224e+00 3.30590e+00 -1.96218e-06
4.49224e+00 3.37947e+00 -2.92914e-06
4.49224e+00 3.45218e+00 -3.26758e-06
4.49224e+00 3.52396e+00 -3.20084e-06
4.49224e+00 3.59474e+00 -2.89957e-06
4.49224e+00 3.66445e+00 -2.48684e-06
4.49224e+00 3.73303e+00 -2.04554e-06
4.49224e+00 3.80040e+00 -1.62669e-06
4.49224e+00 3.86649e+00 -1.25759e-06
4.49224e+00 3.93125e+00 -9.49060e-07
4.49224e+00 3.99462e+00 -7.01455e-07
4.49224e+00 4.05652e+00 -5.09174e-07
4.49224e+00 4.11690e+00 -3.63887e-07
4.49224e+00 4.17571e+00 -2.56621e-07
4.49224e+00 4.23287e+00 -1.78970e-07
4.49224e+00 4.28835e+00 -1.23692e-07
4.49224e+00 4.34207e+00 -8.48928e-08
4.49224e+00 4.39400e+00 -5.79764e-08
4.49224e+00 4.44407e+00 -3.94790e-08
4.49224e+00 4.49224e+00 -2.68593e-08
4.49224e+00 4.53847e+00 -1.82944e-08
4.49224e+00 4.58271e+00 -1.25001e-08
4.49224e+00 4.62491e+00 -8.58523e-09
4.49224e+00 4.66504e+00 -5.93884e-09
4.49224e+00 4.70305e+00 -4.14587e-09
4.49224e+00 4.73890e+00 -2.92640e-09
4.49224e+00 4.77257e+00 -2.09254e-09
4.49224e+00 4.80402e+00 -1.51855e-09
4.49224e+00 4.83322e+00 -1.12039e-09
4.49224e+00 4.86014e+00 -8.41821e-10
4.49224e+00 4.88475e+00 -6.45170e-10
4.49224e+00 4.90703e+00 -5.05103e-10
4.49224e+00 4.92696e+00 -4.04516e-10
4.49224e+00 4.94452e+00 -3.31810e-10
4.49224e+00 4.95969e+00 -2.79080e-10
4.49224e+00 4.97246e+00 -2.40926e-10
4.49224e+00 4.98281e+00 -2.13660e-10
4.49224e+00 4.99074e+00 -1.94780e-10
4.49224e+00 4.99623e+00 -1.82632e-10
4.49224e+00 4.99928e+00 -1.76190e-10
4.53847e+00 7.15683e-04 6.87890e-04
4.53847e+00 3.77012e-03 6.87889e-04
4.53847e+00 9.26216e-03 6.87883e-04
4.53847e+00 1.71877e-02 6.87865e-04
4.53847e+00 2.75390e-02 6.87826e-04
4.53847e+00 4.03061e-02 6.87753e-04
4.53847e+00 5.54766e-02 6.87629e-04
4.53847e+00 7.30356e-02 6.87438e-04
4.53847e+00 9.29659e-02 6.87157e-04
4.53847e+00 1.15248e-01 6.86763e-04
4.53847e+00 1.39860e-01 6.86228e-04
4.53847e+00 1.66779e-01 6.85524e-04
4.53847e+00 1.95977e-01 6.84617e-04
4.53847e+00 2.27426e-01 6.83472e-04
4.53847e+00 2.61096e-01 6.82052e-04
4.53847e+00 2.96953e-01 6.80313e-04
4.53847e+00 3.34963e-01 6.78211e-04
4.53847e+00 3.75089e-01 6.75697e-04
4.53847e+00 4.17290e-01 6.72718e-04
4.53847e+00 4.61527e-01 6.69218e-04
4.53847e+00 5.07755e-01 6.65134e-04
4.53847e+00 5.55930e-01 6.60400e-04
4.53847e+00 6.06005e-01 6.54945e-04
4.53847e+00 6.57930e-01 6.48693e-04
4.53847e+00 7.11655e-01 6.41565e-04
4.53847e+00 7.67127e-01 6.33474e-04
4.53847e+00 8.24292e-01 6.24333e-04
4.53847e+00 8.83095e-01 6.14053e-04
4.53847e+00 9.43478e-01 6.02544e-04
4.53847e+00 1.00538e+00 5.89716e-04
4.53847e+00 1.06875e+00 5.75486e-04
4.53847e+00 1.13351e+00 5.59779e-04
4.53847e+00 1.19960e+00 5.42532e-04
4.53847e+00 1.26697e+00 5.23700e-04
4.53847e+00 1.33555e+00 5.03258e-04
4.53847e+00 1.40526e+00 4.81213e-04
4.53847e+00 1.47604e+00 4.57603e-04
4.53847e+00 1.54782e+00 4.32506e-04
4.53847e+00 1.62053e+00 4.06042e-04
4.53847e+00 1.69410e+00 3.78381e-04
4.53847e+00 1.76846e+00 3.49739e-04
4.53847e+00 1.84353e+00 3.20381e-04
4.53847e+00 1.91924e+00 2.90617e-04
4.53847e+00 1.99553e+00 2.60793e-04
4.53847e+00 2.07230e+00 2.31285e-04
4.53847e+00 2.14949e+00 2.02479e-04
4.53847e+00 2.22703e+00 1.74766e-04
4.53847e+00 2.30483e+00 1.48512e-04
4.53847e+00 2.38282e+00 1.24052e-04
4.53847e+00 2.46093e+00 1.01664e-04
4.53847e+00 2.53907e+00 8.15592e-05
4.53847e+00 2.61718e+00 6.38718e-05
4.53847e+00 2.69517e+00 4.86510e-05
4.53847e+00 2.77297e+00 3.58633e-05
4.53847e+00 2.85051e+00 2.53979e-05
4.53847e+00 2.92770e+00 1.70785e-05
4.53847e+00 3.00447e+00 1.06784e-05
4.53847e+00 3.08076e+00 5.93845e-06
4.53847e+00 3.15647e+00 2.58521e-06
4.53847e+00 3.23154e+00 3.48042e-07
4.53847e+00 3.30590e+00 -1.02660e-06
4.53847e+00 3.37947e+00 -1.76452e-06
4.53847e+00 3.45218e+00 -2.05725e-06
4.53847e+00 3.52396e+00 -2.05956e-06
4.53847e+00 3.59474e+00 -1.89023e-06
4.53847e+00 3.66445e+00 -1.63546e-06
4.53847e+00 3.73303e+00 -1.35383e-06
4.53847e+00 3.80040e+00 -1.08186e-06
4.53847e+00 3.86649e+00 -8.39628e-07
4.53847e+00 3.93125e+00 -6.35659e-07
4.53847e+00 3.99462e+00 -4.71082e-07
4.53847e+00 4.05652e+00 -3.42742e-07
4.53847e+00 4.11690e+00 -2.45442e-07
4.53847e+00 4.17571e+00 -1.73403e-07
4.53847e+00 4.23287e+00 -1.21130e-07
4.53847e+00 4.28835e+00 -8.38407e-08
4.53847e+00 4.34207e+00 -5.76199e-08
4.53847e+00 4.39400e+00 -3.94001e-08
4.53847e+00 4.44407e+00 -2.68607e-08
4.53847e+00 4.49224e+00 -1.82944e-08
4.53847e+00 4.53847e+00 -1.24733e-08
4.53847e+00 4.58271e+00 -8.53084e-09
4.53847e+00 4.62491e+00 -5.86436e-09
4.53847e+00 4.66504e+00 -4.06010e-09
4.53847e+00 4.70305e+00 -2.83657e-09
4.53847e+00 4.73890e+00 -2.00371e-09
4.53847e+00 4.77257e+00 -1.43376e-09
4.53847e+00 4.80402e+00 -1.04115e-09
4.53847e+00 4.83322e+00 -7.68622e-10
4.53847e+00 4.86014e+00 -5.77836e-10
4.53847e+00 4.88475e+00 -4.43077e-10
4.53847e+00 4.90703e+00 -3.47044e-10
4.53847e+00 4.92696e+00 -2.78048e-10
4.53847e+00 4.94452e+00 -2.28155e-10
4.53847e+00 4.95969e+00 -1.91958e-10
4.53847e+00 4.97246e+00 -1.65759e-10
4.53847e+00 4.98281e+00 -1.47031e-10
4.53847e+00 4.99074e+00 -1.34061e-10
4.53847e+00 4.99623e+00 -1.25715e-10
4.53847e+00 4.99928e+00 -1.21288e-10
4.58271e+00 7.15683e-04 4.73361e-04
4.58271e+00 3.77012e-03 4.73360e-04
4.58271e+00 9.26216e-03 4.73356e-04
4.58271e+00 1.71877e-02 4.73344e-04
4.58271e+00 2.75390e-02 4.73317e-04
4.58271e+00 4.03061e-02 4.73268e-04
4.58271e+00 5.54766e-02 4.73184e-04
4.58271e+00 7.30356e-02 4.73054e-04
4.58271e+00 9.29659e-02 4.72863e-04
4.58271e+00 1.15248e-01 4.72595e-04
4.58271e+00 1.39860e-01 4.72232e-04
4.58271e+00 1.66779e-01 4.71753e-04
4.58271e+00 1.95977e-01 4.71137e-04
4.58271e+00 2.27426e-01 4.70359e-04
4.58271e+00 2.61096e-01 4.69393e-04
4.58271e+00 2.96953e-01 4.68211e-04
4.58271e+00 3.34963e-01 4.66782e-04
4.58271e+00 3.75089e-01 4.65073e-04
4.58271e+00 4.17290e-01 4.63047e-04
4.58271e+00 4.61527e-01 4.60666e-04
4.58271e+00 5.07755e-01 4.57888e-04
4.58271e+00 5.55930e-01 4.54667e-04
4.58271e+00 6.06005e-01 4.50954e-04
4.58271e+00 6.57930e-01 4.46698e-04
4.58271e+00 7.11655e-01 4.41843e-04
4.58271e+00 7.67127e-01 4.36330e-04
4.58271e+00 8.24292e-01 4.30101e-04
4.58271e+00 8.83095e-01 4.23092e-04
4.58271e+00 9.43478e-01 4.15242e-04
4.58271e+00 1.00538e+00 4.06489e-04
4.58271e+00 1.06875e+00 3.96774e-04
4.58271e+00 1.13351e+00 3.86047e-04
4.58271e+00 1.19960e+00 3.74262e-04
4.58271e+00 1.26697e+00 3.61388e-04
4.58271e+00 1.33555e+00 3.47406e-04
4.58271e+00 1.40526e+00 3.32319e-04
4.58271e+00 1.47604e+00 3.16153e-04
4.58271e+00 1.54782e+00 2.98957e-04
4.58271e+00 1.62053e+00 2.80815e-04
4.58271e+00 1.69410e+00 2.61840e-04
4.58271e+00 1.76846e+00 2.42179e-04
4.58271e+00 1.84353e+00 2.22013e-04
4.58271e+00 1.91924e+00 2.01554e-04
4.58271e+00 1.99553e+00 1.81037e-04
4.58271e+00 2.07230e+00 1.60720e-04
4.58271e+00 2.14949e+00 1.40870e-04
4.58271e+00 2.22703e+00 1.21754e-04
4.58271e+00 2.30483e+00 1.03626e-04
4.58271e+00 2.38282e+00 8.67170e-05
4.58271e+00 2.46093e+00 7.12210e-05
4.58271e+00 2.53907e+00 5.72861e-05
4.58271e+00 2.61718e+00 4.50068e-05
4.58271e+00 2.69517e+00 3.44205e-05
4.58271e+00 2.77297e+00 2.55073e-05
4.58271e+00 2.85051e+00 1.81941e-05
4.58271e+00 2.92770e+00 1.23625e-05
4.58271e+00 3.00447e+00 7.85880e-06
4.58271e+00 3.08076e+00 4.50638e-06
4.58271e+00 3.15647e+00 2.11827e-06
4.58271e+00 3.23154e+00 5.08794e-07
4.58271e+00 3.30590e+00 -4.96517e-07
4.58271e+00 3.37947e+00 -1.05352e-06
4.58271e+00 3.45218e+00 -1.29484e-06
4.58271e+00 3.52396e+00 -1.32803e-06
4.58271e+00 3.59474e+00 -1.23600e-06
4.58271e+00 3.66445e+00 -1.07927e-06
4.58271e+00 3.73303e+00 -8.99283e-07
4.58271e+00 3.80040e+00 -7.22187e-07
4.58271e+00 3.86649e+00 -5.62670e-07
4.58271e+00 3.93125e+00 -4.27335e-07
4.58271e+00 3.99462e+00 -3.17536e-07
4.58271e+00 4.05652e+00 -2.31552e-07
4.58271e+00 4.11690e+00 -1.66145e-07
4.58271e+00 4.17571e+00 -1.17586e-07
4.58271e+00 4.23287e+00 -8.22677e-08
4.58271e+00 4.28835e+00 -5.70228e-08
4.58271e+00 4.34207e+00 -3.92399e-08
4.58271e+00 4.39400e+00 -2.68639e-08
4.58271e+00 4.44407e+00 -1.83344e-08
4.58271e+00 4.49224e+00 -1.25001e-08
4.58271e+00 4.53847e+00 -8.53084e-09
4.58271e+00 4.58271e+00 -5.83967e-09
4.58271e+00 4.62491e+00 -4.01773e-09
4.58271e+00 4.66504e+00 -2.78379e-09
4.58271e+00 4.70305e+00 -1.94631e-09
4.58271e+00 4.73890e+00 -1.37578e-09
4.58271e+00 4.77257e+00 -9.85077e-10
4.58271e+00 4.80402e+00 -7.15758e-10
4.58271e+00 4.83322e+00 -5.28695e-10
4.58271e+00 4.86014e+00 -3.97664e-10
4.58271e+00 4.88475e+00 -3.05065e-10
4.58271e+00 4.90703e+00 -2.39045e-10
4.58271e+00 4.92696e+00 -1.91592e-10
4.58271e+00 4.94452e+00 -1.57265e-10
4.58271e+00 4.95969e+00 -1.32353e-10
4.58271e+00 4.97246e+00 -1.14317e-10
4.58271e+00 4.98281e+00 -1.01421e-10
4.58271e+00 4.99074e+00 -9.24879e-11
4.58271e+00 4.99623e+00 -8.67389e-11
4.58271e+00 4.99928e+00 -8.36893e-11
4.62491e+00 7.15683e-04 3.27619e-04
4.62491e+00 3.77012e-03 3.27619e-04
4.62491e+00 9.26216e-03 3.27616e-04
4.62491e+00 1.71877e-02 3.27608e-04
4.62491e+00 2.75390e-02 3.27590e-04
4.62491e+00 4.03061e-02 3.27556e-04
4.62491e+00 5.54766e-02 3.27498e-04
4.62491e+00 7.30356e-02 3.27409e-04
4.62491e+00 9.29659e-02 3.27279e-04
4.62491e+00 1.15248e-01 3.27096e-04
4.62491e+00 1.39860e-01 3.26847e-04
4.62491e+00 1.66779e-01 3.26520e-04
4.62491e+00 1.95977e-01 3.26098e-04
4.62491e+00 2.27426e-01 3.25566e-04
4.62491e+00 2.61096e-01 3.24906e-04
4.62491e+00 2.96953e-01 3.24097e-04
4.62491e+00 3.34963e-01 3.23119e-04
4.62491e+00 3.75089e-01 3.21950e-04
4.62491e+00 4.17290e-01 3.20563e-04
4.62491e+00 4.61527e-01 3.18933e-04
4.62491e+00 5.07755e-01 3.17031e-04
4.62491e+00 5.55930e-01 3.14825e-04
4.62491e+00 6.06005e-01 3.12282e-04
4.62491e+00 6.57930e-01 3.09365e-04
4.62491e+00 7.11655e-01 3.06038e-04
4.62491e+00 7.67127e-01 3.02258e-04
4.62491e+00 8.24292e-01 2.97986e-04
4.62491e+00 8.83095e-01 2.93177e-04
4.62491e+00 9.43478e-01 2.87789e-04
4.62491e+00 1.00538e+00 2.81779e-04
4.62491e+00 1.06875e+00 2.75106e-04
4.62491e+00 1.13351e+00 2.67734e-04
4.62491e+00 1.19960e+00 2.59632e-04
4.62491e+00 1.26697e+00 2.50776e-04
4.62491e+00 1.33555e+00 2.41154e-04
4.62491e+00 1.40526e+00 2.30766e-04
4.62491e+00 1.47604e+00 2.19629e-04
4.62491e+00 1.54782e+00 2.07777e-04
4.62491e+00 1.62053e+00 1.95265e-04
4.62491e+00 1.69410e+00 1.82171e-04
4.62491e+00 1.76846e+00 1.68596e-04
4.62491e+00 1.84353e+00 1.54663e-04
4.62491e+00 1.91924e+00 1.40517e-04
4.62491e+00 1.99553e+00 1.26321e-04
4.62491e+00 2.07230e+00 1.12253e-04
4.62491e+00 2.14949e+00 9.84967e-05
4.62491e+00 2.22703e+00 8.52372e-05
4.62491e+00 2.30483e+00 7.26512e-05
4.62491e+00 2.38282e+00 6.08989e-05
4.62491e+00 2.46093e+00 5.01160e-05
4.62491e+00 2.53907e+00 4.04065e-05
4.62491e+00 2.61718e+00 3.18380e-05
4.62491e+00 2.69517e+00 2.44383e-05
4.62491e+00 2.77297e+00 1.81958e-05
4.62491e+00 2.85051e+00 1.30618e-05
4.62491e+00 2.92770e+00 8.95627e-06
4.62491e+00 3.00447e+00 5.77431e-06
4.62491e+00 3.08076e+00 3.39490e-06
4.62491e+00 3.15647e+00 1.68940e-06
4.62491e+00 3.23154e+00 5.29671e-07
4.62491e+00 3.30590e+00 -2.05016e-07
4.62491e+00 3.37947e+00 -6.22820e-07
4.62491e+00 3.45218e+00 -8.16060e-07
4.62491e+00 3.52396e+00 -8.59848e-07
4.62491e+00 3.59474e+00 -8.12328e-07
4.62491e+00 3.66445e+00 -7.16155e-07
4.62491e+00 3.73303e+00 -6.00740e-07
4.62491e+00 3.80040e+00 -4.84855e-07
4.62491e+00 3.86649e+00 -3.79236e-07
4.62491e+00 3.93125e+00 -2.88930e-07
4.62491e+00 3.99462e+00 -2.15255e-07
4.62491e+00 4.05652e+00 -1.57317e-07
4.62491e+00 4.11690e+00 -1.13097e-07
4.62491e+00 4.17571e+00 -8.01774e-08
4.62491e+00 4.23287e+00 -5.61798e-08
4.62491e+00 4.28835e+00 -3.89932e-08
4.62491e+00 4.34207e+00 -2.68661e-08
4.62491e+00 4.39400e+00 -1.84135e-08
4.62491e+00 4.44407e+00 -1.25802e-08
4.62491e+00 4.49224e+00 -8.58523e-09
4.62491e+00 4.53847e+00 -5.86436e-09
4.62491e+00 4.58271e+00 -4.01773e-09
4.62491e+00 4.62491e+00 -2.76638e-09
4.62491e+00 4.66504e+00 -1.91815e-09
4.62491e+00 4.70305e+00 -1.34201e-09
4.62491e+00 4.73890e+00 -9.49225e-10
4.62491e+00 4.77257e+00 -6.80057e-10
4.62491e+00 4.80402e+00 -4.94402e-10
4.62491e+00 4.83322e+00 -3.65375e-10
4.62491e+00 4.86014e+00 -2.74949e-10
4.62491e+00 4.88475e+00 -2.11015e-10
4.62491e+00 4.90703e+00 -1.65412e-10
4.62491e+00 4.92696e+00 -1.32622e-10
4.62491e+00 4.94452e+00 -1.08893e-10
4.62491e+00 4.95969e+00 -9.16675e-11
4.62491e+00 4.97246e+00 -7.91931e-11
4.62491e+00 4.98281e+00 -7.02719e-11
4.62491e+00 4.99074e+00 -6.40913e-11
4.62491e+00 4.99623e+00 -6.01132e-11
4.62491e+00 4.99928e+00 -5.80027e-11
4.66504e+00 7.15683e-04 2.28473e-04
4.66504e+00 3.77012e-03 2.28473e-04
4.66504e+00 9.26216e-03 2.28471e-04
4.66504e+00 1.71877e-02 2.28465e-04
4.66504e+00 2.75390e-02 2.28452e-04
4.66504e+00 4.03061e-02 2.28429e-04
4.66504e+00 5.54766e-02 2.28390e-04
4.66504e+00 7.30356e-02 2.28328e-04
4.66504e+00 9.29659e-02 2.28238e-04
4.66504e+00 1.15248e-01 2.28112e-04
4.66504e+00 1.39860e-01 2.27941e-04
4.66504e+00 1.66779e-01 2.27715e-04
4.66504e+00 1.95977e-01 2.27424e-04
4.66504e+00 2.27426e-01 2.27057e-04
4.66504e+00 2.61096e-01 2.26601e-04
4.66504e+00 2.96953e-01 2.26044e-04
4.66504e+00 3.34963e-01 2.25369e-04
4.66504e+00 3.75089e-01 2.24562e-04
4.66504e+00 4.17290e-01 2.23605e-04
4.66504e+00 4.61527e-01 2.22480e-04
4.66504e+00 5.07755e-01 2.21167e-04
4.66504e+00 5.55930e-01 2.19644e-04
4.66504e+00 6.06005e-01 2.17888e-04
4.66504e+00 6.57930e-01 2.15873e-04
4.66504e+00 7.11655e-01 2.13573e-04
4.66504e+00 7.67127e-01 2.10961e-04
4.66504e+00 8.24292e-01 2.08007e-04
4.66504e+00 8.83095e-01 2.04681e-04
4.66504e+00 9.43478e-01 2.00953e-04
4.66504e+00 1.00538e+00 1.96793e-04
4.66504e+00 1.06875e+00 1.92172e-04
4.66504e+00 1.13351e+00 1.87066e-04
4.66504e+00 1.19960e+00 1.81450e-04
4.66504e+00 1.26697e+00 1.75310e-04
4.66504e+00 1.33555e+00 1.68636e-04
4.66504e+00 1.40526e+00 1.61427e-04
4.66504e+00 1.47604e+00 1.53695e-04
4.66504e+00 1.54782e+00 1.45461e-04
4.66504e+00 1.62053e+00 1.36765e-04
4.66504e+00 1.69410e+00 1.27659e-04
4.66504e+00 1.76846e+00 1.18213e-04
4.66504e+00 1.84353e+00 1.08512e-04
4.66504e+00 1.91924e+00 9.86570e-05
4.66504e+00 1.99553e+00 8.87605e-05
4.66504e+00 2.07230e+00 7.89457e-05
4.66504e+00 2.14949e+00 6.93413e-05
4.66504e+00 2.22703e+00 6.00759e-05
4.66504e+00 2.30483e+00 5.12732e-05
4.66504e+00 2.38282e+00 4.30455e-05
4.66504e+00 2.46093e+00 3.54883e-05
4.66504e+00 2.53907e+00 2.86751e-05
4.66504e+00 2.61718e+00 2.26542e-05
4.66504e+00 2.69517e+00 1.74465e-05
4.66504e+00 2.77297e+00 1.30451e-05
4.66504e+00 2.85051e+00 9.41757e-06
4.66504e+00 2.92770e+00 6.50910e-06
4.66504e+00 3.00447e+00 4.24764e-06
4.66504e+00 3.08076e+00 2.54955e-06
4.66504e+00 3.15647e+00 1.32564e-06
4.66504e+00 3.23154e+00 4.86800e-07
4.66504e+00 3.30590e+00 -5.11377e-08
4.66504e+00 3.37947e+00 -3.63780e-07
4.66504e+00 3.45218e+00 -5.15841e-07
4.66504e+00 3.52396e+00 -5.60137e-07
4.66504e+00 3.59474e+00 -5.37708e-07
4.66504e+00 3.66445e+00 -4.78800e-07
4.66504e+00 3.73303e+00 -4.04404e-07
4.66504e+00 3.80040e+00 -3.28045e-07
4.66504e+00 3.86649e+00 -2.57587e-07
4.66504e+00 3.93125e+00 -1.96862e-07
4.66504e+00 3.99462e+00 -1.47042e-07
4.66504e+00 4.05652e+00 -1.07698e-07
4.66504e+00 4.11690e+00 -7.75700e-08
4.66504e+00 4.17571e+00 -5.50816e-08
4.66504e+00 4.23287e+00 -3.86513e-08
4.66504e+00 4.28835e+00 -2.68620e-08
4.66504e+00 4.34207e+00 -1.85295e-08
4.66504e+00 4.39400e+00 -1.27135e-08
4.66504e+00 4.44407e+00 -8.69445e-09
4.66504e+00 4.49224e+00 -5.93884e-09
4.66504e+00 4.53847e+00 -4.06010e-09
4.66504e+00 4.58271e+00 -2.78379e-09
4.66504e+00 4.62491e+00 -1.91815e-09
4.66504e+00 4.66504e+00 -1.33092e-09
4.66504e+00 4.70305e+00 -9.31747e-10
4.66504e+00 4.73890e+00 -6.59428e-10
4.66504e+00 4.77257e+00 -4.72695e-10
4.66504e+00 4.80402e+00 -3.43824e-10
4.66504e+00 4.83322e+00 -2.54213e-10
4.66504e+00 4.86014e+00 -1.91380e-10
4.66504e+00 4.88475e+00 -1.46936e-10
4.66504e+00 4.90703e+00 -1.15222e-10
4.66504e+00 4.92696e+00 -9.24100e-11
4.66504e+00 4.94452e+00 -7.58972e-11
4.66504e+00 4.95969e+00 -6.39063e-11
4.66504e+00 4.97246e+00 -5.52208e-11
4.66504e+00 4.98281e+00 -4.90082e-11
4.66504e+00 4.99074e+00 -4.47033e-11
4.66504e+00 4.99623e+00 -4.19322e-11
4.66504e+00 4.99928e+00 -4.04620e-11
4.70305e+00 7.15683e-04 1.60832e-04
4.70305e+00 3.77012e-03 1.60831e-04
4.70305e+00 9.26216e-03 1.60830e-04
4.70305e+00 1.71877e-02 1.60826e-04
4.70305e+00 2.75390e-02 1.60817e-04
4.70305e+00 4.03061e-02 1.60801e-04
4.70305e+00 5.54766e-02 1.60773e-04
4.70305e+00 7.30356e-02 1.60731e-04
4.70305e+00 9.29659e-02 1.60668e-04
4.70305e+00 1.15248e-01 1.60580e-04
4.70305e+00 1.39860e-01 1.60461e-04
4.70305e+00 1.66779e-01 1.60303e-04
4.70305e+00 1.95977e-01 1.60101e-04
4.70305e+00 2.27426e-01 1.59845e-04
4.70305e+00 2.61096e-01 1.59528e-04
4.70305e+00 2.96953e-01 1.59139e-04
4.70305e+00 3.34963e-01 1.58669e-04
4.70305e+00 3.75089e-01 1.58107e-04
4.70305e+00 4.17290e-01 1.57440e-04
4.70305e+00 4.61527e-01 1.56655e-04
4.70305e+00 5.07755e-01 1.55740e-04
4.70305e+00 5.55930e-01 1.54678e-04
4.70305e+00 6.06005e-01 1.53452e-04
4.70305e+00 6.57930e-01 1.52047e-04
4.70305e+00 7.11655e-01 1.50442e-04
4.70305e+00 7.67127e-01 1.48618e-04
4.70305e+00 8.24292e-01 1.46555e-04
4.70305e+00 8.83095e-01 1.44232e-04
4.70305e+00 9.43478e-01 1.41627e-04
4.70305e+00 1.00538e+00 1.38719e-04
4.70305e+00 1.06875e+00 1.35488e-04
4.70305e+00 1.13351e+00 1.31915e-04
4.70305e+00 1.19960e+00 1.27986e-04
4.70305e+00 1.26697e+00 1.23687e-04
4.70305e+00 1.33555e+00 1.19012e-04
4.70305e+00 1.40526e+00 1.13961e-04
4.70305e+00 1.47604e+00 1.08540e-04
4.70305e+00 1.54782e+00 1.02765e-04
4.70305e+00 1.62053e+00 9.66628e-05
4.70305e+00 1.69410e+00 9.02698e-05
4.70305e+00 1.76846e+00 8.36342e-05
4.70305e+00 1.84353e+00 7.68159e-05
4.70305e+00 1.91924e+00 6.98848e-05
4.70305e+00 1.99553e+00 6.29205e-05
4.70305e+00 2.07230e+00 5.60090e-05
4.70305e+00 2.14949e+00 4.92409e-05
4.70305e+00 2.22703e+00 4.27066e-05
4.70305e+00 2.30483e+00 3.64935e-05
4.70305e+00 2.38282e+00 3.06809e-05
4.70305e+00 2.46093e+00 2.53365e-05
4.70305e+00 2.53907e+00 2.05129e-05
4.70305e+00 2.61718e+00 1.62448e-05
4.70305e+00 2.69517e+00 1.25479e-05
4.70305e+00 2.77297e+00 9.41806e-06
4.70305e+00 2.85051e+00 6.83343e-06
4.70305e+00 2.92770e+00 4.75621e-06
4.70305e+00 3.00447e+00 3.13634e-06
4.70305e+00 3.08076e+00 1.91545e-06
4.70305e+00 3.15647e+00 1.03109e-06
4.70305e+00 3.23154e+00 4.20733e-07
4.70305e+00 3.30590e+00 2.51318e-08
4.70305e+00 3.37947e+00 -2.09043e-07
4.70305e+00 3.45218e+00 -3.27561e-07
4.70305e+00 3.52396e+00 -3.67884e-07
4.70305e+00 3.59474e+00 -3.59222e-07
4.70305e+00 3.66445e+00 -3.23195e-07
4.70305e+00 3.73303e+00 -2.74892e-07
4.70305e+00 3.80040e+00 -2.24123e-07
4.70305e+00 3.86649e+00 -1.76670e-07
4.70305e+00 3.93125e+00 -1.35438e-07
4.70305e+00 3.99462e+00 -1.01418e-07
4.70305e+00 4.05652e+00 -7.44386e-08
4.70305e+00 4.11690e+00 -5.37122e-08
4.70305e+00 4.17571e+00 -3.82006e-08
4.70305e+00 4.23287e+00 -2.68431e-08
4.70305e+00 4.28835e+00 -1.86787e-08
4.70305e+00 4.34207e+00 -1.28991e-08
4.70305e+00 4.39400e+00 -8.85933e-09
4.70305e+00 4.44407e+00 -6.06435e-09
4.70305e+00 4.49224e+00 -4.14587e-09
4.70305e+00 4.53847e+00 -2.83657e-09
4.70305e+00 4.58271e+00 -1.94631e-09
4.70305e+00 4.62491e+00 -1.34201e-09
4.70305e+00 4.66504e+00 -9.31747e-10
4.70305e+00 4.70305e+00 -6.52680e-10
4.70305e+00 4.73890e+00 -4.62175e-10
4.70305e+00 4.77257e+00 -3.31467e-10
4.70305e+00 4.80402e+00 -2.41212e-10
4.70305e+00 4.83322e+00 -1.78422e-10
4.70305e+00 4.86014e+00 -1.34375e-10
4.70305e+00 4.88475e+00 -1.03206e-10
4.70305e+00 4.90703e+00 -8.09568e-11
4.70305e+00 4.92696e+00 -6.49475e-11
4.70305e+00 4.94452e+00 -5.33555e-11
4.70305e+00 4.95969e+00 -4.49358e-11
4.70305e+00 4.97246e+00 -3.88357e-11
4.70305e+00 4.98281e+00 -3.44716e-11
4.70305e+00 4.99074e+00 -3.14473e-11
4.70305e+00 4.99623e+00 -2.95002e-11
4.70305e+00 4.99928e+00 -2.84671e-11
4.73890e+00 7.15683e-04 1.14486e-04
4.73890e+00 3.77012e-03 1.14486e-04
4.73890e+00 9.26216e-03 1.14485e-04
4.73890e+00 1.71877e-02 1.14482e-04
4.73890e+00 2.75390e-02 1.14476e-04
4.73890e+00 4.03061e-02 1.14465e-04
4.73890e+00 5.54766e-02 1.14445e-04
4.73890e+00 7.30356e-02 1.14415e-04
4.73890e+00 9.29659e-02 1.14371e-04
4.73890e+00 1.15248e-01 1.14309e-04
4.73890e+00 1.39860e-01 1.14225e-04
4.73890e+00 1.66779e-01 1.14114e-04
4.73890e+00 1.95977e-01 1.13971e-04
4.73890e+00 2.27426e-01 1.13791e-04
4.73890e+00 2.61096e-01 1.13567e-04
4.73890e+00 2.96953e-01 1.13293e-04
4.73890e+00 3.34963e-01 1.12962e-04
4.73890e+00 3.75089e-01 1.12565e-04
4.73890e+00 4.17290e-01 1.12095e-04
4.73890e+00 4.61527e-01 1.11542e-04
4.73890e+00 5.07755e-01 1.10896e-04
4.73890e+00 5.55930e-01 1.10146e-04
4.73890e+00 6.06005e-01 1.09281e-04
4.73890e+00 6.57930e-01 1.08289e-04
4.73890e+00 7.11655e-01 1.07156e-04
4.73890e+00 7.67127e-01 1.05868e-04
4.73890e+00 8.24292e-01 1.04410e-04
4.73890e+00 8.83095e-01 1.02768e-04
4.73890e+00 9.43478e-01 1.00926e-04
4.73890e+00 1.00538e+00 9.88699e-05
4.73890e+00 1.06875e+00 9.65842e-05
4.73890e+00 1.13351e+00 9.40560e-05
4.73890e+00 1.19960e+00 9.12740e-05
4.73890e+00 1.26697e+00 8.82295e-05
4.73890e+00 1.33555e+00 8.49174e-05
4.73890e+00 1.40526e+00 8.13369e-05
4.73890e+00 1.47604e+00 7.74928e-05
4.73890e+00 1.54782e+00 7.33962e-05
4.73890e+00 1.62053e+00 6.90650e-05
4.73890e+00 1.69410e+00 6.45254e-05
4.73890e+00 1.76846e+00 5.98113e-05
4.73890e+00 1.84353e+00 5.49647e-05
4.73890e+00 1.91924e+00 5.00353e-05
4.73890e+00 1.99553e+00 4.50794e-05
4.73890e+00 2.07230e+00 4.01581e-05
4.73890e+00 2.14949e+00 3.53355e-05
4.73890e+00 2.22703e+00 3.06764e-05
4.73890e+00 2.30483e+00 2.62428e-05
4.73890e+00 2.38282e+00 2.20914e-05
4.73890e+00 2.46093e+00 1.82710e-05
4.73890e+00 2.53907e+00 1.48192e-05
4.73890e+00 2.61718e+00 1.17615e-05
4.73890e+00 2.69517e+00 9.10928e-06
4.73890e+00 2.77297e+00 6.86054e-06
4.73890e+00 2.85051e+00 5.00015e-06
4.73890e+00 2.92770e+00 3.50174e-06
4.73890e+00 3.00447e+00 2.33012e-06
4.73890e+00 3.08076e+00 1.44408e-06
4.73890e+00 3.15647e+00 7.99418e-07
4.73890e+00 3.23154e+00 3.51720e-07
4.73890e+00 3.30590e+00 5.88409e-08
4.73890e+00 3.37947e+00 -1.17254e-07
4.73890e+00 3.45218e+00 -2.09283e-07
4.73890e+00 3.52396e+00 -2.44101e-07
4.73890e+00 3.59474e+00 -2.42707e-07
4.73890e+00 3.66445e+00 -2.20711e-07
4.73890e+00 3.73303e+00 -1.89061e-07
4.73890e+00 3.80040e+00 -1.54929e-07
4.73890e+00 3.86649e+00 -1.22597e-07
4.73890e+00 3.93125e+00 -9.42693e-08
4.73890e+00 3.99462e+00 -7.07644e-08
4.73890e+00 4.05652e+00 -5.20466e-08
4.73890e+00 4.11690e+00 -3.76207e-08
4.73890e+00 4.17571e+00 -2.67968e-08
4.73890e+00 4.23287e+00 -1.88549e-08
4.73890e+00 4.28835e+00 -1.31357e-08
4.73890e+00 4.34207e+00 -9.08087e-09
4.73890e+00 4.39400e+00 -6.24291e-09
4.73890e+00 4.44407e+00 -4.27712e-09
4.73890e+00 4.49224e+00 -2.92640e-09
4.73890e+00 4.53847e+00 -2.00371e-09
4.73890e+00 4.58271e+00 -1.37578e-09
4.73890e+00 4.62491e+00 -9.49225e-10
4.73890e+00 4.66504e+00 -6.59428e-10
4.73890e+00 4.70305e+00 -4.62175e-10
4.73890e+00 4.73890e+00 -3.27441e-10
4.73890e+00 4.77257e+00 -2.34947e-10
4.73890e+00 4.80402e+00 -1.71047e-10
4.73890e+00 4.83322e+00 -1.26572e-10
4.73890e+00 4.86014e+00 -9.53602e-11
4.73890e+00 4.88475e+00 -7.32650e-11
4.73890e+00 4.90703e+00 -5.74876e-11
4.73890e+00 4.92696e+00 -4.61316e-11
4.73890e+00 4.94452e+00 -3.79067e-11
4.73890e+00 4.95969e+00 -3.19313e-11
4.73890e+00 4.97246e+00 -2.76013e-11
4.73890e+00 4.98281e+00 -2.45029e-11
4.73890e+00 4.99074e+00 -2.23555e-11
4.73890e+00 4.99623e+00 -2.09729e-11
4.73890e+00 4.99928e+00 -2.02393e-11
4.77257e+00 7.15683e-04 8.25553e-05
4.77257e+00 3.77012e-03 8.25552e-05
4.77257e+00 9.26216e-03 8.25545e-05
4.77257e+00 1.71877e-02 8.25525e-05
4.77257e+00 2.75390e-02 8.25481e-05
4.77257e+00 4.03061e-02 8.25398e-05
4.77257e+00 5.54766e-02 8.25260e-05
4.77257e+00 7.30356e-02 8.25045e-05
4.77257e+00 9.29659e-02 8.24729e-05
4.77257e+00 1.15248e-01 8.24286e-05
4.77257e+00 1.39860e-01 8.23685e-05
4.77257e+00 1.66779e-01 8.22893e-05
4.77257e+00 1.95977e-01 8.21873e-05
4.77257e+00 2.27426e-01 8.20585e-05
4.77257e+00 2.61096e-01 8.18985e-05
4.77257e+00 2.96953e-01 8.17027e-05
4.77257e+00 3.34963e-01 8.14658e-05
4.77257e+00 3.75089e-01 8.11823e-05
4.77257e+00 4.17290e-01 8.08460e-05
4.77257e+00 4.61527e-01 8.04505e-05
4.77257e+00 5.07755e-01 7.99885e-05
4.77257e+00 5.55930e-01 7.94523e-05
4.77257e+00 6.06005e-01 7.88337e-05
4.77257e+00 6.57930e-01 7.81236e-05
4.77257e+00 7.11655e-01 7.73125e-05
4.77257e+00 7.67127e-01 7.63905e-05
4.77257e+00 8.24292e-01 7.53468e-05
4.77257e+00 8.83095e-01 7.41707e-05
4.77257e+00 9.43478e-01 7.28511e-05
4.77257e+00 1.00538e+00 7.13771e-05
4.77257e+00 1.06875e+00 6.97384e-05
4.77257e+00 1.13351e+00 6.79252e-05
4.77257e+00 1.19960e+00 6.59293e-05
4.77257e+00 1.26697e+00 6.37443e-05
4.77257e+00 1.33555e+00 6.13663e-05
4.77257e+00 1.40526e+00 5.87947e-05
4.77257e+00 1.47604e+00 5.60327e-05
4.77257e+00 1.54782e+00 5.30880e-05
4.77257e+00 1.62053e+00 4.99734e-05
4.77257e+00 1.69410e+00 4.67074e-05
4.77257e+00 1.76846e+00 4.33143e-05
4.77257e+00 1.84353e+00 3.98242e-05
4.77257e+00 1.91924e+00 3.62727e-05
4.77257e+00 1.99553e+00 3.27001e-05
4.77257e+00 2.07230e+00 2.91505e-05
4.77257e+00 2.14949e+00 2.56699e-05
4.77257e+00 2.22703e+00 2.23051e-05
4.77257e+00 2.30483e+00 1.91009e-05
4.77257e+00 2.38282e+00 1.60983e-05
4.77257e+00 2.46093e+00 1.33327e-05
4.77257e+00 2.53907e+00 1.08316e-05
4.77257e+00 2.61718e+00 8.61361e-06
4.77257e+00 2.69517e+00 6.68747e-06
4.77257e+00 2.77297e+00 5.05203e-06
4.77257e+00 2.85051e+00 3.69678e-06
4.77257e+00 2.92770e+00 2.60308e-06
4.77257e+00 3.00447e+00 1.74583e-06
4.77257e+00 3.08076e+00 1.09557e-06
4.77257e+00 3.15647e+00 6.20547e-07
4.77257e+00 3.23154e+00 2.88844e-07
4.77257e+00 3.30590e+00 7.00777e-08
4.77257e+00 3.37947e+00 -6.32240e-08
4.77257e+00 3.45218e+00 -1.34746e-07
4.77257e+00 3.52396e+00 -1.63973e-07
4.77257e+00 3.59474e+00 -1.66191e-07
4.77257e+00 3.66445e+00 -1.52795e-07
4.77257e+00 3.73303e+00 -1.31823e-07
4.77257e+00 3.80040e+00 -1.08573e-07
4.77257e+00 3.86649e+00 -8.62403e-08
4.77257e+00 3.93125e+00 -6.65103e-08
4.77257e+00 3.99462e+00 -5.00464e-08
4.77257e+00 4.05652e+00 -3.68818e-08
4.77257e+00 4.11690e+00 -2.67041e-08
4.77257e+00 4.17571e+00 -1.90486e-08
4.77257e+00 4.23287e+00 -1.34201e-08
4.77257e+00 4.28835e+00 -9.35993e-09
4.77257e+00 4.34207e+00 -6.47717e-09
4.77257e+00 4.39400e+00 -4.45697e-09
4.77257e+00 4.44407e+00 -3.05607e-09
4.77257e+00 4.49224e+00 -2.09254e-09
4.77257e+00 4.53847e+00 -1.43376e-09
4.77257e+00 4.58271e+00 -9.85077e-10
4.77257e+00 4.62491e+00 -6.80057e-10
4.77257e+00 4.66504e+00 -4.72695e-10
4.77257e+00 4.70305e+00 -3.31467e-10
4.77257e+00 4.73890e+00 -2.34947e-10
4.77257e+00 4.77257e+00 -1.68654e-10
4.77257e+00 4.80402e+00 -1.22833e-10
4.77257e+00 4.83322e+00 -9.09274e-11
4.77257e+00 4.86014e+00 -6.85282e-11
4.77257e+00 4.88475e+00 -5.26660e-11
4.77257e+00 4.90703e+00 -4.13358e-11
4.77257e+00 4.92696e+00 -3.31785e-11
4.77257e+00 4.94452e+00 -2.72689e-11
4.77257e+00 4.95969e+00 -2.29746e-11
4.77257e+00 4.97246e+00 -1.98621e-11
4.77257e+00 4.98281e+00 -1.76348e-11
4.77257e+00 4.99074e+00 -1.60908e-11
4.77257e+00 4.99623e+00 -1.50966e-11
4.77257e+00 4.99928e+00 -1.45691e-11
4.80402e+00 7.15683e-04 6.04072e-05
4.80402e+00 3.77012e-03 6.04071e-05
4.80402e+00 9.26216e-03 6.04066e-05
4.80402e+00 1.71877e-02 6.04052e-05
4.80402e+00 2.75390e-02 6.04020e-05
4.80402e+00 4.03061e-02 6.03960e-05
4.80402e+00 5.54766e-02 6.03860e-05
4.80402e+00 7.30356e-02 6.03704e-05
4.80402e+00 9.29659e-02 6.03475e-05
4.80402e+00 1.15248e-01 6.03153e-05
4.80402e+00 1.39860e-01 6.02717e-05
4.80402e+00 1.66779e-01 6.02142e-05
4.80402e+00 1.95977e-01 6.01402e-05
4.80402e+00 2.27426e-01 6.00468e-05
4.80402e+00 2.61096e-01 5.99307e-05
4.80402e+00 2.96953e-01 5.97886e-05
4.80402e+00 3.34963e-01 5.96166e-05
4.80402e+00 3.75089e-01 5.94109e-05
4.80402e+00 4.17290e-01 5.91668e-05
4.80402e+00 4.61527e-01 5.88796e-05
4.80402e+00 5.07755e-01 5.85441e-05
4.80402e+00 5.55930e-01 5.81548e-05
4.80402e+00 6.06005e-01 5.77054e-05
4.80402e+00 6.57930e-01 5.71895e-05
4.80402e+00 7.11655e-01 5.66002e-05
4.80402e+00 7.67127e-01 5.59300e-05
4.80402e+00 8.24292e-01 5.51712e-05
4.80402e+00 8.83095e-01 5.43159e-05
4.80402e+00 9.43478e-01 5.33561e-05
4.80402e+00 1.00538e+00 5.22836e-05
4.80402e+00 1.06875e+00 5.10909e-05
4.80402e+00 1.13351e+00 4.97708e-05
4.80402e+00 1.19960e+00 4.83172e-05
4.80402e+00 1.26697e+00 4.67254e-05
4.80402e+00 1.33555e+00 4.49924e-05
4.80402e+00 1.40526e+00 4.31177e-05
4.80402e+00 1.47604e+00 4.11033e-05
4.80402e+00 1.54782e+00 3.89549e-05
4.80402e+00 1.62053e+00 3.66817e-05
4.80402e+00 1.69410e+00 3.42970e-05
4.80402e+00 1.76846e+00 3.18185e-05
4.80402e+00 1.84353e+00 2.92679e-05
4.80402e+00 1.91924e+00 2.66713e-05
4.80402e+00 1.99553e+00 2.40579e-05
4.80402e+00 2.07230e+00 2.14600e-05
4.80402e+00 2.14949e+00 1.89112e-05
4.80402e+00 2.22703e+00 1.64457e-05
4.80402e+00 2.30483e+00 1.40963e-05
4.80402e+00 2.38282e+00 1.18932e-05
4.80402e+00 2.46093e+00 9.86235e-06
4.80402e+00 2.53907e+00 8.02415e-06
4.80402e+00 2.61718e+00 6.39241e-06
4.80402e+00 2.69517e+00 4.97381e-06
4.80402e+00 2.77297e+00 3.76776e-06
4.80402e+00 2.85051e+00 2.76684e-06
4.80402e+00 2.92770e+00 1.95764e-06
4.80402e+00 3.00447e+00 1.32200e-06
4.80402e+00 3.08076e+00 8.38504e-07
4.80402e+00 3.15647e+00 4.84049e-07
4.80402e+00 3.23154e+00 2.35325e-07
4.80402e+00 3.30590e+00 7.01131e-08
4.80402e+00 3.37947e+00 -3.17177e-08
4.80402e+00 3.45218e+00 -8.75583e-08
4.80402e+00 3.52396e+00 -1.11748e-07
4.80402e+00 3.59474e+00 -1.15565e-07
4.80402e+00 3.66445e+00 -1.07446e-07
4.80402e+00 3.73303e+00 -9.33638e-08
4.80402e+00 3.80040e+00 -7.72815e-08
4.80402e+00 3.86649e+00 -6.16136e-08
4.80402e+00 3.93125e+00 -4.76547e-08
4.80402e+00 3.99462e+00 -3.59412e-08
4.80402e+00 4.05652e+00 -2.65375e-08
4.80402e+00 4.11690e+00 -1.92453e-08
4.80402e+00 4.17571e+00 -1.37471e-08
4.80402e+00 4.23287e+00 -9.69674e-09
4.80402e+00 4.28835e+00 -6.77024e-09
4.80402e+00 4.34207e+00 -4.68952e-09
4.80402e+00 4.39400e+00 -3.22964e-09
4.80402e+00 4.44407e+00 -2.21622e-09
4.80402e+00 4.49224e+00 -1.51855e-09
4.80402e+00 4.53847e+00 -1.04115e-09
4.80402e+00 4.58271e+00 -7.15758e-10
4.80402e+00 4.62491e+00 -4.94402e-10
4.80402e+00 4.66504e+00 -3.43824e-10
4.80402e+00 4.70305e+00 -2.41212e-10
4.80402e+00 4.73890e+00 -1.71047e-10
4.80402e+00 4.77257e+00 -1.22833e-10
4.80402e+00 4.80402e+00 -8.94938e-11
4.80402e+00 4.83322e+00 -6.62704e-11
4.80402e+00 4.86014e+00 -4.99605e-11
4.80402e+00 4.88475e+00 -3.84069e-11
4.80402e+00 4.90703e+00 -3.01518e-11
4.80402e+00 4.92696e+00 -2.42069e-11
4.80402e+00 4.94452e+00 -1.98992e-11
4.80402e+00 4.95969e+00 -1.67683e-11
4.80402e+00 4.97246e+00 -1.44987e-11
4.80402e+00 4.98281e+00 -1.28742e-11
4.80402e+00 4.99074e+00 -1.17481e-11
4.80402e+00 4.99623e+00 -1.10229e-11
4.80402e+00 4.99928e+00 -1.06381e-11
4.83322e+00 7.15683e-04 4.49268e-05
4.83322e+00 3.77012e-03 4.49267e-05
4.83322e+00 9.26216e-03 4.49264e-05
4.83322e+00 1.71877e-02 4.49253e-05
4.83322e+00 2.75390e-02 4.49229e-05
4.83322e+00 4.03061e-02 4.49185e-05
4.83322e+00 5.54766e-02 4.49111e-05
4.83322e+00 7.30356e-02 4.48996e-05
4.83322e+00 9.29659e-02 4.48827e-05
4.83322e+00 1.15248e-01 4.48590e-05
4.83322e+00 1.39860e-01 4.48268e-05
4.83322e+00 1.66779e-01 4.47844e-05
4.83322e+00 1.95977e-01 4.47298e-05
4.83322e+00 2.27426e-01 4.46608e-05
4.83322e+00 2.61096e-01 4.45751e-05
4.83322e+00 2.96953e-01 4.44702e-05
4.83322e+00 3.34963e-01 4.43433e-05
4.83322e+00 3.75089e-01 4.41914e-05
4.83322e+00 4.17290e-01 4.40112e-05
4.83322e+00 4.61527e-01 4.37991e-05
4.83322e+00 5.07755e-01 4.35514e-05
4.83322e+00 5.55930e-01 4.32638e-05
4.83322e+00 6.06005e-01 4.29319e-05
4.83322e+00 6.57930e-01 4.25507e-05
4.83322e+00 7.11655e-01 4.21152e-05
4.83322e+00 7.67127e-01 4.16198e-05
4.83322e+00 8.24292e-01 4.10588e-05
4.83322e+00 8.83095e-01 4.04264e-05
4.83322e+00 9.43478e-01 3.97164e-05
4.83322e+00 1.00538e+00 3.89229e-05
4.83322e+00 1.06875e+00 3.80402e-05
4.83322e+00 1.13351e+00 3.70629e-05
4.83322e+00 1.19960e+00 3.59865e-05
4.83322e+00 1.26697e+00 3.48074e-05
4.83322e+00 1.33555e+00 3.35233e-05
4.83322e+00 1.40526e+00 3.21337e-05
4.83322e+00 1.47604e+00 3.06401e-05
4.83322e+00 1.54782e+00 2.90466e-05
4.83322e+00 1.62053e+00 2.73599e-05
4.83322e+00 1.69410e+00 2.55898e-05
4.83322e+00 1.76846e+00 2.37493e-05
4.83322e+00 1.84353e+00 2.18546e-05
4.83322e+00 1.91924e+00 1.99248e-05
4.83322e+00 1.99553e+00 1.79818e-05
4.83322e+00 2.07230e+00 1.60492e-05
4.83322e+00 2.14949e+00 1.41523e-05
4.83322e+00 2.22703e+00 1.23163e-05
4.83322e+00 2.30483e+00 1.05657e-05
4.83322e+00 2.38282e+00 8.92307e-06
4.83322e+00 2.46093e+00 7.40778e-06
4.83322e+00 2.53907e+00 6.03514e-06
4.83322e+00 2.61718e+00 4.81559e-06
4.83322e+00 2.69517e+00 3.75425e-06
4.83322e+00 2.77297e+00 2.85090e-06
4.83322e+00 2.85051e+00 2.10016e-06
4.83322e+00 2.92770e+00 1.49224e-06
4.83322e+00 3.00447e+00 1.01377e-06
4.83322e+00 3.08076e+00 6.48926e-07
4.83322e+00 3.15647e+00 3.80602e-07
4.83322e+00 3.23154e+00 1.91501e-07
4.83322e+00 3.30590e+00 6.51074e-08
4.83322e+00 3.37947e+00 -1.35714e-08
4.83322e+00 3.45218e+00 -5.75097e-08
4.83322e+00 3.52396e+00 -7.74276e-08
4.83322e+00 3.59474e+00 -8.17760e-08
4.83322e+00 3.66445e+00 -7.68961e-08
4.83322e+00 3.73303e+00 -6.72944e-08
4.83322e+00 3.80040e+00 -5.59762e-08
4.83322e+00 3.86649e+00 -4.47888e-08
4.83322e+00 3.93125e+00 -3.47378e-08
4.83322e+00 3.99462e+00 -2.62574e-08
4.83322e+00 4.05652e+00 -1.94227e-08
4.83322e+00 4.11690e+00 -1.41071e-08
4.83322e+00 4.17571e+00 -1.00900e-08
4.83322e+00 4.23287e+00 -7.12524e-09
4.83322e+00 4.28835e+00 -4.97979e-09
4.83322e+00 4.34207e+00 -3.45241e-09
4.83322e+00 4.39400e+00 -2.37954e-09
4.83322e+00 4.44407e+00 -1.63406e-09
4.83322e+00 4.49224e+00 -1.12039e-09
4.83322e+00 4.53847e+00 -7.68622e-10
4.83322e+00 4.58271e+00 -5.28695e-10
4.83322e+00 4.62491e+00 -3.65375e-10
4.83322e+00 4.66504e+00 -2.54213e-10
4.83322e+00 4.70305e+00 -1.78422e-10
4.83322e+00 4.73890e+00 -1.26572e-10
4.83322e+00 4.77257e+00 -9.09274e-11
4.83322e+00 4.80402e+00 -6.62704e-11
4.83322e+00 4.83322e+00 -4.90885e-11
4.83322e+00 4.86014e+00 -3.70177e-11
4.83322e+00 4.88475e+00 -2.84644e-11
4.83322e+00 4.90703e+00 -2.23514e-11
4.83322e+00 4.92696e+00 -1.79481e-11
4.83322e+00 4.94452e+00 -1.47568e-11
4.83322e+00 4.95969e+00 -1.24369e-11
4.83322e+00 4.97246e+00 -1.07549e-11
4.83322e+00 4.98281e+00 -9.55091e-12
4.83322e+00 4.99074e+00 -8.71615e-12
4.83322e+00 4.99623e+00 -8.17857e-12
4.83322e+00 4.99928e+00 -7.89327e-12
4.86014e+00 7.15683e-04 3.40161e-05
4.86014e+00 3.77012e-03 3.40161e-05
4.86014e+00 9.26216e-03 3.40158e-05
4.86014e+00 1.71877e-02 3.40150e-05
4.86014e+00 2.75390e-02 3.40132e-05
4.86014e+00 4.03061e-02 3.40099e-05
4.86014e+00 5.54766e-02 3.40043e-05
4.86014e+00 7.30356e-02 3.39957e-05
4.86014e+00 9.29659e-02 3.39830e-05
4.86014e+00 1.15248e-01 3.39651e-05
4.86014e+00 1.39860e-01 3.39409e-05
4.86014e+00 1.66779e-01 3.39091e-05
4.86014e+00 1.95977e-01 3.38680e-05
4.86014e+00 2.27426e-01 3.38161e-05
4.86014e+00 2.61096e-01 3.37517e-05
4.86014e+00 2.96953e-01 3.36729e-05
4.86014e+00 3.34963e-01 3.35774e-05
4.86014e+00 3.75089e-01 3.34632e-05
4.86014e+00 4.17290e-01 3.33277e-05
4.86014e+00 4.61527e-01 3.31682e-05
4.86014e+00 5.07755e-01 3.29818e-05
4.86014e+00 5.55930e-01 3.27654e-05
4.86014e+00 6.06005e-01 3.25157e-05
4.86014e+00 6.57930e-01 3.22288e-05
4.86014e+00 7.11655e-01 3.19010e-05
4.86014e+00 7.67127e-01 3.15280e-05
4.86014e+00 8.24292e-01 3.11056e-05
4.86014e+00 8.83095e-01 3.06292e-05
4.86014e+00 9.43478e-01 3.00943e-05
4.86014e+00 1.00538e+00 2.94964e-05
4.86014e+00 1.06875e+00 2.88310e-05
4.86014e+00 1.13351e+00 2.80942e-05
4.86014e+00 1.19960e+00 2.72824e-05
4.86014e+00 1.26697e+00 2.63930e-05
4.86014e+00 1.33555e+00 2.54240e-05
4.86014e+00 1.40526e+00 2.43751e-05
4.86014e+00 1.47604e+00 2.32474e-05
4.86014e+00 1.54782e+00 2.20439e-05
4.86014e+00 1.62053e+00 2.07695e-05
4.86014e+00 1.69410e+00 1.94317e-05
4.86014e+00 1.76846e+00 1.80403e-05
4.86014e+00 1.84353e+00 1.66072e-05
4.86014e+00 1.91924e+00 1.51471e-05
4.86014e+00 1.99553e+00 1.36763e-05
4.86014e+00 2.07230e+00 1.22129e-05
4.86014e+00 2.14949e+00 1.07757e-05
4.86014e+00 2.22703e+00 9.38398e-06
4.86014e+00 2.30483e+00 8.05631e-06
4.86014e+00 2.38282e+00 6.80978e-06
4.86014e+00 2.46093e+00 5.65913e-06
4.86014e+00 2.53907e+00 4.61605e-06
4.86014e+00 2.61718e+00 3.68855e-06
4.86014e+00 2.69517e+00 2.88064e-06
4.86014e+00 2.77297e+00 2.19226e-06
4.86014e+00 2.85051e+00 1.61949e-06
4.86014e+00 2.92770e+00 1.15500e-06
4.86014e+00 3.00447e+00 7.88766e-07
4.86014e+00 3.08076e+00 5.08895e-07
4.86014e+00 3.15647e+00 3.02479e-07
4.86014e+00 3.23154e+00 1.56451e-07
4.86014e+00 3.30590e+00 5.83123e-08
4.86014e+00 3.37947e+00 -3.30117e-09
4.86014e+00 3.45218e+00 -3.82405e-08
4.86014e+00 3.52396e+00 -5.46603e-08
4.86014e+00 3.59474e+00 -5.90028e-08
4.86014e+00 3.66445e+00 -5.61146e-08
4.86014e+00 3.73303e+00 -4.94519e-08
4.86014e+00 3.80040e+00 -4.13309e-08
4.86014e+00 3.86649e+00 -3.31853e-08
4.86014e+00 3.93125e+00 -2.58067e-08
4.86014e+00 3.99462e+00 -1.95477e-08
4.86014e+00 4.05652e+00 -1.44844e-08
4.86014e+00 4.11690e+00 -1.05355e-08
4.86014e+00 4.17571e+00 -7.54467e-09
4.86014e+00 4.23287e+00 -5.33348e-09
4.86014e+00 4.28835e+00 -3.73102e-09
4.86014e+00 4.34207e+00 -2.58879e-09
4.86014e+00 4.39400e+00 -1.78563e-09
4.86014e+00 4.44407e+00 -1.22703e-09
4.86014e+00 4.49224e+00 -8.41821e-10
4.86014e+00 4.53847e+00 -5.77836e-10
4.86014e+00 4.58271e+00 -3.97664e-10
4.86014e+00 4.62491e+00 -2.74949e-10
4.86014e+00 4.66504e+00 -1.91380e-10
4.86014e+00 4.70305e+00 -1.34375e-10
4.86014e+00 4.73890e+00 -9.53602e-11
4.86014e+00 4.77257e+00 -6.85282e-11
4.86014e+00 4.80402e+00 -4.99605e-11
4.86014e+00 4.83322e+00 -3.70177e-11
4.86014e+00 4.86014e+00 -2.79222e-11
4.86014e+00 4.88475e+00 -2.14754e-11
4.86014e+00 4.90703e+00 -1.68669e-11
4.86014e+00 4.92696e+00 -1.35466e-11
4.86014e+00 4.94452e+00 -1.11397e-11
4.86014e+00 4.95969e+00 -9.38970e-12
4.86014e+00 4.97246e+00 -8.12079e-12
4.86014e+00 4.98281e+00 -7.21235e-12
4.86014e+00 4.99074e+00 -6.58246e-12
4.86014e+00 4.99623e+00 -6.17678e-12
4.86014e+00 4.99928e+00 -5.96148e-12
4.88475e+00 7.15683e-04 2.62592e-05
4.88475e+00 3.77012e-03 2.62592e-05
4.88475e+00 9.26216e-03 2.62590e-05
4.88475e+00 1.71877e-02 2.62584e-05
4.88475e+00 2.75390e-02 2.62570e-05
4.88475e+00 4.03061e-02 2.62545e-05
4.88475e+00 5.54766e-02 2.62502e-05
4.88475e+00 7.30356e-02 2.62436e-05
4.88475e+00 9.29659e-02 2.62338e-05
4.88475e+00 1.15248e-01 2.62201e-05
4.88475e+00 1.39860e-01 2.62016e-05
4.88475e+00 1.66779e-01 2.61771e-05
4.88475e+00 1.95977e-01 2.61456e-05
4.88475e+00 2.27426e-01 2.61059e-05
4.88475e+00 2.61096e-01 2.60565e-05
4.88475e+00 2.96953e-01 2.59960e-05
4.88475e+00 3.34963e-01 2.59228e-05
4.88475e+00 3.75089e-01 2.58351e-05
4.88475e+00 4.17290e-01 2.57311e-05
4.88475e+00 4.61527e-01 2.56087e-05
4.88475e+00 5.07755e-01 2.54657e-05
4.88475e+00 5.55930e-01 2.52997e-05
4.88475e+00 6.06005e-01 2.51079e-05
4.88475e+00 6.57930e-01 2.48877e-05
4.88475e+00 7.11655e-01 2.46359e-05
4.88475e+00 7.67127e-01 2.43495e-05
4.88475e+00 8.24292e-01 2.40250e-05
4.88475e+00 8.83095e-01 2.36590e-05
4.88475e+00 9.43478e-01 2.32479e-05
4.88475e+00 1.00538e+00 2.27883e-05
4.88475e+00 1.06875e+00 2.22768e-05
4.88475e+00 1.13351e+00 2.17102e-05
4.88475e+00 1.19960e+00 2.10858e-05
4.88475e+00 1.26697e+00 2.04014e-05
4.88475e+00 1.33555e+00 1.96557e-05
4.88475e+00 1.40526e+00 1.88483e-05
4.88475e+00 1.47604e+00 1.79800e-05
4.88475e+00 1.54782e+00 1.70530e-05
4.88475e+00 1.62053e+00 1.60711e-05
4.88475e+00 1.69410e+00 1.50401e-05
4.88475e+00 1.76846e+00 1.39673e-05
4.88475e+00 1.84353e+00 1.28622e-05
4.88475e+00 1.91924e+00 1.17357e-05
4.88475e+00 1.99553e+00 1.06006e-05
4.88475e+00 2.07230e+00 9.47070e-06
4.88475e+00 2.14949e+00 8.36063e-06
4.88475e+00 2.22703e+00 7.28519e-06
4.88475e+00 2.30483e+00 6.25873e-06
4.88475e+00 2.38282e+00 5.29448e-06
4.88475e+00 2.46093e+00 4.40388e-06
4.88475e+00 2.53907e+00 3.59602e-06
4.88475e+00 2.61718e+00 2.87715e-06
4.88475e+00 2.69517e+00 2.25046e-06
4.88475e+00 2.77297e+00 1.71598e-06
4.88475e+00 2.85051e+00 1.27077e-06
4.88475e+00 2.92770e+00 9.09258e-07
4.88475e+00 3.00447e+00 6.23773e-07
4.88475e+00 3.08076e+00 4.05180e-07
4.88475e+00 3.15647e+00 2.43555e-07
4.88475e+00 3.23154e+00 1.28828e-07
4.88475e+00 3.30590e+00 5.13573e-08
4.88475e+00 3.37947e+00 2.36090e-09
4.88475e+00 3.45218e+00 -2.57849e-08
4.88475e+00 3.52396e+00 -3.94014e-08
4.88475e+00 3.59474e+00 -4.34921e-08
4.88475e+00 3.66445e+00 -4.18303e-08
4.88475e+00 3.73303e+00 -3.71148e-08
4.88475e+00 3.80040e+00 -3.11619e-08
4.88475e+00 3.86649e+00 -2.51032e-08
4.88475e+00 3.93125e+00 -1.95707e-08
4.88475e+00 3.99462e+00 -1.48536e-08
4.88475e+00 4.05652e+00 -1.10240e-08
4.88475e+00 4.11690e+00 -8.02922e-09
4.88475e+00 4.17571e+00 -5.75646e-09
4.88475e+00 4.23287e+00 -4.07337e-09
4.88475e+00 4.28835e+00 -2.85197e-09
4.88475e+00 4.34207e+00 -1.98037e-09
4.88475e+00 4.39400e+00 -1.36690e-09
4.88475e+00 4.44407e+00 -9.39869e-10
4.88475e+00 4.49224e+00 -6.45170e-10
4.88475e+00 4.53847e+00 -4.43077e-10
4.88475e+00 4.58271e+00 -3.05065e-10
4.88475e+00 4.62491e+00 -2.11015e-10
4.88475e+00 4.66504e+00 -1.46936e-10
4.88475e+00 4.70305e+00 -1.03206e-10
4.88475e+00 4.73890e+00 -7.32650e-11
4.88475e+00 4.77257e+00 -5.26660e-11
4.88475e+00 4.80402e+00 -3.84069e-11
4.88475e+00 4.83322e+00 -2.84644e-11
4.88475e+00 4.86014e+00 -2.14754e-11
4.88475e+00 4.88475e+00 -1.65206e-11
4.88475e+00 4.90703e+00 -1.29778e-11
4.88475e+00 4.92696e+00 -1.04248e-11
4.88475e+00 4.94452e+00 -8.57378e-12
4.88475e+00 4.95969e+00 -7.22780e-12
4.88475e+00 4.97246e+00 -6.25169e-12
4.88475e+00 4.98281e+00 -5.55282e-12
4.88475e+00 4.99074e+00 -5.06818e-12
4.88475e+00 4.99623e+00 -4.75604e-12
4.88475e+00 4.99928e+00 -4.59038e-12
4.90703e+00 7.15683e-04 2.06973e-05
4.90703e+00 3.77012e-03 2.06973e-05
4.90703e+00 9.26216e-03 2.06971e-05
4.90703e+00 1.71877e-02 2.06966e-05
4.90703e+00 2.75390e-02 2.06955e-05
4.90703e+00 4.03061e-02 2.06936e-05
4.90703e+00 5.54766e-02 2.06902e-05
4.90703e+00 7.30356e-02 2.06850e-05
4.90703e+00 9.29659e-02 2.06774e-05
4.90703e+00 1.15248e-01 2.06667e-05
4.90703e+00 1.39860e-01 2.06521e-05
4.90703e+00 1.66779e-01 2.06330e-05
4.90703e+00 1.95977e-01 2.06083e-05
4.90703e+00 2.27426e-01 2.05771e-05
4.90703e+00 2.61096e-01 2.05384e-05
4.90703e+00 2.96953e-01 2.04910e-05
4.90703e+00 3.34963e-01 2.04336e-05
4.90703e+00 3.75089e-01 2.03649e-05
4.90703e+00 4.17290e-01 2.02834e-05
4.90703e+00 4.61527e-01 2.01875e-05
4.90703e+00 5.07755e-01 2.00753e-05
4.90703e+00 5.55930e-01 1.99451e-05
4.90703e+00 6.06005e-01 1.97947e-05
4.90703e+00 6.57930e-01 1.96220e-05
4.90703e+00 7.11655e-01 1.94245e-05
4.90703e+00 7.67127e-01 1.91998e-05
4.90703e+00 8.24292e-01 1.89452e-05
4.90703e+00 8.83095e-01 1.86579e-05
4.90703e+00 9.43478e-01 1.83352e-05
4.90703e+00 1.00538e+00 1.79744e-05
4.90703e+00 1.06875e+00 1.75727e-05
4.90703e+00 1.13351e+00 1.71276e-05
4.90703e+00 1.19960e+00 1.66371e-05
4.90703e+00 1.26697e+00 1.60993e-05
4.90703e+00 1.33555e+00 1.55132e-05
4.90703e+00 1.40526e+00 1.48784e-05
4.90703e+00 1.47604e+00 1.41955e-05
4.90703e+00 1.54782e+00 1.34663e-05
4.90703e+00 1.62053e+00 1.26938e-05
4.90703e+00 1.69410e+00 1.18823e-05
4.90703e+00 1.76846e+00 1.10378e-05
4.90703e+00 1.84353e+00 1.01675e-05
4.90703e+00 1.91924e+00 9.28013e-06
4.90703e+00 1.99553e+00 8.38566e-06
4.90703e+00 2.07230e+00 7.49498e-06
4.90703e+00 2.14949e+00 6.61959e-06
4.90703e+00 2.22703e+00 5.77117e-06
4.90703e+00 2.30483e+00 4.96104e-06
4.90703e+00 2.38282e+00 4.19964e-06
4.90703e+00 2.46093e+00 3.49604e-06
4.90703e+00 2.53907e+00 2.85742e-06
4.90703e+00 2.61718e+00 2.28879e-06
4.90703e+00 2.69517e+00 1.79271e-06
4.90703e+00 2.77297e+00 1.36927e-06
4.90703e+00 2.85051e+00 1.01620e-06
4.90703e+00 2.92770e+00 7.29182e-07
4.90703e+00 3.00447e+00 5.02207e-07
4.90703e+00 3.08076e+00 3.28115e-07
4.90703e+00 3.15647e+00 1.99108e-07
4.90703e+00 3.23154e+00 1.07265e-07
4.90703e+00 3.30590e+00 4.49899e-08
4.90703e+00 3.37947e+00 5.35445e-09
4.90703e+00 3.45218e+00 -1.76633e-08
4.90703e+00 3.52396e+00 -2.90644e-08
4.90703e+00 3.59474e+00 -3.28138e-08
4.90703e+00 3.66445e+00 -3.19081e-08
4.90703e+00 3.73303e+00 -2.84961e-08
4.90703e+00 3.80040e+00 -2.40294e-08
4.90703e+00 3.86649e+00 -1.94177e-08
4.90703e+00 3.93125e+00 -1.51738e-08
4.90703e+00 3.99462e+00 -1.15377e-08
4.90703e+00 4.05652e+00 -8.57582e-09
4.90703e+00 4.11690e+00 -6.25390e-09
4.90703e+00 4.17571e+00 -4.48838e-09
4.90703e+00 4.23287e+00 -3.17893e-09
4.90703e+00 4.28835e+00 -2.22749e-09
4.90703e+00 4.34207e+00 -1.54782e-09
4.90703e+00 4.39400e+00 -1.06901e-09
4.90703e+00 4.44407e+00 -7.35451e-10
4.90703e+00 4.49224e+00 -5.05103e-10
4.90703e+00 4.53847e+00 -3.47044e-10
4.90703e+00 4.58271e+00 -2.39045e-10
4.90703e+00 4.62491e+00 -1.65412e-10
4.90703e+00 4.66504e+00 -1.15222e-10
4.90703e+00 4.70305e+00 -8.09568e-11
4.90703e+00 4.73890e+00 -5.74876e-11
4.90703e+00 4.77257e+00 -4.13358e-11
4.90703e+00 4.80402e+00 -3.01518e-11
4.90703e+00 4.83322e+00 -2.23514e-11
4.90703e+00 4.86014e+00 -1.68669e-11
4.90703e+00 4.88475e+00 -1.29778e-11
4.90703e+00 4.90703e+00 -1.01964e-11
4.90703e+00 4.92696e+00 -8.19180e-12
4.90703e+00 4.94452e+00 -6.73815e-12
4.90703e+00 4.95969e+00 -5.68098e-12
4.90703e+00 4.97246e+00 -4.91423e-12
4.90703e+00 4.98281e+00 -4.36520e-12
4.90703e+00 4.99074e+00 -3.98445e-12
4.90703e+00 4.99623e+00 -3.73920e-12
4.90703e+00 4.99928e+00 -3.60903e-12
4.92696e+00 7.15683e-04 1.66782e-05
4.92696e+00 3.77012e-03 1.66782e-05
4.92696e+00 9.26216e-03 1.66781e-05
4.92696e+00 1.71877e-02 1.66777e-05
4.92696e+00 2.75390e-02 1.66768e-05
4.92696e+00 4.03061e-02 1.66752e-05
4.92696e+00 5.54766e-02 1.66725e-05
4.92696e+00 7.30356e-02 1.66684e-05
4.92696e+00 9.29659e-02 1.66623e-05
4.92696e+00 1.15248e-01 1.66537e-05
4.92696e+00 1.39860e-01 1.66420e-05
4.92696e+00 1.66779e-01 1.66267e-05
4.92696e+00 1.95977e-01 1.66069e-05
4.92696e+00 2.27426e-01 1.65819e-05
4.92696e+00 2.61096e-01 1.65508e-05
4.92696e+00 2.96953e-01 1.65128e-05
4.92696e+00 3.34963e-01 1.64668e-05
4.92696e+00 3.75089e-01 1.64117e-05
4.92696e+00 4.17290e-01 1.63464e-05
4.92696e+00 4.61527e-01 1.62694e-05
4.92696e+00 5.07755e-01 1.61795e-05
4.92696e+00 5.55930e-01 1.60751e-05
4.92696e+00 6.06005e-01 1.59544e-05
4.92696e+00 6.57930e-01 1.58158e-05
4.92696e+00 7.11655e-01 1.56574e-05
4.92696e+00 7.67127e-01 1.54770e-05
4.92696e+00 8.24292e-01 1.52727e-05
4.92696e+00 8.83095e-01 1.50421e-05
4.92696e+00 9.43478e-01 1.47830e-05
4.92696e+00 1.00538e+00 1.44932e-05
4.92696e+00 1.06875e+00 1.41706e-05
4.92696e+00 1.13351e+00 1.38130e-05
4.92696e+00 1.19960e+00 1.34189e-05
4.92696e+00 1.26697e+00 1.29867e-05
4.92696e+00 1.33555e+00 1.25155e-05
4.92696e+00 1.40526e+00 1.20051e-05
4.92696e+00 1.47604e+00 1.14560e-05
4.92696e+00 1.54782e+00 1.08694e-05
4.92696e+00 1.62053e+00 1.02479e-05
4.92696e+00 1.69410e+00 9.59489e-06
4.92696e+00 1.76846e+00 8.91506e-06
4.92696e+00 1.84353e+00 8.21431e-06
4.92696e+00 1.91924e+00 7.49963e-06
4.92696e+00 1.99553e+00 6.77900e-06
4.92696e+00 2.07230e+00 6.06120e-06
4.92696e+00 2.14949e+00 5.35549e-06
4.92696e+00 2.22703e+00 4.67128e-06
4.92696e+00 2.30483e+00 4.01769e-06
4.92696e+00 2.38282e+00 3.40316e-06
4.92696e+00 2.46093e+00 2.83501e-06
4.92696e+00 2.53907e+00 2.31907e-06
4.92696e+00 2.61718e+00 1.85941e-06
4.92696e+00 2.69517e+00 1.45814e-06
4.92696e+00 2.77297e+00 1.11537e-06
4.92696e+00 2.85051e+00 8.29331e-07
4.92696e+00 2.92770e+00 5.96558e-07
4.92696e+00 3.00447e+00 4.12257e-07
4.92696e+00 3.08076e+00 2.70682e-07
4.92696e+00 3.15647e+00 1.65569e-07
4.92696e+00 3.23154e+00 9.05468e-08
4.92696e+00 3.30590e+00 3.94943e-08
4.92696e+00 3.37947e+00 6.82617e-09
4.92696e+00 3.45218e+00 -1.23201e-08
4.92696e+00 3.52396e+00 -2.19873e-08
4.92696e+00 3.59474e+00 -2.53859e-08
4.92696e+00 3.66445e+00 -2.49465e-08
4.92696e+00 3.73303e+00 -2.24163e-08
4.92696e+00 3.80040e+00 -1.89792e-08
4.92696e+00 3.86649e+00 -1.53810e-08
4.92696e+00 3.93125e+00 -1.20453e-08
4.92696e+00 3.99462e+00 -9.17444e-09
4.92696e+00 4.05652e+00 -6.82854e-09
4.92696e+00 4.11690e+00 -4.98533e-09
4.92696e+00 4.17571e+00 -3.58135e-09
4.92696e+00 4.23287e+00 -2.53860e-09
4.92696e+00 4.28835e+00 -1.78008e-09
4.92696e+00 4.34207e+00 -1.23771e-09
4.92696e+00 4.39400e+00 -8.55305e-10
4.92696e+00 4.44407e+00 -5.88725e-10
4.92696e+00 4.49224e+00 -4.04516e-10
4.92696e+00 4.53847e+00 -2.78048e-10
4.92696e+00 4.58271e+00 -1.91592e-10
4.92696e+00 4.62491e+00 -1.32622e-10
4.92696e+00 4.66504e+00 -9.24100e-11
4.92696e+00 4.70305e+00 -6.49475e-11
4.92696e+00 4.73890e+00 -4.61316e-11
4.92696e+00 4.77257e+00 -3.31785e-11
4.92696e+00 4.80402e+00 -2.42069e-11
4.92696e+00 4.83322e+00 -1.79481e-11
4.92696e+00 4.86014e+00 -1.35466e-11
4.92696e+00 4.88475e+00 -1.04248e-11
4.92696e+00 4.90703e+00 -8.19180e-12
4.92696e+00 4.92696e+00 -6.58215e-12
4.92696e+00 4.94452e+00 -5.41476e-12
4.92696e+00 4.95969e+00 -4.56567e-12
4.92696e+00 4.97246e+00 -3.94978e-12
4.92696e+00 4.98281e+00 -3.50873e-12
4.92696e+00 4.99074e+00 -3.20285e-12
4.92696e+00 4.99623e+00 -3.00582e-12
4.92696e+00 4.99928e+00 -2.90124e-12
4.94452e+00 7.15683e-04 1.37566e-05
4.94452e+00 3.77012e-03 1.37566e-05
4.94452e+00 9.26216e-03 1.37565e-05
4.94452e+00 1.71877e-02 1.37562e-05
4.94452e+00 2.75390e-02 1.37555e-05
4.94452e+00 4.03061e-02 1.37542e-05
4.94452e+00 5.54766e-02 1.37520e-05
4.94452e+00 7.30356e-02 1.37486e-05
4.94452e+00 9.29659e-02 1.37435e-05
4.94452e+00 1.15248e-01 1.37365e-05
4.94452e+00 1.39860e-01 1.37269e-05
4.94452e+00 1.66779e-01 1.37143e-05
4.94452e+00 1.95977e-01 1.36981e-05
4.94452e+00 2.27426e-01 1.36775e-05
4.94452e+00 2.61096e-01 1.36521e-05
4.94452e+00 2.96953e-01 1.36208e-05
4.94452e+00 3.34963e-01 1.35831e-05
4.94452e+00 3.75089e-01 1.35378e-05
4.94452e+00 4.17290e-01 1.34841e-05
4.94452e+00 4.61527e-01 1.34209e-05
4.94452e+00 5.07755e-01 1.33471e-05
4.94452e+00 5.55930e-01 1.32613e-05
4.94452e+00 6.06005e-01 1.31622e-05
4.94452e+00 6.57930e-01 1.30483e-05
4.94452e+00 7.11655e-01 1.29181e-05
4.94452e+00 7.67127e-01 1.27699e-05
4.94452e+00 8.24292e-01 1.26019e-05
4.94452e+00 8.83095e-01 1.24123e-05
4.94452e+00 9.43478e-01 1.21993e-05
4.94452e+00 1.00538e+00 1.19610e-05
4.94452e+00 1.06875e+00 1.16956e-05
4.94452e+00 1.13351e+00 1.14015e-05
4.94452e+00 1.19960e+00 1.10772e-05
4.94452e+00 1.26697e+00 1.07215e-05
4.94452e+00 1.33555e+00 1.03338e-05
4.94452e+00 1.40526e+00 9.91361e-06
4.94452e+00 1.47604e+00 9.46147e-06
4.94452e+00 1.54782e+00 8.97844e-06
4.94452e+00 1.62053e+00 8.46648e-06
4.94452e+00 1.69410e+00 7.92847e-06
4.94452e+00 1.76846e+00 7.36825e-06
4.94452e+00 1.84353e+00 6.79065e-06
4.94452e+00 1.91924e+00 6.20143e-06
4.94452e+00 1.99553e+00 5.60715e-06
4.94452e+00 2.07230e+00 5.01504e-06
4.94452e+00 2.14949e+00 4.43273e-06
4.94452e+00 2.22703e+00 3.86798e-06
4.94452e+00 2.30483e+00 3.32833e-06
4.94452e+00 2.38282e+00 2.82074e-06
4.94452e+00 2.46093e+00 2.35127e-06
4.94452e+00 2.53907e+00 1.92476e-06
4.94452e+00 2.61718e+00 1.54458e-06
4.94452e+00 2.69517e+00 1.21250e-06
4.94452e+00 2.77297e+00 9.28660e-07
4.94452e+00 2.85051e+00 6.91614e-07
4.94452e+00 2.92770e+00 4.98544e-07
4.94452e+00 3.00447e+00 3.45516e-07
4.94452e+00 3.08076e+00 2.27811e-07
4.94452e+00 3.15647e+00 1.40276e-07
4.94452e+00 3.23154e+00 7.76624e-08
4.94452e+00 3.30590e+00 3.49240e-08
4.94452e+00 3.37947e+00 7.45095e-09
4.94452e+00 3.45218e+00 -8.77422e-09
4.94452e+00 3.52396e+00 -1.70956e-08
4.94452e+00 3.59474e+00 -2.01722e-08
4.94452e+00 3.66445e+00 -2.00203e-08
4.94452e+00 3.73303e+00 -1.80923e-08
4.94452e+00 3.80040e+00 -1.53751e-08
4.94452e+00 3.86649e+00 -1.24928e-08
4.94452e+00 3.93125e+00 -9.80271e-09
4.94452e+00 3.99462e+00 -7.47773e-09
4.94452e+00 4.05652e+00 -5.57250e-09
4.94452e+00 4.11690e+00 -4.07245e-09
4.94452e+00 4.17571e+00 -2.92806e-09
4.94452e+00 4.23287e+00 -2.07704e-09
4.94452e+00 4.28835e+00 -1.45736e-09
4.94452e+00 4.34207e+00 -1.01388e-09
4.94452e+00 4.39400e+00 -7.00982e-10
4.94452e+00 4.44407e+00 -4.82716e-10
4.94452e+00 4.49224e+00 -3.31810e-10
4.94452e+00 4.53847e+00 -2.28155e-10
4.94452e+00 4.58271e+00 -1.57265e-10
4.94452e+00 4.62491e+00 -1.08893e-10
4.94452e+00 4.66504e+00 -7.58972e-11
4.94452e+00 4.70305e+00 -5.33555e-11
4.94452e+00 4.73890e+00 -3.79067e-11
4.94452e+00 4.77257e+00 -2.72689e-11
4.94452e+00 4.80402e+00 -1.98992e-11
4.94452e+00 4.83322e+00 -1.47568e-11
4.94452e+00 4.86014e+00 -1.11397e-11
4.94452e+00 4.88475e+00 -8.57378e-12
4.94452e+00 4.90703e+00 -6.73815e-12
4.94452e+00 4.92696e+00 -5.41476e-12
4.94452e+00 4.94452e+00 -4.45487e-12
4.94452e+00 4.95969e+00 -3.75662e-12
4.94452e+00 4.97246e+00 -3.25010e-12
4.94452e+00 4.98281e+00 -2.88735e-12
4.94452e+00 4.99074e+00 -2.63576e-12
4.94452e+00 4.99623e+00 -2.47369e-12
4.94452e+00 4.99928e+00 -2.38766e-12
4.95969e+00 7.15683e-04 1.16271e-05
4.95969e+00 3.77012e-03 1.16270e-05
4.95969e+00 9.26216e-03 1.16270e-05
4.95969e+00 1.71877e-02 1.16267e-05
4.95969e+00 2.75390e-02 1.16261e-05
4.95969e+00 4.03061e-02 1.16250e-05
4.95969e+00 5.54766e-02 1.16231e-05
4.95969e+00 7.30356e-02 1.16203e-05
4.95969e+00 9.29659e-02 1.16160e-05
4.95969e+00 1.15248e-01 1.16101e-05
4.95969e+00 1.39860e-01 1.16020e-05
4.95969e+00 1.66779e-01 1.15914e-05
4.95969e+00 1.95977e-01 1.15777e-05
4.95969e+00 2.27426e-01 1.15605e-05
4.95969e+00 2.61096e-01 1.15390e-05
4.95969e+00 2.96953e-01 1.15127e-05
4.95969e+00 3.34963e-01 1.14809e-05
4.95969e+00 3.75089e-01 1.14428e-05
4.95969e+00 4.17290e-01 1.13976e-05
4.95969e+00 4.61527e-01 1.13444e-05
4.95969e+00 5.07755e-01 1.12822e-05
4.95969e+00 5.55930e-01 1.12099e-05
4.95969e+00 6.06005e-01 1.11264e-05
4.95969e+00 6.57930e-01 1.10305e-05
4.95969e+00 7.11655e-01 1.09208e-05
4.95969e+00 7.67127e-01 1.07959e-05
4.95969e+00 8.24292e-01 1.06544e-05
4.95969e+00 8.83095e-01 1.04946e-05
4.95969e+00 9.43478e-01 1.03150e-05
4.95969e+00 1.00538e+00 1.01142e-05
4.95969e+00 1.06875e+00 9.89041e-06
4.95969e+00 1.13351e+00 9.64241e-06
4.95969e+00 1.19960e+00 9.36890e-06
4.95969e+00 1.26697e+00 9.06891e-06
4.95969e+00 1.33555e+00 8.74177e-06
4.95969e+00 1.40526e+00 8.38726e-06
4.95969e+00 1.47604e+00 8.00569e-06
4.95969e+00 1.54782e+00 7.59799e-06
4.95969e+00 1.62053e+00 7.16579e-06
4.95969e+00 1.69410e+00 6.71151e-06
4.95969e+00 1.76846e+00 6.23840e-06
4.95969e+00 1.84353e+00 5.75051e-06
4.95969e+00 1.91924e+00 5.25269e-06
4.95969e+00 1.99553e+00 4.75049e-06
4.95969e+00 2.07230e+00 4.25001e-06
4.95969e+00 2.14949e+00 3.75769e-06
4.95969e+00 2.22703e+00 3.28008e-06
4.95969e+00 2.30483e+00 2.82357e-06
4.95969e+00 2.38282e+00 2.39405e-06
4.95969e+00 2.46093e+00 1.99664e-06
4.95969e+00 2.53907e+00 1.63546e-06
4.95969e+00 2.61718e+00 1.31338e-06
4.95969e+00 2.69517e+00 1.03191e-06
4.95969e+00 2.77297e+00 7.91200e-07
4.95969e+00 2.85051e+00 5.90044e-07
4.95969e+00 2.92770e+00 4.26084e-07
4.95969e+00 3.00447e+00 2.96011e-07
4.95969e+00 3.08076e+00 1.95852e-07
4.95969e+00 3.15647e+00 1.21261e-07
4.95969e+00 3.23154e+00 6.78072e-08
4.95969e+00 3.30590e+00 3.12277e-08
4.95969e+00 3.37947e+00 7.62392e-09
4.95969e+00 3.45218e+00 -6.40447e-09
4.95969e+00 3.52396e+00 -1.36907e-08
4.95969e+00 3.59474e+00 -1.64901e-08
4.95969e+00 3.66445e+00 -1.65151e-08
4.95969e+00 3.73303e+00 -1.50015e-08
4.95969e+00 3.80040e+00 -1.27908e-08
4.95969e+00 3.86649e+00 -1.04172e-08
4.95969e+00 3.93125e+00 -8.18819e-09
4.95969e+00 3.99462e+00 -6.25454e-09
4.95969e+00 4.05652e+00 -4.66600e-09
4.95969e+00 4.11690e+00 -3.41299e-09
4.95969e+00 4.17571e+00 -2.45575e-09
4.95969e+00 4.23287e+00 -1.74312e-09
4.95969e+00 4.28835e+00 -1.22374e-09
4.95969e+00 4.34207e+00 -8.51767e-10
4.95969e+00 4.39400e+00 -5.89152e-10
4.95969e+00 4.44407e+00 -4.05863e-10
4.95969e+00 4.49224e+00 -2.79080e-10
4.95969e+00 4.53847e+00 -1.91958e-10
4.95969e+00 4.58271e+00 -1.32353e-10
4.95969e+00 4.62491e+00 -9.16675e-11
4.95969e+00 4.66504e+00 -6.39063e-11
4.95969e+00 4.70305e+00 -4.49358e-11
4.95969e+00 4.73890e+00 -3.19313e-11
4.95969e+00 4.77257e+00 -2.29746e-11
4.95969e+00 4.80402e+00 -1.67683e-11
4.95969e+00 4.83322e+00 -1.24369e-11
4.95969e+00 4.86014e+00 -9.38970e-12
4.95969e+00 4.88475e+00 -7.22780e-12
4.95969e+00 4.90703e+00 -5.68098e-12
4.95969e+00 4.92696e+00 -4.56567e-12
4.95969e+00 4.94452e+00 -3.75662e-12
4.95969e+00 4.95969e+00 -3.16805e-12
4.95969e+00 4.97246e+00 -2.74106e-12
4.95969e+00 4.98281e+00 -2.43525e-12
4.95969e+00 4.99074e+00 -2.22314e-12
4.95969e+00 4.99623e+00 -2.08649e-12
4.95969e+00 4.99928e+00 -2.01396e-12
4.97246e+00 7.15683e-04 1.00794e-05
4.97246e+00 3.77012e-03 1.00794e-05
4.97246e+00 9.26216e-03 1.00793e-05
4.97246e+00 1.71877e-02 1.00791e-05
4.97246e+00 2.75390e-02 1.00785e-05
4.97246e+00 4.03061e-02 1.00776e-05
4.97246e+00 5.54766e-02 1.00760e-05
4.97246e+00 7.30356e-02 1.00735e-05
4.97246e+00 9.29659e-02 1.00699e-05
4.97246e+00 1.15248e-01 1.00647e-05
4.97246e+00 1.39860e-01 1.00578e-05
4.97246e+00 1.66779e-01 1.00486e-05
4.97246e+00 1.95977e-01 1.00368e-05
4.97246e+00 2.27426e-01 1.00218e-05
4.97246e+00 2.61096e-01 1.00033e-05
4.97246e+00 2.96953e-01 9.98059e-06
4.97246e+00 3.34963e-01 9.95310e-06
4.97246e+00 3.75089e-01 9.92019e-06
4.97246e+00 4.17290e-01 9.88112e-06
4.97246e+00 4.61527e-01 9.83512e-06
4.97246e+00 5.07755e-01 9.78135e-06
4.97246e+00 5.55930e-01 9.71889e-06
4.97246e+00 6.06005e-01 9.64673e-06
4.97246e+00 6.57930e-01 9.56380e-06
4.97246e+00 7.11655e-01 9.46895e-06
4.97246e+00 7.67127e-01 9.36096e-06
4.97246e+00 8.24292e-01 9.23855e-06
4.97246e+00 8.83095e-01 9.10038e-06
4.97246e+00 9.43478e-01 8.94509e-06
4.97246e+00 1.00538e+00 8.77132e-06
4.97246e+00 1.06875e+00 8.57776e-06
4.97246e+00 1.13351e+00 8.36318e-06
4.97246e+00 1.19960e+00 8.12652e-06
4.97246e+00 1.26697e+00 7.86689e-06
4.97246e+00 1.33555e+00 7.58374e-06
4.97246e+00 1.40526e+00 7.27685e-06
4.97246e+00 1.47604e+00 6.94650e-06
4.97246e+00 1.54782e+00 6.59346e-06
4.97246e+00 1.62053e+00 6.21917e-06
4.97246e+00 1.69410e+00 5.82569e-06
4.97246e+00 1.76846e+00 5.41582e-06
4.97246e+00 1.84353e+00 4.99309e-06
4.97246e+00 1.91924e+00 4.56167e-06
4.97246e+00 1.99553e+00 4.12638e-06
4.97246e+00 2.07230e+00 3.69250e-06
4.97246e+00 2.14949e+00 3.26560e-06
4.97246e+00 2.22703e+00 2.85136e-06
4.97246e+00 2.30483e+00 2.45533e-06
4.97246e+00 2.38282e+00 2.08261e-06
4.97246e+00 2.46093e+00 1.73766e-06
4.97246e+00 2.53907e+00 1.42405e-06
4.97246e+00 2.61718e+00 1.14430e-06
4.97246e+00 2.69517e+00 8.99721e-07
4.97246e+00 2.77297e+00 6.90460e-07
4.97246e+00 2.85051e+00 5.15497e-07
4.97246e+00 2.92770e+00 3.72796e-07
4.97246e+00 3.00447e+00 2.59505e-07
4.97246e+00 3.08076e+00 1.72187e-07
4.97246e+00 3.15647e+00 1.07084e-07
4.97246e+00 3.23154e+00 6.03584e-08
4.97246e+00 3.30590e+00 2.83157e-08
4.97246e+00 3.37947e+00 7.57486e-09
4.97246e+00 3.45218e+00 -4.81526e-09
4.97246e+00 3.52396e+00 -1.13157e-08
4.97246e+00 3.59474e+00 -1.38873e-08
4.97246e+00 3.66445e+00 -1.40207e-08
4.97246e+00 3.73303e+00 -1.27930e-08
4.97246e+00 3.80040e+00 -1.09392e-08
4.97246e+00 3.86649e+00 -8.92707e-09
4.97246e+00 3.93125e+00 -7.02735e-09
4.97246e+00 3.99462e+00 -5.37402e-09
4.97246e+00 4.05652e+00 -4.01281e-09
4.97246e+00 4.11690e+00 -2.93744e-09
4.97246e+00 4.17571e+00 -2.11491e-09
4.97246e+00 4.23287e+00 -1.50201e-09
4.97246e+00 4.28835e+00 -1.05496e-09
4.97246e+00 4.34207e+00 -7.34597e-10
4.97246e+00 4.39400e+00 -5.08293e-10
4.97246e+00 4.44407e+00 -3.50274e-10
4.97246e+00 4.49224e+00 -2.40926e-10
4.97246e+00 4.53847e+00 -1.65759e-10
4.97246e+00 4.58271e+00 -1.14317e-10
4.97246e+00 4.62491e+00 -7.91931e-11
4.97246e+00 4.66504e+00 -5.52208e-11
4.97246e+00 4.70305e+00 -3.88357e-11
4.97246e+00 4.73890e+00 -2.76013e-11
4.97246e+00 4.77257e+00 -1.98621e-11
4.97246e+00 4.80402e+00 -1.44987e-11
4.97246e+00 4.83322e+00 -1.07549e-11
4.97246e+00 4.86014e+00 -8.12079e-12
4.97246e+00 4.88475e+00 -6.25169e-12
4.97246e+00 4.90703e+00 -4.91423e-12
4.97246e+00 4.92696e+00 -3.94978e-12
4.97246e+00 4.94452e+00 -3.25010e-12
4.97246e+00 4.95969e+00 -2.74106e-12
4.97246e+00 4.97246e+00 -2.37175e-12
4.97246e+00 4.98281e+00 -2.10723e-12
4.97246e+00 4.99074e+00 -1.92374e-12
4.97246e+00 4.99623e+00 -1.80554e-12
4.97246e+00 4.99928e+00 -1.74280e-12
4.98281e+00 7.15683e-04 8.96923e-06
4.98281e+00 3.77012e-03 8.96922e-06
4.98281e+00 9.26216e-03 8.96915e-06
4.98281e+00 1.71877e-02 8.96894e-06
4.98281e+00 2.75390e-02 8.96849e-06
4.98281e+00 4.03061e-02 8.96764e-06
4.98281e+00 5.54766e-02 8.96622e-06
4.98281e+00 7.30356e-02 8.96401e-06
4.98281e+00 9.29659e-02 8.96077e-06
4.98281e+00 1.15248e-01 8.95622e-06
4.98281e+00 1.39860e-01 8.95004e-06
4.98281e+00 1.66779e-01 8.94190e-06
4.98281e+00 1.95977e-01 8.93141e-06
4.98281e+00 2.27426e-01 8.91817e-06
4.98281e+00 2.61096e-01 8.90171e-06
4.98281e+00 2.96953e-01 8.88155e-06
4.98281e+00 3.34963e-01 8.85716e-06
4.98281e+00 3.75089e-01 8.82794e-06
4.98281e+00 4.17290e-01 8.79326e-06
4.98281e+00 4.61527e-01 8.75243e-06
4.98281e+00 5.07755e-01 8.70470e-06
4.98281e+00 5.55930e-01 8.64924e-06
4.98281e+00 6.06005e-01 8.58518e-06
4.98281e+00 6.57930e-01 8.51155e-06
4.98281e+00 7.11655e-01 8.42733e-06
4.98281e+00 7.67127e-01 8.33144e-06
4.98281e+00 8.24292e-01 8.22273e-06
4.98281e+00 8.83095e-01 8.10001e-06
4.98281e+00 9.43478e-01 7.96208e-06
4.98281e+00 1.00538e+00 7.80772e-06
4.98281e+00 1.06875e+00 7.63577e-06
4.98281e+00 1.13351e+00 7.44512e-06
4.98281e+00 1.19960e+00 7.23483e-06
4.98281e+00 1.26697e+00 7.00412e-06
4.98281e+00 1.33555e+00 6.75247e-06
4.98281e+00 1.40526e+00 6.47970e-06
4.98281e+00 1.47604e+00 6.18603e-06
4.98281e+00 1.54782e+00 5.87217e-06
4.98281e+00 1.62053e+00 5.53936e-06
4.98281e+00 1.69410e+00 5.18946e-06
4.98281e+00 1.76846e+00 4.82493e-06
4.98281e+00 1.84353e+00 4.44891e-06
4.98281e+00 1.91924e+00 4.06511e-06
4.98281e+00 1.99553e+00 3.67781e-06
4.98281e+00 2.07230e+00 3.29170e-06
4.98281e+00 2.14949e+00 2.91173e-06
4.98281e+00 2.22703e+00 2.54298e-06
4.98281e+00 2.30483e+00 2.19036e-06
4.98281e+00 2.38282e+00 1.85842e-06
4.98281e+00 2.46093e+00 1.55115e-06
4.98281e+00 2.53907e+00 1.27172e-06
4.98281e+00 2.61718e+00 1.02239e-06
4.98281e+00 2.69517e+00 8.04338e-07
4.98281e+00 2.77297e+00 6.17703e-07
4.98281e+00 2.85051e+00 4.61591e-07
4.98281e+00 2.92770e+00 3.34201e-07
4.98281e+00 3.00447e+00 2.33005e-07
4.98281e+00 3.08076e+00 1.54953e-07
4.98281e+00 3.15647e+00 9.67032e-08
4.98281e+00 3.23154e+00 5.48457e-08
4.98281e+00 3.30590e+00 2.60932e-08
4.98281e+00 3.37947e+00 7.43614e-09
4.98281e+00 3.45218e+00 -3.75413e-09
4.98281e+00 3.52396e+00 -9.67110e-09
4.98281e+00 3.59474e+00 -1.20638e-08
4.98281e+00 3.66445e+00 -1.22629e-08
4.98281e+00 3.73303e+00 -1.12312e-08
4.98281e+00 3.80040e+00 -9.62673e-09
4.98281e+00 3.86649e+00 -7.86911e-09
4.98281e+00 3.93125e+00 -6.20214e-09
4.98281e+00 3.99462e+00 -4.74745e-09
4.98281e+00 4.05652e+00 -3.54763e-09
4.98281e+00 4.11690e+00 -2.59853e-09
4.98281e+00 4.17571e+00 -1.87188e-09
4.98281e+00 4.23287e+00 -1.32999e-09
4.98281e+00 4.28835e+00 -9.34505e-10
4.98281e+00 4.34207e+00 -6.50937e-10
4.98281e+00 4.39400e+00 -4.50540e-10
4.98281e+00 4.44407e+00 -3.10558e-10
4.98281e+00 4.49224e+00 -2.13660e-10
4.98281e+00 4.53847e+00 -1.47031e-10
4.98281e+00 4.58271e+00 -1.01421e-10
4.98281e+00 4.62491e+00 -7.02719e-11
4.98281e+00 4.66504e+00 -4.90082e-11
4.98281e+00 4.70305e+00 -3.44716e-11
4.98281e+00 4.73890e+00 -2.45029e-11
4.98281e+00 4.77257e+00 -1.76348e-11
4.98281e+00 4.80402e+00 -1.28742e-11
4.98281e+00 4.83322e+00 -9.55091e-12
4.98281e+00 4.86014e+00 -7.21235e-12
4.98281e+00 4.88475e+00 -5.55282e-12
4.98281e+00 4.90703e+00 -4.36520e-12
4.98281e+00 4.92696e+00 -3.50873e-12
4.98281e+00 4.94452e+00 -2.88735e-12
4.98281e+00 4.95969e+00 -2.43525e-12
4.98281e+00 4.97246e+00 -2.10723e-12
4.98281e+00 4.98281e+00 -1.87227e-12
4.98281e+00 4.99074e+00 -1.70929e-12
4.98281e+00 4.99623e+00 -1.60429e-12
4.98281e+00 4.99928e+00 -1.54856e-12
4.99074e+00 7.15683e-04 8.19826e-06
4.99074e+00 3.77012e-03 8.19825e-06
4.99074e+00 9.26216e-03 8.19818e-06
4.99074e+00 1.71877e-02 8.19800e-06
4.99074e+00 2.75390e-02 8.19758e-06
4.99074e+00 4.03061e-02 8.19681e-06
4.99074e+00 5.54766e-02 8.19551e-06
4.99074e+00 7.30356e-02 8.19350e-06
4.99074e+00 9.29659e-02 8.19054e-06
4.99074e+00 1.15248e-01 8.18639e-06
4.99074e+00 1.39860e-01 8.18075e-06
4.99074e+00 1.66779e-01 8.17333e-06
4.99074e+00 1.95977e-01 8.16376e-06
4.99074e+00 2.27426e-01 8.15168e-06
4.99074e+00 2.61096e-01 8.13667e-06
4.99074e+00 2.96953e-01 8.11828e-06
4.99074e+00 3.34963e-01 8.09602e-06
4.99074e+00 3.75089e-01 8.06937e-06
4.99074e+00 4.17290e-01 8.03773e-06
4.99074e+00 4.61527e-01 8.00048e-06
4.99074e+00 5.07755e-01 7.95693e-06
4.99074e+00 5.55930e-01 7.90633e-06
4.99074e+00 6.06005e-01 7.84788e-06
4.99074e+00 6.57930e-01 7.78069e-06
4.99074e+00 7.11655e-01 7.70384e-06
4.99074e+00 7.67127e-01 7.61633e-06
4.99074e+00 8.24292e-01 7.51712e-06
4.99074e+00 8.83095e-01 7.40512e-06
4.99074e+00 9.43478e-01 7.27922e-06
4.99074e+00 1.00538e+00 7.13832e-06
4.99074e+00 1.06875e+00 6.98135e-06
4.99074e+00 1.13351e+00 6.80730e-06
4.99074e+00 1.19960e+00 6.61530e-06
4.99074e+00 1.26697e+00 6.40463e-06
4.99074e+00 1.33555e+00 6.17484e-06
4.99074e+00 1.40526e+00 5.92573e-06
4.99074e+00 1.47604e+00 5.65752e-06
4.99074e+00 1.54782e+00 5.37084e-06
4.99074e+00 1.62053e+00 5.06682e-06
4.99074e+00 1.69410e+00 4.74716e-06
4.99074e+00 1.76846e+00 4.41411e-06
4.99074e+00 1.84353e+00 4.07051e-06
4.99074e+00 1.91924e+00 3.71978e-06
4.99074e+00 1.99553e+00 3.36580e-06
4.99074e+00 2.07230e+00 3.01286e-06
4.99074e+00 2.14949e+00 2.66550e-06
4.99074e+00 2.22703e+00 2.32835e-06
4.99074e+00 2.30483e+00 2.00589e-06
4.99074e+00 2.38282e+00 1.70230e-06
4.99074e+00 2.46093e+00 1.42122e-06
4.99074e+00 2.53907e+00 1.16556e-06
4.99074e+00 2.61718e+00 9.37385e-07
4.99074e+00 2.69517e+00 7.37790e-07
4.99074e+00 2.77297e+00 5.66904e-07
4.99074e+00 2.85051e+00 4.23918e-07
4.99074e+00 2.92770e+00 3.07196e-07
4.99074e+00 3.00447e+00 2.14431e-07
4.99074e+00 3.08076e+00 1.42842e-07
4.99074e+00 3.15647e+00 8.93781e-08
4.99074e+00 3.23154e+00 5.09243e-08
4.99074e+00 3.30590e+00 2.44765e-08
4.99074e+00 3.37947e+00 7.28307e-09
4.99074e+00 3.45218e+00 -3.06041e-09
4.99074e+00 3.52396e+00 -8.56132e-09
4.99074e+00 3.59474e+00 -1.08212e-08
4.99074e+00 3.66445e+00 -1.10595e-08
4.99074e+00 3.73303e+00 -1.01590e-08
4.99074e+00 3.80040e+00 -8.72394e-09
4.99074e+00 3.86649e+00 -7.14037e-09
4.99074e+00 3.93125e+00 -5.63314e-09
4.99074e+00 3.99462e+00 -4.31507e-09
4.99074e+00 4.05652e+00 -3.22642e-09
4.99074e+00 4.11690e+00 -2.36438e-09
4.99074e+00 4.17571e+00 -1.70389e-09
4.99074e+00 4.23287e+00 -1.21105e-09
4.99074e+00 4.28835e+00 -8.51182e-10
4.99074e+00 4.34207e+00 -5.93051e-10
4.99074e+00 4.39400e+00 -4.10569e-10
4.99074e+00 4.44407e+00 -2.83064e-10
4.99074e+00 4.49224e+00 -1.94780e-10
4.99074e+00 4.53847e+00 -1.34061e-10
4.99074e+00 4.58271e+00 -9.24879e-11
4.99074e+00 4.62491e+00 -6.40913e-11
4.99074e+00 4.66504e+00 -4.47033e-11
4.99074e+00 4.70305e+00 -3.14473e-11
4.99074e+00 4.73890e+00 -2.23555e-11
4.99074e+00 4.77257e+00 -1.60908e-11
4.99074e+00 4.80402e+00 -1.17481e-11
4.99074e+00 4.83322e+00 -8.71615e-12
4.99074e+00 4.86014e+00 -6.58246e-12
4.99074e+00 4.88475e+00 -5.06818e-12
4.99074e+00 4.90703e+00 -3.98445e-12
4.99074e+00 4.92696e+00 -3.20285e-12
4.99074e+00 4.94452e+00 -2.63576e-12
4.99074e+00 4.95969e+00 -2.22314e-12
4.99074e+00 4.97246e+00 -1.92374e-12
4.99074e+00 4.98281e+00 -1.70929e-12
4.99074e+00 4.99074e+00 -1.56053e-12
4.99074e+00 4.99623e+00 -1.46469e-12
4.99074e+00 4.99928e+00 -1.41382e-12
4.99623e+00 7.15683e-04 7.70114e-06
4.99623e+00 3.77012e-03 7.70112e-06
4.99623e+00 9.26216e-03 7.70106e-06
4.99623e+00 1.71877e-02 7.70089e-06
4.99623e+00 2.75390e-02 7.70050e-06
4.99623e+00 4.03061e-02 7.69978e-06
4.99623e+00 5.54766e-02 7.69856e-06
4.99623e+00 7.30356e-02 7.69667e-06
4.99623e+00 9.29659e-02 7.69390e-06
4.99623e+00 1.15248e-01 7.69000e-06
4.99623e+00 1.39860e-01 7.68472e-06
4.99623e+00 1.66779e-01 7.67775e-06
4.99623e+00 1.95977e-01 7.66877e-06
4.99623e+00 2.27426e-01 7.65744e-06
4.99623e+00 2.61096e-01 7.64336e-06
4.99623e+00 2.96953e-01 7.62611e-06
4.99623e+00 3.34963e-01 7.60523e-06
4.99623e+00 3.75089e-01 7.58023e-06
4.99623e+00 4.17290e-01 7.55055e-06
4.99623e+00 4.61527e-01 7.51560e-06
4.99623e+00 5.07755e-01 7.47475e-06
4.99623e+00 5.55930e-01 7.42728e-06
4.99623e+00 6.06005e-01 7.37243e-06
4.99623e+00 6.57930e-01 7.30940e-06
4.99623e+00 7.11655e-01 7.23729e-06
4.99623e+00 7.67127e-01 7.15518e-06
4.99623e+00 8.24292e-01 7.06208e-06
4.99623e+00 8.83095e-01 6.95697e-06
4.99623e+00 9.43478e-01 6.83882e-06
4.99623e+00 1.00538e+00 6.70659e-06
4.99623e+00 1.06875e+00 6.55927e-06
4.99623e+00 1.13351e+00 6.39591e-06
4.99623e+00 1.19960e+00 6.21569e-06
4.99623e+00 1.26697e+00 6.01794e-06
4.99623e+00 1.33555e+00 5.80222e-06
4.99623e+00 1.40526e+00 5.56836e-06
4.99623e+00 1.47604e+00 5.31655e-06
4.99623e+00 1.54782e+00 5.04738e-06
4.99623e+00 1.62053e+00 4.76192e-06
4.99623e+00 1.69410e+00 4.46175e-06
4.99623e+00 1.76846e+00 4.14898e-06
4.99623e+00 1.84353e+00 3.82629e-06
4.99623e+00 1.91924e+00 3.49687e-06
4.99623e+00 1.99553e+00 3.16438e-06
4.99623e+00 2.07230e+00 2.83284e-06
4.99623e+00 2.14949e+00 2.50651e-06
4.99623e+00 2.22703e+00 2.18973e-06
4.99623e+00 2.30483e+00 1.88673e-06
4.99623e+00 2.38282e+00 1.60143e-06
4.99623e+00 2.46093e+00 1.33725e-06
4.99623e+00 2.53907e+00 1.09693e-06
4.99623e+00 2.61718e+00 8.82414e-07
4.99623e+00 2.69517e+00 6.94735e-07
4.99623e+00 2.77297e+00 5.34020e-07
4.99623e+00 2.85051e+00 3.99515e-07
4.99623e+00 2.92770e+00 2.89686e-07
4.99623e+00 3.00447e+00 2.02373e-07
4.99623e+00 3.08076e+00 1.34966e-07
4.99623e+00 3.15647e+00 8.46002e-08
4.99623e+00 3.23154e+00 4.83519e-08
4.99623e+00 3.30590e+00 2.33995e-08
4.99623e+00 3.37947e+00 7.15756e-09
4.99623e+00 3.45218e+00 -2.63353e-09
4.99623e+00 3.52396e+00 -7.86104e-09
4.99623e+00 3.59474e+00 -1.00313e-08
4.99623e+00 3.66445e+00 -1.02916e-08
4.99623e+00 3.73303e+00 -9.47341e-09
4.99623e+00 3.80040e+00 -8.14591e-09
4.99623e+00 3.86649e+00 -6.67333e-09
4.99623e+00 3.93125e+00 -5.26819e-09
4.99623e+00 3.99462e+00 -4.03759e-09
4.99623e+00 4.05652e+00 -3.02017e-09
4.99623e+00 4.11690e+00 -2.21398e-09
4.99623e+00 4.17571e+00 -1.59595e-09
4.99623e+00 4.23287e+00 -1.13460e-09
4.99623e+00 4.28835e+00 -7.97614e-10
4.99623e+00 4.34207e+00 -5.55828e-10
4.99623e+00 4.39400e+00 -3.84860e-10
4.99623e+00 4.44407e+00 -2.65377e-10
4.99623e+00 4.49224e+00 -1.82632e-10
4.99623e+00 4.53847e+00 -1.25715e-10
4.99623e+00 4.58271e+00 -8.67389e-11
4.99623e+00 4.62491e+00 -6.01132e-11
4.99623e+00 4.66504e+00 -4.19322e-11
4.99623e+00 4.70305e+00 -2.95002e-11
4.99623e+00 4.73890e+00 -2.09729e-11
4.99623e+00 4.77257e+00 -1.50966e-11
4.99623e+00 4.80402e+00 -1.10229e-11
4.99623e+00 4.83322e+00 -8.17857e-12
4.99623e+00 4.86014e+00 -6.17678e-12
4.99623e+00 4.88475e+00 -4.75604e-12
4.99623e+00 4.90703e+00 -3.73920e-12
4.99623e+00 4.92696e+00 -3.00582e-12
4.99623e+00 4.94452e+00 -2.47369e-12
4.99623e+00 4.95969e+00 -2.08649e-12
4.99623e+00 4.97246e+00 -1.80554e-12
4.99623e+00 4.98281e+00 -1.60429e-12
4.99623e+00 4.99074e+00 -1.46469e-12
4.99623e+00 4.99623e+00 -1.37475e-12
4.99623e+00 4.99928e+00 -1.32701e-12
4.99928e+00 7.15683e-04 7.43710e-06
4.99928e+00 3.77012e-03 7.43709e-06
4.99928e+00 9.26216e-03 7.43703e-06
4.99928e+00 1.71877e-02 7.43686e-06
4.99928e+00 2.75390e-02 7.43649e-06
4.99928e+00 4.03061e-02 7.43579e-06
4.99928e+00 5.54766e-02 7.43462e-06
4.99928e+00 7.30356e-02 7.43279e-06
4.99928e+00 9.29659e-02 7.43012e-06
4.99928e+00 1.15248e-01 7.42636e-06
4.99928e+00 1.39860e-01 7.42126e-06
4.99928e+00 1.66779e-01 7.41453e-06
4.99928e+00 1.95977e-01 7.40588e-06
4.99928e+00 2.27426e-01 7.39494e-06
4.99928e+00 2.61096e-01 7.38135e-06
4.99928e+00 2.96953e-01 7.36470e-06
4.99928e+00 3.34963e-01 7.34456e-06
4.99928e+00 3.75089e-01 7.32043e-06
4.99928e+00 4.17290e-01 7.29179e-06
4.99928e+00 4.61527e-01 7.25807e-06
4.99928e+00 5.07755e-01 7.21864e-06
4.99928e+00 5.55930e-01 7.17283e-06
4.99928e+00 6.06005e-01 7.11990e-06
4.99928e+00 6.57930e-01 7.05906e-06
4.99928e+00 7.11655e-01 6.98947e-06
4.99928e+00 7.67127e-01 6.91022e-06
4.99928e+00 8.24292e-01 6.82037e-06
4.99928e+00 8.83095e-01 6.71893e-06
4.99928e+00 9.43478e-01 6.60489e-06
4.99928e+00 1.00538e+00 6.47726e-06
4.99928e+00 1.06875e+00 6.33505e-06
4.99928e+00 1.13351e+00 6.17737e-06
4.99928e+00 1.19960e+00 6.00340e-06
4.99928e+00 1.26697e+00 5.81251e-06
4.99928e+00 1.33555e+00 5.60426e-06
4.99928e+00 1.40526e+00 5.37850e-06
4.99928e+00 1.47604e+00 5.13540e-06
4.99928e+00 1.54782e+00 4.87553e-06
4.99928e+00 1.62053e+00 4.59992e-06
4.99928e+00 1.69410e+00 4.31009e-06
4.99928e+00 1.76846e+00 4.00810e-06
4.99928e+00 1.84353e+00 3.69651e-06
4.99928e+00 1.91924e+00 3.37841e-06
4.99928e+00 1.99553e+00 3.05732e-06
4.99928e+00 2.07230e+00 2.73714e-06
4.99928e+00 2.14949e+00 2.42198e-06
4.99928e+00 2.22703e+00 2.11603e-06
4.99928e+00 2.30483e+00 1.82337e-06
4.99928e+00 2.38282e+00 1.54779e-06
4.99928e+00 2.46093e+00 1.29259e-06
4.99928e+00 2.53907e+00 1.06042e-06
4.99928e+00 2.61718e+00 8.53164e-07
4.99928e+00 2.69517e+00 6.71819e-07
4.99928e+00 2.77297e+00 5.16512e-07
4.99928e+00 2.85051e+00 3.86516e-07
4.99928e+00 2.92770e+00 2.80354e-07
4.99928e+00 3.00447e+00 1.95942e-07
4.99928e+00 3.08076e+00 1.30760e-07
4.99928e+00 3.15647e+00 8.20440e-08
4.99928e+00 3.23154e+00 4.69708e-08
4.99928e+00 3.30590e+00 2.28157e-08
4.99928e+00 3.37947e+00 7.08183e-09
4.99928e+00 3.45218e+00 -2.41370e-09
4.99928e+00 3.52396e+00 -7.49428e-09
4.99928e+00 3.59474e+00 -9.61554e-09
4.99928e+00 3.66445e+00 -9.88659e-09
4.99928e+00 3.73303e+00 -9.11126e-09
4.99928e+00 3.80040e+00 -7.84030e-09
4.99928e+00 3.86649e+00 -6.42623e-09
4.99928e+00 3.93125e+00 -5.07502e-09
4.99928e+00 3.99462e+00 -3.89065e-09
4.99928e+00 4.05652e+00 -2.91093e-09
4.99928e+00 4.11690e+00 -2.13430e-09
4.99928e+00 4.17571e+00 -1.53875e-09
4.99928e+00 4.23287e+00 -1.09408e-09
4.99928e+00 4.28835e+00 -7.69217e-10
4.99928e+00 4.34207e+00 -5.36093e-10
4.99928e+00 4.39400e+00 -3.71228e-10
4.99928e+00 4.44407e+00 -2.55997e-10
4.99928e+00 4.49224e+00 -1.76190e-10
4.99928e+00 4.53847e+00 -1.21288e-10
4.99928e+00 4.58271e+00 -8.36893e-11
4.99928e+00 4.62491e+00 -5.80027e-11
4.99928e+00 4.66504e+00 -4.04620e-11
4.99928e+00 4.70305e+00 -2.84671e-11
4.99928e+00 4.73890e+00 -2.02393e-11
4.99928e+00 4.77257e+00 -1.45691e-11
4.99928e+00 4.80402e+00 -1.06381e-11
4.99928e+00 4.83322e+00 -7.89327e-12
4.99928e+00 4.86014e+00 -5.96148e-12
4.99928e+00 4.88475e+00 -4.59038e-12
4.99928e+00 4.90703e+00 -3.60903e-12
4.99928e+00 4.92696e+00 -2.90124e-12
4.99928e+00 4.94452e+00 -2.38766e-12
4.99928e+00 4.95969e+00 -2.01396e-12
4.99928e+00 4.97246e+00 -1.74280e-12
4.99928e+00 4.98281e+00 -1.54856e-12
4.99928e+00 4.99074e+00 -1.41382e-12
4.99928e+00 4.99623e+00 -1.32701e-12
4.99928e+00 4.99928e+00 -1.28093e-12
