1.83659e-03 7.15683e-04
4.27348e-03 3.77012e-03
6.70981e-03 9.26216e-03
9.13990e-03 1.71877e-02
1.15611e-02 2.75390e-02
1.39711e-02 4.03061e-02
1.63674e-02 5.54766e-02
1.87477e-02 7.30356e-02
2.11097e-02 9.29659e-02
2.34510e-02 1.15248e-01
2.57695e-02 1.39860e-01
2.80628e-02 1.66779e-01
3.03286e-02 1.95977e-01
3.25649e-02 2.27426e-01
3.47693e-02 2.61096e-01
3.69397e-02 2.96953e-01
3.90741e-02 3.34963e-01
4.11702e-02 3.75089e-01
4.32262e-02 4.17290e-01
4.52399e-02 4.61527e-01
4.72093e-02 5.07755e-01
4.91327e-02 5.55930e-01
5.10081e-02 6.06005e-01
5.28336e-02 6.57930e-01
5.46075e-02 7.11655e-01
5.63281e-02 7.67127e-01
5.79936e-02 8.24292e-01
5.96024e-02 8.83095e-01
6.11530e-02 9.43478e-01
6.26439e-02 1.00538e+00
6.40735e-02 1.06875e+00
6.54405e-02 1.13351e+00
6.67436e-02 1.19960e+00
6.79815e-02 1.26697e+00
6.91530e-02 1.33555e+00
7.02569e-02 1.40526e+00
7.12921e-02 1.47604e+00
7.22577e-02 1.54782e+00
7.31527e-02 1.62053e+00
7.39762e-02 1.69410e+00
7.47274e-02 1.76846e+00
7.54057e-02 1.84353e+00
7.60102e-02 1.91924e+00
7.65405e-02 1.99553e+00
7.69959e-02 2.07230e+00
7.73762e-02 2.14949e+00
7.76808e-02 2.22703e+00
7.79096e-02 2.30483e+00
7.80622e-02 2.38282e+00
7.81386e-02 2.46093e+00
7.81386e-02 2.53907e+00
7.80622e-02 2.61718e+00
7.79096e-02 2.69517e+00
7.76808e-02 2.77297e+00
7.73762e-02 2.85051e+00
7.69959e-02 2.92770e+00
7.65405e-02 3.00447e+00
7.60102e-02 3.08076e+00
7.54057e-02 3.15647e+00
7.47274e-02 3.23154e+00
7.39762e-02 3.30590e+00
7.31527e-02 3.37947e+00
7.22577e-02 3.45218e+00
7.12921e-02 3.52396e+00
7.02569e-02 3.59474e+00
6.91530e-02 3.66445e+00
6.79815e-02 3.73303e+00
6.67436e-02 3.80040e+00
6.54405e-02 3.86649e+00
6.40735e-02 3.93125e+00
6.26439e-02 3.99462e+00
6.11530e-02 4.05652e+00
5.96024e-02 4.11690e+00
5.79936e-02 4.17571e+00
5.63281e-02 4.23287e+00
5.46075e-02 4.28835e+00
5.28336e-02 4.34207e+00
5.10081e-02 4.39400e+00
4.91327e-02 4.44407e+00
4.72093e-02 4.49224e+00
4.52399e-02 4.53847e+00
4.32262e-02 4.58271e+00
4.11702e-02 4.62491e+00
3.90741e-02 4.66504e+00
3.69397e-02 4.70305e+00
3.47693e-02 4.73890e+00
3.25649e-02 4.77257e+00
3.03286e-02 4.80402e+00
2.80628e-02 4.83322e+00
2.57695e-02 4.86014e+00
2.34510e-02 4.88475e+00
2.11097e-02 4.90703e+00
1.87477e-02 4.92696e+00
1.63674e-02 4.94452e+00
1.39711e-02 4.95969e+00
1.15611e-02 4.97246e+00
9.13990e-03 4.98281e+00
6.70981e-03 4.99074e+00
4.27348e-03 4.99623e+00
1.83659e-03 4.99928e+00
7.15683e-04 7.15683e-04 -1.80565e+00
7.15683e-04 3.77012e-03 -1.80563e+00
7.15683e-04 9.26216e-03 -1.80548e+00
7.15683e-04 1.71877e-02 -1.80506e+00
7.15683e-04 2.75390e-02 -1.80412e+00
7.15683e-04 4.03061e-02 -1.80237e+00
7.15683e-04 5.54766e-02 -1.79944e+00
7.15683e-04 7.30356e-02 -1.79491e+00
7.15683e-04 9.29659e-02 -1.78832e+00
7.15683e-04 1.15248e-01 -1.77918e+00
7.15683e-04 1.39860e-01 -1.76697e+00
7.15683e-04 1.66779e-01 -1.75120e+00
7.15683e-04 1.95977e-01 -1.73142e+00
7.15683e-04 2.27426e-01 -1.70724e+00
7.15683e-04 2.61096e-01 -1.67837e+00
7.15683e-04 2.96953e-01 -1.64461e+00
7.15683e-04 3.34963e-01 -1.60589e+00
7.15683e-04 3.75089e-01 -1.56227e+00
7.15683e-04 4.17290e-01 -1.51391e+00
7.15683e-04 4.61527e-01 -1.46105e+00
7.15683e-04 5.07755e-01 -1.40400e+00
7.15683e-04 5.55930e-01 -1.34313e+00
7.15683e-04 6.06005e-01 -1.27878e+00
7.15683e-04 6.57930e-01 -1.21131e+00
7.15683e-04 7.11655e-01 -1.14107e+00
7.15683e-04 7.67127e-01 -1.06836e+00
7.15683e-04 8.24292e-01 -9.93473e-01
7.15683e-04 8.83095e-01 -9.16674e-01
7.15683e-04 9.43478e-01 -8.38220e-01
7.15683e-04 1.00538e+00 -7.58358e-01
7.15683e-04 1.06875e+00 -6.77338e-01
7.15683e-04 1.13351e+00 -5.95416e-01
7.15683e-04 1.19960e+00 -5.12855e-01
7.15683e-04 1.26697e+00 -4.29928e-01
7.15683e-04 1.33555e+00 -3.46917e-01
7.15683e-04 1.40526e+00 -2.64114e-01
7.15683e-04 1.47604e+00 -1.81821e-01
7.15683e-04 1.54782e+00 -1.00356e-01
7.15683e-04 1.62053e+00 -2.00649e-02
7.15683e-04 1.69410e+00 5.86622e-02
7.15683e-04 1.76846e+00 1.35364e-01
7.15683e-04 1.84353e+00 2.09476e-01
7.15683e-04 1.91924e+00 2.80292e-01
7.15683e-04 1.99553e+00 3.46939e-01
7.15683e-04 2.07230e+00 4.08360e-01
7.15683e-04 2.14949e+00 4.63343e-01
7.15683e-04 2.22703e+00 5.10588e-01
7.15683e-04 2.30483e+00 5.48851e-01
7.15683e-04 2.38282e+00 5.77119e-01
7.15683e-04 2.46093e+00 5.94821e-01
7.15683e-04 2.53907e+00 6.01971e-01
7.15683e-04 2.61718e+00 5.99197e-01
7.15683e-04 2.69517e+00 5.87577e-01
7.15683e-04 2.77297e+00 5.68329e-01
7.15683e-04 2.85051e+00 5.42470e-01
7.15683e-04 2.92770e+00 5.10641e-01
7.15683e-04 3.00447e+00 4.73231e-01
7.15683e-04 3.08076e+00 4.30759e-01
7.15683e-04 3.15647e+00 3.84267e-01
7.15683e-04 3.23154e+00 3.35459e-01
7.15683e-04 3.30590e+00 2.86475e-01
7.15683e-04 3.37947e+00 2.39455e-01
7.15683e-04 3.45218e+00 1.96141e-01
7.15683e-04 3.52396e+00 1.57662e-01
7.15683e-04 3.59474e+00 1.24535e-01
7.15683e-04 3.66445e+00 9.67787e-02
7.15683e-04 3.73303e+00 7.40685e-02
7.15683e-04 3.80040e+00 5.58779e-02
7.15683e-04 3.86649e+00 4.15872e-02
7.15683e-04 3.93125e+00 3.05601e-02
7.15683e-04 3.99462e+00 2.21927e-02
7.15683e-04 4.05652e+00 1.59422e-02
7.15683e-04 4.11690e+00 1.13404e-02
7.15683e-04 4.17571e+00 7.99760e-03
7.15683e-04 4.23287e+00 5.59874e-03
7.15683e-04 4.28835e+00 3.89595e-03
7.15683e-04 4.34207e+00 2.69872e-03
7.15683e-04 4.39400e+00 1.86375e-03
7.15683e-04 4.44407e+00 1.28529e-03
7.15683e-04 4.49224e+00 8.86576e-04
7.15683e-04 4.53847e+00 6.12739e-04
7.15683e-04 4.58271e+00 4.25048e-04
7.15683e-04 4.62491e+00 2.96464e-04
7.15683e-04 4.66504e+00 2.08282e-04
7.15683e-04 4.70305e+00 1.47656e-04
7.15683e-04 4.73890e+00 1.05813e-04
7.15683e-04 4.77257e+00 7.67832e-05
7.15683e-04 4.80402e+00 5.65165e-05
7.15683e-04 4.83322e+00 4.22648e-05
7.15683e-04 4.86014e+00 3.21635e-05
7.15683e-04 4.88475e+00 2.49449e-05
7.15683e-04 4.90703e+00 1.97444e-05
7.15683e-04 4.92696e+00 1.59705e-05
7.15683e-04 4.94452e+00 1.32168e-05
7.15683e-04 4.95969e+00 1.12030e-05
7.15683e-04 4.97246e+00 9.73533e-06
7.15683e-04 4.98281e+00 8.68011e-06
7.15683e-04 4.99074e+00 7.94593e-06
7.15683e-04 4.99623e+00 7.47189e-06
7.15683e-04 4.99928e+00 7.21991e-06
3.77012e-03 7.15683e-04 -1.80563e+00
3.77012e-03 3.77012e-03 -1.80560e+00
3.77012e-03 9.26216e-03 -1.80545e+00
3.77012e-03 1.71877e-02 -1.80503e+00
3.77012e-03 2.75390e-02 -1.80409e+00
3.77012e-03 4.03061e-02 -1.80234e+00
3.77012e-03 5.54766e-02 -1.79941e+00
3.77012e-03 7.30356e-02 -1.79489e+00
3.77012e-03 9.29659e-02 -1.78830e+00
3.77012e-03 1.15248e-01 -1.77915e+00
3.77012e-03 1.39860e-01 -1.76694e+00
3.77012e-03 1.66779e-01 -1.75117e+00
3.77012e-03 1.95977e-01 -1.73140e+00
3.77012e-03 2.27426e-01 -1.70722e+00
3.77012e-03 2.61096e-01 -1.67835e+00
3.77012e-03 2.96953e-01 -1.64459e+00
3.77012e-03 3.34963e-01 -1.60587e+00
3.77012e-03 3.75089e-01 -1.56226e+00
3.77012e-03 4.17290e-01 -1.51389e+00
3.77012e-03 4.61527e-01 -1.46104e+00
3.77012e-03 5.07755e-01 -1.40399e+00
3.77012e-03 5.55930e-01 -1.34312e+00
3.77012e-03 6.06005e-01 -1.27877e+00
3.77012e-03 6.57930e-01 -1.21130e+00
3.77012e-03 7.11655e-01 -1.14106e+00
3.77012e-03 7.67127e-01 -1.06835e+00
3.77012e-03 8.24292e-01 -9.93467e-01
3.77012e-03 8.83095e-01 -9.16669e-01
3.77012e-03 9.43478e-01 -8.38215e-01
3.77012e-03 1.00538e+00 -7.58354e-01
3.77012e-03 1.06875e+00 -6.77335e-01
3.77012e-03 1.13351e+00 -5.95413e-01
3.77012e-03 1.19960e+00 -5.12852e-01
3.77012e-03 1.26697e+00 -4.29926e-01
3.77012e-03 1.33555e+00 -3.46915e-01
3.77012e-03 1.40526e+00 -2.64113e-01
3.77012e-03 1.47604e+00 -1.81820e-01
3.77012e-03 1.54782e+00 -1.00356e-01
3.77012e-03 1.62053e+00 -2.00651e-02
3.77012e-03 1.69410e+00 5.86617e-02
3.77012e-03 1.76846e+00 1.35363e-01
3.77012e-03 1.84353e+00 2.09475e-01
3.77012e-03 1.91924e+00 2.80291e-01
3.77012e-03 1.99553e+00 3.46938e-01
3.77012e-03 2.07230e+00 4.08359e-01
3.77012e-03 2.14949e+00 4.63341e-01
3.77012e-03 2.22703e+00 5.10587e-01
3.77012e-03 2.30483e+00 5.48850e-01
3.77012e-03 2.38282e+00 5.77118e-01
3.77012e-03 2.46093e+00 5.94820e-01
3.77012e-03 2.53907e+00 6.01971e-01
3.77012e-03 2.61718e+00 5.99197e-01
3.77012e-03 2.69517e+00 5.87577e-01
3.77012e-03 2.77297e+00 5.68329e-01
3.77012e-03 2.85051e+00 5.42470e-01
3.77012e-03 2.92770e+00 5.10640e-01
3.77012e-03 3.00447e+00 4.73231e-01
3.77012e-03 3.08076e+00 4.30759e-01
3.77012e-03 3.15647e+00 3.84267e-01
3.77012e-03 3.23154e+00 3.35459e-01
3.77012e-03 3.30590e+00 2.86475e-01
3.77012e-03 3.37947e+00 2.39455e-01
3.77012e-03 3.45218e+00 1.96141e-01
3.77012e-03 3.52396e+00 1.57662e-01
3.77012e-03 3.59474e+00 1.24535e-01
3.77012e-03 3.66445e+00 9.67788e-02
3.77012e-03 3.73303e+00 7.40686e-02
3.77012e-03 3.80040e+00 5.58779e-02
3.77012e-03 3.86649e+00 4.15872e-02
3.77012e-03 3.93125e+00 3.05601e-02
3.77012e-03 3.99462e+00 2.21928e-02
3.77012e-03 4.05652e+00 1.59422e-02
3.77012e-03 4.11690e+00 1.13404e-02
3.77012e-03 4.17571e+00 7.99761e-03
3.77012e-03 4.23287e+00 5.59875e-03
3.77012e-03 4.28835e+00 3.89595e-03
3.77012e-03 4.34207e+00 2.69872e-03
3.77012e-03 4.39400e+00 1.86376e-03
3.77012e-03 4.44407e+00 1.28529e-03
3.77012e-03 4.49224e+00 8.86577e-04
3.77012e-03 4.53847e+00 6.12740e-04
3.77012e-03 4.58271e+00 4.25049e-04
3.77012e-03 4.62491e+00 2.96465e-04
3.77012e-03 4.66504e+00 2.08282e-04
3.77012e-03 4.70305e+00 1.47656e-04
3.77012e-03 4.73890e+00 1.05813e-04
3.77012e-03 4.77257e+00 7.67832e-05
3.77012e-03 4.80402e+00 5.65165e-05
3.77012e-03 4.83322e+00 4.22648e-05
3.77012e-03 4.86014e+00 3.21636e-05
3.77012e-03 4.88475e+00 2.49449e-05
3.77012e-03 4.90703e+00 1.97444e-05
3.77012e-03 4.92696e+00 1.59705e-05
3.77012e-03 4.94452e+00 1.32168e-05
3.77012e-03 4.95969e+00 1.12030e-05
3.77012e-03 4.97246e+00 9.73533e-06
3.77012e-03 4.98281e+00 8.68011e-06
3.77012e-03 4.99074e+00 7.94594e-06
3.77012e-03 4.99623e+00 7.47190e-06
3.77012e-03 4.99928e+00 7.21991e-06
9.26216e-03 7.15683e-04 -1.80548e+00
9.26216e-03 3.77012e-03 -1.80545e+00
9.26216e-03 9.26216e-03 -1.80531e+00
9.26216e-03 1.71877e-02 -1.80488e+00
9.26216e-03 2.75390e-02 -1.80395e+00
9.26216e-03 4.03061e-02 -1.80220e+00
9.26216e-03 5.54766e-02 -1.79927e+00
9.26216e-03 7.30356e-02 -1.79475e+00
9.26216e-03 9.29659e-02 -1.78816e+00
9.26216e-03 1.15248e-01 -1.77901e+00
9.26216e-03 1.39860e-01 -1.76681e+00
9.26216e-03 1.66779e-01 -1.75104e+00
9.26216e-03 1.95977e-01 -1.73127e+00
9.26216e-03 2.27426e-01 -1.70710e+00
9.26216e-03 2.61096e-01 -1.67823e+00
9.26216e-03 2.96953e-01 -1.64448e+00
9.26216e-03 3.34963e-01 -1.60578e+00
9.26216e-03 3.75089e-01 -1.56217e+00
9.26216e-03 4.17290e-01 -1.51381e+00
9.26216e-03 4.61527e-01 -1.46096e+00
9.26216e-03 5.07755e-01 -1.40393e+00
9.26216e-03 5.55930e-01 -1.34306e+00
9.26216e-03 6.06005e-01 -1.27872e+00
9.26216e-03 6.57930e-01 -1.21126e+00
9.26216e-03 7.11655e-01 -1.14102e+00
9.26216e-03 7.67127e-01 -1.06832e+00
9.26216e-03 8.24292e-01 -9.93435e-01
9.26216e-03 8.83095e-01 -9.16641e-01
9.26216e-03 9.43478e-01 -8.38191e-01
9.26216e-03 1.00538e+00 -7.58333e-01
9.26216e-03 1.06875e+00 -6.77317e-01
9.26216e-03 1.13351e+00 -5.95398e-01
9.26216e-03 1.19960e+00 -5.12840e-01
9.26216e-03 1.26697e+00 -4.29916e-01
9.26216e-03 1.33555e+00 -3.46908e-01
9.26216e-03 1.40526e+00 -2.64108e-01
9.26216e-03 1.47604e+00 -1.81818e-01
9.26216e-03 1.54782e+00 -1.00355e-01
9.26216e-03 1.62053e+00 -2.00662e-02
9.26216e-03 1.69410e+00 5.86590e-02
9.26216e-03 1.76846e+00 1.35359e-01
9.26216e-03 1.84353e+00 2.09470e-01
9.26216e-03 1.91924e+00 2.80285e-01
9.26216e-03 1.99553e+00 3.46931e-01
9.26216e-03 2.07230e+00 4.08353e-01
9.26216e-03 2.14949e+00 4.63335e-01
9.26216e-03 2.22703e+00 5.10581e-01
9.26216e-03 2.30483e+00 5.48844e-01
9.26216e-03 2.38282e+00 5.77113e-01
9.26216e-03 2.46093e+00 5.94815e-01
9.26216e-03 2.53907e+00 6.01967e-01
9.26216e-03 2.61718e+00 5.99194e-01
9.26216e-03 2.69517e+00 5.87574e-01
9.26216e-03 2.77297e+00 5.68327e-01
9.26216e-03 2.85051e+00 5.42469e-01
9.26216e-03 2.92770e+00 5.10640e-01
9.26216e-03 3.00447e+00 4.73230e-01
9.26216e-03 3.08076e+00 4.30759e-01
9.26216e-03 3.15647e+00 3.84268e-01
9.26216e-03 3.23154e+00 3.35460e-01
9.26216e-03 3.30590e+00 2.86475e-01
9.26216e-03 3.37947e+00 2.39456e-01
9.26216e-03 3.45218e+00 1.96141e-01
9.26216e-03 3.52396e+00 1.57662e-01
9.26216e-03 3.59474e+00 1.24535e-01
9.26216e-03 3.66445e+00 9.67791e-02
9.26216e-03 3.73303e+00 7.40688e-02
9.26216e-03 3.80040e+00 5.58781e-02
9.26216e-03 3.86649e+00 4.15873e-02
9.26216e-03 3.93125e+00 3.05602e-02
9.26216e-03 3.99462e+00 2.21928e-02
9.26216e-03 4.05652e+00 1.59423e-02
9.26216e-03 4.11690e+00 1.13405e-02
9.26216e-03 4.17571e+00 7.99764e-03
9.26216e-03 4.23287e+00 5.59877e-03
9.26216e-03 4.28835e+00 3.89597e-03
9.26216e-03 4.34207e+00 2.69873e-03
9.26216e-03 4.39400e+00 1.86376e-03
9.26216e-03 4.44407e+00 1.28530e-03
9.26216e-03 4.49224e+00 8.86581e-04
9.26216e-03 4.53847e+00 6.12743e-04
9.26216e-03 4.58271e+00 4.25051e-04
9.26216e-03 4.62491e+00 2.96466e-04
9.26216e-03 4.66504e+00 2.08283e-04
9.26216e-03 4.70305e+00 1.47657e-04
9.26216e-03 4.73890e+00 1.05813e-04
9.26216e-03 4.77257e+00 7.67836e-05
9.26216e-03 4.80402e+00 5.65168e-05
9.26216e-03 4.83322e+00 4.22650e-05
9.26216e-03 4.86014e+00 3.21637e-05
9.26216e-03 4.88475e+00 2.49450e-05
9.26216e-03 4.90703e+00 1.97445e-05
9.26216e-03 4.92696e+00 1.59706e-05
9.26216e-03 4.94452e+00 1.32169e-05
9.26216e-03 4.95969e+00 1.12031e-05
9.26216e-03 4.97246e+00 9.73538e-06
9.26216e-03 4.98281e+00 8.68015e-06
9.26216e-03 4.99074e+00 7.94597e-06
9.26216e-03 4.99623e+00 7.47193e-06
9.26216e-03 4.99928e+00 7.21995e-06
1.71877e-02 7.15683e-04 -1.80506e+00
1.71877e-02 3.77012e-03 -1.80503e+00
1.71877e-02 9.26216e-03 -1.80488e+00
1.71877e-02 1.71877e-02 -1.80446e+00
1.71877e-02 2.75390e-02 -1.80352e+00
1.71877e-02 4.03061e-02 -1.80178e+00
1.71877e-02 5.54766e-02 -1.79885e+00
1.71877e-02 7.30356e-02 -1.79433e+00
1.71877e-02 9.29659e-02 -1.78775e+00
1.71877e-02 1.15248e-01 -1.77861e+00
1.71877e-02 1.39860e-01 -1.76642e+00
1.71877e-02 1.66779e-01 -1.75067e+00
1.71877e-02 1.95977e-01 -1.73091e+00
1.71877e-02 2.27426e-01 -1.70676e+00
1.71877e-02 2.61096e-01 -1.67791e+00
1.71877e-02 2.96953e-01 -1.64418e+00
1.71877e-02 3.34963e-01 -1.60550e+00
1.71877e-02 3.75089e-01 -1.56191e+00
1.71877e-02 4.17290e-01 -1.51358e+00
1.71877e-02 4.61527e-01 -1.46075e+00
1.71877e-02 5.07755e-01 -1.40374e+00
1.71877e-02 5.55930e-01 -1.34289e+00
1.71877e-02 6.06005e-01 -1.27857e+00
1.71877e-02 6.57930e-01 -1.21112e+00
1.71877e-02 7.11655e-01 -1.14090e+00
1.71877e-02 7.67127e-01 -1.06821e+00
1.71877e-02 8.24292e-01 -9.93341e-01
1.71877e-02 8.83095e-01 -9.16559e-01
1.71877e-02 9.43478e-01 -8.38119e-01
1.71877e-02 1.00538e+00 -7.58271e-01
1.71877e-02 1.06875e+00 -6.77264e-01
1.71877e-02 1.13351e+00 -5.95354e-01
1.71877e-02 1.19960e+00 -5.12804e-01
1.71877e-02 1.26697e+00 -4.29888e-01
1.71877e-02 1.33555e+00 -3.46888e-01
1.71877e-02 1.40526e+00 -2.64094e-01
1.71877e-02 1.47604e+00 -1.81810e-01
1.71877e-02 1.54782e+00 -1.00354e-01
1.71877e-02 1.62053e+00 -2.00697e-02
1.71877e-02 1.69410e+00 5.86512e-02
1.71877e-02 1.76846e+00 1.35348e-01
1.71877e-02 1.84353e+00 2.09455e-01
1.71877e-02 1.91924e+00 2.80269e-01
1.71877e-02 1.99553e+00 3.46914e-01
1.71877e-02 2.07230e+00 4.08334e-01
1.71877e-02 2.14949e+00 4.63317e-01
1.71877e-02 2.22703e+00 5.10563e-01
1.71877e-02 2.30483e+00 5.48827e-01
1.71877e-02 2.38282e+00 5.77098e-01
1.71877e-02 2.46093e+00 5.94802e-01
1.71877e-02 2.53907e+00 6.01956e-01
1.71877e-02 2.61718e+00 5.99185e-01
1.71877e-02 2.69517e+00 5.87567e-01
1.71877e-02 2.77297e+00 5.68322e-01
1.71877e-02 2.85051e+00 5.42465e-01
1.71877e-02 2.92770e+00 5.10638e-01
1.71877e-02 3.00447e+00 4.73229e-01
1.71877e-02 3.08076e+00 4.30759e-01
1.71877e-02 3.15647e+00 3.84268e-01
1.71877e-02 3.23154e+00 3.35461e-01
1.71877e-02 3.30590e+00 2.86476e-01
1.71877e-02 3.37947e+00 2.39457e-01
1.71877e-02 3.45218e+00 1.96142e-01
1.71877e-02 3.52396e+00 1.57664e-01
1.71877e-02 3.59474e+00 1.24536e-01
1.71877e-02 3.66445e+00 9.67799e-02
1.71877e-02 3.73303e+00 7.40695e-02
1.71877e-02 3.80040e+00 5.58787e-02
1.71877e-02 3.86649e+00 4.15878e-02
1.71877e-02 3.93125e+00 3.05606e-02
1.71877e-02 3.99462e+00 2.21931e-02
1.71877e-02 4.05652e+00 1.59425e-02
1.71877e-02 4.11690e+00 1.13406e-02
1.71877e-02 4.17571e+00 7.99774e-03
1.71877e-02 4.23287e+00 5.59885e-03
1.71877e-02 4.28835e+00 3.89602e-03
1.71877e-02 4.34207e+00 2.69877e-03
1.71877e-02 4.39400e+00 1.86379e-03
1.71877e-02 4.44407e+00 1.28531e-03
1.71877e-02 4.49224e+00 8.86593e-04
1.71877e-02 4.53847e+00 6.12751e-04
1.71877e-02 4.58271e+00 4.25056e-04
1.71877e-02 4.62491e+00 2.96470e-04
1.71877e-02 4.66504e+00 2.08286e-04
1.71877e-02 4.70305e+00 1.47659e-04
1.71877e-02 4.73890e+00 1.05815e-04
1.71877e-02 4.77257e+00 7.67846e-05
1.71877e-02 4.80402e+00 5.65175e-05
1.71877e-02 4.83322e+00 4.22656e-05
1.71877e-02 4.86014e+00 3.21641e-05
1.71877e-02 4.88475e+00 2.49453e-05
1.71877e-02 4.90703e+00 1.97448e-05
1.71877e-02 4.92696e+00 1.59708e-05
1.71877e-02 4.94452e+00 1.32171e-05
1.71877e-02 4.95969e+00 1.12032e-05
1.71877e-02 4.97246e+00 9.73551e-06
1.71877e-02 4.98281e+00 8.68027e-06
1.71877e-02 4.99074e+00 7.94608e-06
1.71877e-02 4.99623e+00 7.47203e-06
1.71877e-02 4.99928e+00 7.22004e-06
2.75390e-02 7.15683e-04 -1.80412e+00
2.75390e-02 3.77012e-03 -1.80409e+00
2.75390e-02 9.26216e-03 -1.80395e+00
2.75390e-02 1.71877e-02 -1.80352e+00
2.75390e-02 2.75390e-02 -1.80259e+00
2.75390e-02 4.03061e-02 -1.80084e+00
2.75390e-02 5.54766e-02 -1.79793e+00
2.75390e-02 7.30356e-02 -1.79341e+00
2.75390e-02 9.29659e-02 -1.78685e+00
2.75390e-02 1.15248e-01 -1.77773e+00
2.75390e-02 1.39860e-01 -1.76555e+00
2.75390e-02 1.66779e-01 -1.74983e+00
2.75390e-02 1.95977e-01 -1.73011e+00
2.75390e-02 2.27426e-01 -1.70600e+00
2.75390e-02 2.61096e-01 -1.67720e+00
2.75390e-02 2.96953e-01 -1.64352e+00
2.75390e-02 3.34963e-01 -1.60489e+00
2.75390e-02 3.75089e-01 -1.56135e+00
2.75390e-02 4.17290e-01 -1.51307e+00
2.75390e-02 4.61527e-01 -1.46029e+00
2.75390e-02 5.07755e-01 -1.40333e+00
2.75390e-02 5.55930e-01 -1.34252e+00
2.75390e-02 6.06005e-01 -1.27823e+00
2.75390e-02 6.57930e-01 -1.21083e+00
2.75390e-02 7.11655e-01 -1.14064e+00
2.75390e-02 7.67127e-01 -1.06798e+00
2.75390e-02 8.24292e-01 -9.93135e-01
2.75390e-02 8.83095e-01 -9.16377e-01
2.75390e-02 9.43478e-01 -8.37960e-01
2.75390e-02 1.00538e+00 -7.58134e-01
2.75390e-02 1.06875e+00 -6.77147e-01
2.75390e-02 1.13351e+00 -5.95256e-01
2.75390e-02 1.19960e+00 -5.12725e-01
2.75390e-02 1.26697e+00 -4.29826e-01
2.75390e-02 1.33555e+00 -3.46842e-01
2.75390e-02 1.40526e+00 -2.64064e-01
2.75390e-02 1.47604e+00 -1.81794e-01
2.75390e-02 1.54782e+00 -1.00350e-01
2.75390e-02 1.62053e+00 -2.00772e-02
2.75390e-02 1.69410e+00 5.86340e-02
2.75390e-02 1.76846e+00 1.35323e-01
2.75390e-02 1.84353e+00 2.09424e-01
2.75390e-02 1.91924e+00 2.80232e-01
2.75390e-02 1.99553e+00 3.46874e-01
2.75390e-02 2.07230e+00 4.08294e-01
2.75390e-02 2.14949e+00 4.63276e-01
2.75390e-02 2.22703e+00 5.10524e-01
2.75390e-02 2.30483e+00 5.48791e-01
2.75390e-02 2.38282e+00 5.77065e-01
2.75390e-02 2.46093e+00 5.94773e-01
2.75390e-02 2.53907e+00 6.01931e-01
2.75390e-02 2.61718e+00 5.99165e-01
2.75390e-02 2.69517e+00 5.87552e-01
2.75390e-02 2.77297e+00 5.68311e-01
2.75390e-02 2.85051e+00 5.42457e-01
2.75390e-02 2.92770e+00 5.10633e-01
2.75390e-02 3.00447e+00 4.73227e-01
2.75390e-02 3.08076e+00 4.30758e-01
2.75390e-02 3.15647e+00 3.84269e-01
2.75390e-02 3.23154e+00 3.35463e-01
2.75390e-02 3.30590e+00 2.86479e-01
2.75390e-02 3.37947e+00 2.39460e-01
2.75390e-02 3.45218e+00 1.96145e-01
2.75390e-02 3.52396e+00 1.57666e-01
2.75390e-02 3.59474e+00 1.24539e-01
2.75390e-02 3.66445e+00 9.67819e-02
2.75390e-02 3.73303e+00 7.40711e-02
2.75390e-02 3.80040e+00 5.58799e-02
2.75390e-02 3.86649e+00 4.15888e-02
2.75390e-02 3.93125e+00 3.05613e-02
2.75390e-02 3.99462e+00 2.21937e-02
2.75390e-02 4.05652e+00 1.59429e-02
2.75390e-02 4.11690e+00 1.13409e-02
2.75390e-02 4.17571e+00 7.99797e-03
2.75390e-02 4.23287e+00 5.59900e-03
2.75390e-02 4.28835e+00 3.89613e-03
2.75390e-02 4.34207e+00 2.69885e-03
2.75390e-02 4.39400e+00 1.86384e-03
2.75390e-02 4.44407e+00 1.28535e-03
2.75390e-02 4.49224e+00 8.86619e-04
2.75390e-02 4.53847e+00 6.12769e-04
2.75390e-02 4.58271e+00 4.25069e-04
2.75390e-02 4.62491e+00 2.96479e-04
2.75390e-02 4.66504e+00 2.08292e-04
2.75390e-02 4.70305e+00 1.47663e-04
2.75390e-02 4.73890e+00 1.05818e-04
2.75390e-02 4.77257e+00 7.67869e-05
2.75390e-02 4.80402e+00 5.65192e-05
2.75390e-02 4.83322e+00 4.22669e-05
2.75390e-02 4.86014e+00 3.21651e-05
2.75390e-02 4.88475e+00 2.49461e-05
2.75390e-02 4.90703e+00 1.97453e-05
2.75390e-02 4.92696e+00 1.59713e-05
2.75390e-02 4.94452e+00 1.32175e-05
2.75390e-02 4.95969e+00 1.12035e-05
2.75390e-02 4.97246e+00 9.73579e-06
2.75390e-02 4.98281e+00 8.68052e-06
2.75390e-02 4.99074e+00 7.94631e-06
2.75390e-02 4.99623e+00 7.47225e-06
2.75390e-02 4.99928e+00 7.22025e-06
4.03061e-02 7.15683e-04 -1.80237e+00
4.03061e-02 3.77012e-03 -1.80234e+00
4.03061e-02 9.26216e-03 -1.80220e+00
4.03061e-02 1.71877e-02 -1.80178e+00
4.03061e-02 2.75390e-02 -1.80084e+00
4.03061e-02 4.03061e-02 -1.79911e+00
4.03061e-02 5.54766e-02 -1.79620e+00
4.03061e-02 7.30356e-02 -1.79170e+00
4.03061e-02 9.29659e-02 -1.78516e+00
4.03061e-02 1.15248e-01 -1.77607e+00
4.03061e-02 1.39860e-01 -1.76394e+00
4.03061e-02 1.66779e-01 -1.74827e+00
4.03061e-02 1.95977e-01 -1.72862e+00
4.03061e-02 2.27426e-01 -1.70458e+00
4.03061e-02 2.61096e-01 -1.67586e+00
4.03061e-02 2.96953e-01 -1.64227e+00
4.03061e-02 3.34963e-01 -1.60374e+00
4.03061e-02 3.75089e-01 -1.56030e+00
4.03061e-02 4.17290e-01 -1.51212e+00
4.03061e-02 4.61527e-01 -1.45943e+00
4.03061e-02 5.07755e-01 -1.40255e+00
4.03061e-02 5.55930e-01 -1.34182e+00
4.03061e-02 6.06005e-01 -1.27761e+00
4.03061e-02 6.57930e-01 -1.21028e+00
4.03061e-02 7.11655e-01 -1.14015e+00
4.03061e-02 7.67127e-01 -1.06754e+00
4.03061e-02 8.24292e-01 -9.92749e-01
4.03061e-02 8.83095e-01 -9.16038e-01
4.03061e-02 9.43478e-01 -8.37664e-01
4.03061e-02 1.00538e+00 -7.57877e-01
4.03061e-02 1.06875e+00 -6.76929e-01
4.03061e-02 1.13351e+00 -5.95074e-01
4.03061e-02 1.19960e+00 -5.12577e-01
4.03061e-02 1.26697e+00 -4.29711e-01
4.03061e-02 1.33555e+00 -3.46757e-01
4.03061e-02 1.40526e+00 -2.64007e-01
4.03061e-02 1.47604e+00 -1.81763e-01
4.03061e-02 1.54782e+00 -1.00343e-01
4.03061e-02 1.62053e+00 -2.00912e-02
4.03061e-02 1.69410e+00 5.86018e-02
4.03061e-02 1.76846e+00 1.35275e-01
4.03061e-02 1.84353e+00 2.09364e-01
4.03061e-02 1.91924e+00 2.80164e-01
4.03061e-02 1.99553e+00 3.46801e-01
4.03061e-02 2.07230e+00 4.08217e-01
4.03061e-02 2.14949e+00 4.63200e-01
4.03061e-02 2.22703e+00 5.10451e-01
4.03061e-02 2.30483e+00 5.48722e-01
4.03061e-02 2.38282e+00 5.77003e-01
4.03061e-02 2.46093e+00 5.94719e-01
4.03061e-02 2.53907e+00 6.01885e-01
4.03061e-02 2.61718e+00 5.99127e-01
4.03061e-02 2.69517e+00 5.87523e-01
4.03061e-02 2.77297e+00 5.68289e-01
4.03061e-02 2.85051e+00 5.42443e-01
4.03061e-02 2.92770e+00 5.10624e-01
4.03061e-02 3.00447e+00 4.73223e-01
4.03061e-02 3.08076e+00 4.30758e-01
4.03061e-02 3.15647e+00 3.84271e-01
4.03061e-02 3.23154e+00 3.35467e-01
4.03061e-02 3.30590e+00 2.86484e-01
4.03061e-02 3.37947e+00 2.39465e-01
4.03061e-02 3.45218e+00 1.96150e-01
4.03061e-02 3.52396e+00 1.57671e-01
4.03061e-02 3.59474e+00 1.24543e-01
4.03061e-02 3.66445e+00 9.67854e-02
4.03061e-02 3.73303e+00 7.40741e-02
4.03061e-02 3.80040e+00 5.58823e-02
4.03061e-02 3.86649e+00 4.15907e-02
4.03061e-02 3.93125e+00 3.05628e-02
4.03061e-02 3.99462e+00 2.21948e-02
4.03061e-02 4.05652e+00 1.59437e-02
4.03061e-02 4.11690e+00 1.13415e-02
4.03061e-02 4.17571e+00 7.99839e-03
4.03061e-02 4.23287e+00 5.59930e-03
4.03061e-02 4.28835e+00 3.89634e-03
4.03061e-02 4.34207e+00 2.69899e-03
4.03061e-02 4.39400e+00 1.86395e-03
4.03061e-02 4.44407e+00 1.28542e-03
4.03061e-02 4.49224e+00 8.86668e-04
4.03061e-02 4.53847e+00 6.12803e-04
4.03061e-02 4.58271e+00 4.25093e-04
4.03061e-02 4.62491e+00 2.96495e-04
4.03061e-02 4.66504e+00 2.08304e-04
4.03061e-02 4.70305e+00 1.47672e-04
4.03061e-02 4.73890e+00 1.05824e-04
4.03061e-02 4.77257e+00 7.67912e-05
4.03061e-02 4.80402e+00 5.65223e-05
4.03061e-02 4.83322e+00 4.22692e-05
4.03061e-02 4.86014e+00 3.21669e-05
4.03061e-02 4.88475e+00 2.49475e-05
4.03061e-02 4.90703e+00 1.97464e-05
4.03061e-02 4.92696e+00 1.59722e-05
4.03061e-02 4.94452e+00 1.32182e-05
4.03061e-02 4.95969e+00 1.12042e-05
4.03061e-02 4.97246e+00 9.73632e-06
4.03061e-02 4.98281e+00 8.68099e-06
4.03061e-02 4.99074e+00 7.94674e-06
4.03061e-02 4.99623e+00 7.47266e-06
4.03061e-02 4.99928e+00 7.22064e-06
5.54766e-02 7.15683e-04 -1.79944e+00
5.54766e-02 3.77012e-03 -1.79941e+00
5.54766e-02 9.26216e-03 -1.79927e+00
5.54766e-02 1.71877e-02 -1.79885e+00
5.54766e-02 2.75390e-02 -1.79793e+00
5.54766e-02 4.03061e-02 -1.79620e+00
5.54766e-02 5.54766e-02 -1.79331e+00
5.54766e-02 7.30356e-02 -1.78884e+00
5.54766e-02 9.29659e-02 -1.78234e+00
5.54766e-02 1.15248e-01 -1.77331e+00
5.54766e-02 1.39860e-01 -1.76125e+00
5.54766e-02 1.66779e-01 -1.74567e+00
5.54766e-02 1.95977e-01 -1.72612e+00
5.54766e-02 2.27426e-01 -1.70220e+00
5.54766e-02 2.61096e-01 -1.67362e+00
5.54766e-02 2.96953e-01 -1.64019e+00
5.54766e-02 3.34963e-01 -1.60181e+00
5.54766e-02 3.75089e-01 -1.55854e+00
5.54766e-02 4.17290e-01 -1.51051e+00
5.54766e-02 4.61527e-01 -1.45798e+00
5.54766e-02 5.07755e-01 -1.40125e+00
5.54766e-02 5.55930e-01 -1.34066e+00
5.54766e-02 6.06005e-01 -1.27657e+00
5.54766e-02 6.57930e-01 -1.20935e+00
5.54766e-02 7.11655e-01 -1.13932e+00
5.54766e-02 7.67127e-01 -1.06681e+00
5.54766e-02 8.24292e-01 -9.92102e-01
5.54766e-02 8.83095e-01 -9.15468e-01
5.54766e-02 9.43478e-01 -8.37166e-01
5.54766e-02 1.00538e+00 -7.57448e-01
5.54766e-02 1.06875e+00 -6.76563e-01
5.54766e-02 1.13351e+00 -5.94769e-01
5.54766e-02 1.19960e+00 -5.12329e-01
5.54766e-02 1.26697e+00 -4.29517e-01
5.54766e-02 1.33555e+00 -3.46614e-01
5.54766e-02 1.40526e+00 -2.63912e-01
5.54766e-02 1.47604e+00 -1.81712e-01
5.54766e-02 1.54782e+00 -1.00331e-01
5.54766e-02 1.62053e+00 -2.01147e-02
5.54766e-02 1.69410e+00 5.85478e-02
5.54766e-02 1.76846e+00 1.35196e-01
5.54766e-02 1.84353e+00 2.09265e-01
5.54766e-02 1.91924e+00 2.80050e-01
5.54766e-02 1.99553e+00 3.46677e-01
5.54766e-02 2.07230e+00 4.08090e-01
5.54766e-02 2.14949e+00 4.63073e-01
5.54766e-02 2.22703e+00 5.10328e-01
5.54766e-02 2.30483e+00 5.48607e-01
5.54766e-02 2.38282e+00 5.76899e-01
5.54766e-02 2.46093e+00 5.94628e-01
5.54766e-02 2.53907e+00 6.01808e-01
5.54766e-02 2.61718e+00 5.99064e-01
5.54766e-02 2.69517e+00 5.87474e-01
5.54766e-02 2.77297e+00 5.68253e-01
5.54766e-02 2.85051e+00 5.42418e-01
5.54766e-02 2.92770e+00 5.10609e-01
5.54766e-02 3.00447e+00 4.73216e-01
5.54766e-02 3.08076e+00 4.30757e-01
5.54766e-02 3.15647e+00 3.84275e-01
5.54766e-02 3.23154e+00 3.35473e-01
5.54766e-02 3.30590e+00 2.86492e-01
5.54766e-02 3.37947e+00 2.39473e-01
5.54766e-02 3.45218e+00 1.96159e-01
5.54766e-02 3.52396e+00 1.57679e-01
5.54766e-02 3.59474e+00 1.24550e-01
5.54766e-02 3.66445e+00 9.67914e-02
5.54766e-02 3.73303e+00 7.40790e-02
5.54766e-02 3.80040e+00 5.58863e-02
5.54766e-02 3.86649e+00 4.15938e-02
5.54766e-02 3.93125e+00 3.05652e-02
5.54766e-02 3.99462e+00 2.21966e-02
5.54766e-02 4.05652e+00 1.59450e-02
5.54766e-02 4.11690e+00 1.13425e-02
5.54766e-02 4.17571e+00 7.99909e-03
5.54766e-02 4.23287e+00 5.59980e-03
5.54766e-02 4.28835e+00 3.89669e-03
5.54766e-02 4.34207e+00 2.69924e-03
5.54766e-02 4.39400e+00 1.86412e-03
5.54766e-02 4.44407e+00 1.28554e-03
5.54766e-02 4.49224e+00 8.86750e-04
5.54766e-02 4.53847e+00 6.12860e-04
5.54766e-02 4.58271e+00 4.25132e-04
5.54766e-02 4.62491e+00 2.96523e-04
5.54766e-02 4.66504e+00 2.08323e-04
5.54766e-02 4.70305e+00 1.47685e-04
5.54766e-02 4.73890e+00 1.05834e-04
5.54766e-02 4.77257e+00 7.67983e-05
5.54766e-02 4.80402e+00 5.65276e-05
5.54766e-02 4.83322e+00 4.22731e-05
5.54766e-02 4.86014e+00 3.21698e-05
5.54766e-02 4.88475e+00 2.49498e-05
5.54766e-02 4.90703e+00 1.97482e-05
5.54766e-02 4.92696e+00 1.59736e-05
5.54766e-02 4.94452e+00 1.32194e-05
5.54766e-02 4.95969e+00 1.12052e-05
5.54766e-02 4.97246e+00 9.73722e-06
5.54766e-02 4.98281e+00 8.68179e-06
5.54766e-02 4.99074e+00 7.94747e-06
5.54766e-02 4.99623e+00 7.47334e-06
5.54766e-02 4.99928e+00 7.22130e-06
7.30356e-02 7.15683e-04 -1.79491e+00
7.30356e-02 3.77012e-03 -1.79489e+00
7.30356e-02 9.26216e-03 -1.79475e+00
7.30356e-02 1.71877e-02 -1.79433e+00
7.30356e-02 2.75390e-02 -1.79341e+00
7.30356e-02 4.03061e-02 -1.79170e+00
7.30356e-02 5.54766e-02 -1.78884e+00
7.30356e-02 7.30356e-02 -1.78442e+00
7.30356e-02 9.29659e-02 -1.77797e+00
7.30356e-02 1.15248e-01 -1.76903e+00
7.30356e-02 1.39860e-01 -1.75708e+00
7.30356e-02 1.66779e-01 -1.74163e+00
7.30356e-02 1.95977e-01 -1.72225e+00
7.30356e-02 2.27426e-01 -1.69852e+00
7.30356e-02 2.61096e-01 -1.67016e+00
7.30356e-02 2.96953e-01 -1.63696e+00
7.30356e-02 3.34963e-01 -1.59882e+00
7.30356e-02 3.75089e-01 -1.55580e+00
7.30356e-02 4.17290e-01 -1.50803e+00
7.30356e-02 4.61527e-01 -1.45574e+00
7.30356e-02 5.07755e-01 -1.39923e+00
7.30356e-02 5.55930e-01 -1.33885e+00
7.30356e-02 6.06005e-01 -1.27496e+00
7.30356e-02 6.57930e-01 -1.20791e+00
7.30356e-02 7.11655e-01 -1.13804e+00
7.30356e-02 7.67127e-01 -1.06567e+00
7.30356e-02 8.24292e-01 -9.91097e-01
7.30356e-02 8.83095e-01 -9.14584e-01
7.30356e-02 9.43478e-01 -8.36394e-01
7.30356e-02 1.00538e+00 -7.56780e-01
7.30356e-02 1.06875e+00 -6.75994e-01
7.30356e-02 1.13351e+00 -5.94294e-01
7.30356e-02 1.19960e+00 -5.11943e-01
7.30356e-02 1.26697e+00 -4.29215e-01
7.30356e-02 1.33555e+00 -3.46392e-01
7.30356e-02 1.40526e+00 -2.63763e-01
7.30356e-02 1.47604e+00 -1.81631e-01
7.30356e-02 1.54782e+00 -1.00313e-01
7.30356e-02 1.62053e+00 -2.01512e-02
7.30356e-02 1.69410e+00 5.84641e-02
7.30356e-02 1.76846e+00 1.35073e-01
7.30356e-02 1.84353e+00 2.09111e-01
7.30356e-02 1.91924e+00 2.79873e-01
7.30356e-02 1.99553e+00 3.46486e-01
7.30356e-02 2.07230e+00 4.07891e-01
7.30356e-02 2.14949e+00 4.62875e-01
7.30356e-02 2.22703e+00 5.10137e-01
7.30356e-02 2.30483e+00 5.48429e-01
7.30356e-02 2.38282e+00 5.76737e-01
7.30356e-02 2.46093e+00 5.94486e-01
7.30356e-02 2.53907e+00 6.01688e-01
7.30356e-02 2.61718e+00 5.98967e-01
7.30356e-02 2.69517e+00 5.87398e-01
7.30356e-02 2.77297e+00 5.68197e-01
7.30356e-02 2.85051e+00 5.42380e-01
7.30356e-02 2.92770e+00 5.10586e-01
7.30356e-02 3.00447e+00 4.73205e-01
7.30356e-02 3.08076e+00 4.30756e-01
7.30356e-02 3.15647e+00 3.84281e-01
7.30356e-02 3.23154e+00 3.35483e-01
7.30356e-02 3.30590e+00 2.86504e-01
7.30356e-02 3.37947e+00 2.39487e-01
7.30356e-02 3.45218e+00 1.96172e-01
7.30356e-02 3.52396e+00 1.57691e-01
7.30356e-02 3.59474e+00 1.24561e-01
7.30356e-02 3.66445e+00 9.68008e-02
7.30356e-02 3.73303e+00 7.40867e-02
7.30356e-02 3.80040e+00 5.58925e-02
7.30356e-02 3.86649e+00 4.15986e-02
7.30356e-02 3.93125e+00 3.05689e-02
7.30356e-02 3.99462e+00 2.21994e-02
7.30356e-02 4.05652e+00 1.59471e-02
7.30356e-02 4.11690e+00 1.13440e-02
7.30356e-02 4.17571e+00 8.00017e-03
7.30356e-02 4.23287e+00 5.60057e-03
7.30356e-02 4.28835e+00 3.89724e-03
7.30356e-02 4.34207e+00 2.69962e-03
7.30356e-02 4.39400e+00 1.86438e-03
7.30356e-02 4.44407e+00 1.28573e-03
7.30356e-02 4.49224e+00 8.86878e-04
7.30356e-02 4.53847e+00 6.12948e-04
7.30356e-02 4.58271e+00 4.25194e-04
7.30356e-02 4.62491e+00 2.96566e-04
7.30356e-02 4.66504e+00 2.08354e-04
7.30356e-02 4.70305e+00 1.47707e-04
7.30356e-02 4.73890e+00 1.05849e-04
7.30356e-02 4.77257e+00 7.68094e-05
7.30356e-02 4.80402e+00 5.65357e-05
7.30356e-02 4.83322e+00 4.22792e-05
7.30356e-02 4.86014e+00 3.21745e-05
7.30356e-02 4.88475e+00 2.49533e-05
7.30356e-02 4.90703e+00 1.97511e-05
7.30356e-02 4.92696e+00 1.59759e-05
7.30356e-02 4.94452e+00 1.32213e-05
7.30356e-02 4.95969e+00 1.12068e-05
7.30356e-02 4.97246e+00 9.73860e-06
7.30356e-02 4.98281e+00 8.68302e-06
7.30356e-02 4.99074e+00 7.94860e-06
7.30356e-02 4.99623e+00 7.47440e-06
7.30356e-02 4.99928e+00 7.22233e-06
9.29659e-02 7.15683e-04 -1.78832e+00
9.29659e-02 3.77012e-03 -1.78830e+00
9.29659e-02 9.26216e-03 -1.78816e+00
9.29659e-02 1.71877e-02 -1.78775e+00
9.29659e-02 2.75390e-02 -1.78685e+00
9.29659e-02 4.03061e-02 -1.78516e+00
9.29659e-02 5.54766e-02 -1.78234e+00
9.29659e-02 7.30356e-02 -1.77797e+00
9.29659e-02 9.29659e-02 -1.77162e+00
9.29659e-02 1.15248e-01 -1.76279e+00
9.29659e-02 1.39860e-01 -1.75100e+00
9.29659e-02 1.66779e-01 -1.73575e+00
9.29659e-02 1.95977e-01 -1.71660e+00
9.29659e-02 2.27426e-01 -1.69316e+00
9.29659e-02 2.61096e-01 -1.66510e+00
9.29659e-02 2.96953e-01 -1.63224e+00
9.29659e-02 3.34963e-01 -1.59446e+00
9.29659e-02 3.75089e-01 -1.55180e+00
9.29659e-02 4.17290e-01 -1.50439e+00
9.29659e-02 4.61527e-01 -1.45245e+00
9.29659e-02 5.07755e-01 -1.39627e+00
9.29659e-02 5.55930e-01 -1.33620e+00
9.29659e-02 6.06005e-01 -1.27259e+00
9.29659e-02 6.57930e-01 -1.20580e+00
9.29659e-02 7.11655e-01 -1.13616e+00
9.29659e-02 7.67127e-01 -1.06401e+00
9.29659e-02 8.24292e-01 -9.89622e-01
9.29659e-02 8.83095e-01 -9.13286e-01
9.29659e-02 9.43478e-01 -8.35261e-01
9.29659e-02 1.00538e+00 -7.55801e-01
9.29659e-02 1.06875e+00 -6.75161e-01
9.29659e-02 1.13351e+00 -5.93598e-01
9.29659e-02 1.19960e+00 -5.11378e-01
9.29659e-02 1.26697e+00 -4.28773e-01
9.29659e-02 1.33555e+00 -3.46066e-01
9.29659e-02 1.40526e+00 -2.63546e-01
9.29659e-02 1.47604e+00 -1.81514e-01
9.29659e-02 1.54782e+00 -1.00286e-01
9.29659e-02 1.62053e+00 -2.02044e-02
9.29659e-02 1.69410e+00 5.83416e-02
9.29659e-02 1.76846e+00 1.34893e-01
9.29659e-02 1.84353e+00 2.08885e-01
9.29659e-02 1.91924e+00 2.79614e-01
9.29659e-02 1.99553e+00 3.46205e-01
9.29659e-02 2.07230e+00 4.07601e-01
9.29659e-02 2.14949e+00 4.62585e-01
9.29659e-02 2.22703e+00 5.09858e-01
9.29659e-02 2.30483e+00 5.48168e-01
9.29659e-02 2.38282e+00 5.76501e-01
9.29659e-02 2.46093e+00 5.94279e-01
9.29659e-02 2.53907e+00 6.01513e-01
9.29659e-02 2.61718e+00 5.98824e-01
9.29659e-02 2.69517e+00 5.87286e-01
9.29659e-02 2.77297e+00 5.68115e-01
9.29659e-02 2.85051e+00 5.42324e-01
9.29659e-02 2.92770e+00 5.10553e-01
9.29659e-02 3.00447e+00 4.73190e-01
9.29659e-02 3.08076e+00 4.30754e-01
9.29659e-02 3.15647e+00 3.84289e-01
9.29659e-02 3.23154e+00 3.35498e-01
9.29659e-02 3.30590e+00 2.86522e-01
9.29659e-02 3.37947e+00 2.39507e-01
9.29659e-02 3.45218e+00 1.96191e-01
9.29659e-02 3.52396e+00 1.57709e-01
9.29659e-02 3.59474e+00 1.24577e-01
9.29659e-02 3.66445e+00 9.68144e-02
9.29659e-02 3.73303e+00 7.40980e-02
9.29659e-02 3.80040e+00 5.59015e-02
9.29659e-02 3.86649e+00 4.16057e-02
9.29659e-02 3.93125e+00 3.05743e-02
9.29659e-02 3.99462e+00 2.22035e-02
9.29659e-02 4.05652e+00 1.59501e-02
9.29659e-02 4.11690e+00 1.13462e-02
9.29659e-02 4.17571e+00 8.00176e-03
9.29659e-02 4.23287e+00 5.60170e-03
9.29659e-02 4.28835e+00 3.89804e-03
9.29659e-02 4.34207e+00 2.70018e-03
9.29659e-02 4.39400e+00 1.86477e-03
9.29659e-02 4.44407e+00 1.28599e-03
9.29659e-02 4.49224e+00 8.87065e-04
9.29659e-02 4.53847e+00 6.13078e-04
9.29659e-02 4.58271e+00 4.25284e-04
9.29659e-02 4.62491e+00 2.96629e-04
9.29659e-02 4.66504e+00 2.08398e-04
9.29659e-02 4.70305e+00 1.47738e-04
9.29659e-02 4.73890e+00 1.05871e-04
9.29659e-02 4.77257e+00 7.68256e-05
9.29659e-02 4.80402e+00 5.65476e-05
9.29659e-02 4.83322e+00 4.22881e-05
9.29659e-02 4.86014e+00 3.21812e-05
9.29659e-02 4.88475e+00 2.49586e-05
9.29659e-02 4.90703e+00 1.97552e-05
9.29659e-02 4.92696e+00 1.59793e-05
9.29659e-02 4.94452e+00 1.32240e-05
9.29659e-02 4.95969e+00 1.12091e-05
9.29659e-02 4.97246e+00 9.74062e-06
9.29659e-02 4.98281e+00 8.68482e-06
9.29659e-02 4.99074e+00 7.95024e-06
9.29659e-02 4.99623e+00 7.47595e-06
9.29659e-02 4.99928e+00 7.22382e-06
1.15248e-01 7.15683e-04 -1.77918e+00
1.15248e-01 3.77012e-03 -1.77915e+00
1.15248e-01 9.26216e-03 -1.77901e+00
1.15248e-01 1.71877e-02 -1.77861e+00
1.15248e-01 2.75390e-02 -1.77773e+00
1.15248e-01 4.03061e-02 -1.77607e+00
1.15248e-01 5.54766e-02 -1.77331e+00
1.15248e-01 7.30356e-02 -1.76903e+00
1.15248e-01 9.29659e-02 -1.76279e+00
1.15248e-01 1.15248e-01 -1.75413e+00
1.15248e-01 1.39860e-01 -1.74255e+00
1.15248e-01 1.66779e-01 -1.72757e+00
1.15248e-01 1.95977e-01 -1.70875e+00
1.15248e-01 2.27426e-01 -1.68568e+00
1.15248e-01 2.61096e-01 -1.65805e+00
1.15248e-01 2.96953e-01 -1.62565e+00
1.15248e-01 3.34963e-01 -1.58836e+00
1.15248e-01 3.75089e-01 -1.54621e+00
1.15248e-01 4.17290e-01 -1.49929e+00
1.15248e-01 4.61527e-01 -1.44784e+00
1.15248e-01 5.07755e-01 -1.39213e+00
1.15248e-01 5.55930e-01 -1.33249e+00
1.15248e-01 6.06005e-01 -1.26927e+00
1.15248e-01 6.57930e-01 -1.20284e+00
1.15248e-01 7.11655e-01 -1.13353e+00
1.15248e-01 7.67127e-01 -1.06167e+00
1.15248e-01 8.24292e-01 -9.87555e-01
1.15248e-01 8.83095e-01 -9.11467e-01
1.15248e-01 9.43478e-01 -8.33673e-01
1.15248e-01 1.00538e+00 -7.54429e-01
1.15248e-01 1.06875e+00 -6.73992e-01
1.15248e-01 1.13351e+00 -5.92622e-01
1.15248e-01 1.19960e+00 -5.10584e-01
1.15248e-01 1.26697e+00 -4.28153e-01
1.15248e-01 1.33555e+00 -3.45609e-01
1.15248e-01 1.40526e+00 -2.63241e-01
1.15248e-01 1.47604e+00 -1.81349e-01
1.15248e-01 1.54782e+00 -1.00247e-01
1.15248e-01 1.62053e+00 -2.02785e-02
1.15248e-01 1.69410e+00 5.81703e-02
1.15248e-01 1.76846e+00 1.34641e-01
1.15248e-01 1.84353e+00 2.08569e-01
1.15248e-01 1.91924e+00 2.79251e-01
1.15248e-01 1.99553e+00 3.45812e-01
1.15248e-01 2.07230e+00 4.07193e-01
1.15248e-01 2.14949e+00 4.62179e-01
1.15248e-01 2.22703e+00 5.09466e-01
1.15248e-01 2.30483e+00 5.47802e-01
1.15248e-01 2.38282e+00 5.76170e-01
1.15248e-01 2.46093e+00 5.93988e-01
1.15248e-01 2.53907e+00 6.01267e-01
1.15248e-01 2.61718e+00 5.98623e-01
1.15248e-01 2.69517e+00 5.87130e-01
1.15248e-01 2.77297e+00 5.68000e-01
1.15248e-01 2.85051e+00 5.42246e-01
1.15248e-01 2.92770e+00 5.10506e-01
1.15248e-01 3.00447e+00 4.73168e-01
1.15248e-01 3.08076e+00 4.30751e-01
1.15248e-01 3.15647e+00 3.84300e-01
1.15248e-01 3.23154e+00 3.35518e-01
1.15248e-01 3.30590e+00 2.86548e-01
1.15248e-01 3.37947e+00 2.39534e-01
1.15248e-01 3.45218e+00 1.96219e-01
1.15248e-01 3.52396e+00 1.57734e-01
1.15248e-01 3.59474e+00 1.24599e-01
1.15248e-01 3.66445e+00 9.68335e-02
1.15248e-01 3.73303e+00 7.41138e-02
1.15248e-01 3.80040e+00 5.59142e-02
1.15248e-01 3.86649e+00 4.16157e-02
1.15248e-01 3.93125e+00 3.05820e-02
1.15248e-01 3.99462e+00 2.22092e-02
1.15248e-01 4.05652e+00 1.59544e-02
1.15248e-01 4.11690e+00 1.13493e-02
1.15248e-01 4.17571e+00 8.00399e-03
1.15248e-01 4.23287e+00 5.60329e-03
1.15248e-01 4.28835e+00 3.89915e-03
1.15248e-01 4.34207e+00 2.70096e-03
1.15248e-01 4.39400e+00 1.86531e-03
1.15248e-01 4.44407e+00 1.28637e-03
1.15248e-01 4.49224e+00 8.87326e-04
1.15248e-01 4.53847e+00 6.13259e-04
1.15248e-01 4.58271e+00 4.25409e-04
1.15248e-01 4.62491e+00 2.96716e-04
1.15248e-01 4.66504e+00 2.08459e-04
1.15248e-01 4.70305e+00 1.47782e-04
1.15248e-01 4.73890e+00 1.05902e-04
1.15248e-01 4.77257e+00 7.68483e-05
1.15248e-01 4.80402e+00 5.65643e-05
1.15248e-01 4.83322e+00 4.23005e-05
1.15248e-01 4.86014e+00 3.21907e-05
1.15248e-01 4.88475e+00 2.49659e-05
1.15248e-01 4.90703e+00 1.97610e-05
1.15248e-01 4.92696e+00 1.59839e-05
1.15248e-01 4.94452e+00 1.32279e-05
1.15248e-01 4.95969e+00 1.12124e-05
1.15248e-01 4.97246e+00 9.74345e-06
1.15248e-01 4.98281e+00 8.68734e-06
1.15248e-01 4.99074e+00 7.95255e-06
1.15248e-01 4.99623e+00 7.47812e-06
1.15248e-01 4.99928e+00 7.22592e-06
1.39860e-01 7.15683e-04 -1.76697e+00
1.39860e-01 3.77012e-03 -1.76694e+00
1.39860e-01 9.26216e-03 -1.76681e+00
1.39860e-01 1.71877e-02 -1.76642e+00
1.39860e-01 2.75390e-02 -1.76555e+00
1.39860e-01 4.03061e-02 -1.76394e+00
1.39860e-01 5.54766e-02 -1.76125e+00
1.39860e-01 7.30356e-02 -1.75708e+00
1.39860e-01 9.29659e-02 -1.75100e+00
1.39860e-01 1.15248e-01 -1.74255e+00
1.39860e-01 1.39860e-01 -1.73125e+00
1.39860e-01 1.66779e-01 -1.71663e+00
1.39860e-01 1.95977e-01 -1.69823e+00
1.39860e-01 2.27426e-01 -1.67566e+00
1.39860e-01 2.61096e-01 -1.64859e+00
1.39860e-01 2.96953e-01 -1.61680e+00
1.39860e-01 3.34963e-01 -1.58016e+00
1.39860e-01 3.75089e-01 -1.53867e+00
1.39860e-01 4.17290e-01 -1.49243e+00
1.39860e-01 4.61527e-01 -1.44162e+00
1.39860e-01 5.07755e-01 -1.38653e+00
1.39860e-01 5.55930e-01 -1.32746e+00
1.39860e-01 6.06005e-01 -1.26478e+00
1.39860e-01 6.57930e-01 -1.19883e+00
1.39860e-01 7.11655e-01 -1.12996e+00
1.39860e-01 7.67127e-01 -1.05850e+00
1.39860e-01 8.24292e-01 -9.84756e-01
1.39860e-01 8.83095e-01 -9.09005e-01
1.39860e-01 9.43478e-01 -8.31522e-01
1.39860e-01 1.00538e+00 -7.52571e-01
1.39860e-01 1.06875e+00 -6.72410e-01
1.39860e-01 1.13351e+00 -5.91301e-01
1.39860e-01 1.19960e+00 -5.09511e-01
1.39860e-01 1.26697e+00 -4.27313e-01
1.39860e-01 1.33555e+00 -3.44989e-01
1.39860e-01 1.40526e+00 -2.62827e-01
1.39860e-01 1.47604e+00 -1.81124e-01
1.39860e-01 1.54782e+00 -1.00194e-01
1.39860e-01 1.62053e+00 -2.03781e-02
1.39860e-01 1.69410e+00 5.79393e-02
1.39860e-01 1.76846e+00 1.34300e-01
1.39860e-01 1.84353e+00 2.08142e-01
1.39860e-01 1.91924e+00 2.78760e-01
1.39860e-01 1.99553e+00 3.45281e-01
1.39860e-01 2.07230e+00 4.06644e-01
1.39860e-01 2.14949e+00 4.61631e-01
1.39860e-01 2.22703e+00 5.08937e-01
1.39860e-01 2.30483e+00 5.47308e-01
1.39860e-01 2.38282e+00 5.75722e-01
1.39860e-01 2.46093e+00 5.93596e-01
1.39860e-01 2.53907e+00 6.00934e-01
1.39860e-01 2.61718e+00 5.98352e-01
1.39860e-01 2.69517e+00 5.86919e-01
1.39860e-01 2.77297e+00 5.67845e-01
1.39860e-01 2.85051e+00 5.42140e-01
1.39860e-01 2.92770e+00 5.10442e-01
1.39860e-01 3.00447e+00 4.73138e-01
1.39860e-01 3.08076e+00 4.30748e-01
1.39860e-01 3.15647e+00 3.84315e-01
1.39860e-01 3.23154e+00 3.35545e-01
1.39860e-01 3.30590e+00 2.86582e-01
1.39860e-01 3.37947e+00 2.39571e-01
1.39860e-01 3.45218e+00 1.96255e-01
1.39860e-01 3.52396e+00 1.57768e-01
1.39860e-01 3.59474e+00 1.24629e-01
1.39860e-01 3.66445e+00 9.68592e-02
1.39860e-01 3.73303e+00 7.41350e-02
1.39860e-01 3.80040e+00 5.59313e-02
1.39860e-01 3.86649e+00 4.16291e-02
1.39860e-01 3.93125e+00 3.05923e-02
1.39860e-01 3.99462e+00 2.22169e-02
1.39860e-01 4.05652e+00 1.59601e-02
1.39860e-01 4.11690e+00 1.13535e-02
1.39860e-01 4.17571e+00 8.00699e-03
1.39860e-01 4.23287e+00 5.60542e-03
1.39860e-01 4.28835e+00 3.90066e-03
1.39860e-01 4.34207e+00 2.70201e-03
1.39860e-01 4.39400e+00 1.86605e-03
1.39860e-01 4.44407e+00 1.28688e-03
1.39860e-01 4.49224e+00 8.87678e-04
1.39860e-01 4.53847e+00 6.13503e-04
1.39860e-01 4.58271e+00 4.25579e-04
1.39860e-01 4.62491e+00 2.96835e-04
1.39860e-01 4.66504e+00 2.08543e-04
1.39860e-01 4.70305e+00 1.47841e-04
1.39860e-01 4.73890e+00 1.05945e-04
1.39860e-01 4.77257e+00 7.68789e-05
1.39860e-01 4.80402e+00 5.65868e-05
1.39860e-01 4.83322e+00 4.23173e-05
1.39860e-01 4.86014e+00 3.22034e-05
1.39860e-01 4.88475e+00 2.49757e-05
1.39860e-01 4.90703e+00 1.97688e-05
1.39860e-01 4.92696e+00 1.59902e-05
1.39860e-01 4.94452e+00 1.32331e-05
1.39860e-01 4.95969e+00 1.12168e-05
1.39860e-01 4.97246e+00 9.74727e-06
1.39860e-01 4.98281e+00 8.69074e-06
1.39860e-01 4.99074e+00 7.95566e-06
1.39860e-01 4.99623e+00 7.48104e-06
1.39860e-01 4.99928e+00 7.22874e-06
1.66779e-01 7.15683e-04 -1.75120e+00
1.66779e-01 3.77012e-03 -1.75117e+00
1.66779e-01 9.26216e-03 -1.75104e+00
1.66779e-01 1.71877e-02 -1.75067e+00
1.66779e-01 2.75390e-02 -1.74983e+00
1.66779e-01 4.03061e-02 -1.74827e+00
1.66779e-01 5.54766e-02 -1.74567e+00
1.66779e-01 7.30356e-02 -1.74163e+00
1.66779e-01 9.29659e-02 -1.73575e+00
1.66779e-01 1.15248e-01 -1.72757e+00
1.66779e-01 1.39860e-01 -1.71663e+00
1.66779e-01 1.66779e-01 -1.70244e+00
1.66779e-01 1.95977e-01 -1.68458e+00
1.66779e-01 2.27426e-01 -1.66264e+00
1.66779e-01 2.61096e-01 -1.63628e+00
1.66779e-01 2.96953e-01 -1.60527e+00
1.66779e-01 3.34963e-01 -1.56946e+00
1.66779e-01 3.75089e-01 -1.52882e+00
1.66779e-01 4.17290e-01 -1.48344e+00
1.66779e-01 4.61527e-01 -1.43347e+00
1.66779e-01 5.07755e-01 -1.37918e+00
1.66779e-01 5.55930e-01 -1.32087e+00
1.66779e-01 6.06005e-01 -1.25888e+00
1.66779e-01 6.57930e-01 -1.19357e+00
1.66779e-01 7.11655e-01 -1.12528e+00
1.66779e-01 7.67127e-01 -1.05434e+00
1.66779e-01 8.24292e-01 -9.81075e-01
1.66779e-01 8.83095e-01 -9.05767e-01
1.66779e-01 9.43478e-01 -8.28695e-01
1.66779e-01 1.00538e+00 -7.50128e-01
1.66779e-01 1.06875e+00 -6.70330e-01
1.66779e-01 1.13351e+00 -5.89564e-01
1.66779e-01 1.19960e+00 -5.08099e-01
1.66779e-01 1.26697e+00 -4.26209e-01
1.66779e-01 1.33555e+00 -3.44175e-01
1.66779e-01 1.40526e+00 -2.62282e-01
1.66779e-01 1.47604e+00 -1.80828e-01
1.66779e-01 1.54782e+00 -1.00124e-01
1.66779e-01 1.62053e+00 -2.05075e-02
1.66779e-01 1.69410e+00 5.76373e-02
1.66779e-01 1.76846e+00 1.33854e-01
1.66779e-01 1.84353e+00 2.07582e-01
1.66779e-01 1.91924e+00 2.78117e-01
1.66779e-01 1.99553e+00 3.44584e-01
1.66779e-01 2.07230e+00 4.05922e-01
1.66779e-01 2.14949e+00 4.60911e-01
1.66779e-01 2.22703e+00 5.08243e-01
1.66779e-01 2.30483e+00 5.46659e-01
1.66779e-01 2.38282e+00 5.75134e-01
1.66779e-01 2.46093e+00 5.93080e-01
1.66779e-01 2.53907e+00 6.00498e-01
1.66779e-01 2.61718e+00 5.97997e-01
1.66779e-01 2.69517e+00 5.86642e-01
1.66779e-01 2.77297e+00 5.67641e-01
1.66779e-01 2.85051e+00 5.42001e-01
1.66779e-01 2.92770e+00 5.10358e-01
1.66779e-01 3.00447e+00 4.73098e-01
1.66779e-01 3.08076e+00 4.30742e-01
1.66779e-01 3.15647e+00 3.84334e-01
1.66779e-01 3.23154e+00 3.35581e-01
1.66779e-01 3.30590e+00 2.86627e-01
1.66779e-01 3.37947e+00 2.39620e-01
1.66779e-01 3.45218e+00 1.96303e-01
1.66779e-01 3.52396e+00 1.57813e-01
1.66779e-01 3.59474e+00 1.24669e-01
1.66779e-01 3.66445e+00 9.68929e-02
1.66779e-01 3.73303e+00 7.41629e-02
1.66779e-01 3.80040e+00 5.59537e-02
1.66779e-01 3.86649e+00 4.16466e-02
1.66779e-01 3.93125e+00 3.06057e-02
1.66779e-01 3.99462e+00 2.22271e-02
1.66779e-01 4.05652e+00 1.59676e-02
1.66779e-01 4.11690e+00 1.13589e-02
1.66779e-01 4.17571e+00 8.01092e-03
1.66779e-01 4.23287e+00 5.60822e-03
1.66779e-01 4.28835e+00 3.90263e-03
1.66779e-01 4.34207e+00 2.70339e-03
1.66779e-01 4.39400e+00 1.86701e-03
1.66779e-01 4.44407e+00 1.28755e-03
1.66779e-01 4.49224e+00 8.88139e-04
1.66779e-01 4.53847e+00 6.13823e-04
1.66779e-01 4.58271e+00 4.25801e-04
1.66779e-01 4.62491e+00 2.96990e-04
1.66779e-01 4.66504e+00 2.08652e-04
1.66779e-01 4.70305e+00 1.47918e-04
1.66779e-01 4.73890e+00 1.06000e-04
1.66779e-01 4.77257e+00 7.69189e-05
1.66779e-01 4.80402e+00 5.66162e-05
1.66779e-01 4.83322e+00 4.23393e-05
1.66779e-01 4.86014e+00 3.22201e-05
1.66779e-01 4.88475e+00 2.49886e-05
1.66779e-01 4.90703e+00 1.97790e-05
1.66779e-01 4.92696e+00 1.59984e-05
1.66779e-01 4.94452e+00 1.32399e-05
1.66779e-01 4.95969e+00 1.12225e-05
1.66779e-01 4.97246e+00 9.75227e-06
1.66779e-01 4.98281e+00 8.69519e-06
1.66779e-01 4.99074e+00 7.95973e-06
1.66779e-01 4.99623e+00 7.48486e-06
1.66779e-01 4.99928e+00 7.23243e-06
1.95977e-01 7.15683e-04 -1.73142e+00
1.95977e-01 3.77012e-03 -1.73140e+00
1.95977e-01 9.26216e-03 -1.73127e+00
1.95977e-01 1.71877e-02 -1.73091e+00
1.95977e-01 2.75390e-02 -1.73011e+00
1.95977e-01 4.03061e-02 -1.72862e+00
1.95977e-01 5.54766e-02 -1.72612e+00
1.95977e-01 7.30356e-02 -1.72225e+00
1.95977e-01 9.29659e-02 -1.71660e+00
1.95977e-01 1.15248e-01 -1.70875e+00
1.95977e-01 1.39860e-01 -1.69823e+00
1.95977e-01 1.66779e-01 -1.68458e+00
1.95977e-01 1.95977e-01 -1.66737e+00
1.95977e-01 2.27426e-01 -1.64619e+00
1.95977e-01 2.61096e-01 -1.62070e+00
1.95977e-01 2.96953e-01 -1.59065e+00
1.95977e-01 3.34963e-01 -1.55586e+00
1.95977e-01 3.75089e-01 -1.51629e+00
1.95977e-01 4.17290e-01 -1.47197e+00
1.95977e-01 4.61527e-01 -1.42306e+00
1.95977e-01 5.07755e-01 -1.36978e+00
1.95977e-01 5.55930e-01 -1.31242e+00
1.95977e-01 6.06005e-01 -1.25131e+00
1.95977e-01 6.57930e-01 -1.18681e+00
1.95977e-01 7.11655e-01 -1.11926e+00
1.95977e-01 7.67127e-01 -1.04900e+00
1.95977e-01 8.24292e-01 -9.76350e-01
1.95977e-01 8.83095e-01 -9.01610e-01
1.95977e-01 9.43478e-01 -8.25066e-01
1.95977e-01 1.00538e+00 -7.46993e-01
1.95977e-01 1.06875e+00 -6.67660e-01
1.95977e-01 1.13351e+00 -5.87334e-01
1.95977e-01 1.19960e+00 -5.06286e-01
1.95977e-01 1.26697e+00 -4.24791e-01
1.95977e-01 1.33555e+00 -3.43128e-01
1.95977e-01 1.40526e+00 -2.61582e-01
1.95977e-01 1.47604e+00 -1.80447e-01
1.95977e-01 1.54782e+00 -1.00031e-01
1.95977e-01 1.62053e+00 -2.06711e-02
1.95977e-01 1.69410e+00 5.72524e-02
1.95977e-01 1.76846e+00 1.33285e-01
1.95977e-01 1.84353e+00 2.06867e-01
1.95977e-01 1.91924e+00 2.77295e-01
1.95977e-01 1.99553e+00 3.43693e-01
1.95977e-01 2.07230e+00 4.04999e-01
1.95977e-01 2.14949e+00 4.59990e-01
1.95977e-01 2.22703e+00 5.07354e-01
1.95977e-01 2.30483e+00 5.45828e-01
1.95977e-01 2.38282e+00 5.74381e-01
1.95977e-01 2.46093e+00 5.92420e-01
1.95977e-01 2.53907e+00 5.99939e-01
1.95977e-01 2.61718e+00 5.97541e-01
1.95977e-01 2.69517e+00 5.86287e-01
1.95977e-01 2.77297e+00 5.67379e-01
1.95977e-01 2.85051e+00 5.41823e-01
1.95977e-01 2.92770e+00 5.10250e-01
1.95977e-01 3.00447e+00 4.73048e-01
1.95977e-01 3.08076e+00 4.30735e-01
1.95977e-01 3.15647e+00 3.84359e-01
1.95977e-01 3.23154e+00 3.35627e-01
1.95977e-01 3.30590e+00 2.86685e-01
1.95977e-01 3.37947e+00 2.39681e-01
1.95977e-01 3.45218e+00 1.96364e-01
1.95977e-01 3.52396e+00 1.57870e-01
1.95977e-01 3.59474e+00 1.24719e-01
1.95977e-01 3.66445e+00 9.69359e-02
1.95977e-01 3.73303e+00 7.41984e-02
1.95977e-01 3.80040e+00 5.59823e-02
1.95977e-01 3.86649e+00 4.16690e-02
1.95977e-01 3.93125e+00 3.06229e-02
1.95977e-01 3.99462e+00 2.22400e-02
1.95977e-01 4.05652e+00 1.59772e-02
1.95977e-01 4.11690e+00 1.13659e-02
1.95977e-01 4.17571e+00 8.01593e-03
1.95977e-01 4.23287e+00 5.61178e-03
1.95977e-01 4.28835e+00 3.90514e-03
1.95977e-01 4.34207e+00 2.70515e-03
1.95977e-01 4.39400e+00 1.86823e-03
1.95977e-01 4.44407e+00 1.28840e-03
1.95977e-01 4.49224e+00 8.88727e-04
1.95977e-01 4.53847e+00 6.14230e-04
1.95977e-01 4.58271e+00 4.26084e-04
1.95977e-01 4.62491e+00 2.97188e-04
1.95977e-01 4.66504e+00 2.08790e-04
1.95977e-01 4.70305e+00 1.48016e-04
1.95977e-01 4.73890e+00 1.06070e-04
1.95977e-01 4.77257e+00 7.69700e-05
1.95977e-01 4.80402e+00 5.66537e-05
1.95977e-01 4.83322e+00 4.23673e-05
1.95977e-01 4.86014e+00 3.22413e-05
1.95977e-01 4.88475e+00 2.50051e-05
1.95977e-01 4.90703e+00 1.97920e-05
1.95977e-01 4.92696e+00 1.60089e-05
1.95977e-01 4.94452e+00 1.32486e-05
1.95977e-01 4.95969e+00 1.12299e-05
1.95977e-01 4.97246e+00 9.75863e-06
1.95977e-01 4.98281e+00 8.70086e-06
1.95977e-01 4.99074e+00 7.96491e-06
1.95977e-01 4.99623e+00 7.48973e-06
1.95977e-01 4.99928e+00 7.23714e-06
2.27426e-01 7.15683e-04 -1.70724e+00
2.27426e-01 3.77012e-03 -1.70722e+00
2.27426e-01 9.26216e-03 -1.70710e+00
2.27426e-01 1.71877e-02 -1.70676e+00
2.27426e-01 2.75390e-02 -1.70600e+00
2.27426e-01 4.03061e-02 -1.70458e+00
2.27426e-01 5.54766e-02 -1.70220e+00
2.27426e-01 7.30356e-02 -1.69852e+00
2.27426e-01 9.29659e-02 -1.69316e+00
2.27426e-01 1.15248e-01 -1.68568e+00
2.27426e-01 1.39860e-01 -1.67566e+00
2.27426e-01 1.66779e-01 -1.66264e+00
2.27426e-01 1.95977e-01 -1.64619e+00
2.27426e-01 2.27426e-01 -1.62591e+00
2.27426e-01 2.61096e-01 -1.60146e+00
2.27426e-01 2.96953e-01 -1.57254e+00
2.27426e-01 3.34963e-01 -1.53898e+00
2.27426e-01 3.75089e-01 -1.50069e+00
2.27426e-01 4.17290e-01 -1.45767e+00
2.27426e-01 4.61527e-01 -1.41004e+00
2.27426e-01 5.07755e-01 -1.35800e+00
2.27426e-01 5.55930e-01 -1.30182e+00
2.27426e-01 6.06005e-01 -1.24181e+00
2.27426e-01 6.57930e-01 -1.17832e+00
2.27426e-01 7.11655e-01 -1.11170e+00
2.27426e-01 7.67127e-01 -1.04228e+00
2.27426e-01 8.24292e-01 -9.70408e-01
2.27426e-01 8.83095e-01 -8.96383e-01
2.27426e-01 9.43478e-01 -8.20503e-01
2.27426e-01 1.00538e+00 -7.43051e-01
2.27426e-01 1.06875e+00 -6.64302e-01
2.27426e-01 1.13351e+00 -5.84530e-01
2.27426e-01 1.19960e+00 -5.04007e-01
2.27426e-01 1.26697e+00 -4.23007e-01
2.27426e-01 1.33555e+00 -3.41810e-01
2.27426e-01 1.40526e+00 -2.60699e-01
2.27426e-01 1.47604e+00 -1.79964e-01
2.27426e-01 1.54782e+00 -9.99109e-02
2.27426e-01 1.62053e+00 -2.08727e-02
2.27426e-01 1.69410e+00 5.67727e-02
2.27426e-01 1.76846e+00 1.32574e-01
2.27426e-01 1.84353e+00 2.05973e-01
2.27426e-01 1.91924e+00 2.76266e-01
2.27426e-01 1.99553e+00 3.42577e-01
2.27426e-01 2.07230e+00 4.03843e-01
2.27426e-01 2.14949e+00 4.58836e-01
2.27426e-01 2.22703e+00 5.06240e-01
2.27426e-01 2.30483e+00 5.44787e-01
2.27426e-01 2.38282e+00 5.73438e-01
2.27426e-01 2.46093e+00 5.91593e-01
2.27426e-01 2.53907e+00 5.99237e-01
2.27426e-01 2.61718e+00 5.96969e-01
2.27426e-01 2.69517e+00 5.85842e-01
2.27426e-01 2.77297e+00 5.67051e-01
2.27426e-01 2.85051e+00 5.41598e-01
2.27426e-01 2.92770e+00 5.10114e-01
2.27426e-01 3.00447e+00 4.72983e-01
2.27426e-01 3.08076e+00 4.30726e-01
2.27426e-01 3.15647e+00 3.84389e-01
2.27426e-01 3.23154e+00 3.35683e-01
2.27426e-01 3.30590e+00 2.86756e-01
2.27426e-01 3.37947e+00 2.39758e-01
2.27426e-01 3.45218e+00 1.96440e-01
2.27426e-01 3.52396e+00 1.57940e-01
2.27426e-01 3.59474e+00 1.24782e-01
2.27426e-01 3.66445e+00 9.69896e-02
2.27426e-01 3.73303e+00 7.42428e-02
2.27426e-01 3.80040e+00 5.60179e-02
2.27426e-01 3.86649e+00 4.16970e-02
2.27426e-01 3.93125e+00 3.06444e-02
2.27426e-01 3.99462e+00 2.22562e-02
2.27426e-01 4.05652e+00 1.59891e-02
2.27426e-01 4.11690e+00 1.13746e-02
2.27426e-01 4.17571e+00 8.02220e-03
2.27426e-01 4.23287e+00 5.61624e-03
2.27426e-01 4.28835e+00 3.90828e-03
2.27426e-01 4.34207e+00 2.70735e-03
2.27426e-01 4.39400e+00 1.86976e-03
2.27426e-01 4.44407e+00 1.28946e-03
2.27426e-01 4.49224e+00 8.89462e-04
2.27426e-01 4.53847e+00 6.14739e-04
2.27426e-01 4.58271e+00 4.26438e-04
2.27426e-01 4.62491e+00 2.97434e-04
2.27426e-01 4.66504e+00 2.08964e-04
2.27426e-01 4.70305e+00 1.48139e-04
2.27426e-01 4.73890e+00 1.06158e-04
2.27426e-01 4.77257e+00 7.70336e-05
2.27426e-01 4.80402e+00 5.67005e-05
2.27426e-01 4.83322e+00 4.24022e-05
2.27426e-01 4.86014e+00 3.22679e-05
2.27426e-01 4.88475e+00 2.50256e-05
2.27426e-01 4.90703e+00 1.98082e-05
2.27426e-01 4.92696e+00 1.60220e-05
2.27426e-01 4.94452e+00 1.32594e-05
2.27426e-01 4.95969e+00 1.12390e-05
2.27426e-01 4.97246e+00 9.76657e-06
2.27426e-01 4.98281e+00 8.70793e-06
2.27426e-01 4.99074e+00 7.97138e-06
2.27426e-01 4.99623e+00 7.49581e-06
2.27426e-01 4.99928e+00 7.24301e-06
2.61096e-01 7.15683e-04 -1.67837e+00
2.61096e-01 3.77012e-03 -1.67835e+00
2.61096e-01 9.26216e-03 -1.67823e+00
2.61096e-01 1.71877e-02 -1.67791e+00
2.61096e-01 2.75390e-02 -1.67720e+00
2.61096e-01 4.03061e-02 -1.67586e+00
2.61096e-01 5.54766e-02 -1.67362e+00
2.61096e-01 7.30356e-02 -1.67016e+00
2.61096e-01 9.29659e-02 -1.66510e+00
2.61096e-01 1.15248e-01 -1.65805e+00
2.61096e-01 1.39860e-01 -1.64859e+00
2.61096e-01 1.66779e-01 -1.63628e+00
2.61096e-01 1.95977e-01 -1.62070e+00
2.61096e-01 2.27426e-01 -1.60146e+00
2.61096e-01 2.61096e-01 -1.57818e+00
2.61096e-01 2.96953e-01 -1.55059e+00
2.61096e-01 3.34963e-01 -1.51845e+00
2.61096e-01 3.75089e-01 -1.48165e+00
2.61096e-01 4.17290e-01 -1.44017e+00
2.61096e-01 4.61527e-01 -1.39407e+00
2.61096e-01 5.07755e-01 -1.34352e+00
2.61096e-01 5.55930e-01 -1.28876e+00
2.61096e-01 6.06005e-01 -1.23009e+00
2.61096e-01 6.57930e-01 -1.16784e+00
2.61096e-01 7.11655e-01 -1.10235e+00
2.61096e-01 7.67127e-01 -1.03398e+00
2.61096e-01 8.24292e-01 -9.63064e-01
2.61096e-01 8.83095e-01 -8.89923e-01
2.61096e-01 9.43478e-01 -8.14863e-01
2.61096e-01 1.00538e+00 -7.38179e-01
2.61096e-01 1.06875e+00 -6.60154e-01
2.61096e-01 1.13351e+00 -5.81065e-01
2.61096e-01 1.19960e+00 -5.01189e-01
2.61096e-01 1.26697e+00 -4.20801e-01
2.61096e-01 1.33555e+00 -3.40179e-01
2.61096e-01 1.40526e+00 -2.59603e-01
2.61096e-01 1.47604e+00 -1.79362e-01
2.61096e-01 1.54782e+00 -9.97568e-02
2.61096e-01 1.62053e+00 -2.11156e-02
2.61096e-01 1.69410e+00 5.61870e-02
2.61096e-01 1.76846e+00 1.31703e-01
2.61096e-01 1.84353e+00 2.04875e-01
2.61096e-01 1.91924e+00 2.75002e-01
2.61096e-01 1.99553e+00 3.41206e-01
2.61096e-01 2.07230e+00 4.02421e-01
2.61096e-01 2.14949e+00 4.57417e-01
2.61096e-01 2.22703e+00 5.04870e-01
2.61096e-01 2.30483e+00 5.43505e-01
2.61096e-01 2.38282e+00 5.72277e-01
2.61096e-01 2.46093e+00 5.90574e-01
2.61096e-01 2.53907e+00 5.98374e-01
2.61096e-01 2.61718e+00 5.96265e-01
2.61096e-01 2.69517e+00 5.85292e-01
2.61096e-01 2.77297e+00 5.66646e-01
2.61096e-01 2.85051e+00 5.41321e-01
2.61096e-01 2.92770e+00 5.09945e-01
2.61096e-01 3.00447e+00 4.72903e-01
2.61096e-01 3.08076e+00 4.30714e-01
2.61096e-01 3.15647e+00 3.84426e-01
2.61096e-01 3.23154e+00 3.35752e-01
2.61096e-01 3.30590e+00 2.86843e-01
2.61096e-01 3.37947e+00 2.39853e-01
2.61096e-01 3.45218e+00 1.96534e-01
2.61096e-01 3.52396e+00 1.58027e-01
2.61096e-01 3.59474e+00 1.24859e-01
2.61096e-01 3.66445e+00 9.70553e-02
2.61096e-01 3.73303e+00 7.42971e-02
2.61096e-01 3.80040e+00 5.60616e-02
2.61096e-01 3.86649e+00 4.17313e-02
2.61096e-01 3.93125e+00 3.06707e-02
2.61096e-01 3.99462e+00 2.22760e-02
2.61096e-01 4.05652e+00 1.60038e-02
2.61096e-01 4.11690e+00 1.13853e-02
2.61096e-01 4.17571e+00 8.02987e-03
2.61096e-01 4.23287e+00 5.62169e-03
2.61096e-01 4.28835e+00 3.91212e-03
2.61096e-01 4.34207e+00 2.71004e-03
2.61096e-01 4.39400e+00 1.87163e-03
2.61096e-01 4.44407e+00 1.29075e-03
2.61096e-01 4.49224e+00 8.90360e-04
2.61096e-01 4.53847e+00 6.15362e-04
2.61096e-01 4.58271e+00 4.26871e-04
2.61096e-01 4.62491e+00 2.97736e-04
2.61096e-01 4.66504e+00 2.09176e-04
2.61096e-01 4.70305e+00 1.48289e-04
2.61096e-01 4.73890e+00 1.06266e-04
2.61096e-01 4.77257e+00 7.71116e-05
2.61096e-01 4.80402e+00 5.67577e-05
2.61096e-01 4.83322e+00 4.24449e-05
2.61096e-01 4.86014e+00 3.23003e-05
2.61096e-01 4.88475e+00 2.50507e-05
2.61096e-01 4.90703e+00 1.98280e-05
2.61096e-01 4.92696e+00 1.60380e-05
2.61096e-01 4.94452e+00 1.32726e-05
2.61096e-01 4.95969e+00 1.12502e-05
2.61096e-01 4.97246e+00 9.77628e-06
2.61096e-01 4.98281e+00 8.71658e-06
2.61096e-01 4.99074e+00 7.97929e-06
2.61096e-01 4.99623e+00 7.50324e-06
2.61096e-01 4.99928e+00 7.25019e-06
2.96953e-01 7.15683e-04 -1.64461e+00
2.96953e-01 3.77012e-03 -1.64459e+00
2.96953e-01 9.26216e-03 -1.64448e+00
2.96953e-01 1.71877e-02 -1.64418e+00
2.96953e-01 2.75390e-02 -1.64352e+00
2.96953e-01 4.03061e-02 -1.64227e+00
2.96953e-01 5.54766e-02 -1.64019e+00
2.96953e-01 7.30356e-02 -1.63696e+00
2.96953e-01 9.29659e-02 -1.63224e+00
2.96953e-01 1.15248e-01 -1.62565e+00
2.96953e-01 1.39860e-01 -1.61680e+00
2.96953e-01 1.66779e-01 -1.60527e+00
2.96953e-01 1.95977e-01 -1.59065e+00
2.96953e-01 2.27426e-01 -1.57254e+00
2.96953e-01 2.61096e-01 -1.55059e+00
2.96953e-01 2.96953e-01 -1.52447e+00
2.96953e-01 3.34963e-01 -1.49395e+00
2.96953e-01 3.75089e-01 -1.45886e+00
2.96953e-01 4.17290e-01 -1.41914e+00
2.96953e-01 4.61527e-01 -1.37482e+00
2.96953e-01 5.07755e-01 -1.32602e+00
2.96953e-01 5.55930e-01 -1.27294e+00
2.96953e-01 6.06005e-01 -1.21586e+00
2.96953e-01 6.57930e-01 -1.15510e+00
2.96953e-01 7.11655e-01 -1.09098e+00
2.96953e-01 7.67127e-01 -1.02388e+00
2.96953e-01 8.24292e-01 -9.54125e-01
2.96953e-01 8.83095e-01 -8.82059e-01
2.96953e-01 9.43478e-01 -8.07999e-01
2.96953e-01 1.00538e+00 -7.32250e-01
2.96953e-01 1.06875e+00 -6.55105e-01
2.96953e-01 1.13351e+00 -5.76848e-01
2.96953e-01 1.19960e+00 -4.97758e-01
2.96953e-01 1.26697e+00 -4.18113e-01
2.96953e-01 1.33555e+00 -3.38190e-01
2.96953e-01 1.40526e+00 -2.58265e-01
2.96953e-01 1.47604e+00 -1.78623e-01
2.96953e-01 1.54782e+00 -9.95607e-02
2.96953e-01 1.62053e+00 -2.14015e-02
2.96953e-01 1.69410e+00 5.54848e-02
2.96953e-01 1.76846e+00 1.30653e-01
2.96953e-01 1.84353e+00 2.03550e-01
2.96953e-01 1.91924e+00 2.73475e-01
2.96953e-01 1.99553e+00 3.39549e-01
2.96953e-01 2.07230e+00 4.00702e-01
2.96953e-01 2.14949e+00 4.55700e-01
2.96953e-01 2.22703e+00 5.03212e-01
2.96953e-01 2.30483e+00 5.41954e-01
2.96953e-01 2.38282e+00 5.70871e-01
2.96953e-01 2.46093e+00 5.89340e-01
2.96953e-01 2.53907e+00 5.97327e-01
2.96953e-01 2.61718e+00 5.95411e-01
2.96953e-01 2.69517e+00 5.84626e-01
2.96953e-01 2.77297e+00 5.66153e-01
2.96953e-01 2.85051e+00 5.40983e-01
2.96953e-01 2.92770e+00 5.09739e-01
2.96953e-01 3.00447e+00 4.72804e-01
2.96953e-01 3.08076e+00 4.30697e-01
2.96953e-01 3.15647e+00 3.84469e-01
2.96953e-01 3.23154e+00 3.35834e-01
2.96953e-01 3.30590e+00 2.86947e-01
2.96953e-01 3.37947e+00 2.39966e-01
2.96953e-01 3.45218e+00 1.96646e-01
2.96953e-01 3.52396e+00 1.58131e-01
2.96953e-01 3.59474e+00 1.24952e-01
2.96953e-01 3.66445e+00 9.71344e-02
2.96953e-01 3.73303e+00 7.43625e-02
2.96953e-01 3.80040e+00 5.61142e-02
2.96953e-01 3.86649e+00 4.17725e-02
2.96953e-01 3.93125e+00 3.07023e-02
2.96953e-01 3.99462e+00 2.22998e-02
2.96953e-01 4.05652e+00 1.60214e-02
2.96953e-01 4.11690e+00 1.13981e-02
2.96953e-01 4.17571e+00 8.03910e-03
2.96953e-01 4.23287e+00 5.62826e-03
2.96953e-01 4.28835e+00 3.91675e-03
2.96953e-01 4.34207e+00 2.71327e-03
2.96953e-01 4.39400e+00 1.87388e-03
2.96953e-01 4.44407e+00 1.29231e-03
2.96953e-01 4.49224e+00 8.91441e-04
2.96953e-01 4.53847e+00 6.16111e-04
2.96953e-01 4.58271e+00 4.27391e-04
2.96953e-01 4.62491e+00 2.98099e-04
2.96953e-01 4.66504e+00 2.09431e-04
2.96953e-01 4.70305e+00 1.48470e-04
2.96953e-01 4.73890e+00 1.06395e-04
2.96953e-01 4.77257e+00 7.72052e-05
2.96953e-01 4.80402e+00 5.68265e-05
2.96953e-01 4.83322e+00 4.24962e-05
2.96953e-01 4.86014e+00 3.23393e-05
2.96953e-01 4.88475e+00 2.50809e-05
2.96953e-01 4.90703e+00 1.98518e-05
2.96953e-01 4.92696e+00 1.60573e-05
2.96953e-01 4.94452e+00 1.32885e-05
2.96953e-01 4.95969e+00 1.12636e-05
2.96953e-01 4.97246e+00 9.78794e-06
2.96953e-01 4.98281e+00 8.72696e-06
2.96953e-01 4.99074e+00 7.98878e-06
2.96953e-01 4.99623e+00 7.51217e-06
2.96953e-01 4.99928e+00 7.25881e-06
3.34963e-01 7.15683e-04 -1.60589e+00
3.34963e-01 3.77012e-03 -1.60587e+00
3.34963e-01 9.26216e-03 -1.60578e+00
3.34963e-01 1.71877e-02 -1.60550e+00
3.34963e-01 2.75390e-02 -1.60489e+00
3.34963e-01 4.03061e-02 -1.60374e+00
3.34963e-01 5.54766e-02 -1.60181e+00
3.34963e-01 7.30356e-02 -1.59882e+00
3.34963e-01 9.29659e-02 -1.59446e+00
3.34963e-01 1.15248e-01 -1.58836e+00
3.34963e-01 1.39860e-01 -1.58016e+00
3.34963e-01 1.66779e-01 -1.56946e+00
3.34963e-01 1.95977e-01 -1.55586e+00
3.34963e-01 2.27426e-01 -1.53898e+00
3.34963e-01 2.61096e-01 -1.51845e+00
3.34963e-01 2.96953e-01 -1.49395e+00
3.34963e-01 3.34963e-01 -1.46520e+00
3.34963e-01 3.75089e-01 -1.43201e+00
3.34963e-01 4.17290e-01 -1.39428e+00
3.34963e-01 4.61527e-01 -1.35198e+00
3.34963e-01 5.07755e-01 -1.30518e+00
3.34963e-01 5.55930e-01 -1.25406e+00
3.34963e-01 6.06005e-01 -1.19884e+00
3.34963e-01 6.57930e-01 -1.13983e+00
3.34963e-01 7.11655e-01 -1.07734e+00
3.34963e-01 7.67127e-01 -1.01175e+00
3.34963e-01 8.24292e-01 -9.43389e-01
3.34963e-01 8.83095e-01 -8.72613e-01
3.34963e-01 9.43478e-01 -7.99754e-01
3.34963e-01 1.00538e+00 -7.25129e-01
3.34963e-01 1.06875e+00 -6.49040e-01
3.34963e-01 1.13351e+00 -5.71781e-01
3.34963e-01 1.19960e+00 -4.93635e-01
3.34963e-01 1.26697e+00 -4.14881e-01
3.34963e-01 1.33555e+00 -3.35794e-01
3.34963e-01 1.40526e+00 -2.56648e-01
3.34963e-01 1.47604e+00 -1.77724e-01
3.34963e-01 1.54782e+00 -9.93123e-02
3.34963e-01 1.62053e+00 -2.17303e-02
3.34963e-01 1.69410e+00 5.46573e-02
3.34963e-01 1.76846e+00 1.29410e-01
3.34963e-01 1.84353e+00 2.01977e-01
3.34963e-01 1.91924e+00 2.71659e-01
3.34963e-01 1.99553e+00 3.37575e-01
3.34963e-01 2.07230e+00 3.98654e-01
3.34963e-01 2.14949e+00 4.53653e-01
3.34963e-01 2.22703e+00 5.01235e-01
3.34963e-01 2.30483e+00 5.40104e-01
3.34963e-01 2.38282e+00 5.69192e-01
3.34963e-01 2.46093e+00 5.87866e-01
3.34963e-01 2.53907e+00 5.96077e-01
3.34963e-01 2.61718e+00 5.94390e-01
3.34963e-01 2.69517e+00 5.83829e-01
3.34963e-01 2.77297e+00 5.65564e-01
3.34963e-01 2.85051e+00 5.40579e-01
3.34963e-01 2.92770e+00 5.09492e-01
3.34963e-01 3.00447e+00 4.72684e-01
3.34963e-01 3.08076e+00 4.30675e-01
3.34963e-01 3.15647e+00 3.84518e-01
3.34963e-01 3.23154e+00 3.35929e-01
3.34963e-01 3.30590e+00 2.87069e-01
3.34963e-01 3.37947e+00 2.40099e-01
3.34963e-01 3.45218e+00 1.96778e-01
3.34963e-01 3.52396e+00 1.58255e-01
3.34963e-01 3.59474e+00 1.25061e-01
3.34963e-01 3.66445e+00 9.72280e-02
3.34963e-01 3.73303e+00 7.44400e-02
3.34963e-01 3.80040e+00 5.61765e-02
3.34963e-01 3.86649e+00 4.18214e-02
3.34963e-01 3.93125e+00 3.07398e-02
3.34963e-01 3.99462e+00 2.23280e-02
3.34963e-01 4.05652e+00 1.60422e-02
3.34963e-01 4.11690e+00 1.14133e-02
3.34963e-01 4.17571e+00 8.05003e-03
3.34963e-01 4.23287e+00 5.63603e-03
3.34963e-01 4.28835e+00 3.92223e-03
3.34963e-01 4.34207e+00 2.71710e-03
3.34963e-01 4.39400e+00 1.87655e-03
3.34963e-01 4.44407e+00 1.29416e-03
3.34963e-01 4.49224e+00 8.92721e-04
3.34963e-01 4.53847e+00 6.16998e-04
3.34963e-01 4.58271e+00 4.28007e-04
3.34963e-01 4.62491e+00 2.98529e-04
3.34963e-01 4.66504e+00 2.09733e-04
3.34963e-01 4.70305e+00 1.48684e-04
3.34963e-01 4.73890e+00 1.06548e-04
3.34963e-01 4.77257e+00 7.73159e-05
3.34963e-01 4.80402e+00 5.69079e-05
3.34963e-01 4.83322e+00 4.25569e-05
3.34963e-01 4.86014e+00 3.23854e-05
3.34963e-01 4.88475e+00 2.51165e-05
3.34963e-01 4.90703e+00 1.98800e-05
3.34963e-01 4.92696e+00 1.60800e-05
3.34963e-01 4.94452e+00 1.33073e-05
3.34963e-01 4.95969e+00 1.12795e-05
3.34963e-01 4.97246e+00 9.80172e-06
3.34963e-01 4.98281e+00 8.73923e-06
3.34963e-01 4.99074e+00 8.00000e-06
3.34963e-01 4.99623e+00 7.52271e-06
3.34963e-01 4.99928e+00 7.26899e-06
3.75089e-01 7.15683e-04 -1.56227e+00
3.75089e-01 3.77012e-03 -1.56226e+00
3.75089e-01 9.26216e-03 -1.56217e+00
3.75089e-01 1.71877e-02 -1.56191e+00
3.75089e-01 2.75390e-02 -1.56135e+00
3.75089e-01 4.03061e-02 -1.56030e+00
3.75089e-01 5.54766e-02 -1.55854e+00
3.75089e-01 7.30356e-02 -1.55580e+00
3.75089e-01 9.29659e-02 -1.55180e+00
3.75089e-01 1.15248e-01 -1.54621e+00
3.75089e-01 1.39860e-01 -1.53867e+00
3.75089e-01 1.66779e-01 -1.52882e+00
3.75089e-01 1.95977e-01 -1.51629e+00
3.75089e-01 2.27426e-01 -1.50069e+00
3.75089e-01 2.61096e-01 -1.48165e+00
3.75089e-01 2.96953e-01 -1.45886e+00
3.75089e-01 3.34963e-01 -1.43201e+00
3.75089e-01 3.75089e-01 -1.40089e+00
3.75089e-01 4.17290e-01 -1.36533e+00
3.75089e-01 4.61527e-01 -1.32526e+00
3.75089e-01 5.07755e-01 -1.28072e+00
3.75089e-01 5.55930e-01 -1.23181e+00
3.75089e-01 6.06005e-01 -1.17874e+00
3.75089e-01 6.57930e-01 -1.12175e+00
3.75089e-01 7.11655e-01 -1.06118e+00
3.75089e-01 7.67127e-01 -9.97357e-01
3.75089e-01 8.24292e-01 -9.30646e-01
3.75089e-01 8.83095e-01 -8.61401e-01
3.75089e-01 9.43478e-01 -7.89967e-01
3.75089e-01 1.00538e+00 -7.16675e-01
3.75089e-01 1.06875e+00 -6.41840e-01
3.75089e-01 1.13351e+00 -5.65764e-01
3.75089e-01 1.19960e+00 -4.88736e-01
3.75089e-01 1.26697e+00 -4.11037e-01
3.75089e-01 1.33555e+00 -3.32940e-01
3.75089e-01 1.40526e+00 -2.54717e-01
3.75089e-01 1.47604e+00 -1.76641e-01
3.75089e-01 1.54782e+00 -9.89986e-02
3.75089e-01 1.62053e+00 -2.20992e-02
3.75089e-01 1.69410e+00 5.36983e-02
3.75089e-01 1.76846e+00 1.27959e-01
3.75089e-01 1.84353e+00 2.00135e-01
3.75089e-01 1.91924e+00 2.69529e-01
3.75089e-01 1.99553e+00 3.35258e-01
3.75089e-01 2.07230e+00 3.96247e-01
3.75089e-01 2.14949e+00 4.51246e-01
3.75089e-01 2.22703e+00 4.98908e-01
3.75089e-01 2.30483e+00 5.37925e-01
3.75089e-01 2.38282e+00 5.67216e-01
3.75089e-01 2.46093e+00 5.86130e-01
3.75089e-01 2.53907e+00 5.94603e-01
3.75089e-01 2.61718e+00 5.93186e-01
3.75089e-01 2.69517e+00 5.82887e-01
3.75089e-01 2.77297e+00 5.64867e-01
3.75089e-01 2.85051e+00 5.40099e-01
3.75089e-01 2.92770e+00 5.09197e-01
3.75089e-01 3.00447e+00 4.72539e-01
3.75089e-01 3.08076e+00 4.30646e-01
3.75089e-01 3.15647e+00 3.84572e-01
3.75089e-01 3.23154e+00 3.36040e-01
3.75089e-01 3.30590e+00 2.87211e-01
3.75089e-01 3.37947e+00 2.40254e-01
3.75089e-01 3.45218e+00 1.96932e-01
3.75089e-01 3.52396e+00 1.58399e-01
3.75089e-01 3.59474e+00 1.25189e-01
3.75089e-01 3.66445e+00 9.73373e-02
3.75089e-01 3.73303e+00 7.45304e-02
3.75089e-01 3.80040e+00 5.62492e-02
3.75089e-01 3.86649e+00 4.18784e-02
3.75089e-01 3.93125e+00 3.07836e-02
3.75089e-01 3.99462e+00 2.23609e-02
3.75089e-01 4.05652e+00 1.60666e-02
3.75089e-01 4.11690e+00 1.14311e-02
3.75089e-01 4.17571e+00 8.06279e-03
3.75089e-01 4.23287e+00 5.64510e-03
3.75089e-01 4.28835e+00 3.92862e-03
3.75089e-01 4.34207e+00 2.72157e-03
3.75089e-01 4.39400e+00 1.87966e-03
3.75089e-01 4.44407e+00 1.29632e-03
3.75089e-01 4.49224e+00 8.94213e-04
3.75089e-01 4.53847e+00 6.18031e-04
3.75089e-01 4.58271e+00 4.28725e-04
3.75089e-01 4.62491e+00 2.99030e-04
3.75089e-01 4.66504e+00 2.10084e-04
3.75089e-01 4.70305e+00 1.48933e-04
3.75089e-01 4.73890e+00 1.06726e-04
3.75089e-01 4.77257e+00 7.74449e-05
3.75089e-01 4.80402e+00 5.70026e-05
3.75089e-01 4.83322e+00 4.26276e-05
3.75089e-01 4.86014e+00 3.24390e-05
3.75089e-01 4.88475e+00 2.51580e-05
3.75089e-01 4.90703e+00 1.99128e-05
3.75089e-01 4.92696e+00 1.61064e-05
3.75089e-01 4.94452e+00 1.33291e-05
3.75089e-01 4.95969e+00 1.12980e-05
3.75089e-01 4.97246e+00 9.81775e-06
3.75089e-01 4.98281e+00 8.75351e-06
3.75089e-01 4.99074e+00 8.01306e-06
3.75089e-01 4.99623e+00 7.53498e-06
3.75089e-01 4.99928e+00 7.28084e-06
4.17290e-01 7.15683e-04 -1.51391e+00
4.17290e-01 3.77012e-03 -1.51389e+00
4.17290e-01 9.26216e-03 -1.51381e+00
4.17290e-01 1.71877e-02 -1.51358e+00
4.17290e-01 2.75390e-02 -1.51307e+00
4.17290e-01 4.03061e-02 -1.51212e+00
4.17290e-01 5.54766e-02 -1.51051e+00
4.17290e-01 7.30356e-02 -1.50803e+00
4.17290e-01 9.29659e-02 -1.50439e+00
4.17290e-01 1.15248e-01 -1.49929e+00
4.17290e-01 1.39860e-01 -1.49243e+00
4.17290e-01 1.66779e-01 -1.48344e+00
4.17290e-01 1.95977e-01 -1.47197e+00
4.17290e-01 2.27426e-01 -1.45767e+00
4.17290e-01 2.61096e-01 -1.44017e+00
4.17290e-01 2.96953e-01 -1.41914e+00
4.17290e-01 3.34963e-01 -1.39428e+00
4.17290e-01 3.75089e-01 -1.36533e+00
4.17290e-01 4.17290e-01 -1.33209e+00
4.17290e-01 4.61527e-01 -1.29445e+00
4.17290e-01 5.07755e-01 -1.25239e+00
4.17290e-01 5.55930e-01 -1.20594e+00
4.17290e-01 6.06005e-01 -1.15528e+00
4.17290e-01 6.57930e-01 -1.10061e+00
4.17290e-01 7.11655e-01 -1.04223e+00
4.17290e-01 7.67127e-01 -9.80473e-01
4.17290e-01 8.24292e-01 -9.15685e-01
4.17290e-01 8.83095e-01 -8.48231e-01
4.17290e-01 9.43478e-01 -7.78470e-01
4.17290e-01 1.00538e+00 -7.06743e-01
4.17290e-01 1.06875e+00 -6.33381e-01
4.17290e-01 1.13351e+00 -5.58693e-01
4.17290e-01 1.19960e+00 -4.82975e-01
4.17290e-01 1.26697e+00 -4.06511e-01
4.17290e-01 1.33555e+00 -3.29573e-01
4.17290e-01 1.40526e+00 -2.52429e-01
4.17290e-01 1.47604e+00 -1.75346e-01
4.17290e-01 1.54782e+00 -9.86029e-02
4.17290e-01 1.62053e+00 -2.25020e-02
4.17290e-01 1.69410e+00 5.26052e-02
4.17290e-01 1.76846e+00 1.26290e-01
4.17290e-01 1.84353e+00 1.98008e-01
4.17290e-01 1.91924e+00 2.67063e-01
4.17290e-01 1.99553e+00 3.32572e-01
4.17290e-01 2.07230e+00 3.93453e-01
4.17290e-01 2.14949e+00 4.48450e-01
4.17290e-01 2.22703e+00 4.96204e-01
4.17290e-01 2.30483e+00 5.35392e-01
4.17290e-01 2.38282e+00 5.64916e-01
4.17290e-01 2.46093e+00 5.84108e-01
4.17290e-01 2.53907e+00 5.92886e-01
4.17290e-01 2.61718e+00 5.91782e-01
4.17290e-01 2.69517e+00 5.81788e-01
4.17290e-01 2.77297e+00 5.64052e-01
4.17290e-01 2.85051e+00 5.39537e-01
4.17290e-01 2.92770e+00 5.08850e-01
4.17290e-01 3.00447e+00 4.72367e-01
4.17290e-01 3.08076e+00 4.30609e-01
4.17290e-01 3.15647e+00 3.84632e-01
4.17290e-01 3.23154e+00 3.36164e-01
4.17290e-01 3.30590e+00 2.87373e-01
4.17290e-01 3.37947e+00 2.40432e-01
4.17290e-01 3.45218e+00 1.97109e-01
4.17290e-01 3.52396e+00 1.58564e-01
4.17290e-01 3.59474e+00 1.25336e-01
4.17290e-01 3.66445e+00 9.74631e-02
4.17290e-01 3.73303e+00 7.46345e-02
4.17290e-01 3.80040e+00 5.63329e-02
4.17290e-01 3.86649e+00 4.19441e-02
4.17290e-01 3.93125e+00 3.08340e-02
4.17290e-01 3.99462e+00 2.23989e-02
4.17290e-01 4.05652e+00 1.60947e-02
4.17290e-01 4.11690e+00 1.14515e-02
4.17290e-01 4.17571e+00 8.07748e-03
4.17290e-01 4.23287e+00 5.65555e-03
4.17290e-01 4.28835e+00 3.93597e-03
4.17290e-01 4.34207e+00 2.72672e-03
4.17290e-01 4.39400e+00 1.88323e-03
4.17290e-01 4.44407e+00 1.29880e-03
4.17290e-01 4.49224e+00 8.95929e-04
4.17290e-01 4.53847e+00 6.19219e-04
4.17290e-01 4.58271e+00 4.29550e-04
4.17290e-01 4.62491e+00 2.99605e-04
4.17290e-01 4.66504e+00 2.10488e-04
4.17290e-01 4.70305e+00 1.49218e-04
4.17290e-01 4.73890e+00 1.06931e-04
4.17290e-01 4.77257e+00 7.75930e-05
4.17290e-01 4.80402e+00 5.71113e-05
4.17290e-01 4.83322e+00 4.27087e-05
4.17290e-01 4.86014e+00 3.25006e-05
4.17290e-01 4.88475e+00 2.52057e-05
4.17290e-01 4.90703e+00 1.99504e-05
4.17290e-01 4.92696e+00 1.61368e-05
4.17290e-01 4.94452e+00 1.33541e-05
4.17290e-01 4.95969e+00 1.13192e-05
4.17290e-01 4.97246e+00 9.83614e-06
4.17290e-01 4.98281e+00 8.76988e-06
4.17290e-01 4.99074e+00 8.02803e-06
4.17290e-01 4.99623e+00 7.54904e-06
4.17290e-01 4.99928e+00 7.29442e-06
4.61527e-01 7.15683e-04 -1.46105e+00
4.61527e-01 3.77012e-03 -1.46104e+00
4.61527e-01 9.26216e-03 -1.46096e+00
4.61527e-01 1.71877e-02 -1.46075e+00
4.61527e-01 2.75390e-02 -1.46029e+00
4.61527e-01 4.03061e-02 -1.45943e+00
4.61527e-01 5.54766e-02 -1.45798e+00
4.61527e-01 7.30356e-02 -1.45574e+00
4.61527e-01 9.29659e-02 -1.45245e+00
4.61527e-01 1.15248e-01 -1.44784e+00
4.61527e-01 1.39860e-01 -1.44162e+00
4.61527e-01 1.66779e-01 -1.43347e+00
4.61527e-01 1.95977e-01 -1.42306e+00
4.61527e-01 2.27426e-01 -1.41004e+00
4.61527e-01 2.61096e-01 -1.39407e+00
4.61527e-01 2.96953e-01 -1.37482e+00
4.61527e-01 3.34963e-01 -1.35198e+00
4.61527e-01 3.75089e-01 -1.32526e+00
4.61527e-01 4.17290e-01 -1.29445e+00
4.61527e-01 4.61527e-01 -1.25939e+00
4.61527e-01 5.07755e-01 -1.21997e+00
4.61527e-01 5.55930e-01 -1.17622e+00
4.61527e-01 6.06005e-01 -1.12823e+00
4.61527e-01 6.57930e-01 -1.07616e+00
4.61527e-01 7.11655e-01 -1.02027e+00
4.61527e-01 7.67127e-01 -9.60862e-01
4.61527e-01 8.24292e-01 -8.98289e-01
4.61527e-01 8.83095e-01 -8.32910e-01
4.61527e-01 9.43478e-01 -7.65089e-01
4.61527e-01 1.00538e+00 -6.95183e-01
4.61527e-01 1.06875e+00 -6.23531e-01
4.61527e-01 1.13351e+00 -5.50456e-01
4.61527e-01 1.19960e+00 -4.76259e-01
4.61527e-01 1.26697e+00 -4.01228e-01
4.61527e-01 1.33555e+00 -3.25633e-01
4.61527e-01 1.40526e+00 -2.49738e-01
4.61527e-01 1.47604e+00 -1.73805e-01
4.61527e-01 1.54782e+00 -9.81035e-02
4.61527e-01 1.62053e+00 -2.29273e-02
4.61527e-01 1.69410e+00 5.13802e-02
4.61527e-01 1.76846e+00 1.24397e-01
4.61527e-01 1.84353e+00 1.95583e-01
4.61527e-01 1.91924e+00 2.64244e-01
4.61527e-01 1.99553e+00 3.29496e-01
4.61527e-01 2.07230e+00 3.90251e-01
4.61527e-01 2.14949e+00 4.45242e-01
4.61527e-01 2.22703e+00 4.93099e-01
4.61527e-01 2.30483e+00 5.32481e-01
4.61527e-01 2.38282e+00 5.62271e-01
4.61527e-01 2.46093e+00 5.81782e-01
4.61527e-01 2.53907e+00 5.90908e-01
4.61527e-01 2.61718e+00 5.90163e-01
4.61527e-01 2.69517e+00 5.80519e-01
4.61527e-01 2.77297e+00 5.63109e-01
4.61527e-01 2.85051e+00 5.38884e-01
4.61527e-01 2.92770e+00 5.08445e-01
4.61527e-01 3.00447e+00 4.72163e-01
4.61527e-01 3.08076e+00 4.30560e-01
4.61527e-01 3.15647e+00 3.84696e-01
4.61527e-01 3.23154e+00 3.36303e-01
4.61527e-01 3.30590e+00 2.87555e-01
4.61527e-01 3.37947e+00 2.40632e-01
4.61527e-01 3.45218e+00 1.97309e-01
4.61527e-01 3.52396e+00 1.58751e-01
4.61527e-01 3.59474e+00 1.25503e-01
4.61527e-01 3.66445e+00 9.76058e-02
4.61527e-01 3.73303e+00 7.47527e-02
4.61527e-01 3.80040e+00 5.64280e-02
4.61527e-01 3.86649e+00 4.20187e-02
4.61527e-01 3.93125e+00 3.08913e-02
4.61527e-01 3.99462e+00 2.24420e-02
4.61527e-01 4.05652e+00 1.61265e-02
4.61527e-01 4.11690e+00 1.14747e-02
4.61527e-01 4.17571e+00 8.09416e-03
4.61527e-01 4.23287e+00 5.66740e-03
4.61527e-01 4.28835e+00 3.94432e-03
4.61527e-01 4.34207e+00 2.73255e-03
4.61527e-01 4.39400e+00 1.88729e-03
4.61527e-01 4.44407e+00 1.30161e-03
4.61527e-01 4.49224e+00 8.97875e-04
4.61527e-01 4.53847e+00 6.20567e-04
4.61527e-01 4.58271e+00 4.30485e-04
4.61527e-01 4.62491e+00 3.00257e-04
4.61527e-01 4.66504e+00 2.10946e-04
4.61527e-01 4.70305e+00 1.49542e-04
4.61527e-01 4.73890e+00 1.07162e-04
4.61527e-01 4.77257e+00 7.77607e-05
4.61527e-01 4.80402e+00 5.72344e-05
4.61527e-01 4.83322e+00 4.28005e-05
4.61527e-01 4.86014e+00 3.25702e-05
4.61527e-01 4.88475e+00 2.52595e-05
4.61527e-01 4.90703e+00 1.99929e-05
4.61527e-01 4.92696e+00 1.61711e-05
4.61527e-01 4.94452e+00 1.33825e-05
4.61527e-01 4.95969e+00 1.13432e-05
4.61527e-01 4.97246e+00 9.85692e-06
4.61527e-01 4.98281e+00 8.78838e-06
4.61527e-01 4.99074e+00 8.04495e-06
4.61527e-01 4.99623e+00 7.56494e-06
4.61527e-01 4.99928e+00 7.30978e-06
5.07755e-01 7.15683e-04 -1.40400e+00
5.07755e-01 3.77012e-03 -1.40399e+00
5.07755e-01 9.26216e-03 -1.40393e+00
5.07755e-01 1.71877e-02 -1.40374e+00
5.07755e-01 2.75390e-02 -1.40333e+00
5.07755e-01 4.03061e-02 -1.40255e+00
5.07755e-01 5.54766e-02 -1.40125e+00
5.07755e-01 7.30356e-02 -1.39923e+00
5.07755e-01 9.29659e-02 -1.39627e+00
5.07755e-01 1.15248e-01 -1.39213e+00
5.07755e-01 1.39860e-01 -1.38653e+00
5.07755e-01 1.66779e-01 -1.37918e+00
5.07755e-01 1.95977e-01 -1.36978e+00
5.07755e-01 2.27426e-01 -1.35800e+00
5.07755e-01 2.61096e-01 -1.34352e+00
5.07755e-01 2.96953e-01 -1.32602e+00
5.07755e-01 3.34963e-01 -1.30518e+00
5.07755e-01 3.75089e-01 -1.28072e+00
5.07755e-01 4.17290e-01 -1.25239e+00
5.07755e-01 4.61527e-01 -1.21997e+00
5.07755e-01 5.07755e-01 -1.18336e+00
5.07755e-01 5.55930e-01 -1.14248e+00
5.07755e-01 6.06005e-01 -1.09737e+00
5.07755e-01 6.57930e-01 -1.04816e+00
5.07755e-01 7.11655e-01 -9.95046e-01
5.07755e-01 7.67127e-01 -9.38300e-01
5.07755e-01 8.24292e-01 -8.78247e-01
5.07755e-01 8.83095e-01 -8.15241e-01
5.07755e-01 9.43478e-01 -7.49650e-01
5.07755e-01 1.00538e+00 -6.81839e-01
5.07755e-01 1.06875e+00 -6.12158e-01
5.07755e-01 1.13351e+00 -5.40939e-01
5.07755e-01 1.19960e+00 -4.68492e-01
5.07755e-01 1.26697e+00 -3.95107e-01
5.07755e-01 1.33555e+00 -3.21055e-01
5.07755e-01 1.40526e+00 -2.46594e-01
5.07755e-01 1.47604e+00 -1.71980e-01
5.07755e-01 1.54782e+00 -9.74727e-02
5.07755e-01 1.62053e+00 -2.33573e-02
5.07755e-01 1.69410e+00 5.00323e-02
5.07755e-01 1.76846e+00 1.22281e-01
5.07755e-01 1.84353e+00 1.92856e-01
5.07755e-01 1.91924e+00 2.61064e-01
5.07755e-01 1.99553e+00 3.26017e-01
5.07755e-01 2.07230e+00 3.86623e-01
5.07755e-01 2.14949e+00 4.41603e-01
5.07755e-01 2.22703e+00 4.89572e-01
5.07755e-01 2.30483e+00 5.29172e-01
5.07755e-01 2.38282e+00 5.59263e-01
5.07755e-01 2.46093e+00 5.79133e-01
5.07755e-01 2.53907e+00 5.88655e-01
5.07755e-01 2.61718e+00 5.88316e-01
5.07755e-01 2.69517e+00 5.79070e-01
5.07755e-01 2.77297e+00 5.62030e-01
5.07755e-01 2.85051e+00 5.38135e-01
5.07755e-01 2.92770e+00 5.07976e-01
5.07755e-01 3.00447e+00 4.71922e-01
5.07755e-01 3.08076e+00 4.30496e-01
5.07755e-01 3.15647e+00 3.84761e-01
5.07755e-01 3.23154e+00 3.36454e-01
5.07755e-01 3.30590e+00 2.87757e-01
5.07755e-01 3.37947e+00 2.40855e-01
5.07755e-01 3.45218e+00 1.97532e-01
5.07755e-01 3.52396e+00 1.58960e-01
5.07755e-01 3.59474e+00 1.25689e-01
5.07755e-01 3.66445e+00 9.77657e-02
5.07755e-01 3.73303e+00 7.48852e-02
5.07755e-01 3.80040e+00 5.65346e-02
5.07755e-01 3.86649e+00 4.21024e-02
5.07755e-01 3.93125e+00 3.09555e-02
5.07755e-01 3.99462e+00 2.24903e-02
5.07755e-01 4.05652e+00 1.61623e-02
5.07755e-01 4.11690e+00 1.15007e-02
5.07755e-01 4.17571e+00 8.11286e-03
5.07755e-01 4.23287e+00 5.68069e-03
5.07755e-01 4.28835e+00 3.95367e-03
5.07755e-01 4.34207e+00 2.73909e-03
5.07755e-01 4.39400e+00 1.89183e-03
5.07755e-01 4.44407e+00 1.30476e-03
5.07755e-01 4.49224e+00 9.00052e-04
5.07755e-01 4.53847e+00 6.22074e-04
5.07755e-01 4.58271e+00 4.31530e-04
5.07755e-01 4.62491e+00 3.00986e-04
5.07755e-01 4.66504e+00 2.11457e-04
5.07755e-01 4.70305e+00 1.49904e-04
5.07755e-01 4.73890e+00 1.07421e-04
5.07755e-01 4.77257e+00 7.79478e-05
5.07755e-01 4.80402e+00 5.73718e-05
5.07755e-01 4.83322e+00 4.29029e-05
5.07755e-01 4.86014e+00 3.26479e-05
5.07755e-01 4.88475e+00 2.53196e-05
5.07755e-01 4.90703e+00 2.00403e-05
5.07755e-01 4.92696e+00 1.62093e-05
5.07755e-01 4.94452e+00 1.34141e-05
5.07755e-01 4.95969e+00 1.13699e-05
5.07755e-01 4.97246e+00 9.88009e-06
5.07755e-01 4.98281e+00 8.80900e-06
5.07755e-01 4.99074e+00 8.06380e-06
5.07755e-01 4.99623e+00 7.58265e-06
5.07755e-01 4.99928e+00 7.32688e-06
5.55930e-01 7.15683e-04 -1.34313e+00
5.55930e-01 3.77012e-03 -1.34312e+00
5.55930e-01 9.26216e-03 -1.34306e+00
5.55930e-01 1.71877e-02 -1.34289e+00
5.55930e-01 2.75390e-02 -1.34252e+00
5.55930e-01 4.03061e-02 -1.34182e+00
5.55930e-01 5.54766e-02 -1.34066e+00
5.55930e-01 7.30356e-02 -1.33885e+00
5.55930e-01 9.29659e-02 -1.33620e+00
5.55930e-01 1.15248e-01 -1.33249e+00
5.55930e-01 1.39860e-01 -1.32746e+00
5.55930e-01 1.66779e-01 -1.32087e+00
5.55930e-01 1.95977e-01 -1.31242e+00
5.55930e-01 2.27426e-01 -1.30182e+00
5.55930e-01 2.61096e-01 -1.28876e+00
5.55930e-01 2.96953e-01 -1.27294e+00
5.55930e-01 3.34963e-01 -1.25406e+00
5.55930e-01 3.75089e-01 -1.23181e+00
5.55930e-01 4.17290e-01 -1.20594e+00
5.55930e-01 4.61527e-01 -1.17622e+00
5.55930e-01 5.07755e-01 -1.14248e+00
5.55930e-01 5.55930e-01 -1.10460e+00
5.55930e-01 6.06005e-01 -1.06257e+00
5.55930e-01 6.57930e-01 -1.01645e+00
5.55930e-01 7.11655e-01 -9.66374e-01
5.55930e-01 7.67127e-01 -9.12578e-01
5.55930e-01 8.24292e-01 -8.55352e-01
5.55930e-01 8.83095e-01 -7.95030e-01
5.55930e-01 9.43478e-01 -7.31975e-01
5.55930e-01 1.00538e+00 -6.66552e-01
5.55930e-01 1.06875e+00 -5.99121e-01
5.55930e-01 1.13351e+00 -5.30022e-01
5.55930e-01 1.19960e+00 -4.59571e-01
5.55930e-01 1.26697e+00 -3.88062e-01
5.55930e-01 1.33555e+00 -3.15766e-01
5.55930e-01 1.40526e+00 -2.42938e-01
5.55930e-01 1.47604e+00 -1.69824e-01
5.55930e-01 1.54782e+00 -9.66748e-02
5.55930e-01 1.62053e+00 -2.37659e-02
5.55930e-01 1.69410e+00 4.85792e-02
5.55930e-01 1.76846e+00 1.19954e-01
5.55930e-01 1.84353e+00 1.89831e-01
5.55930e-01 1.91924e+00 2.57519e-01
5.55930e-01 1.99553e+00 3.22128e-01
5.55930e-01 2.07230e+00 3.82559e-01
5.55930e-01 2.14949e+00 4.37522e-01
5.55930e-01 2.22703e+00 4.85613e-01
5.55930e-01 2.30483e+00 5.25452e-01
5.55930e-01 2.38282e+00 5.55877e-01
5.55930e-01 2.46093e+00 5.76149e-01
5.55930e-01 2.53907e+00 5.86113e-01
5.55930e-01 2.61718e+00 5.86230e-01
5.55930e-01 2.69517e+00 5.77429e-01
5.55930e-01 2.77297e+00 5.60805e-01
5.55930e-01 2.85051e+00 5.37280e-01
5.55930e-01 2.92770e+00 5.07437e-01
5.55930e-01 3.00447e+00 4.71642e-01
5.55930e-01 3.08076e+00 4.30415e-01
5.55930e-01 3.15647e+00 3.84825e-01
5.55930e-01 3.23154e+00 3.36615e-01
5.55930e-01 3.30590e+00 2.87975e-01
5.55930e-01 3.37947e+00 2.41099e-01
5.55930e-01 3.45218e+00 1.97778e-01
5.55930e-01 3.52396e+00 1.59191e-01
5.55930e-01 3.59474e+00 1.25895e-01
5.55930e-01 3.66445e+00 9.79424e-02
5.55930e-01 3.73303e+00 7.50316e-02
5.55930e-01 3.80040e+00 5.66526e-02
5.55930e-01 3.86649e+00 4.21949e-02
5.55930e-01 3.93125e+00 3.10265e-02
5.55930e-01 3.99462e+00 2.25437e-02
5.55930e-01 4.05652e+00 1.62018e-02
5.55930e-01 4.11690e+00 1.15295e-02
5.55930e-01 4.17571e+00 8.13354e-03
5.55930e-01 4.23287e+00 5.69538e-03
5.55930e-01 4.28835e+00 3.96401e-03
5.55930e-01 4.34207e+00 2.74631e-03
5.55930e-01 4.39400e+00 1.89685e-03
5.55930e-01 4.44407e+00 1.30823e-03
5.55930e-01 4.49224e+00 9.02455e-04
5.55930e-01 4.53847e+00 6.23736e-04
5.55930e-01 4.58271e+00 4.32683e-04
5.55930e-01 4.62491e+00 3.01790e-04
5.55930e-01 4.66504e+00 2.12021e-04
5.55930e-01 4.70305e+00 1.50303e-04
5.55930e-01 4.73890e+00 1.07706e-04
5.55930e-01 4.77257e+00 7.81539e-05
5.55930e-01 4.80402e+00 5.75229e-05
5.55930e-01 4.83322e+00 4.30156e-05
5.55930e-01 4.86014e+00 3.27334e-05
5.55930e-01 4.88475e+00 2.53857e-05
5.55930e-01 4.90703e+00 2.00924e-05
5.55930e-01 4.92696e+00 1.62514e-05
5.55930e-01 4.94452e+00 1.34487e-05
5.55930e-01 4.95969e+00 1.13992e-05
5.55930e-01 4.97246e+00 9.90553e-06
5.55930e-01 4.98281e+00 8.83164e-06
5.55930e-01 4.99074e+00 8.08450e-06
5.55930e-01 4.99623e+00 7.60210e-06
5.55930e-01 4.99928e+00 7.34566e-06
6.06005e-01 7.15683e-04 -1.27878e+00
6.06005e-01 3.77012e-03 -1.27877e+00
6.06005e-01 9.26216e-03 -1.27872e+00
6.06005e-01 1.71877e-02 -1.27857e+00
6.06005e-01 2.75390e-02 -1.27823e+00
6.06005e-01 4.03061e-02 -1.27761e+00
6.06005e-01 5.54766e-02 -1.27657e+00
6.06005e-01 7.30356e-02 -1.27496e+00
6.06005e-01 9.29659e-02 -1.27259e+00
6.06005e-01 1.15248e-01 -1.26927e+00
6.06005e-01 1.39860e-01 -1.26478e+00
6.06005e-01 1.66779e-01 -1.25888e+00
6.06005e-01 1.95977e-01 -1.25131e+00
6.06005e-01 2.27426e-01 -1.24181e+00
6.06005e-01 2.61096e-01 -1.23009e+00
6.06005e-01 2.96953e-01 -1.21586e+00
6.06005e-01 3.34963e-01 -1.19884e+00
6.06005e-01 3.75089e-01 -1.17874e+00
6.06005e-01 4.17290e-01 -1.15528e+00
6.06005e-01 4.61527e-01 -1.12823e+00
6.06005e-01 5.07755e-01 -1.09737e+00
6.06005e-01 5.55930e-01 -1.06257e+00
6.06005e-01 6.06005e-01 -1.02375e+00
6.06005e-01 6.57930e-01 -9.80889e-01
6.06005e-01 7.11655e-01 -9.34090e-01
6.06005e-01 7.67127e-01 -8.83517e-01
6.06005e-01 8.24292e-01 -8.29417e-01
6.06005e-01 8.83095e-01 -7.72093e-01
6.06005e-01 9.43478e-01 -7.11888e-01
6.06005e-01 1.00538e+00 -6.49162e-01
6.06005e-01 1.06875e+00 -5.84277e-01
6.06005e-01 1.13351e+00 -5.17577e-01
6.06005e-01 1.19960e+00 -4.49386e-01
6.06005e-01 1.26697e+00 -3.79999e-01
6.06005e-01 1.33555e+00 -3.09687e-01
6.06005e-01 1.40526e+00 -2.38701e-01
6.06005e-01 1.47604e+00 -1.67280e-01
6.06005e-01 1.54782e+00 -9.56636e-02
6.06005e-01 1.62053e+00 -2.41162e-02
6.06005e-01 1.69410e+00 4.70495e-02
6.06005e-01 1.76846e+00 1.17437e-01
6.06005e-01 1.84353e+00 1.86523e-01
6.06005e-01 1.91924e+00 2.53620e-01
6.06005e-01 1.99553e+00 3.17836e-01
6.06005e-01 2.07230e+00 3.78063e-01
6.06005e-01 2.14949e+00 4.32997e-01
6.06005e-01 2.22703e+00 4.81216e-01
6.06005e-01 2.30483e+00 5.21316e-01
6.06005e-01 2.38282e+00 5.52109e-01
6.06005e-01 2.46093e+00 5.72824e-01
6.06005e-01 2.53907e+00 5.83276e-01
6.06005e-01 2.61718e+00 5.83898e-01
6.06005e-01 2.69517e+00 5.75591e-01
6.06005e-01 2.77297e+00 5.59428e-01
6.06005e-01 2.85051e+00 5.36315e-01
6.06005e-01 2.92770e+00 5.06824e-01
6.06005e-01 3.00447e+00 4.71315e-01
6.06005e-01 3.08076e+00 4.30311e-01
6.06005e-01 3.15647e+00 3.84883e-01
6.06005e-01 3.23154e+00 3.36784e-01
6.06005e-01 3.30590e+00 2.88208e-01
6.06005e-01 3.37947e+00 2.41361e-01
6.06005e-01 3.45218e+00 1.98044e-01
6.06005e-01 3.52396e+00 1.59442e-01
6.06005e-01 3.59474e+00 1.26120e-01
6.06005e-01 3.66445e+00 9.81349e-02
6.06005e-01 3.73303e+00 7.51913e-02
6.06005e-01 3.80040e+00 5.67812e-02
6.06005e-01 3.86649e+00 4.22960e-02
6.06005e-01 3.93125e+00 3.11041e-02
6.06005e-01 3.99462e+00 2.26021e-02
6.06005e-01 4.05652e+00 1.62449e-02
6.06005e-01 4.11690e+00 1.15609e-02
6.06005e-01 4.17571e+00 8.15609e-03
6.06005e-01 4.23287e+00 5.71139e-03
6.06005e-01 4.28835e+00 3.97528e-03
6.06005e-01 4.34207e+00 2.75418e-03
6.06005e-01 4.39400e+00 1.90232e-03
6.06005e-01 4.44407e+00 1.31201e-03
6.06005e-01 4.49224e+00 9.05069e-04
6.06005e-01 4.53847e+00 6.25544e-04
6.06005e-01 4.58271e+00 4.33937e-04
6.06005e-01 4.62491e+00 3.02663e-04
6.06005e-01 4.66504e+00 2.12633e-04
6.06005e-01 4.70305e+00 1.50735e-04
6.06005e-01 4.73890e+00 1.08015e-04
6.06005e-01 4.77257e+00 7.83774e-05
6.06005e-01 4.80402e+00 5.76868e-05
6.06005e-01 4.83322e+00 4.31377e-05
6.06005e-01 4.86014e+00 3.28259e-05
6.06005e-01 4.88475e+00 2.54572e-05
6.06005e-01 4.90703e+00 2.01488e-05
6.06005e-01 4.92696e+00 1.62969e-05
6.06005e-01 4.94452e+00 1.34863e-05
6.06005e-01 4.95969e+00 1.14309e-05
6.06005e-01 4.97246e+00 9.93304e-06
6.06005e-01 4.98281e+00 8.85613e-06
6.06005e-01 4.99074e+00 8.10688e-06
6.06005e-01 4.99623e+00 7.62312e-06
6.06005e-01 4.99928e+00 7.36597e-06
6.57930e-01 7.15683e-04 -1.21131e+00
6.57930e-01 3.77012e-03 -1.21130e+00
6.57930e-01 9.26216e-03 -1.21126e+00
6.57930e-01 1.71877e-02 -1.21112e+00
6.57930e-01 2.75390e-02 -1.21083e+00
6.57930e-01 4.03061e-02 -1.21028e+00
6.57930e-01 5.54766e-02 -1.20935e+00
6.57930e-01 7.30356e-02 -1.20791e+00
6.57930e-01 9.29659e-02 -1.20580e+00
6.57930e-01 1.15248e-01 -1.20284e+00
6.57930e-01 1.39860e-01 -1.19883e+00
6.57930e-01 1.66779e-01 -1.19357e+00
6.57930e-01 1.95977e-01 -1.18681e+00
6.57930e-01 2.27426e-01 -1.17832e+00
6.57930e-01 2.61096e-01 -1.16784e+00
6.57930e-01 2.96953e-01 -1.15510e+00
6.57930e-01 3.34963e-01 -1.13983e+00
6.57930e-01 3.75089e-01 -1.12175e+00
6.57930e-01 4.17290e-01 -1.10061e+00
6.57930e-01 4.61527e-01 -1.07616e+00
6.57930e-01 5.07755e-01 -1.04816e+00
6.57930e-01 5.55930e-01 -1.01645e+00
6.57930e-01 6.06005e-01 -9.80889e-01
6.57930e-01 6.57930e-01 -9.41429e-01
6.57930e-01 7.11655e-01 -8.98089e-01
6.57930e-01 7.67127e-01 -8.50977e-01
6.57930e-01 8.24292e-01 -8.00280e-01
6.57930e-01 8.83095e-01 -7.46257e-01
6.57930e-01 9.43478e-01 -6.89218e-01
6.57930e-01 1.00538e+00 -6.29507e-01
6.57930e-01 1.06875e+00 -5.67476e-01
6.57930e-01 1.13351e+00 -5.03472e-01
6.57930e-01 1.19960e+00 -4.37818e-01
6.57930e-01 1.26697e+00 -3.70813e-01
6.57930e-01 1.33555e+00 -3.02727e-01
6.57930e-01 1.40526e+00 -2.33806e-01
6.57930e-01 1.47604e+00 -1.64280e-01
6.57930e-01 1.54782e+00 -9.43803e-02
6.57930e-01 1.62053e+00 -2.43577e-02
6.57930e-01 1.69410e+00 4.54861e-02
6.57930e-01 1.76846e+00 1.14764e-01
6.57930e-01 1.84353e+00 1.82961e-01
6.57930e-01 1.91924e+00 2.49391e-01
6.57930e-01 1.99553e+00 3.13159e-01
6.57930e-01 2.07230e+00 3.73148e-01
6.57930e-01 2.14949e+00 4.28039e-01
6.57930e-01 2.22703e+00 4.76389e-01
6.57930e-01 2.30483e+00 5.16769e-01
6.57930e-01 2.38282e+00 5.47959e-01
6.57930e-01 2.46093e+00 5.69156e-01
6.57930e-01 2.53907e+00 5.80142e-01
6.57930e-01 2.61718e+00 5.81316e-01
6.57930e-01 2.69517e+00 5.73551e-01
6.57930e-01 2.77297e+00 5.57894e-01
6.57930e-01 2.85051e+00 5.35234e-01
6.57930e-01 2.92770e+00 5.06129e-01
6.57930e-01 3.00447e+00 4.70937e-01
6.57930e-01 3.08076e+00 4.30178e-01
6.57930e-01 3.15647e+00 3.84932e-01
6.57930e-01 3.23154e+00 3.36954e-01
6.57930e-01 3.30590e+00 2.88452e-01
6.57930e-01 3.37947e+00 2.41639e-01
6.57930e-01 3.45218e+00 1.98327e-01
6.57930e-01 3.52396e+00 1.59709e-01
6.57930e-01 3.59474e+00 1.26360e-01
6.57930e-01 3.66445e+00 9.83415e-02
6.57930e-01 3.73303e+00 7.53629e-02
6.57930e-01 3.80040e+00 5.69196e-02
6.57930e-01 3.86649e+00 4.24046e-02
6.57930e-01 3.93125e+00 3.11875e-02
6.57930e-01 3.99462e+00 2.26648e-02
6.57930e-01 4.05652e+00 1.62913e-02
6.57930e-01 4.11690e+00 1.15947e-02
6.57930e-01 4.17571e+00 8.18033e-03
6.57930e-01 4.23287e+00 5.72860e-03
6.57930e-01 4.28835e+00 3.98738e-03
6.57930e-01 4.34207e+00 2.76262e-03
6.57930e-01 4.39400e+00 1.90818e-03
6.57930e-01 4.44407e+00 1.31607e-03
6.57930e-01 4.49224e+00 9.07871e-04
6.57930e-01 4.53847e+00 6.27481e-04
6.57930e-01 4.58271e+00 4.35279e-04
6.57930e-01 4.62491e+00 3.03597e-04
6.57930e-01 4.66504e+00 2.13287e-04
6.57930e-01 4.70305e+00 1.51198e-04
6.57930e-01 4.73890e+00 1.08345e-04
6.57930e-01 4.77257e+00 7.86159e-05
6.57930e-01 4.80402e+00 5.78617e-05
6.57930e-01 4.83322e+00 4.32679e-05
6.57930e-01 4.86014e+00 3.29246e-05
6.57930e-01 4.88475e+00 2.55334e-05
6.57930e-01 4.90703e+00 2.02089e-05
6.57930e-01 4.92696e+00 1.63453e-05
6.57930e-01 4.94452e+00 1.35262e-05
6.57930e-01 4.95969e+00 1.14647e-05
6.57930e-01 4.97246e+00 9.96231e-06
6.57930e-01 4.98281e+00 8.88217e-06
6.57930e-01 4.99074e+00 8.13068e-06
6.57930e-01 4.99623e+00 7.64548e-06
6.57930e-01 4.99928e+00 7.38755e-06
7.11655e-01 7.15683e-04 -1.14107e+00
7.11655e-01 3.77012e-03 -1.14106e+00
7.11655e-01 9.26216e-03 -1.14102e+00
7.11655e-01 1.71877e-02 -1.14090e+00
7.11655e-01 2.75390e-02 -1.14064e+00
7.11655e-01 4.03061e-02 -1.14015e+00
7.11655e-01 5.54766e-02 -1.13932e+00
7.11655e-01 7.30356e-02 -1.13804e+00
7.11655e-01 9.29659e-02 -1.13616e+00
7.11655e-01 1.15248e-01 -1.13353e+00
7.11655e-01 1.39860e-01 -1.12996e+00
7.11655e-01 1.66779e-01 -1.12528e+00
7.11655e-01 1.95977e-01 -1.11926e+00
7.11655e-01 2.27426e-01 -1.11170e+00
7.11655e-01 2.61096e-01 -1.10235e+00
7.11655e-01 2.96953e-01 -1.09098e+00
7.11655e-01 3.34963e-01 -1.07734e+00
7.11655e-01 3.75089e-01 -1.06118e+00
7.11655e-01 4.17290e-01 -1.04223e+00
7.11655e-01 4.61527e-01 -1.02027e+00
7.11655e-01 5.07755e-01 -9.95046e-01
7.11655e-01 5.55930e-01 -9.66374e-01
7.11655e-01 6.06005e-01 -9.34090e-01
7.11655e-01 6.57930e-01 -8.98089e-01
7.11655e-01 7.11655e-01 -8.58336e-01
7.11655e-01 7.67127e-01 -8.14871e-01
7.11655e-01 8.24292e-01 -7.67817e-01
7.11655e-01 8.83095e-01 -7.17375e-01
7.11655e-01 9.43478e-01 -6.63808e-01
7.11655e-01 1.00538e+00 -6.07428e-01
7.11655e-01 1.06875e+00 -5.48568e-01
7.11655e-01 1.13351e+00 -4.87565e-01
7.11655e-01 1.19960e+00 -4.24740e-01
7.11655e-01 1.26697e+00 -3.60390e-01
7.11655e-01 1.33555e+00 -2.94783e-01
7.11655e-01 1.40526e+00 -2.28159e-01
7.11655e-01 1.47604e+00 -1.60742e-01
7.11655e-01 1.54782e+00 -9.27499e-02
7.11655e-01 1.62053e+00 -2.44232e-02
7.11655e-01 1.69410e+00 4.39493e-02
7.11655e-01 1.76846e+00 1.11991e-01
7.11655e-01 1.84353e+00 1.79194e-01
7.11655e-01 1.91924e+00 2.44874e-01
7.11655e-01 1.99553e+00 3.08134e-01
7.11655e-01 2.07230e+00 3.67845e-01
7.11655e-01 2.14949e+00 4.22674e-01
7.11655e-01 2.22703e+00 4.71154e-01
7.11655e-01 2.30483e+00 5.11827e-01
7.11655e-01 2.38282e+00 5.43440e-01
7.11655e-01 2.46093e+00 5.65155e-01
7.11655e-01 2.53907e+00 5.76716e-01
7.11655e-01 2.61718e+00 5.78487e-01
7.11655e-01 2.69517e+00 5.71309e-01
7.11655e-01 2.77297e+00 5.56201e-01
7.11655e-01 2.85051e+00 5.34032e-01
7.11655e-01 2.92770e+00 5.05349e-01
7.11655e-01 3.00447e+00 4.70501e-01
7.11655e-01 3.08076e+00 4.30011e-01
7.11655e-01 3.15647e+00 3.84963e-01
7.11655e-01 3.23154e+00 3.37120e-01
7.11655e-01 3.30590e+00 2.88701e-01
7.11655e-01 3.37947e+00 2.41928e-01
7.11655e-01 3.45218e+00 1.98622e-01
7.11655e-01 3.52396e+00 1.59991e-01
7.11655e-01 3.59474e+00 1.26613e-01
7.11655e-01 3.66445e+00 9.85597e-02
7.11655e-01 3.73303e+00 7.55444e-02
7.11655e-01 3.80040e+00 5.70660e-02
7.11655e-01 3.86649e+00 4.25197e-02
7.11655e-01 3.93125e+00 3.12758e-02
7.11655e-01 3.99462e+00 2.27313e-02
7.11655e-01 4.05652e+00 1.63404e-02
7.11655e-01 4.11690e+00 1.16304e-02
7.11655e-01 4.17571e+00 8.20598e-03
7.11655e-01 4.23287e+00 5.74680e-03
7.11655e-01 4.28835e+00 4.00017e-03
7.11655e-01 4.34207e+00 2.77155e-03
7.11655e-01 4.39400e+00 1.91437e-03
7.11655e-01 4.44407e+00 1.32035e-03
7.11655e-01 4.49224e+00 9.10825e-04
7.11655e-01 4.53847e+00 6.29521e-04
7.11655e-01 4.58271e+00 4.36691e-04
7.11655e-01 4.62491e+00 3.04579e-04
7.11655e-01 4.66504e+00 2.13975e-04
7.11655e-01 4.70305e+00 1.51683e-04
7.11655e-01 4.73890e+00 1.08691e-04
7.11655e-01 4.77257e+00 7.88662e-05
7.11655e-01 4.80402e+00 5.80450e-05
7.11655e-01 4.83322e+00 4.34043e-05
7.11655e-01 4.86014e+00 3.30279e-05
7.11655e-01 4.88475e+00 2.56132e-05
7.11655e-01 4.90703e+00 2.02718e-05
7.11655e-01 4.92696e+00 1.63959e-05
7.11655e-01 4.94452e+00 1.35680e-05
7.11655e-01 4.95969e+00 1.15000e-05
7.11655e-01 4.97246e+00 9.99287e-06
7.11655e-01 4.98281e+00 8.90936e-06
7.11655e-01 4.99074e+00 8.15552e-06
7.11655e-01 4.99623e+00 7.66881e-06
7.11655e-01 4.99928e+00 7.41008e-06
7.67127e-01 7.15683e-04 -1.06836e+00
7.67127e-01 3.77012e-03 -1.06835e+00
7.67127e-01 9.26216e-03 -1.06832e+00
7.67127e-01 1.71877e-02 -1.06821e+00
7.67127e-01 2.75390e-02 -1.06798e+00
7.67127e-01 4.03061e-02 -1.06754e+00
7.67127e-01 5.54766e-02 -1.06681e+00
7.67127e-01 7.30356e-02 -1.06567e+00
7.67127e-01 9.29659e-02 -1.06401e+00
7.67127e-01 1.15248e-01 -1.06167e+00
7.67127e-01 1.39860e-01 -1.05850e+00
7.67127e-01 1.66779e-01 -1.05434e+00
7.67127e-01 1.95977e-01 -1.04900e+00
7.67127e-01 2.27426e-01 -1.04228e+00
7.67127e-01 2.61096e-01 -1.03398e+00
7.67127e-01 2.96953e-01 -1.02388e+00
7.67127e-01 3.34963e-01 -1.01175e+00
7.67127e-01 3.75089e-01 -9.97357e-01
7.67127e-01 4.17290e-01 -9.80473e-01
7.67127e-01 4.61527e-01 -9.60862e-01
7.67127e-01 5.07755e-01 -9.38300e-01
7.67127e-01 5.55930e-01 -9.12578e-01
7.67127e-01 6.06005e-01 -8.83517e-01
7.67127e-01 6.57930e-01 -8.50977e-01
7.67127e-01 7.11655e-01 -8.14871e-01
7.67127e-01 7.67127e-01 -7.75178e-01
7.67127e-01 8.24292e-01 -7.31956e-01
7.67127e-01 8.83095e-01 -6.85335e-01
7.67127e-01 9.43478e-01 -6.35522e-01
7.67127e-01 1.00538e+00 -5.82777e-01
7.67127e-01 1.06875e+00 -5.27401e-01
7.67127e-01 1.13351e+00 -4.69709e-01
7.67127e-01 1.19960e+00 -4.10011e-01
7.67127e-01 1.26697e+00 -3.48599e-01
7.67127e-01 1.33555e+00 -2.85733e-01
7.67127e-01 1.40526e+00 -2.21650e-01
7.67127e-01 1.47604e+00 -1.56562e-01
7.67127e-01 1.54782e+00 -9.06777e-02
7.67127e-01 1.62053e+00 -2.42248e-02
7.67127e-01 1.69410e+00 4.25207e-02
7.67127e-01 1.76846e+00 1.09193e-01
7.67127e-01 1.84353e+00 1.75291e-01
7.67127e-01 1.91924e+00 2.40133e-01
7.67127e-01 1.99553e+00 3.02817e-01
7.67127e-01 2.07230e+00 3.62206e-01
7.67127e-01 2.14949e+00 4.16947e-01
7.67127e-01 2.22703e+00 4.65549e-01
7.67127e-01 2.30483e+00 5.06523e-01
7.67127e-01 2.38282e+00 5.38579e-01
7.67127e-01 2.46093e+00 5.60841e-01
7.67127e-01 2.53907e+00 5.73014e-01
7.67127e-01 2.61718e+00 5.75421e-01
7.67127e-01 2.69517e+00 5.68870e-01
7.67127e-01 2.77297e+00 5.54350e-01
7.67127e-01 2.85051e+00 5.32708e-01
7.67127e-01 2.92770e+00 5.04477e-01
7.67127e-01 3.00447e+00 4.70001e-01
7.67127e-01 3.08076e+00 4.29802e-01
7.67127e-01 3.15647e+00 3.84969e-01
7.67127e-01 3.23154e+00 3.37275e-01
7.67127e-01 3.30590e+00 2.88946e-01
7.67127e-01 3.37947e+00 2.42219e-01
7.67127e-01 3.45218e+00 1.98925e-01
7.67127e-01 3.52396e+00 1.60280e-01
7.67127e-01 3.59474e+00 1.26875e-01
7.67127e-01 3.66445e+00 9.87860e-02
7.67127e-01 3.73303e+00 7.57329e-02
7.67127e-01 3.80040e+00 5.72182e-02
7.67127e-01 3.86649e+00 4.26394e-02
7.67127e-01 3.93125e+00 3.13678e-02
7.67127e-01 3.99462e+00 2.28005e-02
7.67127e-01 4.05652e+00 1.63916e-02
7.67127e-01 4.11690e+00 1.16676e-02
7.67127e-01 4.17571e+00 8.23265e-03
7.67127e-01 4.23287e+00 5.76571e-03
7.67127e-01 4.28835e+00 4.01345e-03
7.67127e-01 4.34207e+00 2.78080e-03
7.67127e-01 4.39400e+00 1.92079e-03
7.67127e-01 4.44407e+00 1.32478e-03
7.67127e-01 4.49224e+00 9.13881e-04
7.67127e-01 4.53847e+00 6.31629e-04
7.67127e-01 4.58271e+00 4.38150e-04
7.67127e-01 4.62491e+00 3.05593e-04
7.67127e-01 4.66504e+00 2.14684e-04
7.67127e-01 4.70305e+00 1.52183e-04
7.67127e-01 4.73890e+00 1.09048e-04
7.67127e-01 4.77257e+00 7.91234e-05
7.67127e-01 4.80402e+00 5.82332e-05
7.67127e-01 4.83322e+00 4.35443e-05
7.67127e-01 4.86014e+00 3.31339e-05
7.67127e-01 4.88475e+00 2.56949e-05
7.67127e-01 4.90703e+00 2.03362e-05
7.67127e-01 4.92696e+00 1.64478e-05
7.67127e-01 4.94452e+00 1.36107e-05
7.67127e-01 4.95969e+00 1.15360e-05
7.67127e-01 4.97246e+00 1.00241e-05
7.67127e-01 4.98281e+00 8.93714e-06
7.67127e-01 4.99074e+00 8.18090e-06
7.67127e-01 4.99623e+00 7.69264e-06
7.67127e-01 4.99928e+00 7.43309e-06
8.24292e-01 7.15683e-04 -9.93473e-01
8.24292e-01 3.77012e-03 -9.93467e-01
8.24292e-01 9.26216e-03 -9.93435e-01
8.24292e-01 1.71877e-02 -9.93341e-01
8.24292e-01 2.75390e-02 -9.93135e-01
8.24292e-01 4.03061e-02 -9.92749e-01
8.24292e-01 5.54766e-02 -9.92102e-01
8.24292e-01 7.30356e-02 -9.91097e-01
8.24292e-01 9.29659e-02 -9.89622e-01
8.24292e-01 1.15248e-01 -9.87555e-01
8.24292e-01 1.39860e-01 -9.84756e-01
8.24292e-01 1.66779e-01 -9.81075e-01
8.24292e-01 1.95977e-01 -9.76350e-01
8.24292e-01 2.27426e-01 -9.70408e-01
8.24292e-01 2.61096e-01 -9.63064e-01
8.24292e-01 2.96953e-01 -9.54125e-01
8.24292e-01 3.34963e-01 -9.43389e-01
8.24292e-01 3.75089e-01 -9.30646e-01
8.24292e-01 4.17290e-01 -9.15685e-01
8.24292e-01 4.61527e-01 -8.98289e-01
8.24292e-01 5.07755e-01 -8.78247e-01
8.24292e-01 5.55930e-01 -8.55352e-01
8.24292e-01 6.06005e-01 -8.29417e-01
8.24292e-01 6.57930e-01 -8.00280e-01
8.24292e-01 7.11655e-01 -7.67817e-01
8.24292e-01 7.67127e-01 -7.31956e-01
8.24292e-01 8.24292e-01 -6.92688e-01
8.24292e-01 8.83095e-01 -6.50075e-01
8.24292e-01 9.43478e-01 -6.04252e-01
8.24292e-01 1.00538e+00 -5.55419e-01
8.24292e-01 1.06875e+00 -5.03826e-01
8.24292e-01 1.13351e+00 -4.49751e-01
8.24292e-01 1.19960e+00 -3.93483e-01
8.24292e-01 1.26697e+00 -3.35295e-01
8.24292e-01 1.33555e+00 -2.75441e-01
8.24292e-01 1.40526e+00 -2.14147e-01
8.24292e-01 1.47604e+00 -1.51616e-01
8.24292e-01 1.54782e+00 -8.80453e-02
8.24292e-01 1.62053e+00 -2.36495e-02
8.24292e-01 1.69410e+00 4.13076e-02
8.24292e-01 1.76846e+00 1.06471e-01
8.24292e-01 1.84353e+00 1.71347e-01
8.24292e-01 1.91924e+00 2.35256e-01
8.24292e-01 1.99553e+00 2.97293e-01
8.24292e-01 2.07230e+00 3.56307e-01
8.24292e-01 2.14949e+00 4.10927e-01
8.24292e-01 2.22703e+00 4.59634e-01
8.24292e-01 2.30483e+00 5.00907e-01
8.24292e-01 2.38282e+00 5.33418e-01
8.24292e-01 2.46093e+00 5.56248e-01
8.24292e-01 2.53907e+00 5.69059e-01
8.24292e-01 2.61718e+00 5.72134e-01
8.24292e-01 2.69517e+00 5.66243e-01
8.24292e-01 2.77297e+00 5.52344e-01
8.24292e-01 2.85051e+00 5.31260e-01
8.24292e-01 2.92770e+00 5.03509e-01
8.24292e-01 3.00447e+00 4.69429e-01
8.24292e-01 3.08076e+00 4.29541e-01
8.24292e-01 3.15647e+00 3.84940e-01
8.24292e-01 3.23154e+00 3.37407e-01
8.24292e-01 3.30590e+00 2.89179e-01
8.24292e-01 3.37947e+00 2.42504e-01
8.24292e-01 3.45218e+00 1.99226e-01
8.24292e-01 3.52396e+00 1.60571e-01
8.24292e-01 3.59474e+00 1.27139e-01
8.24292e-01 3.66445e+00 9.90154e-02
8.24292e-01 3.73303e+00 7.59245e-02
8.24292e-01 3.80040e+00 5.73732e-02
8.24292e-01 3.86649e+00 4.27614e-02
8.24292e-01 3.93125e+00 3.14615e-02
8.24292e-01 3.99462e+00 2.28710e-02
8.24292e-01 4.05652e+00 1.64436e-02
8.24292e-01 4.11690e+00 1.17055e-02
8.24292e-01 4.17571e+00 8.25980e-03
8.24292e-01 4.23287e+00 5.78494e-03
8.24292e-01 4.28835e+00 4.02695e-03
8.24292e-01 4.34207e+00 2.79020e-03
8.24292e-01 4.39400e+00 1.92729e-03
8.24292e-01 4.44407e+00 1.32927e-03
8.24292e-01 4.49224e+00 9.16974e-04
8.24292e-01 4.53847e+00 6.33761e-04
8.24292e-01 4.58271e+00 4.39623e-04
8.24292e-01 4.62491e+00 3.06615e-04
8.24292e-01 4.66504e+00 2.15398e-04
8.24292e-01 4.70305e+00 1.52687e-04
8.24292e-01 4.73890e+00 1.09406e-04
8.24292e-01 4.77257e+00 7.93815e-05
8.24292e-01 4.80402e+00 5.84220e-05
8.24292e-01 4.83322e+00 4.36845e-05
8.24292e-01 4.86014e+00 3.32399e-05
8.24292e-01 4.88475e+00 2.57766e-05
8.24292e-01 4.90703e+00 2.04004e-05
8.24292e-01 4.92696e+00 1.64995e-05
8.24292e-01 4.94452e+00 1.36533e-05
8.24292e-01 4.95969e+00 1.15720e-05
8.24292e-01 4.97246e+00 1.00552e-05
8.24292e-01 4.98281e+00 8.96479e-06
8.24292e-01 4.99074e+00 8.20615e-06
8.24292e-01 4.99623e+00 7.71634e-06
8.24292e-01 4.99928e+00 7.45597e-06
8.83095e-01 7.15683e-04 -9.16674e-01
8.83095e-01 3.77012e-03 -9.16669e-01
8.83095e-01 9.26216e-03 -9.16641e-01
8.83095e-01 1.71877e-02 -9.16559e-01
8.83095e-01 2.75390e-02 -9.16377e-01
8.83095e-01 4.03061e-02 -9.16038e-01
8.83095e-01 5.54766e-02 -9.15468e-01
8.83095e-01 7.30356e-02 -9.14584e-01
8.83095e-01 9.29659e-02 -9.13286e-01
8.83095e-01 1.15248e-01 -9.11467e-01
8.83095e-01 1.39860e-01 -9.09005e-01
8.83095e-01 1.66779e-01 -9.05767e-01
8.83095e-01 1.95977e-01 -9.01610e-01
8.83095e-01 2.27426e-01 -8.96383e-01
8.83095e-01 2.61096e-01 -8.89923e-01
8.83095e-01 2.96953e-01 -8.82059e-01
8.83095e-01 3.34963e-01 -8.72613e-01
8.83095e-01 3.75089e-01 -8.61401e-01
8.83095e-01 4.17290e-01 -8.48231e-01
8.83095e-01 4.61527e-01 -8.32910e-01
8.83095e-01 5.07755e-01 -8.15241e-01
8.83095e-01 5.55930e-01 -7.95030e-01
8.83095e-01 6.06005e-01 -7.72093e-01
8.83095e-01 6.57930e-01 -7.46257e-01
8.83095e-01 7.11655e-01 -7.17375e-01
8.83095e-01 7.67127e-01 -6.85335e-01
8.83095e-01 8.24292e-01 -6.50075e-01
8.83095e-01 8.83095e-01 -6.11589e-01
8.83095e-01 9.43478e-01 -5.69938e-01
8.83095e-01 1.00538e+00 -5.25249e-01
8.83095e-01 1.06875e+00 -4.77707e-01
8.83095e-01 1.13351e+00 -4.27538e-01
8.83095e-01 1.19960e+00 -3.74992e-01
8.83095e-01 1.26697e+00 -3.20316e-01
8.83095e-01 1.33555e+00 -2.63746e-01
8.83095e-01 1.40526e+00 -2.05494e-01
8.83095e-01 1.47604e+00 -1.45753e-01
8.83095e-01 1.54782e+00 -8.47056e-02
8.83095e-01 1.62053e+00 -2.25550e-02
8.83095e-01 1.69410e+00 4.04479e-02
8.83095e-01 1.76846e+00 1.03958e-01
8.83095e-01 1.84353e+00 1.67490e-01
8.83095e-01 1.91924e+00 2.30365e-01
8.83095e-01 1.99553e+00 2.91673e-01
8.83095e-01 2.07230e+00 3.50251e-01
8.83095e-01 2.14949e+00 4.04706e-01
8.83095e-01 2.22703e+00 4.53492e-01
8.83095e-01 2.30483e+00 4.95051e-01
8.83095e-01 2.38282e+00 5.28016e-01
8.83095e-01 2.46093e+00 5.51424e-01
8.83095e-01 2.53907e+00 5.64890e-01
8.83095e-01 2.61718e+00 5.68654e-01
8.83095e-01 2.69517e+00 5.63446e-01
8.83095e-01 2.77297e+00 5.50192e-01
8.83095e-01 2.85051e+00 5.29690e-01
8.83095e-01 2.92770e+00 5.02442e-01
8.83095e-01 3.00447e+00 4.68777e-01
8.83095e-01 3.08076e+00 4.29218e-01
8.83095e-01 3.15647e+00 3.84863e-01
8.83095e-01 3.23154e+00 3.37504e-01
8.83095e-01 3.30590e+00 2.89387e-01
8.83095e-01 3.37947e+00 2.42773e-01
8.83095e-01 3.45218e+00 1.99516e-01
8.83095e-01 3.52396e+00 1.60855e-01
8.83095e-01 3.59474e+00 1.27399e-01
8.83095e-01 3.66445e+00 9.92419e-02
8.83095e-01 3.73303e+00 7.61143e-02
8.83095e-01 3.80040e+00 5.75270e-02
8.83095e-01 3.86649e+00 4.28826e-02
8.83095e-01 3.93125e+00 3.15547e-02
8.83095e-01 3.99462e+00 2.29412e-02
8.83095e-01 4.05652e+00 1.64955e-02
8.83095e-01 4.11690e+00 1.17431e-02
8.83095e-01 4.17571e+00 8.28675e-03
8.83095e-01 4.23287e+00 5.80402e-03
8.83095e-01 4.28835e+00 4.04032e-03
8.83095e-01 4.34207e+00 2.79950e-03
8.83095e-01 4.39400e+00 1.93372e-03
8.83095e-01 4.44407e+00 1.33370e-03
8.83095e-01 4.49224e+00 9.20021e-04
8.83095e-01 4.53847e+00 6.35857e-04
8.83095e-01 4.58271e+00 4.41069e-04
8.83095e-01 4.62491e+00 3.07617e-04
8.83095e-01 4.66504e+00 2.16097e-04
8.83095e-01 4.70305e+00 1.53178e-04
8.83095e-01 4.73890e+00 1.09755e-04
8.83095e-01 4.77257e+00 7.96329e-05
8.83095e-01 4.80402e+00 5.86055e-05
8.83095e-01 4.83322e+00 4.38206e-05
8.83095e-01 4.86014e+00 3.33426e-05
8.83095e-01 4.88475e+00 2.58557e-05
8.83095e-01 4.90703e+00 2.04626e-05
8.83095e-01 4.92696e+00 1.65494e-05
8.83095e-01 4.94452e+00 1.36943e-05
8.83095e-01 4.95969e+00 1.16066e-05
8.83095e-01 4.97246e+00 1.00852e-05
8.83095e-01 4.98281e+00 8.99140e-06
8.83095e-01 4.99074e+00 8.23045e-06
8.83095e-01 4.99623e+00 7.73914e-06
8.83095e-01 4.99928e+00 7.47798e-06
9.43478e-01 7.15683e-04 -8.38220e-01
9.43478e-01 3.77012e-03 -8.38215e-01
9.43478e-01 9.26216e-03 -8.38191e-01
9.43478e-01 1.71877e-02 -8.38119e-01
9.43478e-01 2.75390e-02 -8.37960e-01
9.43478e-01 4.03061e-02 -8.37664e-01
9.43478e-01 5.54766e-02 -8.37166e-01
9.43478e-01 7.30356e-02 -8.36394e-01
9.43478e-01 9.29659e-02 -8.35261e-01
9.43478e-01 1.15248e-01 -8.33673e-01
9.43478e-01 1.39860e-01 -8.31522e-01
9.43478e-01 1.66779e-01 -8.28695e-01
9.43478e-01 1.95977e-01 -8.25066e-01
9.43478e-01 2.27426e-01 -8.20503e-01
9.43478e-01 2.61096e-01 -8.14863e-01
9.43478e-01 2.96953e-01 -8.07999e-01
9.43478e-01 3.34963e-01 -7.99754e-01
9.43478e-01 3.75089e-01 -7.89967e-01
9.43478e-01 4.17290e-01 -7.78470e-01
9.43478e-01 4.61527e-01 -7.65089e-01
9.43478e-01 5.07755e-01 -7.49650e-01
9.43478e-01 5.55930e-01 -7.31975e-01
9.43478e-01 6.06005e-01 -7.11888e-01
9.43478e-01 6.57930e-01 -6.89218e-01
9.43478e-01 7.11655e-01 -6.63808e-01
9.43478e-01 7.67127e-01 -6.35522e-01
9.43478e-01 8.24292e-01 -6.04252e-01
9.43478e-01 8.83095e-01 -5.69938e-01
9.43478e-01 9.43478e-01 -5.32569e-01
9.43478e-01 1.00538e+00 -4.92195e-01
9.43478e-01 1.06875e+00 -4.48925e-01
9.43478e-01 1.13351e+00 -4.02919e-01
9.43478e-01 1.19960e+00 -3.54368e-01
9.43478e-01 1.26697e+00 -3.03481e-01
9.43478e-01 1.33555e+00 -2.50464e-01
9.43478e-01 1.40526e+00 -1.95508e-01
9.43478e-01 1.47604e+00 -1.38790e-01
9.43478e-01 1.54782e+00 -8.04788e-02
9.43478e-01 1.62053e+00 -2.07642e-02
9.43478e-01 1.69410e+00 4.01147e-02
9.43478e-01 1.76846e+00 1.01824e-01
9.43478e-01 1.84353e+00 1.63883e-01
9.43478e-01 1.91924e+00 2.25615e-01
9.43478e-01 1.99553e+00 2.86104e-01
9.43478e-01 2.07230e+00 3.44173e-01
9.43478e-01 2.14949e+00 3.98408e-01
9.43478e-01 2.22703e+00 4.47232e-01
9.43478e-01 2.30483e+00 4.89052e-01
9.43478e-01 2.38282e+00 5.22456e-01
9.43478e-01 2.46093e+00 5.46435e-01
9.43478e-01 2.53907e+00 5.60558e-01
9.43478e-01 2.61718e+00 5.65018e-01
9.43478e-01 2.69517e+00 5.60505e-01
9.43478e-01 2.77297e+00 5.47909e-01
9.43478e-01 2.85051e+00 5.28002e-01
9.43478e-01 2.92770e+00 5.01271e-01
9.43478e-01 3.00447e+00 4.68035e-01
9.43478e-01 3.08076e+00 4.28819e-01
9.43478e-01 3.15647e+00 3.84724e-01
9.43478e-01 3.23154e+00 3.37550e-01
9.43478e-01 3.30590e+00 2.89555e-01
9.43478e-01 3.37947e+00 2.43009e-01
9.43478e-01 3.45218e+00 1.99781e-01
9.43478e-01 3.52396e+00 1.61120e-01
9.43478e-01 3.59474e+00 1.27645e-01
9.43478e-01 3.66445e+00 9.94576e-02
9.43478e-01 3.73303e+00 7.62960e-02
9.43478e-01 3.80040e+00 5.76748e-02
9.43478e-01 3.86649e+00 4.29993e-02
9.43478e-01 3.93125e+00 3.16445e-02
9.43478e-01 3.99462e+00 2.30087e-02
9.43478e-01 4.05652e+00 1.65454e-02
9.43478e-01 4.11690e+00 1.17793e-02
9.43478e-01 4.17571e+00 8.31267e-03
9.43478e-01 4.23287e+00 5.82235e-03
9.43478e-01 4.28835e+00 4.05314e-03
9.43478e-01 4.34207e+00 2.80840e-03
9.43478e-01 4.39400e+00 1.93986e-03
9.43478e-01 4.44407e+00 1.33792e-03
9.43478e-01 4.49224e+00 9.22918e-04
9.43478e-01 4.53847e+00 6.37846e-04
9.43478e-01 4.58271e+00 4.42437e-04
9.43478e-01 4.62491e+00 3.08563e-04
9.43478e-01 4.66504e+00 2.16755e-04
9.43478e-01 4.70305e+00 1.53640e-04
9.43478e-01 4.73890e+00 1.10083e-04
9.43478e-01 4.77257e+00 7.98680e-05
9.43478e-01 4.80402e+00 5.87767e-05
9.43478e-01 4.83322e+00 4.39473e-05
9.43478e-01 4.86014e+00 3.34381e-05
9.43478e-01 4.88475e+00 2.59290e-05
9.43478e-01 4.90703e+00 2.05201e-05
9.43478e-01 4.92696e+00 1.65955e-05
9.43478e-01 4.94452e+00 1.37323e-05
9.43478e-01 4.95969e+00 1.16385e-05
9.43478e-01 4.97246e+00 1.01128e-05
9.43478e-01 4.98281e+00 9.01588e-06
9.43478e-01 4.99074e+00 8.25277e-06
9.43478e-01 4.99623e+00 7.76008e-06
9.43478e-01 4.99928e+00 7.49818e-06
1.00538e+00 7.15683e-04 -7.58358e-01
1.00538e+00 3.77012e-03 -7.58354e-01
1.00538e+00 9.26216e-03 -7.58333e-01
1.00538e+00 1.71877e-02 -7.58271e-01
1.00538e+00 2.75390e-02 -7.58134e-01
1.00538e+00 4.03061e-02 -7.57877e-01
1.00538e+00 5.54766e-02 -7.57448e-01
1.00538e+00 7.30356e-02 -7.56780e-01
1.00538e+00 9.29659e-02 -7.55801e-01
1.00538e+00 1.15248e-01 -7.54429e-01
1.00538e+00 1.39860e-01 -7.52571e-01
1.00538e+00 1.66779e-01 -7.50128e-01
1.00538e+00 1.95977e-01 -7.46993e-01
1.00538e+00 2.27426e-01 -7.43051e-01
1.00538e+00 2.61096e-01 -7.38179e-01
1.00538e+00 2.96953e-01 -7.32250e-01
1.00538e+00 3.34963e-01 -7.25129e-01
1.00538e+00 3.75089e-01 -7.16675e-01
1.00538e+00 4.17290e-01 -7.06743e-01
1.00538e+00 4.61527e-01 -6.95183e-01
1.00538e+00 5.07755e-01 -6.81839e-01
1.00538e+00 5.55930e-01 -6.66552e-01
1.00538e+00 6.06005e-01 -6.49162e-01
1.00538e+00 6.57930e-01 -6.29507e-01
1.00538e+00 7.11655e-01 -6.07428e-01
1.00538e+00 7.67127e-01 -5.82777e-01
1.00538e+00 8.24292e-01 -5.55419e-01
1.00538e+00 8.83095e-01 -5.25249e-01
1.00538e+00 9.43478e-01 -4.92195e-01
1.00538e+00 1.00538e+00 -4.56234e-01
1.00538e+00 1.06875e+00 -4.17394e-01
1.00538e+00 1.13351e+00 -3.75755e-01
1.00538e+00 1.19960e+00 -3.31438e-01
1.00538e+00 1.26697e+00 -2.84595e-01
1.00538e+00 1.33555e+00 -2.35387e-01
1.00538e+00 1.40526e+00 -1.83974e-01
1.00538e+00 1.47604e+00 -1.30509e-01
1.00538e+00 1.54782e+00 -7.51472e-02
1.00538e+00 1.62053e+00 -1.80613e-02
1.00538e+00 1.69410e+00 4.05212e-02
1.00538e+00 1.76846e+00 1.00276e-01
1.00538e+00 1.84353e+00 1.60727e-01
1.00538e+00 1.91924e+00 2.21200e-01
1.00538e+00 1.99553e+00 2.80770e-01
1.00538e+00 2.07230e+00 3.38246e-01
1.00538e+00 2.14949e+00 3.92191e-01
1.00538e+00 2.22703e+00 4.40998e-01
1.00538e+00 2.30483e+00 4.83033e-01
1.00538e+00 2.38282e+00 5.16842e-01
1.00538e+00 2.46093e+00 5.41367e-01
1.00538e+00 2.53907e+00 5.56129e-01
1.00538e+00 2.61718e+00 5.61275e-01
1.00538e+00 2.69517e+00 5.57451e-01
1.00538e+00 2.77297e+00 5.45511e-01
1.00538e+00 2.85051e+00 5.26202e-01
1.00538e+00 2.92770e+00 4.99992e-01
1.00538e+00 3.00447e+00 4.67194e-01
1.00538e+00 3.08076e+00 4.28329e-01
1.00538e+00 3.15647e+00 3.84504e-01
1.00538e+00 3.23154e+00 3.37525e-01
1.00538e+00 3.30590e+00 2.89662e-01
1.00538e+00 3.37947e+00 2.43196e-01
1.00538e+00 3.45218e+00 2.00005e-01
1.00538e+00 3.52396e+00 1.61352e-01
1.00538e+00 3.59474e+00 1.27864e-01
1.00538e+00 3.66445e+00 9.96531e-02
1.00538e+00 3.73303e+00 7.64619e-02
1.00538e+00 3.80040e+00 5.78104e-02
1.00538e+00 3.86649e+00 4.31067e-02
1.00538e+00 3.93125e+00 3.17273e-02
1.00538e+00 3.99462e+00 2.30711e-02
1.00538e+00 4.05652e+00 1.65914e-02
1.00538e+00 4.11690e+00 1.18127e-02
1.00538e+00 4.17571e+00 8.33652e-03
1.00538e+00 4.23287e+00 5.83917e-03
1.00538e+00 4.28835e+00 4.06488e-03
1.00538e+00 4.34207e+00 2.81653e-03
1.00538e+00 4.39400e+00 1.94546e-03
1.00538e+00 4.44407e+00 1.34175e-03
1.00538e+00 4.49224e+00 9.25540e-04
1.00538e+00 4.53847e+00 6.39640e-04
1.00538e+00 4.58271e+00 4.43667e-04
1.00538e+00 4.62491e+00 3.09410e-04
1.00538e+00 4.66504e+00 2.17342e-04
1.00538e+00 4.70305e+00 1.54050e-04
1.00538e+00 4.73890e+00 1.10373e-04
1.00538e+00 4.77257e+00 8.00754e-05
1.00538e+00 4.80402e+00 5.89272e-05
1.00538e+00 4.83322e+00 4.40583e-05
1.00538e+00 4.86014e+00 3.35214e-05
1.00538e+00 4.88475e+00 2.59928e-05
1.00538e+00 4.90703e+00 2.05700e-05
1.00538e+00 4.92696e+00 1.66355e-05
1.00538e+00 4.94452e+00 1.37650e-05
1.00538e+00 4.95969e+00 1.16660e-05
1.00538e+00 4.97246e+00 1.01365e-05
1.00538e+00 4.98281e+00 9.03688e-06
1.00538e+00 4.99074e+00 8.27191e-06
1.00538e+00 4.99623e+00 7.77801e-06
1.00538e+00 4.99928e+00 7.51548e-06
1.06875e+00 7.15683e-04 -6.77338e-01
1.06875e+00 3.77012e-03 -6.77335e-01
1.06875e+00 9.26216e-03 -6.77317e-01
1.06875e+00 1.71877e-02 -6.77264e-01
1.06875e+00 2.75390e-02 -6.77147e-01
1.06875e+00 4.03061e-02 -6.76929e-01
1.06875e+00 5.54766e-02 -6.76563e-01
1.06875e+00 7.30356e-02 -6.75994e-01
1.06875e+00 9.29659e-02 -6.75161e-01
1.06875e+00 1.15248e-01 -6.73992e-01
1.06875e+00 1.39860e-01 -6.72410e-01
1.06875e+00 1.66779e-01 -6.70330e-01
1.06875e+00 1.95977e-01 -6.67660e-01
1.06875e+00 2.27426e-01 -6.64302e-01
1.06875e+00 2.61096e-01 -6.60154e-01
1.06875e+00 2.96953e-01 -6.55105e-01
1.06875e+00 3.34963e-01 -6.49040e-01
1.06875e+00 3.75089e-01 -6.41840e-01
1.06875e+00 4.17290e-01 -6.33381e-01
1.06875e+00 4.61527e-01 -6.23531e-01
1.06875e+00 5.07755e-01 -6.12158e-01
1.06875e+00 5.55930e-01 -5.99121e-01
1.06875e+00 6.06005e-01 -5.84277e-01
1.06875e+00 6.57930e-01 -5.67476e-01
1.06875e+00 7.11655e-01 -5.48568e-01
1.06875e+00 7.67127e-01 -5.27401e-01
1.06875e+00 8.24292e-01 -5.03826e-01
1.06875e+00 8.83095e-01 -4.77707e-01
1.06875e+00 9.43478e-01 -4.48925e-01
1.06875e+00 1.00538e+00 -4.17394e-01
1.06875e+00 1.06875e+00 -3.83064e-01
1.06875e+00 1.13351e+00 -3.45930e-01
1.06875e+00 1.19960e+00 -3.06032e-01
1.06875e+00 1.26697e+00 -2.63449e-01
1.06875e+00 1.33555e+00 -2.18280e-01
1.06875e+00 1.40526e+00 -1.70643e-01
1.06875e+00 1.47604e+00 -1.20657e-01
1.06875e+00 1.54782e+00 -6.84526e-02
1.06875e+00 1.62053e+00 -1.41873e-02
1.06875e+00 1.69410e+00 4.19247e-02
1.06875e+00 1.76846e+00 9.95675e-02
1.06875e+00 1.84353e+00 1.58271e-01
1.06875e+00 1.91924e+00 2.17358e-01
1.06875e+00 1.99553e+00 2.75897e-01
1.06875e+00 2.07230e+00 3.32681e-01
1.06875e+00 2.14949e+00 3.86250e-01
1.06875e+00 2.22703e+00 4.34962e-01
1.06875e+00 2.30483e+00 4.77147e-01
1.06875e+00 2.38282e+00 5.11303e-01
1.06875e+00 2.46093e+00 5.36327e-01
1.06875e+00 2.53907e+00 5.51689e-01
1.06875e+00 2.61718e+00 5.57487e-01
1.06875e+00 2.69517e+00 5.54326e-01
1.06875e+00 2.77297e+00 5.43024e-01
1.06875e+00 2.85051e+00 5.24300e-01
1.06875e+00 2.92770e+00 4.98604e-01
1.06875e+00 3.00447e+00 4.66240e-01
1.06875e+00 3.08076e+00 4.27729e-01
1.06875e+00 3.15647e+00 3.84180e-01
1.06875e+00 3.23154e+00 3.37407e-01
1.06875e+00 3.30590e+00 2.89687e-01
1.06875e+00 3.37947e+00 2.43311e-01
1.06875e+00 3.45218e+00 2.00170e-01
1.06875e+00 3.52396e+00 1.61535e-01
1.06875e+00 3.59474e+00 1.28044e-01
1.06875e+00 3.66445e+00 9.98166e-02
1.06875e+00 3.73303e+00 7.66027e-02
1.06875e+00 3.80040e+00 5.79266e-02
1.06875e+00 3.86649e+00 4.31992e-02
1.06875e+00 3.93125e+00 3.17988e-02
1.06875e+00 3.99462e+00 2.31250e-02
1.06875e+00 4.05652e+00 1.66312e-02
1.06875e+00 4.11690e+00 1.18415e-02
1.06875e+00 4.17571e+00 8.35706e-03
1.06875e+00 4.23287e+00 5.85361e-03
1.06875e+00 4.28835e+00 4.07492e-03
1.06875e+00 4.34207e+00 2.82345e-03
1.06875e+00 4.39400e+00 1.95020e-03
1.06875e+00 4.44407e+00 1.34499e-03
1.06875e+00 4.49224e+00 9.27737e-04
1.06875e+00 4.53847e+00 6.41134e-04
1.06875e+00 4.58271e+00 4.44685e-04
1.06875e+00 4.62491e+00 3.10106e-04
1.06875e+00 4.66504e+00 2.17822e-04
1.06875e+00 4.70305e+00 1.54383e-04
1.06875e+00 4.73890e+00 1.10606e-04
1.06875e+00 4.77257e+00 8.02415e-05
1.06875e+00 4.80402e+00 5.90469e-05
1.06875e+00 4.83322e+00 4.41460e-05
1.06875e+00 4.86014e+00 3.35868e-05
1.06875e+00 4.88475e+00 2.60426e-05
1.06875e+00 4.90703e+00 2.06087e-05
1.06875e+00 4.92696e+00 1.66663e-05
1.06875e+00 4.94452e+00 1.37901e-05
1.06875e+00 4.95969e+00 1.16870e-05
1.06875e+00 4.97246e+00 1.01545e-05
1.06875e+00 4.98281e+00 9.05284e-06
1.06875e+00 4.99074e+00 8.28641e-06
1.06875e+00 4.99623e+00 7.79158e-06
1.06875e+00 4.99928e+00 7.52855e-06
1.13351e+00 7.15683e-04 -5.95416e-01
1.13351e+00 3.77012e-03 -5.95413e-01
1.13351e+00 9.26216e-03 -5.95398e-01
1.13351e+00 1.71877e-02 -5.95354e-01
1.13351e+00 2.75390e-02 -5.95256e-01
1.13351e+00 4.03061e-02 -5.95074e-01
1.13351e+00 5.54766e-02 -5.94769e-01
1.13351e+00 7.30356e-02 -5.94294e-01
1.13351e+00 9.29659e-02 -5.93598e-01
1.13351e+00 1.15248e-01 -5.92622e-01
1.13351e+00 1.39860e-01 -5.91301e-01
1.13351e+00 1.66779e-01 -5.89564e-01
1.13351e+00 1.95977e-01 -5.87334e-01
1.13351e+00 2.27426e-01 -5.84530e-01
1.13351e+00 2.61096e-01 -5.81065e-01
1.13351e+00 2.96953e-01 -5.76848e-01
1.13351e+00 3.34963e-01 -5.71781e-01
1.13351e+00 3.75089e-01 -5.65764e-01
1.13351e+00 4.17290e-01 -5.58693e-01
1.13351e+00 4.61527e-01 -5.50456e-01
1.13351e+00 5.07755e-01 -5.40939e-01
1.13351e+00 5.55930e-01 -5.30022e-01
1.13351e+00 6.06005e-01 -5.17577e-01
1.13351e+00 6.57930e-01 -5.03472e-01
1.13351e+00 7.11655e-01 -4.87565e-01
1.13351e+00 7.67127e-01 -4.69709e-01
1.13351e+00 8.24292e-01 -4.49751e-01
1.13351e+00 8.83095e-01 -4.27538e-01
1.13351e+00 9.43478e-01 -4.02919e-01
1.13351e+00 1.00538e+00 -3.75755e-01
1.13351e+00 1.06875e+00 -3.45930e-01
1.13351e+00 1.13351e+00 -3.13359e-01
1.13351e+00 1.19960e+00 -2.77996e-01
1.13351e+00 1.26697e+00 -2.39832e-01
1.13351e+00 1.33555e+00 -1.98895e-01
1.13351e+00 1.40526e+00 -1.55239e-01
1.13351e+00 1.47604e+00 -1.08939e-01
1.13351e+00 1.54782e+00 -6.00937e-02
1.13351e+00 1.62053e+00 -8.83759e-03
1.13351e+00 1.69410e+00 4.46293e-02
1.13351e+00 1.76846e+00 1.00000e-01
1.13351e+00 1.84353e+00 1.56808e-01
1.13351e+00 1.91924e+00 2.14373e-01
1.13351e+00 1.99553e+00 2.71756e-01
1.13351e+00 2.07230e+00 3.27732e-01
1.13351e+00 2.14949e+00 3.80815e-01
1.13351e+00 2.22703e+00 4.29333e-01
1.13351e+00 2.30483e+00 4.71576e-01
1.13351e+00 2.38282e+00 5.05996e-01
1.13351e+00 2.46093e+00 5.31442e-01
1.13351e+00 2.53907e+00 5.47336e-01
1.13351e+00 2.61718e+00 5.53729e-01
1.13351e+00 2.69517e+00 5.51180e-01
1.13351e+00 2.77297e+00 5.40475e-01
1.13351e+00 2.85051e+00 5.22304e-01
1.13351e+00 2.92770e+00 4.97101e-01
1.13351e+00 3.00447e+00 4.65159e-01
1.13351e+00 3.08076e+00 4.26997e-01
1.13351e+00 3.15647e+00 3.83727e-01
1.13351e+00 3.23154e+00 3.37167e-01
1.13351e+00 3.30590e+00 2.89601e-01
1.13351e+00 3.37947e+00 2.43330e-01
1.13351e+00 3.45218e+00 2.00252e-01
1.13351e+00 3.52396e+00 1.61648e-01
1.13351e+00 3.59474e+00 1.28167e-01
1.13351e+00 3.66445e+00 9.99345e-02
1.13351e+00 3.73303e+00 7.67074e-02
1.13351e+00 3.80040e+00 5.80146e-02
1.13351e+00 3.86649e+00 4.32700e-02
1.13351e+00 3.93125e+00 3.18539e-02
1.13351e+00 3.99462e+00 2.31667e-02
1.13351e+00 4.05652e+00 1.66619e-02
1.13351e+00 4.11690e+00 1.18637e-02
1.13351e+00 4.17571e+00 8.37281e-03
1.13351e+00 4.23287e+00 5.86462e-03
1.13351e+00 4.28835e+00 4.08253e-03
1.13351e+00 4.34207e+00 2.82865e-03
1.13351e+00 4.39400e+00 1.95372e-03
1.13351e+00 4.44407e+00 1.34736e-03
1.13351e+00 4.49224e+00 9.29334e-04
1.13351e+00 4.53847e+00 6.42206e-04
1.13351e+00 4.58271e+00 4.45406e-04
1.13351e+00 4.62491e+00 3.10593e-04
1.13351e+00 4.66504e+00 2.18152e-04
1.13351e+00 4.70305e+00 1.54609e-04
1.13351e+00 4.73890e+00 1.10762e-04
1.13351e+00 4.77257e+00 8.03504e-05
1.13351e+00 4.80402e+00 5.91241e-05
1.13351e+00 4.83322e+00 4.42016e-05
1.13351e+00 4.86014e+00 3.36277e-05
1.13351e+00 4.88475e+00 2.60732e-05
1.13351e+00 4.90703e+00 2.06322e-05
1.13351e+00 4.92696e+00 1.66847e-05
1.13351e+00 4.94452e+00 1.38049e-05
1.13351e+00 4.95969e+00 1.16992e-05
1.13351e+00 4.97246e+00 1.01649e-05
1.13351e+00 4.98281e+00 9.06193e-06
1.13351e+00 4.99074e+00 8.29461e-06
1.13351e+00 4.99623e+00 7.79921e-06
1.13351e+00 4.99928e+00 7.53588e-06
1.19960e+00 7.15683e-04 -5.12855e-01
1.19960e+00 3.77012e-03 -5.12852e-01
1.19960e+00 9.26216e-03 -5.12840e-01
1.19960e+00 1.71877e-02 -5.12804e-01
1.19960e+00 2.75390e-02 -5.12725e-01
1.19960e+00 4.03061e-02 -5.12577e-01
1.19960e+00 5.54766e-02 -5.12329e-01
1.19960e+00 7.30356e-02 -5.11943e-01
1.19960e+00 9.29659e-02 -5.11378e-01
1.19960e+00 1.15248e-01 -5.10584e-01
1.19960e+00 1.39860e-01 -5.09511e-01
1.19960e+00 1.66779e-01 -5.08099e-01
1.19960e+00 1.95977e-01 -5.06286e-01
1.19960e+00 2.27426e-01 -5.04007e-01
1.19960e+00 2.61096e-01 -5.01189e-01
1.19960e+00 2.96953e-01 -4.97758e-01
1.19960e+00 3.34963e-01 -4.93635e-01
1.19960e+00 3.75089e-01 -4.88736e-01
1.19960e+00 4.17290e-01 -4.82975e-01
1.19960e+00 4.61527e-01 -4.76259e-01
1.19960e+00 5.07755e-01 -4.68492e-01
1.19960e+00 5.55930e-01 -4.59571e-01
1.19960e+00 6.06005e-01 -4.49386e-01
1.19960e+00 6.57930e-01 -4.37818e-01
1.19960e+00 7.11655e-01 -4.24740e-01
1.19960e+00 7.67127e-01 -4.10011e-01
1.19960e+00 8.24292e-01 -3.93483e-01
1.19960e+00 8.83095e-01 -3.74992e-01
1.19960e+00 9.43478e-01 -3.54368e-01
1.19960e+00 1.00538e+00 -3.31438e-01
1.19960e+00 1.06875e+00 -3.06032e-01
1.19960e+00 1.13351e+00 -2.77996e-01
1.19960e+00 1.19960e+00 -2.47199e-01
1.19960e+00 1.26697e+00 -2.13544e-01
1.19960e+00 1.33555e+00 -1.76973e-01
1.19960e+00 1.40526e+00 -1.37463e-01
1.19960e+00 1.47604e+00 -9.50300e-02
1.19960e+00 1.54782e+00 -4.97280e-02
1.19960e+00 1.62053e+00 -1.66196e-03
1.19960e+00 1.69410e+00 4.89870e-02
1.19960e+00 1.76846e+00 1.01922e-01
1.19960e+00 1.84353e+00 1.56679e-01
1.19960e+00 1.91924e+00 2.12575e-01
1.19960e+00 1.99553e+00 2.68659e-01
1.19960e+00 2.07230e+00 3.23691e-01
1.19960e+00 2.14949e+00 3.76157e-01
1.19960e+00 2.22703e+00 4.24354e-01
1.19960e+00 2.30483e+00 4.66532e-01
1.19960e+00 2.38282e+00 5.01101e-01
1.19960e+00 2.46093e+00 5.26862e-01
1.19960e+00 2.53907e+00 5.43187e-01
1.19960e+00 2.61718e+00 5.50085e-01
1.19960e+00 2.69517e+00 5.48071e-01
1.19960e+00 2.77297e+00 5.37897e-01
1.19960e+00 2.85051e+00 5.20227e-01
1.19960e+00 2.92770e+00 4.95477e-01
1.19960e+00 3.00447e+00 4.63932e-01
1.19960e+00 3.08076e+00 4.26106e-01
1.19960e+00 3.15647e+00 3.83112e-01
1.19960e+00 3.23154e+00 3.36771e-01
1.19960e+00 3.30590e+00 2.89372e-01
1.19960e+00 3.37947e+00 2.43221e-01
1.19960e+00 3.45218e+00 2.00223e-01
1.19960e+00 3.52396e+00 1.61669e-01
1.19960e+00 3.59474e+00 1.28213e-01
1.19960e+00 3.66445e+00 9.99905e-02
1.19960e+00 3.73303e+00 7.67629e-02
1.19960e+00 3.80040e+00 5.80642e-02
1.19960e+00 3.86649e+00 4.33114e-02
1.19960e+00 3.93125e+00 3.18867e-02
1.19960e+00 3.99462e+00 2.31917e-02
1.19960e+00 4.05652e+00 1.66803e-02
1.19960e+00 4.11690e+00 1.18769e-02
1.19960e+00 4.17571e+00 8.38210e-03
1.19960e+00 4.23287e+00 5.87101e-03
1.19960e+00 4.28835e+00 4.08684e-03
1.19960e+00 4.34207e+00 2.83152e-03
1.19960e+00 4.39400e+00 1.95561e-03
1.19960e+00 4.44407e+00 1.34859e-03
1.19960e+00 4.49224e+00 9.30130e-04
1.19960e+00 4.53847e+00 6.42717e-04
1.19960e+00 4.58271e+00 4.45732e-04
1.19960e+00 4.62491e+00 3.10800e-04
1.19960e+00 4.66504e+00 2.18283e-04
1.19960e+00 4.70305e+00 1.54693e-04
1.19960e+00 4.73890e+00 1.10815e-04
1.19960e+00 4.77257e+00 8.03841e-05
1.19960e+00 4.80402e+00 5.91455e-05
1.19960e+00 4.83322e+00 4.42152e-05
1.19960e+00 4.86014e+00 3.36363e-05
1.19960e+00 4.88475e+00 2.60787e-05
1.19960e+00 4.90703e+00 2.06356e-05
1.19960e+00 4.92696e+00 1.66868e-05
1.19960e+00 4.94452e+00 1.38061e-05
1.19960e+00 4.95969e+00 1.17000e-05
1.19960e+00 4.97246e+00 1.01653e-05
1.19960e+00 4.98281e+00 9.06206e-06
1.19960e+00 4.99074e+00 8.29459e-06
1.19960e+00 4.99623e+00 7.79911e-06
1.19960e+00 4.99928e+00 7.53574e-06
1.26697e+00 7.15683e-04 -4.29928e-01
1.26697e+00 3.77012e-03 -4.29926e-01
1.26697e+00 9.26216e-03 -4.29916e-01
1.26697e+00 1.71877e-02 -4.29888e-01
1.26697e+00 2.75390e-02 -4.29826e-01
1.26697e+00 4.03061e-02 -4.29711e-01
1.26697e+00 5.54766e-02 -4.29517e-01
1.26697e+00 7.30356e-02 -4.29215e-01
1.26697e+00 9.29659e-02 -4.28773e-01
1.26697e+00 1.15248e-01 -4.28153e-01
1.26697e+00 1.39860e-01 -4.27313e-01
1.26697e+00 1.66779e-01 -4.26209e-01
1.26697e+00 1.95977e-01 -4.24791e-01
1.26697e+00 2.27426e-01 -4.23007e-01
1.26697e+00 2.61096e-01 -4.20801e-01
1.26697e+00 2.96953e-01 -4.18113e-01
1.26697e+00 3.34963e-01 -4.14881e-01
1.26697e+00 3.75089e-01 -4.11037e-01
1.26697e+00 4.17290e-01 -4.06511e-01
1.26697e+00 4.61527e-01 -4.01228e-01
1.26697e+00 5.07755e-01 -3.95107e-01
1.26697e+00 5.55930e-01 -3.88062e-01
1.26697e+00 6.06005e-01 -3.79999e-01
1.26697e+00 6.57930e-01 -3.70813e-01
1.26697e+00 7.11655e-01 -3.60390e-01
1.26697e+00 7.67127e-01 -3.48599e-01
1.26697e+00 8.24292e-01 -3.35295e-01
1.26697e+00 8.83095e-01 -3.20316e-01
1.26697e+00 9.43478e-01 -3.03481e-01
1.26697e+00 1.00538e+00 -2.84595e-01
1.26697e+00 1.06875e+00 -2.63449e-01
1.26697e+00 1.13351e+00 -2.39832e-01
1.26697e+00 1.19960e+00 -2.13544e-01
1.26697e+00 1.26697e+00 -1.84402e-01
1.26697e+00 1.33555e+00 -1.52257e-01
1.26697e+00 1.40526e+00 -1.17002e-01
1.26697e+00 1.47604e+00 -7.85769e-02
1.26697e+00 1.54782e+00 -3.69778e-02
1.26697e+00 1.62053e+00 7.73101e-03
1.26697e+00 1.69410e+00 5.53939e-02
1.26697e+00 1.76846e+00 1.05727e-01
1.26697e+00 1.84353e+00 1.58271e-01
1.26697e+00 1.91924e+00 2.12337e-01
1.26697e+00 1.99553e+00 2.66963e-01
1.26697e+00 2.07230e+00 3.20890e-01
1.26697e+00 2.14949e+00 3.72581e-01
1.26697e+00 2.22703e+00 4.20299e-01
1.26697e+00 2.30483e+00 4.62256e-01
1.26697e+00 2.38282e+00 4.96821e-01
1.26697e+00 2.46093e+00 5.22750e-01
1.26697e+00 2.53907e+00 5.39372e-01
1.26697e+00 2.61718e+00 5.46650e-01
1.26697e+00 2.69517e+00 5.45062e-01
1.26697e+00 2.77297e+00 5.35325e-01
1.26697e+00 2.85051e+00 5.18080e-01
1.26697e+00 2.92770e+00 4.93724e-01
1.26697e+00 3.00447e+00 4.62535e-01
1.26697e+00 3.08076e+00 4.25022e-01
1.26697e+00 3.15647e+00 3.82296e-01
1.26697e+00 3.23154e+00 3.36179e-01
1.26697e+00 3.30590e+00 2.88960e-01
1.26697e+00 3.37947e+00 2.42947e-01
1.26697e+00 3.45218e+00 2.00052e-01
1.26697e+00 3.52396e+00 1.61569e-01
1.26697e+00 3.59474e+00 1.28160e-01
1.26697e+00 3.66445e+00 9.99656e-02
1.26697e+00 3.73303e+00 7.67543e-02
1.26697e+00 3.80040e+00 5.80637e-02
1.26697e+00 3.86649e+00 4.33143e-02
1.26697e+00 3.93125e+00 3.18904e-02
1.26697e+00 3.99462e+00 2.31949e-02
1.26697e+00 4.05652e+00 1.66827e-02
1.26697e+00 4.11690e+00 1.18785e-02
1.26697e+00 4.17571e+00 8.38297e-03
1.26697e+00 4.23287e+00 5.87138e-03
1.26697e+00 4.28835e+00 4.08690e-03
1.26697e+00 4.34207e+00 2.83139e-03
1.26697e+00 4.39400e+00 1.95540e-03
1.26697e+00 4.44407e+00 1.34835e-03
1.26697e+00 4.49224e+00 9.29895e-04
1.26697e+00 4.53847e+00 6.42507e-04
1.26697e+00 4.58271e+00 4.45553e-04
1.26697e+00 4.62491e+00 3.10651e-04
1.26697e+00 4.66504e+00 2.18162e-04
1.26697e+00 4.70305e+00 1.54595e-04
1.26697e+00 4.73890e+00 1.10738e-04
1.26697e+00 4.77257e+00 8.03222e-05
1.26697e+00 4.80402e+00 5.90960e-05
1.26697e+00 4.83322e+00 4.41755e-05
1.26697e+00 4.86014e+00 3.36042e-05
1.26697e+00 4.88475e+00 2.60523e-05
1.26697e+00 4.90703e+00 2.06137e-05
1.26697e+00 4.92696e+00 1.66683e-05
1.26697e+00 4.94452e+00 1.37903e-05
1.26697e+00 4.95969e+00 1.16862e-05
1.26697e+00 4.97246e+00 1.01530e-05
1.26697e+00 4.98281e+00 9.05090e-06
1.26697e+00 4.99074e+00 8.28423e-06
1.26697e+00 4.99623e+00 7.78927e-06
1.26697e+00 4.99928e+00 7.52618e-06
1.33555e+00 7.15683e-04 -3.46917e-01
1.33555e+00 3.77012e-03 -3.46915e-01
1.33555e+00 9.26216e-03 -3.46908e-01
1.33555e+00 1.71877e-02 -3.46888e-01
1.33555e+00 2.75390e-02 -3.46842e-01
1.33555e+00 4.03061e-02 -3.46757e-01
1.33555e+00 5.54766e-02 -3.46614e-01
1.33555e+00 7.30356e-02 -3.46392e-01
1.33555e+00 9.29659e-02 -3.46066e-01
1.33555e+00 1.15248e-01 -3.45609e-01
1.33555e+00 1.39860e-01 -3.44989e-01
1.33555e+00 1.66779e-01 -3.44175e-01
1.33555e+00 1.95977e-01 -3.43128e-01
1.33555e+00 2.27426e-01 -3.41810e-01
1.33555e+00 2.61096e-01 -3.40179e-01
1.33555e+00 2.96953e-01 -3.38190e-01
1.33555e+00 3.34963e-01 -3.35794e-01
1.33555e+00 3.75089e-01 -3.32940e-01
1.33555e+00 4.17290e-01 -3.29573e-01
1.33555e+00 4.61527e-01 -3.25633e-01
1.33555e+00 5.07755e-01 -3.21055e-01
1.33555e+00 5.55930e-01 -3.15766e-01
1.33555e+00 6.06005e-01 -3.09687e-01
1.33555e+00 6.57930e-01 -3.02727e-01
1.33555e+00 7.11655e-01 -2.94783e-01
1.33555e+00 7.67127e-01 -2.85733e-01
1.33555e+00 8.24292e-01 -2.75441e-01
1.33555e+00 8.83095e-01 -2.63746e-01
1.33555e+00 9.43478e-01 -2.50464e-01
1.33555e+00 1.00538e+00 -2.35387e-01
1.33555e+00 1.06875e+00 -2.18280e-01
1.33555e+00 1.13351e+00 -1.98895e-01
1.33555e+00 1.19960e+00 -1.76973e-01
1.33555e+00 1.26697e+00 -1.52257e-01
1.33555e+00 1.33555e+00 -1.24516e-01
1.33555e+00 1.40526e+00 -9.35502e-02
1.33555e+00 1.47604e+00 -5.92177e-02
1.33555e+00 1.54782e+00 -2.14428e-02
1.33555e+00 1.62053e+00 1.97640e-02
1.33555e+00 1.69410e+00 6.42825e-02
1.33555e+00 1.76846e+00 1.11848e-01
1.33555e+00 1.84353e+00 1.62007e-01
1.33555e+00 1.91924e+00 2.14068e-01
1.33555e+00 1.99553e+00 2.67056e-01
1.33555e+00 2.07230e+00 3.19694e-01
1.33555e+00 2.14949e+00 3.70419e-01
1.33555e+00 2.22703e+00 4.17463e-01
1.33555e+00 2.30483e+00 4.59006e-01
1.33555e+00 2.38282e+00 4.93375e-01
1.33555e+00 2.46093e+00 5.19287e-01
1.33555e+00 2.53907e+00 5.36029e-01
1.33555e+00 2.61718e+00 5.43525e-01
1.33555e+00 2.69517e+00 5.42217e-01
1.33555e+00 2.77297e+00 5.32793e-01
1.33555e+00 2.85051e+00 5.15868e-01
1.33555e+00 2.92770e+00 4.91828e-01
1.33555e+00 3.00447e+00 4.60939e-01
1.33555e+00 3.08076e+00 4.23706e-01
1.33555e+00 3.15647e+00 3.81235e-01
1.33555e+00 3.23154e+00 3.35345e-01
1.33555e+00 3.30590e+00 2.88320e-01
1.33555e+00 3.37947e+00 2.42469e-01
1.33555e+00 3.45218e+00 1.99701e-01
1.33555e+00 3.52396e+00 1.61316e-01
1.33555e+00 3.59474e+00 1.27980e-01
1.33555e+00 3.66445e+00 9.98385e-02
1.33555e+00 3.73303e+00 7.66643e-02
1.33555e+00 3.80040e+00 5.79997e-02
1.33555e+00 3.86649e+00 4.32683e-02
1.33555e+00 3.93125e+00 3.18572e-02
1.33555e+00 3.99462e+00 2.31707e-02
1.33555e+00 4.05652e+00 1.66649e-02
1.33555e+00 4.11690e+00 1.18654e-02
1.33555e+00 4.17571e+00 8.37325e-03
1.33555e+00 4.23287e+00 5.86421e-03
1.33555e+00 4.28835e+00 4.08161e-03
1.33555e+00 4.34207e+00 2.82751e-03
1.33555e+00 4.39400e+00 1.95255e-03
1.33555e+00 4.44407e+00 1.34627e-03
1.33555e+00 4.49224e+00 9.28376e-04
1.33555e+00 4.53847e+00 6.41398e-04
1.33555e+00 4.58271e+00 4.44743e-04
1.33555e+00 4.62491e+00 3.10059e-04
1.33555e+00 4.66504e+00 2.17727e-04
1.33555e+00 4.70305e+00 1.54274e-04
1.33555e+00 4.73890e+00 1.10498e-04
1.33555e+00 4.77257e+00 8.01420e-05
1.33555e+00 4.80402e+00 5.89590e-05
1.33555e+00 4.83322e+00 4.40699e-05
1.33555e+00 4.86014e+00 3.35216e-05
1.33555e+00 4.88475e+00 2.59868e-05
1.33555e+00 4.90703e+00 2.05607e-05
1.33555e+00 4.92696e+00 1.66246e-05
1.33555e+00 4.94452e+00 1.37536e-05
1.33555e+00 4.95969e+00 1.16546e-05
1.33555e+00 4.97246e+00 1.01252e-05
1.33555e+00 4.98281e+00 9.02588e-06
1.33555e+00 4.99074e+00 8.26116e-06
1.33555e+00 4.99623e+00 7.76747e-06
1.33555e+00 4.99928e+00 7.50506e-06
1.40526e+00 7.15683e-04 -2.64114e-01
1.40526e+00 3.77012e-03 -2.64113e-01
1.40526e+00 9.26216e-03 -2.64108e-01
1.40526e+00 1.71877e-02 -2.64094e-01
1.40526e+00 2.75390e-02 -2.64064e-01
1.40526e+00 4.03061e-02 -2.64007e-01
1.40526e+00 5.54766e-02 -2.63912e-01
1.40526e+00 7.30356e-02 -2.63763e-01
1.40526e+00 9.29659e-02 -2.63546e-01
1.40526e+00 1.15248e-01 -2.63241e-01
1.40526e+00 1.39860e-01 -2.62827e-01
1.40526e+00 1.66779e-01 -2.62282e-01
1.40526e+00 1.95977e-01 -2.61582e-01
1.40526e+00 2.27426e-01 -2.60699e-01
1.40526e+00 2.61096e-01 -2.59603e-01
1.40526e+00 2.96953e-01 -2.58265e-01
1.40526e+00 3.34963e-01 -2.56648e-01
1.40526e+00 3.75089e-01 -2.54717e-01
1.40526e+00 4.17290e-01 -2.52429e-01
1.40526e+00 4.61527e-01 -2.49738e-01
1.40526e+00 5.07755e-01 -2.46594e-01
1.40526e+00 5.55930e-01 -2.42938e-01
1.40526e+00 6.06005e-01 -2.38701e-01
1.40526e+00 6.57930e-01 -2.33806e-01
1.40526e+00 7.11655e-01 -2.28159e-01
1.40526e+00 7.67127e-01 -2.21650e-01
1.40526e+00 8.24292e-01 -2.14147e-01
1.40526e+00 8.83095e-01 -2.05494e-01
1.40526e+00 9.43478e-01 -1.95508e-01
1.40526e+00 1.00538e+00 -1.83974e-01
1.40526e+00 1.06875e+00 -1.70643e-01
1.40526e+00 1.13351e+00 -1.55239e-01
1.40526e+00 1.19960e+00 -1.37463e-01
1.40526e+00 1.26697e+00 -1.17002e-01
1.40526e+00 1.33555e+00 -9.35502e-02
1.40526e+00 1.40526e+00 -6.68269e-02
1.40526e+00 1.47604e+00 -3.66023e-02
1.40526e+00 1.54782e+00 -2.72085e-03
1.40526e+00 1.62053e+00 3.48729e-02
1.40526e+00 1.69410e+00 7.61057e-02
1.40526e+00 1.76846e+00 1.20741e-01
1.40526e+00 1.84353e+00 1.68338e-01
1.40526e+00 1.91924e+00 2.18203e-01
1.40526e+00 1.99553e+00 2.69351e-01
1.40526e+00 2.07230e+00 3.20486e-01
1.40526e+00 2.14949e+00 3.70021e-01
1.40526e+00 2.22703e+00 4.16161e-01
1.40526e+00 2.30483e+00 4.57052e-01
1.40526e+00 2.38282e+00 4.90991e-01
1.40526e+00 2.46093e+00 5.16656e-01
1.40526e+00 2.53907e+00 5.33299e-01
1.40526e+00 2.61718e+00 5.40810e-01
1.40526e+00 2.69517e+00 5.39600e-01
1.40526e+00 2.77297e+00 5.30329e-01
1.40526e+00 2.85051e+00 5.13595e-01
1.40526e+00 2.92770e+00 4.89769e-01
1.40526e+00 3.00447e+00 4.59108e-01
1.40526e+00 3.08076e+00 4.22110e-01
1.40526e+00 3.15647e+00 3.79875e-01
1.40526e+00 3.23154e+00 3.34212e-01
1.40526e+00 3.30590e+00 2.87399e-01
1.40526e+00 3.37947e+00 2.41736e-01
1.40526e+00 3.45218e+00 1.99129e-01
1.40526e+00 3.52396e+00 1.60875e-01
1.40526e+00 3.59474e+00 1.27644e-01
1.40526e+00 3.66445e+00 9.95847e-02
1.40526e+00 3.73303e+00 7.64736e-02
1.40526e+00 3.80040e+00 5.78571e-02
1.40526e+00 3.86649e+00 4.31622e-02
1.40526e+00 3.93125e+00 3.17784e-02
1.40526e+00 3.99462e+00 2.31125e-02
1.40526e+00 4.05652e+00 1.66222e-02
1.40526e+00 4.11690e+00 1.18341e-02
1.40526e+00 4.17571e+00 8.35055e-03
1.40526e+00 4.23287e+00 5.84778e-03
1.40526e+00 4.28835e+00 4.06978e-03
1.40526e+00 4.34207e+00 2.81903e-03
1.40526e+00 4.39400e+00 1.94649e-03
1.40526e+00 4.44407e+00 1.34194e-03
1.40526e+00 4.49224e+00 9.25292e-04
1.40526e+00 4.53847e+00 6.39198e-04
1.40526e+00 4.58271e+00 4.43170e-04
1.40526e+00 4.62491e+00 3.08930e-04
1.40526e+00 4.66504e+00 2.16911e-04
1.40526e+00 4.70305e+00 1.53680e-04
1.40526e+00 4.73890e+00 1.10063e-04
1.40526e+00 4.77257e+00 7.98190e-05
1.40526e+00 4.80402e+00 5.87164e-05
1.40526e+00 4.83322e+00 4.38851e-05
1.40526e+00 4.86014e+00 3.33785e-05
1.40526e+00 4.88475e+00 2.58740e-05
1.40526e+00 4.90703e+00 2.04702e-05
1.40526e+00 4.92696e+00 1.65505e-05
1.40526e+00 4.94452e+00 1.36916e-05
1.40526e+00 4.95969e+00 1.16015e-05
1.40526e+00 4.97246e+00 1.00788e-05
1.40526e+00 4.98281e+00 8.98422e-06
1.40526e+00 4.99074e+00 8.22284e-06
1.40526e+00 4.99623e+00 7.73132e-06
1.40526e+00 4.99928e+00 7.47006e-06
1.47604e+00 7.15683e-04 -1.81821e-01
1.47604e+00 3.77012e-03 -1.81820e-01
1.47604e+00 9.26216e-03 -1.81818e-01
1.47604e+00 1.71877e-02 -1.81810e-01
1.47604e+00 2.75390e-02 -1.81794e-01
1.47604e+00 4.03061e-02 -1.81763e-01
1.47604e+00 5.54766e-02 -1.81712e-01
1.47604e+00 7.30356e-02 -1.81631e-01
1.47604e+00 9.29659e-02 -1.81514e-01
1.47604e+00 1.15248e-01 -1.81349e-01
1.47604e+00 1.39860e-01 -1.81124e-01
1.47604e+00 1.66779e-01 -1.80828e-01
1.47604e+00 1.95977e-01 -1.80447e-01
1.47604e+00 2.27426e-01 -1.79964e-01
1.47604e+00 2.61096e-01 -1.79362e-01
1.47604e+00 2.96953e-01 -1.78623e-01
1.47604e+00 3.34963e-01 -1.77724e-01
1.47604e+00 3.75089e-01 -1.76641e-01
1.47604e+00 4.17290e-01 -1.75346e-01
1.47604e+00 4.61527e-01 -1.73805e-01
1.47604e+00 5.07755e-01 -1.71980e-01
1.47604e+00 5.55930e-01 -1.69824e-01
1.47604e+00 6.06005e-01 -1.67280e-01
1.47604e+00 6.57930e-01 -1.64280e-01
1.47604e+00 7.11655e-01 -1.60742e-01
1.47604e+00 7.67127e-01 -1.56562e-01
1.47604e+00 8.24292e-01 -1.51616e-01
1.47604e+00 8.83095e-01 -1.45753e-01
1.47604e+00 9.43478e-01 -1.38790e-01
1.47604e+00 1.00538e+00 -1.30509e-01
1.47604e+00 1.06875e+00 -1.20657e-01
1.47604e+00 1.13351e+00 -1.08939e-01
1.47604e+00 1.19960e+00 -9.50300e-02
1.47604e+00 1.26697e+00 -7.85769e-02
1.47604e+00 1.33555e+00 -5.92177e-02
1.47604e+00 1.40526e+00 -3.66023e-02
1.47604e+00 1.47604e+00 -1.04210e-02
1.47604e+00 1.54782e+00 1.95629e-02
1.47604e+00 1.62053e+00 5.34787e-02
1.47604e+00 1.69410e+00 9.13120e-02
1.47604e+00 1.76846e+00 1.32866e-01
1.47604e+00 1.84353e+00 1.77719e-01
1.47604e+00 1.91924e+00 2.25183e-01
1.47604e+00 1.99553e+00 2.74265e-01
1.47604e+00 2.07230e+00 3.23652e-01
1.47604e+00 2.14949e+00 3.71737e-01
1.47604e+00 2.22703e+00 4.16701e-01
1.47604e+00 2.30483e+00 4.56663e-01
1.47604e+00 2.38282e+00 4.89889e-01
1.47604e+00 2.46093e+00 5.15032e-01
1.47604e+00 2.53907e+00 5.31314e-01
1.47604e+00 2.61718e+00 5.38596e-01
1.47604e+00 2.69517e+00 5.37263e-01
1.47604e+00 2.77297e+00 5.27955e-01
1.47604e+00 2.85051e+00 5.11252e-01
1.47604e+00 2.92770e+00 4.87515e-01
1.47604e+00 3.00447e+00 4.56992e-01
1.47604e+00 3.08076e+00 4.20174e-01
1.47604e+00 3.15647e+00 3.78151e-01
1.47604e+00 3.23154e+00 3.32718e-01
1.47604e+00 3.30590e+00 2.86137e-01
1.47604e+00 3.37947e+00 2.40694e-01
1.47604e+00 3.45218e+00 1.98286e-01
1.47604e+00 3.52396e+00 1.60205e-01
1.47604e+00 3.59474e+00 1.27119e-01
1.47604e+00 3.66445e+00 9.91773e-02
1.47604e+00 3.73303e+00 7.61610e-02
1.47604e+00 3.80040e+00 5.76195e-02
1.47604e+00 3.86649e+00 4.29831e-02
1.47604e+00 3.93125e+00 3.16447e-02
1.47604e+00 3.99462e+00 2.30135e-02
1.47604e+00 4.05652e+00 1.65495e-02
1.47604e+00 4.11690e+00 1.17812e-02
1.47604e+00 4.17571e+00 8.31224e-03
1.47604e+00 4.23287e+00 5.82026e-03
1.47604e+00 4.28835e+00 4.05013e-03
1.47604e+00 4.34207e+00 2.80505e-03
1.47604e+00 4.39400e+00 1.93659e-03
1.47604e+00 4.44407e+00 1.33494e-03
1.47604e+00 4.49224e+00 9.20346e-04
1.47604e+00 4.53847e+00 6.35700e-04
1.47604e+00 4.58271e+00 4.40689e-04
1.47604e+00 4.62491e+00 3.07162e-04
1.47604e+00 4.66504e+00 2.15645e-04
1.47604e+00 4.70305e+00 1.52766e-04
1.47604e+00 4.73890e+00 1.09396e-04
1.47604e+00 4.77257e+00 7.93272e-05
1.47604e+00 4.80402e+00 5.83489e-05
1.47604e+00 4.83322e+00 4.36064e-05
1.47604e+00 4.86014e+00 3.31638e-05
1.47604e+00 4.88475e+00 2.57056e-05
1.47604e+00 4.90703e+00 2.03355e-05
1.47604e+00 4.92696e+00 1.64406e-05
1.47604e+00 4.94452e+00 1.35999e-05
1.47604e+00 4.95969e+00 1.15233e-05
1.47604e+00 4.97246e+00 1.00104e-05
1.47604e+00 4.98281e+00 8.92296e-06
1.47604e+00 4.99074e+00 8.16657e-06
1.47604e+00 4.99623e+00 7.67827e-06
1.47604e+00 4.99928e+00 7.41874e-06
1.54782e+00 7.15683e-04 -1.00356e-01
1.54782e+00 3.77012e-03 -1.00356e-01
1.54782e+00 9.26216e-03 -1.00355e-01
1.54782e+00 1.71877e-02 -1.00354e-01
1.54782e+00 2.75390e-02 -1.00350e-01
1.54782e+00 4.03061e-02 -1.00343e-01
1.54782e+00 5.54766e-02 -1.00331e-01
1.54782e+00 7.30356e-02 -1.00313e-01
1.54782e+00 9.29659e-02 -1.00286e-01
1.54782e+00 1.15248e-01 -1.00247e-01
1.54782e+00 1.39860e-01 -1.00194e-01
1.54782e+00 1.66779e-01 -1.00124e-01
1.54782e+00 1.95977e-01 -1.00031e-01
1.54782e+00 2.27426e-01 -9.99109e-02
1.54782e+00 2.61096e-01 -9.97568e-02
1.54782e+00 2.96953e-01 -9.95607e-02
1.54782e+00 3.34963e-01 -9.93123e-02
1.54782e+00 3.75089e-01 -9.89986e-02
1.54782e+00 4.17290e-01 -9.86029e-02
1.54782e+00 4.61527e-01 -9.81035e-02
1.54782e+00 5.07755e-01 -9.74727e-02
1.54782e+00 5.55930e-01 -9.66748e-02
1.54782e+00 6.06005e-01 -9.56636e-02
1.54782e+00 6.57930e-01 -9.43803e-02
1.54782e+00 7.11655e-01 -9.27499e-02
1.54782e+00 7.67127e-01 -9.06777e-02
1.54782e+00 8.24292e-01 -8.80453e-02
1.54782e+00 8.83095e-01 -8.47056e-02
1.54782e+00 9.43478e-01 -8.04788e-02
1.54782e+00 1.00538e+00 -7.51472e-02
1.54782e+00 1.06875e+00 -6.84526e-02
1.54782e+00 1.13351e+00 -6.00937e-02
1.54782e+00 1.19960e+00 -4.97280e-02
1.54782e+00 1.26697e+00 -3.69778e-02
1.54782e+00 1.33555e+00 -2.14428e-02
1.54782e+00 1.40526e+00 -2.72085e-03
1.54782e+00 1.47604e+00 1.95629e-02
1.54782e+00 1.54782e+00 4.57187e-02
1.54782e+00 1.62053e+00 7.59502e-02
1.54782e+00 1.69410e+00 1.10309e-01
1.54782e+00 1.76846e+00 1.48648e-01
1.54782e+00 1.84353e+00 1.90578e-01
1.54782e+00 1.91924e+00 2.35424e-01
1.54782e+00 1.99553e+00 2.82191e-01
1.54782e+00 2.07230e+00 3.29556e-01
1.54782e+00 2.14949e+00 3.75895e-01
1.54782e+00 2.22703e+00 4.19371e-01
1.54782e+00 2.30483e+00 4.58080e-01
1.54782e+00 2.38282e+00 4.90270e-01
1.54782e+00 2.46093e+00 5.14571e-01
1.54782e+00 2.53907e+00 5.30186e-01
1.54782e+00 2.61718e+00 5.36954e-01
1.54782e+00 2.69517e+00 5.35243e-01
1.54782e+00 2.77297e+00 5.25674e-01
1.54782e+00 2.85051e+00 5.08816e-01
1.54782e+00 2.92770e+00 4.85021e-01
1.54782e+00 3.00447e+00 4.54532e-01
1.54782e+00 3.08076e+00 4.17831e-01
1.54782e+00 3.15647e+00 3.75991e-01
1.54782e+00 3.23154e+00 3.30790e-01
1.54782e+00 3.30590e+00 2.84465e-01
1.54782e+00 3.37947e+00 2.39282e-01
1.54782e+00 3.45218e+00 1.97120e-01
1.54782e+00 3.52396e+00 1.59261e-01
1.54782e+00 3.59474e+00 1.26366e-01
1.54782e+00 3.66445e+00 9.85867e-02
1.54782e+00 3.73303e+00 7.57033e-02
1.54782e+00 3.80040e+00 5.72689e-02
1.54782e+00 3.86649e+00 4.27177e-02
1.54782e+00 3.93125e+00 3.14459e-02
1.54782e+00 3.99462e+00 2.28662e-02
1.54782e+00 4.05652e+00 1.64414e-02
1.54782e+00 4.11690e+00 1.17025e-02
1.54782e+00 4.17571e+00 8.25556e-03
1.54782e+00 4.23287e+00 5.77970e-03
1.54782e+00 4.28835e+00 4.02128e-03
1.54782e+00 4.34207e+00 2.78464e-03
1.54782e+00 4.39400e+00 1.92219e-03
1.54782e+00 4.44407e+00 1.32482e-03
1.54782e+00 4.49224e+00 9.13223e-04
1.54782e+00 4.53847e+00 6.30685e-04
1.54782e+00 4.58271e+00 4.37149e-04
1.54782e+00 4.62491e+00 3.04652e-04
1.54782e+00 4.66504e+00 2.13854e-04
1.54782e+00 4.70305e+00 1.51477e-04
1.54782e+00 4.73890e+00 1.08460e-04
1.54782e+00 4.77257e+00 7.86392e-05
1.54782e+00 4.80402e+00 5.78365e-05
1.54782e+00 4.83322e+00 4.32191e-05
1.54782e+00 4.86014e+00 3.28661e-05
1.54782e+00 4.88475e+00 2.54727e-05
1.54782e+00 4.90703e+00 2.01497e-05
1.54782e+00 4.92696e+00 1.62892e-05
1.54782e+00 4.94452e+00 1.34738e-05
1.54782e+00 4.95969e+00 1.14159e-05
1.54782e+00 4.97246e+00 9.91661e-06
1.54782e+00 4.98281e+00 8.83906e-06
1.54782e+00 4.99074e+00 8.08956e-06
1.54782e+00 4.99623e+00 7.60572e-06
1.54782e+00 4.99928e+00 7.34855e-06
1.62053e+00 7.15683e-04 -2.00649e-02
1.62053e+00 3.77012e-03 -2.00651e-02
1.62053e+00 9.26216e-03 -2.00662e-02
1.62053e+00 1.71877e-02 -2.00697e-02
1.62053e+00 2.75390e-02 -2.00772e-02
1.62053e+00 4.03061e-02 -2.00912e-02
1.62053e+00 5.54766e-02 -2.01147e-02
1.62053e+00 7.30356e-02 -2.01512e-02
1.62053e+00 9.29659e-02 -2.02044e-02
1.62053e+00 1.15248e-01 -2.02785e-02
1.62053e+00 1.39860e-01 -2.03781e-02
1.62053e+00 1.66779e-01 -2.05075e-02
1.62053e+00 1.95977e-01 -2.06711e-02
1.62053e+00 2.27426e-01 -2.08727e-02
1.62053e+00 2.61096e-01 -2.11156e-02
1.62053e+00 2.96953e-01 -2.14015e-02
1.62053e+00 3.34963e-01 -2.17303e-02
1.62053e+00 3.75089e-01 -2.20992e-02
1.62053e+00 4.17290e-01 -2.25020e-02
1.62053e+00 4.61527e-01 -2.29273e-02
1.62053e+00 5.07755e-01 -2.33573e-02
1.62053e+00 5.55930e-01 -2.37659e-02
1.62053e+00 6.06005e-01 -2.41162e-02
1.62053e+00 6.57930e-01 -2.43577e-02
1.62053e+00 7.11655e-01 -2.44232e-02
1.62053e+00 7.67127e-01 -2.42248e-02
1.62053e+00 8.24292e-01 -2.36495e-02
1.62053e+00 8.83095e-01 -2.25550e-02
1.62053e+00 9.43478e-01 -2.07642e-02
1.62053e+00 1.00538e+00 -1.80613e-02
1.62053e+00 1.06875e+00 -1.41873e-02
1.62053e+00 1.13351e+00 -8.83759e-03
1.62053e+00 1.19960e+00 -1.66196e-03
1.62053e+00 1.26697e+00 7.73101e-03
1.62053e+00 1.33555e+00 1.97640e-02
1.62053e+00 1.40526e+00 3.48729e-02
1.62053e+00 1.47604e+00 5.34787e-02
1.62053e+00 1.54782e+00 7.59502e-02
1.62053e+00 1.62053e+00 1.02557e-01
1.62053e+00 1.69410e+00 1.33416e-01
1.62053e+00 1.76846e+00 1.68438e-01
1.62053e+00 1.84353e+00 2.07277e-01
1.62053e+00 1.91924e+00 2.49281e-01
1.62053e+00 1.99553e+00 2.93466e-01
1.62053e+00 2.07230e+00 3.38506e-01
1.62053e+00 2.14949e+00 3.82769e-01
1.62053e+00 2.22703e+00 4.24404e-01
1.62053e+00 2.30483e+00 4.61497e-01
1.62053e+00 2.38282e+00 4.92285e-01
1.62053e+00 2.46093e+00 5.15386e-01
1.62053e+00 2.53907e+00 5.29990e-01
1.62053e+00 2.61718e+00 5.35926e-01
1.62053e+00 2.69517e+00 5.33547e-01
1.62053e+00 2.77297e+00 5.23465e-01
1.62053e+00 2.85051e+00 5.06243e-01
1.62053e+00 2.92770e+00 4.82226e-01
1.62053e+00 3.00447e+00 4.51653e-01
1.62053e+00 3.08076e+00 4.14995e-01
1.62053e+00 3.15647e+00 3.73310e-01
1.62053e+00 3.23154e+00 3.28345e-01
1.62053e+00 3.30590e+00 2.82308e-01
1.62053e+00 3.37947e+00 2.37433e-01
1.62053e+00 3.45218e+00 1.95573e-01
1.62053e+00 3.52396e+00 1.57994e-01
1.62053e+00 3.59474e+00 1.25348e-01
1.62053e+00 3.66445e+00 9.77814e-02
1.62053e+00 3.73303e+00 7.50757e-02
1.62053e+00 3.80040e+00 5.67864e-02
1.62053e+00 3.86649e+00 4.23515e-02
1.62053e+00 3.93125e+00 3.11714e-02
1.62053e+00 3.99462e+00 2.26627e-02
1.62053e+00 4.05652e+00 1.62922e-02
1.62053e+00 4.11690e+00 1.15942e-02
1.62053e+00 4.17571e+00 8.17764e-03
1.62053e+00 4.23287e+00 5.72407e-03
1.62053e+00 4.28835e+00 3.98183e-03
1.62053e+00 4.34207e+00 2.75680e-03
1.62053e+00 4.39400e+00 1.90262e-03
1.62053e+00 4.44407e+00 1.31109e-03
1.62053e+00 4.49224e+00 9.03602e-04
1.62053e+00 4.53847e+00 6.23933e-04
1.62053e+00 4.58271e+00 4.32397e-04
1.62053e+00 4.62491e+00 3.01292e-04
1.62053e+00 4.66504e+00 2.11463e-04
1.62053e+00 4.70305e+00 1.49762e-04
1.62053e+00 4.73890e+00 1.07216e-04
1.62053e+00 4.77257e+00 7.77277e-05
1.62053e+00 4.80402e+00 5.71592e-05
1.62053e+00 4.83322e+00 4.27081e-05
1.62053e+00 4.86014e+00 3.24741e-05
1.62053e+00 4.88475e+00 2.51665e-05
1.62053e+00 4.90703e+00 1.99057e-05
1.62053e+00 4.92696e+00 1.60908e-05
1.62053e+00 4.94452e+00 1.33088e-05
1.62053e+00 4.95969e+00 1.12753e-05
1.62053e+00 4.97246e+00 9.79405e-06
1.62053e+00 4.98281e+00 8.72947e-06
1.62053e+00 4.99074e+00 7.98901e-06
1.62053e+00 4.99623e+00 7.51103e-06
1.62053e+00 4.99928e+00 7.25698e-06
1.69410e+00 7.15683e-04 5.86622e-02
1.69410e+00 3.77012e-03 5.86617e-02
1.69410e+00 9.26216e-03 5.86590e-02
1.69410e+00 1.71877e-02 5.86512e-02
1.69410e+00 2.75390e-02 5.86340e-02
1.69410e+00 4.03061e-02 5.86018e-02
1.69410e+00 5.54766e-02 5.85478e-02
1.69410e+00 7.30356e-02 5.84641e-02
1.69410e+00 9.29659e-02 5.83416e-02
1.69410e+00 1.15248e-01 5.81703e-02
1.69410e+00 1.39860e-01 5.79393e-02
1.69410e+00 1.66779e-01 5.76373e-02
1.69410e+00 1.95977e-01 5.72524e-02
1.69410e+00 2.27426e-01 5.67727e-02
1.69410e+00 2.61096e-01 5.61870e-02
1.69410e+00 2.96953e-01 5.54848e-02
1.69410e+00 3.34963e-01 5.46573e-02
1.69410e+00 3.75089e-01 5.36983e-02
1.69410e+00 4.17290e-01 5.26052e-02
1.69410e+00 4.61527e-01 5.13802e-02
1.69410e+00 5.07755e-01 5.00323e-02
1.69410e+00 5.55930e-01 4.85792e-02
1.69410e+00 6.06005e-01 4.70495e-02
1.69410e+00 6.57930e-01 4.54861e-02
1.69410e+00 7.11655e-01 4.39493e-02
1.69410e+00 7.67127e-01 4.25207e-02
1.69410e+00 8.24292e-01 4.13076e-02
1.69410e+00 8.83095e-01 4.04479e-02
1.69410e+00 9.43478e-01 4.01147e-02
1.69410e+00 1.00538e+00 4.05212e-02
1.69410e+00 1.06875e+00 4.19247e-02
1.69410e+00 1.13351e+00 4.46293e-02
1.69410e+00 1.19960e+00 4.89870e-02
1.69410e+00 1.26697e+00 5.53939e-02
1.69410e+00 1.33555e+00 6.42825e-02
1.69410e+00 1.40526e+00 7.61057e-02
1.69410e+00 1.47604e+00 9.13120e-02
1.69410e+00 1.54782e+00 1.10309e-01
1.69410e+00 1.62053e+00 1.33416e-01
1.69410e+00 1.69410e+00 1.60808e-01
1.69410e+00 1.76846e+00 1.92452e-01
1.69410e+00 1.84353e+00 2.28054e-01
1.69410e+00 1.91924e+00 2.66997e-01
1.69410e+00 1.99553e+00 3.08322e-01
1.69410e+00 2.07230e+00 3.50713e-01
1.69410e+00 2.14949e+00 3.92539e-01
1.69410e+00 2.22703e+00 4.31949e-01
1.69410e+00 2.30483e+00 4.67029e-01
1.69410e+00 2.38282e+00 4.96014e-01
1.69410e+00 2.46093e+00 5.17522e-01
1.69410e+00 2.53907e+00 5.30743e-01
1.69410e+00 2.61718e+00 5.35500e-01
1.69410e+00 2.69517e+00 5.32142e-01
1.69410e+00 2.77297e+00 5.21277e-01
1.69410e+00 2.85051e+00 5.03464e-01
1.69410e+00 2.92770e+00 4.79047e-01
1.69410e+00 3.00447e+00 4.48262e-01
1.69410e+00 3.08076e+00 4.11572e-01
1.69410e+00 3.15647e+00 3.70011e-01
1.69410e+00 3.23154e+00 3.25292e-01
1.69410e+00 3.30590e+00 2.79582e-01
1.69410e+00 3.37947e+00 2.35073e-01
1.69410e+00 3.45218e+00 1.93583e-01
1.69410e+00 3.52396e+00 1.56354e-01
1.69410e+00 3.59474e+00 1.24023e-01
1.69410e+00 3.66445e+00 9.67285e-02
1.69410e+00 3.73303e+00 7.42526e-02
1.69410e+00 3.80040e+00 5.61524e-02
1.69410e+00 3.86649e+00 4.18699e-02
1.69410e+00 3.93125e+00 3.08102e-02
1.69410e+00 3.99462e+00 2.23951e-02
1.69410e+00 4.05652e+00 1.60962e-02
1.69410e+00 4.11690e+00 1.14522e-02
1.69410e+00 4.17571e+00 8.07559e-03
1.69410e+00 4.23287e+00 5.65136e-03
1.69410e+00 4.28835e+00 3.93036e-03
1.69410e+00 4.34207e+00 2.72057e-03
1.69410e+00 4.39400e+00 1.87722e-03
1.69410e+00 4.44407e+00 1.29331e-03
1.69410e+00 4.49224e+00 8.91166e-04
1.69410e+00 4.53847e+00 6.15225e-04
1.69410e+00 4.58271e+00 4.26281e-04
1.69410e+00 4.62491e+00 2.96977e-04
1.69410e+00 4.66504e+00 2.08398e-04
1.69410e+00 4.70305e+00 1.47567e-04
1.69410e+00 4.73890e+00 1.05629e-04
1.69410e+00 4.77257e+00 7.65658e-05
1.69410e+00 4.80402e+00 5.62971e-05
1.69410e+00 4.83322e+00 4.20587e-05
1.69410e+00 4.86014e+00 3.19766e-05
1.69410e+00 4.88475e+00 2.47783e-05
1.69410e+00 4.90703e+00 1.95968e-05
1.69410e+00 4.92696e+00 1.58397e-05
1.69410e+00 4.94452e+00 1.31001e-05
1.69410e+00 4.95969e+00 1.10979e-05
1.69410e+00 4.97246e+00 9.63937e-06
1.69410e+00 4.98281e+00 8.59123e-06
1.69410e+00 4.99074e+00 7.86223e-06
1.69410e+00 4.99623e+00 7.39166e-06
1.69410e+00 4.99928e+00 7.14155e-06
1.76846e+00 7.15683e-04 1.35364e-01
1.76846e+00 3.77012e-03 1.35363e-01
1.76846e+00 9.26216e-03 1.35359e-01
1.76846e+00 1.71877e-02 1.35348e-01
1.76846e+00 2.75390e-02 1.35323e-01
1.76846e+00 4.03061e-02 1.35275e-01
1.76846e+00 5.54766e-02 1.35196e-01
1.76846e+00 7.30356e-02 1.35073e-01
1.76846e+00 9.29659e-02 1.34893e-01
1.76846e+00 1.15248e-01 1.34641e-01
1.76846e+00 1.39860e-01 1.34300e-01
1.76846e+00 1.66779e-01 1.33854e-01
1.76846e+00 1.95977e-01 1.33285e-01
1.76846e+00 2.27426e-01 1.32574e-01
1.76846e+00 2.61096e-01 1.31703e-01
1.76846e+00 2.96953e-01 1.30653e-01
1.76846e+00 3.34963e-01 1.29410e-01
1.76846e+00 3.75089e-01 1.27959e-01
1.76846e+00 4.17290e-01 1.26290e-01
1.76846e+00 4.61527e-01 1.24397e-01
1.76846e+00 5.07755e-01 1.22281e-01
1.76846e+00 5.55930e-01 1.19954e-01
1.76846e+00 6.06005e-01 1.17437e-01
1.76846e+00 6.57930e-01 1.14764e-01
1.76846e+00 7.11655e-01 1.11991e-01
1.76846e+00 7.67127e-01 1.09193e-01
1.76846e+00 8.24292e-01 1.06471e-01
1.76846e+00 8.83095e-01 1.03958e-01
1.76846e+00 9.43478e-01 1.01824e-01
1.76846e+00 1.00538e+00 1.00276e-01
1.76846e+00 1.06875e+00 9.95675e-02
1.76846e+00 1.13351e+00 1.00000e-01
1.76846e+00 1.19960e+00 1.01922e-01
1.76846e+00 1.26697e+00 1.05727e-01
1.76846e+00 1.33555e+00 1.11848e-01
1.76846e+00 1.40526e+00 1.20741e-01
1.76846e+00 1.47604e+00 1.32866e-01
1.76846e+00 1.54782e+00 1.48648e-01
1.76846e+00 1.62053e+00 1.68438e-01
1.76846e+00 1.69410e+00 1.92452e-01
1.76846e+00 1.76846e+00 2.20709e-01
1.76846e+00 1.84353e+00 2.52962e-01
1.76846e+00 1.91924e+00 2.88645e-01
1.76846e+00 1.99553e+00 3.26833e-01
1.76846e+00 2.07230e+00 3.66238e-01
1.76846e+00 2.14949e+00 4.05248e-01
1.76846e+00 2.22703e+00 4.42027e-01
1.76846e+00 2.30483e+00 4.74671e-01
1.76846e+00 2.38282e+00 5.01431e-01
1.76846e+00 2.46093e+00 5.20936e-01
1.76846e+00 2.53907e+00 5.32384e-01
1.76846e+00 2.61718e+00 5.35603e-01
1.76846e+00 2.69517e+00 5.30944e-01
1.76846e+00 2.77297e+00 5.19014e-01
1.76846e+00 2.85051e+00 5.00375e-01
1.76846e+00 2.92770e+00 4.75374e-01
1.76846e+00 3.00447e+00 4.44248e-01
1.76846e+00 3.08076e+00 4.07450e-01
1.76846e+00 3.15647e+00 3.65987e-01
1.76846e+00 3.23154e+00 3.21533e-01
1.76846e+00 3.30590e+00 2.76200e-01
1.76846e+00 3.37947e+00 2.32125e-01
1.76846e+00 3.45218e+00 1.91085e-01
1.76846e+00 3.52396e+00 1.54287e-01
1.76846e+00 3.59474e+00 1.22347e-01
1.76846e+00 3.66445e+00 9.53944e-02
1.76846e+00 3.73303e+00 7.32082e-02
1.76846e+00 3.80040e+00 5.53473e-02
1.76846e+00 3.86649e+00 4.12581e-02
1.76846e+00 3.93125e+00 3.03515e-02
1.76846e+00 3.99462e+00 2.20556e-02
1.76846e+00 4.05652e+00 1.58478e-02
1.76846e+00 4.11690e+00 1.12723e-02
1.76846e+00 4.17571e+00 7.94660e-03
1.76846e+00 4.23287e+00 5.55960e-03
1.76846e+00 4.28835e+00 3.86554e-03
1.76846e+00 4.34207e+00 2.67502e-03
1.76846e+00 4.39400e+00 1.84532e-03
1.76846e+00 4.44407e+00 1.27103e-03
1.76846e+00 4.49224e+00 8.75613e-04
1.76846e+00 4.53847e+00 6.04354e-04
1.76846e+00 4.58271e+00 4.18660e-04
1.76846e+00 4.62491e+00 2.91608e-04
1.76846e+00 4.66504e+00 2.04591e-04
1.76846e+00 4.70305e+00 1.44845e-04
1.76846e+00 4.73890e+00 1.03663e-04
1.76846e+00 4.77257e+00 7.51285e-05
1.76846e+00 4.80402e+00 5.52321e-05
1.76846e+00 4.83322e+00 4.12573e-05
1.76846e+00 4.86014e+00 3.13634e-05
1.76846e+00 4.88475e+00 2.43003e-05
1.76846e+00 4.90703e+00 1.92168e-05
1.76846e+00 4.92696e+00 1.55311e-05
1.76846e+00 4.94452e+00 1.28438e-05
1.76846e+00 4.95969e+00 1.08799e-05
1.76846e+00 4.97246e+00 9.44953e-06
1.76846e+00 4.98281e+00 8.42162e-06
1.76846e+00 4.99074e+00 7.70673e-06
1.76846e+00 4.99623e+00 7.24528e-06
1.76846e+00 4.99928e+00 7.00003e-06
1.84353e+00 7.15683e-04 2.09476e-01
1.84353e+00 3.77012e-03 2.09475e-01
1.84353e+00 9.26216e-03 2.09470e-01
1.84353e+00 1.71877e-02 2.09455e-01
1.84353e+00 2.75390e-02 2.09424e-01
1.84353e+00 4.03061e-02 2.09364e-01
1.84353e+00 5.54766e-02 2.09265e-01
1.84353e+00 7.30356e-02 2.09111e-01
1.84353e+00 9.29659e-02 2.08885e-01
1.84353e+00 1.15248e-01 2.08569e-01
1.84353e+00 1.39860e-01 2.08142e-01
1.84353e+00 1.66779e-01 2.07582e-01
1.84353e+00 1.95977e-01 2.06867e-01
1.84353e+00 2.27426e-01 2.05973e-01
1.84353e+00 2.61096e-01 2.04875e-01
1.84353e+00 2.96953e-01 2.03550e-01
1.84353e+00 3.34963e-01 2.01977e-01
1.84353e+00 3.75089e-01 2.00135e-01
1.84353e+00 4.17290e-01 1.98008e-01
1.84353e+00 4.61527e-01 1.95583e-01
1.84353e+00 5.07755e-01 1.92856e-01
1.84353e+00 5.55930e-01 1.89831e-01
1.84353e+00 6.06005e-01 1.86523e-01
1.84353e+00 6.57930e-01 1.82961e-01
1.84353e+00 7.11655e-01 1.79194e-01
1.84353e+00 7.67127e-01 1.75291e-01
1.84353e+00 8.24292e-01 1.71347e-01
1.84353e+00 8.83095e-01 1.67490e-01
1.84353e+00 9.43478e-01 1.63883e-01
1.84353e+00 1.00538e+00 1.60727e-01
1.84353e+00 1.06875e+00 1.58271e-01
1.84353e+00 1.13351e+00 1.56808e-01
1.84353e+00 1.19960e+00 1.56679e-01
1.84353e+00 1.26697e+00 1.58271e-01
1.84353e+00 1.33555e+00 1.62007e-01
1.84353e+00 1.40526e+00 1.68338e-01
1.84353e+00 1.47604e+00 1.77719e-01
1.84353e+00 1.54782e+00 1.90578e-01
1.84353e+00 1.62053e+00 2.07277e-01
1.84353e+00 1.69410e+00 2.28054e-01
1.84353e+00 1.76846e+00 2.52962e-01
1.84353e+00 1.84353e+00 2.81801e-01
1.84353e+00 1.91924e+00 3.14056e-01
1.84353e+00 1.99553e+00 3.48851e-01
1.84353e+00 2.07230e+00 3.84941e-01
1.84353e+00 2.14949e+00 4.20754e-01
1.84353e+00 2.22703e+00 4.54486e-01
1.84353e+00 2.30483e+00 4.84268e-01
1.84353e+00 2.38282e+00 5.08375e-01
1.84353e+00 2.46093e+00 5.25463e-01
1.84353e+00 2.53907e+00 5.34749e-01
1.84353e+00 2.61718e+00 5.36076e-01
1.84353e+00 2.69517e+00 5.29798e-01
1.84353e+00 2.77297e+00 5.16529e-01
1.84353e+00 2.85051e+00 4.96834e-01
1.84353e+00 2.92770e+00 4.71070e-01
1.84353e+00 3.00447e+00 4.39478e-01
1.84353e+00 3.08076e+00 4.02503e-01
1.84353e+00 3.15647e+00 3.61123e-01
1.84353e+00 3.23154e+00 3.16962e-01
1.84353e+00 3.30590e+00 2.72067e-01
1.84353e+00 3.37947e+00 2.28512e-01
1.84353e+00 3.45218e+00 1.88014e-01
1.84353e+00 3.52396e+00 1.51739e-01
1.84353e+00 3.59474e+00 1.20278e-01
1.84353e+00 3.66445e+00 9.37464e-02
1.84353e+00 3.73303e+00 7.19174e-02
1.84353e+00 3.80040e+00 5.43522e-02
1.84353e+00 3.86649e+00 4.05022e-02
1.84353e+00 3.93125e+00 2.97852e-02
1.84353e+00 3.99462e+00 2.16368e-02
1.84353e+00 4.05652e+00 1.55416e-02
1.84353e+00 4.11690e+00 1.10510e-02
1.84353e+00 4.17571e+00 7.78807e-03
1.84353e+00 4.23287e+00 5.44700e-03
1.84353e+00 4.28835e+00 3.78611e-03
1.84353e+00 4.34207e+00 2.61928e-03
1.84353e+00 4.39400e+00 1.80637e-03
1.84353e+00 4.44407e+00 1.24386e-03
1.84353e+00 4.49224e+00 8.56674e-04
1.84353e+00 4.53847e+00 5.91135e-04
1.84353e+00 4.58271e+00 4.09406e-04
1.84353e+00 4.62491e+00 2.85098e-04
1.84353e+00 4.66504e+00 1.99981e-04
1.84353e+00 4.70305e+00 1.41553e-04
1.84353e+00 4.73890e+00 1.01288e-04
1.84353e+00 4.77257e+00 7.33941e-05
1.84353e+00 4.80402e+00 5.39482e-05
1.84353e+00 4.83322e+00 4.02922e-05
1.84353e+00 4.86014e+00 3.06254e-05
1.84353e+00 4.88475e+00 2.37255e-05
1.84353e+00 4.90703e+00 1.87601e-05
1.84353e+00 4.92696e+00 1.51604e-05
1.84353e+00 4.94452e+00 1.25362e-05
1.84353e+00 4.95969e+00 1.06185e-05
1.84353e+00 4.97246e+00 9.22189e-06
1.84353e+00 4.98281e+00 8.21832e-06
1.84353e+00 4.99074e+00 7.52038e-06
1.84353e+00 4.99623e+00 7.06990e-06
1.84353e+00 4.99928e+00 6.83048e-06
1.91924e+00 7.15683e-04 2.80292e-01
1.91924e+00 3.77012e-03 2.80291e-01
1.91924e+00 9.26216e-03 2.80285e-01
1.91924e+00 1.71877e-02 2.80269e-01
1.91924e+00 2.75390e-02 2.80232e-01
1.91924e+00 4.03061e-02 2.80164e-01
1.91924e+00 5.54766e-02 2.80050e-01
1.91924e+00 7.30356e-02 2.79873e-01
1.91924e+00 9.29659e-02 2.79614e-01
1.91924e+00 1.15248e-01 2.79251e-01
1.91924e+00 1.39860e-01 2.78760e-01
1.91924e+00 1.66779e-01 2.78117e-01
1.91924e+00 1.95977e-01 2.77295e-01
1.91924e+00 2.27426e-01 2.76266e-01
1.91924e+00 2.61096e-01 2.75002e-01
1.91924e+00 2.96953e-01 2.73475e-01
1.91924e+00 3.34963e-01 2.71659e-01
1.91924e+00 3.75089e-01 2.69529e-01
1.91924e+00 4.17290e-01 2.67063e-01
1.91924e+00 4.61527e-01 2.64244e-01
1.91924e+00 5.07755e-01 2.61064e-01
1.91924e+00 5.55930e-01 2.57519e-01
1.91924e+00 6.06005e-01 2.53620e-01
1.91924e+00 6.57930e-01 2.49391e-01
1.91924e+00 7.11655e-01 2.44874e-01
1.91924e+00 7.67127e-01 2.40133e-01
1.91924e+00 8.24292e-01 2.35256e-01
1.91924e+00 8.83095e-01 2.30365e-01
1.91924e+00 9.43478e-01 2.25615e-01
1.91924e+00 1.00538e+00 2.21200e-01
1.91924e+00 1.06875e+00 2.17358e-01
1.91924e+00 1.13351e+00 2.14373e-01
1.91924e+00 1.19960e+00 2.12575e-01
1.91924e+00 1.26697e+00 2.12337e-01
1.91924e+00 1.33555e+00 2.14068e-01
1.91924e+00 1.40526e+00 2.18203e-01
1.91924e+00 1.47604e+00 2.25183e-01
1.91924e+00 1.54782e+00 2.35424e-01
1.91924e+00 1.62053e+00 2.49281e-01
1.91924e+00 1.69410e+00 2.66997e-01
1.91924e+00 1.76846e+00 2.88645e-01
1.91924e+00 1.84353e+00 3.14056e-01
1.91924e+00 1.91924e+00 3.42762e-01
1.91924e+00 1.99553e+00 3.73944e-01
1.91924e+00 2.07230e+00 4.06420e-01
1.91924e+00 2.14949e+00 4.38675e-01
1.91924e+00 2.22703e+00 4.68964e-01
1.91924e+00 2.30483e+00 4.95468e-01
1.91924e+00 2.38282e+00 5.16513e-01
1.91924e+00 2.46093e+00 5.30793e-01
1.91924e+00 2.53907e+00 5.37555e-01
1.91924e+00 2.61718e+00 5.36660e-01
1.91924e+00 2.69517e+00 5.28475e-01
1.91924e+00 2.77297e+00 5.13615e-01
1.91924e+00 2.85051e+00 4.92657e-01
1.91924e+00 2.92770e+00 4.65969e-01
1.91924e+00 3.00447e+00 4.33801e-01
1.91924e+00 3.08076e+00 3.96593e-01
1.91924e+00 3.15647e+00 3.55295e-01
1.91924e+00 3.23154e+00 3.11470e-01
1.91924e+00 3.30590e+00 2.67093e-01
1.91924e+00 3.37947e+00 2.24155e-01
1.91924e+00 3.45218e+00 1.84307e-01
1.91924e+00 3.52396e+00 1.48661e-01
1.91924e+00 3.59474e+00 1.17778e-01
1.91924e+00 3.66445e+00 9.17538e-02
1.91924e+00 3.73303e+00 7.03571e-02
1.91924e+00 3.80040e+00 5.31499e-02
1.91924e+00 3.86649e+00 3.95896e-02
1.91924e+00 3.93125e+00 2.91021e-02
1.91924e+00 3.99462e+00 2.11321e-02
1.91924e+00 4.05652e+00 1.51732e-02
1.91924e+00 4.11690e+00 1.07849e-02
1.91924e+00 4.17571e+00 7.59779e-03
1.91924e+00 4.23287e+00 5.31203e-03
1.91924e+00 4.28835e+00 3.69103e-03
1.91924e+00 4.34207e+00 2.55266e-03
1.91924e+00 4.39400e+00 1.75987e-03
1.91924e+00 4.44407e+00 1.21148e-03
1.91924e+00 4.49224e+00 8.34127e-04
1.91924e+00 4.53847e+00 5.75418e-04
1.91924e+00 4.58271e+00 3.98416e-04
1.91924e+00 4.62491e+00 2.77376e-04
1.91924e+00 4.66504e+00 1.94519e-04
1.91924e+00 4.70305e+00 1.37656e-04
1.91924e+00 4.73890e+00 9.84791e-05
1.91924e+00 4.77257e+00 7.13453e-05
1.91924e+00 4.80402e+00 5.24328e-05
1.91924e+00 4.83322e+00 3.91540e-05
1.91924e+00 4.86014e+00 2.97558e-05
1.91924e+00 4.88475e+00 2.30486e-05
1.91924e+00 4.90703e+00 1.82226e-05
1.91924e+00 4.92696e+00 1.47245e-05
1.91924e+00 4.94452e+00 1.21745e-05
1.91924e+00 4.95969e+00 1.03113e-05
1.91924e+00 4.97246e+00 8.95447e-06
1.91924e+00 4.98281e+00 7.97954e-06
1.91924e+00 4.99074e+00 7.30157e-06
1.91924e+00 4.99623e+00 6.86399e-06
1.91924e+00 4.99928e+00 6.63143e-06
1.99553e+00 7.15683e-04 3.46939e-01
1.99553e+00 3.77012e-03 3.46938e-01
1.99553e+00 9.26216e-03 3.46931e-01
1.99553e+00 1.71877e-02 3.46914e-01
1.99553e+00 2.75390e-02 3.46874e-01
1.99553e+00 4.03061e-02 3.46801e-01
1.99553e+00 5.54766e-02 3.46677e-01
1.99553e+00 7.30356e-02 3.46486e-01
1.99553e+00 9.29659e-02 3.46205e-01
1.99553e+00 1.15248e-01 3.45812e-01
1.99553e+00 1.39860e-01 3.45281e-01
1.99553e+00 1.66779e-01 3.44584e-01
1.99553e+00 1.95977e-01 3.43693e-01
1.99553e+00 2.27426e-01 3.42577e-01
1.99553e+00 2.61096e-01 3.41206e-01
1.99553e+00 2.96953e-01 3.39549e-01
1.99553e+00 3.34963e-01 3.37575e-01
1.99553e+00 3.75089e-01 3.35258e-01
1.99553e+00 4.17290e-01 3.32572e-01
1.99553e+00 4.61527e-01 3.29496e-01
1.99553e+00 5.07755e-01 3.26017e-01
1.99553e+00 5.55930e-01 3.22128e-01
1.99553e+00 6.06005e-01 3.17836e-01
1.99553e+00 6.57930e-01 3.13159e-01
1.99553e+00 7.11655e-01 3.08134e-01
1.99553e+00 7.67127e-01 3.02817e-01
1.99553e+00 8.24292e-01 2.97293e-01
1.99553e+00 8.83095e-01 2.91673e-01
1.99553e+00 9.43478e-01 2.86104e-01
1.99553e+00 1.00538e+00 2.80770e-01
1.99553e+00 1.06875e+00 2.75897e-01
1.99553e+00 1.13351e+00 2.71756e-01
1.99553e+00 1.19960e+00 2.68659e-01
1.99553e+00 1.26697e+00 2.66963e-01
1.99553e+00 1.33555e+00 2.67056e-01
1.99553e+00 1.40526e+00 2.69351e-01
1.99553e+00 1.47604e+00 2.74265e-01
1.99553e+00 1.54782e+00 2.82191e-01
1.99553e+00 1.62053e+00 2.93466e-01
1.99553e+00 1.69410e+00 3.08322e-01
1.99553e+00 1.76846e+00 3.26833e-01
1.99553e+00 1.84353e+00 3.48851e-01
1.99553e+00 1.91924e+00 3.73944e-01
1.99553e+00 1.99553e+00 4.01354e-01
1.99553e+00 2.07230e+00 4.29968e-01
1.99553e+00 2.14949e+00 4.58354e-01
1.99553e+00 2.22703e+00 4.84846e-01
1.99553e+00 2.30483e+00 5.07705e-01
1.99553e+00 2.38282e+00 5.25324e-01
1.99553e+00 2.46093e+00 5.36454e-01
1.99553e+00 2.53907e+00 5.40381e-01
1.99553e+00 2.61718e+00 5.36990e-01
1.99553e+00 2.69517e+00 5.26655e-01
1.99553e+00 2.77297e+00 5.10002e-01
1.99553e+00 2.85051e+00 4.87612e-01
1.99553e+00 2.92770e+00 4.59872e-01
1.99553e+00 3.00447e+00 4.27047e-01
1.99553e+00 3.08076e+00 3.89575e-01
1.99553e+00 3.15647e+00 3.48377e-01
1.99553e+00 3.23154e+00 3.04952e-01
1.99553e+00 3.30590e+00 2.61186e-01
1.99553e+00 3.37947e+00 2.18981e-01
1.99553e+00 3.45218e+00 1.79904e-01
1.99553e+00 3.52396e+00 1.45007e-01
1.99553e+00 3.59474e+00 1.14810e-01
1.99553e+00 3.66445e+00 8.93901e-02
1.99553e+00 3.73303e+00 6.85074e-02
1.99553e+00 3.80040e+00 5.17259e-02
1.99553e+00 3.86649e+00 3.85098e-02
1.99553e+00 3.93125e+00 2.82948e-02
1.99553e+00 3.99462e+00 2.05363e-02
1.99553e+00 4.05652e+00 1.47389e-02
1.99553e+00 4.11690e+00 1.04717e-02
1.99553e+00 4.17571e+00 7.37404e-03
1.99553e+00 4.23287e+00 5.15353e-03
1.99553e+00 4.28835e+00 3.57952e-03
1.99553e+00 4.34207e+00 2.47464e-03
1.99553e+00 4.39400e+00 1.70548e-03
1.99553e+00 4.44407e+00 1.17364e-03
1.99553e+00 4.49224e+00 8.07816e-04
1.99553e+00 4.53847e+00 5.57099e-04
1.99553e+00 4.58271e+00 3.85621e-04
1.99553e+00 4.62491e+00 2.68396e-04
1.99553e+00 4.66504e+00 1.88173e-04
1.99553e+00 4.70305e+00 1.33133e-04
1.99553e+00 4.73890e+00 9.52220e-05
1.99553e+00 4.77257e+00 6.89713e-05
1.99553e+00 4.80402e+00 5.06783e-05
1.99553e+00 4.83322e+00 3.78370e-05
1.99553e+00 4.86014e+00 2.87503e-05
1.99553e+00 4.88475e+00 2.22664e-05
1.99553e+00 4.90703e+00 1.76019e-05
1.99553e+00 4.92696e+00 1.42212e-05
1.99553e+00 4.94452e+00 1.17572e-05
1.99553e+00 4.95969e+00 9.95696e-06
1.99553e+00 4.97246e+00 8.64608e-06
1.99553e+00 4.98281e+00 7.70427e-06
1.99553e+00 4.99074e+00 7.04936e-06
1.99553e+00 4.99623e+00 6.62668e-06
1.99553e+00 4.99928e+00 6.40205e-06
2.07230e+00 7.15683e-04 4.08360e-01
2.07230e+00 3.77012e-03 4.08359e-01
2.07230e+00 9.26216e-03 4.08353e-01
2.07230e+00 1.71877e-02 4.08334e-01
2.07230e+00 2.75390e-02 4.08294e-01
2.07230e+00 4.03061e-02 4.08217e-01
2.07230e+00 5.54766e-02 4.08090e-01
2.07230e+00 7.30356e-02 4.07891e-01
2.07230e+00 9.29659e-02 4.07601e-01
2.07230e+00 1.15248e-01 4.07193e-01
2.07230e+00 1.39860e-01 4.06644e-01
2.07230e+00 1.66779e-01 4.05922e-01
2.07230e+00 1.95977e-01 4.04999e-01
2.07230e+00 2.27426e-01 4.03843e-01
2.07230e+00 2.61096e-01 4.02421e-01
2.07230e+00 2.96953e-01 4.00702e-01
2.07230e+00 3.34963e-01 3.98654e-01
2.07230e+00 3.75089e-01 3.96247e-01
2.07230e+00 4.17290e-01 3.93453e-01
2.07230e+00 4.61527e-01 3.90251e-01
2.07230e+00 5.07755e-01 3.86623e-01
2.07230e+00 5.55930e-01 3.82559e-01
2.07230e+00 6.06005e-01 3.78063e-01
2.07230e+00 6.57930e-01 3.73148e-01
2.07230e+00 7.11655e-01 3.67845e-01
2.07230e+00 7.67127e-01 3.62206e-01
2.07230e+00 8.24292e-01 3.56307e-01
2.07230e+00 8.83095e-01 3.50251e-01
2.07230e+00 9.43478e-01 3.44173e-01
2.07230e+00 1.00538e+00 3.38246e-01
2.07230e+00 1.06875e+00 3.32681e-01
2.07230e+00 1.13351e+00 3.27732e-01
2.07230e+00 1.19960e+00 3.23691e-01
2.07230e+00 1.26697e+00 3.20890e-01
2.07230e+00 1.33555e+00 3.19694e-01
2.07230e+00 1.40526e+00 3.20486e-01
2.07230e+00 1.47604e+00 3.23652e-01
2.07230e+00 1.54782e+00 3.29556e-01
2.07230e+00 1.62053e+00 3.38506e-01
2.07230e+00 1.69410e+00 3.50713e-01
2.07230e+00 1.76846e+00 3.66238e-01
2.07230e+00 1.84353e+00 3.84941e-01
2.07230e+00 1.91924e+00 4.06420e-01
2.07230e+00 1.99553e+00 4.29968e-01
2.07230e+00 2.07230e+00 4.54552e-01
2.07230e+00 2.14949e+00 4.78835e-01
2.07230e+00 2.22703e+00 5.01257e-01
2.07230e+00 2.30483e+00 5.20179e-01
2.07230e+00 2.38282e+00 5.34087e-01
2.07230e+00 2.46093e+00 5.41805e-01
2.07230e+00 2.53907e+00 5.42668e-01
2.07230e+00 2.61718e+00 5.36585e-01
2.07230e+00 2.69517e+00 5.23939e-01
2.07230e+00 2.77297e+00 5.05355e-01
2.07230e+00 2.85051e+00 4.81426e-01
2.07230e+00 2.92770e+00 4.52555e-01
2.07230e+00 3.00447e+00 4.19030e-01
2.07230e+00 3.08076e+00 3.81296e-01
2.07230e+00 3.15647e+00 3.40244e-01
2.07230e+00 3.23154e+00 2.97305e-01
2.07230e+00 3.30590e+00 2.54268e-01
2.07230e+00 3.37947e+00 2.12927e-01
2.07230e+00 3.45218e+00 1.74756e-01
2.07230e+00 3.52396e+00 1.40738e-01
2.07230e+00 3.59474e+00 1.11347e-01
2.07230e+00 3.66445e+00 8.66348e-02
2.07230e+00 3.73303e+00 6.63537e-02
2.07230e+00 3.80040e+00 5.00697e-02
2.07230e+00 3.86649e+00 3.72554e-02
2.07230e+00 3.93125e+00 2.73582e-02
2.07230e+00 3.99462e+00 1.98461e-02
2.07230e+00 4.05652e+00 1.42363e-02
2.07230e+00 4.11690e+00 1.01097e-02
2.07230e+00 4.17571e+00 7.11582e-03
2.07230e+00 4.23287e+00 4.97085e-03
2.07230e+00 4.28835e+00 3.45117e-03
2.07230e+00 4.34207e+00 2.38493e-03
2.07230e+00 4.39400e+00 1.64302e-03
2.07230e+00 4.44407e+00 1.13024e-03
2.07230e+00 4.49224e+00 7.77674e-04
2.07230e+00 4.53847e+00 5.36134e-04
2.07230e+00 4.58271e+00 3.70993e-04
2.07230e+00 4.62491e+00 2.58138e-04
2.07230e+00 4.66504e+00 1.80932e-04
2.07230e+00 4.70305e+00 1.27977e-04
2.07230e+00 4.73890e+00 9.15116e-05
2.07230e+00 4.77257e+00 6.62688e-05
2.07230e+00 4.80402e+00 4.86824e-05
2.07230e+00 4.83322e+00 3.63399e-05
2.07230e+00 4.86014e+00 2.76078e-05
2.07230e+00 4.88475e+00 2.13783e-05
2.07230e+00 4.90703e+00 1.68973e-05
2.07230e+00 4.92696e+00 1.36502e-05
2.07230e+00 4.94452e+00 1.12839e-05
2.07230e+00 4.95969e+00 9.55522e-06
2.07230e+00 4.97246e+00 8.29657e-06
2.07230e+00 4.98281e+00 7.39234e-06
2.07230e+00 4.99074e+00 6.76361e-06
2.07230e+00 4.99623e+00 6.35785e-06
2.07230e+00 4.99928e+00 6.14221e-06
2.14949e+00 7.15683e-04 4.63343e-01
2.14949e+00 3.77012e-03 4.63341e-01
2.14949e+00 9.26216e-03 4.63335e-01
2.14949e+00 1.71877e-02 4.63317e-01
2.14949e+00 2.75390e-02 4.63276e-01
2.14949e+00 4.03061e-02 4.63200e-01
2.14949e+00 5.54766e-02 4.63073e-01
2.14949e+00 7.30356e-02 4.62875e-01
2.14949e+00 9.29659e-02 4.62585e-01
2.14949e+00 1.15248e-01 4.62179e-01
2.14949e+00 1.39860e-01 4.61631e-01
2.14949e+00 1.66779e-01 4.60911e-01
2.14949e+00 1.95977e-01 4.59990e-01
2.14949e+00 2.27426e-01 4.58836e-01
2.14949e+00 2.61096e-01 4.57417e-01
2.14949e+00 2.96953e-01 4.55700e-01
2.14949e+00 3.34963e-01 4.53653e-01
2.14949e+00 3.75089e-01 4.51246e-01
2.14949e+00 4.17290e-01 4.48450e-01
2.14949e+00 4.61527e-01 4.45242e-01
2.14949e+00 5.07755e-01 4.41603e-01
2.14949e+00 5.55930e-01 4.37522e-01
2.14949e+00 6.06005e-01 4.32997e-01
2.14949e+00 6.57930e-01 4.28039e-01
2.14949e+00 7.11655e-01 4.22674e-01
2.14949e+00 7.67127e-01 4.16947e-01
2.14949e+00 8.24292e-01 4.10927e-01
2.14949e+00 8.83095e-01 4.04706e-01
2.14949e+00 9.43478e-01 3.98408e-01
2.14949e+00 1.00538e+00 3.92191e-01
2.14949e+00 1.06875e+00 3.86250e-01
2.14949e+00 1.13351e+00 3.80815e-01
2.14949e+00 1.19960e+00 3.76157e-01
2.14949e+00 1.26697e+00 3.72581e-01
2.14949e+00 1.33555e+00 3.70419e-01
2.14949e+00 1.40526e+00 3.70021e-01
2.14949e+00 1.47604e+00 3.71737e-01
2.14949e+00 1.54782e+00 3.75895e-01
2.14949e+00 1.62053e+00 3.82769e-01
2.14949e+00 1.69410e+00 3.92539e-01
2.14949e+00 1.76846e+00 4.05248e-01
2.14949e+00 1.84353e+00 4.20754e-01
2.14949e+00 1.91924e+00 4.38675e-01
2.14949e+00 1.99553e+00 4.58354e-01
2.14949e+00 2.07230e+00 4.78835e-01
2.14949e+00 2.14949e+00 4.98888e-01
2.14949e+00 2.22703e+00 5.17072e-01
2.14949e+00 2.30483e+00 5.31877e-01
2.14949e+00 2.38282e+00 5.41900e-01
2.14949e+00 2.46093e+00 5.46055e-01
2.14949e+00 2.53907e+00 5.43734e-01
2.14949e+00 2.61718e+00 5.34870e-01
2.14949e+00 2.69517e+00 5.19849e-01
2.14949e+00 2.77297e+00 4.99289e-01
2.14949e+00 2.85051e+00 4.73789e-01
2.14949e+00 2.92770e+00 4.43774e-01
2.14949e+00 3.00447e+00 4.09562e-01
2.14949e+00 3.08076e+00 3.71609e-01
2.14949e+00 3.15647e+00 3.30783e-01
2.14949e+00 3.23154e+00 2.88443e-01
2.14949e+00 3.30590e+00 2.46271e-01
2.14949e+00 3.37947e+00 2.05943e-01
2.14949e+00 3.45218e+00 1.68829e-01
2.14949e+00 3.52396e+00 1.35830e-01
2.14949e+00 3.59474e+00 1.07371e-01
2.14949e+00 3.66445e+00 8.34755e-02
2.14949e+00 3.73303e+00 6.38877e-02
2.14949e+00 3.80040e+00 4.81760e-02
2.14949e+00 3.86649e+00 3.58232e-02
2.14949e+00 3.93125e+00 2.62903e-02
2.14949e+00 3.99462e+00 1.90602e-02
2.14949e+00 4.05652e+00 1.36648e-02
2.14949e+00 4.11690e+00 9.69862e-03
2.14949e+00 4.17571e+00 6.82299e-03
2.14949e+00 4.23287e+00 4.76396e-03
2.14949e+00 4.28835e+00 3.30598e-03
2.14949e+00 4.34207e+00 2.28359e-03
2.14949e+00 4.39400e+00 1.57253e-03
2.14949e+00 4.44407e+00 1.08132e-03
2.14949e+00 4.49224e+00 7.43732e-04
2.14949e+00 4.53847e+00 5.12550e-04
2.14949e+00 4.58271e+00 3.54554e-04
2.14949e+00 4.62491e+00 2.46621e-04
2.14949e+00 4.66504e+00 1.72808e-04
2.14949e+00 4.70305e+00 1.22196e-04
2.14949e+00 4.73890e+00 8.73555e-05
2.14949e+00 4.77257e+00 6.32439e-05
2.14949e+00 4.80402e+00 4.64499e-05
2.14949e+00 4.83322e+00 3.46663e-05
2.14949e+00 4.86014e+00 2.63314e-05
2.14949e+00 4.88475e+00 2.03864e-05
2.14949e+00 4.90703e+00 1.61109e-05
2.14949e+00 4.92696e+00 1.30131e-05
2.14949e+00 4.94452e+00 1.07560e-05
2.14949e+00 4.95969e+00 9.10725e-06
2.14949e+00 4.97246e+00 7.90693e-06
2.14949e+00 4.98281e+00 7.04468e-06
2.14949e+00 4.99074e+00 6.44518e-06
2.14949e+00 4.99623e+00 6.05830e-06
2.14949e+00 4.99928e+00 5.85270e-06
2.22703e+00 7.15683e-04 5.10588e-01
2.22703e+00 3.77012e-03 5.10587e-01
2.22703e+00 9.26216e-03 5.10581e-01
2.22703e+00 1.71877e-02 5.10563e-01
2.22703e+00 2.75390e-02 5.10524e-01
2.22703e+00 4.03061e-02 5.10451e-01
2.22703e+00 5.54766e-02 5.10328e-01
2.22703e+00 7.30356e-02 5.10137e-01
2.22703e+00 9.29659e-02 5.09858e-01
2.22703e+00 1.15248e-01 5.09466e-01
2.22703e+00 1.39860e-01 5.08937e-01
2.22703e+00 1.66779e-01 5.08243e-01
2.22703e+00 1.95977e-01 5.07354e-01
2.22703e+00 2.27426e-01 5.06240e-01
2.22703e+00 2.61096e-01 5.04870e-01
2.22703e+00 2.96953e-01 5.03212e-01
2.22703e+00 3.34963e-01 5.01235e-01
2.22703e+00 3.75089e-01 4.98908e-01
2.22703e+00 4.17290e-01 4.96204e-01
2.22703e+00 4.61527e-01 4.93099e-01
2.22703e+00 5.07755e-01 4.89572e-01
2.22703e+00 5.55930e-01 4.85613e-01
2.22703e+00 6.06005e-01 4.81216e-01
2.22703e+00 6.57930e-01 4.76389e-01
2.22703e+00 7.11655e-01 4.71154e-01
2.22703e+00 7.67127e-01 4.65549e-01
2.22703e+00 8.24292e-01 4.59634e-01
2.22703e+00 8.83095e-01 4.53492e-01
2.22703e+00 9.43478e-01 4.47232e-01
2.22703e+00 1.00538e+00 4.40998e-01
2.22703e+00 1.06875e+00 4.34962e-01
2.22703e+00 1.13351e+00 4.29333e-01
2.22703e+00 1.19960e+00 4.24354e-01
2.22703e+00 1.26697e+00 4.20299e-01
2.22703e+00 1.33555e+00 4.17463e-01
2.22703e+00 1.40526e+00 4.16161e-01
2.22703e+00 1.47604e+00 4.16701e-01
2.22703e+00 1.54782e+00 4.19371e-01
2.22703e+00 1.62053e+00 4.24404e-01
2.22703e+00 1.69410e+00 4.31949e-01
2.22703e+00 1.76846e+00 4.42027e-01
2.22703e+00 1.84353e+00 4.54486e-01
2.22703e+00 1.91924e+00 4.68964e-01
2.22703e+00 1.99553e+00 4.84846e-01
2.22703e+00 2.07230e+00 5.01257e-01
2.22703e+00 2.14949e+00 5.17072e-01
2.22703e+00 2.22703e+00 5.30987e-01
2.22703e+00 2.30483e+00 5.41631e-01
2.22703e+00 2.38282e+00 5.47733e-01
2.22703e+00 2.46093e+00 5.48309e-01
2.22703e+00 2.53907e+00 5.42814e-01
2.22703e+00 2.61718e+00 5.31205e-01
2.22703e+00 2.69517e+00 5.13860e-01
2.22703e+00 2.77297e+00 4.91385e-01
2.22703e+00 2.85051e+00 4.64376e-01
2.22703e+00 2.92770e+00 4.33281e-01
2.22703e+00 3.00447e+00 3.98455e-01
2.22703e+00 3.08076e+00 3.60378e-01
2.22703e+00 3.15647e+00 3.19897e-01
2.22703e+00 3.23154e+00 2.78299e-01
2.22703e+00 3.30590e+00 2.37151e-01
2.22703e+00 3.37947e+00 1.98001e-01
2.22703e+00 3.45218e+00 1.62103e-01
2.22703e+00 3.52396e+00 1.30273e-01
2.22703e+00 3.59474e+00 1.02876e-01
2.22703e+00 3.66445e+00 7.99106e-02
2.22703e+00 3.73303e+00 6.11095e-02
2.22703e+00 3.80040e+00 4.60460e-02
2.22703e+00 3.86649e+00 3.42148e-02
2.22703e+00 3.93125e+00 2.50927e-02
2.22703e+00 3.99462e+00 1.81801e-02
2.22703e+00 4.05652e+00 1.30258e-02
2.22703e+00 4.11690e+00 9.23963e-03
2.22703e+00 4.17571e+00 6.49644e-03
2.22703e+00 4.23287e+00 4.53353e-03
2.22703e+00 4.28835e+00 3.14448e-03
2.22703e+00 4.34207e+00 2.17098e-03
2.22703e+00 4.39400e+00 1.49431e-03
2.22703e+00 4.44407e+00 1.02709e-03
2.22703e+00 4.49224e+00 7.06141e-04
2.22703e+00 4.53847e+00 4.86457e-04
2.22703e+00 4.58271e+00 3.36382e-04
2.22703e+00 4.62491e+00 2.33902e-04
2.22703e+00 4.66504e+00 1.63843e-04
2.22703e+00 4.70305e+00 1.15822e-04
2.22703e+00 4.73890e+00 8.27759e-05
2.22703e+00 4.77257e+00 5.99129e-05
2.22703e+00 4.80402e+00 4.39930e-05
2.22703e+00 4.83322e+00 3.28255e-05
2.22703e+00 4.86014e+00 2.49282e-05
2.22703e+00 4.88475e+00 1.92965e-05
2.22703e+00 4.90703e+00 1.52471e-05
2.22703e+00 4.92696e+00 1.23137e-05
2.22703e+00 4.94452e+00 1.01765e-05
2.22703e+00 4.95969e+00 8.61571e-06
2.22703e+00 4.97246e+00 7.47949e-06
2.22703e+00 4.98281e+00 6.66337e-06
2.22703e+00 4.99074e+00 6.09598e-06
2.22703e+00 4.99623e+00 5.72984e-06
2.22703e+00 4.99928e+00 5.53527e-06
2.30483e+00 7.15683e-04 5.48851e-01
2.30483e+00 3.77012e-03 5.48850e-01
2.30483e+00 9.26216e-03 5.48844e-01
2.30483e+00 1.71877e-02 5.48827e-01
2.30483e+00 2.75390e-02 5.48791e-01
2.30483e+00 4.03061e-02 5.48722e-01
2.30483e+00 5.54766e-02 5.48607e-01
2.30483e+00 7.30356e-02 5.48429e-01
2.30483e+00 9.29659e-02 5.48168e-01
2.30483e+00 1.15248e-01 5.47802e-01
2.30483e+00 1.39860e-01 5.47308e-01
2.30483e+00 1.66779e-01 5.46659e-01
2.30483e+00 1.95977e-01 5.45828e-01
2.30483e+00 2.27426e-01 5.44787e-01
2.30483e+00 2.61096e-01 5.43505e-01
2.30483e+00 2.96953e-01 5.41954e-01
2.30483e+00 3.34963e-01 5.40104e-01
2.30483e+00 3.75089e-01 5.37925e-01
2.30483e+00 4.17290e-01 5.35392e-01
2.30483e+00 4.61527e-01 5.32481e-01
2.30483e+00 5.07755e-01 5.29172e-01
2.30483e+00 5.55930e-01 5.25452e-01
2.30483e+00 6.06005e-01 5.21316e-01
2.30483e+00 6.57930e-01 5.16769e-01
2.30483e+00 7.11655e-01 5.11827e-01
2.30483e+00 7.67127e-01 5.06523e-01
2.30483e+00 8.24292e-01 5.00907e-01
2.30483e+00 8.83095e-01 4.95051e-01
2.30483e+00 9.43478e-01 4.89052e-01
2.30483e+00 1.00538e+00 4.83033e-01
2.30483e+00 1.06875e+00 4.77147e-01
2.30483e+00 1.13351e+00 4.71576e-01
2.30483e+00 1.19960e+00 4.66532e-01
2.30483e+00 1.26697e+00 4.62256e-01
2.30483e+00 1.33555e+00 4.59006e-01
2.30483e+00 1.40526e+00 4.57052e-01
2.30483e+00 1.47604e+00 4.56663e-01
2.30483e+00 1.54782e+00 4.58080e-01
2.30483e+00 1.62053e+00 4.61497e-01
2.30483e+00 1.69410e+00 4.67029e-01
2.30483e+00 1.76846e+00 4.74671e-01
2.30483e+00 1.84353e+00 4.84268e-01
2.30483e+00 1.91924e+00 4.95468e-01
2.30483e+00 1.99553e+00 5.07705e-01
2.30483e+00 2.07230e+00 5.20179e-01
2.30483e+00 2.14949e+00 5.31877e-01
2.30483e+00 2.22703e+00 5.41631e-01
2.30483e+00 2.30483e+00 5.48219e-01
2.30483e+00 2.38282e+00 5.50514e-01
2.30483e+00 2.46093e+00 5.47641e-01
2.30483e+00 2.53907e+00 5.39125e-01
2.30483e+00 2.61718e+00 5.24938e-01
2.30483e+00 2.69517e+00 5.05444e-01
2.30483e+00 2.77297e+00 4.81223e-01
2.30483e+00 2.85051e+00 4.52864e-01
2.30483e+00 2.92770e+00 4.20839e-01
2.30483e+00 3.00447e+00 3.85545e-01
2.30483e+00 3.08076e+00 3.47493e-01
2.30483e+00 3.15647e+00 3.07519e-01
2.30483e+00 3.23154e+00 2.66835e-01
2.30483e+00 3.30590e+00 2.26891e-01
2.30483e+00 3.37947e+00 1.89097e-01
2.30483e+00 3.45218e+00 1.54584e-01
2.30483e+00 3.52396e+00 1.24074e-01
2.30483e+00 3.59474e+00 9.78741e-02
2.30483e+00 3.66445e+00 7.59506e-02
2.30483e+00 3.73303e+00 5.80290e-02
2.30483e+00 3.80040e+00 4.36883e-02
2.30483e+00 3.86649e+00 3.24373e-02
2.30483e+00 3.93125e+00 2.37713e-02
2.30483e+00 3.99462e+00 1.72106e-02
2.30483e+00 4.05652e+00 1.23228e-02
2.30483e+00 4.11690e+00 8.73541e-03
2.30483e+00 4.17571e+00 6.13819e-03
2.30483e+00 4.23287e+00 4.28106e-03
2.30483e+00 4.28835e+00 2.96773e-03
2.30483e+00 4.34207e+00 2.04790e-03
2.30483e+00 4.39400e+00 1.40890e-03
2.30483e+00 4.44407e+00 9.67934e-04
2.30483e+00 4.49224e+00 6.65182e-04
2.30483e+00 4.53847e+00 4.58051e-04
2.30483e+00 4.58271e+00 3.16617e-04
2.30483e+00 4.62491e+00 2.20078e-04
2.30483e+00 4.66504e+00 1.54108e-04
2.30483e+00 4.70305e+00 1.08906e-04
2.30483e+00 4.73890e+00 7.78101e-05
2.30483e+00 4.77257e+00 5.63032e-05
2.30483e+00 4.80402e+00 4.13321e-05
2.30483e+00 4.83322e+00 3.08329e-05
2.30483e+00 4.86014e+00 2.34101e-05
2.30483e+00 4.88475e+00 1.81179e-05
2.30483e+00 4.90703e+00 1.43134e-05
2.30483e+00 4.92696e+00 1.15578e-05
2.30483e+00 4.94452e+00 9.55059e-06
2.30483e+00 4.95969e+00 8.08485e-06
2.30483e+00 4.97246e+00 7.01797e-06
2.30483e+00 4.98281e+00 6.25173e-06
2.30483e+00 4.99074e+00 5.71905e-06
2.30483e+00 4.99623e+00 5.37533e-06
2.30483e+00 4.99928e+00 5.19268e-06
2.38282e+00 7.15683e-04 5.77119e-01
2.38282e+00 3.77012e-03 5.77118e-01
2.38282e+00 9.26216e-03 5.77113e-01
2.38282e+00 1.71877e-02 5.77098e-01
2.38282e+00 2.75390e-02 5.77065e-01
2.38282e+00 4.03061e-02 5.77003e-01
2.38282e+00 5.54766e-02 5.76899e-01
2.38282e+00 7.30356e-02 5.76737e-01
2.38282e+00 9.29659e-02 5.76501e-01
2.38282e+00 1.15248e-01 5.76170e-01
2.38282e+00 1.39860e-01 5.75722e-01
2.38282e+00 1.66779e-01 5.75134e-01
2.38282e+00 1.95977e-01 5.74381e-01
2.38282e+00 2.27426e-01 5.73438e-01
2.38282e+00 2.61096e-01 5.72277e-01
2.38282e+00 2.96953e-01 5.70871e-01
2.38282e+00 3.34963e-01 5.69192e-01
2.38282e+00 3.75089e-01 5.67216e-01
2.38282e+00 4.17290e-01 5.64916e-01
2.38282e+00 4.61527e-01 5.62271e-01
2.38282e+00 5.07755e-01 5.59263e-01
2.38282e+00 5.55930e-01 5.55877e-01
2.38282e+00 6.06005e-01 5.52109e-01
2.38282e+00 6.57930e-01 5.47959e-01
2.38282e+00 7.11655e-01 5.43440e-01
2.38282e+00 7.67127e-01 5.38579e-01
2.38282e+00 8.24292e-01 5.33418e-01
2.38282e+00 8.83095e-01 5.28016e-01
2.38282e+00 9.43478e-01 5.22456e-01
2.38282e+00 1.00538e+00 5.16842e-01
2.38282e+00 1.06875e+00 5.11303e-01
2.38282e+00 1.13351e+00 5.05996e-01
2.38282e+00 1.19960e+00 5.01101e-01
2.38282e+00 1.26697e+00 4.96821e-01
2.38282e+00 1.33555e+00 4.93375e-01
2.38282e+00 1.40526e+00 4.90991e-01
2.38282e+00 1.47604e+00 4.89889e-01
2.38282e+00 1.54782e+00 4.90270e-01
2.38282e+00 1.62053e+00 4.92285e-01
2.38282e+00 1.69410e+00 4.96014e-01
2.38282e+00 1.76846e+00 5.01431e-01
2.38282e+00 1.84353e+00 5.08375e-01
2.38282e+00 1.91924e+00 5.16513e-01
2.38282e+00 1.99553e+00 5.25324e-01
2.38282e+00 2.07230e+00 5.34087e-01
2.38282e+00 2.14949e+00 5.41900e-01
2.38282e+00 2.22703e+00 5.47733e-01
2.38282e+00 2.30483e+00 5.50514e-01
2.38282e+00 2.38282e+00 5.49258e-01
2.38282e+00 2.46093e+00 5.43208e-01
2.38282e+00 2.53907e+00 5.31951e-01
2.38282e+00 2.61718e+00 5.15475e-01
2.38282e+00 2.69517e+00 4.94118e-01
2.38282e+00 2.77297e+00 4.68425e-01
2.38282e+00 2.85051e+00 4.38970e-01
2.38282e+00 2.92770e+00 4.06247e-01
2.38282e+00 3.00447e+00 3.70700e-01
2.38282e+00 3.08076e+00 3.32882e-01
2.38282e+00 3.15647e+00 2.93618e-01
2.38282e+00 3.23154e+00 2.54052e-01
2.38282e+00 3.30590e+00 2.15509e-01
2.38282e+00 3.37947e+00 1.79259e-01
2.38282e+00 3.45218e+00 1.46303e-01
2.38282e+00 3.52396e+00 1.17266e-01
2.38282e+00 3.59474e+00 9.23925e-02
2.38282e+00 3.66445e+00 7.16201e-02
2.38282e+00 3.73303e+00 5.46669e-02
2.38282e+00 3.80040e+00 4.11197e-02
2.38282e+00 3.86649e+00 3.05041e-02
2.38282e+00 3.93125e+00 2.23366e-02
2.38282e+00 3.99462e+00 1.61595e-02
2.38282e+00 4.05652e+00 1.15619e-02
2.38282e+00 4.11690e+00 8.19036e-03
2.38282e+00 4.17571e+00 5.75145e-03
2.38282e+00 4.23287e+00 4.00886e-03
2.38282e+00 4.28835e+00 2.77742e-03
2.38282e+00 4.34207e+00 1.91551e-03
2.38282e+00 4.39400e+00 1.31713e-03
2.38282e+00 4.44407e+00 9.04445e-04
2.38282e+00 4.49224e+00 6.21263e-04
2.38282e+00 4.53847e+00 4.27622e-04
2.38282e+00 4.58271e+00 2.95463e-04
2.38282e+00 4.62491e+00 2.05295e-04
2.38282e+00 4.66504e+00 1.43704e-04
2.38282e+00 4.70305e+00 1.01520e-04
2.38282e+00 4.73890e+00 7.25106e-05
2.38282e+00 4.77257e+00 5.24534e-05
2.38282e+00 4.80402e+00 3.84957e-05
2.38282e+00 4.83322e+00 2.87100e-05
2.38282e+00 4.86014e+00 2.17935e-05
2.38282e+00 4.88475e+00 1.68634e-05
2.38282e+00 4.90703e+00 1.33199e-05
2.38282e+00 4.92696e+00 1.07539e-05
2.38282e+00 4.94452e+00 8.88502e-06
2.38282e+00 4.95969e+00 7.52052e-06
2.38282e+00 4.97246e+00 6.52746e-06
2.38282e+00 4.98281e+00 5.81430e-06
2.38282e+00 4.99074e+00 5.31856e-06
2.38282e+00 4.99623e+00 4.99870e-06
2.38282e+00 4.99928e+00 4.82874e-06
2.46093e+00 7.15683e-04 5.94821e-01
2.46093e+00 3.77012e-03 5.94820e-01
2.46093e+00 9.26216e-03 5.94815e-01
2.46093e+00 1.71877e-02 5.94802e-01
2.46093e+00 2.75390e-02 5.94773e-01
2.46093e+00 4.03061e-02 5.94719e-01
2.46093e+00 5.54766e-02 5.94628e-01
2.46093e+00 7.30356e-02 5.94486e-01
2.46093e+00 9.29659e-02 5.94279e-01
2.46093e+00 1.15248e-01 5.93988e-01
2.46093e+00 1.39860e-01 5.93596e-01
2.46093e+00 1.66779e-01 5.93080e-01
2.46093e+00 1.95977e-01 5.92420e-01
2.46093e+00 2.27426e-01 5.91593e-01
2.46093e+00 2.61096e-01 5.90574e-01
2.46093e+00 2.96953e-01 5.89340e-01
2.46093e+00 3.34963e-01 5.87866e-01
2.46093e+00 3.75089e-01 5.86130e-01
2.46093e+00 4.17290e-01 5.84108e-01
2.46093e+00 4.61527e-01 5.81782e-01
2.46093e+00 5.07755e-01 5.79133e-01
2.46093e+00 5.55930e-01 5.76149e-01
2.46093e+00 6.06005e-01 5.72824e-01
2.46093e+00 6.57930e-01 5.69156e-01
2.46093e+00 7.11655e-01 5.65155e-01
2.46093e+00 7.67127e-01 5.60841e-01
2.46093e+00 8.24292e-01 5.56248e-01
2.46093e+00 8.83095e-01 5.51424e-01
2.46093e+00 9.43478e-01 5.46435e-01
2.46093e+00 1.00538e+00 5.41367e-01
2.46093e+00 1.06875e+00 5.36327e-01
2.46093e+00 1.13351e+00 5.31442e-01
2.46093e+00 1.19960e+00 5.26862e-01
2.46093e+00 1.26697e+00 5.22750e-01
2.46093e+00 1.33555e+00 5.19287e-01
2.46093e+00 1.40526e+00 5.16656e-01
2.46093e+00 1.47604e+00 5.15032e-01
2.46093e+00 1.54782e+00 5.14571e-01
2.46093e+00 1.62053e+00 5.15386e-01
2.46093e+00 1.69410e+00 5.17522e-01
2.46093e+00 1.76846e+00 5.20936e-01
2.46093e+00 1.84353e+00 5.25463e-01
2.46093e+00 1.91924e+00 5.30793e-01
2.46093e+00 1.99553e+00 5.36454e-01
2.46093e+00 2.07230e+00 5.41805e-01
2.46093e+00 2.14949e+00 5.46055e-01
2.46093e+00 2.22703e+00 5.48309e-01
2.46093e+00 2.30483e+00 5.47641e-01
2.46093e+00 2.38282e+00 5.43208e-01
2.46093e+00 2.46093e+00 5.34360e-01
2.46093e+00 2.53907e+00 5.20746e-01
2.46093e+00 2.61718e+00 5.02363e-01
2.46093e+00 2.69517e+00 4.79515e-01
2.46093e+00 2.77297e+00 4.52704e-01
2.46093e+00 2.85051e+00 4.22484e-01
2.46093e+00 2.92770e+00 3.89368e-01
2.46093e+00 3.00447e+00 3.53850e-01
2.46093e+00 3.08076e+00 3.16525e-01
2.46093e+00 3.15647e+00 2.78215e-01
2.46093e+00 3.23154e+00 2.39995e-01
2.46093e+00 3.30590e+00 2.03064e-01
2.46093e+00 3.37947e+00 1.68549e-01
2.46093e+00 3.45218e+00 1.37320e-01
2.46093e+00 3.52396e+00 1.09901e-01
2.46093e+00 3.59474e+00 8.64785e-02
2.46093e+00 3.66445e+00 6.69586e-02
2.46093e+00 3.73303e+00 5.10552e-02
2.46093e+00 3.80040e+00 3.83656e-02
2.46093e+00 3.86649e+00 2.84351e-02
2.46093e+00 3.93125e+00 2.08037e-02
2.46093e+00 3.99462e+00 1.50382e-02
2.46093e+00 4.05652e+00 1.07513e-02
2.46093e+00 4.11690e+00 7.61062e-03
2.46093e+00 4.17571e+00 5.34065e-03
2.46093e+00 4.23287e+00 3.72009e-03
2.46093e+00 4.28835e+00 2.57576e-03
2.46093e+00 4.34207e+00 1.77540e-03
2.46093e+00 4.39400e+00 1.22012e-03
2.46093e+00 4.44407e+00 8.37392e-04
2.46093e+00 4.49224e+00 5.74923e-04
2.46093e+00 4.53847e+00 3.95544e-04
2.46093e+00 4.58271e+00 2.73181e-04
2.46093e+00 4.62491e+00 1.89737e-04
2.46093e+00 4.66504e+00 1.32763e-04
2.46093e+00 4.70305e+00 9.37583e-05
2.46093e+00 4.73890e+00 6.69447e-05
2.46093e+00 4.77257e+00 4.84126e-05
2.46093e+00 4.80402e+00 3.55203e-05
2.46093e+00 4.83322e+00 2.64842e-05
2.46093e+00 4.86014e+00 2.00992e-05
2.46093e+00 4.88475e+00 1.55491e-05
2.46093e+00 4.90703e+00 1.22795e-05
2.46093e+00 4.92696e+00 9.91224e-06
2.46093e+00 4.94452e+00 8.18845e-06
2.46093e+00 4.95969e+00 6.93006e-06
2.46093e+00 4.97246e+00 6.01434e-06
2.46093e+00 4.98281e+00 5.35678e-06
2.46093e+00 4.99074e+00 4.89974e-06
2.46093e+00 4.99623e+00 4.60486e-06
2.46093e+00 4.99928e+00 4.44818e-06
2.53907e+00 7.15683e-04 6.01971e-01
2.53907e+00 3.77012e-03 6.01971e-01
2.53907e+00 9.26216e-03 6.01967e-01
2.53907e+00 1.71877e-02 6.01956e-01
2.53907e+00 2.75390e-02 6.01931e-01
2.53907e+00 4.03061e-02 6.01885e-01
2.53907e+00 5.54766e-02 6.01808e-01
2.53907e+00 7.30356e-02 6.01688e-01
2.53907e+00 9.29659e-02 6.01513e-01
2.53907e+00 1.15248e-01 6.01267e-01
2.53907e+00 1.39860e-01 6.00934e-01
2.53907e+00 1.66779e-01 6.00498e-01
2.53907e+00 1.95977e-01 5.99939e-01
2.53907e+00 2.27426e-01 5.99237e-01
2.53907e+00 2.61096e-01 5.98374e-01
2.53907e+00 2.96953e-01 5.97327e-01
2.53907e+00 3.34963e-01 5.96077e-01
2.53907e+00 3.75089e-01 5.94603e-01
2.53907e+00 4.17290e-01 5.92886e-01
2.53907e+00 4.61527e-01 5.90908e-01
2.53907e+00 5.07755e-01 5.88655e-01
2.53907e+00 5.55930e-01 5.86113e-01
2.53907e+00 6.06005e-01 5.83276e-01
2.53907e+00 6.57930e-01 5.80142e-01
2.53907e+00 7.11655e-01 5.76716e-01
2.53907e+00 7.67127e-01 5.73014e-01
2.53907e+00 8.24292e-01 5.69059e-01
2.53907e+00 8.83095e-01 5.64890e-01
2.53907e+00 9.43478e-01 5.60558e-01
2.53907e+00 1.00538e+00 5.56129e-01
2.53907e+00 1.06875e+00 5.51689e-01
2.53907e+00 1.13351e+00 5.47336e-01
2.53907e+00 1.19960e+00 5.43187e-01
2.53907e+00 1.26697e+00 5.39372e-01
2.53907e+00 1.33555e+00 5.36029e-01
2.53907e+00 1.40526e+00 5.33299e-01
2.53907e+00 1.47604e+00 5.31314e-01
2.53907e+00 1.54782e+00 5.30186e-01
2.53907e+00 1.62053e+00 5.29990e-01
2.53907e+00 1.69410e+00 5.30743e-01
2.53907e+00 1.76846e+00 5.32384e-01
2.53907e+00 1.84353e+00 5.34749e-01
2.53907e+00 1.91924e+00 5.37555e-01
2.53907e+00 1.99553e+00 5.40381e-01
2.53907e+00 2.07230e+00 5.42668e-01
2.53907e+00 2.14949e+00 5.43734e-01
2.53907e+00 2.22703e+00 5.42814e-01
2.53907e+00 2.30483e+00 5.39125e-01
2.53907e+00 2.38282e+00 5.31951e-01
2.53907e+00 2.46093e+00 5.20746e-01
2.53907e+00 2.53907e+00 5.05215e-01
2.53907e+00 2.61718e+00 4.85354e-01
2.53907e+00 2.69517e+00 4.61434e-01
2.53907e+00 2.77297e+00 4.33908e-01
2.53907e+00 2.85051e+00 4.03304e-01
2.53907e+00 2.92770e+00 3.70154e-01
2.53907e+00 3.00447e+00 3.34997e-01
2.53907e+00 3.08076e+00 2.98469e-01
2.53907e+00 3.15647e+00 2.61389e-01
2.53907e+00 3.23154e+00 2.24760e-01
2.53907e+00 3.30590e+00 1.89659e-01
2.53907e+00 3.37947e+00 1.57068e-01
2.53907e+00 3.45218e+00 1.27726e-01
2.53907e+00 3.52396e+00 1.02061e-01
2.53907e+00 3.59474e+00 8.01987e-02
2.53907e+00 3.66445e+00 6.20204e-02
2.53907e+00 3.73303e+00 4.72372e-02
2.53907e+00 3.80040e+00 3.54600e-02
2.53907e+00 3.86649e+00 2.62561e-02
2.53907e+00 3.93125e+00 1.91920e-02
2.53907e+00 3.99462e+00 1.38613e-02
2.53907e+00 4.05652e+00 9.90187e-03
2.53907e+00 4.11690e+00 7.00391e-03
2.53907e+00 4.17571e+00 4.91133e-03
2.53907e+00 4.23287e+00 3.41869e-03
2.53907e+00 4.28835e+00 2.36554e-03
2.53907e+00 4.34207e+00 1.62950e-03
2.53907e+00 4.39400e+00 1.11920e-03
2.53907e+00 4.44407e+00 7.67714e-04
2.53907e+00 4.49224e+00 5.26815e-04
2.53907e+00 4.53847e+00 3.62272e-04
2.53907e+00 4.58271e+00 2.50089e-04
2.53907e+00 4.62491e+00 1.73625e-04
2.53907e+00 4.66504e+00 1.21442e-04
2.53907e+00 4.70305e+00 8.57316e-05
2.53907e+00 4.73890e+00 6.11927e-05
2.53907e+00 4.77257e+00 4.42390e-05
2.53907e+00 4.80402e+00 3.24487e-05
2.53907e+00 4.83322e+00 2.41876e-05
2.53907e+00 4.86014e+00 1.83518e-05
2.53907e+00 4.88475e+00 1.41942e-05
2.53907e+00 4.90703e+00 1.12073e-05
2.53907e+00 4.92696e+00 9.04518e-06
2.53907e+00 4.94452e+00 7.47105e-06
2.53907e+00 4.95969e+00 6.32208e-06
2.53907e+00 4.97246e+00 5.48610e-06
2.53907e+00 4.98281e+00 4.88587e-06
2.53907e+00 4.99074e+00 4.46870e-06
2.53907e+00 4.99623e+00 4.19957e-06
2.53907e+00 4.99928e+00 4.05657e-06
2.61718e+00 7.15683e-04 5.99197e-01
2.61718e+00 3.77012e-03 5.99197e-01
2.61718e+00 9.26216e-03 5.99194e-01
2.61718e+00 1.71877e-02 5.99185e-01
2.61718e+00 2.75390e-02 5.99165e-01
2.61718e+00 4.03061e-02 5.99127e-01
2.61718e+00 5.54766e-02 5.99064e-01
2.61718e+00 7.30356e-02 5.98967e-01
2.61718e+00 9.29659e-02 5.98824e-01
2.61718e+00 1.15248e-01 5.98623e-01
2.61718e+00 1.39860e-01 5.98352e-01
2.61718e+00 1.66779e-01 5.97997e-01
2.61718e+00 1.95977e-01 5.97541e-01
2.61718e+00 2.27426e-01 5.96969e-01
2.61718e+00 2.61096e-01 5.96265e-01
2.61718e+00 2.96953e-01 5.95411e-01
2.61718e+00 3.34963e-01 5.94390e-01
2.61718e+00 3.75089e-01 5.93186e-01
2.61718e+00 4.17290e-01 5.91782e-01
2.61718e+00 4.61527e-01 5.90163e-01
2.61718e+00 5.07755e-01 5.88316e-01
2.61718e+00 5.55930e-01 5.86230e-01
2.61718e+00 6.06005e-01 5.83898e-01
2.61718e+00 6.57930e-01 5.81316e-01
2.61718e+00 7.11655e-01 5.78487e-01
2.61718e+00 7.67127e-01 5.75421e-01
2.61718e+00 8.24292e-01 5.72134e-01
2.61718e+00 8.83095e-01 5.68654e-01
2.61718e+00 9.43478e-01 5.65018e-01
2.61718e+00 1.00538e+00 5.61275e-01
2.61718e+00 1.06875e+00 5.57487e-01
2.61718e+00 1.13351e+00 5.53729e-01
2.61718e+00 1.19960e+00 5.50085e-01
2.61718e+00 1.26697e+00 5.46650e-01
2.61718e+00 1.33555e+00 5.43525e-01
2.61718e+00 1.40526e+00 5.40810e-01
2.61718e+00 1.47604e+00 5.38596e-01
2.61718e+00 1.54782e+00 5.36954e-01
2.61718e+00 1.62053e+00 5.35926e-01
2.61718e+00 1.69410e+00 5.35500e-01
2.61718e+00 1.76846e+00 5.35603e-01
2.61718e+00 1.84353e+00 5.36076e-01
2.61718e+00 1.91924e+00 5.36660e-01
2.61718e+00 1.99553e+00 5.36990e-01
2.61718e+00 2.07230e+00 5.36585e-01
2.61718e+00 2.14949e+00 5.34870e-01
2.61718e+00 2.22703e+00 5.31205e-01
2.61718e+00 2.30483e+00 5.24938e-01
2.61718e+00 2.38282e+00 5.15475e-01
2.61718e+00 2.46093e+00 5.02363e-01
2.61718e+00 2.53907e+00 4.85354e-01
2.61718e+00 2.61718e+00 4.64448e-01
2.61718e+00 2.69517e+00 4.39877e-01
2.61718e+00 2.77297e+00 4.12048e-01
2.61718e+00 2.85051e+00 3.81465e-01
2.61718e+00 2.92770e+00 3.48668e-01
2.61718e+00 3.00447e+00 3.14237e-01
2.61718e+00 3.08076e+00 2.78840e-01
2.61718e+00 3.15647e+00 2.43285e-01
2.61718e+00 3.23154e+00 2.08501e-01
2.61718e+00 3.30590e+00 1.75444e-01
2.61718e+00 3.37947e+00 1.44953e-01
2.61718e+00 3.45218e+00 1.17643e-01
2.61718e+00 3.52396e+00 9.38472e-02
2.61718e+00 3.59474e+00 7.36379e-02
2.61718e+00 3.66445e+00 5.68736e-02
2.61718e+00 3.73303e+00 4.32666e-02
2.61718e+00 3.80040e+00 3.24442e-02
2.61718e+00 3.86649e+00 2.39988e-02
2.61718e+00 3.93125e+00 1.75253e-02
2.61718e+00 3.99462e+00 1.26462e-02
2.61718e+00 4.05652e+00 9.02614e-03
2.61718e+00 4.11690e+00 6.37934e-03
2.61718e+00 4.17571e+00 4.46997e-03
2.61718e+00 4.23287e+00 3.10923e-03
2.61718e+00 4.28835e+00 2.14995e-03
2.61718e+00 4.34207e+00 1.48005e-03
2.61718e+00 4.39400e+00 1.01594e-03
2.61718e+00 4.44407e+00 6.96487e-04
2.61718e+00 4.49224e+00 4.77684e-04
2.61718e+00 4.53847e+00 3.28322e-04
2.61718e+00 4.58271e+00 2.26546e-04
2.61718e+00 4.62491e+00 1.57212e-04
2.61718e+00 4.66504e+00 1.09917e-04
2.61718e+00 4.70305e+00 7.75657e-05
2.61718e+00 4.73890e+00 5.53447e-05
2.61718e+00 4.77257e+00 3.99981e-05
2.61718e+00 4.80402e+00 2.93292e-05
2.61718e+00 4.83322e+00 2.18563e-05
2.61718e+00 4.86014e+00 1.65789e-05
2.61718e+00 4.88475e+00 1.28200e-05
2.61718e+00 4.90703e+00 1.01202e-05
2.61718e+00 4.92696e+00 8.16636e-06
2.61718e+00 4.94452e+00 6.74410e-06
2.61718e+00 4.95969e+00 5.70616e-06
2.61718e+00 4.97246e+00 4.95107e-06
2.61718e+00 4.98281e+00 4.40897e-06
2.61718e+00 4.99074e+00 4.03225e-06
2.61718e+00 4.99623e+00 3.78922e-06
2.61718e+00 4.99928e+00 3.66009e-06
2.69517e+00 7.15683e-04 5.87577e-01
2.69517e+00 3.77012e-03 5.87577e-01
2.69517e+00 9.26216e-03 5.87574e-01
2.69517e+00 1.71877e-02 5.87567e-01
2.69517e+00 2.75390e-02 5.87552e-01
2.69517e+00 4.03061e-02 5.87523e-01
2.69517e+00 5.54766e-02 5.87474e-01
2.69517e+00 7.30356e-02 5.87398e-01
2.69517e+00 9.29659e-02 5.87286e-01
2.69517e+00 1.15248e-01 5.87130e-01
2.69517e+00 1.39860e-01 5.86919e-01
2.69517e+00 1.66779e-01 5.86642e-01
2.69517e+00 1.95977e-01 5.86287e-01
2.69517e+00 2.27426e-01 5.85842e-01
2.69517e+00 2.61096e-01 5.85292e-01
2.69517e+00 2.96953e-01 5.84626e-01
2.69517e+00 3.34963e-01 5.83829e-01
2.69517e+00 3.75089e-01 5.82887e-01
2.69517e+00 4.17290e-01 5.81788e-01
2.69517e+00 4.61527e-01 5.80519e-01
2.69517e+00 5.07755e-01 5.79070e-01
2.69517e+00 5.55930e-01 5.77429e-01
2.69517e+00 6.06005e-01 5.75591e-01
2.69517e+00 6.57930e-01 5.73551e-01
2.69517e+00 7.11655e-01 5.71309e-01
2.69517e+00 7.67127e-01 5.68870e-01
2.69517e+00 8.24292e-01 5.66243e-01
2.69517e+00 8.83095e-01 5.63446e-01
2.69517e+00 9.43478e-01 5.60505e-01
2.69517e+00 1.00538e+00 5.57451e-01
2.69517e+00 1.06875e+00 5.54326e-01
2.69517e+00 1.13351e+00 5.51180e-01
2.69517e+00 1.19960e+00 5.48071e-01
2.69517e+00 1.26697e+00 5.45062e-01
2.69517e+00 1.33555e+00 5.42217e-01
2.69517e+00 1.40526e+00 5.39600e-01
2.69517e+00 1.47604e+00 5.37263e-01
2.69517e+00 1.54782e+00 5.35243e-01
2.69517e+00 1.62053e+00 5.33547e-01
2.69517e+00 1.69410e+00 5.32142e-01
2.69517e+00 1.76846e+00 5.30944e-01
2.69517e+00 1.84353e+00 5.29798e-01
2.69517e+00 1.91924e+00 5.28475e-01
2.69517e+00 1.99553e+00 5.26655e-01
2.69517e+00 2.07230e+00 5.23939e-01
2.69517e+00 2.14949e+00 5.19849e-01
2.69517e+00 2.22703e+00 5.13860e-01
2.69517e+00 2.30483e+00 5.05444e-01
2.69517e+00 2.38282e+00 4.94118e-01
2.69517e+00 2.46093e+00 4.79515e-01
2.69517e+00 2.53907e+00 4.61434e-01
2.69517e+00 2.61718e+00 4.39877e-01
2.69517e+00 2.69517e+00 4.15047e-01
2.69517e+00 2.77297e+00 3.87310e-01
2.69517e+00 2.85051e+00 3.57145e-01
2.69517e+00 2.92770e+00 3.25095e-01
2.69517e+00 3.00447e+00 2.91767e-01
2.69517e+00 3.08076e+00 2.57845e-01
2.69517e+00 3.15647e+00 2.24114e-01
2.69517e+00 3.23154e+00 1.91425e-01
2.69517e+00 3.30590e+00 1.60610e-01
2.69517e+00 3.37947e+00 1.32376e-01
2.69517e+00 3.45218e+00 1.07217e-01
2.69517e+00 3.52396e+00 8.53832e-02
2.69517e+00 3.59474e+00 6.68963e-02
2.69517e+00 3.66445e+00 5.15979e-02
2.69517e+00 3.73303e+00 3.92055e-02
2.69517e+00 3.80040e+00 2.93659e-02
2.69517e+00 3.86649e+00 2.16990e-02
2.69517e+00 3.93125e+00 1.58302e-02
2.69517e+00 3.99462e+00 1.14123e-02
2.69517e+00 4.05652e+00 8.13828e-03
2.69517e+00 4.11690e+00 5.74704e-03
2.69517e+00 4.17571e+00 4.02374e-03
2.69517e+00 4.23287e+00 2.79676e-03
2.69517e+00 4.28835e+00 1.93253e-03
2.69517e+00 4.34207e+00 1.32949e-03
2.69517e+00 4.39400e+00 9.12026e-04
2.69517e+00 4.44407e+00 6.24881e-04
2.69517e+00 4.49224e+00 4.28337e-04
2.69517e+00 4.53847e+00 2.94253e-04
2.69517e+00 4.58271e+00 2.02939e-04
2.69517e+00 4.62491e+00 1.40766e-04
2.69517e+00 4.66504e+00 9.83769e-05
2.69517e+00 4.70305e+00 6.93952e-05
2.69517e+00 4.73890e+00 4.94968e-05
2.69517e+00 4.77257e+00 3.57597e-05
2.69517e+00 4.80402e+00 2.62133e-05
2.69517e+00 4.83322e+00 1.95287e-05
2.69517e+00 4.86014e+00 1.48095e-05
2.69517e+00 4.88475e+00 1.14491e-05
2.69517e+00 4.90703e+00 9.03613e-06
2.69517e+00 4.92696e+00 7.29022e-06
2.69517e+00 4.94452e+00 6.01958e-06
2.69517e+00 4.95969e+00 5.09244e-06
2.69517e+00 4.97246e+00 4.41804e-06
2.69517e+00 4.98281e+00 3.93394e-06
2.69517e+00 4.99074e+00 3.59755e-06
2.69517e+00 4.99623e+00 3.38055e-06
2.69517e+00 4.99928e+00 3.26526e-06
2.77297e+00 7.15683e-04 5.68329e-01
2.77297e+00 3.77012e-03 5.68329e-01
2.77297e+00 9.26216e-03 5.68327e-01
2.77297e+00 1.71877e-02 5.68322e-01
2.77297e+00 2.75390e-02 5.68311e-01
2.77297e+00 4.03061e-02 5.68289e-01
2.77297e+00 5.54766e-02 5.68253e-01
2.77297e+00 7.30356e-02 5.68197e-01
2.77297e+00 9.29659e-02 5.68115e-01
2.77297e+00 1.15248e-01 5.68000e-01
2.77297e+00 1.39860e-01 5.67845e-01
2.77297e+00 1.66779e-01 5.67641e-01
2.77297e+00 1.95977e-01 5.67379e-01
2.77297e+00 2.27426e-01 5.67051e-01
2.77297e+00 2.61096e-01 5.66646e-01
2.77297e+00 2.96953e-01 5.66153e-01
2.77297e+00 3.34963e-01 5.65564e-01
2.77297e+00 3.75089e-01 5.64867e-01
2.77297e+00 4.17290e-01 5.64052e-01
2.77297e+00 4.61527e-01 5.63109e-01
2.77297e+00 5.07755e-01 5.62030e-01
2.77297e+00 5.55930e-01 5.60805e-01
2.77297e+00 6.06005e-01 5.59428e-01
2.77297e+00 6.57930e-01 5.57894e-01
2.77297e+00 7.11655e-01 5.56201e-01
2.77297e+00 7.67127e-01 5.54350e-01
2.77297e+00 8.24292e-01 5.52344e-01
2.77297e+00 8.83095e-01 5.50192e-01
2.77297e+00 9.43478e-01 5.47909e-01
2.77297e+00 1.00538e+00 5.45511e-01
2.77297e+00 1.06875e+00 5.43024e-01
2.77297e+00 1.13351e+00 5.40475e-01
2.77297e+00 1.19960e+00 5.37897e-01
2.77297e+00 1.26697e+00 5.35325e-01
2.77297e+00 1.33555e+00 5.32793e-01
2.77297e+00 1.40526e+00 5.30329e-01
2.77297e+00 1.47604e+00 5.27955e-01
2.77297e+00 1.54782e+00 5.25674e-01
2.77297e+00 1.62053e+00 5.23465e-01
2.77297e+00 1.69410e+00 5.21277e-01
2.77297e+00 1.76846e+00 5.19014e-01
2.77297e+00 1.84353e+00 5.16529e-01
2.77297e+00 1.91924e+00 5.13615e-01
2.77297e+00 1.99553e+00 5.10002e-01
2.77297e+00 2.07230e+00 5.05355e-01
2.77297e+00 2.14949e+00 4.99289e-01
2.77297e+00 2.22703e+00 4.91385e-01
2.77297e+00 2.30483e+00 4.81223e-01
2.77297e+00 2.38282e+00 4.68425e-01
2.77297e+00 2.46093e+00 4.52704e-01
2.77297e+00 2.53907e+00 4.33908e-01
2.77297e+00 2.61718e+00 4.12048e-01
2.77297e+00 2.69517e+00 3.87310e-01
2.77297e+00 2.77297e+00 3.60029e-01
2.77297e+00 2.85051e+00 3.30659e-01
2.77297e+00 2.92770e+00 2.99741e-01
2.77297e+00 3.00447e+00 2.67885e-01
2.77297e+00 3.08076e+00 2.35776e-01
2.77297e+00 3.15647e+00 2.04156e-01
2.77297e+00 3.23154e+00 1.73789e-01
2.77297e+00 3.30590e+00 1.45390e-01
2.77297e+00 3.37947e+00 1.19538e-01
2.77297e+00 3.45218e+00 9.66195e-02
2.77297e+00 3.52396e+00 7.68084e-02
2.77297e+00 3.59474e+00 6.00859e-02
2.77297e+00 3.66445e+00 4.62815e-02
2.77297e+00 3.73303e+00 3.51221e-02
2.77297e+00 3.80040e+00 2.62769e-02
2.77297e+00 3.86649e+00 1.93955e-02
2.77297e+00 3.93125e+00 1.41353e-02
2.77297e+00 3.99462e+00 1.01806e-02
2.77297e+00 4.05652e+00 7.25333e-03
2.77297e+00 4.11690e+00 5.11770e-03
2.77297e+00 4.17571e+00 3.58021e-03
2.77297e+00 4.23287e+00 2.48657e-03
2.77297e+00 4.28835e+00 1.71695e-03
2.77297e+00 4.34207e+00 1.18037e-03
2.77297e+00 4.39400e+00 8.09214e-04
2.77297e+00 4.44407e+00 5.54104e-04
2.77297e+00 4.49224e+00 3.79606e-04
2.77297e+00 4.53847e+00 2.60638e-04
2.77297e+00 4.58271e+00 1.79666e-04
2.77297e+00 4.62491e+00 1.24565e-04
2.77297e+00 4.66504e+00 8.70167e-05
2.77297e+00 4.70305e+00 6.13569e-05
2.77297e+00 4.73890e+00 4.37470e-05
2.77297e+00 4.77257e+00 3.15948e-05
2.77297e+00 4.80402e+00 2.31529e-05
2.77297e+00 4.83322e+00 1.72437e-05
2.77297e+00 4.86014e+00 1.30732e-05
2.77297e+00 4.88475e+00 1.01044e-05
2.77297e+00 4.90703e+00 7.97309e-06
2.77297e+00 4.92696e+00 6.43135e-06
2.77297e+00 4.94452e+00 5.30953e-06
2.77297e+00 4.95969e+00 4.49111e-06
2.77297e+00 4.97246e+00 3.89588e-06
2.77297e+00 4.98281e+00 3.46866e-06
2.77297e+00 4.99074e+00 3.17182e-06
2.77297e+00 4.99623e+00 2.98035e-06
2.77297e+00 4.99928e+00 2.87863e-06
2.85051e+00 7.15683e-04 5.42470e-01
2.85051e+00 3.77012e-03 5.42470e-01
2.85051e+00 9.26216e-03 5.42469e-01
2.85051e+00 1.71877e-02 5.42465e-01
2.85051e+00 2.75390e-02 5.42457e-01
2.85051e+00 4.03061e-02 5.42443e-01
2.85051e+00 5.54766e-02 5.42418e-01
2.85051e+00 7.30356e-02 5.42380e-01
2.85051e+00 9.29659e-02 5.42324e-01
2.85051e+00 1.15248e-01 5.42246e-01
2.85051e+00 1.39860e-01 5.42140e-01
2.85051e+00 1.66779e-01 5.42001e-01
2.85051e+00 1.95977e-01 5.41823e-01
2.85051e+00 2.27426e-01 5.41598e-01
2.85051e+00 2.61096e-01 5.41321e-01
2.85051e+00 2.96953e-01 5.40983e-01
2.85051e+00 3.34963e-01 5.40579e-01
2.85051e+00 3.75089e-01 5.40099e-01
2.85051e+00 4.17290e-01 5.39537e-01
2.85051e+00 4.61527e-01 5.38884e-01
2.85051e+00 5.07755e-01 5.38135e-01
2.85051e+00 5.55930e-01 5.37280e-01
2.85051e+00 6.06005e-01 5.36315e-01
2.85051e+00 6.57930e-01 5.35234e-01
2.85051e+00 7.11655e-01 5.34032e-01
2.85051e+00 7.67127e-01 5.32708e-01
2.85051e+00 8.24292e-01 5.31260e-01
2.85051e+00 8.83095e-01 5.29690e-01
2.85051e+00 9.43478e-01 5.28002e-01
2.85051e+00 1.00538e+00 5.26202e-01
2.85051e+00 1.06875e+00 5.24300e-01
2.85051e+00 1.13351e+00 5.22304e-01
2.85051e+00 1.19960e+00 5.20227e-01
2.85051e+00 1.26697e+00 5.18080e-01
2.85051e+00 1.33555e+00 5.15868e-01
2.85051e+00 1.40526e+00 5.13595e-01
2.85051e+00 1.47604e+00 5.11252e-01
2.85051e+00 1.54782e+00 5.08816e-01
2.85051e+00 1.62053e+00 5.06243e-01
2.85051e+00 1.69410e+00 5.03464e-01
2.85051e+00 1.76846e+00 5.00375e-01
2.85051e+00 1.84353e+00 4.96834e-01
2.85051e+00 1.91924e+00 4.92657e-01
2.85051e+00 1.99553e+00 4.87612e-01
2.85051e+00 2.07230e+00 4.81426e-01
2.85051e+00 2.14949e+00 4.73789e-01
2.85051e+00 2.22703e+00 4.64376e-01
2.85051e+00 2.30483e+00 4.52864e-01
2.85051e+00 2.38282e+00 4.38970e-01
2.85051e+00 2.46093e+00 4.22484e-01
2.85051e+00 2.53907e+00 4.03304e-01
2.85051e+00 2.61718e+00 3.81465e-01
2.85051e+00 2.69517e+00 3.57145e-01
2.85051e+00 2.77297e+00 3.30659e-01
2.85051e+00 2.85051e+00 3.02441e-01
2.85051e+00 2.92770e+00 2.73017e-01
2.85051e+00 3.00447e+00 2.42984e-01
2.85051e+00 3.08076e+00 2.12999e-01
2.85051e+00 3.15647e+00 1.83745e-01
2.85051e+00 3.23154e+00 1.55894e-01
2.85051e+00 3.30590e+00 1.30045e-01
2.85051e+00 3.37947e+00 1.06661e-01
2.85051e+00 3.45218e+00 8.60331e-02
2.85051e+00 3.52396e+00 6.82715e-02
2.85051e+00 3.59474e+00 5.33247e-02
2.85051e+00 3.66445e+00 4.10166e-02
2.85051e+00 3.73303e+00 3.10871e-02
2.85051e+00 3.80040e+00 2.32306e-02
2.85051e+00 3.86649e+00 1.71280e-02
2.85051e+00 3.93125e+00 1.24697e-02
2.85051e+00 3.99462e+00 8.97217e-03
2.85051e+00 4.05652e+00 6.38643e-03
2.85051e+00 4.11690e+00 4.50208e-03
2.85051e+00 4.17571e+00 3.14692e-03
2.85051e+00 4.23287e+00 2.18392e-03
2.85051e+00 4.28835e+00 1.50686e-03
2.85051e+00 4.34207e+00 1.03522e-03
2.85051e+00 4.39400e+00 7.09234e-04
2.85051e+00 4.44407e+00 4.85343e-04
2.85051e+00 4.49224e+00 3.32306e-04
2.85051e+00 4.53847e+00 2.28037e-04
2.85051e+00 4.58271e+00 1.57114e-04
2.85051e+00 4.62491e+00 1.08877e-04
2.85051e+00 4.66504e+00 7.60240e-05
2.85051e+00 4.70305e+00 5.35837e-05
2.85051e+00 4.73890e+00 3.81901e-05
2.85051e+00 4.77257e+00 2.75718e-05
2.85051e+00 4.80402e+00 2.01982e-05
2.85051e+00 4.83322e+00 1.50387e-05
2.85051e+00 4.86014e+00 1.13984e-05
2.85051e+00 4.88475e+00 8.80773e-06
2.85051e+00 4.90703e+00 6.94842e-06
2.85051e+00 4.92696e+00 5.60373e-06
2.85051e+00 4.94452e+00 4.62548e-06
2.85051e+00 4.95969e+00 3.91193e-06
2.85051e+00 4.97246e+00 3.39305e-06
2.85051e+00 4.98281e+00 3.02067e-06
2.85051e+00 4.99074e+00 2.76197e-06
2.85051e+00 4.99623e+00 2.59510e-06
2.85051e+00 4.99928e+00 2.50646e-06
2.92770e+00 7.15683e-04 5.10641e-01
2.92770e+00 3.77012e-03 5.10640e-01
2.92770e+00 9.26216e-03 5.10640e-01
2.92770e+00 1.71877e-02 5.10638e-01
2.92770e+00 2.75390e-02 5.10633e-01
2.92770e+00 4.03061e-02 5.10624e-01
2.92770e+00 5.54766e-02 5.10609e-01
2.92770e+00 7.30356e-02 5.10586e-01
2.92770e+00 9.29659e-02 5.10553e-01
2.92770e+00 1.15248e-01 5.10506e-01
2.92770e+00 1.39860e-01 5.10442e-01
2.92770e+00 1.66779e-01 5.10358e-01
2.92770e+00 1.95977e-01 5.10250e-01
2.92770e+00 2.27426e-01 5.10114e-01
2.92770e+00 2.61096e-01 5.09945e-01
2.92770e+00 2.96953e-01 5.09739e-01
2.92770e+00 3.34963e-01 5.09492e-01
2.92770e+00 3.75089e-01 5.09197e-01
2.92770e+00 4.17290e-01 5.08850e-01
2.92770e+00 4.61527e-01 5.08445e-01
2.92770e+00 5.07755e-01 5.07976e-01
2.92770e+00 5.55930e-01 5.07437e-01
2.92770e+00 6.06005e-01 5.06824e-01
2.92770e+00 6.57930e-01 5.06129e-01
2.92770e+00 7.11655e-01 5.05349e-01
2.92770e+00 7.67127e-01 5.04477e-01
2.92770e+00 8.24292e-01 5.03509e-01
2.92770e+00 8.83095e-01 5.02442e-01
2.92770e+00 9.43478e-01 5.01271e-01
2.92770e+00 1.00538e+00 4.99992e-01
2.92770e+00 1.06875e+00 4.98604e-01
2.92770e+00 1.13351e+00 4.97101e-01
2.92770e+00 1.19960e+00 4.95477e-01
2.92770e+00 1.26697e+00 4.93724e-01
2.92770e+00 1.33555e+00 4.91828e-01
2.92770e+00 1.40526e+00 4.89769e-01
2.92770e+00 1.47604e+00 4.87515e-01
2.92770e+00 1.54782e+00 4.85021e-01
2.92770e+00 1.62053e+00 4.82226e-01
2.92770e+00 1.69410e+00 4.79047e-01
2.92770e+00 1.76846e+00 4.75374e-01
2.92770e+00 1.84353e+00 4.71070e-01
2.92770e+00 1.91924e+00 4.65969e-01
2.92770e+00 1.99553e+00 4.59872e-01
2.92770e+00 2.07230e+00 4.52555e-01
2.92770e+00 2.14949e+00 4.43774e-01
2.92770e+00 2.22703e+00 4.33281e-01
2.92770e+00 2.30483e+00 4.20839e-01
2.92770e+00 2.38282e+00 4.06247e-01
2.92770e+00 2.46093e+00 3.89368e-01
2.92770e+00 2.53907e+00 3.70154e-01
2.92770e+00 2.61718e+00 3.48668e-01
2.92770e+00 2.69517e+00 3.25095e-01
2.92770e+00 2.77297e+00 2.99741e-01
2.92770e+00 2.85051e+00 2.73017e-01
2.92770e+00 2.92770e+00 2.45424e-01
2.92770e+00 3.00447e+00 2.17529e-01
2.92770e+00 3.08076e+00 1.89936e-01
2.92770e+00 3.15647e+00 1.63257e-01
2.92770e+00 3.23154e+00 1.38066e-01
2.92770e+00 3.30590e+00 1.14851e-01
2.92770e+00 3.37947e+00 9.39747e-02
2.92770e+00 3.45218e+00 7.56459e-02
2.92770e+00 3.52396e+00 5.99229e-02
2.92770e+00 3.59474e+00 4.67312e-02
2.92770e+00 3.66445e+00 3.58946e-02
2.92770e+00 3.73303e+00 2.71701e-02
2.92770e+00 3.80040e+00 2.02793e-02
2.92770e+00 3.86649e+00 1.49352e-02
2.92770e+00 3.93125e+00 1.08618e-02
2.92770e+00 3.99462e+00 7.80740e-03
2.92770e+00 4.05652e+00 5.55208e-03
2.92770e+00 4.11690e+00 3.91041e-03
2.92770e+00 4.17571e+00 2.73103e-03
2.92770e+00 4.23287e+00 1.89379e-03
2.92770e+00 4.28835e+00 1.30569e-03
2.92770e+00 4.34207e+00 8.96375e-04
2.92770e+00 4.39400e+00 6.13701e-04
2.92770e+00 4.44407e+00 4.19704e-04
2.92770e+00 4.49224e+00 2.87195e-04
2.92770e+00 4.53847e+00 1.96971e-04
2.92770e+00 4.58271e+00 1.35640e-04
2.92770e+00 4.62491e+00 9.39503e-05
2.92770e+00 4.66504e+00 6.55716e-05
2.92770e+00 4.70305e+00 4.61971e-05
2.92770e+00 4.73890e+00 3.29127e-05
2.92770e+00 4.77257e+00 2.37532e-05
2.92770e+00 4.80402e+00 1.73950e-05
2.92770e+00 4.83322e+00 1.29476e-05
2.92770e+00 4.86014e+00 9.81078e-06
2.92770e+00 4.88475e+00 7.57908e-06
2.92770e+00 4.90703e+00 5.97780e-06
2.92770e+00 4.92696e+00 4.82000e-06
2.92770e+00 4.94452e+00 3.97788e-06
2.92770e+00 4.95969e+00 3.36373e-06
2.92770e+00 4.97246e+00 2.91720e-06
2.92770e+00 4.98281e+00 2.59679e-06
2.92770e+00 4.99074e+00 2.37421e-06
2.92770e+00 4.99623e+00 2.23065e-06
2.92770e+00 4.99928e+00 2.15439e-06
3.00447e+00 7.15683e-04 4.73231e-01
3.00447e+00 3.77012e-03 4.73231e-01
3.00447e+00 9.26216e-03 4.73230e-01
3.00447e+00 1.71877e-02 4.73229e-01
3.00447e+00 2.75390e-02 4.73227e-01
3.00447e+00 4.03061e-02 4.73223e-01
3.00447e+00 5.54766e-02 4.73216e-01
3.00447e+00 7.30356e-02 4.73205e-01
3.00447e+00 9.29659e-02 4.73190e-01
3.00447e+00 1.15248e-01 4.73168e-01
3.00447e+00 1.39860e-01 4.73138e-01
3.00447e+00 1.66779e-01 4.73098e-01
3.00447e+00 1.95977e-01 4.73048e-01
3.00447e+00 2.27426e-01 4.72983e-01
3.00447e+00 2.61096e-01 4.72903e-01
3.00447e+00 2.96953e-01 4.72804e-01
3.00447e+00 3.34963e-01 4.72684e-01
3.00447e+00 3.75089e-01 4.72539e-01
3.00447e+00 4.17290e-01 4.72367e-01
3.00447e+00 4.61527e-01 4.72163e-01
3.00447e+00 5.07755e-01 4.71922e-01
3.00447e+00 5.55930e-01 4.71642e-01
3.00447e+00 6.06005e-01 4.71315e-01
3.00447e+00 6.57930e-01 4.70937e-01
3.00447e+00 7.11655e-01 4.70501e-01
3.00447e+00 7.67127e-01 4.70001e-01
3.00447e+00 8.24292e-01 4.69429e-01
3.00447e+00 8.83095e-01 4.68777e-01
3.00447e+00 9.43478e-01 4.68035e-01
3.00447e+00 1.00538e+00 4.67194e-01
3.00447e+00 1.06875e+00 4.66240e-01
3.00447e+00 1.13351e+00 4.65159e-01
3.00447e+00 1.19960e+00 4.63932e-01
3.00447e+00 1.26697e+00 4.62535e-01
3.00447e+00 1.33555e+00 4.60939e-01
3.00447e+00 1.40526e+00 4.59108e-01
3.00447e+00 1.47604e+00 4.56992e-01
3.00447e+00 1.54782e+00 4.54532e-01
3.00447e+00 1.62053e+00 4.51653e-01
3.00447e+00 1.69410e+00 4.48262e-01
3.00447e+00 1.76846e+00 4.44248e-01
3.00447e+00 1.84353e+00 4.39478e-01
3.00447e+00 1.91924e+00 4.33801e-01
3.00447e+00 1.99553e+00 4.27047e-01
3.00447e+00 2.07230e+00 4.19030e-01
3.00447e+00 2.14949e+00 4.09562e-01
3.00447e+00 2.22703e+00 3.98455e-01
3.00447e+00 2.30483e+00 3.85545e-01
3.00447e+00 2.38282e+00 3.70700e-01
3.00447e+00 2.46093e+00 3.53850e-01
3.00447e+00 2.53907e+00 3.34997e-01
3.00447e+00 2.61718e+00 3.14237e-01
3.00447e+00 2.69517e+00 2.91767e-01
3.00447e+00 2.77297e+00 2.67885e-01
3.00447e+00 2.85051e+00 2.42984e-01
3.00447e+00 2.92770e+00 2.17529e-01
3.00447e+00 3.00447e+00 1.92037e-01
3.00447e+00 3.08076e+00 1.67049e-01
3.00447e+00 3.15647e+00 1.43090e-01
3.00447e+00 3.23154e+00 1.20640e-01
3.00447e+00 3.30590e+00 1.00088e-01
3.00447e+00 3.37947e+00 8.17065e-02
3.00447e+00 3.45218e+00 6.56399e-02
3.00447e+00 3.52396e+00 5.19066e-02
3.00447e+00 3.59474e+00 4.04172e-02
3.00447e+00 3.66445e+00 3.10014e-02
3.00447e+00 3.73303e+00 2.34360e-02
3.00447e+00 3.80040e+00 1.74712e-02
3.00447e+00 3.86649e+00 1.28525e-02
3.00447e+00 3.93125e+00 9.33714e-03
3.00447e+00 3.99462e+00 6.70472e-03
3.00447e+00 4.05652e+00 4.76336e-03
3.00447e+00 4.11690e+00 3.35187e-03
3.00447e+00 4.17571e+00 2.33894e-03
3.00447e+00 4.23287e+00 1.62059e-03
3.00447e+00 4.28835e+00 1.11647e-03
3.00447e+00 4.34207e+00 7.65927e-04
3.00447e+00 4.39400e+00 5.24035e-04
3.00447e+00 4.44407e+00 3.58154e-04
3.00447e+00 4.49224e+00 2.44930e-04
3.00447e+00 4.53847e+00 1.67890e-04
3.00447e+00 4.58271e+00 1.15553e-04
3.00447e+00 4.62491e+00 7.99978e-05
3.00447e+00 4.66504e+00 5.58080e-05
3.00447e+00 4.70305e+00 3.93016e-05
3.00447e+00 4.73890e+00 2.79891e-05
3.00447e+00 4.77257e+00 2.01924e-05
3.00447e+00 4.80402e+00 1.47824e-05
3.00447e+00 4.83322e+00 1.09996e-05
3.00447e+00 4.86014e+00 8.33237e-06
3.00447e+00 4.88475e+00 6.43534e-06
3.00447e+00 4.90703e+00 5.07456e-06
3.00447e+00 4.92696e+00 4.09088e-06
3.00447e+00 4.94452e+00 3.37555e-06
3.00447e+00 4.95969e+00 2.85397e-06
3.00447e+00 4.97246e+00 2.47480e-06
3.00447e+00 4.98281e+00 2.20276e-06
3.00447e+00 4.99074e+00 2.01379e-06
3.00447e+00 4.99623e+00 1.89193e-06
3.00447e+00 4.99928e+00 1.82720e-06
3.08076e+00 7.15683e-04 4.30759e-01
3.08076e+00 3.77012e-03 4.30759e-01
3.08076e+00 9.26216e-03 4.30759e-01
3.08076e+00 1.71877e-02 4.30759e-01
3.08076e+00 2.75390e-02 4.30758e-01
3.08076e+00 4.03061e-02 4.30758e-01
3.08076e+00 5.54766e-02 4.30757e-01
3.08076e+00 7.30356e-02 4.30756e-01
3.08076e+00 9.29659e-02 4.30754e-01
3.08076e+00 1.15248e-01 4.30751e-01
3.08076e+00 1.39860e-01 4.30748e-01
3.08076e+00 1.66779e-01 4.30742e-01
3.08076e+00 1.95977e-01 4.30735e-01
3.08076e+00 2.27426e-01 4.30726e-01
3.08076e+00 2.61096e-01 4.30714e-01
3.08076e+00 2.96953e-01 4.30697e-01
3.08076e+00 3.34963e-01 4.30675e-01
3.08076e+00 3.75089e-01 4.30646e-01
3.08076e+00 4.17290e-01 4.30609e-01
3.08076e+00 4.61527e-01 4.30560e-01
3.08076e+00 5.07755e-01 4.30496e-01
3.08076e+00 5.55930e-01 4.30415e-01
3.08076e+00 6.06005e-01 4.30311e-01
3.08076e+00 6.57930e-01 4.30178e-01
3.08076e+00 7.11655e-01 4.30011e-01
3.08076e+00 7.67127e-01 4.29802e-01
3.08076e+00 8.24292e-01 4.29541e-01
3.08076e+00 8.83095e-01 4.29218e-01
3.08076e+00 9.43478e-01 4.28819e-01
3.08076e+00 1.00538e+00 4.28329e-01
3.08076e+00 1.06875e+00 4.27729e-01
3.08076e+00 1.13351e+00 4.26997e-01
3.08076e+00 1.19960e+00 4.26106e-01
3.08076e+00 1.26697e+00 4.25022e-01
3.08076e+00 1.33555e+00 4.23706e-01
3.08076e+00 1.40526e+00 4.22110e-01
3.08076e+00 1.47604e+00 4.20174e-01
3.08076e+00 1.54782e+00 4.17831e-01
3.08076e+00 1.62053e+00 4.14995e-01
3.08076e+00 1.69410e+00 4.11572e-01
3.08076e+00 1.76846e+00 4.07450e-01
3.08076e+00 1.84353e+00 4.02503e-01
3.08076e+00 1.91924e+00 3.96593e-01
3.08076e+00 1.99553e+00 3.89575e-01
3.08076e+00 2.07230e+00 3.81296e-01
3.08076e+00 2.14949e+00 3.71609e-01
3.08076e+00 2.22703e+00 3.60378e-01
3.08076e+00 2.30483e+00 3.47493e-01
3.08076e+00 2.38282e+00 3.32882e-01
3.08076e+00 2.46093e+00 3.16525e-01
3.08076e+00 2.53907e+00 2.98469e-01
3.08076e+00 2.61718e+00 2.78840e-01
3.08076e+00 2.69517e+00 2.57845e-01
3.08076e+00 2.77297e+00 2.35776e-01
3.08076e+00 2.85051e+00 2.12999e-01
3.08076e+00 2.92770e+00 1.89936e-01
3.08076e+00 3.00447e+00 1.67049e-01
3.08076e+00 3.08076e+00 1.44801e-01
3.08076e+00 3.15647e+00 1.23636e-01
3.08076e+00 3.23154e+00 1.03940e-01
3.08076e+00 3.30590e+00 8.60162e-02
3.08076e+00 3.37947e+00 7.00657e-02
3.08076e+00 3.45218e+00 5.61808e-02
3.08076e+00 3.52396e+00 4.43516e-02
3.08076e+00 3.59474e+00 3.44822e-02
3.08076e+00 3.66445e+00 2.64124e-02
3.08076e+00 3.73303e+00 1.99412e-02
3.08076e+00 3.80040e+00 1.48480e-02
3.08076e+00 3.86649e+00 1.09104e-02
3.08076e+00 3.93125e+00 7.91773e-03
3.08076e+00 3.99462e+00 5.67971e-03
3.08076e+00 4.05652e+00 4.03126e-03
3.08076e+00 4.11690e+00 2.83412e-03
3.08076e+00 4.17571e+00 1.97595e-03
3.08076e+00 4.23287e+00 1.36797e-03
3.08076e+00 4.28835e+00 9.41712e-04
3.08076e+00 4.34207e+00 6.45567e-04
3.08076e+00 4.39400e+00 4.41385e-04
3.08076e+00 4.44407e+00 3.01473e-04
3.08076e+00 4.49224e+00 2.06043e-04
3.08076e+00 4.53847e+00 1.41154e-04
3.08076e+00 4.58271e+00 9.70999e-05
3.08076e+00 4.62491e+00 6.71895e-05
3.08076e+00 4.66504e+00 4.68510e-05
3.08076e+00 4.70305e+00 3.29797e-05
3.08076e+00 4.73890e+00 2.34775e-05
3.08076e+00 4.77257e+00 1.69313e-05
3.08076e+00 4.80402e+00 1.23908e-05
3.08076e+00 4.83322e+00 9.21717e-06
3.08076e+00 4.86014e+00 6.98018e-06
3.08076e+00 4.88475e+00 5.38963e-06
3.08076e+00 4.90703e+00 4.24899e-06
3.08076e+00 4.92696e+00 3.42465e-06
3.08076e+00 4.94452e+00 2.82532e-06
3.08076e+00 4.95969e+00 2.38840e-06
3.08076e+00 4.97246e+00 2.07082e-06
3.08076e+00 4.98281e+00 1.84300e-06
3.08076e+00 4.99074e+00 1.68476e-06
3.08076e+00 4.99623e+00 1.58272e-06
3.08076e+00 4.99928e+00 1.52853e-06
3.15647e+00 7.15683e-04 3.84267e-01
3.15647e+00 3.77012e-03 3.84267e-01
3.15647e+00 9.26216e-03 3.84268e-01
3.15647e+00 1.71877e-02 3.84268e-01
3.15647e+00 2.75390e-02 3.84269e-01
3.15647e+00 4.03061e-02 3.84271e-01
3.15647e+00 5.54766e-02 3.84275e-01
3.15647e+00 7.30356e-02 3.84281e-01
3.15647e+00 9.29659e-02 3.84289e-01
3.15647e+00 1.15248e-01 3.84300e-01
3.15647e+00 1.39860e-01 3.84315e-01
3.15647e+00 1.66779e-01 3.84334e-01
3.15647e+00 1.95977e-01 3.84359e-01
3.15647e+00 2.27426e-01 3.84389e-01
3.15647e+00 2.61096e-01 3.84426e-01
3.15647e+00 2.96953e-01 3.84469e-01
3.15647e+00 3.34963e-01 3.84518e-01
3.15647e+00 3.75089e-01 3.84572e-01
3.15647e+00 4.17290e-01 3.84632e-01
3.15647e+00 4.61527e-01 3.84696e-01
3.15647e+00 5.07755e-01 3.84761e-01
3.15647e+00 5.55930e-01 3.84825e-01
3.15647e+00 6.06005e-01 3.84883e-01
3.15647e+00 6.57930e-01 3.84932e-01
3.15647e+00 7.11655e-01 3.84963e-01
3.15647e+00 7.67127e-01 3.84969e-01
3.15647e+00 8.24292e-01 3.84940e-01
3.15647e+00 8.83095e-01 3.84863e-01
3.15647e+00 9.43478e-01 3.84724e-01
3.15647e+00 1.00538e+00 3.84504e-01
3.15647e+00 1.06875e+00 3.84180e-01
3.15647e+00 1.13351e+00 3.83727e-01
3.15647e+00 1.19960e+00 3.83112e-01
3.15647e+00 1.26697e+00 3.82296e-01
3.15647e+00 1.33555e+00 3.81235e-01
3.15647e+00 1.40526e+00 3.79875e-01
3.15647e+00 1.47604e+00 3.78151e-01
3.15647e+00 1.54782e+00 3.75991e-01
3.15647e+00 1.62053e+00 3.73310e-01
3.15647e+00 1.69410e+00 3.70011e-01
3.15647e+00 1.76846e+00 3.65987e-01
3.15647e+00 1.84353e+00 3.61123e-01
3.15647e+00 1.91924e+00 3.55295e-01
3.15647e+00 1.99553e+00 3.48377e-01
3.15647e+00 2.07230e+00 3.40244e-01
3.15647e+00 2.14949e+00 3.30783e-01
3.15647e+00 2.22703e+00 3.19897e-01
3.15647e+00 2.30483e+00 3.07519e-01
3.15647e+00 2.38282e+00 2.93618e-01
3.15647e+00 2.46093e+00 2.78215e-01
3.15647e+00 2.53907e+00 2.61389e-01
3.15647e+00 2.61718e+00 2.43285e-01
3.15647e+00 2.69517e+00 2.24114e-01
3.15647e+00 2.77297e+00 2.04156e-01
3.15647e+00 2.85051e+00 1.83745e-01
3.15647e+00 2.92770e+00 1.63257e-01
3.15647e+00 3.00447e+00 1.43090e-01
3.15647e+00 3.08076e+00 1.23636e-01
3.15647e+00 3.15647e+00 1.05255e-01
3.15647e+00 3.23154e+00 8.82553e-02
3.15647e+00 3.30590e+00 7.28664e-02
3.15647e+00 3.37947e+00 5.92326e-02
3.15647e+00 3.45218e+00 4.74081e-02
3.15647e+00 3.52396e+00 3.73652e-02
3.15647e+00 3.59474e+00 2.90074e-02
3.15647e+00 3.66445e+00 2.21886e-02
3.15647e+00 3.73303e+00 1.67310e-02
3.15647e+00 3.80040e+00 1.24428e-02
3.15647e+00 3.86649e+00 9.13273e-03
3.15647e+00 3.93125e+00 6.62057e-03
3.15647e+00 3.99462e+00 4.74438e-03
3.15647e+00 4.05652e+00 3.36416e-03
3.15647e+00 4.11690e+00 2.36297e-03
3.15647e+00 4.17571e+00 1.64604e-03
3.15647e+00 4.23287e+00 1.13864e-03
3.15647e+00 4.28835e+00 7.83236e-04
3.15647e+00 4.34207e+00 5.36537e-04
3.15647e+00 4.39400e+00 3.66588e-04
3.15647e+00 4.44407e+00 2.50223e-04
3.15647e+00 4.49224e+00 1.70913e-04
3.15647e+00 4.53847e+00 1.17021e-04
3.15647e+00 4.58271e+00 8.04556e-05
3.15647e+00 4.62491e+00 5.56445e-05
3.15647e+00 4.66504e+00 3.87827e-05
3.15647e+00 4.70305e+00 2.72883e-05
3.15647e+00 4.73890e+00 1.94182e-05
3.15647e+00 4.77257e+00 1.39986e-05
3.15647e+00 4.80402e+00 1.02411e-05
3.15647e+00 4.83322e+00 7.61569e-06
3.15647e+00 4.86014e+00 5.76574e-06
3.15647e+00 4.88475e+00 4.45078e-06
3.15647e+00 4.90703e+00 3.50803e-06
3.15647e+00 4.92696e+00 2.82686e-06
3.15647e+00 4.94452e+00 2.33173e-06
3.15647e+00 4.95969e+00 1.97084e-06
3.15647e+00 4.97246e+00 1.70857e-06
3.15647e+00 4.98281e+00 1.52044e-06
3.15647e+00 4.99074e+00 1.38979e-06
3.15647e+00 4.99623e+00 1.30555e-06
3.15647e+00 4.99928e+00 1.26080e-06
3.23154e+00 7.15683e-04 3.35459e-01
3.23154e+00 3.77012e-03 3.35459e-01
3.23154e+00 9.26216e-03 3.35460e-01
3.23154e+00 1.71877e-02 3.35461e-01
3.23154e+00 2.75390e-02 3.35463e-01
3.23154e+00 4.03061e-02 3.35467e-01
3.23154e+00 5.54766e-02 3.35473e-01
3.23154e+00 7.30356e-02 3.35483e-01
3.23154e+00 9.29659e-02 3.35498e-01
3.23154e+00 1.15248e-01 3.35518e-01
3.23154e+00 1.39860e-01 3.35545e-01
3.23154e+00 1.66779e-01 3.35581e-01
3.23154e+00 1.95977e-01 3.35627e-01
3.23154e+00 2.27426e-01 3.35683e-01
3.23154e+00 2.61096e-01 3.35752e-01
3.23154e+00 2.96953e-01 3.35834e-01
3.23154e+00 3.34963e-01 3.35929e-01
3.23154e+00 3.75089e-01 3.36040e-01
3.23154e+00 4.17290e-01 3.36164e-01
3.23154e+00 4.61527e-01 3.36303e-01
3.23154e+00 5.07755e-01 3.36454e-01
3.23154e+00 5.55930e-01 3.36615e-01
3.23154e+00 6.06005e-01 3.36784e-01
3.23154e+00 6.57930e-01 3.36954e-01
3.23154e+00 7.11655e-01 3.37120e-01
3.23154e+00 7.67127e-01 3.37275e-01
3.23154e+00 8.24292e-01 3.37407e-01
3.23154e+00 8.83095e-01 3.37504e-01
3.23154e+00 9.43478e-01 3.37550e-01
3.23154e+00 1.00538e+00 3.37525e-01
3.23154e+00 1.06875e+00 3.37407e-01
3.23154e+00 1.13351e+00 3.37167e-01
3.23154e+00 1.19960e+00 3.36771e-01
3.23154e+00 1.26697e+00 3.36179e-01
3.23154e+00 1.33555e+00 3.35345e-01
3.23154e+00 1.40526e+00 3.34212e-01
3.23154e+00 1.47604e+00 3.32718e-01
3.23154e+00 1.54782e+00 3.30790e-01
3.23154e+00 1.62053e+00 3.28345e-01
3.23154e+00 1.69410e+00 3.25292e-01
3.23154e+00 1.76846e+00 3.21533e-01
3.23154e+00 1.84353e+00 3.16962e-01
3.23154e+00 1.91924e+00 3.11470e-01
3.23154e+00 1.99553e+00 3.04952e-01
3.23154e+00 2.07230e+00 2.97305e-01
3.23154e+00 2.14949e+00 2.88443e-01
3.23154e+00 2.22703e+00 2.78299e-01
3.23154e+00 2.30483e+00 2.66835e-01
3.23154e+00 2.38282e+00 2.54052e-01
3.23154e+00 2.46093e+00 2.39995e-01
3.23154e+00 2.53907e+00 2.24760e-01
3.23154e+00 2.61718e+00 2.08501e-01
3.23154e+00 2.69517e+00 1.91425e-01
3.23154e+00 2.77297e+00 1.73789e-01
3.23154e+00 2.85051e+00 1.55894e-01
3.23154e+00 2.92770e+00 1.38066e-01
3.23154e+00 3.00447e+00 1.20640e-01
3.23154e+00 3.08076e+00 1.03940e-01
3.23154e+00 3.15647e+00 8.82553e-02
3.23154e+00 3.23154e+00 7.38251e-02
3.23154e+00 3.30590e+00 6.08224e-02
3.23154e+00 3.37947e+00 4.93476e-02
3.23154e+00 3.45218e+00 3.94286e-02
3.23154e+00 3.52396e+00 3.10275e-02
3.23154e+00 3.59474e+00 2.40528e-02
3.23154e+00 3.66445e+00 1.83742e-02
3.23154e+00 3.73303e+00 1.38374e-02
3.23154e+00 3.80040e+00 1.02787e-02
3.23154e+00 3.86649e+00 7.53585e-03
3.23154e+00 3.93125e+00 5.45714e-03
3.23154e+00 3.99462e+00 3.90670e-03
3.23154e+00 4.05652e+00 2.76752e-03
3.23154e+00 4.11690e+00 1.94213e-03
3.23154e+00 4.17571e+00 1.35172e-03
3.23154e+00 4.23287e+00 9.34281e-04
3.23154e+00 4.28835e+00 6.42170e-04
3.23154e+00 4.34207e+00 4.39583e-04
3.23154e+00 4.39400e+00 3.00138e-04
3.23154e+00 4.44407e+00 2.04734e-04
3.23154e+00 4.49224e+00 1.39757e-04
3.23154e+00 4.53847e+00 9.56347e-05
3.23154e+00 4.58271e+00 6.57168e-05
3.23154e+00 4.62491e+00 4.54282e-05
3.23154e+00 4.66504e+00 3.16475e-05
3.23154e+00 4.70305e+00 2.22582e-05
3.23154e+00 4.73890e+00 1.58324e-05
3.23154e+00 4.77257e+00 1.14094e-05
3.23154e+00 4.80402e+00 8.34404e-06
3.23154e+00 4.83322e+00 6.20300e-06
3.23154e+00 4.86014e+00 4.69487e-06
3.23154e+00 4.88475e+00 3.62321e-06
3.23154e+00 4.90703e+00 2.85509e-06
3.23154e+00 4.92696e+00 2.30024e-06
3.23154e+00 4.94452e+00 1.89701e-06
3.23154e+00 4.95969e+00 1.60316e-06
3.23154e+00 4.97246e+00 1.38964e-06
3.23154e+00 4.98281e+00 1.23650e-06
3.23154e+00 4.99074e+00 1.13016e-06
3.23154e+00 4.99623e+00 1.06159e-06
3.23154e+00 4.99928e+00 1.02518e-06
3.30590e+00 7.15683e-04 2.86475e-01
3.30590e+00 3.77012e-03 2.86475e-01
3.30590e+00 9.26216e-03 2.86475e-01
3.30590e+00 1.71877e-02 2.86476e-01
3.30590e+00 2.75390e-02 2.86479e-01
3.30590e+00 4.03061e-02 2.86484e-01
3.30590e+00 5.54766e-02 2.86492e-01
3.30590e+00 7.30356e-02 2.86504e-01
3.30590e+00 9.29659e-02 2.86522e-01
3.30590e+00 1.15248e-01 2.86548e-01
3.30590e+00 1.39860e-01 2.86582e-01
3.30590e+00 1.66779e-01 2.86627e-01
3.30590e+00 1.95977e-01 2.86685e-01
3.30590e+00 2.27426e-01 2.86756e-01
3.30590e+00 2.61096e-01 2.86843e-01
3.30590e+00 2.96953e-01 2.86947e-01
3.30590e+00 3.34963e-01 2.87069e-01
3.30590e+00 3.75089e-01 2.87211e-01
3.30590e+00 4.17290e-01 2.87373e-01
3.30590e+00 4.61527e-01 2.87555e-01
3.30590e+00 5.07755e-01 2.87757e-01
3.30590e+00 5.55930e-01 2.87975e-01
3.30590e+00 6.06005e-01 2.88208e-01
3.30590e+00 6.57930e-01 2.88452e-01
3.30590e+00 7.11655e-01 2.88701e-01
3.30590e+00 7.67127e-01 2.88946e-01
3.30590e+00 8.24292e-01 2.89179e-01
3.30590e+00 8.83095e-01 2.89387e-01
3.30590e+00 9.43478e-01 2.89555e-01
3.30590e+00 1.00538e+00 2.89662e-01
3.30590e+00 1.06875e+00 2.89687e-01
3.30590e+00 1.13351e+00 2.89601e-01
3.30590e+00 1.19960e+00 2.89372e-01
3.30590e+00 1.26697e+00 2.88960e-01
3.30590e+00 1.33555e+00 2.88320e-01
3.30590e+00 1.40526e+00 2.87399e-01
3.30590e+00 1.47604e+00 2.86137e-01
3.30590e+00 1.54782e+00 2.84465e-01
3.30590e+00 1.62053e+00 2.82308e-01
3.30590e+00 1.69410e+00 2.79582e-01
3.30590e+00 1.76846e+00 2.76200e-01
3.30590e+00 1.84353e+00 2.72067e-01
3.30590e+00 1.91924e+00 2.67093e-01
3.30590e+00 1.99553e+00 2.61186e-01
3.30590e+00 2.07230e+00 2.54268e-01
3.30590e+00 2.14949e+00 2.46271e-01
3.30590e+00 2.22703e+00 2.37151e-01
3.30590e+00 2.30483e+00 2.26891e-01
3.30590e+00 2.38282e+00 2.15509e-01
3.30590e+00 2.46093e+00 2.03064e-01
3.30590e+00 2.53907e+00 1.89659e-01
3.30590e+00 2.61718e+00 1.75444e-01
3.30590e+00 2.69517e+00 1.60610e-01
3.30590e+00 2.77297e+00 1.45390e-01
3.30590e+00 2.85051e+00 1.30045e-01
3.30590e+00 2.92770e+00 1.14851e-01
3.30590e+00 3.00447e+00 1.00088e-01
3.30590e+00 3.08076e+00 8.60162e-02
3.30590e+00 3.15647e+00 7.28664e-02
3.30590e+00 3.23154e+00 6.08224e-02
3.30590e+00 3.30590e+00 5.00125e-02
3.30590e+00 3.37947e+00 4.05053e-02
3.30590e+00 3.45218e+00 3.23112e-02
3.30590e+00 3.52396e+00 2.53887e-02
3.30590e+00 3.59474e+00 1.96543e-02
3.30590e+00 3.66445e+00 1.49945e-02
3.30590e+00 3.73303e+00 1.12784e-02
3.30590e+00 3.80040e+00 8.36804e-03
3.30590e+00 3.86649e+00 6.12827e-03
3.30590e+00 3.93125e+00 4.43316e-03
3.30590e+00 3.99462e+00 3.17048e-03
3.30590e+00 4.05652e+00 2.24384e-03
3.30590e+00 4.11690e+00 1.57321e-03
3.30590e+00 4.17571e+00 1.09402e-03
3.30590e+00 4.23287e+00 7.55550e-04
3.30590e+00 4.28835e+00 5.18923e-04
3.30590e+00 4.34207e+00 3.54960e-04
3.30590e+00 4.39400e+00 2.42194e-04
3.30590e+00 4.44407e+00 1.65103e-04
3.30590e+00 4.49224e+00 1.12635e-04
3.30590e+00 4.53847e+00 7.70317e-05
3.30590e+00 4.58271e+00 5.29053e-05
3.30590e+00 4.62491e+00 3.65538e-05
3.30590e+00 4.66504e+00 2.54533e-05
3.30590e+00 4.70305e+00 1.78940e-05
3.30590e+00 4.73890e+00 1.27230e-05
3.30590e+00 4.77257e+00 9.16525e-06
3.30590e+00 4.80402e+00 6.70054e-06
3.30590e+00 4.83322e+00 4.97966e-06
3.30590e+00 4.86014e+00 3.76789e-06
3.30590e+00 4.88475e+00 2.90707e-06
3.30590e+00 4.90703e+00 2.29025e-06
3.30590e+00 4.92696e+00 1.84479e-06
3.30590e+00 4.94452e+00 1.52113e-06
3.30590e+00 4.95969e+00 1.28530e-06
3.30590e+00 4.97246e+00 1.11397e-06
3.30590e+00 4.98281e+00 9.91110e-07
3.30590e+00 4.99074e+00 9.05802e-07
3.30590e+00 4.99623e+00 8.50803e-07
3.30590e+00 4.99928e+00 8.21595e-07
3.37947e+00 7.15683e-04 2.39455e-01
3.37947e+00 3.77012e-03 2.39455e-01
3.37947e+00 9.26216e-03 2.39456e-01
3.37947e+00 1.71877e-02 2.39457e-01
3.37947e+00 2.75390e-02 2.39460e-01
3.37947e+00 4.03061e-02 2.39465e-01
3.37947e+00 5.54766e-02 2.39473e-01
3.37947e+00 7.30356e-02 2.39487e-01
3.37947e+00 9.29659e-02 2.39507e-01
3.37947e+00 1.15248e-01 2.39534e-01
3.37947e+00 1.39860e-01 2.39571e-01
3.37947e+00 1.66779e-01 2.39620e-01
3.37947e+00 1.95977e-01 2.39681e-01
3.37947e+00 2.27426e-01 2.39758e-01
3.37947e+00 2.61096e-01 2.39853e-01
3.37947e+00 2.96953e-01 2.39966e-01
3.37947e+00 3.34963e-01 2.40099e-01
3.37947e+00 3.75089e-01 2.40254e-01
3.37947e+00 4.17290e-01 2.40432e-01
3.37947e+00 4.61527e-01 2.40632e-01
3.37947e+00 5.07755e-01 2.40855e-01
3.37947e+00 5.55930e-01 2.41099e-01
3.37947e+00 6.06005e-01 2.41361e-01
3.37947e+00 6.57930e-01 2.41639e-01
3.37947e+00 7.11655e-01 2.41928e-01
3.37947e+00 7.67127e-01 2.42219e-01
3.37947e+00 8.24292e-01 2.42504e-01
3.37947e+00 8.83095e-01 2.42773e-01
3.37947e+00 9.43478e-01 2.43009e-01
3.37947e+00 1.00538e+00 2.43196e-01
3.37947e+00 1.06875e+00 2.43311e-01
3.37947e+00 1.13351e+00 2.43330e-01
3.37947e+00 1.19960e+00 2.43221e-01
3.37947e+00 1.26697e+00 2.42947e-01
3.37947e+00 1.33555e+00 2.42469e-01
3.37947e+00 1.40526e+00 2.41736e-01
3.37947e+00 1.47604e+00 2.40694e-01
3.37947e+00 1.54782e+00 2.39282e-01
3.37947e+00 1.62053e+00 2.37433e-01
3.37947e+00 1.69410e+00 2.35073e-01
3.37947e+00 1.76846e+00 2.32125e-01
3.37947e+00 1.84353e+00 2.28512e-01
3.37947e+00 1.91924e+00 2.24155e-01
3.37947e+00 1.99553e+00 2.18981e-01
3.37947e+00 2.07230e+00 2.12927e-01
3.37947e+00 2.14949e+00 2.05943e-01
3.37947e+00 2.22703e+00 1.98001e-01
3.37947e+00 2.30483e+00 1.89097e-01
3.37947e+00 2.38282e+00 1.79259e-01
3.37947e+00 2.46093e+00 1.68549e-01
3.37947e+00 2.53907e+00 1.57068e-01
3.37947e+00 2.61718e+00 1.44953e-01
3.37947e+00 2.69517e+00 1.32376e-01
3.37947e+00 2.77297e+00 1.19538e-01
3.37947e+00 2.85051e+00 1.06661e-01
3.37947e+00 2.92770e+00 9.39747e-02
3.37947e+00 3.00447e+00 8.17065e-02
3.37947e+00 3.08076e+00 7.00657e-02
3.37947e+00 3.15647e+00 5.92326e-02
3.37947e+00 3.23154e+00 4.93476e-02
3.37947e+00 3.30590e+00 4.05053e-02
3.37947e+00 3.37947e+00 3.27516e-02
3.37947e+00 3.45218e+00 2.60863e-02
3.37947e+00 3.52396e+00 2.04683e-02
3.37947e+00 3.59474e+00 1.58240e-02
3.37947e+00 3.66445e+00 1.20571e-02
3.37947e+00 3.73303e+00 9.05807e-03
3.37947e+00 3.80040e+00 6.71300e-03
3.37947e+00 3.86649e+00 4.91087e-03
3.37947e+00 3.93125e+00 3.54882e-03
3.37947e+00 3.99462e+00 2.53551e-03
3.37947e+00 4.05652e+00 1.79278e-03
3.37947e+00 4.11690e+00 1.25584e-03
3.37947e+00 4.17571e+00 8.72576e-04
3.37947e+00 4.23287e+00 6.02135e-04
3.37947e+00 4.28835e+00 4.13242e-04
3.37947e+00 4.34207e+00 2.82468e-04
3.37947e+00 4.39400e+00 1.92601e-04
3.37947e+00 4.44407e+00 1.31212e-04
3.37947e+00 4.49224e+00 8.94606e-05
3.37947e+00 4.53847e+00 6.11480e-05
3.37947e+00 4.58271e+00 4.19741e-05
3.37947e+00 4.62491e+00 2.89868e-05
3.37947e+00 4.66504e+00 2.01749e-05
3.37947e+00 4.70305e+00 1.41771e-05
3.37947e+00 4.73890e+00 1.00762e-05
3.37947e+00 4.77257e+00 7.25589e-06
3.37947e+00 4.80402e+00 5.30285e-06
3.37947e+00 4.83322e+00 3.93971e-06
3.37947e+00 4.86014e+00 2.98016e-06
3.37947e+00 4.88475e+00 2.29871e-06
3.37947e+00 4.90703e+00 1.81056e-06
3.37947e+00 4.92696e+00 1.45810e-06
3.37947e+00 4.94452e+00 1.20207e-06
3.37947e+00 4.95969e+00 1.01556e-06
3.37947e+00 4.97246e+00 8.80071e-07
3.37947e+00 4.98281e+00 7.82925e-07
3.37947e+00 4.99074e+00 7.15480e-07
3.37947e+00 4.99623e+00 6.72001e-07
3.37947e+00 4.99928e+00 6.48912e-07
3.45218e+00 7.15683e-04 1.96141e-01
3.45218e+00 3.77012e-03 1.96141e-01
3.45218e+00 9.26216e-03 1.96141e-01
3.45218e+00 1.71877e-02 1.96142e-01
3.45218e+00 2.75390e-02 1.96145e-01
3.45218e+00 4.03061e-02 1.96150e-01
3.45218e+00 5.54766e-02 1.96159e-01
3.45218e+00 7.30356e-02 1.96172e-01
3.45218e+00 9.29659e-02 1.96191e-01
3.45218e+00 1.15248e-01 1.96219e-01
3.45218e+00 1.39860e-01 1.96255e-01
3.45218e+00 1.66779e-01 1.96303e-01
3.45218e+00 1.95977e-01 1.96364e-01
3.45218e+00 2.27426e-01 1.96440e-01
3.45218e+00 2.61096e-01 1.96534e-01
3.45218e+00 2.96953e-01 1.96646e-01
3.45218e+00 3.34963e-01 1.96778e-01
3.45218e+00 3.75089e-01 1.96932e-01
3.45218e+00 4.17290e-01 1.97109e-01
3.45218e+00 4.61527e-01 1.97309e-01
3.45218e+00 5.07755e-01 1.97532e-01
3.45218e+00 5.55930e-01 1.97778e-01
3.45218e+00 6.06005e-01 1.98044e-01
3.45218e+00 6.57930e-01 1.98327e-01
3.45218e+00 7.11655e-01 1.98622e-01
3.45218e+00 7.67127e-01 1.98925e-01
3.45218e+00 8.24292e-01 1.99226e-01
3.45218e+00 8.83095e-01 1.99516e-01
3.45218e+00 9.43478e-01 1.99781e-01
3.45218e+00 1.00538e+00 2.00005e-01
3.45218e+00 1.06875e+00 2.00170e-01
3.45218e+00 1.13351e+00 2.00252e-01
3.45218e+00 1.19960e+00 2.00223e-01
3.45218e+00 1.26697e+00 2.00052e-01
3.45218e+00 1.33555e+00 1.99701e-01
3.45218e+00 1.40526e+00 1.99129e-01
3.45218e+00 1.47604e+00 1.98286e-01
3.45218e+00 1.54782e+00 1.97120e-01
3.45218e+00 1.62053e+00 1.95573e-01
3.45218e+00 1.69410e+00 1.93583e-01
3.45218e+00 1.76846e+00 1.91085e-01
3.45218e+00 1.84353e+00 1.88014e-01
3.45218e+00 1.91924e+00 1.84307e-01
3.45218e+00 1.99553e+00 1.79904e-01
3.45218e+00 2.07230e+00 1.74756e-01
3.45218e+00 2.14949e+00 1.68829e-01
3.45218e+00 2.22703e+00 1.62103e-01
3.45218e+00 2.30483e+00 1.54584e-01
3.45218e+00 2.38282e+00 1.46303e-01
3.45218e+00 2.46093e+00 1.37320e-01
3.45218e+00 2.53907e+00 1.27726e-01
3.45218e+00 2.61718e+00 1.17643e-01
3.45218e+00 2.69517e+00 1.07217e-01
3.45218e+00 2.77297e+00 9.66195e-02
3.45218e+00 2.85051e+00 8.60331e-02
3.45218e+00 2.92770e+00 7.56459e-02
3.45218e+00 3.00447e+00 6.56399e-02
3.45218e+00 3.08076e+00 5.61808e-02
3.45218e+00 3.15647e+00 4.74081e-02
3.45218e+00 3.23154e+00 3.94286e-02
3.45218e+00 3.30590e+00 3.23112e-02
3.45218e+00 3.37947e+00 2.60863e-02
3.45218e+00 3.45218e+00 2.07476e-02
3.45218e+00 3.52396e+00 1.62573e-02
3.45218e+00 3.59474e+00 1.25523e-02
3.45218e+00 3.66445e+00 9.55250e-03
3.45218e+00 3.73303e+00 7.16806e-03
3.45218e+00 3.80040e+00 5.30637e-03
3.45218e+00 3.86649e+00 3.87772e-03
3.45218e+00 3.93125e+00 2.79937e-03
3.45218e+00 3.99462e+00 1.99812e-03
3.45218e+00 4.05652e+00 1.41150e-03
3.45218e+00 4.11690e+00 9.87884e-04
3.45218e+00 4.17571e+00 6.85826e-04
3.45218e+00 4.23287e+00 4.72891e-04
3.45218e+00 4.28835e+00 3.24299e-04
3.45218e+00 4.34207e+00 2.21515e-04
3.45218e+00 4.39400e+00 1.50939e-04
3.45218e+00 4.44407e+00 1.02764e-04
3.45218e+00 4.49224e+00 7.00234e-05
3.45218e+00 4.53847e+00 4.78355e-05
3.45218e+00 4.58271e+00 3.28188e-05
3.45218e+00 4.62491e+00 2.26531e-05
3.45218e+00 4.66504e+00 1.57594e-05
3.45218e+00 4.70305e+00 1.10696e-05
3.45218e+00 4.73890e+00 7.86444e-06
3.45218e+00 4.77257e+00 5.66114e-06
3.45218e+00 4.80402e+00 4.13596e-06
3.45218e+00 4.83322e+00 3.07183e-06
3.45218e+00 4.86014e+00 2.32300e-06
3.45218e+00 4.88475e+00 1.79137e-06
3.45218e+00 4.90703e+00 1.41063e-06
3.45218e+00 4.92696e+00 1.13580e-06
3.45218e+00 4.94452e+00 9.36197e-07
3.45218e+00 4.95969e+00 7.90816e-07
3.45218e+00 4.97246e+00 6.85226e-07
3.45218e+00 4.98281e+00 6.09526e-07
3.45218e+00 4.99074e+00 5.56975e-07
3.45218e+00 4.99623e+00 5.23100e-07
3.45218e+00 4.99928e+00 5.05111e-07
3.52396e+00 7.15683e-04 1.57662e-01
3.52396e+00 3.77012e-03 1.57662e-01
3.52396e+00 9.26216e-03 1.57662e-01
3.52396e+00 1.71877e-02 1.57664e-01
3.52396e+00 2.75390e-02 1.57666e-01
3.52396e+00 4.03061e-02 1.57671e-01
3.52396e+00 5.54766e-02 1.57679e-01
3.52396e+00 7.30356e-02 1.57691e-01
3.52396e+00 9.29659e-02 1.57709e-01
3.52396e+00 1.15248e-01 1.57734e-01
3.52396e+00 1.39860e-01 1.57768e-01
3.52396e+00 1.66779e-01 1.57813e-01
3.52396e+00 1.95977e-01 1.57870e-01
3.52396e+00 2.27426e-01 1.57940e-01
3.52396e+00 2.61096e-01 1.58027e-01
3.52396e+00 2.96953e-01 1.58131e-01
3.52396e+00 3.34963e-01 1.58255e-01
3.52396e+00 3.75089e-01 1.58399e-01
3.52396e+00 4.17290e-01 1.58564e-01
3.52396e+00 4.61527e-01 1.58751e-01
3.52396e+00 5.07755e-01 1.58960e-01
3.52396e+00 5.55930e-01 1.59191e-01
3.52396e+00 6.06005e-01 1.59442e-01
3.52396e+00 6.57930e-01 1.59709e-01
3.52396e+00 7.11655e-01 1.59991e-01
3.52396e+00 7.67127e-01 1.60280e-01
3.52396e+00 8.24292e-01 1.60571e-01
3.52396e+00 8.83095e-01 1.60855e-01
3.52396e+00 9.43478e-01 1.61120e-01
3.52396e+00 1.00538e+00 1.61352e-01
3.52396e+00 1.06875e+00 1.61535e-01
3.52396e+00 1.13351e+00 1.61648e-01
3.52396e+00 1.19960e+00 1.61669e-01
3.52396e+00 1.26697e+00 1.61569e-01
3.52396e+00 1.33555e+00 1.61316e-01
3.52396e+00 1.40526e+00 1.60875e-01
3.52396e+00 1.47604e+00 1.60205e-01
3.52396e+00 1.54782e+00 1.59261e-01
3.52396e+00 1.62053e+00 1.57994e-01
3.52396e+00 1.69410e+00 1.56354e-01
3.52396e+00 1.76846e+00 1.54287e-01
3.52396e+00 1.84353e+00 1.51739e-01
3.52396e+00 1.91924e+00 1.48661e-01
3.52396e+00 1.99553e+00 1.45007e-01
3.52396e+00 2.07230e+00 1.40738e-01
3.52396e+00 2.14949e+00 1.35830e-01
3.52396e+00 2.22703e+00 1.30273e-01
3.52396e+00 2.30483e+00 1.24074e-01
3.52396e+00 2.38282e+00 1.17266e-01
3.52396e+00 2.46093e+00 1.09901e-01
3.52396e+00 2.53907e+00 1.02061e-01
3.52396e+00 2.61718e+00 9.38472e-02
3.52396e+00 2.69517e+00 8.53832e-02
3.52396e+00 2.77297e+00 7.68084e-02
3.52396e+00 2.85051e+00 6.82715e-02
3.52396e+00 2.92770e+00 5.99229e-02
3.52396e+00 3.00447e+00 5.19066e-02
3.52396e+00 3.08076e+00 4.43516e-02
3.52396e+00 3.15647e+00 3.73652e-02
3.52396e+00 3.23154e+00 3.10275e-02
3.52396e+00 3.30590e+00 2.53887e-02
3.52396e+00 3.37947e+00 2.04683e-02
3.52396e+00 3.45218e+00 1.62573e-02
3.52396e+00 3.52396e+00 1.27222e-02
3.52396e+00 3.59474e+00 9.81070e-03
3.52396e+00 3.66445e+00 7.45725e-03
3.52396e+00 3.73303e+00 5.58946e-03
3.52396e+00 3.80040e+00 4.13327e-03
3.52396e+00 3.86649e+00 3.01731e-03
3.52396e+00 3.93125e+00 2.17606e-03
3.52396e+00 3.99462e+00 1.55174e-03
3.52396e+00 4.05652e+00 1.09518e-03
3.52396e+00 4.11690e+00 7.65840e-04
3.52396e+00 4.17571e+00 5.31239e-04
3.52396e+00 4.23287e+00 3.66015e-04
3.52396e+00 4.28835e+00 2.50821e-04
3.52396e+00 4.34207e+00 1.71206e-04
3.52396e+00 4.39400e+00 1.16582e-04
3.52396e+00 4.44407e+00 7.93232e-05
3.52396e+00 4.49224e+00 5.40191e-05
3.52396e+00 4.53847e+00 3.68821e-05
3.52396e+00 4.58271e+00 2.52908e-05
3.52396e+00 4.62491e+00 1.74485e-05
3.52396e+00 4.66504e+00 1.21331e-05
3.52396e+00 4.70305e+00 8.51886e-06
3.52396e+00 4.73890e+00 6.04990e-06
3.52396e+00 4.77257e+00 4.35339e-06
3.52396e+00 4.80402e+00 3.17947e-06
3.52396e+00 4.83322e+00 2.36071e-06
3.52396e+00 4.86014e+00 1.78474e-06
3.52396e+00 4.88475e+00 1.37594e-06
3.52396e+00 4.90703e+00 1.08326e-06
3.52396e+00 4.92696e+00 8.72033e-07
3.52396e+00 4.94452e+00 7.18658e-07
3.52396e+00 4.95969e+00 6.06967e-07
3.52396e+00 4.97246e+00 5.25859e-07
3.52396e+00 4.98281e+00 4.67718e-07
3.52396e+00 4.99074e+00 4.27360e-07
3.52396e+00 4.99623e+00 4.01346e-07
3.52396e+00 4.99928e+00 3.87533e-07
3.59474e+00 7.15683e-04 1.24535e-01
3.59474e+00 3.77012e-03 1.24535e-01
3.59474e+00 9.26216e-03 1.24535e-01
3.59474e+00 1.71877e-02 1.24536e-01
3.59474e+00 2.75390e-02 1.24539e-01
3.59474e+00 4.03061e-02 1.24543e-01
3.59474e+00 5.54766e-02 1.24550e-01
3.59474e+00 7.30356e-02 1.24561e-01
3.59474e+00 9.29659e-02 1.24577e-01
3.59474e+00 1.15248e-01 1.24599e-01
3.59474e+00 1.39860e-01 1.24629e-01
3.59474e+00 1.66779e-01 1.24669e-01
3.59474e+00 1.95977e-01 1.24719e-01
3.59474e+00 2.27426e-01 1.24782e-01
3.59474e+00 2.61096e-01 1.24859e-01
3.59474e+00 2.96953e-01 1.24952e-01
3.59474e+00 3.34963e-01 1.25061e-01
3.59474e+00 3.75089e-01 1.25189e-01
3.59474e+00 4.17290e-01 1.25336e-01
3.59474e+00 4.61527e-01 1.25503e-01
3.59474e+00 5.07755e-01 1.25689e-01
3.59474e+00 5.55930e-01 1.25895e-01
3.59474e+00 6.06005e-01 1.26120e-01
3.59474e+00 6.57930e-01 1.26360e-01
3.59474e+00 7.11655e-01 1.26613e-01
3.59474e+00 7.67127e-01 1.26875e-01
3.59474e+00 8.24292e-01 1.27139e-01
3.59474e+00 8.83095e-01 1.27399e-01
3.59474e+00 9.43478e-01 1.27645e-01
3.59474e+00 1.00538e+00 1.27864e-01
3.59474e+00 1.06875e+00 1.28044e-01
3.59474e+00 1.13351e+00 1.28167e-01
3.59474e+00 1.19960e+00 1.28213e-01
3.59474e+00 1.26697e+00 1.28160e-01
3.59474e+00 1.33555e+00 1.27980e-01
3.59474e+00 1.40526e+00 1.27644e-01
3.59474e+00 1.47604e+00 1.27119e-01
3.59474e+00 1.54782e+00 1.26366e-01
3.59474e+00 1.62053e+00 1.25348e-01
3.59474e+00 1.69410e+00 1.24023e-01
3.59474e+00 1.76846e+00 1.22347e-01
3.59474e+00 1.84353e+00 1.20278e-01
3.59474e+00 1.91924e+00 1.17778e-01
3.59474e+00 1.99553e+00 1.14810e-01
3.59474e+00 2.07230e+00 1.11347e-01
3.59474e+00 2.14949e+00 1.07371e-01
3.59474e+00 2.22703e+00 1.02876e-01
3.59474e+00 2.30483e+00 9.78741e-02
3.59474e+00 2.38282e+00 9.23925e-02
3.59474e+00 2.46093e+00 8.64785e-02
3.59474e+00 2.53907e+00 8.01987e-02
3.59474e+00 2.61718e+00 7.36379e-02
3.59474e+00 2.69517e+00 6.68963e-02
3.59474e+00 2.77297e+00 6.00859e-02
3.59474e+00 2.85051e+00 5.33247e-02
3.59474e+00 2.92770e+00 4.67312e-02
3.59474e+00 3.00447e+00 4.04172e-02
3.59474e+00 3.08076e+00 3.44822e-02
3.59474e+00 3.15647e+00 2.90074e-02
3.59474e+00 3.23154e+00 2.40528e-02
3.59474e+00 3.30590e+00 1.96543e-02
3.59474e+00 3.37947e+00 1.58240e-02
3.59474e+00 3.45218e+00 1.25523e-02
3.59474e+00 3.52396e+00 9.81070e-03
3.59474e+00 3.59474e+00 7.55647e-03
3.59474e+00 3.66445e+00 5.73720e-03
3.59474e+00 3.73303e+00 4.29549e-03
3.59474e+00 3.80040e+00 3.17305e-03
3.59474e+00 3.86649e+00 2.31400e-03
3.59474e+00 3.93125e+00 1.66722e-03
3.59474e+00 3.99462e+00 1.18779e-03
3.59474e+00 4.05652e+00 8.37570e-04
3.59474e+00 4.11690e+00 5.85204e-04
3.59474e+00 4.17571e+00 4.05612e-04
3.59474e+00 4.23287e+00 2.79247e-04
3.59474e+00 4.28835e+00 1.91223e-04
3.59474e+00 4.34207e+00 1.30436e-04
3.59474e+00 4.39400e+00 8.87624e-05
3.59474e+00 4.44407e+00 6.03577e-05
3.59474e+00 4.49224e+00 4.10799e-05
3.59474e+00 4.53847e+00 2.80325e-05
3.59474e+00 4.58271e+00 1.92127e-05
3.59474e+00 4.62491e+00 1.32488e-05
3.59474e+00 4.66504e+00 9.20869e-06
3.59474e+00 4.70305e+00 6.46288e-06
3.59474e+00 4.73890e+00 4.58802e-06
3.59474e+00 4.77257e+00 3.30027e-06
3.59474e+00 4.80402e+00 2.40954e-06
3.59474e+00 4.83322e+00 1.78851e-06
3.59474e+00 4.86014e+00 1.35177e-06
3.59474e+00 4.88475e+00 1.04189e-06
3.59474e+00 4.90703e+00 8.20080e-07
3.59474e+00 4.92696e+00 6.60042e-07
3.59474e+00 4.94452e+00 5.43859e-07
3.59474e+00 4.95969e+00 4.59266e-07
3.59474e+00 4.97246e+00 3.97846e-07
3.59474e+00 4.98281e+00 3.53823e-07
3.59474e+00 4.99074e+00 3.23268e-07
3.59474e+00 4.99623e+00 3.03575e-07
3.59474e+00 4.99928e+00 2.93118e-07
3.66445e+00 7.15683e-04 9.67787e-02
3.66445e+00 3.77012e-03 9.67788e-02
3.66445e+00 9.26216e-03 9.67791e-02
3.66445e+00 1.71877e-02 9.67799e-02
3.66445e+00 2.75390e-02 9.67819e-02
3.66445e+00 4.03061e-02 9.67854e-02
3.66445e+00 5.54766e-02 9.67914e-02
3.66445e+00 7.30356e-02 9.68008e-02
3.66445e+00 9.29659e-02 9.68144e-02
3.66445e+00 1.15248e-01 9.68335e-02
3.66445e+00 1.39860e-01 9.68592e-02
3.66445e+00 1.66779e-01 9.68929e-02
3.66445e+00 1.95977e-01 9.69359e-02
3.66445e+00 2.27426e-01 9.69896e-02
3.66445e+00 2.61096e-01 9.70553e-02
3.66445e+00 2.96953e-01 9.71344e-02
3.66445e+00 3.34963e-01 9.72280e-02
3.66445e+00 3.75089e-01 9.73373e-02
3.66445e+00 4.17290e-01 9.74631e-02
3.66445e+00 4.61527e-01 9.76058e-02
3.66445e+00 5.07755e-01 9.77657e-02
3.66445e+00 5.55930e-01 9.79424e-02
3.66445e+00 6.06005e-01 9.81349e-02
3.66445e+00 6.57930e-01 9.83415e-02
3.66445e+00 7.11655e-01 9.85597e-02
3.66445e+00 7.67127e-01 9.87860e-02
3.66445e+00 8.24292e-01 9.90154e-02
3.66445e+00 8.83095e-01 9.92419e-02
3.66445e+00 9.43478e-01 9.94576e-02
3.66445e+00 1.00538e+00 9.96531e-02
3.66445e+00 1.06875e+00 9.98166e-02
3.66445e+00 1.13351e+00 9.99345e-02
3.66445e+00 1.19960e+00 9.99905e-02
3.66445e+00 1.26697e+00 9.99656e-02
3.66445e+00 1.33555e+00 9.98385e-02
3.66445e+00 1.40526e+00 9.95847e-02
3.66445e+00 1.47604e+00 9.91773e-02
3.66445e+00 1.54782e+00 9.85867e-02
3.66445e+00 1.62053e+00 9.77814e-02
3.66445e+00 1.69410e+00 9.67285e-02
3.66445e+00 1.76846e+00 9.53944e-02
3.66445e+00 1.84353e+00 9.37464e-02
3.66445e+00 1.91924e+00 9.17538e-02
3.66445e+00 1.99553e+00 8.93901e-02
3.66445e+00 2.07230e+00 8.66348e-02
3.66445e+00 2.14949e+00 8.34755e-02
3.66445e+00 2.22703e+00 7.99106e-02
3.66445e+00 2.30483e+00 7.59506e-02
3.66445e+00 2.38282e+00 7.16201e-02
3.66445e+00 2.46093e+00 6.69586e-02
3.66445e+00 2.53907e+00 6.20204e-02
3.66445e+00 2.61718e+00 5.68736e-02
3.66445e+00 2.69517e+00 5.15979e-02
3.66445e+00 2.77297e+00 4.62815e-02
3.66445e+00 2.85051e+00 4.10166e-02
3.66445e+00 2.92770e+00 3.58946e-02
3.66445e+00 3.00447e+00 3.10014e-02
3.66445e+00 3.08076e+00 2.64124e-02
3.66445e+00 3.15647e+00 2.21886e-02
3.66445e+00 3.23154e+00 1.83742e-02
3.66445e+00 3.30590e+00 1.49945e-02
3.66445e+00 3.37947e+00 1.20571e-02
3.66445e+00 3.45218e+00 9.55250e-03
3.66445e+00 3.52396e+00 7.45725e-03
3.66445e+00 3.59474e+00 5.73720e-03
3.66445e+00 3.66445e+00 4.35112e-03
3.66445e+00 3.73303e+00 3.25425e-03
3.66445e+00 3.80040e+00 2.40143e-03
3.66445e+00 3.86649e+00 1.74956e-03
3.66445e+00 3.93125e+00 1.25936e-03
3.66445e+00 3.99462e+00 8.96403e-04
3.66445e+00 4.05652e+00 6.31554e-04
3.66445e+00 4.11690e+00 4.40899e-04
3.66445e+00 4.17571e+00 3.05353e-04
3.66445e+00 4.23287e+00 2.10067e-04
3.66445e+00 4.28835e+00 1.43748e-04
3.66445e+00 4.34207e+00 9.79870e-05
3.66445e+00 4.39400e+00 6.66385e-05
3.66445e+00 4.44407e+00 4.52864e-05
3.66445e+00 4.49224e+00 3.08049e-05
3.66445e+00 4.53847e+00 2.10098e-05
3.66445e+00 4.58271e+00 1.43923e-05
3.66445e+00 4.62491e+00 9.92008e-06
3.66445e+00 4.66504e+00 6.89203e-06
3.66445e+00 4.70305e+00 4.83501e-06
3.66445e+00 4.73890e+00 3.43109e-06
3.66445e+00 4.77257e+00 2.46720e-06
3.66445e+00 4.80402e+00 1.80073e-06
3.66445e+00 4.83322e+00 1.33621e-06
3.66445e+00 4.86014e+00 1.00965e-06
3.66445e+00 4.88475e+00 7.78008e-07
3.66445e+00 4.90703e+00 6.12242e-07
3.66445e+00 4.92696e+00 4.92668e-07
3.66445e+00 4.94452e+00 4.05877e-07
3.66445e+00 4.95969e+00 3.42697e-07
3.66445e+00 4.97246e+00 2.96830e-07
3.66445e+00 4.98281e+00 2.63958e-07
3.66445e+00 4.99074e+00 2.41146e-07
3.66445e+00 4.99623e+00 2.26444e-07
3.66445e+00 4.99928e+00 2.18637e-07
3.73303e+00 7.15683e-04 7.40685e-02
3.73303e+00 3.77012e-03 7.40686e-02
3.73303e+00 9.26216e-03 7.40688e-02
3.73303e+00 1.71877e-02 7.40695e-02
3.73303e+00 2.75390e-02 7.40711e-02
3.73303e+00 4.03061e-02 7.40741e-02
3.73303e+00 5.54766e-02 7.40790e-02
3.73303e+00 7.30356e-02 7.40867e-02
3.73303e+00 9.29659e-02 7.40980e-02
3.73303e+00 1.15248e-01 7.41138e-02
3.73303e+00 1.39860e-01 7.41350e-02
3.73303e+00 1.66779e-01 7.41629e-02
3.73303e+00 1.95977e-01 7.41984e-02
3.73303e+00 2.27426e-01 7.42428e-02
3.73303e+00 2.61096e-01 7.42971e-02
3.73303e+00 2.96953e-01 7.43625e-02
3.73303e+00 3.34963e-01 7.44400e-02
3.73303e+00 3.75089e-01 7.45304e-02
3.73303e+00 4.17290e-01 7.46345e-02
3.73303e+00 4.61527e-01 7.47527e-02
3.73303e+00 5.07755e-01 7.48852e-02
3.73303e+00 5.55930e-01 7.50316e-02
3.73303e+00 6.06005e-01 7.51913e-02
3.73303e+00 6.57930e-01 7.53629e-02
3.73303e+00 7.11655e-01 7.55444e-02
3.73303e+00 7.67127e-01 7.57329e-02
3.73303e+00 8.24292e-01 7.59245e-02
3.73303e+00 8.83095e-01 7.61143e-02
3.73303e+00 9.43478e-01 7.62960e-02
3.73303e+00 1.00538e+00 7.64619e-02
3.73303e+00 1.06875e+00 7.66027e-02
3.73303e+00 1.13351e+00 7.67074e-02
3.73303e+00 1.19960e+00 7.67629e-02
3.73303e+00 1.26697e+00 7.67543e-02
3.73303e+00 1.33555e+00 7.66643e-02
3.73303e+00 1.40526e+00 7.64736e-02
3.73303e+00 1.47604e+00 7.61610e-02
3.73303e+00 1.54782e+00 7.57033e-02
3.73303e+00 1.62053e+00 7.50757e-02
3.73303e+00 1.69410e+00 7.42526e-02
3.73303e+00 1.76846e+00 7.32082e-02
3.73303e+00 1.84353e+00 7.19174e-02
3.73303e+00 1.91924e+00 7.03571e-02
3.73303e+00 1.99553e+00 6.85074e-02
3.73303e+00 2.07230e+00 6.63537e-02
3.73303e+00 2.14949e+00 6.38877e-02
3.73303e+00 2.22703e+00 6.11095e-02
3.73303e+00 2.30483e+00 5.80290e-02
3.73303e+00 2.38282e+00 5.46669e-02
3.73303e+00 2.46093e+00 5.10552e-02
3.73303e+00 2.53907e+00 4.72372e-02
3.73303e+00 2.61718e+00 4.32666e-02
3.73303e+00 2.69517e+00 3.92055e-02
3.73303e+00 2.77297e+00 3.51221e-02
3.73303e+00 2.85051e+00 3.10871e-02
3.73303e+00 2.92770e+00 2.71701e-02
3.73303e+00 3.00447e+00 2.34360e-02
3.73303e+00 3.08076e+00 1.99412e-02
3.73303e+00 3.15647e+00 1.67310e-02
3.73303e+00 3.23154e+00 1.38374e-02
3.73303e+00 3.30590e+00 1.12784e-02
3.73303e+00 3.37947e+00 9.05807e-03
3.73303e+00 3.45218e+00 7.16806e-03
3.73303e+00 3.52396e+00 5.58946e-03
3.73303e+00 3.59474e+00 4.29549e-03
3.73303e+00 3.66445e+00 3.25425e-03
3.73303e+00 3.73303e+00 2.43139e-03
3.73303e+00 3.80040e+00 1.79243e-03
3.73303e+00 3.86649e+00 1.30463e-03
3.73303e+00 3.93125e+00 9.38234e-04
3.73303e+00 3.99462e+00 6.67244e-04
3.73303e+00 4.05652e+00 4.69708e-04
3.73303e+00 4.11690e+00 3.27649e-04
3.73303e+00 4.17571e+00 2.26747e-04
3.73303e+00 4.23287e+00 1.55877e-04
3.73303e+00 4.28835e+00 1.06592e-04
3.73303e+00 4.34207e+00 7.26121e-05
3.73303e+00 4.39400e+00 4.93511e-05
3.73303e+00 4.44407e+00 3.35186e-05
3.73303e+00 4.49224e+00 2.27875e-05
3.73303e+00 4.53847e+00 1.55336e-05
3.73303e+00 4.58271e+00 1.06358e-05
3.73303e+00 4.62491e+00 7.32749e-06
3.73303e+00 4.66504e+00 5.08863e-06
3.73303e+00 4.70305e+00 3.56844e-06
3.73303e+00 4.73890e+00 2.53135e-06
3.73303e+00 4.77257e+00 1.81959e-06
3.73303e+00 4.80402e+00 1.32764e-06
3.73303e+00 4.83322e+00 9.84876e-07
3.73303e+00 4.86014e+00 7.43981e-07
3.73303e+00 4.88475e+00 5.73153e-07
3.73303e+00 4.90703e+00 4.50937e-07
3.73303e+00 4.92696e+00 3.62797e-07
3.73303e+00 4.94452e+00 2.98836e-07
3.73303e+00 4.95969e+00 2.52281e-07
3.73303e+00 4.97246e+00 2.18490e-07
3.73303e+00 4.98281e+00 1.94275e-07
3.73303e+00 4.99074e+00 1.77472e-07
3.73303e+00 4.99623e+00 1.66643e-07
3.73303e+00 4.99928e+00 1.60894e-07
3.80040e+00 7.15683e-04 5.58779e-02
3.80040e+00 3.77012e-03 5.58779e-02
3.80040e+00 9.26216e-03 5.58781e-02
3.80040e+00 1.71877e-02 5.58787e-02
3.80040e+00 2.75390e-02 5.58799e-02
3.80040e+00 4.03061e-02 5.58823e-02
3.80040e+00 5.54766e-02 5.58863e-02
3.80040e+00 7.30356e-02 5.58925e-02
3.80040e+00 9.29659e-02 5.59015e-02
3.80040e+00 1.15248e-01 5.59142e-02
3.80040e+00 1.39860e-01 5.59313e-02
3.80040e+00 1.66779e-01 5.59537e-02
3.80040e+00 1.95977e-01 5.59823e-02
3.80040e+00 2.27426e-01 5.60179e-02
3.80040e+00 2.61096e-01 5.60616e-02
3.80040e+00 2.96953e-01 5.61142e-02
3.80040e+00 3.34963e-01 5.61765e-02
3.80040e+00 3.75089e-01 5.62492e-02
3.80040e+00 4.17290e-01 5.63329e-02
3.80040e+00 4.61527e-01 5.64280e-02
3.80040e+00 5.07755e-01 5.65346e-02
3.80040e+00 5.55930e-01 5.66526e-02
3.80040e+00 6.06005e-01 5.67812e-02
3.80040e+00 6.57930e-01 5.69196e-02
3.80040e+00 7.11655e-01 5.70660e-02
3.80040e+00 7.67127e-01 5.72182e-02
3.80040e+00 8.24292e-01 5.73732e-02
3.80040e+00 8.83095e-01 5.75270e-02
3.80040e+00 9.43478e-01 5.76748e-02
3.80040e+00 1.00538e+00 5.78104e-02
3.80040e+00 1.06875e+00 5.79266e-02
3.80040e+00 1.13351e+00 5.80146e-02
3.80040e+00 1.19960e+00 5.80642e-02
3.80040e+00 1.26697e+00 5.80637e-02
3.80040e+00 1.33555e+00 5.79997e-02
3.80040e+00 1.40526e+00 5.78571e-02
3.80040e+00 1.47604e+00 5.76195e-02
3.80040e+00 1.54782e+00 5.72689e-02
3.80040e+00 1.62053e+00 5.67864e-02
3.80040e+00 1.69410e+00 5.61524e-02
3.80040e+00 1.76846e+00 5.53473e-02
3.80040e+00 1.84353e+00 5.43522e-02
3.80040e+00 1.91924e+00 5.31499e-02
3.80040e+00 1.99553e+00 5.17259e-02
3.80040e+00 2.07230e+00 5.00697e-02
3.80040e+00 2.14949e+00 4.81760e-02
3.80040e+00 2.22703e+00 4.60460e-02
3.80040e+00 2.30483e+00 4.36883e-02
3.80040e+00 2.38282e+00 4.11197e-02
3.80040e+00 2.46093e+00 3.83656e-02
3.80040e+00 2.53907e+00 3.54600e-02
3.80040e+00 2.61718e+00 3.24442e-02
3.80040e+00 2.69517e+00 2.93659e-02
3.80040e+00 2.77297e+00 2.62769e-02
3.80040e+00 2.85051e+00 2.32306e-02
3.80040e+00 2.92770e+00 2.02793e-02
3.80040e+00 3.00447e+00 1.74712e-02
3.80040e+00 3.08076e+00 1.48480e-02
3.80040e+00 3.15647e+00 1.24428e-02
3.80040e+00 3.23154e+00 1.02787e-02
3.80040e+00 3.30590e+00 8.36804e-03
3.80040e+00 3.37947e+00 6.71300e-03
3.80040e+00 3.45218e+00 5.30637e-03
3.80040e+00 3.52396e+00 4.13327e-03
3.80040e+00 3.59474e+00 3.17305e-03
3.80040e+00 3.66445e+00 2.40143e-03
3.80040e+00 3.73303e+00 1.79243e-03
3.80040e+00 3.80040e+00 1.32013e-03
3.80040e+00 3.86649e+00 9.59978e-04
3.80040e+00 3.93125e+00 6.89764e-04
3.80040e+00 3.99462e+00 4.90123e-04
3.80040e+00 4.05652e+00 3.44744e-04
3.80040e+00 4.11690e+00 2.40293e-04
3.80040e+00 4.17571e+00 1.66170e-04
3.80040e+00 4.23287e+00 1.14153e-04
3.80040e+00 4.28835e+00 7.80080e-05
3.80040e+00 4.34207e+00 5.31062e-05
3.80040e+00 4.39400e+00 3.60721e-05
3.80040e+00 4.44407e+00 2.44857e-05
3.80040e+00 4.49224e+00 1.66376e-05
3.80040e+00 4.53847e+00 1.13356e-05
3.80040e+00 4.58271e+00 7.75773e-06
3.80040e+00 4.62491e+00 5.34227e-06
3.80040e+00 4.66504e+00 3.70843e-06
3.80040e+00 4.70305e+00 2.59954e-06
3.80040e+00 4.73890e+00 1.84337e-06
3.80040e+00 4.77257e+00 1.32461e-06
3.80040e+00 4.80402e+00 9.66184e-07
3.80040e+00 4.83322e+00 7.16536e-07
3.80040e+00 4.86014e+00 5.41135e-07
3.80040e+00 4.88475e+00 4.16785e-07
3.80040e+00 4.90703e+00 3.27843e-07
3.80040e+00 4.92696e+00 2.63714e-07
3.80040e+00 4.94452e+00 2.17185e-07
3.80040e+00 4.95969e+00 1.83325e-07
3.80040e+00 4.97246e+00 1.58751e-07
3.80040e+00 4.98281e+00 1.41144e-07
3.80040e+00 4.99074e+00 1.28927e-07
3.80040e+00 4.99623e+00 1.21054e-07
3.80040e+00 4.99928e+00 1.16874e-07
3.86649e+00 7.15683e-04 4.15872e-02
3.86649e+00 3.77012e-03 4.15872e-02
3.86649e+00 9.26216e-03 4.15873e-02
3.86649e+00 1.71877e-02 4.15878e-02
3.86649e+00 2.75390e-02 4.15888e-02
3.86649e+00 4.03061e-02 4.15907e-02
3.86649e+00 5.54766e-02 4.15938e-02
3.86649e+00 7.30356e-02 4.15986e-02
3.86649e+00 9.29659e-02 4.16057e-02
3.86649e+00 1.15248e-01 4.16157e-02
3.86649e+00 1.39860e-01 4.16291e-02
3.86649e+00 1.66779e-01 4.16466e-02
3.86649e+00 1.95977e-01 4.16690e-02
3.86649e+00 2.27426e-01 4.16970e-02
3.86649e+00 2.61096e-01 4.17313e-02
3.86649e+00 2.96953e-01 4.17725e-02
3.86649e+00 3.34963e-01 4.18214e-02
3.86649e+00 3.75089e-01 4.18784e-02
3.86649e+00 4.17290e-01 4.19441e-02
3.86649e+00 4.61527e-01 4.20187e-02
3.86649e+00 5.07755e-01 4.21024e-02
3.86649e+00 5.55930e-01 4.21949e-02
3.86649e+00 6.06005e-01 4.22960e-02
3.86649e+00 6.57930e-01 4.24046e-02
3.86649e+00 7.11655e-01 4.25197e-02
3.86649e+00 7.67127e-01 4.26394e-02
3.86649e+00 8.24292e-01 4.27614e-02
3.86649e+00 8.83095e-01 4.28826e-02
3.86649e+00 9.43478e-01 4.29993e-02
3.86649e+00 1.00538e+00 4.31067e-02
3.86649e+00 1.06875e+00 4.31992e-02
3.86649e+00 1.13351e+00 4.32700e-02
3.86649e+00 1.19960e+00 4.33114e-02
3.86649e+00 1.26697e+00 4.33143e-02
3.86649e+00 1.33555e+00 4.32683e-02
3.86649e+00 1.40526e+00 4.31622e-02
3.86649e+00 1.47604e+00 4.29831e-02
3.86649e+00 1.54782e+00 4.27177e-02
3.86649e+00 1.62053e+00 4.23515e-02
3.86649e+00 1.69410e+00 4.18699e-02
3.86649e+00 1.76846e+00 4.12581e-02
3.86649e+00 1.84353e+00 4.05022e-02
3.86649e+00 1.91924e+00 3.95896e-02
3.86649e+00 1.99553e+00 3.85098e-02
3.86649e+00 2.07230e+00 3.72554e-02
3.86649e+00 2.14949e+00 3.58232e-02
3.86649e+00 2.22703e+00 3.42148e-02
3.86649e+00 2.30483e+00 3.24373e-02
3.86649e+00 2.38282e+00 3.05041e-02
3.86649e+00 2.46093e+00 2.84351e-02
3.86649e+00 2.53907e+00 2.62561e-02
3.86649e+00 2.61718e+00 2.39988e-02
3.86649e+00 2.69517e+00 2.16990e-02
3.86649e+00 2.77297e+00 1.93955e-02
3.86649e+00 2.85051e+00 1.71280e-02
3.86649e+00 2.92770e+00 1.49352e-02
3.86649e+00 3.00447e+00 1.28525e-02
3.86649e+00 3.08076e+00 1.09104e-02
3.86649e+00 3.15647e+00 9.13273e-03
3.86649e+00 3.23154e+00 7.53585e-03
3.86649e+00 3.30590e+00 6.12827e-03
3.86649e+00 3.37947e+00 4.91087e-03
3.86649e+00 3.45218e+00 3.87772e-03
3.86649e+00 3.52396e+00 3.01731e-03
3.86649e+00 3.59474e+00 2.31400e-03
3.86649e+00 3.66445e+00 1.74956e-03
3.86649e+00 3.73303e+00 1.30463e-03
3.86649e+00 3.80040e+00 9.59978e-04
3.86649e+00 3.86649e+00 6.97463e-04
3.86649e+00 3.93125e+00 5.00714e-04
3.86649e+00 3.99462e+00 3.55499e-04
3.86649e+00 4.05652e+00 2.49855e-04
3.86649e+00 4.11690e+00 1.74023e-04
3.86649e+00 4.17571e+00 1.20256e-04
3.86649e+00 4.23287e+00 8.25550e-05
3.86649e+00 4.28835e+00 5.63786e-05
3.86649e+00 4.34207e+00 3.83577e-05
3.86649e+00 4.39400e+00 2.60390e-05
3.86649e+00 4.44407e+00 1.76654e-05
3.86649e+00 4.49224e+00 1.19970e-05
3.86649e+00 4.53847e+00 8.16986e-06
3.86649e+00 4.58271e+00 5.58860e-06
3.86649e+00 4.62491e+00 3.84684e-06
3.86649e+00 4.66504e+00 2.66926e-06
3.86649e+00 4.70305e+00 1.87039e-06
3.86649e+00 4.73890e+00 1.32585e-06
3.86649e+00 4.77257e+00 9.52418e-07
3.86649e+00 4.80402e+00 6.94492e-07
3.86649e+00 4.83322e+00 5.14902e-07
3.86649e+00 4.86014e+00 3.88761e-07
3.86649e+00 4.88475e+00 2.99357e-07
3.86649e+00 4.90703e+00 2.35425e-07
3.86649e+00 4.92696e+00 1.89340e-07
3.86649e+00 4.94452e+00 1.55908e-07
3.86649e+00 4.95969e+00 1.31584e-07
3.86649e+00 4.97246e+00 1.13932e-07
3.86649e+00 4.98281e+00 1.01286e-07
3.86649e+00 4.99074e+00 9.25126e-08
3.86649e+00 4.99623e+00 8.68593e-08
3.86649e+00 4.99928e+00 8.38580e-08
3.93125e+00 7.15683e-04 3.05601e-02
3.93125e+00 3.77012e-03 3.05601e-02
3.93125e+00 9.26216e-03 3.05602e-02
3.93125e+00 1.71877e-02 3.05606e-02
3.93125e+00 2.75390e-02 3.05613e-02
3.93125e+00 4.03061e-02 3.05628e-02
3.93125e+00 5.54766e-02 3.05652e-02
3.93125e+00 7.30356e-02 3.05689e-02
3.93125e+00 9.29659e-02 3.05743e-02
3.93125e+00 1.15248e-01 3.05820e-02
3.93125e+00 1.39860e-01 3.05923e-02
3.93125e+00 1.66779e-01 3.06057e-02
3.93125e+00 1.95977e-01 3.06229e-02
3.93125e+00 2.27426e-01 3.06444e-02
3.93125e+00 2.61096e-01 3.06707e-02
3.93125e+00 2.96953e-01 3.07023e-02
3.93125e+00 3.34963e-01 3.07398e-02
3.93125e+00 3.75089e-01 3.07836e-02
3.93125e+00 4.17290e-01 3.08340e-02
3.93125e+00 4.61527e-01 3.08913e-02
3.93125e+00 5.07755e-01 3.09555e-02
3.93125e+00 5.55930e-01 3.10265e-02
3.93125e+00 6.06005e-01 3.11041e-02
3.93125e+00 6.57930e-01 3.11875e-02
3.93125e+00 7.11655e-01 3.12758e-02
3.93125e+00 7.67127e-01 3.13678e-02
3.93125e+00 8.24292e-01 3.14615e-02
3.93125e+00 8.83095e-01 3.15547e-02
3.93125e+00 9.43478e-01 3.16445e-02
3.93125e+00 1.00538e+00 3.17273e-02
3.93125e+00 1.06875e+00 3.17988e-02
3.93125e+00 1.13351e+00 3.18539e-02
3.93125e+00 1.19960e+00 3.18867e-02
3.93125e+00 1.26697e+00 3.18904e-02
3.93125e+00 1.33555e+00 3.18572e-02
3.93125e+00 1.40526e+00 3.17784e-02
3.93125e+00 1.47604e+00 3.16447e-02
3.93125e+00 1.54782e+00 3.14459e-02
3.93125e+00 1.62053e+00 3.11714e-02
3.93125e+00 1.69410e+00 3.08102e-02
3.93125e+00 1.76846e+00 3.03515e-02
3.93125e+00 1.84353e+00 2.97852e-02
3.93125e+00 1.91924e+00 2.91021e-02
3.93125e+00 1.99553e+00 2.82948e-02
3.93125e+00 2.07230e+00 2.73582e-02
3.93125e+00 2.14949e+00 2.62903e-02
3.93125e+00 2.22703e+00 2.50927e-02
3.93125e+00 2.30483e+00 2.37713e-02
3.93125e+00 2.38282e+00 2.23366e-02
3.93125e+00 2.46093e+00 2.08037e-02
3.93125e+00 2.53907e+00 1.91920e-02
3.93125e+00 2.61718e+00 1.75253e-02
3.93125e+00 2.69517e+00 1.58302e-02
3.93125e+00 2.77297e+00 1.41353e-02
3.93125e+00 2.85051e+00 1.24697e-02
3.93125e+00 2.92770e+00 1.08618e-02
3.93125e+00 3.00447e+00 9.33714e-03
3.93125e+00 3.08076e+00 7.91773e-03
3.93125e+00 3.15647e+00 6.62057e-03
3.93125e+00 3.23154e+00 5.45714e-03
3.93125e+00 3.30590e+00 4.43316e-03
3.93125e+00 3.37947e+00 3.54882e-03
3.93125e+00 3.45218e+00 2.79937e-03
3.93125e+00 3.52396e+00 2.17606e-03
3.93125e+00 3.59474e+00 1.66722e-03
3.93125e+00 3.66445e+00 1.25936e-03
3.93125e+00 3.73303e+00 9.38234e-04
3.93125e+00 3.80040e+00 6.89764e-04
3.93125e+00 3.86649e+00 5.00714e-04
3.93125e+00 3.93125e+00 3.59171e-04
3.93125e+00 3.99462e+00 2.54805e-04
3.93125e+00 4.05652e+00 1.78949e-04
3.93125e+00 4.11690e+00 1.24546e-04
3.93125e+00 4.17571e+00 8.60062e-05
3.93125e+00 4.23287e+00 5.90038e-05
3.93125e+00 4.28835e+00 4.02696e-05
3.93125e+00 4.34207e+00 2.73814e-05
3.93125e+00 4.39400e+00 1.85772e-05
3.93125e+00 4.44407e+00 1.25964e-05
3.93125e+00 4.49224e+00 8.55019e-06
3.93125e+00 4.53847e+00 5.81981e-06
3.93125e+00 4.58271e+00 3.97924e-06
3.93125e+00 4.62491e+00 2.73790e-06
3.93125e+00 4.66504e+00 1.89903e-06
3.93125e+00 4.70305e+00 1.33019e-06
3.93125e+00 4.73890e+00 9.42594e-07
3.93125e+00 4.77257e+00 6.76892e-07
3.93125e+00 4.80402e+00 4.93436e-07
3.93125e+00 4.83322e+00 3.65739e-07
3.93125e+00 4.86014e+00 2.76071e-07
3.93125e+00 4.88475e+00 2.12535e-07
3.93125e+00 4.90703e+00 1.67112e-07
3.93125e+00 4.92696e+00 1.34375e-07
3.93125e+00 4.94452e+00 1.10631e-07
3.93125e+00 4.95969e+00 9.33583e-08
3.93125e+00 4.97246e+00 8.08256e-08
3.93125e+00 4.98281e+00 7.18480e-08
3.93125e+00 4.99074e+00 6.56198e-08
3.93125e+00 4.99623e+00 6.16069e-08
3.93125e+00 4.99928e+00 5.94766e-08
3.99462e+00 7.15683e-04 2.21927e-02
3.99462e+00 3.77012e-03 2.21928e-02
3.99462e+00 9.26216e-03 2.21928e-02
3.99462e+00 1.71877e-02 2.21931e-02
3.99462e+00 2.75390e-02 2.21937e-02
3.99462e+00 4.03061e-02 2.21948e-02
3.99462e+00 5.54766e-02 2.21966e-02
3.99462e+00 7.30356e-02 2.21994e-02
3.99462e+00 9.29659e-02 2.22035e-02
3.99462e+00 1.15248e-01 2.22092e-02
3.99462e+00 1.39860e-01 2.22169e-02
3.99462e+00 1.66779e-01 2.22271e-02
3.99462e+00 1.95977e-01 2.22400e-02
3.99462e+00 2.27426e-01 2.22562e-02
3.99462e+00 2.61096e-01 2.22760e-02
3.99462e+00 2.96953e-01 2.22998e-02
3.99462e+00 3.34963e-01 2.23280e-02
3.99462e+00 3.75089e-01 2.23609e-02
3.99462e+00 4.17290e-01 2.23989e-02
3.99462e+00 4.61527e-01 2.24420e-02
3.99462e+00 5.07755e-01 2.24903e-02
3.99462e+00 5.55930e-01 2.25437e-02
3.99462e+00 6.06005e-01 2.26021e-02
3.99462e+00 6.57930e-01 2.26648e-02
3.99462e+00 7.11655e-01 2.27313e-02
3.99462e+00 7.67127e-01 2.28005e-02
3.99462e+00 8.24292e-01 2.28710e-02
3.99462e+00 8.83095e-01 2.29412e-02
3.99462e+00 9.43478e-01 2.30087e-02
3.99462e+00 1.00538e+00 2.30711e-02
3.99462e+00 1.06875e+00 2.31250e-02
3.99462e+00 1.13351e+00 2.31667e-02
3.99462e+00 1.19960e+00 2.31917e-02
3.99462e+00 1.26697e+00 2.31949e-02
3.99462e+00 1.33555e+00 2.31707e-02
3.99462e+00 1.40526e+00 2.31125e-02
3.99462e+00 1.47604e+00 2.30135e-02
3.99462e+00 1.54782e+00 2.28662e-02
3.99462e+00 1.62053e+00 2.26627e-02
3.99462e+00 1.69410e+00 2.23951e-02
3.99462e+00 1.76846e+00 2.20556e-02
3.99462e+00 1.84353e+00 2.16368e-02
3.99462e+00 1.91924e+00 2.11321e-02
3.99462e+00 1.99553e+00 2.05363e-02
3.99462e+00 2.07230e+00 1.98461e-02
3.99462e+00 2.14949e+00 1.90602e-02
3.99462e+00 2.22703e+00 1.81801e-02
3.99462e+00 2.30483e+00 1.72106e-02
3.99462e+00 2.38282e+00 1.61595e-02
3.99462e+00 2.46093e+00 1.50382e-02
3.99462e+00 2.53907e+00 1.38613e-02
3.99462e+00 2.61718e+00 1.26462e-02
3.99462e+00 2.69517e+00 1.14123e-02
3.99462e+00 2.77297e+00 1.01806e-02
3.99462e+00 2.85051e+00 8.97217e-03
3.99462e+00 2.92770e+00 7.80740e-03
3.99462e+00 3.00447e+00 6.70472e-03
3.99462e+00 3.08076e+00 5.67971e-03
3.99462e+00 3.15647e+00 4.74438e-03
3.99462e+00 3.23154e+00 3.90670e-03
3.99462e+00 3.30590e+00 3.17048e-03
3.99462e+00 3.37947e+00 2.53551e-03
3.99462e+00 3.45218e+00 1.99812e-03
3.99462e+00 3.52396e+00 1.55174e-03
3.99462e+00 3.59474e+00 1.18779e-03
3.99462e+00 3.66445e+00 8.96403e-04
3.99462e+00 3.73303e+00 6.67244e-04
3.99462e+00 3.80040e+00 4.90123e-04
3.99462e+00 3.86649e+00 3.55499e-04
3.99462e+00 3.93125e+00 2.54805e-04
3.99462e+00 3.99462e+00 1.80627e-04
3.99462e+00 4.05652e+00 1.26761e-04
3.99462e+00 4.11690e+00 8.81631e-05
3.99462e+00 4.17571e+00 6.08409e-05
3.99462e+00 4.23287e+00 4.17127e-05
3.99462e+00 4.28835e+00 2.84513e-05
3.99462e+00 4.34207e+00 1.93343e-05
3.99462e+00 4.39400e+00 1.31104e-05
3.99462e+00 4.44407e+00 8.88495e-06
3.99462e+00 4.49224e+00 6.02796e-06
3.99462e+00 4.53847e+00 4.10111e-06
3.99462e+00 4.58271e+00 2.80287e-06
3.99462e+00 4.62491e+00 1.92771e-06
3.99462e+00 4.66504e+00 1.33656e-06
3.99462e+00 4.70305e+00 9.35865e-07
3.99462e+00 4.73890e+00 6.62948e-07
3.99462e+00 4.77257e+00 4.75926e-07
3.99462e+00 4.80402e+00 3.46838e-07
3.99462e+00 4.83322e+00 2.57011e-07
3.99462e+00 4.86014e+00 1.93954e-07
3.99462e+00 4.88475e+00 1.49284e-07
3.99462e+00 4.90703e+00 1.17356e-07
3.99462e+00 4.92696e+00 9.43499e-08
3.99462e+00 4.94452e+00 7.76669e-08
3.99462e+00 4.95969e+00 6.55321e-08
3.99462e+00 4.97246e+00 5.67287e-08
3.99462e+00 4.98281e+00 5.04231e-08
3.99462e+00 4.99074e+00 4.60491e-08
3.99462e+00 4.99623e+00 4.32310e-08
3.99462e+00 4.99928e+00 4.17350e-08
4.05652e+00 7.15683e-04 1.59422e-02
4.05652e+00 3.77012e-03 1.59422e-02
4.05652e+00 9.26216e-03 1.59423e-02
4.05652e+00 1.71877e-02 1.59425e-02
4.05652e+00 2.75390e-02 1.59429e-02
4.05652e+00 4.03061e-02 1.59437e-02
4.05652e+00 5.54766e-02 1.59450e-02
4.05652e+00 7.30356e-02 1.59471e-02
4.05652e+00 9.29659e-02 1.59501e-02
4.05652e+00 1.15248e-01 1.59544e-02
4.05652e+00 1.39860e-01 1.59601e-02
4.05652e+00 1.66779e-01 1.59676e-02
4.05652e+00 1.95977e-01 1.59772e-02
4.05652e+00 2.27426e-01 1.59891e-02
4.05652e+00 2.61096e-01 1.60038e-02
4.05652e+00 2.96953e-01 1.60214e-02
4.05652e+00 3.34963e-01 1.60422e-02
4.05652e+00 3.75089e-01 1.60666e-02
4.05652e+00 4.17290e-01 1.60947e-02
4.05652e+00 4.61527e-01 1.61265e-02
4.05652e+00 5.07755e-01 1.61623e-02
4.05652e+00 5.55930e-01 1.62018e-02
4.05652e+00 6.06005e-01 1.62449e-02
4.05652e+00 6.57930e-01 1.62913e-02
4.05652e+00 7.11655e-01 1.63404e-02
4.05652e+00 7.67127e-01 1.63916e-02
4.05652e+00 8.24292e-01 1.64436e-02
4.05652e+00 8.83095e-01 1.64955e-02
4.05652e+00 9.43478e-01 1.65454e-02
4.05652e+00 1.00538e+00 1.65914e-02
4.05652e+00 1.06875e+00 1.66312e-02
4.05652e+00 1.13351e+00 1.66619e-02
4.05652e+00 1.19960e+00 1.66803e-02
4.05652e+00 1.26697e+00 1.66827e-02
4.05652e+00 1.33555e+00 1.66649e-02
4.05652e+00 1.40526e+00 1.66222e-02
4.05652e+00 1.47604e+00 1.65495e-02
4.05652e+00 1.54782e+00 1.64414e-02
4.05652e+00 1.62053e+00 1.62922e-02
4.05652e+00 1.69410e+00 1.60962e-02
4.05652e+00 1.76846e+00 1.58478e-02
4.05652e+00 1.84353e+00 1.55416e-02
4.05652e+00 1.91924e+00 1.51732e-02
4.05652e+00 1.99553e+00 1.47389e-02
4.05652e+00 2.07230e+00 1.42363e-02
4.05652e+00 2.14949e+00 1.36648e-02
4.05652e+00 2.22703e+00 1.30258e-02
4.05652e+00 2.30483e+00 1.23228e-02
4.05652e+00 2.38282e+00 1.15619e-02
4.05652e+00 2.46093e+00 1.07513e-02
4.05652e+00 2.53907e+00 9.90187e-03
4.05652e+00 2.61718e+00 9.02614e-03
4.05652e+00 2.69517e+00 8.13828e-03
4.05652e+00 2.77297e+00 7.25333e-03
4.05652e+00 2.85051e+00 6.38643e-03
4.05652e+00 2.92770e+00 5.55208e-03
4.05652e+00 3.00447e+00 4.76336e-03
4.05652e+00 3.08076e+00 4.03126e-03
4.05652e+00 3.15647e+00 3.36416e-03
4.05652e+00 3.23154e+00 2.76752e-03
4.05652e+00 3.30590e+00 2.24384e-03
4.05652e+00 3.37947e+00 1.79278e-03
4.05652e+00 3.45218e+00 1.41150e-03
4.05652e+00 3.52396e+00 1.09518e-03
4.05652e+00 3.59474e+00 8.37570e-04
4.05652e+00 3.66445e+00 6.31554e-04
4.05652e+00 3.73303e+00 4.69708e-04
4.05652e+00 3.80040e+00 3.44744e-04
4.05652e+00 3.86649e+00 2.49855e-04
4.05652e+00 3.93125e+00 1.78949e-04
4.05652e+00 3.99462e+00 1.26761e-04
4.05652e+00 4.05652e+00 8.88969e-05
4.05652e+00 4.11690e+00 6.17866e-05
4.05652e+00 4.17571e+00 4.26112e-05
4.05652e+00 4.23287e+00 2.91964e-05
4.05652e+00 4.28835e+00 1.99025e-05
4.05652e+00 4.34207e+00 1.35174e-05
4.05652e+00 4.39400e+00 9.16113e-06
4.05652e+00 4.44407e+00 6.20542e-06
4.05652e+00 4.49224e+00 4.20804e-06
4.05652e+00 4.53847e+00 2.86164e-06
4.05652e+00 4.58271e+00 1.95494e-06
4.05652e+00 4.62491e+00 1.34400e-06
4.05652e+00 4.66504e+00 9.31503e-07
4.05652e+00 4.70305e+00 6.52015e-07
4.05652e+00 4.73890e+00 4.61725e-07
4.05652e+00 4.77257e+00 3.31369e-07
4.05652e+00 4.80402e+00 2.41423e-07
4.05652e+00 4.83322e+00 1.78852e-07
4.05652e+00 4.86014e+00 1.34940e-07
4.05652e+00 4.88475e+00 1.03839e-07
4.05652e+00 4.90703e+00 8.16155e-08
4.05652e+00 4.92696e+00 6.56047e-08
4.05652e+00 4.94452e+00 5.39965e-08
4.05652e+00 4.95969e+00 4.55543e-08
4.05652e+00 4.97246e+00 3.94304e-08
4.05652e+00 4.98281e+00 3.50447e-08
4.05652e+00 4.99074e+00 3.20025e-08
4.05652e+00 4.99623e+00 3.00427e-08
4.05652e+00 4.99928e+00 2.90024e-08
4.11690e+00 7.15683e-04 1.13404e-02
4.11690e+00 3.77012e-03 1.13404e-02
4.11690e+00 9.26216e-03 1.13405e-02
4.11690e+00 1.71877e-02 1.13406e-02
4.11690e+00 2.75390e-02 1.13409e-02
4.11690e+00 4.03061e-02 1.13415e-02
4.11690e+00 5.54766e-02 1.13425e-02
4.11690e+00 7.30356e-02 1.13440e-02
4.11690e+00 9.29659e-02 1.13462e-02
4.11690e+00 1.15248e-01 1.13493e-02
4.11690e+00 1.39860e-01 1.13535e-02
4.11690e+00 1.66779e-01 1.13589e-02
4.11690e+00 1.95977e-01 1.13659e-02
4.11690e+00 2.27426e-01 1.13746e-02
4.11690e+00 2.61096e-01 1.13853e-02
4.11690e+00 2.96953e-01 1.13981e-02
4.11690e+00 3.34963e-01 1.14133e-02
4.11690e+00 3.75089e-01 1.14311e-02
4.11690e+00 4.17290e-01 1.14515e-02
4.11690e+00 4.61527e-01 1.14747e-02
4.11690e+00 5.07755e-01 1.15007e-02
4.11690e+00 5.55930e-01 1.15295e-02
4.11690e+00 6.06005e-01 1.15609e-02
4.11690e+00 6.57930e-01 1.15947e-02
4.11690e+00 7.11655e-01 1.16304e-02
4.11690e+00 7.67127e-01 1.16676e-02
4.11690e+00 8.24292e-01 1.17055e-02
4.11690e+00 8.83095e-01 1.17431e-02
4.11690e+00 9.43478e-01 1.17793e-02
4.11690e+00 1.00538e+00 1.18127e-02
4.11690e+00 1.06875e+00 1.18415e-02
4.11690e+00 1.13351e+00 1.18637e-02
4.11690e+00 1.19960e+00 1.18769e-02
4.11690e+00 1.26697e+00 1.18785e-02
4.11690e+00 1.33555e+00 1.18654e-02
4.11690e+00 1.40526e+00 1.18341e-02
4.11690e+00 1.47604e+00 1.17812e-02
4.11690e+00 1.54782e+00 1.17025e-02
4.11690e+00 1.62053e+00 1.15942e-02
4.11690e+00 1.69410e+00 1.14522e-02
4.11690e+00 1.76846e+00 1.12723e-02
4.11690e+00 1.84353e+00 1.10510e-02
4.11690e+00 1.91924e+00 1.07849e-02
4.11690e+00 1.99553e+00 1.04717e-02
4.11690e+00 2.07230e+00 1.01097e-02
4.11690e+00 2.14949e+00 9.69862e-03
4.11690e+00 2.22703e+00 9.23963e-03
4.11690e+00 2.30483e+00 8.73541e-03
4.11690e+00 2.38282e+00 8.19036e-03
4.11690e+00 2.46093e+00 7.61062e-03
4.11690e+00 2.53907e+00 7.00391e-03
4.11690e+00 2.61718e+00 6.37934e-03
4.11690e+00 2.69517e+00 5.74704e-03
4.11690e+00 2.77297e+00 5.11770e-03
4.11690e+00 2.85051e+00 4.50208e-03
4.11690e+00 2.92770e+00 3.91041e-03
4.11690e+00 3.00447e+00 3.35187e-03
4.11690e+00 3.08076e+00 2.83412e-03
4.11690e+00 3.15647e+00 2.36297e-03
4.11690e+00 3.23154e+00 1.94213e-03
4.11690e+00 3.30590e+00 1.57321e-03
4.11690e+00 3.37947e+00 1.25584e-03
4.11690e+00 3.45218e+00 9.87884e-04
4.11690e+00 3.52396e+00 7.65840e-04
4.11690e+00 3.59474e+00 5.85204e-04
4.11690e+00 3.66445e+00 4.40899e-04
4.11690e+00 3.73303e+00 3.27649e-04
4.11690e+00 3.80040e+00 2.40293e-04
4.11690e+00 3.86649e+00 1.74023e-04
4.11690e+00 3.93125e+00 1.24546e-04
4.11690e+00 3.99462e+00 8.81631e-05
4.11690e+00 4.05652e+00 6.17866e-05
4.11690e+00 4.11690e+00 4.29163e-05
4.11690e+00 4.17571e+00 2.95790e-05
4.11690e+00 4.23287e+00 2.02550e-05
4.11690e+00 4.28835e+00 1.37996e-05
4.11690e+00 4.34207e+00 9.36738e-06
4.11690e+00 4.39400e+00 6.34530e-06
4.11690e+00 4.44407e+00 4.29600e-06
4.11690e+00 4.49224e+00 2.91188e-06
4.11690e+00 4.53847e+00 1.97934e-06
4.11690e+00 4.58271e+00 1.35164e-06
4.11690e+00 4.62491e+00 9.28883e-07
4.11690e+00 4.66504e+00 6.43560e-07
4.11690e+00 4.70305e+00 4.50315e-07
4.11690e+00 4.73890e+00 3.18791e-07
4.11690e+00 4.77257e+00 2.28722e-07
4.11690e+00 4.80402e+00 1.66594e-07
4.11690e+00 4.83322e+00 1.23386e-07
4.11690e+00 4.86014e+00 9.30708e-08
4.11690e+00 4.88475e+00 7.16058e-08
4.11690e+00 4.90703e+00 5.62703e-08
4.11690e+00 4.92696e+00 4.52242e-08
4.11690e+00 4.94452e+00 3.72169e-08
4.11690e+00 4.95969e+00 3.13942e-08
4.11690e+00 4.97246e+00 2.71711e-08
4.11690e+00 4.98281e+00 2.41469e-08
4.11690e+00 4.99074e+00 2.20494e-08
4.11690e+00 4.99623e+00 2.06982e-08
4.11690e+00 4.99928e+00 1.99810e-08
4.17571e+00 7.15683e-04 7.99760e-03
4.17571e+00 3.77012e-03 7.99761e-03
4.17571e+00 9.26216e-03 7.99764e-03
4.17571e+00 1.71877e-02 7.99774e-03
4.17571e+00 2.75390e-02 7.99797e-03
4.17571e+00 4.03061e-02 7.99839e-03
4.17571e+00 5.54766e-02 7.99909e-03
4.17571e+00 7.30356e-02 8.00017e-03
4.17571e+00 9.29659e-02 8.00176e-03
4.17571e+00 1.15248e-01 8.00399e-03
4.17571e+00 1.39860e-01 8.00699e-03
4.17571e+00 1.66779e-01 8.01092e-03
4.17571e+00 1.95977e-01 8.01593e-03
4.17571e+00 2.27426e-01 8.02220e-03
4.17571e+00 2.61096e-01 8.02987e-03
4.17571e+00 2.96953e-01 8.03910e-03
4.17571e+00 3.34963e-01 8.05003e-03
4.17571e+00 3.75089e-01 8.06279e-03
4.17571e+00 4.17290e-01 8.07748e-03
4.17571e+00 4.61527e-01 8.09416e-03
4.17571e+00 5.07755e-01 8.11286e-03
4.17571e+00 5.55930e-01 8.13354e-03
4.17571e+00 6.06005e-01 8.15609e-03
4.17571e+00 6.57930e-01 8.18033e-03
4.17571e+00 7.11655e-01 8.20598e-03
4.17571e+00 7.67127e-01 8.23265e-03
4.17571e+00 8.24292e-01 8.25980e-03
4.17571e+00 8.83095e-01 8.28675e-03
4.17571e+00 9.43478e-01 8.31267e-03
4.17571e+00 1.00538e+00 8.33652e-03
4.17571e+00 1.06875e+00 8.35706e-03
4.17571e+00 1.13351e+00 8.37281e-03
4.17571e+00 1.19960e+00 8.38210e-03
4.17571e+00 1.26697e+00 8.38297e-03
4.17571e+00 1.33555e+00 8.37325e-03
4.17571e+00 1.40526e+00 8.35055e-03
4.17571e+00 1.47604e+00 8.31224e-03
4.17571e+00 1.54782e+00 8.25556e-03
4.17571e+00 1.62053e+00 8.17764e-03
4.17571e+00 1.69410e+00 8.07559e-03
4.17571e+00 1.76846e+00 7.94660e-03
4.17571e+00 1.84353e+00 7.78807e-03
4.17571e+00 1.91924e+00 7.59779e-03
4.17571e+00 1.99553e+00 7.37404e-03
4.17571e+00 2.07230e+00 7.11582e-03
4.17571e+00 2.14949e+00 6.82299e-03
4.17571e+00 2.22703e+00 6.49644e-03
4.17571e+00 2.30483e+00 6.13819e-03
4.17571e+00 2.38282e+00 5.75145e-03
4.17571e+00 2.46093e+00 5.34065e-03
4.17571e+00 2.53907e+00 4.91133e-03
4.17571e+00 2.61718e+00 4.46997e-03
4.17571e+00 2.69517e+00 4.02374e-03
4.17571e+00 2.77297e+00 3.58021e-03
4.17571e+00 2.85051e+00 3.14692e-03
4.17571e+00 2.92770e+00 2.73103e-03
4.17571e+00 3.00447e+00 2.33894e-03
4.17571e+00 3.08076e+00 1.97595e-03
4.17571e+00 3.15647e+00 1.64604e-03
4.17571e+00 3.23154e+00 1.35172e-03
4.17571e+00 3.30590e+00 1.09402e-03
4.17571e+00 3.37947e+00 8.72576e-04
4.17571e+00 3.45218e+00 6.85826e-04
4.17571e+00 3.52396e+00 5.31239e-04
4.17571e+00 3.59474e+00 4.05612e-04
4.17571e+00 3.66445e+00 3.05353e-04
4.17571e+00 3.73303e+00 2.26747e-04
4.17571e+00 3.80040e+00 1.66170e-04
4.17571e+00 3.86649e+00 1.20256e-04
4.17571e+00 3.93125e+00 8.60062e-05
4.17571e+00 3.99462e+00 6.08409e-05
4.17571e+00 4.05652e+00 4.26112e-05
4.17571e+00 4.11690e+00 2.95790e-05
4.17571e+00 4.17571e+00 2.03745e-05
4.17571e+00 4.23287e+00 1.39441e-05
4.17571e+00 4.28835e+00 9.49487e-06
4.17571e+00 4.34207e+00 6.44194e-06
4.17571e+00 4.39400e+00 4.36152e-06
4.17571e+00 4.44407e+00 2.95153e-06
4.17571e+00 4.49224e+00 1.99970e-06
4.17571e+00 4.53847e+00 1.35872e-06
4.17571e+00 4.58271e+00 9.27473e-07
4.17571e+00 4.62491e+00 6.37147e-07
4.17571e+00 4.66504e+00 4.41283e-07
4.17571e+00 4.70305e+00 3.08677e-07
4.17571e+00 4.73890e+00 2.18455e-07
4.17571e+00 4.77257e+00 1.56690e-07
4.17571e+00 4.80402e+00 1.14098e-07
4.17571e+00 4.83322e+00 8.44859e-08
4.17571e+00 4.86014e+00 6.37143e-08
4.17571e+00 4.88475e+00 4.90102e-08
4.17571e+00 4.90703e+00 3.85070e-08
4.17571e+00 4.92696e+00 3.09431e-08
4.17571e+00 4.94452e+00 2.54608e-08
4.17571e+00 4.95969e+00 2.14749e-08
4.17571e+00 4.97246e+00 1.85843e-08
4.17571e+00 4.98281e+00 1.65145e-08
4.17571e+00 4.99074e+00 1.50791e-08
4.17571e+00 4.99623e+00 1.41544e-08
4.17571e+00 4.99928e+00 1.36636e-08
4.23287e+00 7.15683e-04 5.59874e-03
4.23287e+00 3.77012e-03 5.59875e-03
4.23287e+00 9.26216e-03 5.59877e-03
4.23287e+00 1.71877e-02 5.59885e-03
4.23287e+00 2.75390e-02 5.59900e-03
4.23287e+00 4.03061e-02 5.59930e-03
4.23287e+00 5.54766e-02 5.59980e-03
4.23287e+00 7.30356e-02 5.60057e-03
4.23287e+00 9.29659e-02 5.60170e-03
4.23287e+00 1.15248e-01 5.60329e-03
4.23287e+00 1.39860e-01 5.60542e-03
4.23287e+00 1.66779e-01 5.60822e-03
4.23287e+00 1.95977e-01 5.61178e-03
4.23287e+00 2.27426e-01 5.61624e-03
4.23287e+00 2.61096e-01 5.62169e-03
4.23287e+00 2.96953e-01 5.62826e-03
4.23287e+00 3.34963e-01 5.63603e-03
4.23287e+00 3.75089e-01 5.64510e-03
4.23287e+00 4.17290e-01 5.65555e-03
4.23287e+00 4.61527e-01 5.66740e-03
4.23287e+00 5.07755e-01 5.68069e-03
4.23287e+00 5.55930e-01 5.69538e-03
4.23287e+00 6.06005e-01 5.71139e-03
4.23287e+00 6.57930e-01 5.72860e-03
4.23287e+00 7.11655e-01 5.74680e-03
4.23287e+00 7.67127e-01 5.76571e-03
4.23287e+00 8.24292e-01 5.78494e-03
4.23287e+00 8.83095e-01 5.80402e-03
4.23287e+00 9.43478e-01 5.82235e-03
4.23287e+00 1.00538e+00 5.83917e-03
4.23287e+00 1.06875e+00 5.85361e-03
4.23287e+00 1.13351e+00 5.86462e-03
4.23287e+00 1.19960e+00 5.87101e-03
4.23287e+00 1.26697e+00 5.87138e-03
4.23287e+00 1.33555e+00 5.86421e-03
4.23287e+00 1.40526e+00 5.84778e-03
4.23287e+00 1.47604e+00 5.82026e-03
4.23287e+00 1.54782e+00 5.77970e-03
4.23287e+00 1.62053e+00 5.72407e-03
4.23287e+00 1.69410e+00 5.65136e-03
4.23287e+00 1.76846e+00 5.55960e-03
4.23287e+00 1.84353e+00 5.44700e-03
4.23287e+00 1.91924e+00 5.31203e-03
4.23287e+00 1.99553e+00 5.15353e-03
4.23287e+00 2.07230e+00 4.97085e-03
4.23287e+00 2.14949e+00 4.76396e-03
4.23287e+00 2.22703e+00 4.53353e-03
4.23287e+00 2.30483e+00 4.28106e-03
4.23287e+00 2.38282e+00 4.00886e-03
4.23287e+00 2.46093e+00 3.72009e-03
4.23287e+00 2.53907e+00 3.41869e-03
4.23287e+00 2.61718e+00 3.10923e-03
4.23287e+00 2.69517e+00 2.79676e-03
4.23287e+00 2.77297e+00 2.48657e-03
4.23287e+00 2.85051e+00 2.18392e-03
4.23287e+00 2.92770e+00 1.89379e-03
4.23287e+00 3.00447e+00 1.62059e-03
4.23287e+00 3.08076e+00 1.36797e-03
4.23287e+00 3.15647e+00 1.13864e-03
4.23287e+00 3.23154e+00 9.34281e-04
4.23287e+00 3.30590e+00 7.55550e-04
4.23287e+00 3.37947e+00 6.02135e-04
4.23287e+00 3.45218e+00 4.72891e-04
4.23287e+00 3.52396e+00 3.66015e-04
4.23287e+00 3.59474e+00 2.79247e-04
4.23287e+00 3.66445e+00 2.10067e-04
4.23287e+00 3.73303e+00 1.55877e-04
4.23287e+00 3.80040e+00 1.14153e-04
4.23287e+00 3.86649e+00 8.25550e-05
4.23287e+00 3.93125e+00 5.90038e-05
4.23287e+00 3.99462e+00 4.17127e-05
4.23287e+00 4.05652e+00 2.91964e-05
4.23287e+00 4.11690e+00 2.02550e-05
4.23287e+00 4.17571e+00 1.39441e-05
4.23287e+00 4.23287e+00 9.53801e-06
4.23287e+00 4.28835e+00 6.49130e-06
4.23287e+00 4.34207e+00 4.40194e-06
4.23287e+00 4.39400e+00 2.97894e-06
4.23287e+00 4.44407e+00 2.01501e-06
4.23287e+00 4.49224e+00 1.36462e-06
4.23287e+00 4.53847e+00 9.26836e-07
4.23287e+00 4.58271e+00 6.32424e-07
4.23287e+00 4.62491e+00 4.34303e-07
4.23287e+00 4.66504e+00 3.00694e-07
4.23287e+00 4.70305e+00 2.10269e-07
4.23287e+00 4.73890e+00 1.48767e-07
4.23287e+00 4.77257e+00 1.06677e-07
4.23287e+00 4.80402e+00 7.76605e-08
4.23287e+00 4.83322e+00 5.74916e-08
4.23287e+00 4.86014e+00 4.33477e-08
4.23287e+00 4.88475e+00 3.33375e-08
4.23287e+00 4.90703e+00 2.61886e-08
4.23287e+00 4.92696e+00 2.10412e-08
4.23287e+00 4.94452e+00 1.73110e-08
4.23287e+00 4.95969e+00 1.45993e-08
4.23287e+00 4.97246e+00 1.26329e-08
4.23287e+00 4.98281e+00 1.12251e-08
4.23287e+00 4.99074e+00 1.02488e-08
4.23287e+00 4.99623e+00 9.61997e-09
4.23287e+00 4.99928e+00 9.28620e-09
4.28835e+00 7.15683e-04 3.89595e-03
4.28835e+00 3.77012e-03 3.89595e-03
4.28835e+00 9.26216e-03 3.89597e-03
4.28835e+00 1.71877e-02 3.89602e-03
4.28835e+00 2.75390e-02 3.89613e-03
4.28835e+00 4.03061e-02 3.89634e-03
4.28835e+00 5.54766e-02 3.89669e-03
4.28835e+00 7.30356e-02 3.89724e-03
4.28835e+00 9.29659e-02 3.89804e-03
4.28835e+00 1.15248e-01 3.89915e-03
4.28835e+00 1.39860e-01 3.90066e-03
4.28835e+00 1.66779e-01 3.90263e-03
4.28835e+00 1.95977e-01 3.90514e-03
4.28835e+00 2.27426e-01 3.90828e-03
4.28835e+00 2.61096e-01 3.91212e-03
4.28835e+00 2.96953e-01 3.91675e-03
4.28835e+00 3.34963e-01 3.92223e-03
4.28835e+00 3.75089e-01 3.92862e-03
4.28835e+00 4.17290e-01 3.93597e-03
4.28835e+00 4.61527e-01 3.94432e-03
4.28835e+00 5.07755e-01 3.95367e-03
4.28835e+00 5.55930e-01 3.96401e-03
4.28835e+00 6.06005e-01 3.97528e-03
4.28835e+00 6.57930e-01 3.98738e-03
4.28835e+00 7.11655e-01 4.00017e-03
4.28835e+00 7.67127e-01 4.01345e-03
4.28835e+00 8.24292e-01 4.02695e-03
4.28835e+00 8.83095e-01 4.04032e-03
4.28835e+00 9.43478e-01 4.05314e-03
4.28835e+00 1.00538e+00 4.06488e-03
4.28835e+00 1.06875e+00 4.07492e-03
4.28835e+00 1.13351e+00 4.08253e-03
4.28835e+00 1.19960e+00 4.08684e-03
4.28835e+00 1.26697e+00 4.08690e-03
4.28835e+00 1.33555e+00 4.08161e-03
4.28835e+00 1.40526e+00 4.06978e-03
4.28835e+00 1.47604e+00 4.05013e-03
4.28835e+00 1.54782e+00 4.02128e-03
4.28835e+00 1.62053e+00 3.98183e-03
4.28835e+00 1.69410e+00 3.93036e-03
4.28835e+00 1.76846e+00 3.86554e-03
4.28835e+00 1.84353e+00 3.78611e-03
4.28835e+00 1.91924e+00 3.69103e-03
4.28835e+00 1.99553e+00 3.57952e-03
4.28835e+00 2.07230e+00 3.45117e-03
4.28835e+00 2.14949e+00 3.30598e-03
4.28835e+00 2.22703e+00 3.14448e-03
4.28835e+00 2.30483e+00 2.96773e-03
4.28835e+00 2.38282e+00 2.77742e-03
4.28835e+00 2.46093e+00 2.57576e-03
4.28835e+00 2.53907e+00 2.36554e-03
4.28835e+00 2.61718e+00 2.14995e-03
4.28835e+00 2.69517e+00 1.93253e-03
4.28835e+00 2.77297e+00 1.71695e-03
4.28835e+00 2.85051e+00 1.50686e-03
4.28835e+00 2.92770e+00 1.30569e-03
4.28835e+00 3.00447e+00 1.11647e-03
4.28835e+00 3.08076e+00 9.41712e-04
4.28835e+00 3.15647e+00 7.83236e-04
4.28835e+00 3.23154e+00 6.42170e-04
4.28835e+00 3.30590e+00 5.18923e-04
4.28835e+00 3.37947e+00 4.13242e-04
4.28835e+00 3.45218e+00 3.24299e-04
4.28835e+00 3.52396e+00 2.50821e-04
4.28835e+00 3.59474e+00 1.91223e-04
4.28835e+00 3.66445e+00 1.43748e-04
4.28835e+00 3.73303e+00 1.06592e-04
4.28835e+00 3.80040e+00 7.80080e-05
4.28835e+00 3.86649e+00 5.63786e-05
4.28835e+00 3.93125e+00 4.02696e-05
4.28835e+00 3.99462e+00 2.84513e-05
4.28835e+00 4.05652e+00 1.99025e-05
4.28835e+00 4.11690e+00 1.37996e-05
4.28835e+00 4.17571e+00 9.49487e-06
4.28835e+00 4.23287e+00 6.49130e-06
4.28835e+00 4.28835e+00 4.41561e-06
4.28835e+00 4.34207e+00 2.99294e-06
4.28835e+00 4.39400e+00 2.02451e-06
4.28835e+00 4.44407e+00 1.36883e-06
4.28835e+00 4.49224e+00 9.26630e-07
4.28835e+00 4.53847e+00 6.29117e-07
4.28835e+00 4.58271e+00 4.29121e-07
4.28835e+00 4.62491e+00 2.94588e-07
4.28835e+00 4.66504e+00 2.03896e-07
4.28835e+00 4.70305e+00 1.42538e-07
4.28835e+00 4.73890e+00 1.00818e-07
4.28835e+00 4.77257e+00 7.22754e-08
4.28835e+00 4.80402e+00 5.26036e-08
4.28835e+00 4.83322e+00 3.89335e-08
4.28835e+00 4.86014e+00 2.93493e-08
4.28835e+00 4.88475e+00 2.25676e-08
4.28835e+00 4.90703e+00 1.77253e-08
4.28835e+00 4.92696e+00 1.42393e-08
4.28835e+00 4.94452e+00 1.17134e-08
4.28835e+00 4.95969e+00 9.87747e-09
4.28835e+00 4.97246e+00 8.54633e-09
4.28835e+00 4.98281e+00 7.59335e-09
4.28835e+00 4.99074e+00 6.93253e-09
4.28835e+00 4.99623e+00 6.50691e-09
4.28835e+00 4.99928e+00 6.28101e-09
4.34207e+00 7.15683e-04 2.69872e-03
4.34207e+00 3.77012e-03 2.69872e-03
4.34207e+00 9.26216e-03 2.69873e-03
4.34207e+00 1.71877e-02 2.69877e-03
4.34207e+00 2.75390e-02 2.69885e-03
4.34207e+00 4.03061e-02 2.69899e-03
4.34207e+00 5.54766e-02 2.69924e-03
4.34207e+00 7.30356e-02 2.69962e-03
4.34207e+00 9.29659e-02 2.70018e-03
4.34207e+00 1.15248e-01 2.70096e-03
4.34207e+00 1.39860e-01 2.70201e-03
4.34207e+00 1.66779e-01 2.70339e-03
4.34207e+00 1.95977e-01 2.70515e-03
4.34207e+00 2.27426e-01 2.70735e-03
4.34207e+00 2.61096e-01 2.71004e-03
4.34207e+00 2.96953e-01 2.71327e-03
4.34207e+00 3.34963e-01 2.71710e-03
4.34207e+00 3.75089e-01 2.72157e-03
4.34207e+00 4.17290e-01 2.72672e-03
4.34207e+00 4.61527e-01 2.73255e-03
4.34207e+00 5.07755e-01 2.73909e-03
4.34207e+00 5.55930e-01 2.74631e-03
4.34207e+00 6.06005e-01 2.75418e-03
4.34207e+00 6.57930e-01 2.76262e-03
4.34207e+00 7.11655e-01 2.77155e-03
4.34207e+00 7.67127e-01 2.78080e-03
4.34207e+00 8.24292e-01 2.79020e-03
4.34207e+00 8.83095e-01 2.79950e-03
4.34207e+00 9.43478e-01 2.80840e-03
4.34207e+00 1.00538e+00 2.81653e-03
4.34207e+00 1.06875e+00 2.82345e-03
4.34207e+00 1.13351e+00 2.82865e-03
4.34207e+00 1.19960e+00 2.83152e-03
4.34207e+00 1.26697e+00 2.83139e-03
4.34207e+00 1.33555e+00 2.82751e-03
4.34207e+00 1.40526e+00 2.81903e-03
4.34207e+00 1.47604e+00 2.80505e-03
4.34207e+00 1.54782e+00 2.78464e-03
4.34207e+00 1.62053e+00 2.75680e-03
4.34207e+00 1.69410e+00 2.72057e-03
4.34207e+00 1.76846e+00 2.67502e-03
4.34207e+00 1.84353e+00 2.61928e-03
4.34207e+00 1.91924e+00 2.55266e-03
4.34207e+00 1.99553e+00 2.47464e-03
4.34207e+00 2.07230e+00 2.38493e-03
4.34207e+00 2.14949e+00 2.28359e-03
4.34207e+00 2.22703e+00 2.17098e-03
4.34207e+00 2.30483e+00 2.04790e-03
4.34207e+00 2.38282e+00 1.91551e-03
4.34207e+00 2.46093e+00 1.77540e-03
4.34207e+00 2.53907e+00 1.62950e-03
4.34207e+00 2.61718e+00 1.48005e-03
4.34207e+00 2.69517e+00 1.32949e-03
4.34207e+00 2.77297e+00 1.18037e-03
4.34207e+00 2.85051e+00 1.03522e-03
4.34207e+00 2.92770e+00 8.96375e-04
4.34207e+00 3.00447e+00 7.65927e-04
4.34207e+00 3.08076e+00 6.45567e-04
4.34207e+00 3.15647e+00 5.36537e-04
4.34207e+00 3.23154e+00 4.39583e-04
4.34207e+00 3.30590e+00 3.54960e-04
4.34207e+00 3.37947e+00 2.82468e-04
4.34207e+00 3.45218e+00 2.21515e-04
4.34207e+00 3.52396e+00 1.71206e-04
4.34207e+00 3.59474e+00 1.30436e-04
4.34207e+00 3.66445e+00 9.79870e-05
4.34207e+00 3.73303e+00 7.26121e-05
4.34207e+00 3.80040e+00 5.31062e-05
4.34207e+00 3.86649e+00 3.83577e-05
4.34207e+00 3.93125e+00 2.73814e-05
4.34207e+00 3.99462e+00 1.93343e-05
4.34207e+00 4.05652e+00 1.35174e-05
4.34207e+00 4.11690e+00 9.36738e-06
4.34207e+00 4.17571e+00 6.44194e-06
4.34207e+00 4.23287e+00 4.40194e-06
4.34207e+00 4.28835e+00 2.99294e-06
4.34207e+00 4.34207e+00 2.02772e-06
4.34207e+00 4.39400e+00 1.37102e-06
4.34207e+00 4.44407e+00 9.26606e-07
4.34207e+00 4.49224e+00 6.27024e-07
4.34207e+00 4.53847e+00 4.25549e-07
4.34207e+00 4.58271e+00 2.90166e-07
4.34207e+00 4.62491e+00 1.99132e-07
4.34207e+00 4.66504e+00 1.37785e-07
4.34207e+00 4.70305e+00 9.62935e-08
4.34207e+00 4.73890e+00 6.80912e-08
4.34207e+00 4.77257e+00 4.88015e-08
4.34207e+00 4.80402e+00 3.55106e-08
4.34207e+00 4.83322e+00 2.62770e-08
4.34207e+00 4.86014e+00 1.98046e-08
4.34207e+00 4.88475e+00 1.52257e-08
4.34207e+00 4.90703e+00 1.19568e-08
4.34207e+00 4.92696e+00 9.60395e-09
4.34207e+00 4.94452e+00 7.89938e-09
4.34207e+00 4.95969e+00 6.66053e-09
4.34207e+00 4.97246e+00 5.76241e-09
4.34207e+00 4.98281e+00 5.11949e-09
4.34207e+00 4.99074e+00 4.67371e-09
4.34207e+00 4.99623e+00 4.38661e-09
4.34207e+00 4.99928e+00 4.23423e-09
4.39400e+00 7.15683e-04 1.86375e-03
4.39400e+00 3.77012e-03 1.86376e-03
4.39400e+00 9.26216e-03 1.86376e-03
4.39400e+00 1.71877e-02 1.86379e-03
4.39400e+00 2.75390e-02 1.86384e-03
4.39400e+00 4.03061e-02 1.86395e-03
4.39400e+00 5.54766e-02 1.86412e-03
4.39400e+00 7.30356e-02 1.86438e-03
4.39400e+00 9.29659e-02 1.86477e-03
4.39400e+00 1.15248e-01 1.86531e-03
4.39400e+00 1.39860e-01 1.86605e-03
4.39400e+00 1.66779e-01 1.86701e-03
4.39400e+00 1.95977e-01 1.86823e-03
4.39400e+00 2.27426e-01 1.86976e-03
4.39400e+00 2.61096e-01 1.87163e-03
4.39400e+00 2.96953e-01 1.87388e-03
4.39400e+00 3.34963e-01 1.87655e-03
4.39400e+00 3.75089e-01 1.87966e-03
4.39400e+00 4.17290e-01 1.88323e-03
4.39400e+00 4.61527e-01 1.88729e-03
4.39400e+00 5.07755e-01 1.89183e-03
4.39400e+00 5.55930e-01 1.89685e-03
4.39400e+00 6.06005e-01 1.90232e-03
4.39400e+00 6.57930e-01 1.90818e-03
4.39400e+00 7.11655e-01 1.91437e-03
4.39400e+00 7.67127e-01 1.92079e-03
4.39400e+00 8.24292e-01 1.92729e-03
4.39400e+00 8.83095e-01 1.93372e-03
4.39400e+00 9.43478e-01 1.93986e-03
4.39400e+00 1.00538e+00 1.94546e-03
4.39400e+00 1.06875e+00 1.95020e-03
4.39400e+00 1.13351e+00 1.95372e-03
4.39400e+00 1.19960e+00 1.95561e-03
4.39400e+00 1.26697e+00 1.95540e-03
4.39400e+00 1.33555e+00 1.95255e-03
4.39400e+00 1.40526e+00 1.94649e-03
4.39400e+00 1.47604e+00 1.93659e-03
4.39400e+00 1.54782e+00 1.92219e-03
4.39400e+00 1.62053e+00 1.90262e-03
4.39400e+00 1.69410e+00 1.87722e-03
4.39400e+00 1.76846e+00 1.84532e-03
4.39400e+00 1.84353e+00 1.80637e-03
4.39400e+00 1.91924e+00 1.75987e-03
4.39400e+00 1.99553e+00 1.70548e-03
4.39400e+00 2.07230e+00 1.64302e-03
4.39400e+00 2.14949e+00 1.57253e-03
4.39400e+00 2.22703e+00 1.49431e-03
4.39400e+00 2.30483e+00 1.40890e-03
4.39400e+00 2.38282e+00 1.31713e-03
4.39400e+00 2.46093e+00 1.22012e-03
4.39400e+00 2.53907e+00 1.11920e-03
4.39400e+00 2.61718e+00 1.01594e-03
4.39400e+00 2.69517e+00 9.12026e-04
4.39400e+00 2.77297e+00 8.09214e-04
4.39400e+00 2.85051e+00 7.09234e-04
4.39400e+00 2.92770e+00 6.13701e-04
4.39400e+00 3.00447e+00 5.24035e-04
4.39400e+00 3.08076e+00 4.41385e-04
4.39400e+00 3.15647e+00 3.66588e-04
4.39400e+00 3.23154e+00 3.00138e-04
4.39400e+00 3.30590e+00 2.42194e-04
4.39400e+00 3.37947e+00 1.92601e-04
4.39400e+00 3.45218e+00 1.50939e-04
4.39400e+00 3.52396e+00 1.16582e-04
4.39400e+00 3.59474e+00 8.87624e-05
4.39400e+00 3.66445e+00 6.66385e-05
4.39400e+00 3.73303e+00 4.93511e-05
4.39400e+00 3.80040e+00 3.60721e-05
4.39400e+00 3.86649e+00 2.60390e-05
4.39400e+00 3.93125e+00 1.85772e-05
4.39400e+00 3.99462e+00 1.31104e-05
4.39400e+00 4.05652e+00 9.16113e-06
4.39400e+00 4.11690e+00 6.34530e-06
4.39400e+00 4.17571e+00 4.36152e-06
4.39400e+00 4.23287e+00 2.97894e-06
4.39400e+00 4.28835e+00 2.02451e-06
4.39400e+00 4.34207e+00 1.37102e-06
4.39400e+00 4.39400e+00 9.26615e-07
4.39400e+00 4.44407e+00 6.26010e-07
4.39400e+00 4.49224e+00 4.23457e-07
4.39400e+00 4.53847e+00 2.87292e-07
4.39400e+00 4.58271e+00 1.95829e-07
4.39400e+00 4.62491e+00 1.34349e-07
4.39400e+00 4.66504e+00 9.29325e-08
4.39400e+00 4.70305e+00 6.49298e-08
4.39400e+00 4.73890e+00 4.59015e-08
4.39400e+00 4.77257e+00 3.28902e-08
4.39400e+00 4.80402e+00 2.39274e-08
4.39400e+00 4.83322e+00 1.77021e-08
4.39400e+00 4.86014e+00 1.33393e-08
4.39400e+00 4.88475e+00 1.02535e-08
4.39400e+00 4.90703e+00 8.05094e-09
4.39400e+00 4.92696e+00 6.46580e-09
4.39400e+00 4.94452e+00 5.31758e-09
4.39400e+00 4.95969e+00 4.48317e-09
4.39400e+00 4.97246e+00 3.87833e-09
4.39400e+00 4.98281e+00 3.44538e-09
4.39400e+00 4.99074e+00 3.14521e-09
4.39400e+00 4.99623e+00 2.95190e-09
4.39400e+00 4.99928e+00 2.84930e-09
4.44407e+00 7.15683e-04 1.28529e-03
4.44407e+00 3.77012e-03 1.28529e-03
4.44407e+00 9.26216e-03 1.28530e-03
4.44407e+00 1.71877e-02 1.28531e-03
4.44407e+00 2.75390e-02 1.28535e-03
4.44407e+00 4.03061e-02 1.28542e-03
4.44407e+00 5.54766e-02 1.28554e-03
4.44407e+00 7.30356e-02 1.28573e-03
4.44407e+00 9.29659e-02 1.28599e-03
4.44407e+00 1.15248e-01 1.28637e-03
4.44407e+00 1.39860e-01 1.28688e-03
4.44407e+00 1.66779e-01 1.28755e-03
4.44407e+00 1.95977e-01 1.28840e-03
4.44407e+00 2.27426e-01 1.28946e-03
4.44407e+00 2.61096e-01 1.29075e-03
4.44407e+00 2.96953e-01 1.29231e-03
4.44407e+00 3.34963e-01 1.29416e-03
4.44407e+00 3.75089e-01 1.29632e-03
4.44407e+00 4.17290e-01 1.29880e-03
4.44407e+00 4.61527e-01 1.30161e-03
4.44407e+00 5.07755e-01 1.30476e-03
4.44407e+00 5.55930e-01 1.30823e-03
4.44407e+00 6.06005e-01 1.31201e-03
4.44407e+00 6.57930e-01 1.31607e-03
4.44407e+00 7.11655e-01 1.32035e-03
4.44407e+00 7.67127e-01 1.32478e-03
4.44407e+00 8.24292e-01 1.32927e-03
4.44407e+00 8.83095e-01 1.33370e-03
4.44407e+00 9.43478e-01 1.33792e-03
4.44407e+00 1.00538e+00 1.34175e-03
4.44407e+00 1.06875e+00 1.34499e-03
4.44407e+00 1.13351e+00 1.34736e-03
4.44407e+00 1.19960e+00 1.34859e-03
4.44407e+00 1.26697e+00 1.34835e-03
4.44407e+00 1.33555e+00 1.34627e-03
4.44407e+00 1.40526e+00 1.34194e-03
4.44407e+00 1.47604e+00 1.33494e-03
4.44407e+00 1.54782e+00 1.32482e-03
4.44407e+00 1.62053e+00 1.31109e-03
4.44407e+00 1.69410e+00 1.29331e-03
4.44407e+00 1.76846e+00 1.27103e-03
4.44407e+00 1.84353e+00 1.24386e-03
4.44407e+00 1.91924e+00 1.21148e-03
4.44407e+00 1.99553e+00 1.17364e-03
4.44407e+00 2.07230e+00 1.13024e-03
4.44407e+00 2.14949e+00 1.08132e-03
4.44407e+00 2.22703e+00 1.02709e-03
4.44407e+00 2.30483e+00 9.67934e-04
4.44407e+00 2.38282e+00 9.04445e-04
4.44407e+00 2.46093e+00 8.37392e-04
4.44407e+00 2.53907e+00 7.67714e-04
4.44407e+00 2.61718e+00 6.96487e-04
4.44407e+00 2.69517e+00 6.24881e-04
4.44407e+00 2.77297e+00 5.54104e-04
4.44407e+00 2.85051e+00 4.85343e-04
4.44407e+00 2.92770e+00 4.19704e-04
4.44407e+00 3.00447e+00 3.58154e-04
4.44407e+00 3.08076e+00 3.01473e-04
4.44407e+00 3.15647e+00 2.50223e-04
4.44407e+00 3.23154e+00 2.04734e-04
4.44407e+00 3.30590e+00 1.65103e-04
4.44407e+00 3.37947e+00 1.31212e-04
4.44407e+00 3.45218e+00 1.02764e-04
4.44407e+00 3.52396e+00 7.93232e-05
4.44407e+00 3.59474e+00 6.03577e-05
4.44407e+00 3.66445e+00 4.52864e-05
4.44407e+00 3.73303e+00 3.35186e-05
4.44407e+00 3.80040e+00 2.44857e-05
4.44407e+00 3.86649e+00 1.76654e-05
4.44407e+00 3.93125e+00 1.25964e-05
4.44407e+00 3.99462e+00 8.88495e-06
4.44407e+00 4.05652e+00 6.20542e-06
4.44407e+00 4.11690e+00 4.29600e-06
4.44407e+00 4.17571e+00 2.95153e-06
4.44407e+00 4.23287e+00 2.01501e-06
4.44407e+00 4.28835e+00 1.36883e-06
4.44407e+00 4.34207e+00 9.26606e-07
4.44407e+00 4.39400e+00 6.26010e-07
4.44407e+00 4.44407e+00 4.22769e-07
4.44407e+00 4.49224e+00 2.85876e-07
4.44407e+00 4.53847e+00 1.93886e-07
4.44407e+00 4.58271e+00 1.32118e-07
4.44407e+00 4.62491e+00 9.06132e-08
4.44407e+00 4.66504e+00 6.26618e-08
4.44407e+00 4.70305e+00 4.37689e-08
4.44407e+00 4.73890e+00 3.09344e-08
4.44407e+00 4.77257e+00 2.21606e-08
4.44407e+00 4.80402e+00 1.61183e-08
4.44407e+00 4.83322e+00 1.19224e-08
4.44407e+00 4.86014e+00 8.98252e-09
4.44407e+00 4.88475e+00 6.90346e-09
4.44407e+00 4.90703e+00 5.41974e-09
4.44407e+00 4.92696e+00 4.35209e-09
4.44407e+00 4.94452e+00 3.57883e-09
4.44407e+00 4.95969e+00 3.01697e-09
4.44407e+00 4.97246e+00 2.60973e-09
4.44407e+00 4.98281e+00 2.31825e-09
4.44407e+00 4.99074e+00 2.11617e-09
4.44407e+00 4.99623e+00 1.98603e-09
4.44407e+00 4.99928e+00 1.91697e-09
4.49224e+00 7.15683e-04 8.86576e-04
4.49224e+00 3.77012e-03 8.86577e-04
4.49224e+00 9.26216e-03 8.86581e-04
4.49224e+00 1.71877e-02 8.86593e-04
4.49224e+00 2.75390e-02 8.86619e-04
4.49224e+00 4.03061e-02 8.86668e-04
4.49224e+00 5.54766e-02 8.86750e-04
4.49224e+00 7.30356e-02 8.86878e-04
4.49224e+00 9.29659e-02 8.87065e-04
4.49224e+00 1.15248e-01 8.87326e-04
4.49224e+00 1.39860e-01 8.87678e-04
4.49224e+00 1.66779e-01 8.88139e-04
4.49224e+00 1.95977e-01 8.88727e-04
4.49224e+00 2.27426e-01 8.89462e-04
4.49224e+00 2.61096e-01 8.90360e-04
4.49224e+00 2.96953e-01 8.91441e-04
4.49224e+00 3.34963e-01 8.92721e-04
4.49224e+00 3.75089e-01 8.94213e-04
4.49224e+00 4.17290e-01 8.95929e-04
4.49224e+00 4.61527e-01 8.97875e-04
4.49224e+00 5.07755e-01 9.00052e-04
4.49224e+00 5.55930e-01 9.02455e-04
4.49224e+00 6.06005e-01 9.05069e-04
4.49224e+00 6.57930e-01 9.07871e-04
4.49224e+00 7.11655e-01 9.10825e-04
4.49224e+00 7.67127e-01 9.13881e-04
4.49224e+00 8.24292e-01 9.16974e-04
4.49224e+00 8.83095e-01 9.20021e-04
4.49224e+00 9.43478e-01 9.22918e-04
4.49224e+00 1.00538e+00 9.25540e-04
4.49224e+00 1.06875e+00 9.27737e-04
4.49224e+00 1.13351e+00 9.29334e-04
4.49224e+00 1.19960e+00 9.30130e-04
4.49224e+00 1.26697e+00 9.29895e-04
4.49224e+00 1.33555e+00 9.28376e-04
4.49224e+00 1.40526e+00 9.25292e-04
4.49224e+00 1.47604e+00 9.20346e-04
4.49224e+00 1.54782e+00 9.13223e-04
4.49224e+00 1.62053e+00 9.03602e-04
4.49224e+00 1.69410e+00 8.91166e-04
4.49224e+00 1.76846e+00 8.75613e-04
4.49224e+00 1.84353e+00 8.56674e-04
4.49224e+00 1.91924e+00 8.34127e-04
4.49224e+00 1.99553e+00 8.07816e-04
4.49224e+00 2.07230e+00 7.77674e-04
4.49224e+00 2.14949e+00 7.43732e-04
4.49224e+00 2.22703e+00 7.06141e-04
4.49224e+00 2.30483e+00 6.65182e-04
4.49224e+00 2.38282e+00 6.21263e-04
4.49224e+00 2.46093e+00 5.74923e-04
4.49224e+00 2.53907e+00 5.26815e-04
4.49224e+00 2.61718e+00 4.77684e-04
4.49224e+00 2.69517e+00 4.28337e-04
4.49224e+00 2.77297e+00 3.79606e-04
4.49224e+00 2.85051e+00 3.32306e-04
4.49224e+00 2.92770e+00 2.87195e-04
4.49224e+00 3.00447e+00 2.44930e-04
4.49224e+00 3.08076e+00 2.06043e-04
4.49224e+00 3.15647e+00 1.70913e-04
4.49224e+00 3.23154e+00 1.39757e-04
4.49224e+00 3.30590e+00 1.12635e-04
4.49224e+00 3.37947e+00 8.94606e-05
4.49224e+00 3.45218e+00 7.00234e-05
4.49224e+00 3.52396e+00 5.40191e-05
4.49224e+00 3.59474e+00 4.10799e-05
4.49224e+00 3.66445e+00 3.08049e-05
4.49224e+00 3.73303e+00 2.27875e-05
4.49224e+00 3.80040e+00 1.66376e-05
4.49224e+00 3.86649e+00 1.19970e-05
4.49224e+00 3.93125e+00 8.55019e-06
4.49224e+00 3.99462e+00 6.02796e-06
4.49224e+00 4.05652e+00 4.20804e-06
4.49224e+00 4.11690e+00 2.91188e-06
4.49224e+00 4.17571e+00 1.99970e-06
4.49224e+00 4.23287e+00 1.36462e-06
4.49224e+00 4.28835e+00 9.26630e-07
4.49224e+00 4.34207e+00 6.27024e-07
4.49224e+00 4.39400e+00 4.23457e-07
4.49224e+00 4.44407e+00 2.85876e-07
4.49224e+00 4.49224e+00 1.93245e-07
4.49224e+00 4.53847e+00 1.31020e-07
4.49224e+00 4.58271e+00 8.92531e-08
4.49224e+00 4.62491e+00 6.11969e-08
4.49224e+00 4.66504e+00 4.23083e-08
4.49224e+00 4.70305e+00 2.95447e-08
4.49224e+00 4.73890e+00 2.08764e-08
4.49224e+00 4.77257e+00 1.49521e-08
4.49224e+00 4.80402e+00 1.08731e-08
4.49224e+00 4.83322e+00 8.04114e-09
4.49224e+00 4.86014e+00 6.05728e-09
4.49224e+00 4.88475e+00 4.65457e-09
4.49224e+00 4.90703e+00 3.65369e-09
4.49224e+00 4.92696e+00 2.93358e-09
4.49224e+00 4.94452e+00 2.41210e-09
4.49224e+00 4.95969e+00 2.03322e-09
4.49224e+00 4.97246e+00 1.75863e-09
4.49224e+00 4.98281e+00 1.56212e-09
4.49224e+00 4.99074e+00 1.42588e-09
4.49224e+00 4.99623e+00 1.33815e-09
4.49224e+00 4.99928e+00 1.29159e-09
4.53847e+00 7.15683e-04 6.12739e-04
4.53847e+00 3.77012e-03 6.12740e-04
4.53847e+00 9.26216e-03 6.12743e-04
4.53847e+00 1.71877e-02 6.12751e-04
4.53847e+00 2.75390e-02 6.12769e-04
4.53847e+00 4.03061e-02 6.12803e-04
4.53847e+00 5.54766e-02 6.12860e-04
4.53847e+00 7.30356e-02 6.12948e-04
4.53847e+00 9.29659e-02 6.13078e-04
4.53847e+00 1.15248e-01 6.13259e-04
4.53847e+00 1.39860e-01 6.13503e-04
4.53847e+00 1.66779e-01 6.13823e-04
4.53847e+00 1.95977e-01 6.14230e-04
4.53847e+00 2.27426e-01 6.14739e-04
4.53847e+00 2.61096e-01 6.15362e-04
4.53847e+00 2.96953e-01 6.16111e-04
4.53847e+00 3.34963e-01 6.16998e-04
4.53847e+00 3.75089e-01 6.18031e-04
4.53847e+00 4.17290e-01 6.19219e-04
4.53847e+00 4.61527e-01 6.20567e-04
4.53847e+00 5.07755e-01 6.22074e-04
4.53847e+00 5.55930e-01 6.23736e-04
4.53847e+00 6.06005e-01 6.25544e-04
4.53847e+00 6.57930e-01 6.27481e-04
4.53847e+00 7.11655e-01 6.29521e-04
4.53847e+00 7.67127e-01 6.31629e-04
4.53847e+00 8.24292e-01 6.33761e-04
4.53847e+00 8.83095e-01 6.35857e-04
4.53847e+00 9.43478e-01 6.37846e-04
4.53847e+00 1.00538e+00 6.39640e-04
4.53847e+00 1.06875e+00 6.41134e-04
4.53847e+00 1.13351e+00 6.42206e-04
4.53847e+00 1.19960e+00 6.42717e-04
4.53847e+00 1.26697e+00 6.42507e-04
4.53847e+00 1.33555e+00 6.41398e-04
4.53847e+00 1.40526e+00 6.39198e-04
4.53847e+00 1.47604e+00 6.35700e-04
4.53847e+00 1.54782e+00 6.30685e-04
4.53847e+00 1.62053e+00 6.23933e-04
4.53847e+00 1.69410e+00 6.15225e-04
4.53847e+00 1.76846e+00 6.04354e-04
4.53847e+00 1.84353e+00 5.91135e-04
4.53847e+00 1.91924e+00 5.75418e-04
4.53847e+00 1.99553e+00 5.57099e-04
4.53847e+00 2.07230e+00 5.36134e-04
4.53847e+00 2.14949e+00 5.12550e-04
4.53847e+00 2.22703e+00 4.86457e-04
4.53847e+00 2.30483e+00 4.58051e-04
4.53847e+00 2.38282e+00 4.27622e-04
4.53847e+00 2.46093e+00 3.95544e-04
4.53847e+00 2.53907e+00 3.62272e-04
4.53847e+00 2.61718e+00 3.28322e-04
4.53847e+00 2.69517e+00 2.94253e-04
4.53847e+00 2.77297e+00 2.60638e-04
4.53847e+00 2.85051e+00 2.28037e-04
4.53847e+00 2.92770e+00 1.96971e-04
4.53847e+00 3.00447e+00 1.67890e-04
4.53847e+00 3.08076e+00 1.41154e-04
4.53847e+00 3.15647e+00 1.17021e-04
4.53847e+00 3.23154e+00 9.56347e-05
4.53847e+00 3.30590e+00 7.70317e-05
4.53847e+00 3.37947e+00 6.11480e-05
4.53847e+00 3.45218e+00 4.78355e-05
4.53847e+00 3.52396e+00 3.68821e-05
4.53847e+00 3.59474e+00 2.80325e-05
4.53847e+00 3.66445e+00 2.10098e-05
4.53847e+00 3.73303e+00 1.55336e-05
4.53847e+00 3.80040e+00 1.13356e-05
4.53847e+00 3.86649e+00 8.16986e-06
4.53847e+00 3.93125e+00 5.81981e-06
4.53847e+00 3.99462e+00 4.10111e-06
4.53847e+00 4.05652e+00 2.86164e-06
4.53847e+00 4.11690e+00 1.97934e-06
4.53847e+00 4.17571e+00 1.35872e-06
4.53847e+00 4.23287e+00 9.26836e-07
4.53847e+00 4.28835e+00 6.29117e-07
4.53847e+00 4.34207e+00 4.25549e-07
4.53847e+00 4.39400e+00 2.87292e-07
4.53847e+00 4.44407e+00 1.93886e-07
4.53847e+00 4.49224e+00 1.31020e-07
4.53847e+00 4.53847e+00 8.88049e-08
4.53847e+00 4.58271e+00 6.04783e-08
4.53847e+00 4.62491e+00 4.14561e-08
4.53847e+00 4.66504e+00 2.86533e-08
4.53847e+00 4.70305e+00 2.00044e-08
4.53847e+00 4.73890e+00 1.41321e-08
4.53847e+00 4.77257e+00 1.01196e-08
4.53847e+00 4.80402e+00 7.35752e-09
4.53847e+00 4.83322e+00 5.44027e-09
4.53847e+00 4.86014e+00 4.09742e-09
4.53847e+00 4.88475e+00 3.14811e-09
4.53847e+00 4.90703e+00 2.47085e-09
4.53847e+00 4.92696e+00 1.98363e-09
4.53847e+00 4.94452e+00 1.63085e-09
4.53847e+00 4.95969e+00 1.37457e-09
4.53847e+00 4.97246e+00 1.18884e-09
4.53847e+00 4.98281e+00 1.05593e-09
4.53847e+00 4.99074e+00 9.63800e-10
4.53847e+00 4.99623e+00 9.04472e-10
4.53847e+00 4.99928e+00 8.72988e-10
4.58271e+00 7.15683e-04 4.25048e-04
4.58271e+00 3.77012e-03 4.25049e-04
4.58271e+00 9.26216e-03 4.25051e-04
4.58271e+00 1.71877e-02 4.25056e-04
4.58271e+00 2.75390e-02 4.25069e-04
4.58271e+00 4.03061e-02 4.25093e-04
4.58271e+00 5.54766e-02 4.25132e-04
4.58271e+00 7.30356e-02 4.25194e-04
4.58271e+00 9.29659e-02 4.25284e-04
4.58271e+00 1.15248e-01 4.25409e-04
4.58271e+00 1.39860e-01 4.25579e-04
4.58271e+00 1.66779e-01 4.25801e-04
4.58271e+00 1.95977e-01 4.26084e-04
4.58271e+00 2.27426e-01 4.26438e-04
4.58271e+00 2.61096e-01 4.26871e-04
4.58271e+00 2.96953e-01 4.27391e-04
4.58271e+00 3.34963e-01 4.28007e-04
4.58271e+00 3.75089e-01 4.28725e-04
4.58271e+00 4.17290e-01 4.29550e-04
4.58271e+00 4.61527e-01 4.30485e-04
4.58271e+00 5.07755e-01 4.31530e-04
4.58271e+00 5.55930e-01 4.32683e-04
4.58271e+00 6.06005e-01 4.33937e-04
4.58271e+00 6.57930e-01 4.35279e-04
4.58271e+00 7.11655e-01 4.36691e-04
4.58271e+00 7.67127e-01 4.38150e-04
4.58271e+00 8.24292e-01 4.39623e-04
4.58271e+00 8.83095e-01 4.41069e-04
4.58271e+00 9.43478e-01 4.42437e-04
4.58271e+00 1.00538e+00 4.43667e-04
4.58271e+00 1.06875e+00 4.44685e-04
4.58271e+00 1.13351e+00 4.45406e-04
4.58271e+00 1.19960e+00 4.45732e-04
4.58271e+00 1.26697e+00 4.45553e-04
4.58271e+00 1.33555e+00 4.44743e-04
4.58271e+00 1.40526e+00 4.43170e-04
4.58271e+00 1.47604e+00 4.40689e-04
4.58271e+00 1.54782e+00 4.37149e-04
4.58271e+00 1.62053e+00 4.32397e-04
4.58271e+00 1.69410e+00 4.26281e-04
4.58271e+00 1.76846e+00 4.18660e-04
4.58271e+00 1.84353e+00 4.09406e-04
4.58271e+00 1.91924e+00 3.98416e-04
4.58271e+00 1.99553e+00 3.85621e-04
4.58271e+00 2.07230e+00 3.70993e-04
4.58271e+00 2.14949e+00 3.54554e-04
4.58271e+00 2.22703e+00 3.36382e-04
4.58271e+00 2.30483e+00 3.16617e-04
4.58271e+00 2.38282e+00 2.95463e-04
4.58271e+00 2.46093e+00 2.73181e-04
4.58271e+00 2.53907e+00 2.50089e-04
4.58271e+00 2.61718e+00 2.26546e-04
4.58271e+00 2.69517e+00 2.02939e-04
4.58271e+00 2.77297e+00 1.79666e-04
4.58271e+00 2.85051e+00 1.57114e-04
4.58271e+00 2.92770e+00 1.35640e-04
4.58271e+00 3.00447e+00 1.15553e-04
4.58271e+00 3.08076e+00 9.70999e-05
4.58271e+00 3.15647e+00 8.04556e-05
4.58271e+00 3.23154e+00 6.57168e-05
4.58271e+00 3.30590e+00 5.29053e-05
4.58271e+00 3.37947e+00 4.19741e-05
4.58271e+00 3.45218e+00 3.28188e-05
4.58271e+00 3.52396e+00 2.52908e-05
4.58271e+00 3.59474e+00 1.92127e-05
4.58271e+00 3.66445e+00 1.43923e-05
4.58271e+00 3.73303e+00 1.06358e-05
4.58271e+00 3.80040e+00 7.75773e-06
4.58271e+00 3.86649e+00 5.58860e-06
4.58271e+00 3.93125e+00 3.97924e-06
4.58271e+00 3.99462e+00 2.80287e-06
4.58271e+00 4.05652e+00 1.95494e-06
4.58271e+00 4.11690e+00 1.35164e-06
4.58271e+00 4.17571e+00 9.27473e-07
4.58271e+00 4.23287e+00 6.32424e-07
4.58271e+00 4.28835e+00 4.29121e-07
4.58271e+00 4.34207e+00 2.90166e-07
4.58271e+00 4.39400e+00 1.95829e-07
4.58271e+00 4.44407e+00 1.32118e-07
4.58271e+00 4.49224e+00 8.92531e-08
4.58271e+00 4.53847e+00 6.04783e-08
4.58271e+00 4.58271e+00 4.11760e-08
4.58271e+00 4.62491e+00 2.82178e-08
4.58271e+00 4.66504e+00 1.94987e-08
4.58271e+00 4.70305e+00 1.36101e-08
4.58271e+00 4.73890e+00 9.61277e-09
4.58271e+00 4.77257e+00 6.88211e-09
4.58271e+00 4.80402e+00 5.00278e-09
4.58271e+00 4.83322e+00 3.69852e-09
4.58271e+00 4.86014e+00 2.78518e-09
4.58271e+00 4.88475e+00 2.13960e-09
4.58271e+00 4.90703e+00 1.67909e-09
4.58271e+00 4.92696e+00 1.34785e-09
4.58271e+00 4.94452e+00 1.10803e-09
4.58271e+00 4.95969e+00 9.33832e-10
4.58271e+00 4.97246e+00 8.07601e-10
4.58271e+00 4.98281e+00 7.17273e-10
4.58271e+00 4.99074e+00 6.54661e-10
4.58271e+00 4.99623e+00 6.14344e-10
4.58271e+00 4.99928e+00 5.92950e-10
4.62491e+00 7.15683e-04 2.96464e-04
4.62491e+00 3.77012e-03 2.96465e-04
4.62491e+00 9.26216e-03 2.96466e-04
4.62491e+00 1.71877e-02 2.96470e-04
4.62491e+00 2.75390e-02 2.96479e-04
4.62491e+00 4.03061e-02 2.96495e-04
4.62491e+00 5.54766e-02 2.96523e-04
4.62491e+00 7.30356e-02 2.96566e-04
4.62491e+00 9.29659e-02 2.96629e-04
4.62491e+00 1.15248e-01 2.96716e-04
4.62491e+00 1.39860e-01 2.96835e-04
4.62491e+00 1.66779e-01 2.96990e-04
4.62491e+00 1.95977e-01 2.97188e-04
4.62491e+00 2.27426e-01 2.97434e-04
4.62491e+00 2.61096e-01 2.97736e-04
4.62491e+00 2.96953e-01 2.98099e-04
4.62491e+00 3.34963e-01 2.98529e-04
4.62491e+00 3.75089e-01 2.99030e-04
4.62491e+00 4.17290e-01 2.99605e-04
4.62491e+00 4.61527e-01 3.00257e-04
4.62491e+00 5.07755e-01 3.00986e-04
4.62491e+00 5.55930e-01 3.01790e-04
4.62491e+00 6.06005e-01 3.02663e-04
4.62491e+00 6.57930e-01 3.03597e-04
4.62491e+00 7.11655e-01 3.04579e-04
4.62491e+00 7.67127e-01 3.05593e-04
4.62491e+00 8.24292e-01 3.06615e-04
4.62491e+00 8.83095e-01 3.07617e-04
4.62491e+00 9.43478e-01 3.08563e-04
4.62491e+00 1.00538e+00 3.09410e-04
4.62491e+00 1.06875e+00 3.10106e-04
4.62491e+00 1.13351e+00 3.10593e-04
4.62491e+00 1.19960e+00 3.10800e-04
4.62491e+00 1.26697e+00 3.10651e-04
4.62491e+00 1.33555e+00 3.10059e-04
4.62491e+00 1.40526e+00 3.08930e-04
4.62491e+00 1.47604e+00 3.07162e-04
4.62491e+00 1.54782e+00 3.04652e-04
4.62491e+00 1.62053e+00 3.01292e-04
4.62491e+00 1.69410e+00 2.96977e-04
4.62491e+00 1.76846e+00 2.91608e-04
4.62491e+00 1.84353e+00 2.85098e-04
4.62491e+00 1.91924e+00 2.77376e-04
4.62491e+00 1.99553e+00 2.68396e-04
4.62491e+00 2.07230e+00 2.58138e-04
4.62491e+00 2.14949e+00 2.46621e-04
4.62491e+00 2.22703e+00 2.33902e-04
4.62491e+00 2.30483e+00 2.20078e-04
4.62491e+00 2.38282e+00 2.05295e-04
4.62491e+00 2.46093e+00 1.89737e-04
4.62491e+00 2.53907e+00 1.73625e-04
4.62491e+00 2.61718e+00 1.57212e-04
4.62491e+00 2.69517e+00 1.40766e-04
4.62491e+00 2.77297e+00 1.24565e-04
4.62491e+00 2.85051e+00 1.08877e-04
4.62491e+00 2.92770e+00 9.39503e-05
4.62491e+00 3.00447e+00 7.99978e-05
4.62491e+00 3.08076e+00 6.71895e-05
4.62491e+00 3.15647e+00 5.56445e-05
4.62491e+00 3.23154e+00 4.54282e-05
4.62491e+00 3.30590e+00 3.65538e-05
4.62491e+00 3.37947e+00 2.89868e-05
4.62491e+00 3.45218e+00 2.26531e-05
4.62491e+00 3.52396e+00 1.74485e-05
4.62491e+00 3.59474e+00 1.32488e-05
4.62491e+00 3.66445e+00 9.92008e-06
4.62491e+00 3.73303e+00 7.32749e-06
4.62491e+00 3.80040e+00 5.34227e-06
4.62491e+00 3.86649e+00 3.84684e-06
4.62491e+00 3.93125e+00 2.73790e-06
4.62491e+00 3.99462e+00 1.92771e-06
4.62491e+00 4.05652e+00 1.34400e-06
4.62491e+00 4.11690e+00 9.28883e-07
4.62491e+00 4.17571e+00 6.37147e-07
4.62491e+00 4.23287e+00 4.34303e-07
4.62491e+00 4.28835e+00 2.94588e-07
4.62491e+00 4.34207e+00 1.99132e-07
4.62491e+00 4.39400e+00 1.34349e-07
4.62491e+00 4.44407e+00 9.06132e-08
4.62491e+00 4.49224e+00 6.11969e-08
4.62491e+00 4.53847e+00 4.14561e-08
4.62491e+00 4.58271e+00 2.82178e-08
4.62491e+00 4.62491e+00 1.93330e-08
4.62491e+00 4.66504e+00 1.33562e-08
4.62491e+00 4.70305e+00 9.32063e-09
4.62491e+00 4.73890e+00 6.58185e-09
4.62491e+00 4.77257e+00 4.71130e-09
4.62491e+00 4.80402e+00 3.42418e-09
4.62491e+00 4.83322e+00 2.53108e-09
4.62491e+00 4.86014e+00 1.90576e-09
4.62491e+00 4.88475e+00 1.46383e-09
4.62491e+00 4.90703e+00 1.14863e-09
4.62491e+00 4.92696e+00 9.21944e-10
4.62491e+00 4.94452e+00 7.57837e-10
4.62491e+00 4.95969e+00 6.38642e-10
4.62491e+00 4.97246e+00 5.52277e-10
4.62491e+00 4.98281e+00 4.90481e-10
4.62491e+00 4.99074e+00 4.47647e-10
4.62491e+00 4.99623e+00 4.20067e-10
4.62491e+00 4.99928e+00 4.05432e-10
4.66504e+00 7.15683e-04 2.08282e-04
4.66504e+00 3.77012e-03 2.08282e-04
4.66504e+00 9.26216e-03 2.08283e-04
4.66504e+00 1.71877e-02 2.08286e-04
4.66504e+00 2.75390e-02 2.08292e-04
4.66504e+00 4.03061e-02 2.08304e-04
4.66504e+00 5.54766e-02 2.08323e-04
4.66504e+00 7.30356e-02 2.08354e-04
4.66504e+00 9.29659e-02 2.08398e-04
4.66504e+00 1.15248e-01 2.08459e-04
4.66504e+00 1.39860e-01 2.08543e-04
4.66504e+00 1.66779e-01 2.08652e-04
4.66504e+00 1.95977e-01 2.08790e-04
4.66504e+00 2.27426e-01 2.08964e-04
4.66504e+00 2.61096e-01 2.09176e-04
4.66504e+00 2.96953e-01 2.09431e-04
4.66504e+00 3.34963e-01 2.09733e-04
4.66504e+00 3.75089e-01 2.10084e-04
4.66504e+00 4.17290e-01 2.10488e-04
4.66504e+00 4.61527e-01 2.10946e-04
4.66504e+00 5.07755e-01 2.11457e-04
4.66504e+00 5.55930e-01 2.12021e-04
4.66504e+00 6.06005e-01 2.12633e-04
4.66504e+00 6.57930e-01 2.13287e-04
4.66504e+00 7.11655e-01 2.13975e-04
4.66504e+00 7.67127e-01 2.14684e-04
4.66504e+00 8.24292e-01 2.15398e-04
4.66504e+00 8.83095e-01 2.16097e-04
4.66504e+00 9.43478e-01 2.16755e-04
4.66504e+00 1.00538e+00 2.17342e-04
4.66504e+00 1.06875e+00 2.17822e-04
4.66504e+00 1.13351e+00 2.18152e-04
4.66504e+00 1.19960e+00 2.18283e-04
4.66504e+00 1.26697e+00 2.18162e-04
4.66504e+00 1.33555e+00 2.17727e-04
4.66504e+00 1.40526e+00 2.16911e-04
4.66504e+00 1.47604e+00 2.15645e-04
4.66504e+00 1.54782e+00 2.13854e-04
4.66504e+00 1.62053e+00 2.11463e-04
4.66504e+00 1.69410e+00 2.08398e-04
4.66504e+00 1.76846e+00 2.04591e-04
4.66504e+00 1.84353e+00 1.99981e-04
4.66504e+00 1.91924e+00 1.94519e-04
4.66504e+00 1.99553e+00 1.88173e-04
4.66504e+00 2.07230e+00 1.80932e-04
4.66504e+00 2.14949e+00 1.72808e-04
4.66504e+00 2.22703e+00 1.63843e-04
4.66504e+00 2.30483e+00 1.54108e-04
4.66504e+00 2.38282e+00 1.43704e-04
4.66504e+00 2.46093e+00 1.32763e-04
4.66504e+00 2.53907e+00 1.21442e-04
4.66504e+00 2.61718e+00 1.09917e-04
4.66504e+00 2.69517e+00 9.83769e-05
4.66504e+00 2.77297e+00 8.70167e-05
4.66504e+00 2.85051e+00 7.60240e-05
4.66504e+00 2.92770e+00 6.55716e-05
4.66504e+00 3.00447e+00 5.58080e-05
4.66504e+00 3.08076e+00 4.68510e-05
4.66504e+00 3.15647e+00 3.87827e-05
4.66504e+00 3.23154e+00 3.16475e-05
4.66504e+00 3.30590e+00 2.54533e-05
4.66504e+00 3.37947e+00 2.01749e-05
4.66504e+00 3.45218e+00 1.57594e-05
4.66504e+00 3.52396e+00 1.21331e-05
4.66504e+00 3.59474e+00 9.20869e-06
4.66504e+00 3.66445e+00 6.89203e-06
4.66504e+00 3.73303e+00 5.08863e-06
4.66504e+00 3.80040e+00 3.70843e-06
4.66504e+00 3.86649e+00 2.66926e-06
4.66504e+00 3.93125e+00 1.89903e-06
4.66504e+00 3.99462e+00 1.33656e-06
4.66504e+00 4.05652e+00 9.31503e-07
4.66504e+00 4.11690e+00 6.43560e-07
4.66504e+00 4.17571e+00 4.41283e-07
4.66504e+00 4.23287e+00 3.00694e-07
4.66504e+00 4.28835e+00 2.03896e-07
4.66504e+00 4.34207e+00 1.37785e-07
4.66504e+00 4.39400e+00 9.29325e-08
4.66504e+00 4.44407e+00 6.26618e-08
4.66504e+00 4.49224e+00 4.23083e-08
4.66504e+00 4.53847e+00 2.86533e-08
4.66504e+00 4.58271e+00 1.94987e-08
4.66504e+00 4.62491e+00 1.33562e-08
4.66504e+00 4.66504e+00 9.22518e-09
4.66504e+00 4.70305e+00 6.43651e-09
4.66504e+00 4.73890e+00 4.54436e-09
4.66504e+00 4.77257e+00 3.25230e-09
4.66504e+00 4.80402e+00 2.36340e-09
4.66504e+00 4.83322e+00 1.74671e-09
4.66504e+00 4.86014e+00 1.31500e-09
4.66504e+00 4.88475e+00 1.00994e-09
4.66504e+00 4.90703e+00 7.92387e-10
4.66504e+00 4.92696e+00 6.35943e-10
4.66504e+00 4.94452e+00 5.22699e-10
4.66504e+00 4.95969e+00 4.40455e-10
4.66504e+00 4.97246e+00 3.80868e-10
4.66504e+00 4.98281e+00 3.38234e-10
4.66504e+00 4.99074e+00 3.08684e-10
4.66504e+00 4.99623e+00 2.89658e-10
4.66504e+00 4.99928e+00 2.79563e-10
4.70305e+00 7.15683e-04 1.47656e-04
4.70305e+00 3.77012e-03 1.47656e-04
4.70305e+00 9.26216e-03 1.47657e-04
4.70305e+00 1.71877e-02 1.47659e-04
4.70305e+00 2.75390e-02 1.47663e-04
4.70305e+00 4.03061e-02 1.47672e-04
4.70305e+00 5.54766e-02 1.47685e-04
4.70305e+00 7.30356e-02 1.47707e-04
4.70305e+00 9.29659e-02 1.47738e-04
4.70305e+00 1.15248e-01 1.47782e-04
4.70305e+00 1.39860e-01 1.47841e-04
4.70305e+00 1.66779e-01 1.47918e-04
4.70305e+00 1.95977e-01 1.48016e-04
4.70305e+00 2.27426e-01 1.48139e-04
4.70305e+00 2.61096e-01 1.48289e-04
4.70305e+00 2.96953e-01 1.48470e-04
4.70305e+00 3.34963e-01 1.48684e-04
4.70305e+00 3.75089e-01 1.48933e-04
4.70305e+00 4.17290e-01 1.49218e-04
4.70305e+00 4.61527e-01 1.49542e-04
4.70305e+00 5.07755e-01 1.49904e-04
4.70305e+00 5.55930e-01 1.50303e-04
4.70305e+00 6.06005e-01 1.50735e-04
4.70305e+00 6.57930e-01 1.51198e-04
4.70305e+00 7.11655e-01 1.51683e-04
4.70305e+00 7.67127e-01 1.52183e-04
4.70305e+00 8.24292e-01 1.52687e-04
4.70305e+00 8.83095e-01 1.53178e-04
4.70305e+00 9.43478e-01 1.53640e-04
4.70305e+00 1.00538e+00 1.54050e-04
4.70305e+00 1.06875e+00 1.54383e-04
4.70305e+00 1.13351e+00 1.54609e-04
4.70305e+00 1.19960e+00 1.54693e-04
4.70305e+00 1.26697e+00 1.54595e-04
4.70305e+00 1.33555e+00 1.54274e-04
4.70305e+00 1.40526e+00 1.53680e-04
4.70305e+00 1.47604e+00 1.52766e-04
4.70305e+00 1.54782e+00 1.51477e-04
4.70305e+00 1.62053e+00 1.49762e-04
4.70305e+00 1.69410e+00 1.47567e-04
4.70305e+00 1.76846e+00 1.44845e-04
4.70305e+00 1.84353e+00 1.41553e-04
4.70305e+00 1.91924e+00 1.37656e-04
4.70305e+00 1.99553e+00 1.33133e-04
4.70305e+00 2.07230e+00 1.27977e-04
4.70305e+00 2.14949e+00 1.22196e-04
4.70305e+00 2.22703e+00 1.15822e-04
4.70305e+00 2.30483e+00 1.08906e-04
4.70305e+00 2.38282e+00 1.01520e-04
4.70305e+00 2.46093e+00 9.37583e-05
4.70305e+00 2.53907e+00 8.57316e-05
4.70305e+00 2.61718e+00 7.75657e-05
4.70305e+00 2.69517e+00 6.93952e-05
4.70305e+00 2.77297e+00 6.13569e-05
4.70305e+00 2.85051e+00 5.35837e-05
4.70305e+00 2.92770e+00 4.61971e-05
4.70305e+00 3.00447e+00 3.93016e-05
4.70305e+00 3.08076e+00 3.29797e-05
4.70305e+00 3.15647e+00 2.72883e-05
4.70305e+00 3.23154e+00 2.22582e-05
4.70305e+00 3.30590e+00 1.78940e-05
4.70305e+00 3.37947e+00 1.41771e-05
4.70305e+00 3.45218e+00 1.10696e-05
4.70305e+00 3.52396e+00 8.51886e-06
4.70305e+00 3.59474e+00 6.46288e-06
4.70305e+00 3.66445e+00 4.83501e-06
4.70305e+00 3.73303e+00 3.56844e-06
4.70305e+00 3.80040e+00 2.59954e-06
4.70305e+00 3.86649e+00 1.87039e-06
4.70305e+00 3.93125e+00 1.33019e-06
4.70305e+00 3.99462e+00 9.35865e-07
4.70305e+00 4.05652e+00 6.52015e-07
4.70305e+00 4.11690e+00 4.50315e-07
4.70305e+00 4.17571e+00 3.08677e-07
4.70305e+00 4.23287e+00 2.10269e-07
4.70305e+00 4.28835e+00 1.42538e-07
4.70305e+00 4.34207e+00 9.62935e-08
4.70305e+00 4.39400e+00 6.49298e-08
4.70305e+00 4.44407e+00 4.37689e-08
4.70305e+00 4.49224e+00 2.95447e-08
4.70305e+00 4.53847e+00 2.00044e-08
4.70305e+00 4.58271e+00 1.36101e-08
4.70305e+00 4.62491e+00 9.32063e-09
4.70305e+00 4.66504e+00 6.43651e-09
4.70305e+00 4.70305e+00 4.48999e-09
4.70305e+00 4.73890e+00 3.16950e-09
4.70305e+00 4.77257e+00 2.26798e-09
4.70305e+00 4.80402e+00 1.64786e-09
4.70305e+00 4.83322e+00 1.21771e-09
4.70305e+00 4.86014e+00 9.16627e-10
4.70305e+00 4.88475e+00 7.03902e-10
4.70305e+00 4.90703e+00 5.52217e-10
4.70305e+00 4.92696e+00 4.43150e-10
4.70305e+00 4.94452e+00 3.64208e-10
4.70305e+00 4.95969e+00 3.06880e-10
4.70305e+00 4.97246e+00 2.65348e-10
4.70305e+00 4.98281e+00 2.35634e-10
4.70305e+00 4.99074e+00 2.15041e-10
4.70305e+00 4.99623e+00 2.01781e-10
4.70305e+00 4.99928e+00 1.94746e-10
4.73890e+00 7.15683e-04 1.05813e-04
4.73890e+00 3.77012e-03 1.05813e-04
4.73890e+00 9.26216e-03 1.05813e-04
4.73890e+00 1.71877e-02 1.05815e-04
4.73890e+00 2.75390e-02 1.05818e-04
4.73890e+00 4.03061e-02 1.05824e-04
4.73890e+00 5.54766e-02 1.05834e-04
4.73890e+00 7.30356e-02 1.05849e-04
4.73890e+00 9.29659e-02 1.05871e-04
4.73890e+00 1.15248e-01 1.05902e-04
4.73890e+00 1.39860e-01 1.05945e-04
4.73890e+00 1.66779e-01 1.06000e-04
4.73890e+00 1.95977e-01 1.06070e-04
4.73890e+00 2.27426e-01 1.06158e-04
4.73890e+00 2.61096e-01 1.06266e-04
4.73890e+00 2.96953e-01 1.06395e-04
4.73890e+00 3.34963e-01 1.06548e-04
4.73890e+00 3.75089e-01 1.06726e-04
4.73890e+00 4.17290e-01 1.06931e-04
4.73890e+00 4.61527e-01 1.07162e-04
4.73890e+00 5.07755e-01 1.07421e-04
4.73890e+00 5.55930e-01 1.07706e-04
4.73890e+00 6.06005e-01 1.08015e-04
4.73890e+00 6.57930e-01 1.08345e-04
4.73890e+00 7.11655e-01 1.08691e-04
4.73890e+00 7.67127e-01 1.09048e-04
4.73890e+00 8.24292e-01 1.09406e-04
4.73890e+00 8.83095e-01 1.09755e-04
4.73890e+00 9.43478e-01 1.10083e-04
4.73890e+00 1.00538e+00 1.10373e-04
4.73890e+00 1.06875e+00 1.10606e-04
4.73890e+00 1.13351e+00 1.10762e-04
4.73890e+00 1.19960e+00 1.10815e-04
4.73890e+00 1.26697e+00 1.10738e-04
4.73890e+00 1.33555e+00 1.10498e-04
4.73890e+00 1.40526e+00 1.10063e-04
4.73890e+00 1.47604e+00 1.09396e-04
4.73890e+00 1.54782e+00 1.08460e-04
4.73890e+00 1.62053e+00 1.07216e-04
4.73890e+00 1.69410e+00 1.05629e-04
4.73890e+00 1.76846e+00 1.03663e-04
4.73890e+00 1.84353e+00 1.01288e-04
4.73890e+00 1.91924e+00 9.84791e-05
4.73890e+00 1.99553e+00 9.52220e-05
4.73890e+00 2.07230e+00 9.15116e-05
4.73890e+00 2.14949e+00 8.73555e-05
4.73890e+00 2.22703e+00 8.27759e-05
4.73890e+00 2.30483e+00 7.78101e-05
4.73890e+00 2.38282e+00 7.25106e-05
4.73890e+00 2.46093e+00 6.69447e-05
4.73890e+00 2.53907e+00 6.11927e-05
4.73890e+00 2.61718e+00 5.53447e-05
4.73890e+00 2.69517e+00 4.94968e-05
4.73890e+00 2.77297e+00 4.37470e-05
4.73890e+00 2.85051e+00 3.81901e-05
4.73890e+00 2.92770e+00 3.29127e-05
4.73890e+00 3.00447e+00 2.79891e-05
4.73890e+00 3.08076e+00 2.34775e-05
4.73890e+00 3.15647e+00 1.94182e-05
4.73890e+00 3.23154e+00 1.58324e-05
4.73890e+00 3.30590e+00 1.27230e-05
4.73890e+00 3.37947e+00 1.00762e-05
4.73890e+00 3.45218e+00 7.86444e-06
4.73890e+00 3.52396e+00 6.04990e-06
4.73890e+00 3.59474e+00 4.58802e-06
4.73890e+00 3.66445e+00 3.43109e-06
4.73890e+00 3.73303e+00 2.53135e-06
4.73890e+00 3.80040e+00 1.84337e-06
4.73890e+00 3.86649e+00 1.32585e-06
4.73890e+00 3.93125e+00 9.42594e-07
4.73890e+00 3.99462e+00 6.62948e-07
4.73890e+00 4.05652e+00 4.61725e-07
4.73890e+00 4.11690e+00 3.18791e-07
4.73890e+00 4.17571e+00 2.18455e-07
4.73890e+00 4.23287e+00 1.48767e-07
4.73890e+00 4.28835e+00 1.00818e-07
4.73890e+00 4.34207e+00 6.80912e-08
4.73890e+00 4.39400e+00 4.59015e-08
4.73890e+00 4.44407e+00 3.09344e-08
4.73890e+00 4.49224e+00 2.08764e-08
4.73890e+00 4.53847e+00 1.41321e-08
4.73890e+00 4.58271e+00 9.61277e-09
4.73890e+00 4.62491e+00 6.58185e-09
4.73890e+00 4.66504e+00 4.54436e-09
4.73890e+00 4.70305e+00 3.16950e-09
4.73890e+00 4.73890e+00 2.23700e-09
4.73890e+00 4.77257e+00 1.60047e-09
4.73890e+00 4.80402e+00 1.16270e-09
4.73890e+00 4.83322e+00 8.59084e-10
4.73890e+00 4.86014e+00 6.46596e-10
4.73890e+00 4.88475e+00 4.96484e-10
4.73890e+00 4.90703e+00 3.89459e-10
4.73890e+00 4.92696e+00 3.12510e-10
4.73890e+00 4.94452e+00 2.56821e-10
4.73890e+00 4.95969e+00 2.16382e-10
4.73890e+00 4.97246e+00 1.87088e-10
4.73890e+00 4.98281e+00 1.66130e-10
4.73890e+00 4.99074e+00 1.51606e-10
4.73890e+00 4.99623e+00 1.42255e-10
4.73890e+00 4.99928e+00 1.37293e-10
4.77257e+00 7.15683e-04 7.67832e-05
4.77257e+00 3.77012e-03 7.67832e-05
4.77257e+00 9.26216e-03 7.67836e-05
4.77257e+00 1.71877e-02 7.67846e-05
4.77257e+00 2.75390e-02 7.67869e-05
4.77257e+00 4.03061e-02 7.67912e-05
4.77257e+00 5.54766e-02 7.67983e-05
4.77257e+00 7.30356e-02 7.68094e-05
4.77257e+00 9.29659e-02 7.68256e-05
4.77257e+00 1.15248e-01 7.68483e-05
4.77257e+00 1.39860e-01 7.68789e-05
4.77257e+00 1.66779e-01 7.69189e-05
4.77257e+00 1.95977e-01 7.69700e-05
4.77257e+00 2.27426e-01 7.70336e-05
4.77257e+00 2.61096e-01 7.71116e-05
4.77257e+00 2.96953e-01 7.72052e-05
4.77257e+00 3.34963e-01 7.73159e-05
4.77257e+00 3.75089e-01 7.74449e-05
4.77257e+00 4.17290e-01 7.75930e-05
4.77257e+00 4.61527e-01 7.77607e-05
4.77257e+00 5.07755e-01 7.79478e-05
4.77257e+00 5.55930e-01 7.81539e-05
4.77257e+00 6.06005e-01 7.83774e-05
4.77257e+00 6.57930e-01 7.86159e-05
4.77257e+00 7.11655e-01 7.88662e-05
4.77257e+00 7.67127e-01 7.91234e-05
4.77257e+00 8.24292e-01 7.93815e-05
4.77257e+00 8.83095e-01 7.96329e-05
4.77257e+00 9.43478e-01 7.98680e-05
4.77257e+00 1.00538e+00 8.00754e-05
4.77257e+00 1.06875e+00 8.02415e-05
4.77257e+00 1.13351e+00 8.03504e-05
4.77257e+00 1.19960e+00 8.03841e-05
4.77257e+00 1.26697e+00 8.03222e-05
4.77257e+00 1.33555e+00 8.01420e-05
4.77257e+00 1.40526e+00 7.98190e-05
4.77257e+00 1.47604e+00 7.93272e-05
4.77257e+00 1.54782e+00 7.86392e-05
4.77257e+00 1.62053e+00 7.77277e-05
4.77257e+00 1.69410e+00 7.65658e-05
4.77257e+00 1.76846e+00 7.51285e-05
4.77257e+00 1.84353e+00 7.33941e-05
4.77257e+00 1.91924e+00 7.13453e-05
4.77257e+00 1.99553e+00 6.89713e-05
4.77257e+00 2.07230e+00 6.62688e-05
4.77257e+00 2.14949e+00 6.32439e-05
4.77257e+00 2.22703e+00 5.99129e-05
4.77257e+00 2.30483e+00 5.63032e-05
4.77257e+00 2.38282e+00 5.24534e-05
4.77257e+00 2.46093e+00 4.84126e-05
4.77257e+00 2.53907e+00 4.42390e-05
4.77257e+00 2.61718e+00 3.99981e-05
4.77257e+00 2.69517e+00 3.57597e-05
4.77257e+00 2.77297e+00 3.15948e-05
4.77257e+00 2.85051e+00 2.75718e-05
4.77257e+00 2.92770e+00 2.37532e-05
4.77257e+00 3.00447e+00 2.01924e-05
4.77257e+00 3.08076e+00 1.69313e-05
4.77257e+00 3.15647e+00 1.39986e-05
4.77257e+00 3.23154e+00 1.14094e-05
4.77257e+00 3.30590e+00 9.16525e-06
4.77257e+00 3.37947e+00 7.25589e-06
4.77257e+00 3.45218e+00 5.66114e-06
4.77257e+00 3.52396e+00 4.35339e-06
4.77257e+00 3.59474e+00 3.30027e-06
4.77257e+00 3.66445e+00 2.46720e-06
4.77257e+00 3.73303e+00 1.81959e-06
4.77257e+00 3.80040e+00 1.32461e-06
4.77257e+00 3.86649e+00 9.52418e-07
4.77257e+00 3.93125e+00 6.76892e-07
4.77257e+00 3.99462e+00 4.75926e-07
4.77257e+00 4.05652e+00 3.31369e-07
4.77257e+00 4.11690e+00 2.28722e-07
4.77257e+00 4.17571e+00 1.56690e-07
4.77257e+00 4.23287e+00 1.06677e-07
4.77257e+00 4.28835e+00 7.22754e-08
4.77257e+00 4.34207e+00 4.88015e-08
4.77257e+00 4.39400e+00 3.28902e-08
4.77257e+00 4.44407e+00 2.21606e-08
4.77257e+00 4.49224e+00 1.49521e-08
4.77257e+00 4.53847e+00 1.01196e-08
4.77257e+00 4.58271e+00 6.88211e-09
4.77257e+00 4.62491e+00 4.71130e-09
4.77257e+00 4.66504e+00 3.25230e-09
4.77257e+00 4.70305e+00 2.26798e-09
4.77257e+00 4.73890e+00 1.60047e-09
4.77257e+00 4.77257e+00 1.14490e-09
4.77257e+00 4.80402e+00 8.31631e-10
4.77257e+00 4.83322e+00 6.14393e-10
4.77257e+00 4.86014e+00 4.62376e-10
4.77257e+00 4.88475e+00 3.54997e-10
4.77257e+00 4.90703e+00 2.78446e-10
4.77257e+00 4.92696e+00 2.23413e-10
4.77257e+00 4.94452e+00 1.83588e-10
4.77257e+00 4.95969e+00 1.54671e-10
4.77257e+00 4.97246e+00 1.33724e-10
4.77257e+00 4.98281e+00 1.18740e-10
4.77257e+00 4.99074e+00 1.08355e-10
4.77257e+00 4.99623e+00 1.01670e-10
4.77257e+00 4.99928e+00 9.81222e-11
4.80402e+00 7.15683e-04 5.65165e-05
4.80402e+00 3.77012e-03 5.65165e-05
4.80402e+00 9.26216e-03 5.65168e-05
4.80402e+00 1.71877e-02 5.65175e-05
4.80402e+00 2.75390e-02 5.65192e-05
4.80402e+00 4.03061e-02 5.65223e-05
4.80402e+00 5.54766e-02 5.65276e-05
4.80402e+00 7.30356e-02 5.65357e-05
4.80402e+00 9.29659e-02 5.65476e-05
4.80402e+00 1.15248e-01 5.65643e-05
4.80402e+00 1.39860e-01 5.65868e-05
4.80402e+00 1.66779e-01 5.66162e-05
4.80402e+00 1.95977e-01 5.66537e-05
4.80402e+00 2.27426e-01 5.67005e-05
4.80402e+00 2.61096e-01 5.67577e-05
4.80402e+00 2.96953e-01 5.68265e-05
4.80402e+00 3.34963e-01 5.69079e-05
4.80402e+00 3.75089e-01 5.70026e-05
4.80402e+00 4.17290e-01 5.71113e-05
4.80402e+00 4.61527e-01 5.72344e-05
4.80402e+00 5.07755e-01 5.73718e-05
4.80402e+00 5.55930e-01 5.75229e-05
4.80402e+00 6.06005e-01 5.76868e-05
4.80402e+00 6.57930e-01 5.78617e-05
4.80402e+00 7.11655e-01 5.80450e-05
4.80402e+00 7.67127e-01 5.82332e-05
4.80402e+00 8.24292e-01 5.84220e-05
4.80402e+00 8.83095e-01 5.86055e-05
4.80402e+00 9.43478e-01 5.87767e-05
4.80402e+00 1.00538e+00 5.89272e-05
4.80402e+00 1.06875e+00 5.90469e-05
4.80402e+00 1.13351e+00 5.91241e-05
4.80402e+00 1.19960e+00 5.91455e-05
4.80402e+00 1.26697e+00 5.90960e-05
4.80402e+00 1.33555e+00 5.89590e-05
4.80402e+00 1.40526e+00 5.87164e-05
4.80402e+00 1.47604e+00 5.83489e-05
4.80402e+00 1.54782e+00 5.78365e-05
4.80402e+00 1.62053e+00 5.71592e-05
4.80402e+00 1.69410e+00 5.62971e-05
4.80402e+00 1.76846e+00 5.52321e-05
4.80402e+00 1.84353e+00 5.39482e-05
4.80402e+00 1.91924e+00 5.24328e-05
4.80402e+00 1.99553e+00 5.06783e-05
4.80402e+00 2.07230e+00 4.86824e-05
4.80402e+00 2.14949e+00 4.64499e-05
4.80402e+00 2.22703e+00 4.39930e-05
4.80402e+00 2.30483e+00 4.13321e-05
4.80402e+00 2.38282e+00 3.84957e-05
4.80402e+00 2.46093e+00 3.55203e-05
4.80402e+00 2.53907e+00 3.24487e-05
4.80402e+00 2.61718e+00 2.93292e-05
4.80402e+00 2.69517e+00 2.62133e-05
4.80402e+00 2.77297e+00 2.31529e-05
4.80402e+00 2.85051e+00 2.01982e-05
4.80402e+00 2.92770e+00 1.73950e-05
4.80402e+00 3.00447e+00 1.47824e-05
4.80402e+00 3.08076e+00 1.23908e-05
4.80402e+00 3.15647e+00 1.02411e-05
4.80402e+00 3.23154e+00 8.34404e-06
4.80402e+00 3.30590e+00 6.70054e-06
4.80402e+00 3.37947e+00 5.30285e-06
4.80402e+00 3.45218e+00 4.13596e-06
4.80402e+00 3.52396e+00 3.17947e-06
4.80402e+00 3.59474e+00 2.40954e-06
4.80402e+00 3.66445e+00 1.80073e-06
4.80402e+00 3.73303e+00 1.32764e-06
4.80402e+00 3.80040e+00 9.66184e-07
4.80402e+00 3.86649e+00 6.94492e-07
4.80402e+00 3.93125e+00 4.93436e-07
4.80402e+00 3.99462e+00 3.46838e-07
4.80402e+00 4.05652e+00 2.41423e-07
4.80402e+00 4.11690e+00 1.66594e-07
4.80402e+00 4.17571e+00 1.14098e-07
4.80402e+00 4.23287e+00 7.76605e-08
4.80402e+00 4.28835e+00 5.26036e-08
4.80402e+00 4.34207e+00 3.55106e-08
4.80402e+00 4.39400e+00 2.39274e-08
4.80402e+00 4.44407e+00 1.61183e-08
4.80402e+00 4.49224e+00 1.08731e-08
4.80402e+00 4.53847e+00 7.35752e-09
4.80402e+00 4.58271e+00 5.00278e-09
4.80402e+00 4.62491e+00 3.42418e-09
4.80402e+00 4.66504e+00 2.36340e-09
4.80402e+00 4.70305e+00 1.64786e-09
4.80402e+00 4.73890e+00 1.16270e-09
4.80402e+00 4.77257e+00 8.31631e-10
4.80402e+00 4.80402e+00 6.04006e-10
4.80402e+00 4.83322e+00 4.46178e-10
4.80402e+00 4.86014e+00 3.35747e-10
4.80402e+00 4.88475e+00 2.57751e-10
4.80402e+00 4.90703e+00 2.02154e-10
4.80402e+00 4.92696e+00 1.62187e-10
4.80402e+00 4.94452e+00 1.33267e-10
4.80402e+00 4.95969e+00 1.12270e-10
4.80402e+00 4.97246e+00 9.70612e-11
4.80402e+00 4.98281e+00 8.61816e-11
4.80402e+00 4.99074e+00 7.86422e-11
4.80402e+00 4.99623e+00 7.37884e-11
4.80402e+00 4.99928e+00 7.12130e-11
4.83322e+00 7.15683e-04 4.22648e-05
4.83322e+00 3.77012e-03 4.22648e-05
4.83322e+00 9.26216e-03 4.22650e-05
4.83322e+00 1.71877e-02 4.22656e-05
4.83322e+00 2.75390e-02 4.22669e-05
4.83322e+00 4.03061e-02 4.22692e-05
4.83322e+00 5.54766e-02 4.22731e-05
4.83322e+00 7.30356e-02 4.22792e-05
4.83322e+00 9.29659e-02 4.22881e-05
4.83322e+00 1.15248e-01 4.23005e-05
4.83322e+00 1.39860e-01 4.23173e-05
4.83322e+00 1.66779e-01 4.23393e-05
4.83322e+00 1.95977e-01 4.23673e-05
4.83322e+00 2.27426e-01 4.24022e-05
4.83322e+00 2.61096e-01 4.24449e-05
4.83322e+00 2.96953e-01 4.24962e-05
4.83322e+00 3.34963e-01 4.25569e-05
4.83322e+00 3.75089e-01 4.26276e-05
4.83322e+00 4.17290e-01 4.27087e-05
4.83322e+00 4.61527e-01 4.28005e-05
4.83322e+00 5.07755e-01 4.29029e-05
4.83322e+00 5.55930e-01 4.30156e-05
4.83322e+00 6.06005e-01 4.31377e-05
4.83322e+00 6.57930e-01 4.32679e-05
4.83322e+00 7.11655e-01 4.34043e-05
4.83322e+00 7.67127e-01 4.35443e-05
4.83322e+00 8.24292e-01 4.36845e-05
4.83322e+00 8.83095e-01 4.38206e-05
4.83322e+00 9.43478e-01 4.39473e-05
4.83322e+00 1.00538e+00 4.40583e-05
4.83322e+00 1.06875e+00 4.41460e-05
4.83322e+00 1.13351e+00 4.42016e-05
4.83322e+00 1.19960e+00 4.42152e-05
4.83322e+00 1.26697e+00 4.41755e-05
4.83322e+00 1.33555e+00 4.40699e-05
4.83322e+00 1.40526e+00 4.38851e-05
4.83322e+00 1.47604e+00 4.36064e-05
4.83322e+00 1.54782e+00 4.32191e-05
4.83322e+00 1.62053e+00 4.27081e-05
4.83322e+00 1.69410e+00 4.20587e-05
4.83322e+00 1.76846e+00 4.12573e-05
4.83322e+00 1.84353e+00 4.02922e-05
4.83322e+00 1.91924e+00 3.91540e-05
4.83322e+00 1.99553e+00 3.78370e-05
4.83322e+00 2.07230e+00 3.63399e-05
4.83322e+00 2.14949e+00 3.46663e-05
4.83322e+00 2.22703e+00 3.28255e-05
4.83322e+00 2.30483e+00 3.08329e-05
4.83322e+00 2.38282e+00 2.87100e-05
4.83322e+00 2.46093e+00 2.64842e-05
4.83322e+00 2.53907e+00 2.41876e-05
4.83322e+00 2.61718e+00 2.18563e-05
4.83322e+00 2.69517e+00 1.95287e-05
4.83322e+00 2.77297e+00 1.72437e-05
4.83322e+00 2.85051e+00 1.50387e-05
4.83322e+00 2.92770e+00 1.29476e-05
4.83322e+00 3.00447e+00 1.09996e-05
4.83322e+00 3.08076e+00 9.21717e-06
4.83322e+00 3.15647e+00 7.61569e-06
4.83322e+00 3.23154e+00 6.20300e-06
4.83322e+00 3.30590e+00 4.97966e-06
4.83322e+00 3.37947e+00 3.93971e-06
4.83322e+00 3.45218e+00 3.07183e-06
4.83322e+00 3.52396e+00 2.36071e-06
4.83322e+00 3.59474e+00 1.78851e-06
4.83322e+00 3.66445e+00 1.33621e-06
4.83322e+00 3.73303e+00 9.84876e-07
4.83322e+00 3.80040e+00 7.16536e-07
4.83322e+00 3.86649e+00 5.14902e-07
4.83322e+00 3.93125e+00 3.65739e-07
4.83322e+00 3.99462e+00 2.57011e-07
4.83322e+00 4.05652e+00 1.78852e-07
4.83322e+00 4.11690e+00 1.23386e-07
4.83322e+00 4.17571e+00 8.44859e-08
4.83322e+00 4.23287e+00 5.74916e-08
4.83322e+00 4.28835e+00 3.89335e-08
4.83322e+00 4.34207e+00 2.62770e-08
4.83322e+00 4.39400e+00 1.77021e-08
4.83322e+00 4.44407e+00 1.19224e-08
4.83322e+00 4.49224e+00 8.04114e-09
4.83322e+00 4.53847e+00 5.44027e-09
4.83322e+00 4.58271e+00 3.69852e-09
4.83322e+00 4.62491e+00 2.53108e-09
4.83322e+00 4.66504e+00 1.74671e-09
4.83322e+00 4.70305e+00 1.21771e-09
4.83322e+00 4.73890e+00 8.59084e-10
4.83322e+00 4.77257e+00 6.14393e-10
4.83322e+00 4.80402e+00 4.46178e-10
4.83322e+00 4.83322e+00 3.29557e-10
4.83322e+00 4.86014e+00 2.47967e-10
4.83322e+00 4.88475e+00 1.90347e-10
4.83322e+00 4.90703e+00 1.49277e-10
4.83322e+00 4.92696e+00 1.19756e-10
4.83322e+00 4.94452e+00 9.83962e-11
4.83322e+00 4.95969e+00 8.28889e-11
4.83322e+00 4.97246e+00 7.16570e-11
4.83322e+00 4.98281e+00 6.36227e-11
4.83322e+00 4.99074e+00 5.80553e-11
4.83322e+00 4.99623e+00 5.44711e-11
4.83322e+00 4.99928e+00 5.25694e-11
4.86014e+00 7.15683e-04 3.21635e-05
4.86014e+00 3.77012e-03 3.21636e-05
4.86014e+00 9.26216e-03 3.21637e-05
4.86014e+00 1.71877e-02 3.21641e-05
4.86014e+00 2.75390e-02 3.21651e-05
4.86014e+00 4.03061e-02 3.21669e-05
4.86014e+00 5.54766e-02 3.21698e-05
4.86014e+00 7.30356e-02 3.21745e-05
4.86014e+00 9.29659e-02 3.21812e-05
4.86014e+00 1.15248e-01 3.21907e-05
4.86014e+00 1.39860e-01 3.22034e-05
4.86014e+00 1.66779e-01 3.22201e-05
4.86014e+00 1.95977e-01 3.22413e-05
4.86014e+00 2.27426e-01 3.22679e-05
4.86014e+00 2.61096e-01 3.23003e-05
4.86014e+00 2.96953e-01 3.23393e-05
4.86014e+00 3.34963e-01 3.23854e-05
4.86014e+00 3.75089e-01 3.24390e-05
4.86014e+00 4.17290e-01 3.25006e-05
4.86014e+00 4.61527e-01 3.25702e-05
4.86014e+00 5.07755e-01 3.26479e-05
4.86014e+00 5.55930e-01 3.27334e-05
4.86014e+00 6.06005e-01 3.28259e-05
4.86014e+00 6.57930e-01 3.29246e-05
4.86014e+00 7.11655e-01 3.30279e-05
4.86014e+00 7.67127e-01 3.31339e-05
4.86014e+00 8.24292e-01 3.32399e-05
4.86014e+00 8.83095e-01 3.33426e-05
4.86014e+00 9.43478e-01 3.34381e-05
4.86014e+00 1.00538e+00 3.35214e-05
4.86014e+00 1.06875e+00 3.35868e-05
4.86014e+00 1.13351e+00 3.36277e-05
4.86014e+00 1.19960e+00 3.36363e-05
4.86014e+00 1.26697e+00 3.36042e-05
4.86014e+00 1.33555e+00 3.35216e-05
4.86014e+00 1.40526e+00 3.33785e-05
4.86014e+00 1.47604e+00 3.31638e-05
4.86014e+00 1.54782e+00 3.28661e-05
4.86014e+00 1.62053e+00 3.24741e-05
4.86014e+00 1.69410e+00 3.19766e-05
4.86014e+00 1.76846e+00 3.13634e-05
4.86014e+00 1.84353e+00 3.06254e-05
4.86014e+00 1.91924e+00 2.97558e-05
4.86014e+00 1.99553e+00 2.87503e-05
4.86014e+00 2.07230e+00 2.76078e-05
4.86014e+00 2.14949e+00 2.63314e-05
4.86014e+00 2.22703e+00 2.49282e-05
4.86014e+00 2.30483e+00 2.34101e-05
4.86014e+00 2.38282e+00 2.17935e-05
4.86014e+00 2.46093e+00 2.00992e-05
4.86014e+00 2.53907e+00 1.83518e-05
4.86014e+00 2.61718e+00 1.65789e-05
4.86014e+00 2.69517e+00 1.48095e-05
4.86014e+00 2.77297e+00 1.30732e-05
4.86014e+00 2.85051e+00 1.13984e-05
4.86014e+00 2.92770e+00 9.81078e-06
4.86014e+00 3.00447e+00 8.33237e-06
4.86014e+00 3.08076e+00 6.98018e-06
4.86014e+00 3.15647e+00 5.76574e-06
4.86014e+00 3.23154e+00 4.69487e-06
4.86014e+00 3.30590e+00 3.76789e-06
4.86014e+00 3.37947e+00 2.98016e-06
4.86014e+00 3.45218e+00 2.32300e-06
4.86014e+00 3.52396e+00 1.78474e-06
4.86014e+00 3.59474e+00 1.35177e-06
4.86014e+00 3.66445e+00 1.00965e-06
4.86014e+00 3.73303e+00 7.43981e-07
4.86014e+00 3.80040e+00 5.41135e-07
4.86014e+00 3.86649e+00 3.88761e-07
4.86014e+00 3.93125e+00 2.76071e-07
4.86014e+00 3.99462e+00 1.93954e-07
4.86014e+00 4.05652e+00 1.34940e-07
4.86014e+00 4.11690e+00 9.30708e-08
4.86014e+00 4.17571e+00 6.37143e-08
4.86014e+00 4.23287e+00 4.33477e-08
4.86014e+00 4.28835e+00 2.93493e-08
4.86014e+00 4.34207e+00 1.98046e-08
4.86014e+00 4.39400e+00 1.33393e-08
4.86014e+00 4.44407e+00 8.98252e-09
4.86014e+00 4.49224e+00 6.05728e-09
4.86014e+00 4.53847e+00 4.09742e-09
4.86014e+00 4.58271e+00 2.78518e-09
4.86014e+00 4.62491e+00 1.90576e-09
4.86014e+00 4.66504e+00 1.31500e-09
4.86014e+00 4.70305e+00 9.16627e-10
4.86014e+00 4.73890e+00 6.46596e-10
4.86014e+00 4.77257e+00 4.62376e-10
4.86014e+00 4.80402e+00 3.35747e-10
4.86014e+00 4.83322e+00 2.47967e-10
4.86014e+00 4.86014e+00 1.86561e-10
4.86014e+00 4.88475e+00 1.43198e-10
4.86014e+00 4.90703e+00 1.12293e-10
4.86014e+00 4.92696e+00 9.00807e-11
4.86014e+00 4.94452e+00 7.40096e-11
4.86014e+00 4.95969e+00 6.23427e-11
4.86014e+00 4.97246e+00 5.38928e-11
4.86014e+00 4.98281e+00 4.78487e-11
4.86014e+00 4.99074e+00 4.36605e-11
4.86014e+00 4.99623e+00 4.09643e-11
4.86014e+00 4.99928e+00 3.95338e-11
4.88475e+00 7.15683e-04 2.49449e-05
4.88475e+00 3.77012e-03 2.49449e-05
4.88475e+00 9.26216e-03 2.49450e-05
4.88475e+00 1.71877e-02 2.49453e-05
4.88475e+00 2.75390e-02 2.49461e-05
4.88475e+00 4.03061e-02 2.49475e-05
4.88475e+00 5.54766e-02 2.49498e-05
4.88475e+00 7.30356e-02 2.49533e-05
4.88475e+00 9.29659e-02 2.49586e-05
4.88475e+00 1.15248e-01 2.49659e-05
4.88475e+00 1.39860e-01 2.49757e-05
4.88475e+00 1.66779e-01 2.49886e-05
4.88475e+00 1.95977e-01 2.50051e-05
4.88475e+00 2.27426e-01 2.50256e-05
4.88475e+00 2.61096e-01 2.50507e-05
4.88475e+00 2.96953e-01 2.50809e-05
4.88475e+00 3.34963e-01 2.51165e-05
4.88475e+00 3.75089e-01 2.51580e-05
4.88475e+00 4.17290e-01 2.52057e-05
4.88475e+00 4.61527e-01 2.52595e-05
4.88475e+00 5.07755e-01 2.53196e-05
4.88475e+00 5.55930e-01 2.53857e-05
4.88475e+00 6.06005e-01 2.54572e-05
4.88475e+00 6.57930e-01 2.55334e-05
4.88475e+00 7.11655e-01 2.56132e-05
4.88475e+00 7.67127e-01 2.56949e-05
4.88475e+00 8.24292e-01 2.57766e-05
4.88475e+00 8.83095e-01 2.58557e-05
4.88475e+00 9.43478e-01 2.59290e-05
4.88475e+00 1.00538e+00 2.59928e-05
4.88475e+00 1.06875e+00 2.60426e-05
4.88475e+00 1.13351e+00 2.60732e-05
4.88475e+00 1.19960e+00 2.60787e-05
4.88475e+00 1.26697e+00 2.60523e-05
4.88475e+00 1.33555e+00 2.59868e-05
4.88475e+00 1.40526e+00 2.58740e-05
4.88475e+00 1.47604e+00 2.57056e-05
4.88475e+00 1.54782e+00 2.54727e-05
4.88475e+00 1.62053e+00 2.51665e-05
4.88475e+00 1.69410e+00 2.47783e-05
4.88475e+00 1.76846e+00 2.43003e-05
4.88475e+00 1.84353e+00 2.37255e-05
4.88475e+00 1.91924e+00 2.30486e-05
4.88475e+00 1.99553e+00 2.22664e-05
4.88475e+00 2.07230e+00 2.13783e-05
4.88475e+00 2.14949e+00 2.03864e-05
4.88475e+00 2.22703e+00 1.92965e-05
4.88475e+00 2.30483e+00 1.81179e-05
4.88475e+00 2.38282e+00 1.68634e-05
4.88475e+00 2.46093e+00 1.55491e-05
4.88475e+00 2.53907e+00 1.41942e-05
4.88475e+00 2.61718e+00 1.28200e-05
4.88475e+00 2.69517e+00 1.14491e-05
4.88475e+00 2.77297e+00 1.01044e-05
4.88475e+00 2.85051e+00 8.80773e-06
4.88475e+00 2.92770e+00 7.57908e-06
4.88475e+00 3.00447e+00 6.43534e-06
4.88475e+00 3.08076e+00 5.38963e-06
4.88475e+00 3.15647e+00 4.45078e-06
4.88475e+00 3.23154e+00 3.62321e-06
4.88475e+00 3.30590e+00 2.90707e-06
4.88475e+00 3.37947e+00 2.29871e-06
4.88475e+00 3.45218e+00 1.79137e-06
4.88475e+00 3.52396e+00 1.37594e-06
4.88475e+00 3.59474e+00 1.04189e-06
4.88475e+00 3.66445e+00 7.78008e-07
4.88475e+00 3.73303e+00 5.73153e-07
4.88475e+00 3.80040e+00 4.16785e-07
4.88475e+00 3.86649e+00 2.99357e-07
4.88475e+00 3.93125e+00 2.12535e-07
4.88475e+00 3.99462e+00 1.49284e-07
4.88475e+00 4.05652e+00 1.03839e-07
4.88475e+00 4.11690e+00 7.16058e-08
4.88475e+00 4.17571e+00 4.90102e-08
4.88475e+00 4.23287e+00 3.33375e-08
4.88475e+00 4.28835e+00 2.25676e-08
4.88475e+00 4.34207e+00 1.52257e-08
4.88475e+00 4.39400e+00 1.02535e-08
4.88475e+00 4.44407e+00 6.90346e-09
4.88475e+00 4.49224e+00 4.65457e-09
4.88475e+00 4.53847e+00 3.14811e-09
4.88475e+00 4.58271e+00 2.13960e-09
4.88475e+00 4.62491e+00 1.46383e-09
4.88475e+00 4.66504e+00 1.00994e-09
4.88475e+00 4.70305e+00 7.03902e-10
4.88475e+00 4.73890e+00 4.96484e-10
4.88475e+00 4.77257e+00 3.54997e-10
4.88475e+00 4.80402e+00 2.57751e-10
4.88475e+00 4.83322e+00 1.90347e-10
4.88475e+00 4.86014e+00 1.43198e-10
4.88475e+00 4.88475e+00 1.09906e-10
4.88475e+00 4.90703e+00 8.61809e-11
4.88475e+00 4.92696e+00 6.91297e-11
4.88475e+00 4.94452e+00 5.67937e-11
4.88475e+00 4.95969e+00 4.78386e-11
4.88475e+00 4.97246e+00 4.13531e-11
4.88475e+00 4.98281e+00 3.67143e-11
4.88475e+00 4.99074e+00 3.34999e-11
4.88475e+00 4.99623e+00 3.14307e-11
4.88475e+00 4.99928e+00 3.03328e-11
4.90703e+00 7.15683e-04 1.97444e-05
4.90703e+00 3.77012e-03 1.97444e-05
4.90703e+00 9.26216e-03 1.97445e-05
4.90703e+00 1.71877e-02 1.97448e-05
4.90703e+00 2.75390e-02 1.97453e-05
4.90703e+00 4.03061e-02 1.97464e-05
4.90703e+00 5.54766e-02 1.97482e-05
4.90703e+00 7.30356e-02 1.97511e-05
4.90703e+00 9.29659e-02 1.97552e-05
4.90703e+00 1.15248e-01 1.97610e-05
4.90703e+00 1.39860e-01 1.97688e-05
4.90703e+00 1.66779e-01 1.97790e-05
4.90703e+00 1.95977e-01 1.97920e-05
4.90703e+00 2.27426e-01 1.98082e-05
4.90703e+00 2.61096e-01 1.98280e-05
4.90703e+00 2.96953e-01 1.98518e-05
4.90703e+00 3.34963e-01 1.98800e-05
4.90703e+00 3.75089e-01 1.99128e-05
4.90703e+00 4.17290e-01 1.99504e-05
4.90703e+00 4.61527e-01 1.99929e-05
4.90703e+00 5.07755e-01 2.00403e-05
4.90703e+00 5.55930e-01 2.00924e-05
4.90703e+00 6.06005e-01 2.01488e-05
4.90703e+00 6.57930e-01 2.02089e-05
4.90703e+00 7.11655e-01 2.02718e-05
4.90703e+00 7.67127e-01 2.03362e-05
4.90703e+00 8.24292e-01 2.04004e-05
4.90703e+00 8.83095e-01 2.04626e-05
4.90703e+00 9.43478e-01 2.05201e-05
4.90703e+00 1.00538e+00 2.05700e-05
4.90703e+00 1.06875e+00 2.06087e-05
4.90703e+00 1.13351e+00 2.06322e-05
4.90703e+00 1.19960e+00 2.06356e-05
4.90703e+00 1.26697e+00 2.06137e-05
4.90703e+00 1.33555e+00 2.05607e-05
4.90703e+00 1.40526e+00 2.04702e-05
4.90703e+00 1.47604e+00 2.03355e-05
4.90703e+00 1.54782e+00 2.01497e-05
4.90703e+00 1.62053e+00 1.99057e-05
4.90703e+00 1.69410e+00 1.95968e-05
4.90703e+00 1.76846e+00 1.92168e-05
4.90703e+00 1.84353e+00 1.87601e-05
4.90703e+00 1.91924e+00 1.82226e-05
4.90703e+00 1.99553e+00 1.76019e-05
4.90703e+00 2.07230e+00 1.68973e-05
4.90703e+00 2.14949e+00 1.61109e-05
4.90703e+00 2.22703e+00 1.52471e-05
4.90703e+00 2.30483e+00 1.43134e-05
4.90703e+00 2.38282e+00 1.33199e-05
4.90703e+00 2.46093e+00 1.22795e-05
4.90703e+00 2.53907e+00 1.12073e-05
4.90703e+00 2.61718e+00 1.01202e-05
4.90703e+00 2.69517e+00 9.03613e-06
4.90703e+00 2.77297e+00 7.97309e-06
4.90703e+00 2.85051e+00 6.94842e-06
4.90703e+00 2.92770e+00 5.97780e-06
4.90703e+00 3.00447e+00 5.07456e-06
4.90703e+00 3.08076e+00 4.24899e-06
4.90703e+00 3.15647e+00 3.50803e-06
4.90703e+00 3.23154e+00 2.85509e-06
4.90703e+00 3.30590e+00 2.29025e-06
4.90703e+00 3.37947e+00 1.81056e-06
4.90703e+00 3.45218e+00 1.41063e-06
4.90703e+00 3.52396e+00 1.08326e-06
4.90703e+00 3.59474e+00 8.20080e-07
4.90703e+00 3.66445e+00 6.12242e-07
4.90703e+00 3.73303e+00 4.50937e-07
4.90703e+00 3.80040e+00 3.27843e-07
4.90703e+00 3.86649e+00 2.35425e-07
4.90703e+00 3.93125e+00 1.67112e-07
4.90703e+00 3.99462e+00 1.17356e-07
4.90703e+00 4.05652e+00 8.16155e-08
4.90703e+00 4.11690e+00 5.62703e-08
4.90703e+00 4.17571e+00 3.85070e-08
4.90703e+00 4.23287e+00 2.61886e-08
4.90703e+00 4.28835e+00 1.77253e-08
4.90703e+00 4.34207e+00 1.19568e-08
4.90703e+00 4.39400e+00 8.05094e-09
4.90703e+00 4.44407e+00 5.41974e-09
4.90703e+00 4.49224e+00 3.65369e-09
4.90703e+00 4.53847e+00 2.47085e-09
4.90703e+00 4.58271e+00 1.67909e-09
4.90703e+00 4.62491e+00 1.14863e-09
4.90703e+00 4.66504e+00 7.92387e-10
4.90703e+00 4.70305e+00 5.52217e-10
4.90703e+00 4.73890e+00 3.89459e-10
4.90703e+00 4.77257e+00 2.78446e-10
4.90703e+00 4.80402e+00 2.02154e-10
4.90703e+00 4.83322e+00 1.49277e-10
4.90703e+00 4.86014e+00 1.12293e-10
4.90703e+00 4.88475e+00 8.61809e-11
4.90703e+00 4.90703e+00 6.75732e-11
4.90703e+00 4.92696e+00 5.42008e-11
4.90703e+00 4.94452e+00 4.45267e-11
4.90703e+00 4.95969e+00 3.75044e-11
4.90703e+00 4.97246e+00 3.24189e-11
4.90703e+00 4.98281e+00 2.87815e-11
4.90703e+00 4.99074e+00 2.62611e-11
4.90703e+00 4.99623e+00 2.46387e-11
4.90703e+00 4.99928e+00 2.37779e-11
4.92696e+00 7.15683e-04 1.59705e-05
4.92696e+00 3.77012e-03 1.59705e-05
4.92696e+00 9.26216e-03 1.59706e-05
4.92696e+00 1.71877e-02 1.59708e-05
4.92696e+00 2.75390e-02 1.59713e-05
4.92696e+00 4.03061e-02 1.59722e-05
4.92696e+00 5.54766e-02 1.59736e-05
4.92696e+00 7.30356e-02 1.59759e-05
4.92696e+00 9.29659e-02 1.59793e-05
4.92696e+00 1.15248e-01 1.59839e-05
4.92696e+00 1.39860e-01 1.59902e-05
4.92696e+00 1.66779e-01 1.59984e-05
4.92696e+00 1.95977e-01 1.60089e-05
4.92696e+00 2.27426e-01 1.60220e-05
4.92696e+00 2.61096e-01 1.60380e-05
4.92696e+00 2.96953e-01 1.60573e-05
4.92696e+00 3.34963e-01 1.60800e-05
4.92696e+00 3.75089e-01 1.61064e-05
4.92696e+00 4.17290e-01 1.61368e-05
4.92696e+00 4.61527e-01 1.61711e-05
4.92696e+00 5.07755e-01 1.62093e-05
4.92696e+00 5.55930e-01 1.62514e-05
4.92696e+00 6.06005e-01 1.62969e-05
4.92696e+00 6.57930e-01 1.63453e-05
4.92696e+00 7.11655e-01 1.63959e-05
4.92696e+00 7.67127e-01 1.64478e-05
4.92696e+00 8.24292e-01 1.64995e-05
4.92696e+00 8.83095e-01 1.65494e-05
4.92696e+00 9.43478e-01 1.65955e-05
4.92696e+00 1.00538e+00 1.66355e-05
4.92696e+00 1.06875e+00 1.66663e-05
4.92696e+00 1.13351e+00 1.66847e-05
4.92696e+00 1.19960e+00 1.66868e-05
4.92696e+00 1.26697e+00 1.66683e-05
4.92696e+00 1.33555e+00 1.66246e-05
4.92696e+00 1.40526e+00 1.65505e-05
4.92696e+00 1.47604e+00 1.64406e-05
4.92696e+00 1.54782e+00 1.62892e-05
4.92696e+00 1.62053e+00 1.60908e-05
4.92696e+00 1.69410e+00 1.58397e-05
4.92696e+00 1.76846e+00 1.55311e-05
4.92696e+00 1.84353e+00 1.51604e-05
4.92696e+00 1.91924e+00 1.47245e-05
4.92696e+00 1.99553e+00 1.42212e-05
4.92696e+00 2.07230e+00 1.36502e-05
4.92696e+00 2.14949e+00 1.30131e-05
4.92696e+00 2.22703e+00 1.23137e-05
4.92696e+00 2.30483e+00 1.15578e-05
4.92696e+00 2.38282e+00 1.07539e-05
4.92696e+00 2.46093e+00 9.91224e-06
4.92696e+00 2.53907e+00 9.04518e-06
4.92696e+00 2.61718e+00 8.16636e-06
4.92696e+00 2.69517e+00 7.29022e-06
4.92696e+00 2.77297e+00 6.43135e-06
4.92696e+00 2.85051e+00 5.60373e-06
4.92696e+00 2.92770e+00 4.82000e-06
4.92696e+00 3.00447e+00 4.09088e-06
4.92696e+00 3.08076e+00 3.42465e-06
4.92696e+00 3.15647e+00 2.82686e-06
4.92696e+00 3.23154e+00 2.30024e-06
4.92696e+00 3.30590e+00 1.84479e-06
4.92696e+00 3.37947e+00 1.45810e-06
4.92696e+00 3.45218e+00 1.13580e-06
4.92696e+00 3.52396e+00 8.72033e-07
4.92696e+00 3.59474e+00 6.60042e-07
4.92696e+00 3.66445e+00 4.92668e-07
4.92696e+00 3.73303e+00 3.62797e-07
4.92696e+00 3.80040e+00 2.63714e-07
4.92696e+00 3.86649e+00 1.89340e-07
4.92696e+00 3.93125e+00 1.34375e-07
4.92696e+00 3.99462e+00 9.43499e-08
4.92696e+00 4.05652e+00 6.56047e-08
4.92696e+00 4.11690e+00 4.52242e-08
4.92696e+00 4.17571e+00 3.09431e-08
4.92696e+00 4.23287e+00 2.10412e-08
4.92696e+00 4.28835e+00 1.42393e-08
4.92696e+00 4.34207e+00 9.60395e-09
4.92696e+00 4.39400e+00 6.46580e-09
4.92696e+00 4.44407e+00 4.35209e-09
4.92696e+00 4.49224e+00 2.93358e-09
4.92696e+00 4.53847e+00 1.98363e-09
4.92696e+00 4.58271e+00 1.34785e-09
4.92696e+00 4.62491e+00 9.21944e-10
4.92696e+00 4.66504e+00 6.35943e-10
4.92696e+00 4.70305e+00 4.43150e-10
4.92696e+00 4.73890e+00 3.12510e-10
4.92696e+00 4.77257e+00 2.23413e-10
4.92696e+00 4.80402e+00 1.62187e-10
4.92696e+00 4.83322e+00 1.19756e-10
4.92696e+00 4.86014e+00 9.00807e-11
4.92696e+00 4.88475e+00 6.91297e-11
4.92696e+00 4.90703e+00 5.42008e-11
4.92696e+00 4.92696e+00 4.34728e-11
4.92696e+00 4.94452e+00 3.57121e-11
4.92696e+00 4.95969e+00 3.00789e-11
4.92696e+00 4.97246e+00 2.59995e-11
4.92696e+00 4.98281e+00 2.30818e-11
4.92696e+00 4.99074e+00 2.10602e-11
4.92696e+00 4.99623e+00 1.97588e-11
4.92696e+00 4.99928e+00 1.90684e-11
4.94452e+00 7.15683e-04 1.32168e-05
4.94452e+00 3.77012e-03 1.32168e-05
4.94452e+00 9.26216e-03 1.32169e-05
4.94452e+00 1.71877e-02 1.32171e-05
4.94452e+00 2.75390e-02 1.32175e-05
4.94452e+00 4.03061e-02 1.32182e-05
4.94452e+00 5.54766e-02 1.32194e-05
4.94452e+00 7.30356e-02 1.32213e-05
4.94452e+00 9.29659e-02 1.32240e-05
4.94452e+00 1.15248e-01 1.32279e-05
4.94452e+00 1.39860e-01 1.32331e-05
4.94452e+00 1.66779e-01 1.32399e-05
4.94452e+00 1.95977e-01 1.32486e-05
4.94452e+00 2.27426e-01 1.32594e-05
4.94452e+00 2.61096e-01 1.32726e-05
4.94452e+00 2.96953e-01 1.32885e-05
4.94452e+00 3.34963e-01 1.33073e-05
4.94452e+00 3.75089e-01 1.33291e-05
4.94452e+00 4.17290e-01 1.33541e-05
4.94452e+00 4.61527e-01 1.33825e-05
4.94452e+00 5.07755e-01 1.34141e-05
4.94452e+00 5.55930e-01 1.34487e-05
4.94452e+00 6.06005e-01 1.34863e-05
4.94452e+00 6.57930e-01 1.35262e-05
4.94452e+00 7.11655e-01 1.35680e-05
4.94452e+00 7.67127e-01 1.36107e-05
4.94452e+00 8.24292e-01 1.36533e-05
4.94452e+00 8.83095e-01 1.36943e-05
4.94452e+00 9.43478e-01 1.37323e-05
4.94452e+00 1.00538e+00 1.37650e-05
4.94452e+00 1.06875e+00 1.37901e-05
4.94452e+00 1.13351e+00 1.38049e-05
4.94452e+00 1.19960e+00 1.38061e-05
4.94452e+00 1.26697e+00 1.37903e-05
4.94452e+00 1.33555e+00 1.37536e-05
4.94452e+00 1.40526e+00 1.36916e-05
4.94452e+00 1.47604e+00 1.35999e-05
4.94452e+00 1.54782e+00 1.34738e-05
4.94452e+00 1.62053e+00 1.33088e-05
4.94452e+00 1.69410e+00 1.31001e-05
4.94452e+00 1.76846e+00 1.28438e-05
4.94452e+00 1.84353e+00 1.25362e-05
4.94452e+00 1.91924e+00 1.21745e-05
4.94452e+00 1.99553e+00 1.17572e-05
4.94452e+00 2.07230e+00 1.12839e-05
4.94452e+00 2.14949e+00 1.07560e-05
4.94452e+00 2.22703e+00 1.01765e-05
4.94452e+00 2.30483e+00 9.55059e-06
4.94452e+00 2.38282e+00 8.88502e-06
4.94452e+00 2.46093e+00 8.18845e-06
4.94452e+00 2.53907e+00 7.47105e-06
4.94452e+00 2.61718e+00 6.74410e-06
4.94452e+00 2.69517e+00 6.01958e-06
4.94452e+00 2.77297e+00 5.30953e-06
4.94452e+00 2.85051e+00 4.62548e-06
4.94452e+00 2.92770e+00 3.97788e-06
4.94452e+00 3.00447e+00 3.37555e-06
4.94452e+00 3.08076e+00 2.82532e-06
4.94452e+00 3.15647e+00 2.33173e-06
4.94452e+00 3.23154e+00 1.89701e-06
4.94452e+00 3.30590e+00 1.52113e-06
4.94452e+00 3.37947e+00 1.20207e-06
4.94452e+00 3.45218e+00 9.36197e-07
4.94452e+00 3.52396e+00 7.18658e-07
4.94452e+00 3.59474e+00 5.43859e-07
4.94452e+00 3.66445e+00 4.05877e-07
4.94452e+00 3.73303e+00 2.98836e-07
4.94452e+00 3.80040e+00 2.17185e-07
4.94452e+00 3.86649e+00 1.55908e-07
4.94452e+00 3.93125e+00 1.10631e-07
4.94452e+00 3.99462e+00 7.76669e-08
4.94452e+00 4.05652e+00 5.39965e-08
4.94452e+00 4.11690e+00 3.72169e-08
4.94452e+00 4.17571e+00 2.54608e-08
4.94452e+00 4.23287e+00 1.73110e-08
4.94452e+00 4.28835e+00 1.17134e-08
4.94452e+00 4.34207e+00 7.89938e-09
4.94452e+00 4.39400e+00 5.31758e-09
4.94452e+00 4.44407e+00 3.57883e-09
4.94452e+00 4.49224e+00 2.41210e-09
4.94452e+00 4.53847e+00 1.63085e-09
4.94452e+00 4.58271e+00 1.10803e-09
4.94452e+00 4.62491e+00 7.57837e-10
4.94452e+00 4.66504e+00 5.22699e-10
4.94452e+00 4.70305e+00 3.64208e-10
4.94452e+00 4.73890e+00 2.56821e-10
4.94452e+00 4.77257e+00 1.83588e-10
4.94452e+00 4.80402e+00 1.33267e-10
4.94452e+00 4.83322e+00 9.83962e-11
4.94452e+00 4.86014e+00 7.40096e-11
4.94452e+00 4.88475e+00 5.67937e-11
4.94452e+00 4.90703e+00 4.45267e-11
4.94452e+00 4.92696e+00 3.57121e-11
4.94452e+00 4.94452e+00 2.93358e-11
4.94452e+00 4.95969e+00 2.47076e-11
4.94452e+00 4.97246e+00 2.13561e-11
4.94452e+00 4.98281e+00 1.89592e-11
4.94452e+00 4.99074e+00 1.72983e-11
4.94452e+00 4.99623e+00 1.62293e-11
4.94452e+00 4.99928e+00 1.56621e-11
4.95969e+00 7.15683e-04 1.12030e-05
4.95969e+00 3.77012e-03 1.12030e-05
4.95969e+00 9.26216e-03 1.12031e-05
4.95969e+00 1.71877e-02 1.12032e-05
4.95969e+00 2.75390e-02 1.12035e-05
4.95969e+00 4.03061e-02 1.12042e-05
4.95969e+00 5.54766e-02 1.12052e-05
4.95969e+00 7.30356e-02 1.12068e-05
4.95969e+00 9.29659e-02 1.12091e-05
4.95969e+00 1.15248e-01 1.12124e-05
4.95969e+00 1.39860e-01 1.12168e-05
4.95969e+00 1.66779e-01 1.12225e-05
4.95969e+00 1.95977e-01 1.12299e-05
4.95969e+00 2.27426e-01 1.12390e-05
4.95969e+00 2.61096e-01 1.12502e-05
4.95969e+00 2.96953e-01 1.12636e-05
4.95969e+00 3.34963e-01 1.12795e-05
4.95969e+00 3.75089e-01 1.12980e-05
4.95969e+00 4.17290e-01 1.13192e-05
4.95969e+00 4.61527e-01 1.13432e-05
4.95969e+00 5.07755e-01 1.13699e-05
4.95969e+00 5.55930e-01 1.13992e-05
4.95969e+00 6.06005e-01 1.14309e-05
4.95969e+00 6.57930e-01 1.14647e-05
4.95969e+00 7.11655e-01 1.15000e-05
4.95969e+00 7.67127e-01 1.15360e-05
4.95969e+00 8.24292e-01 1.15720e-05
4.95969e+00 8.83095e-01 1.16066e-05
4.95969e+00 9.43478e-01 1.16385e-05
4.95969e+00 1.00538e+00 1.16660e-05
4.95969e+00 1.06875e+00 1.16870e-05
4.95969e+00 1.13351e+00 1.16992e-05
4.95969e+00 1.19960e+00 1.17000e-05
4.95969e+00 1.26697e+00 1.16862e-05
4.95969e+00 1.33555e+00 1.16546e-05
4.95969e+00 1.40526e+00 1.16015e-05
4.95969e+00 1.47604e+00 1.15233e-05
4.95969e+00 1.54782e+00 1.14159e-05
4.95969e+00 1.62053e+00 1.12753e-05
4.95969e+00 1.69410e+00 1.10979e-05
4.95969e+00 1.76846e+00 1.08799e-05
4.95969e+00 1.84353e+00 1.06185e-05
4.95969e+00 1.91924e+00 1.03113e-05
4.95969e+00 1.99553e+00 9.95696e-06
4.95969e+00 2.07230e+00 9.55522e-06
4.95969e+00 2.14949e+00 9.10725e-06
4.95969e+00 2.22703e+00 8.61571e-06
4.95969e+00 2.30483e+00 8.08485e-06
4.95969e+00 2.38282e+00 7.52052e-06
4.95969e+00 2.46093e+00 6.93006e-06
4.95969e+00 2.53907e+00 6.32208e-06
4.95969e+00 2.61718e+00 5.70616e-06
4.95969e+00 2.69517e+00 5.09244e-06
4.95969e+00 2.77297e+00 4.49111e-06
4.95969e+00 2.85051e+00 3.91193e-06
4.95969e+00 2.92770e+00 3.36373e-06
4.95969e+00 3.00447e+00 2.85397e-06
4.95969e+00 3.08076e+00 2.38840e-06
4.95969e+00 3.15647e+00 1.97084e-06
4.95969e+00 3.23154e+00 1.60316e-06
4.95969e+00 3.30590e+00 1.28530e-06
4.95969e+00 3.37947e+00 1.01556e-06
4.95969e+00 3.45218e+00 7.90816e-07
4.95969e+00 3.52396e+00 6.06967e-07
4.95969e+00 3.59474e+00 4.59266e-07
4.95969e+00 3.66445e+00 3.42697e-07
4.95969e+00 3.73303e+00 2.52281e-07
4.95969e+00 3.80040e+00 1.83325e-07
4.95969e+00 3.86649e+00 1.31584e-07
4.95969e+00 3.93125e+00 9.33583e-08
4.95969e+00 3.99462e+00 6.55321e-08
4.95969e+00 4.05652e+00 4.55543e-08
4.95969e+00 4.11690e+00 3.13942e-08
4.95969e+00 4.17571e+00 2.14749e-08
4.95969e+00 4.23287e+00 1.45993e-08
4.95969e+00 4.28835e+00 9.87747e-09
4.95969e+00 4.34207e+00 6.66053e-09
4.95969e+00 4.39400e+00 4.48317e-09
4.95969e+00 4.44407e+00 3.01697e-09
4.95969e+00 4.49224e+00 2.03322e-09
4.95969e+00 4.53847e+00 1.37457e-09
4.95969e+00 4.58271e+00 9.33832e-10
4.95969e+00 4.62491e+00 6.38642e-10
4.95969e+00 4.66504e+00 4.40455e-10
4.95969e+00 4.70305e+00 3.06880e-10
4.95969e+00 4.73890e+00 2.16382e-10
4.95969e+00 4.77257e+00 1.54671e-10
4.95969e+00 4.80402e+00 1.12270e-10
4.95969e+00 4.83322e+00 8.28889e-11
4.95969e+00 4.86014e+00 6.23427e-11
4.95969e+00 4.88475e+00 4.78386e-11
4.95969e+00 4.90703e+00 3.75044e-11
4.95969e+00 4.92696e+00 3.00789e-11
4.95969e+00 4.94452e+00 2.47076e-11
4.95969e+00 4.95969e+00 2.08091e-11
4.95969e+00 4.97246e+00 1.79860e-11
4.95969e+00 4.98281e+00 1.59670e-11
4.95969e+00 4.99074e+00 1.45681e-11
4.95969e+00 4.99623e+00 1.36677e-11
4.95969e+00 4.99928e+00 1.31899e-11
4.97246e+00 7.15683e-04 9.73533e-06
4.97246e+00 3.77012e-03 9.73533e-06
4.97246e+00 9.26216e-03 9.73538e-06
4.97246e+00 1.71877e-02 9.73551e-06
4.97246e+00 2.75390e-02 9.73579e-06
4.97246e+00 4.03061e-02 9.73632e-06
4.97246e+00 5.54766e-02 9.73722e-06
4.97246e+00 7.30356e-02 9.73860e-06
4.97246e+00 9.29659e-02 9.74062e-06
4.97246e+00 1.15248e-01 9.74345e-06
4.97246e+00 1.39860e-01 9.74727e-06
4.97246e+00 1.66779e-01 9.75227e-06
4.97246e+00 1.95977e-01 9.75863e-06
4.97246e+00 2.27426e-01 9.76657e-06
4.97246e+00 2.61096e-01 9.77628e-06
4.97246e+00 2.96953e-01 9.78794e-06
4.97246e+00 3.34963e-01 9.80172e-06
4.97246e+00 3.75089e-01 9.81775e-06
4.97246e+00 4.17290e-01 9.83614e-06
4.97246e+00 4.61527e-01 9.85692e-06
4.97246e+00 5.07755e-01 9.88009e-06
4.97246e+00 5.55930e-01 9.90553e-06
4.97246e+00 6.06005e-01 9.93304e-06
4.97246e+00 6.57930e-01 9.96231e-06
4.97246e+00 7.11655e-01 9.99287e-06
4.97246e+00 7.67127e-01 1.00241e-05
4.97246e+00 8.24292e-01 1.00552e-05
4.97246e+00 8.83095e-01 1.00852e-05
4.97246e+00 9.43478e-01 1.01128e-05
4.97246e+00 1.00538e+00 1.01365e-05
4.97246e+00 1.06875e+00 1.01545e-05
4.97246e+00 1.13351e+00 1.01649e-05
4.97246e+00 1.19960e+00 1.01653e-05
4.97246e+00 1.26697e+00 1.01530e-05
4.97246e+00 1.33555e+00 1.01252e-05
4.97246e+00 1.40526e+00 1.00788e-05
4.97246e+00 1.47604e+00 1.00104e-05
4.97246e+00 1.54782e+00 9.91661e-06
4.97246e+00 1.62053e+00 9.79405e-06
4.97246e+00 1.69410e+00 9.63937e-06
4.97246e+00 1.76846e+00 9.44953e-06
4.97246e+00 1.84353e+00 9.22189e-06
4.97246e+00 1.91924e+00 8.95447e-06
4.97246e+00 1.99553e+00 8.64608e-06
4.97246e+00 2.07230e+00 8.29657e-06
4.97246e+00 2.14949e+00 7.90693e-06
4.97246e+00 2.22703e+00 7.47949e-06
4.97246e+00 2.30483e+00 7.01797e-06
4.97246e+00 2.38282e+00 6.52746e-06
4.97246e+00 2.46093e+00 6.01434e-06
4.97246e+00 2.53907e+00 5.48610e-06
4.97246e+00 2.61718e+00 4.95107e-06
4.97246e+00 2.69517e+00 4.41804e-06
4.97246e+00 2.77297e+00 3.89588e-06
4.97246e+00 2.85051e+00 3.39305e-06
4.97246e+00 2.92770e+00 2.91720e-06
4.97246e+00 3.00447e+00 2.47480e-06
4.97246e+00 3.08076e+00 2.07082e-06
4.97246e+00 3.15647e+00 1.70857e-06
4.97246e+00 3.23154e+00 1.38964e-06
4.97246e+00 3.30590e+00 1.11397e-06
4.97246e+00 3.37947e+00 8.80071e-07
4.97246e+00 3.45218e+00 6.85226e-07
4.97246e+00 3.52396e+00 5.25859e-07
4.97246e+00 3.59474e+00 3.97846e-07
4.97246e+00 3.66445e+00 2.96830e-07
4.97246e+00 3.73303e+00 2.18490e-07
4.97246e+00 3.80040e+00 1.58751e-07
4.97246e+00 3.86649e+00 1.13932e-07
4.97246e+00 3.93125e+00 8.08256e-08
4.97246e+00 3.99462e+00 5.67287e-08
4.97246e+00 4.05652e+00 3.94304e-08
4.97246e+00 4.11690e+00 2.71711e-08
4.97246e+00 4.17571e+00 1.85843e-08
4.97246e+00 4.23287e+00 1.26329e-08
4.97246e+00 4.28835e+00 8.54633e-09
4.97246e+00 4.34207e+00 5.76241e-09
4.97246e+00 4.39400e+00 3.87833e-09
4.97246e+00 4.44407e+00 2.60973e-09
4.97246e+00 4.49224e+00 1.75863e-09
4.97246e+00 4.53847e+00 1.18884e-09
4.97246e+00 4.58271e+00 8.07601e-10
4.97246e+00 4.62491e+00 5.52277e-10
4.97246e+00 4.66504e+00 3.80868e-10
4.97246e+00 4.70305e+00 2.65348e-10
4.97246e+00 4.73890e+00 1.87088e-10
4.97246e+00 4.77257e+00 1.33724e-10
4.97246e+00 4.80402e+00 9.70612e-11
4.97246e+00 4.83322e+00 7.16570e-11
4.97246e+00 4.86014e+00 5.38928e-11
4.97246e+00 4.88475e+00 4.13531e-11
4.97246e+00 4.90703e+00 3.24189e-11
4.97246e+00 4.92696e+00 2.59995e-11
4.97246e+00 4.94452e+00 2.13561e-11
4.97246e+00 4.95969e+00 1.79860e-11
4.97246e+00 4.97246e+00 1.55457e-11
4.97246e+00 4.98281e+00 1.38004e-11
4.97246e+00 4.99074e+00 1.25912e-11
4.97246e+00 4.99623e+00 1.18128e-11
4.97246e+00 4.99928e+00 1.13998e-11
4.98281e+00 7.15683e-04 8.68011e-06
4.98281e+00 3.77012e-03 8.68011e-06
4.98281e+00 9.26216e-03 8.68015e-06
4.98281e+00 1.71877e-02 8.68027e-06
4.98281e+00 2.75390e-02 8.68052e-06
4.98281e+00 4.03061e-02 8.68099e-06
4.98281e+00 5.54766e-02 8.68179e-06
4.98281e+00 7.30356e-02 8.68302e-06
4.98281e+00 9.29659e-02 8.68482e-06
4.98281e+00 1.15248e-01 8.68734e-06
4.98281e+00 1.39860e-01 8.69074e-06
4.98281e+00 1.66779e-01 8.69519e-06
4.98281e+00 1.95977e-01 8.70086e-06
4.98281e+00 2.27426e-01 8.70793e-06
4.98281e+00 2.61096e-01 8.71658e-06
4.98281e+00 2.96953e-01 8.72696e-06
4.98281e+00 3.34963e-01 8.73923e-06
4.98281e+00 3.75089e-01 8.75351e-06
4.98281e+00 4.17290e-01 8.76988e-06
4.98281e+00 4.61527e-01 8.78838e-06
4.98281e+00 5.07755e-01 8.80900e-06
4.98281e+00 5.55930e-01 8.83164e-06
4.98281e+00 6.06005e-01 8.85613e-06
4.98281e+00 6.57930e-01 8.88217e-06
4.98281e+00 7.11655e-01 8.90936e-06
4.98281e+00 7.67127e-01 8.93714e-06
4.98281e+00 8.24292e-01 8.96479e-06
4.98281e+00 8.83095e-01 8.99140e-06
4.98281e+00 9.43478e-01 9.01588e-06
4.98281e+00 1.00538e+00 9.03688e-06
4.98281e+00 1.06875e+00 9.05284e-06
4.98281e+00 1.13351e+00 9.06193e-06
4.98281e+00 1.19960e+00 9.06206e-06
4.98281e+00 1.26697e+00 9.05090e-06
4.98281e+00 1.33555e+00 9.02588e-06
4.98281e+00 1.40526e+00 8.98422e-06
4.98281e+00 1.47604e+00 8.92296e-06
4.98281e+00 1.54782e+00 8.83906e-06
4.98281e+00 1.62053e+00 8.72947e-06
4.98281e+00 1.69410e+00 8.59123e-06
4.98281e+00 1.76846e+00 8.42162e-06
4.98281e+00 1.84353e+00 8.21832e-06
4.98281e+00 1.91924e+00 7.97954e-06
4.98281e+00 1.99553e+00 7.70427e-06
4.98281e+00 2.07230e+00 7.39234e-06
4.98281e+00 2.14949e+00 7.04468e-06
4.98281e+00 2.22703e+00 6.66337e-06
4.98281e+00 2.30483e+00 6.25173e-06
4.98281e+00 2.38282e+00 5.81430e-06
4.98281e+00 2.46093e+00 5.35678e-06
4.98281e+00 2.53907e+00 4.88587e-06
4.98281e+00 2.61718e+00 4.40897e-06
4.98281e+00 2.69517e+00 3.93394e-06
4.98281e+00 2.77297e+00 3.46866e-06
4.98281e+00 2.85051e+00 3.02067e-06
4.98281e+00 2.92770e+00 2.59679e-06
4.98281e+00 3.00447e+00 2.20276e-06
4.98281e+00 3.08076e+00 1.84300e-06
4.98281e+00 3.15647e+00 1.52044e-06
4.98281e+00 3.23154e+00 1.23650e-06
4.98281e+00 3.30590e+00 9.91110e-07
4.98281e+00 3.37947e+00 7.82925e-07
4.98281e+00 3.45218e+00 6.09526e-07
4.98281e+00 3.52396e+00 4.67718e-07
4.98281e+00 3.59474e+00 3.53823e-07
4.98281e+00 3.66445e+00 2.63958e-07
4.98281e+00 3.73303e+00 1.94275e-07
4.98281e+00 3.80040e+00 1.41144e-07
4.98281e+00 3.86649e+00 1.01286e-07
4.98281e+00 3.93125e+00 7.18480e-08
4.98281e+00 3.99462e+00 5.04231e-08
4.98281e+00 4.05652e+00 3.50447e-08
4.98281e+00 4.11690e+00 2.41469e-08
4.98281e+00 4.17571e+00 1.65145e-08
4.98281e+00 4.23287e+00 1.12251e-08
4.98281e+00 4.28835e+00 7.59335e-09
4.98281e+00 4.34207e+00 5.11949e-09
4.98281e+00 4.39400e+00 3.44538e-09
4.98281e+00 4.44407e+00 2.31825e-09
4.98281e+00 4.49224e+00 1.56212e-09
4.98281e+00 4.53847e+00 1.05593e-09
4.98281e+00 4.58271e+00 7.17273e-10
4.98281e+00 4.62491e+00 4.90481e-10
4.98281e+00 4.66504e+00 3.38234e-10
4.98281e+00 4.70305e+00 2.35634e-10
4.98281e+00 4.73890e+00 1.66130e-10
4.98281e+00 4.77257e+00 1.18740e-10
4.98281e+00 4.80402e+00 8.61816e-11
4.98281e+00 4.83322e+00 6.36227e-11
4.98281e+00 4.86014e+00 4.78487e-11
4.98281e+00 4.88475e+00 3.67143e-11
4.98281e+00 4.90703e+00 2.87815e-11
4.98281e+00 4.92696e+00 2.30818e-11
4.98281e+00 4.94452e+00 1.89592e-11
4.98281e+00 4.95969e+00 1.59670e-11
4.98281e+00 4.97246e+00 1.38004e-11
4.98281e+00 4.98281e+00 1.22509e-11
4.98281e+00 4.99074e+00 1.11774e-11
4.98281e+00 4.99623e+00 1.04863e-11
4.98281e+00 4.99928e+00 1.01197e-11
4.99074e+00 7.15683e-04 7.94593e-06
4.99074e+00 3.77012e-03 7.94594e-06
4.99074e+00 9.26216e-03 7.94597e-06
4.99074e+00 1.71877e-02 7.94608e-06
4.99074e+00 2.75390e-02 7.94631e-06
4.99074e+00 4.03061e-02 7.94674e-06
4.99074e+00 5.54766e-02 7.94747e-06
4.99074e+00 7.30356e-02 7.94860e-06
4.99074e+00 9.29659e-02 7.95024e-06
4.99074e+00 1.15248e-01 7.95255e-06
4.99074e+00 1.39860e-01 7.95566e-06
4.99074e+00 1.66779e-01 7.95973e-06
4.99074e+00 1.95977e-01 7.96491e-06
4.99074e+00 2.27426e-01 7.97138e-06
4.99074e+00 2.61096e-01 7.97929e-06
4.99074e+00 2.96953e-01 7.98878e-06
4.99074e+00 3.34963e-01 8.00000e-06
4.99074e+00 3.75089e-01 8.01306e-06
4.99074e+00 4.17290e-01 8.02803e-06
4.99074e+00 4.61527e-01 8.04495e-06
4.99074e+00 5.07755e-01 8.06380e-06
4.99074e+00 5.55930e-01 8.08450e-06
4.99074e+00 6.06005e-01 8.10688e-06
4.99074e+00 6.57930e-01 8.13068e-06
4.99074e+00 7.11655e-01 8.15552e-06
4.99074e+00 7.67127e-01 8.18090e-06
4.99074e+00 8.24292e-01 8.20615e-06
4.99074e+00 8.83095e-01 8.23045e-06
4.99074e+00 9.43478e-01 8.25277e-06
4.99074e+00 1.00538e+00 8.27191e-06
4.99074e+00 1.06875e+00 8.28641e-06
4.99074e+00 1.13351e+00 8.29461e-06
4.99074e+00 1.19960e+00 8.29459e-06
4.99074e+00 1.26697e+00 8.28423e-06
4.99074e+00 1.33555e+00 8.26116e-06
4.99074e+00 1.40526e+00 8.22284e-06
4.99074e+00 1.47604e+00 8.16657e-06
4.99074e+00 1.54782e+00 8.08956e-06
4.99074e+00 1.62053e+00 7.98901e-06
4.99074e+00 1.69410e+00 7.86223e-06
4.99074e+00 1.76846e+00 7.70673e-06
4.99074e+00 1.84353e+00 7.52038e-06
4.99074e+00 1.91924e+00 7.30157e-06
4.99074e+00 1.99553e+00 7.04936e-06
4.99074e+00 2.07230e+00 6.76361e-06
4.99074e+00 2.14949e+00 6.44518e-06
4.99074e+00 2.22703e+00 6.09598e-06
4.99074e+00 2.30483e+00 5.71905e-06
4.99074e+00 2.38282e+00 5.31856e-06
4.99074e+00 2.46093e+00 4.89974e-06
4.99074e+00 2.53907e+00 4.46870e-06
4.99074e+00 2.61718e+00 4.03225e-06
4.99074e+00 2.69517e+00 3.59755e-06
4.99074e+00 2.77297e+00 3.17182e-06
4.99074e+00 2.85051e+00 2.76197e-06
4.99074e+00 2.92770e+00 2.37421e-06
4.99074e+00 3.00447e+00 2.01379e-06
4.99074e+00 3.08076e+00 1.68476e-06
4.99074e+00 3.15647e+00 1.38979e-06
4.99074e+00 3.23154e+00 1.13016e-06
4.99074e+00 3.30590e+00 9.05802e-07
4.99074e+00 3.37947e+00 7.15480e-07
4.99074e+00 3.45218e+00 5.56975e-07
4.99074e+00 3.52396e+00 4.27360e-07
4.99074e+00 3.59474e+00 3.23268e-07
4.99074e+00 3.66445e+00 2.41146e-07
4.99074e+00 3.73303e+00 1.77472e-07
4.99074e+00 3.80040e+00 1.28927e-07
4.99074e+00 3.86649e+00 9.25126e-08
4.99074e+00 3.93125e+00 6.56198e-08
4.99074e+00 3.99462e+00 4.60491e-08
4.99074e+00 4.05652e+00 3.20025e-08
4.99074e+00 4.11690e+00 2.20494e-08
4.99074e+00 4.17571e+00 1.50791e-08
4.99074e+00 4.23287e+00 1.02488e-08
4.99074e+00 4.28835e+00 6.93253e-09
4.99074e+00 4.34207e+00 4.67371e-09
4.99074e+00 4.39400e+00 3.14521e-09
4.99074e+00 4.44407e+00 2.11617e-09
4.99074e+00 4.49224e+00 1.42588e-09
4.99074e+00 4.53847e+00 9.63800e-10
4.99074e+00 4.58271e+00 6.54661e-10
4.99074e+00 4.62491e+00 4.47647e-10
4.99074e+00 4.66504e+00 3.08684e-10
4.99074e+00 4.70305e+00 2.15041e-10
4.99074e+00 4.73890e+00 1.51606e-10
4.99074e+00 4.77257e+00 1.08355e-10
4.99074e+00 4.80402e+00 7.86422e-11
4.99074e+00 4.83322e+00 5.80553e-11
4.99074e+00 4.86014e+00 4.36605e-11
4.99074e+00 4.88475e+00 3.34999e-11
4.99074e+00 4.90703e+00 2.62611e-11
4.99074e+00 4.92696e+00 2.10602e-11
4.99074e+00 4.94452e+00 1.72983e-11
4.99074e+00 4.95969e+00 1.45681e-11
4.99074e+00 4.97246e+00 1.25912e-11
4.99074e+00 4.98281e+00 1.11774e-11
4.99074e+00 4.99074e+00 1.01978e-11
4.99074e+00 4.99623e+00 9.56730e-12
4.99074e+00 4.99928e+00 9.23278e-12
4.99623e+00 7.15683e-04 7.47189e-06
4.99623e+00 3.77012e-03 7.47190e-06
4.99623e+00 9.26216e-03 7.47193e-06
4.99623e+00 1.71877e-02 7.47203e-06
4.99623e+00 2.75390e-02 7.47225e-06
4.99623e+00 4.03061e-02 7.47266e-06
4.99623e+00 5.54766e-02 7.47334e-06
4.99623e+00 7.30356e-02 7.47440e-06
4.99623e+00 9.29659e-02 7.47595e-06
4.99623e+00 1.15248e-01 7.47812e-06
4.99623e+00 1.39860e-01 7.48104e-06
4.99623e+00 1.66779e-01 7.48486e-06
4.99623e+00 1.95977e-01 7.48973e-06
4.99623e+00 2.27426e-01 7.49581e-06
4.99623e+00 2.61096e-01 7.50324e-06
4.99623e+00 2.96953e-01 7.51217e-06
4.99623e+00 3.34963e-01 7.52271e-06
4.99623e+00 3.75089e-01 7.53498e-06
4.99623e+00 4.17290e-01 7.54904e-06
4.99623e+00 4.61527e-01 7.56494e-06
4.99623e+00 5.07755e-01 7.58265e-06
4.99623e+00 5.55930e-01 7.60210e-06
4.99623e+00 6.06005e-01 7.62312e-06
4.99623e+00 6.57930e-01 7.64548e-06
4.99623e+00 7.11655e-01 7.66881e-06
4.99623e+00 7.67127e-01 7.69264e-06
4.99623e+00 8.24292e-01 7.71634e-06
4.99623e+00 8.83095e-01 7.73914e-06
4.99623e+00 9.43478e-01 7.76008e-06
4.99623e+00 1.00538e+00 7.77801e-06
4.99623e+00 1.06875e+00 7.79158e-06
4.99623e+00 1.13351e+00 7.79921e-06
4.99623e+00 1.19960e+00 7.79911e-06
4.99623e+00 1.26697e+00 7.78927e-06
4.99623e+00 1.33555e+00 7.76747e-06
4.99623e+00 1.40526e+00 7.73132e-06
4.99623e+00 1.47604e+00 7.67827e-06
4.99623e+00 1.54782e+00 7.60572e-06
4.99623e+00 1.62053e+00 7.51103e-06
4.99623e+00 1.69410e+00 7.39166e-06
4.99623e+00 1.76846e+00 7.24528e-06
4.99623e+00 1.84353e+00 7.06990e-06
4.99623e+00 1.91924e+00 6.86399e-06
4.99623e+00 1.99553e+00 6.62668e-06
4.99623e+00 2.07230e+00 6.35785e-06
4.99623e+00 2.14949e+00 6.05830e-06
4.99623e+00 2.22703e+00 5.72984e-06
4.99623e+00 2.30483e+00 5.37533e-06
4.99623e+00 2.38282e+00 4.99870e-06
4.99623e+00 2.46093e+00 4.60486e-06
4.99623e+00 2.53907e+00 4.19957e-06
4.99623e+00 2.61718e+00 3.78922e-06
4.99623e+00 2.69517e+00 3.38055e-06
4.99623e+00 2.77297e+00 2.98035e-06
4.99623e+00 2.85051e+00 2.59510e-06
4.99623e+00 2.92770e+00 2.23065e-06
4.99623e+00 3.00447e+00 1.89193e-06
4.99623e+00 3.08076e+00 1.58272e-06
4.99623e+00 3.15647e+00 1.30555e-06
4.99623e+00 3.23154e+00 1.06159e-06
4.99623e+00 3.30590e+00 8.50803e-07
4.99623e+00 3.37947e+00 6.72001e-07
4.99623e+00 3.45218e+00 5.23100e-07
4.99623e+00 3.52396e+00 4.01346e-07
4.99623e+00 3.59474e+00 3.03575e-07
4.99623e+00 3.66445e+00 2.26444e-07
4.99623e+00 3.73303e+00 1.66643e-07
4.99623e+00 3.80040e+00 1.21054e-07
4.99623e+00 3.86649e+00 8.68593e-08
4.99623e+00 3.93125e+00 6.16069e-08
4.99623e+00 3.99462e+00 4.32310e-08
4.99623e+00 4.05652e+00 3.00427e-08
4.99623e+00 4.11690e+00 2.06982e-08
4.99623e+00 4.17571e+00 1.41544e-08
4.99623e+00 4.23287e+00 9.61997e-09
4.99623e+00 4.28835e+00 6.50691e-09
4.99623e+00 4.34207e+00 4.38661e-09
4.99623e+00 4.39400e+00 2.95190e-09
4.99623e+00 4.44407e+00 1.98603e-09
4.99623e+00 4.49224e+00 1.33815e-09
4.99623e+00 4.53847e+00 9.04472e-10
4.99623e+00 4.58271e+00 6.14344e-10
4.99623e+00 4.62491e+00 4.20067e-10
4.99623e+00 4.66504e+00 2.89658e-10
4.99623e+00 4.70305e+00 2.01781e-10
4.99623e+00 4.73890e+00 1.42255e-10
4.99623e+00 4.77257e+00 1.01670e-10
4.99623e+00 4.80402e+00 7.37884e-11
4.99623e+00 4.83322e+00 5.44711e-11
4.99623e+00 4.86014e+00 4.09643e-11
4.99623e+00 4.88475e+00 3.14307e-11
4.99623e+00 4.90703e+00 2.46387e-11
4.99623e+00 4.92696e+00 1.97588e-11
4.99623e+00 4.94452e+00 1.62293e-11
4.99623e+00 4.95969e+00 1.36677e-11
4.99623e+00 4.97246e+00 1.18128e-11
4.99623e+00 4.98281e+00 1.04863e-11
4.99623e+00 4.99074e+00 9.56730e-12
4.99623e+00 4.99623e+00 8.97573e-12
4.99623e+00 4.99928e+00 8.66187e-12
4.99928e+00 7.15683e-04 7.21991e-06
4.99928e+00 3.77012e-03 7.21991e-06
4.99928e+00 9.26216e-03 7.21995e-06
4.99928e+00 1.71877e-02 7.22004e-06
4.99928e+00 2.75390e-02 7.22025e-06
4.99928e+00 4.03061e-02 7.22064e-06
4.99928e+00 5.54766e-02 7.22130e-06
4.99928e+00 7.30356e-02 7.22233e-06
4.99928e+00 9.29659e-02 7.22382e-06
4.99928e+00 1.15248e-01 7.22592e-06
4.99928e+00 1.39860e-01 7.22874e-06
4.99928e+00 1.66779e-01 7.23243e-06
4.99928e+00 1.95977e-01 7.23714e-06
4.99928e+00 2.27426e-01 7.24301e-06
4.99928e+00 2.61096e-01 7.25019e-06
4.99928e+00 2.96953e-01 7.25881e-06
4.99928e+00 3.34963e-01 7.26899e-06
4.99928e+00 3.75089e-01 7.28084e-06
4.99928e+00 4.17290e-01 7.29442e-06
4.99928e+00 4.61527e-01 7.30978e-06
4.99928e+00 5.07755e-01 7.32688e-06
4.99928e+00 5.55930e-01 7.34566e-06
4.99928e+00 6.06005e-01 7.36597e-06
4.99928e+00 6.57930e-01 7.38755e-06
4.99928e+00 7.11655e-01 7.41008e-06
4.99928e+00 7.67127e-01 7.43309e-06
4.99928e+00 8.24292e-01 7.45597e-06
4.99928e+00 8.83095e-01 7.47798e-06
4.99928e+00 9.43478e-01 7.49818e-06
4.99928e+00 1.00538e+00 7.51548e-06
4.99928e+00 1.06875e+00 7.52855e-06
4.99928e+00 1.13351e+00 7.53588e-06
4.99928e+00 1.19960e+00 7.53574e-06
4.99928e+00 1.26697e+00 7.52618e-06
4.99928e+00 1.33555e+00 7.50506e-06
4.99928e+00 1.40526e+00 7.47006e-06
4.99928e+00 1.47604e+00 7.41874e-06
4.99928e+00 1.54782e+00 7.34855e-06
4.99928e+00 1.62053e+00 7.25698e-06
4.99928e+00 1.69410e+00 7.14155e-06
4.99928e+00 1.76846e+00 7.00003e-06
4.99928e+00 1.84353e+00 6.83048e-06
4.99928e+00 1.91924e+00 6.63143e-06
4.99928e+00 1.99553e+00 6.40205e-06
4.99928e+00 2.07230e+00 6.14221e-06
4.99928e+00 2.14949e+00 5.85270e-06
4.99928e+00 2.22703e+00 5.53527e-06
4.99928e+00 2.30483e+00 5.19268e-06
4.99928e+00 2.38282e+00 4.82874e-06
4.99928e+00 2.46093e+00 4.44818e-06
4.99928e+00 2.53907e+00 4.05657e-06
4.99928e+00 2.61718e+00 3.66009e-06
4.99928e+00 2.69517e+00 3.26526e-06
4.99928e+00 2.77297e+00 2.87863e-06
4.99928e+00 2.85051e+00 2.50646e-06
4.99928e+00 2.92770e+00 2.15439e-06
4.99928e+00 3.00447e+00 1.82720e-06
4.99928e+00 3.08076e+00 1.52853e-06
4.99928e+00 3.15647e+00 1.26080e-06
4.99928e+00 3.23154e+00 1.02518e-06
4.99928e+00 3.30590e+00 8.21595e-07
4.99928e+00 3.37947e+00 6.48912e-07
4.99928e+00 3.45218e+00 5.05111e-07
4.99928e+00 3.52396e+00 3.87533e-07
4.99928e+00 3.59474e+00 2.93118e-07
4.99928e+00 3.66445e+00 2.18637e-07
4.99928e+00 3.73303e+00 1.60894e-07
4.99928e+00 3.80040e+00 1.16874e-07
4.99928e+00 3.86649e+00 8.38580e-08
4.99928e+00 3.93125e+00 5.94766e-08
4.99928e+00 3.99462e+00 4.17350e-08
4.99928e+00 4.05652e+00 2.90024e-08
4.99928e+00 4.11690e+00 1.99810e-08
4.99928e+00 4.17571e+00 1.36636e-08
4.99928e+00 4.23287e+00 9.28620e-09
4.99928e+00 4.28835e+00 6.28101e-09
4.99928e+00 4.34207e+00 4.23423e-09
4.99928e+00 4.39400e+00 2.84930e-09
4.99928e+00 4.44407e+00 1.91697e-09
4.99928e+00 4.49224e+00 1.29159e-09
4.99928e+00 4.53847e+00 8.72988e-10
4.99928e+00 4.58271e+00 5.92950e-10
4.99928e+00 4.62491e+00 4.05432e-10
4.99928e+00 4.66504e+00 2.79563e-10
4.99928e+00 4.70305e+00 1.94746e-10
4.99928e+00 4.73890e+00 1.37293e-10
4.99928e+00 4.77257e+00 9.81222e-11
4.99928e+00 4.80402e+00 7.12130e-11
4.99928e+00 4.83322e+00 5.25694e-11
4.99928e+00 4.86014e+00 3.95338e-11
4.99928e+00 4.88475e+00 3.03328e-11
4.99928e+00 4.90703e+00 2.37779e-11
4.99928e+00 4.92696e+00 1.90684e-11
4.99928e+00 4.94452e+00 1.56621e-11
4.99928e+00 4.95969e+00 1.31899e-11
4.99928e+00 4.97246e+00 1.13998e-11
4.99928e+00 4.98281e+00 1.01197e-11
4.99928e+00 4.99074e+00 9.23278e-12
4.99928e+00 4.99623e+00 8.66187e-12
4.99928e+00 4.99928e+00 8.35899e-12
