1.83659e-03 7.15683e-04
4.27348e-03 3.77012e-03
6.70981e-03 9.26216e-03
9.13990e-03 1.71877e-02
1.15611e-02 2.75390e-02
1.39711e-02 4.03061e-02
1.63674e-02 5.54766e-02
1.87477e-02 7.30356e-02
2.11097e-02 9.29659e-02
2.34510e-02 1.15248e-01
2.57695e-02 1.39860e-01
2.80628e-02 1.66779e-01
3.03286e-02 1.95977e-01
3.25649e-02 2.27426e-01
3.47693e-02 2.61096e-01
3.69397e-02 2.96953e-01
3.90741e-02 3.34963e-01
4.11702e-02 3.75089e-01
4.32262e-02 4.17290e-01
4.52399e-02 4.61527e-01
4.72093e-02 5.07755e-01
4.91327e-02 5.55930e-01
5.10081e-02 6.06005e-01
5.28336e-02 6.57930e-01
5.46075e-02 7.11655e-01
5.63281e-02 7.67127e-01
5.79936e-02 8.24292e-01
5.96024e-02 8.83095e-01
6.11530e-02 9.43478e-01
6.26439e-02 1.00538e+00
6.40735e-02 1.06875e+00
6.54405e-02 1.13351e+00
6.67436e-02 1.19960e+00
6.79815e-02 1.26697e+00
6.91530e-02 1.33555e+00
7.02569e-02 1.40526e+00
7.12921e-02 1.47604e+00
7.22577e-02 1.54782e+00
7.31527e-02 1.62053e+00
7.39762e-02 1.69410e+00
7.47274e-02 1.76846e+00
7.54057e-02 1.84353e+00
7.60102e-02 1.91924e+00
7.65405e-02 1.99553e+00
7.69959e-02 2.07230e+00
7.73762e-02 2.14949e+00
7.76808e-02 2.22703e+00
7.79096e-02 2.30483e+00
7.80622e-02 2.38282e+00
7.81386e-02 2.46093e+00
7.81386e-02 2.53907e+00
7.80622e-02 2.61718e+00
7.79096e-02 2.69517e+00
7.76808e-02 2.77297e+00
7.73762e-02 2.85051e+00
7.69959e-02 2.92770e+00
7.65405e-02 3.00447e+00
7.60102e-02 3.08076e+00
7.54057e-02 3.15647e+00
7.47274e-02 3.23154e+00
7.39762e-02 3.30590e+00
7.31527e-02 3.37947e+00
7.22577e-02 3.45218e+00
7.12921e-02 3.52396e+00
7.02569e-02 3.59474e+00
6.91530e-02 3.66445e+00
6.79815e-02 3.73303e+00
6.67436e-02 3.80040e+00
6.54405e-02 3.86649e+00
6.40735e-02 3.93125e+00
6.26439e-02 3.99462e+00
6.11530e-02 4.05652e+00
5.96024e-02 4.11690e+00
5.79936e-02 4.17571e+00
5.63281e-02 4.23287e+00
5.46075e-02 4.28835e+00
5.28336e-02 4.34207e+00
5.10081e-02 4.39400e+00
4.91327e-02 4.44407e+00
4.72093e-02 4.49224e+00
4.52399e-02 4.53847e+00
4.32262e-02 4.58271e+00
4.11702e-02 4.62491e+00
3.90741e-02 4.66504e+00
3.69397e-02 4.70305e+00
3.47693e-02 4.73890e+00
3.25649e-02 4.77257e+00
3.03286e-02 4.80402e+00
2.80628e-02 4.83322e+00
2.57695e-02 4.86014e+00
2.34510e-02 4.88475e+00
2.11097e-02 4.90703e+00
1.87477e-02 4.92696e+00
1.63674e-02 4.94452e+00
1.39711e-02 4.95969e+00
1.15611e-02 4.97246e+00
9.13990e-03 4.98281e+00
6.70981e-03 4.99074e+00
4.27348e-03 4.99623e+00
1.83659e-03 4.99928e+00
7.15683e-04 7.15683e-04 -1.17386e-06
7.15683e-04 3.77012e-03 -6.18347e-06
7.15683e-04 9.26216e-03 -1.51879e-05
7.15683e-04 1.71877e-02 -2.81669e-05
7.15683e-04 2.75390e-02 -4.50698e-05
7.15683e-04 4.03061e-02 -6.57986e-05
7.15683e-04 5.54766e-02 -9.01835e-05
7.15683e-04 7.30356e-02 -1.17956e-04
7.15683e-04 9.29659e-02 -1.48723e-04
7.15683e-04 1.15248e-01 -1.81943e-04
7.15683e-04 1.39860e-01 -2.16908e-04
7.15683e-04 1.66779e-01 -2.52750e-04
7.15683e-04 1.95977e-01 -2.88451e-04
7.15683e-04 2.27426e-01 -3.22890e-04
7.15683e-04 2.61096e-01 -3.54897e-04
7.15683e-04 2.96953e-01 -3.83336e-04
7.15683e-04 3.34963e-01 -4.07186e-04
7.15683e-04 3.75089e-01 -4.25621e-04
7.15683e-04 4.17290e-01 -4.38068e-04
7.15683e-04 4.61527e-01 -4.44246e-04
7.15683e-04 5.07755e-01 -4.44163e-04
7.15683e-04 5.55930e-01 -4.38092e-04
7.15683e-04 6.06005e-01 -4.26521e-04
7.15683e-04 6.57930e-01 -4.10093e-04
7.15683e-04 7.11655e-01 -3.89541e-04
7.15683e-04 7.67127e-01 -3.65633e-04
7.15683e-04 8.24292e-01 -3.39128e-04
7.15683e-04 8.83095e-01 -3.10743e-04
7.15683e-04 9.43478e-01 -2.81129e-04
7.15683e-04 1.00538e+00 -2.50870e-04
7.15683e-04 1.06875e+00 -2.20473e-04
7.15683e-04 1.13351e+00 -1.90373e-04
7.15683e-04 1.19960e+00 -1.60940e-04
7.15683e-04 1.26697e+00 -1.32484e-04
7.15683e-04 1.33555e+00 -1.05256e-04
7.15683e-04 1.40526e+00 -7.94572e-05
7.15683e-04 1.47604e+00 -5.52363e-05
7.15683e-04 1.54782e+00 -3.26919e-05
7.15683e-04 1.62053e+00 -1.18704e-05
7.15683e-04 1.69410e+00 7.23484e-06
7.15683e-04 1.76846e+00 2.46840e-05
7.15683e-04 1.84353e+00 4.05875e-05
7.15683e-04 1.91924e+00 5.50979e-05
7.15683e-04 1.99553e+00 6.83930e-05
7.15683e-04 2.07230e+00 8.06485e-05
7.15683e-04 2.14949e+00 9.19992e-05
7.15683e-04 2.22703e+00 1.02490e-04
7.15683e-04 2.30483e+00 1.12025e-04
7.15683e-04 2.38282e+00 1.20323e-04
7.15683e-04 2.46093e+00 1.26913e-04
7.15683e-04 2.53907e+00 1.31170e-04
7.15683e-04 2.61718e+00 1.32435e-04
7.15683e-04 2.69517e+00 1.30180e-04
7.15683e-04 2.77297e+00 1.24210e-04
7.15683e-04 2.85051e+00 1.14806e-04
7.15683e-04 2.92770e+00 1.02737e-04
7.15683e-04 3.00447e+00 8.91188e-05
7.15683e-04 3.08076e+00 7.51503e-05
7.15683e-04 3.15647e+00 6.18460e-05
7.15683e-04 3.23154e+00 4.98751e-05
7.15683e-04 3.30590e+00 3.95470e-05
7.15683e-04 3.37947e+00 3.09007e-05
7.15683e-04 3.45218e+00 2.38202e-05
7.15683e-04 3.52396e+00 1.81233e-05
7.15683e-04 3.59474e+00 1.36114e-05
7.15683e-04 3.66445e+00 1.00920e-05
7.15683e-04 3.73303e+00 7.38827e-06
7.15683e-04 3.80040e+00 5.34244e-06
7.15683e-04 3.86649e+00 3.81757e-06
7.15683e-04 3.93125e+00 2.69757e-06
7.15683e-04 3.99462e+00 1.88647e-06
7.15683e-04 4.05652e+00 1.30686e-06
7.15683e-04 4.11690e+00 8.97793e-07
7.15683e-04 4.17571e+00 6.12344e-07
7.15683e-04 4.23287e+00 4.15184e-07
7.15683e-04 4.28835e+00 2.80222e-07
7.15683e-04 4.34207e+00 1.88542e-07
7.15683e-04 4.39400e+00 1.26654e-07
7.15683e-04 4.44407e+00 8.50785e-08
7.15683e-04 4.49224e+00 5.72437e-08
7.15683e-04 4.53847e+00 3.86434e-08
7.15683e-04 4.58271e+00 2.62187e-08
7.15683e-04 4.62491e+00 1.79099e-08
7.15683e-04 4.66504e+00 1.23392e-08
7.15683e-04 4.70305e+00 8.58920e-09
7.15683e-04 4.73890e+00 6.05134e-09
7.15683e-04 4.77257e+00 4.32242e-09
7.15683e-04 4.80402e+00 3.13551e-09
7.15683e-04 4.83322e+00 2.31366e-09
7.15683e-04 4.86014e+00 1.73932e-09
7.15683e-04 4.88475e+00 1.33411e-09
7.15683e-04 4.90703e+00 1.04554e-09
7.15683e-04 4.92696e+00 8.38272e-10
7.15683e-04 4.94452e+00 6.88401e-10
7.15683e-04 4.95969e+00 5.79656e-10
7.15683e-04 4.97246e+00 5.00929e-10
7.15683e-04 4.98281e+00 4.44636e-10
7.15683e-04 4.99074e+00 4.05639e-10
7.15683e-04 4.99623e+00 3.80539e-10
7.15683e-04 4.99928e+00 3.67223e-10
3.77012e-03 7.15683e-04 -6.18347e-06
3.77012e-03 3.77012e-03 -3.25724e-05
3.77012e-03 9.26216e-03 -8.00049e-05
3.77012e-03 1.71877e-02 -1.48373e-04
3.77012e-03 2.75390e-02 -2.37412e-04
3.77012e-03 4.03061e-02 -3.46605e-04
3.77012e-03 5.54766e-02 -4.75056e-04
3.77012e-03 7.30356e-02 -6.21354e-04
3.77012e-03 9.29659e-02 -7.83425e-04
3.77012e-03 1.15248e-01 -9.58413e-04
3.77012e-03 1.39860e-01 -1.14260e-03
3.77012e-03 1.66779e-01 -1.33140e-03
3.77012e-03 1.95977e-01 -1.51947e-03
3.77012e-03 2.27426e-01 -1.70088e-03
3.77012e-03 2.61096e-01 -1.86949e-03
3.77012e-03 2.96953e-01 -2.01930e-03
3.77012e-03 3.34963e-01 -2.14494e-03
3.77012e-03 3.75089e-01 -2.24205e-03
3.77012e-03 4.17290e-01 -2.30763e-03
3.77012e-03 4.61527e-01 -2.34018e-03
3.77012e-03 5.07755e-01 -2.33974e-03
3.77012e-03 5.55930e-01 -2.30777e-03
3.77012e-03 6.06005e-01 -2.24682e-03
3.77012e-03 6.57930e-01 -2.16028e-03
3.77012e-03 7.11655e-01 -2.05202e-03
3.77012e-03 7.67127e-01 -1.92608e-03
3.77012e-03 8.24292e-01 -1.78646e-03
3.77012e-03 8.83095e-01 -1.63694e-03
3.77012e-03 9.43478e-01 -1.48094e-03
3.77012e-03 1.00538e+00 -1.32154e-03
3.77012e-03 1.06875e+00 -1.16141e-03
3.77012e-03 1.13351e+00 -1.00285e-03
3.77012e-03 1.19960e+00 -8.47806e-04
3.77012e-03 1.26697e+00 -6.97902e-04
3.77012e-03 1.33555e+00 -5.54471e-04
3.77012e-03 1.40526e+00 -4.18566e-04
3.77012e-03 1.47604e+00 -2.90974e-04
3.77012e-03 1.54782e+00 -1.72214e-04
3.77012e-03 1.62053e+00 -6.25295e-05
3.77012e-03 1.69410e+00 3.81141e-05
3.77012e-03 1.76846e+00 1.30033e-04
3.77012e-03 1.84353e+00 2.13811e-04
3.77012e-03 1.91924e+00 2.90250e-04
3.77012e-03 1.99553e+00 3.60286e-04
3.77012e-03 2.07230e+00 4.24847e-04
3.77012e-03 2.14949e+00 4.84640e-04
3.77012e-03 2.22703e+00 5.39905e-04
3.77012e-03 2.30483e+00 5.90131e-04
3.77012e-03 2.38282e+00 6.33846e-04
3.77012e-03 2.46093e+00 6.68560e-04
3.77012e-03 2.53907e+00 6.90989e-04
3.77012e-03 2.61718e+00 6.97649e-04
3.77012e-03 2.69517e+00 6.85770e-04
3.77012e-03 2.77297e+00 6.54323e-04
3.77012e-03 2.85051e+00 6.04782e-04
3.77012e-03 2.92770e+00 5.41204e-04
3.77012e-03 3.00447e+00 4.69466e-04
3.77012e-03 3.08076e+00 3.95882e-04
3.77012e-03 3.15647e+00 3.25797e-04
3.77012e-03 3.23154e+00 2.62735e-04
3.77012e-03 3.30590e+00 2.08329e-04
3.77012e-03 3.37947e+00 1.62781e-04
3.77012e-03 3.45218e+00 1.25482e-04
3.77012e-03 3.52396e+00 9.54711e-05
3.77012e-03 3.59474e+00 7.17029e-05
3.77012e-03 3.66445e+00 5.31634e-05
3.77012e-03 3.73303e+00 3.89204e-05
3.77012e-03 3.80040e+00 2.81433e-05
3.77012e-03 3.86649e+00 2.01105e-05
3.77012e-03 3.93125e+00 1.42104e-05
3.77012e-03 3.99462e+00 9.93768e-06
3.77012e-03 4.05652e+00 6.88439e-06
3.77012e-03 4.11690e+00 4.72945e-06
3.77012e-03 4.17571e+00 3.22575e-06
3.77012e-03 4.23287e+00 2.18713e-06
3.77012e-03 4.28835e+00 1.47617e-06
3.77012e-03 4.34207e+00 9.93214e-07
3.77012e-03 4.39400e+00 6.67194e-07
3.77012e-03 4.44407e+00 4.48182e-07
3.77012e-03 4.49224e+00 3.01552e-07
3.77012e-03 4.53847e+00 2.03568e-07
3.77012e-03 4.58271e+00 1.38116e-07
3.77012e-03 4.62491e+00 9.43469e-08
3.77012e-03 4.66504e+00 6.50011e-08
3.77012e-03 4.70305e+00 4.52468e-08
3.77012e-03 4.73890e+00 3.18776e-08
3.77012e-03 4.77257e+00 2.27699e-08
3.77012e-03 4.80402e+00 1.65174e-08
3.77012e-03 4.83322e+00 1.21881e-08
3.77012e-03 4.86014e+00 9.16251e-09
3.77012e-03 4.88475e+00 7.02791e-09
3.77012e-03 4.90703e+00 5.50775e-09
3.77012e-03 4.92696e+00 4.41591e-09
3.77012e-03 4.94452e+00 3.62641e-09
3.77012e-03 4.95969e+00 3.05355e-09
3.77012e-03 4.97246e+00 2.63883e-09
3.77012e-03 4.98281e+00 2.34228e-09
3.77012e-03 4.99074e+00 2.13685e-09
3.77012e-03 4.99623e+00 2.00463e-09
3.77012e-03 4.99928e+00 1.93448e-09
9.26216e-03 7.15683e-04 -1.51879e-05
9.26216e-03 3.77012e-03 -8.00049e-05
9.26216e-03 9.26216e-03 -1.96509e-04
9.26216e-03 1.71877e-02 -3.64437e-04
9.26216e-03 2.75390e-02 -5.83136e-04
9.26216e-03 4.03061e-02 -8.51337e-04
9.26216e-03 5.54766e-02 -1.16684e-03
9.26216e-03 7.30356e-02 -1.52618e-03
9.26216e-03 9.29659e-02 -1.92427e-03
9.26216e-03 1.15248e-01 -2.35409e-03
9.26216e-03 1.39860e-01 -2.80651e-03
9.26216e-03 1.66779e-01 -3.27027e-03
9.26216e-03 1.95977e-01 -3.73224e-03
9.26216e-03 2.27426e-01 -4.17787e-03
9.26216e-03 2.61096e-01 -4.59206e-03
9.26216e-03 2.96953e-01 -4.96010e-03
9.26216e-03 3.34963e-01 -5.26877e-03
9.26216e-03 3.75089e-01 -5.50737e-03
9.26216e-03 4.17290e-01 -5.66851e-03
9.26216e-03 4.61527e-01 -5.74852e-03
9.26216e-03 5.07755e-01 -5.74752e-03
9.26216e-03 5.55930e-01 -5.66903e-03
9.26216e-03 6.06005e-01 -5.51936e-03
9.26216e-03 6.57930e-01 -5.30683e-03
9.26216e-03 7.11655e-01 -5.04092e-03
9.26216e-03 7.67127e-01 -4.73157e-03
9.26216e-03 8.24292e-01 -4.38861e-03
9.26216e-03 8.83095e-01 -4.02130e-03
9.26216e-03 9.43478e-01 -3.63810e-03
9.26216e-03 1.00538e+00 -3.24653e-03
9.26216e-03 1.06875e+00 -2.85316e-03
9.26216e-03 1.13351e+00 -2.46364e-03
9.26216e-03 1.19960e+00 -2.08275e-03
9.26216e-03 1.26697e+00 -1.71449e-03
9.26216e-03 1.33555e+00 -1.36213e-03
9.26216e-03 1.40526e+00 -1.02826e-03
9.26216e-03 1.47604e+00 -7.14806e-04
9.26216e-03 1.54782e+00 -4.23050e-04
9.26216e-03 1.62053e+00 -1.53590e-04
9.26216e-03 1.69410e+00 9.36596e-05
9.26216e-03 1.76846e+00 3.19477e-04
9.26216e-03 1.84353e+00 5.25293e-04
9.26216e-03 1.91924e+00 7.13080e-04
9.26216e-03 1.99553e+00 8.85139e-04
9.26216e-03 2.07230e+00 1.04374e-03
9.26216e-03 2.14949e+00 1.19064e-03
9.26216e-03 2.22703e+00 1.32641e-03
9.26216e-03 2.30483e+00 1.44980e-03
9.26216e-03 2.38282e+00 1.55719e-03
9.26216e-03 2.46093e+00 1.64247e-03
9.26216e-03 2.53907e+00 1.69758e-03
9.26216e-03 2.61718e+00 1.71394e-03
9.26216e-03 2.69517e+00 1.68475e-03
9.26216e-03 2.77297e+00 1.60749e-03
9.26216e-03 2.85051e+00 1.48579e-03
9.26216e-03 2.92770e+00 1.32959e-03
9.26216e-03 3.00447e+00 1.15335e-03
9.26216e-03 3.08076e+00 9.72575e-04
9.26216e-03 3.15647e+00 8.00394e-04
9.26216e-03 3.23154e+00 6.45470e-04
9.26216e-03 3.30590e+00 5.11807e-04
9.26216e-03 3.37947e+00 3.99909e-04
9.26216e-03 3.45218e+00 3.08274e-04
9.26216e-03 3.52396e+00 2.34547e-04
9.26216e-03 3.59474e+00 1.76155e-04
9.26216e-03 3.66445e+00 1.30608e-04
9.26216e-03 3.73303e+00 9.56170e-05
9.26216e-03 3.80040e+00 6.91405e-05
9.26216e-03 3.86649e+00 4.94060e-05
9.26216e-03 3.93125e+00 3.49112e-05
9.26216e-03 3.99462e+00 2.44142e-05
9.26216e-03 4.05652e+00 1.69131e-05
9.26216e-03 4.11690e+00 1.16190e-05
9.26216e-03 4.17571e+00 7.92479e-06
9.26216e-03 4.23287e+00 5.37320e-06
9.26216e-03 4.28835e+00 3.62656e-06
9.26216e-03 4.34207e+00 2.44006e-06
9.26216e-03 4.39400e+00 1.63912e-06
9.26216e-03 4.44407e+00 1.10106e-06
9.26216e-03 4.49224e+00 7.40833e-07
9.26216e-03 4.53847e+00 5.00112e-07
9.26216e-03 4.58271e+00 3.39315e-07
9.26216e-03 4.62491e+00 2.31785e-07
9.26216e-03 4.66504e+00 1.59690e-07
9.26216e-03 4.70305e+00 1.11159e-07
9.26216e-03 4.73890e+00 7.83148e-08
9.26216e-03 4.77257e+00 5.59396e-08
9.26216e-03 4.80402e+00 4.05789e-08
9.26216e-03 4.83322e+00 2.99428e-08
9.26216e-03 4.86014e+00 2.25098e-08
9.26216e-03 4.88475e+00 1.72657e-08
9.26216e-03 4.90703e+00 1.35311e-08
9.26216e-03 4.92696e+00 1.08487e-08
9.26216e-03 4.94452e+00 8.90911e-09
9.26216e-03 4.95969e+00 7.50176e-09
9.26216e-03 4.97246e+00 6.48289e-09
9.26216e-03 4.98281e+00 5.75436e-09
9.26216e-03 4.99074e+00 5.24967e-09
9.26216e-03 4.99623e+00 4.92483e-09
9.26216e-03 4.99928e+00 4.75250e-09
1.71877e-02 7.15683e-04 -2.81669e-05
1.71877e-02 3.77012e-03 -1.48373e-04
1.71877e-02 9.26216e-03 -3.64437e-04
1.71877e-02 1.71877e-02 -6.75869e-04
1.71877e-02 2.75390e-02 -1.08146e-03
1.71877e-02 4.03061e-02 -1.57886e-03
1.71877e-02 5.54766e-02 -2.16399e-03
1.71877e-02 7.30356e-02 -2.83042e-03
1.71877e-02 9.29659e-02 -3.56873e-03
1.71877e-02 1.15248e-01 -4.36591e-03
1.71877e-02 1.39860e-01 -5.20503e-03
1.71877e-02 1.66779e-01 -6.06523e-03
1.71877e-02 1.95977e-01 -6.92214e-03
1.71877e-02 2.27426e-01 -7.74883e-03
1.71877e-02 2.61096e-01 -8.51726e-03
1.71877e-02 2.96953e-01 -9.20014e-03
1.71877e-02 3.34963e-01 -9.77297e-03
1.71877e-02 3.75089e-01 -1.02159e-02
1.71877e-02 4.17290e-01 -1.05151e-02
1.71877e-02 4.61527e-01 -1.06639e-02
1.71877e-02 5.07755e-01 -1.06624e-02
1.71877e-02 5.55930e-01 -1.05171e-02
1.71877e-02 6.06005e-01 -1.02397e-02
1.71877e-02 6.57930e-01 -9.84564e-03
1.71877e-02 7.11655e-01 -9.35251e-03
1.71877e-02 7.67127e-01 -8.77875e-03
1.71877e-02 8.24292e-01 -8.14258e-03
1.71877e-02 8.83095e-01 -7.46118e-03
1.71877e-02 9.43478e-01 -6.75025e-03
1.71877e-02 1.00538e+00 -6.02377e-03
1.71877e-02 1.06875e+00 -5.29394e-03
1.71877e-02 1.13351e+00 -4.57122e-03
1.71877e-02 1.19960e+00 -3.86450e-03
1.71877e-02 1.26697e+00 -3.18120e-03
1.71877e-02 1.33555e+00 -2.52739e-03
1.71877e-02 1.40526e+00 -1.90787e-03
1.71877e-02 1.47604e+00 -1.32625e-03
1.71877e-02 1.54782e+00 -7.84871e-04
1.71877e-02 1.62053e+00 -2.84864e-04
1.71877e-02 1.69410e+00 1.73932e-04
1.71877e-02 1.76846e+00 5.92961e-04
1.71877e-02 1.84353e+00 9.74876e-04
1.71877e-02 1.91924e+00 1.32334e-03
1.71877e-02 1.99553e+00 1.64261e-03
1.71877e-02 2.07230e+00 1.93693e-03
1.71877e-02 2.14949e+00 2.20951e-03
1.71877e-02 2.22703e+00 2.46145e-03
1.71877e-02 2.30483e+00 2.69041e-03
1.71877e-02 2.38282e+00 2.88970e-03
1.71877e-02 2.46093e+00 3.04795e-03
1.71877e-02 2.53907e+00 3.15019e-03
1.71877e-02 2.61718e+00 3.18055e-03
1.71877e-02 2.69517e+00 3.12638e-03
1.71877e-02 2.77297e+00 2.98302e-03
1.71877e-02 2.85051e+00 2.75716e-03
1.71877e-02 2.92770e+00 2.46731e-03
1.71877e-02 3.00447e+00 2.14026e-03
1.71877e-02 3.08076e+00 1.80480e-03
1.71877e-02 3.15647e+00 1.48528e-03
1.71877e-02 3.23154e+00 1.19779e-03
1.71877e-02 3.30590e+00 9.49755e-04
1.71877e-02 3.37947e+00 7.42107e-04
1.71877e-02 3.45218e+00 5.72062e-04
1.71877e-02 3.52396e+00 4.35246e-04
1.71877e-02 3.59474e+00 3.26889e-04
1.71877e-02 3.66445e+00 2.42369e-04
1.71877e-02 3.73303e+00 1.77436e-04
1.71877e-02 3.80040e+00 1.28303e-04
1.71877e-02 3.86649e+00 9.16823e-05
1.71877e-02 3.93125e+00 6.47845e-05
1.71877e-02 3.99462e+00 4.53053e-05
1.71877e-02 4.05652e+00 3.13855e-05
1.71877e-02 4.11690e+00 2.15613e-05
1.71877e-02 4.17571e+00 1.47060e-05
1.71877e-02 4.23287e+00 9.97102e-06
1.71877e-02 4.28835e+00 6.72978e-06
1.71877e-02 4.34207e+00 4.52800e-06
1.71877e-02 4.39400e+00 3.04170e-06
1.71877e-02 4.44407e+00 2.04324e-06
1.71877e-02 4.49224e+00 1.37476e-06
1.71877e-02 4.53847e+00 9.28056e-07
1.71877e-02 4.58271e+00 6.29665e-07
1.71877e-02 4.62491e+00 4.30122e-07
1.71877e-02 4.66504e+00 2.96336e-07
1.71877e-02 4.70305e+00 2.06278e-07
1.71877e-02 4.73890e+00 1.45328e-07
1.71877e-02 4.77257e+00 1.03807e-07
1.71877e-02 4.80402e+00 7.53021e-08
1.71877e-02 4.83322e+00 5.55647e-08
1.71877e-02 4.86014e+00 4.17714e-08
1.71877e-02 4.88475e+00 3.20398e-08
1.71877e-02 4.90703e+00 2.51095e-08
1.71877e-02 4.92696e+00 2.01319e-08
1.71877e-02 4.94452e+00 1.65326e-08
1.71877e-02 4.95969e+00 1.39210e-08
1.71877e-02 4.97246e+00 1.20303e-08
1.71877e-02 4.98281e+00 1.06783e-08
1.71877e-02 4.99074e+00 9.74179e-09
1.71877e-02 4.99623e+00 9.13899e-09
1.71877e-02 4.99928e+00 8.81920e-09
2.75390e-02 7.15683e-04 -4.50698e-05
2.75390e-02 3.77012e-03 -2.37412e-04
2.75390e-02 9.26216e-03 -5.83136e-04
2.75390e-02 1.71877e-02 -1.08146e-03
2.75390e-02 2.75390e-02 -1.73045e-03
2.75390e-02 4.03061e-02 -2.52635e-03
2.75390e-02 5.54766e-02 -3.46265e-03
2.75390e-02 7.30356e-02 -4.52907e-03
2.75390e-02 9.29659e-02 -5.71056e-03
2.75390e-02 1.15248e-01 -6.98631e-03
2.75390e-02 1.39860e-01 -8.32930e-03
2.75390e-02 1.66779e-01 -9.70616e-03
2.75390e-02 1.95977e-01 -1.10779e-02
2.75390e-02 2.27426e-01 -1.24015e-02
2.75390e-02 2.61096e-01 -1.36321e-02
2.75390e-02 2.96953e-01 -1.47260e-02
2.75390e-02 3.34963e-01 -1.56440e-02
2.75390e-02 3.75089e-01 -1.63541e-02
2.75390e-02 4.17290e-01 -1.68343e-02
2.75390e-02 4.61527e-01 -1.70737e-02
2.75390e-02 5.07755e-01 -1.70725e-02
2.75390e-02 5.55930e-01 -1.68409e-02
2.75390e-02 6.06005e-01 -1.63977e-02
2.75390e-02 6.57930e-01 -1.57676e-02
2.75390e-02 7.11655e-01 -1.49786e-02
2.75390e-02 7.67127e-01 -1.40603e-02
2.75390e-02 8.24292e-01 -1.30419e-02
2.75390e-02 8.83095e-01 -1.19508e-02
2.75390e-02 9.43478e-01 -1.08124e-02
2.75390e-02 1.00538e+00 -9.64896e-03
2.75390e-02 1.06875e+00 -8.48003e-03
2.75390e-02 1.13351e+00 -7.32243e-03
2.75390e-02 1.19960e+00 -6.19039e-03
2.75390e-02 1.26697e+00 -5.09583e-03
2.75390e-02 1.33555e+00 -4.04847e-03
2.75390e-02 1.40526e+00 -3.05602e-03
2.75390e-02 1.47604e+00 -2.12425e-03
2.75390e-02 1.54782e+00 -1.25694e-03
2.75390e-02 1.62053e+00 -4.55893e-04
2.75390e-02 1.69410e+00 2.79141e-04
2.75390e-02 1.76846e+00 9.50471e-04
2.75390e-02 1.84353e+00 1.56235e-03
2.75390e-02 1.91924e+00 2.12063e-03
2.75390e-02 1.99553e+00 2.63216e-03
2.75390e-02 2.07230e+00 3.10369e-03
2.75390e-02 2.14949e+00 3.54041e-03
2.75390e-02 2.22703e+00 3.94405e-03
2.75390e-02 2.30483e+00 4.31088e-03
2.75390e-02 2.38282e+00 4.63017e-03
2.75390e-02 2.46093e+00 4.88370e-03
2.75390e-02 2.53907e+00 5.04750e-03
2.75390e-02 2.61718e+00 5.09612e-03
2.75390e-02 2.69517e+00 5.00932e-03
2.75390e-02 2.77297e+00 4.77960e-03
2.75390e-02 2.85051e+00 4.41771e-03
2.75390e-02 2.92770e+00 3.95329e-03
2.75390e-02 3.00447e+00 3.42927e-03
2.75390e-02 3.08076e+00 2.89176e-03
2.75390e-02 3.15647e+00 2.37982e-03
2.75390e-02 3.23154e+00 1.91918e-03
2.75390e-02 3.30590e+00 1.52176e-03
2.75390e-02 3.37947e+00 1.18905e-03
2.75390e-02 3.45218e+00 9.16596e-04
2.75390e-02 3.52396e+00 6.97381e-04
2.75390e-02 3.59474e+00 5.23764e-04
2.75390e-02 3.66445e+00 3.88340e-04
2.75390e-02 3.73303e+00 2.84300e-04
2.75390e-02 3.80040e+00 2.05577e-04
2.75390e-02 3.86649e+00 1.46900e-04
2.75390e-02 3.93125e+00 1.03802e-04
2.75390e-02 3.99462e+00 7.25914e-05
2.75390e-02 4.05652e+00 5.02882e-05
2.75390e-02 4.11690e+00 3.45471e-05
2.75390e-02 4.17571e+00 2.35630e-05
2.75390e-02 4.23287e+00 1.59763e-05
2.75390e-02 4.28835e+00 1.07830e-05
2.75390e-02 4.34207e+00 7.25510e-06
2.75390e-02 4.39400e+00 4.87364e-06
2.75390e-02 4.44407e+00 3.27382e-06
2.75390e-02 4.49224e+00 2.20274e-06
2.75390e-02 4.53847e+00 1.48700e-06
2.75390e-02 4.58271e+00 1.00890e-06
2.75390e-02 4.62491e+00 6.89174e-07
2.75390e-02 4.66504e+00 4.74812e-07
2.75390e-02 4.70305e+00 3.30513e-07
2.75390e-02 4.73890e+00 2.32856e-07
2.75390e-02 4.77257e+00 1.66327e-07
2.75390e-02 4.80402e+00 1.20655e-07
2.75390e-02 4.83322e+00 8.90298e-08
2.75390e-02 4.86014e+00 6.69292e-08
2.75390e-02 4.88475e+00 5.13366e-08
2.75390e-02 4.90703e+00 4.02323e-08
2.75390e-02 4.92696e+00 3.22568e-08
2.75390e-02 4.94452e+00 2.64897e-08
2.75390e-02 4.95969e+00 2.23052e-08
2.75390e-02 4.97246e+00 1.92758e-08
2.75390e-02 4.98281e+00 1.71096e-08
2.75390e-02 4.99074e+00 1.56090e-08
2.75390e-02 4.99623e+00 1.46432e-08
2.75390e-02 4.99928e+00 1.41308e-08
4.03061e-02 7.15683e-04 -6.57986e-05
4.03061e-02 3.77012e-03 -3.46605e-04
4.03061e-02 9.26216e-03 -8.51337e-04
4.03061e-02 1.71877e-02 -1.57886e-03
4.03061e-02 2.75390e-02 -2.52635e-03
4.03061e-02 4.03061e-02 -3.68833e-03
4.03061e-02 5.54766e-02 -5.05534e-03
4.03061e-02 7.30356e-02 -6.61242e-03
4.03061e-02 9.29659e-02 -8.33761e-03
4.03061e-02 1.15248e-01 -1.02006e-02
4.03061e-02 1.39860e-01 -1.21621e-02
4.03061e-02 1.66779e-01 -1.41735e-02
4.03061e-02 1.95977e-01 -1.61779e-02
4.03061e-02 2.27426e-01 -1.81125e-02
4.03061e-02 2.61096e-01 -1.99118e-02
4.03061e-02 2.96953e-01 -2.15121e-02
4.03061e-02 3.34963e-01 -2.28560e-02
4.03061e-02 3.75089e-01 -2.38966e-02
4.03061e-02 4.17290e-01 -2.46016e-02
4.03061e-02 4.61527e-01 -2.49548e-02
4.03061e-02 5.07755e-01 -2.49562e-02
4.03061e-02 5.55930e-01 -2.46207e-02
4.03061e-02 6.06005e-01 -2.39755e-02
4.03061e-02 6.57930e-01 -2.30565e-02
4.03061e-02 7.11655e-01 -2.19048e-02
4.03061e-02 7.67127e-01 -2.05635e-02
4.03061e-02 8.24292e-01 -1.90754e-02
4.03061e-02 8.83095e-01 -1.74807e-02
4.03061e-02 9.43478e-01 -1.58163e-02
4.03061e-02 1.00538e+00 -1.41149e-02
4.03061e-02 1.06875e+00 -1.24053e-02
4.03061e-02 1.13351e+00 -1.07121e-02
4.03061e-02 1.19960e+00 -9.05612e-03
4.03061e-02 1.26697e+00 -7.45481e-03
4.03061e-02 1.33555e+00 -5.92247e-03
4.03061e-02 1.40526e+00 -4.47039e-03
4.03061e-02 1.47604e+00 -3.10703e-03
4.03061e-02 1.54782e+00 -1.83795e-03
4.03061e-02 1.62053e+00 -6.65789e-04
4.03061e-02 1.69410e+00 4.09803e-04
4.03061e-02 1.76846e+00 1.39219e-03
4.03061e-02 1.84353e+00 2.28760e-03
4.03061e-02 1.91924e+00 3.10459e-03
4.03061e-02 1.99553e+00 3.85316e-03
4.03061e-02 2.07230e+00 4.54321e-03
4.03061e-02 2.14949e+00 5.18232e-03
4.03061e-02 2.22703e+00 5.77301e-03
4.03061e-02 2.30483e+00 6.30985e-03
4.03061e-02 2.38282e+00 6.77708e-03
4.03061e-02 2.46093e+00 7.14809e-03
4.03061e-02 2.53907e+00 7.38777e-03
4.03061e-02 2.61718e+00 7.45888e-03
4.03061e-02 2.69517e+00 7.33180e-03
4.03061e-02 2.77297e+00 6.99554e-03
4.03061e-02 2.85051e+00 6.46585e-03
4.03061e-02 2.92770e+00 5.78611e-03
4.03061e-02 3.00447e+00 5.01914e-03
4.03061e-02 3.08076e+00 4.23243e-03
4.03061e-02 3.15647e+00 3.48314e-03
4.03061e-02 3.23154e+00 2.80895e-03
4.03061e-02 3.30590e+00 2.22728e-03
4.03061e-02 3.37947e+00 1.74032e-03
4.03061e-02 3.45218e+00 1.34155e-03
4.03061e-02 3.52396e+00 1.02070e-03
4.03061e-02 3.59474e+00 7.66594e-04
4.03061e-02 3.66445e+00 5.68384e-04
4.03061e-02 3.73303e+00 4.16109e-04
4.03061e-02 3.80040e+00 3.00888e-04
4.03061e-02 3.86649e+00 2.15007e-04
4.03061e-02 3.93125e+00 1.51928e-04
4.03061e-02 3.99462e+00 1.06247e-04
4.03061e-02 4.05652e+00 7.36033e-05
4.03061e-02 4.11690e+00 5.05642e-05
4.03061e-02 4.17571e+00 3.44876e-05
4.03061e-02 4.23287e+00 2.33834e-05
4.03061e-02 4.28835e+00 1.57823e-05
4.03061e-02 4.34207e+00 1.06188e-05
4.03061e-02 4.39400e+00 7.13322e-06
4.03061e-02 4.44407e+00 4.79168e-06
4.03061e-02 4.49224e+00 3.22401e-06
4.03061e-02 4.53847e+00 2.17642e-06
4.03061e-02 4.58271e+00 1.47665e-06
4.03061e-02 4.62491e+00 1.00870e-06
4.03061e-02 4.66504e+00 6.94951e-07
4.03061e-02 4.70305e+00 4.83750e-07
4.03061e-02 4.73890e+00 3.40816e-07
4.03061e-02 4.77257e+00 2.43442e-07
4.03061e-02 4.80402e+00 1.76594e-07
4.03061e-02 4.83322e+00 1.30307e-07
4.03061e-02 4.86014e+00 9.79598e-08
4.03061e-02 4.88475e+00 7.51379e-08
4.03061e-02 4.90703e+00 5.88854e-08
4.03061e-02 4.92696e+00 4.72121e-08
4.03061e-02 4.94452e+00 3.87712e-08
4.03061e-02 4.95969e+00 3.26466e-08
4.03061e-02 4.97246e+00 2.82127e-08
4.03061e-02 4.98281e+00 2.50422e-08
4.03061e-02 4.99074e+00 2.28459e-08
4.03061e-02 4.99623e+00 2.14322e-08
4.03061e-02 4.99928e+00 2.06823e-08
5.54766e-02 7.15683e-04 -9.01835e-05
5.54766e-02 3.77012e-03 -4.75056e-04
5.54766e-02 9.26216e-03 -1.16684e-03
5.54766e-02 1.71877e-02 -2.16399e-03
5.54766e-02 2.75390e-02 -3.46265e-03
5.54766e-02 4.03061e-02 -5.05534e-03
5.54766e-02 5.54766e-02 -6.92916e-03
5.54766e-02 7.30356e-02 -9.06367e-03
5.54766e-02 9.29659e-02 -1.14289e-02
5.54766e-02 1.15248e-01 -1.39836e-02
5.54766e-02 1.39860e-01 -1.66739e-02
5.54766e-02 1.66779e-01 -1.94335e-02
5.54766e-02 1.95977e-01 -2.21846e-02
5.54766e-02 2.27426e-01 -2.48413e-02
5.54766e-02 2.61096e-01 -2.73139e-02
5.54766e-02 2.96953e-01 -2.95148e-02
5.54766e-02 3.34963e-01 -3.13651e-02
5.54766e-02 3.75089e-01 -3.28004e-02
5.54766e-02 4.17290e-01 -3.37757e-02
5.54766e-02 4.61527e-01 -3.42681e-02
5.54766e-02 5.07755e-01 -3.42774e-02
5.54766e-02 5.55930e-01 -3.38236e-02
5.54766e-02 6.06005e-01 -3.29435e-02
5.54766e-02 6.57930e-01 -3.16862e-02
5.54766e-02 7.11655e-01 -3.01081e-02
5.54766e-02 7.67127e-01 -2.82684e-02
5.54766e-02 8.24292e-01 -2.62257e-02
5.54766e-02 8.83095e-01 -2.40356e-02
5.54766e-02 9.43478e-01 -2.17489e-02
5.54766e-02 1.00538e+00 -1.94106e-02
5.54766e-02 1.06875e+00 -1.70605e-02
5.54766e-02 1.13351e+00 -1.47324e-02
5.54766e-02 1.19960e+00 -1.24551e-02
5.54766e-02 1.26697e+00 -1.02527e-02
5.54766e-02 1.33555e+00 -8.14493e-03
5.54766e-02 1.40526e+00 -6.14741e-03
5.54766e-02 1.47604e+00 -4.27179e-03
5.54766e-02 1.54782e+00 -2.52577e-03
5.54766e-02 1.62053e+00 -9.13015e-04
5.54766e-02 1.69410e+00 5.66933e-04
5.54766e-02 1.76846e+00 1.91869e-03
5.54766e-02 1.84353e+00 3.15079e-03
5.54766e-02 1.91924e+00 4.27501e-03
5.54766e-02 1.99553e+00 5.30510e-03
5.54766e-02 2.07230e+00 6.25467e-03
5.54766e-02 2.14949e+00 7.13415e-03
5.54766e-02 2.22703e+00 7.94700e-03
5.54766e-02 2.30483e+00 8.68574e-03
5.54766e-02 2.38282e+00 9.32868e-03
5.54766e-02 2.46093e+00 9.83919e-03
5.54766e-02 2.53907e+00 1.01690e-02
5.54766e-02 2.61718e+00 1.02667e-02
5.54766e-02 2.69517e+00 1.00917e-02
5.54766e-02 2.77297e+00 9.62880e-03
5.54766e-02 2.85051e+00 8.89968e-03
5.54766e-02 2.92770e+00 7.96405e-03
5.54766e-02 3.00447e+00 6.90837e-03
5.54766e-02 3.08076e+00 5.82555e-03
5.54766e-02 3.15647e+00 4.79422e-03
5.54766e-02 3.23154e+00 3.86626e-03
5.54766e-02 3.30590e+00 3.06564e-03
5.54766e-02 3.37947e+00 2.39540e-03
5.54766e-02 3.45218e+00 1.84653e-03
5.54766e-02 3.52396e+00 1.40491e-03
5.54766e-02 3.59474e+00 1.05515e-03
5.54766e-02 3.66445e+00 7.82334e-04
5.54766e-02 3.73303e+00 5.72741e-04
5.54766e-02 3.80040e+00 4.14149e-04
5.54766e-02 3.86649e+00 2.95941e-04
5.54766e-02 3.93125e+00 2.09118e-04
5.54766e-02 3.99462e+00 1.46241e-04
5.54766e-02 4.05652e+00 1.01310e-04
5.54766e-02 4.11690e+00 6.95980e-05
5.54766e-02 4.17571e+00 4.74697e-05
5.54766e-02 4.23287e+00 3.21856e-05
5.54766e-02 4.28835e+00 2.17232e-05
5.54766e-02 4.34207e+00 1.46160e-05
5.54766e-02 4.39400e+00 9.81838e-06
5.54766e-02 4.44407e+00 6.59541e-06
5.54766e-02 4.49224e+00 4.43762e-06
5.54766e-02 4.53847e+00 2.99570e-06
5.54766e-02 4.58271e+00 2.03251e-06
5.54766e-02 4.62491e+00 1.38840e-06
5.54766e-02 4.66504e+00 9.56552e-07
5.54766e-02 4.70305e+00 6.65849e-07
5.54766e-02 4.73890e+00 4.69109e-07
5.54766e-02 4.77257e+00 3.35081e-07
5.54766e-02 4.80402e+00 2.43070e-07
5.54766e-02 4.83322e+00 1.79359e-07
5.54766e-02 4.86014e+00 1.34835e-07
5.54766e-02 4.88475e+00 1.03422e-07
5.54766e-02 4.90703e+00 8.10516e-08
5.54766e-02 4.92696e+00 6.49841e-08
5.54766e-02 4.94452e+00 5.33659e-08
5.54766e-02 4.95969e+00 4.49358e-08
5.54766e-02 4.97246e+00 3.88328e-08
5.54766e-02 4.98281e+00 3.44689e-08
5.54766e-02 4.99074e+00 3.14457e-08
5.54766e-02 4.99623e+00 2.95000e-08
5.54766e-02 4.99928e+00 2.84677e-08
7.30356e-02 7.15683e-04 -1.17956e-04
7.30356e-02 3.77012e-03 -6.21354e-04
7.30356e-02 9.26216e-03 -1.52618e-03
7.30356e-02 1.71877e-02 -2.83042e-03
7.30356e-02 2.75390e-02 -4.52907e-03
7.30356e-02 4.03061e-02 -6.61242e-03
7.30356e-02 5.54766e-02 -9.06367e-03
7.30356e-02 7.30356e-02 -1.18563e-02
7.30356e-02 9.29659e-02 -1.49514e-02
7.30356e-02 1.15248e-01 -1.82952e-02
7.30356e-02 1.39860e-01 -2.18179e-02
7.30356e-02 1.66779e-01 -2.54329e-02
7.30356e-02 1.95977e-01 -2.90391e-02
7.30356e-02 2.27426e-01 -3.25243e-02
7.30356e-02 2.61096e-01 -3.57713e-02
7.30356e-02 2.96953e-01 -3.86653e-02
7.30356e-02 3.34963e-01 -4.11025e-02
7.30356e-02 3.75089e-01 -4.29979e-02
7.30356e-02 4.17290e-01 -4.42917e-02
7.30356e-02 4.61527e-01 -4.49531e-02
7.30356e-02 5.07755e-01 -4.49803e-02
7.30356e-02 5.55930e-01 -4.43988e-02
7.30356e-02 6.06005e-01 -4.32563e-02
7.30356e-02 6.57930e-01 -4.16166e-02
7.30356e-02 7.11655e-01 -3.95533e-02
7.30356e-02 7.67127e-01 -3.71443e-02
7.30356e-02 8.24292e-01 -3.44666e-02
7.30356e-02 8.83095e-01 -3.15932e-02
7.30356e-02 9.43478e-01 -2.85910e-02
7.30356e-02 1.00538e+00 -2.55198e-02
7.30356e-02 1.06875e+00 -2.24318e-02
7.30356e-02 1.13351e+00 -1.93717e-02
7.30356e-02 1.19960e+00 -1.63776e-02
7.30356e-02 1.26697e+00 -1.34815e-02
7.30356e-02 1.33555e+00 -1.07093e-02
7.30356e-02 1.40526e+00 -8.08179e-03
7.30356e-02 1.47604e+00 -5.61432e-03
7.30356e-02 1.54782e+00 -3.31713e-03
7.30356e-02 1.62053e+00 -1.19512e-03
7.30356e-02 1.69410e+00 7.52276e-04
7.30356e-02 1.76846e+00 2.53109e-03
7.30356e-02 1.84353e+00 4.15250e-03
7.30356e-02 1.91924e+00 5.63200e-03
7.30356e-02 1.99553e+00 6.98767e-03
7.30356e-02 2.07230e+00 8.23738e-03
7.30356e-02 2.14949e+00 9.39486e-03
7.30356e-02 2.22703e+00 1.04646e-02
7.30356e-02 2.30483e+00 1.14369e-02
7.30356e-02 2.38282e+00 1.22830e-02
7.30356e-02 2.46093e+00 1.29548e-02
7.30356e-02 2.53907e+00 1.33887e-02
7.30356e-02 2.61718e+00 1.35172e-02
7.30356e-02 2.69517e+00 1.32865e-02
7.30356e-02 2.77297e+00 1.26770e-02
7.30356e-02 2.85051e+00 1.17169e-02
7.30356e-02 2.92770e+00 1.04851e-02
7.30356e-02 3.00447e+00 9.09521e-03
7.30356e-02 3.08076e+00 7.66961e-03
7.30356e-02 3.15647e+00 6.31182e-03
7.30356e-02 3.23154e+00 5.09012e-03
7.30356e-02 3.30590e+00 4.03608e-03
7.30356e-02 3.37947e+00 3.15367e-03
7.30356e-02 3.45218e+00 2.43106e-03
7.30356e-02 3.52396e+00 1.84965e-03
7.30356e-02 3.59474e+00 1.38918e-03
7.30356e-02 3.66445e+00 1.03000e-03
7.30356e-02 3.73303e+00 7.54053e-04
7.30356e-02 3.80040e+00 5.45257e-04
7.30356e-02 3.86649e+00 3.89628e-04
7.30356e-02 3.93125e+00 2.75320e-04
7.30356e-02 3.99462e+00 1.92538e-04
7.30356e-02 4.05652e+00 1.33382e-04
7.30356e-02 4.11690e+00 9.16313e-05
7.30356e-02 4.17571e+00 6.24977e-05
7.30356e-02 4.23287e+00 4.23750e-05
7.30356e-02 4.28835e+00 2.86004e-05
7.30356e-02 4.34207e+00 1.92432e-05
7.30356e-02 4.39400e+00 1.29267e-05
7.30356e-02 4.44407e+00 8.68342e-06
7.30356e-02 4.49224e+00 5.84251e-06
7.30356e-02 4.53847e+00 3.94409e-06
7.30356e-02 4.58271e+00 2.67598e-06
7.30356e-02 4.62491e+00 1.82795e-06
7.30356e-02 4.66504e+00 1.25938e-06
7.30356e-02 4.70305e+00 8.76647e-07
7.30356e-02 4.73890e+00 6.17623e-07
7.30356e-02 4.77257e+00 4.41163e-07
7.30356e-02 4.80402e+00 3.20022e-07
7.30356e-02 4.83322e+00 2.36141e-07
7.30356e-02 4.86014e+00 1.77522e-07
7.30356e-02 4.88475e+00 1.36164e-07
7.30356e-02 4.90703e+00 1.06711e-07
7.30356e-02 4.92696e+00 8.55571e-08
7.30356e-02 4.94452e+00 7.02608e-08
7.30356e-02 4.95969e+00 5.91618e-08
7.30356e-02 4.97246e+00 5.11266e-08
7.30356e-02 4.98281e+00 4.53812e-08
7.30356e-02 4.99074e+00 4.14010e-08
7.30356e-02 4.99623e+00 3.88392e-08
7.30356e-02 4.99928e+00 3.74801e-08
9.29659e-02 7.15683e-04 -1.48723e-04
9.29659e-02 3.77012e-03 -7.83425e-04
9.29659e-02 9.26216e-03 -1.92427e-03
9.29659e-02 1.71877e-02 -3.56873e-03
9.29659e-02 2.75390e-02 -5.71056e-03
9.29659e-02 4.03061e-02 -8.33761e-03
9.29659e-02 5.54766e-02 -1.14289e-02
9.29659e-02 7.30356e-02 -1.49514e-02
9.29659e-02 9.29659e-02 -1.88564e-02
9.29659e-02 1.15248e-01 -2.30768e-02
9.29659e-02 1.39860e-01 -2.75253e-02
9.29659e-02 1.66779e-01 -3.20935e-02
9.29659e-02 1.95977e-01 -3.66547e-02
9.29659e-02 2.27426e-01 -4.10679e-02
9.29659e-02 2.61096e-01 -4.51855e-02
9.29659e-02 2.96953e-01 -4.88623e-02
9.29659e-02 3.34963e-01 -5.19667e-02
9.29659e-02 3.75089e-01 -5.43899e-02
9.29659e-02 4.17290e-01 -5.60548e-02
9.29659e-02 4.61527e-01 -5.69203e-02
9.29659e-02 5.07755e-01 -5.69826e-02
9.29659e-02 5.55930e-01 -5.62720e-02
9.29659e-02 6.06005e-01 -5.48476e-02
9.29659e-02 6.57930e-01 -5.27892e-02
9.29659e-02 7.11655e-01 -5.01897e-02
9.29659e-02 7.67127e-01 -4.71474e-02
9.29659e-02 8.24292e-01 -4.37603e-02
9.29659e-02 8.83095e-01 -4.01212e-02
9.29659e-02 9.43478e-01 -3.63155e-02
9.29659e-02 1.00538e+00 -3.24195e-02
9.29659e-02 1.06875e+00 -2.84997e-02
9.29659e-02 1.13351e+00 -2.46137e-02
9.29659e-02 1.19960e+00 -2.08102e-02
9.29659e-02 1.26697e+00 -1.71300e-02
9.29659e-02 1.33555e+00 -1.36064e-02
9.29659e-02 1.40526e+00 -1.02660e-02
9.29659e-02 1.47604e+00 -7.12859e-03
9.29659e-02 1.54782e+00 -4.20728e-03
9.29659e-02 1.62053e+00 -1.50844e-03
9.29659e-02 1.69410e+00 9.68562e-04
9.29659e-02 1.76846e+00 3.23130e-03
9.29659e-02 1.84353e+00 5.29396e-03
9.29659e-02 1.91924e+00 7.17618e-03
9.29659e-02 1.99553e+00 8.90092e-03
9.29659e-02 2.07230e+00 1.04909e-02
9.29659e-02 2.14949e+00 1.19635e-02
9.29659e-02 2.22703e+00 1.33246e-02
9.29659e-02 2.30483e+00 1.45616e-02
9.29659e-02 2.38282e+00 1.56380e-02
9.29659e-02 2.46093e+00 1.64926e-02
9.29659e-02 2.53907e+00 1.70444e-02
9.29659e-02 2.61718e+00 1.72075e-02
9.29659e-02 2.69517e+00 1.69136e-02
9.29659e-02 2.77297e+00 1.61373e-02
9.29659e-02 2.85051e+00 1.49151e-02
9.29659e-02 2.92770e+00 1.33469e-02
9.29659e-02 3.00447e+00 1.15776e-02
9.29659e-02 3.08076e+00 9.76293e-03
9.29659e-02 3.15647e+00 8.03455e-03
9.29659e-02 3.23154e+00 6.47942e-03
9.29659e-02 3.30590e+00 5.13770e-03
9.29659e-02 3.37947e+00 4.01446e-03
9.29659e-02 3.45218e+00 3.09462e-03
9.29659e-02 3.52396e+00 2.35452e-03
9.29659e-02 3.59474e+00 1.76836e-03
9.29659e-02 3.66445e+00 1.31115e-03
9.29659e-02 3.73303e+00 9.59885e-04
9.29659e-02 3.80040e+00 6.94096e-04
9.29659e-02 3.86649e+00 4.95986e-04
9.29659e-02 3.93125e+00 3.50475e-04
9.29659e-02 3.99462e+00 2.45096e-04
9.29659e-02 4.05652e+00 1.69793e-04
9.29659e-02 4.11690e+00 1.16645e-04
9.29659e-02 4.17571e+00 7.95586e-05
9.29659e-02 4.23287e+00 5.39428e-05
9.29659e-02 4.28835e+00 3.64079e-05
9.29659e-02 4.34207e+00 2.44964e-05
9.29659e-02 4.39400e+00 1.64556e-05
9.29659e-02 4.44407e+00 1.10539e-05
9.29659e-02 4.49224e+00 7.43745e-06
9.29659e-02 4.53847e+00 5.02079e-06
9.29659e-02 4.58271e+00 3.40649e-06
9.29659e-02 4.62491e+00 2.32696e-06
9.29659e-02 4.66504e+00 1.60318e-06
9.29659e-02 4.70305e+00 1.11596e-06
9.29659e-02 4.73890e+00 7.86227e-07
9.29659e-02 4.77257e+00 5.61596e-07
9.29659e-02 4.80402e+00 4.07385e-07
9.29659e-02 4.83322e+00 3.00605e-07
9.29659e-02 4.86014e+00 2.25983e-07
9.29659e-02 4.88475e+00 1.73335e-07
9.29659e-02 4.90703e+00 1.35842e-07
9.29659e-02 4.92696e+00 1.08913e-07
9.29659e-02 4.94452e+00 8.94412e-08
9.29659e-02 4.95969e+00 7.53123e-08
9.29659e-02 4.97246e+00 6.50836e-08
9.29659e-02 4.98281e+00 5.77697e-08
9.29659e-02 4.99074e+00 5.27030e-08
9.29659e-02 4.99623e+00 4.94418e-08
9.29659e-02 4.99928e+00 4.77117e-08
1.15248e-01 7.15683e-04 -1.81943e-04
1.15248e-01 3.77012e-03 -9.58413e-04
1.15248e-01 9.26216e-03 -2.35409e-03
1.15248e-01 1.71877e-02 -4.36591e-03
1.15248e-01 2.75390e-02 -6.98631e-03
1.15248e-01 4.03061e-02 -1.02006e-02
1.15248e-01 5.54766e-02 -1.39836e-02
1.15248e-01 7.30356e-02 -1.82952e-02
1.15248e-01 9.29659e-02 -2.30768e-02
1.15248e-01 1.15248e-01 -2.82474e-02
1.15248e-01 1.39860e-01 -3.37012e-02
1.15248e-01 1.66779e-01 -3.93072e-02
1.15248e-01 1.95977e-01 -4.49114e-02
1.15248e-01 2.27426e-01 -5.03423e-02
1.15248e-01 2.61096e-01 -5.54196e-02
1.15248e-01 2.96953e-01 -5.99652e-02
1.15248e-01 3.34963e-01 -6.38164e-02
1.15248e-01 3.75089e-01 -6.68379e-02
1.15248e-01 4.17290e-01 -6.89320e-02
1.15248e-01 4.61527e-01 -7.00453e-02
1.15248e-01 5.07755e-01 -7.01696e-02
1.15248e-01 5.55930e-01 -6.93394e-02
1.15248e-01 6.06005e-01 -6.76250e-02
1.15248e-01 6.57930e-01 -6.51229e-02
1.15248e-01 7.11655e-01 -6.19465e-02
1.15248e-01 7.67127e-01 -5.82168e-02
1.15248e-01 8.24292e-01 -5.40547e-02
1.15248e-01 8.83095e-01 -4.95754e-02
1.15248e-01 9.43478e-01 -4.48848e-02
1.15248e-01 1.00538e+00 -4.00779e-02
1.15248e-01 1.06875e+00 -3.52379e-02
1.15248e-01 1.13351e+00 -3.04364e-02
1.15248e-01 1.19960e+00 -2.57344e-02
1.15248e-01 1.26697e+00 -2.11829e-02
1.15248e-01 1.33555e+00 -1.68236e-02
1.15248e-01 1.40526e+00 -1.26898e-02
1.15248e-01 1.47604e+00 -8.80627e-03
1.15248e-01 1.54782e+00 -5.18955e-03
1.15248e-01 1.62053e+00 -1.84773e-03
1.15248e-01 1.69410e+00 1.21980e-03
1.15248e-01 1.76846e+00 4.02230e-03
1.15248e-01 1.84353e+00 6.57721e-03
1.15248e-01 1.91924e+00 8.90880e-03
1.15248e-01 1.99553e+00 1.10454e-02
1.15248e-01 2.07230e+00 1.30152e-02
1.15248e-01 2.14949e+00 1.48396e-02
1.15248e-01 2.22703e+00 1.65258e-02
1.15248e-01 2.30483e+00 1.80582e-02
1.15248e-01 2.38282e+00 1.93917e-02
1.15248e-01 2.46093e+00 2.04502e-02
1.15248e-01 2.53907e+00 2.11333e-02
1.15248e-01 2.61718e+00 2.13347e-02
1.15248e-01 2.69517e+00 2.09697e-02
1.15248e-01 2.77297e+00 2.00069e-02
1.15248e-01 2.85051e+00 1.84913e-02
1.15248e-01 2.92770e+00 1.65470e-02
1.15248e-01 3.00447e+00 1.43534e-02
1.15248e-01 3.08076e+00 1.21036e-02
1.15248e-01 3.15647e+00 9.96085e-03
1.15248e-01 3.23154e+00 8.03289e-03
1.15248e-01 3.30590e+00 6.36952e-03
1.15248e-01 3.37947e+00 4.97698e-03
1.15248e-01 3.45218e+00 3.83662e-03
1.15248e-01 3.52396e+00 2.91908e-03
1.15248e-01 3.59474e+00 2.19239e-03
1.15248e-01 3.66445e+00 1.62554e-03
1.15248e-01 3.73303e+00 1.19006e-03
1.15248e-01 3.80040e+00 8.60538e-04
1.15248e-01 3.86649e+00 6.14924e-04
1.15248e-01 3.93125e+00 4.34521e-04
1.15248e-01 3.99462e+00 3.03873e-04
1.15248e-01 4.05652e+00 2.10511e-04
1.15248e-01 4.11690e+00 1.44618e-04
1.15248e-01 4.17571e+00 9.86380e-05
1.15248e-01 4.23287e+00 6.68792e-05
1.15248e-01 4.28835e+00 4.51392e-05
1.15248e-01 4.34207e+00 3.03711e-05
1.15248e-01 4.39400e+00 2.04020e-05
1.15248e-01 4.44407e+00 1.37049e-05
1.15248e-01 4.49224e+00 9.22112e-06
1.15248e-01 4.53847e+00 6.22489e-06
1.15248e-01 4.58271e+00 4.22345e-06
1.15248e-01 4.62491e+00 2.88502e-06
1.15248e-01 4.66504e+00 1.98766e-06
1.15248e-01 4.70305e+00 1.38360e-06
1.15248e-01 4.73890e+00 9.74783e-07
1.15248e-01 4.77257e+00 6.96279e-07
1.15248e-01 4.80402e+00 5.05085e-07
1.15248e-01 4.83322e+00 3.72697e-07
1.15248e-01 4.86014e+00 2.80179e-07
1.15248e-01 4.88475e+00 2.14905e-07
1.15248e-01 4.90703e+00 1.68420e-07
1.15248e-01 4.92696e+00 1.35033e-07
1.15248e-01 4.94452e+00 1.10891e-07
1.15248e-01 4.95969e+00 9.33739e-08
1.15248e-01 4.97246e+00 8.06921e-08
1.15248e-01 4.98281e+00 7.16242e-08
1.15248e-01 4.99074e+00 6.53423e-08
1.15248e-01 4.99623e+00 6.12990e-08
1.15248e-01 4.99928e+00 5.91540e-08
1.39860e-01 7.15683e-04 -2.16908e-04
1.39860e-01 3.77012e-03 -1.14260e-03
1.39860e-01 9.26216e-03 -2.80651e-03
1.39860e-01 1.71877e-02 -5.20503e-03
1.39860e-01 2.75390e-02 -8.32930e-03
1.39860e-01 4.03061e-02 -1.21621e-02
1.39860e-01 5.54766e-02 -1.66739e-02
1.39860e-01 7.30356e-02 -2.18179e-02
1.39860e-01 9.29659e-02 -2.75253e-02
1.39860e-01 1.15248e-01 -3.37012e-02
1.39860e-01 1.39860e-01 -4.02215e-02
1.39860e-01 1.66779e-01 -4.69321e-02
1.39860e-01 1.95977e-01 -5.36515e-02
1.39860e-01 2.27426e-01 -6.01767e-02
1.39860e-01 2.61096e-01 -6.62930e-02
1.39860e-01 2.96953e-01 -7.17876e-02
1.39860e-01 3.34963e-01 -7.64641e-02
1.39860e-01 3.75089e-01 -8.01574e-02
1.39860e-01 4.17290e-01 -8.27462e-02
1.39860e-01 4.61527e-01 -8.41612e-02
1.39860e-01 5.07755e-01 -8.43875e-02
1.39860e-01 5.55930e-01 -8.34617e-02
1.39860e-01 6.06005e-01 -8.14642e-02
1.39860e-01 6.57930e-01 -7.85083e-02
1.39860e-01 7.11655e-01 -7.47288e-02
1.39860e-01 7.67127e-01 -7.02708e-02
1.39860e-01 8.24292e-01 -6.52801e-02
1.39860e-01 8.83095e-01 -5.98965e-02
1.39860e-01 9.43478e-01 -5.42489e-02
1.39860e-01 1.00538e+00 -4.84531e-02
1.39860e-01 1.06875e+00 -4.26110e-02
1.39860e-01 1.13351e+00 -3.68103e-02
1.39860e-01 1.19960e+00 -3.11257e-02
1.39860e-01 1.26697e+00 -2.56199e-02
1.39860e-01 1.33555e+00 -2.03442e-02
1.39860e-01 1.40526e+00 -1.53394e-02
1.39860e-01 1.47604e+00 -1.06362e-02
1.39860e-01 1.54782e+00 -6.25497e-03
1.39860e-01 1.62053e+00 -2.20585e-03
1.39860e-01 1.69410e+00 1.51159e-03
1.39860e-01 1.76846e+00 4.90835e-03
1.39860e-01 1.84353e+00 8.00540e-03
1.39860e-01 1.91924e+00 1.08320e-02
1.39860e-01 1.99553e+00 1.34224e-02
1.39860e-01 2.07230e+00 1.58107e-02
1.39860e-01 2.14949e+00 1.80228e-02
1.39860e-01 2.22703e+00 2.00673e-02
1.39860e-01 2.30483e+00 2.19252e-02
1.39860e-01 2.38282e+00 2.35419e-02
1.39860e-01 2.46093e+00 2.48249e-02
1.39860e-01 2.53907e+00 2.56525e-02
1.39860e-01 2.61718e+00 2.58957e-02
1.39860e-01 2.69517e+00 2.54517e-02
1.39860e-01 2.77297e+00 2.42824e-02
1.39860e-01 2.85051e+00 2.24425e-02
1.39860e-01 2.92770e+00 2.00824e-02
1.39860e-01 3.00447e+00 1.74200e-02
1.39860e-01 3.08076e+00 1.46895e-02
1.39860e-01 3.15647e+00 1.20890e-02
1.39860e-01 3.23154e+00 9.74915e-03
1.39860e-01 3.30590e+00 7.73043e-03
1.39860e-01 3.37947e+00 6.04041e-03
1.39860e-01 3.45218e+00 4.65641e-03
1.39860e-01 3.52396e+00 3.54284e-03
1.39860e-01 3.59474e+00 2.66088e-03
1.39860e-01 3.66445e+00 1.97292e-03
1.39860e-01 3.73303e+00 1.44438e-03
1.39860e-01 3.80040e+00 1.04444e-03
1.39860e-01 3.86649e+00 7.46343e-04
1.39860e-01 3.93125e+00 5.27387e-04
1.39860e-01 3.99462e+00 3.68818e-04
1.39860e-01 4.05652e+00 2.55503e-04
1.39860e-01 4.11690e+00 1.75528e-04
1.39860e-01 4.17571e+00 1.19720e-04
1.39860e-01 4.23287e+00 8.11738e-05
1.39860e-01 4.28835e+00 5.47873e-05
1.39860e-01 4.34207e+00 3.68627e-05
1.39860e-01 4.39400e+00 2.47627e-05
1.39860e-01 4.44407e+00 1.66342e-05
1.39860e-01 4.49224e+00 1.11921e-05
1.39860e-01 4.53847e+00 7.55543e-06
1.39860e-01 4.58271e+00 5.12619e-06
1.39860e-01 4.62491e+00 3.50169e-06
1.39860e-01 4.66504e+00 2.41252e-06
1.39860e-01 4.70305e+00 1.67934e-06
1.39860e-01 4.73890e+00 1.18314e-06
1.39860e-01 4.77257e+00 8.45106e-07
1.39860e-01 4.80402e+00 6.13044e-07
1.39860e-01 4.83322e+00 4.52359e-07
1.39860e-01 4.86014e+00 3.40066e-07
1.39860e-01 4.88475e+00 2.60840e-07
1.39860e-01 4.90703e+00 2.04419e-07
1.39860e-01 4.92696e+00 1.63896e-07
1.39860e-01 4.94452e+00 1.34593e-07
1.39860e-01 4.95969e+00 1.13332e-07
1.39860e-01 4.97246e+00 9.79395e-08
1.39860e-01 4.98281e+00 8.69333e-08
1.39860e-01 4.99074e+00 7.93087e-08
1.39860e-01 4.99623e+00 7.44013e-08
1.39860e-01 4.99928e+00 7.17978e-08
1.66779e-01 7.15683e-04 -2.52750e-04
1.66779e-01 3.77012e-03 -1.33140e-03
1.66779e-01 9.26216e-03 -3.27027e-03
1.66779e-01 1.71877e-02 -6.06523e-03
1.66779e-01 2.75390e-02 -9.70616e-03
1.66779e-01 4.03061e-02 -1.41735e-02
1.66779e-01 5.54766e-02 -1.94335e-02
1.66779e-01 7.30356e-02 -2.54329e-02
1.66779e-01 9.29659e-02 -3.20935e-02
1.66779e-01 1.15248e-01 -3.93072e-02
1.66779e-01 1.39860e-01 -4.69321e-02
1.66779e-01 1.66779e-01 -5.47920e-02
1.66779e-01 1.95977e-01 -6.26784e-02
1.66779e-01 2.27426e-01 -7.03570e-02
1.66779e-01 2.61096e-01 -7.75787e-02
1.66779e-01 2.96953e-01 -8.40943e-02
1.66779e-01 3.34963e-01 -8.96718e-02
1.66779e-01 3.75089e-01 -9.41133e-02
1.66779e-01 4.17290e-01 -9.72701e-02
1.66779e-01 4.61527e-01 -9.90534e-02
1.66779e-01 5.07755e-01 -9.94377e-02
1.66779e-01 5.55930e-01 -9.84584e-02
1.66779e-01 6.06005e-01 -9.62039e-02
1.66779e-01 6.57930e-01 -9.28034e-02
1.66779e-01 7.11655e-01 -8.84130e-02
1.66779e-01 7.67127e-01 -8.32030e-02
1.66779e-01 8.24292e-01 -7.73457e-02
1.66779e-01 8.83095e-01 -7.10075e-02
1.66779e-01 9.43478e-01 -6.43427e-02
1.66779e-01 1.00538e+00 -5.74905e-02
1.66779e-01 1.06875e+00 -5.05733e-02
1.66779e-01 1.13351e+00 -4.36972e-02
1.66779e-01 1.19960e+00 -3.69525e-02
1.66779e-01 1.26697e+00 -3.04148e-02
1.66779e-01 1.33555e+00 -2.41466e-02
1.66779e-01 1.40526e+00 -1.81972e-02
1.66779e-01 1.47604e+00 -1.26039e-02
1.66779e-01 1.54782e+00 -7.39176e-03
1.66779e-01 1.62053e+00 -2.57335e-03
1.66779e-01 1.69410e+00 1.85141e-03
1.66779e-01 1.76846e+00 5.89528e-03
1.66779e-01 1.84353e+00 9.58293e-03
1.66779e-01 1.91924e+00 1.29490e-02
1.66779e-01 1.99553e+00 1.60341e-02
1.66779e-01 2.07230e+00 1.88786e-02
1.66779e-01 2.14949e+00 2.15134e-02
1.66779e-01 2.22703e+00 2.39486e-02
1.66779e-01 2.30483e+00 2.61615e-02
1.66779e-01 2.38282e+00 2.80867e-02
1.66779e-01 2.46093e+00 2.96143e-02
1.66779e-01 2.53907e+00 3.05991e-02
1.66779e-01 2.61718e+00 3.08871e-02
1.66779e-01 2.69517e+00 3.03559e-02
1.66779e-01 2.77297e+00 2.89602e-02
1.66779e-01 2.85051e+00 2.67652e-02
1.66779e-01 2.92770e+00 2.39501e-02
1.66779e-01 3.00447e+00 2.07748e-02
1.66779e-01 3.08076e+00 1.75184e-02
1.66779e-01 3.15647e+00 1.44171e-02
1.66779e-01 3.23154e+00 1.16267e-02
1.66779e-01 3.30590e+00 9.21927e-03
1.66779e-01 3.37947e+00 7.20381e-03
1.66779e-01 3.45218e+00 5.55329e-03
1.66779e-01 3.52396e+00 4.22527e-03
1.66779e-01 3.59474e+00 3.17345e-03
1.66779e-01 3.66445e+00 2.35298e-03
1.66779e-01 3.73303e+00 1.72264e-03
1.66779e-01 3.80040e+00 1.24566e-03
1.66779e-01 3.86649e+00 8.90137e-04
1.66779e-01 3.93125e+00 6.29000e-04
1.66779e-01 3.99462e+00 4.39881e-04
1.66779e-01 4.05652e+00 3.04734e-04
1.66779e-01 4.11690e+00 2.09349e-04
1.66779e-01 4.17571e+00 1.42789e-04
1.66779e-01 4.23287e+00 9.68154e-05
1.66779e-01 4.28835e+00 6.53446e-05
1.66779e-01 4.34207e+00 4.39661e-05
1.66779e-01 4.39400e+00 2.95345e-05
1.66779e-01 4.44407e+00 1.98396e-05
1.66779e-01 4.49224e+00 1.33488e-05
1.66779e-01 4.53847e+00 9.01138e-06
1.66779e-01 4.58271e+00 6.11402e-06
1.66779e-01 4.62491e+00 4.17647e-06
1.66779e-01 4.66504e+00 2.87742e-06
1.66779e-01 4.70305e+00 2.00295e-06
1.66779e-01 4.73890e+00 1.41113e-06
1.66779e-01 4.77257e+00 1.00796e-06
1.66779e-01 4.80402e+00 7.31180e-07
1.66779e-01 4.83322e+00 5.39530e-07
1.66779e-01 4.86014e+00 4.05597e-07
1.66779e-01 4.88475e+00 3.11104e-07
1.66779e-01 4.90703e+00 2.43811e-07
1.66779e-01 4.92696e+00 1.95479e-07
1.66779e-01 4.94452e+00 1.60530e-07
1.66779e-01 4.95969e+00 1.35171e-07
1.66779e-01 4.97246e+00 1.16812e-07
1.66779e-01 4.98281e+00 1.03685e-07
1.66779e-01 4.99074e+00 9.45915e-08
1.66779e-01 4.99623e+00 8.87384e-08
1.66779e-01 4.99928e+00 8.56332e-08
1.95977e-01 7.15683e-04 -2.88451e-04
1.95977e-01 3.77012e-03 -1.51947e-03
1.95977e-01 9.26216e-03 -3.73224e-03
1.95977e-01 1.71877e-02 -6.92214e-03
1.95977e-01 2.75390e-02 -1.10779e-02
1.95977e-01 4.03061e-02 -1.61779e-02
1.95977e-01 5.54766e-02 -2.21846e-02
1.95977e-01 7.30356e-02 -2.90391e-02
1.95977e-01 9.29659e-02 -3.66547e-02
1.95977e-01 1.15248e-01 -4.49114e-02
1.95977e-01 1.39860e-01 -5.36515e-02
1.95977e-01 1.66779e-01 -6.26784e-02
1.95977e-01 1.95977e-01 -7.17586e-02
1.95977e-01 2.27426e-01 -8.06279e-02
1.95977e-01 2.61096e-01 -8.90039e-02
1.95977e-01 2.96953e-01 -9.66010e-02
1.95977e-01 3.34963e-01 -1.03150e-01
1.95977e-01 3.75089e-01 -1.08418e-01
1.95977e-01 4.17290e-01 -1.12224e-01
1.95977e-01 4.61527e-01 -1.14456e-01
1.95977e-01 5.07755e-01 -1.15072e-01
1.95977e-01 5.55930e-01 -1.14103e-01
1.95977e-01 6.06005e-01 -1.11641e-01
1.95977e-01 6.57930e-01 -1.07828e-01
1.95977e-01 7.11655e-01 -1.02842e-01
1.95977e-01 7.67127e-01 -9.68781e-02
1.95977e-01 8.24292e-01 -9.01359e-02
1.95977e-01 8.83095e-01 -8.28105e-02
1.95977e-01 9.43478e-01 -7.50839e-02
1.95977e-01 1.00538e+00 -6.71209e-02
1.95977e-01 1.06875e+00 -5.90671e-02
1.95977e-01 1.13351e+00 -5.10490e-02
1.95977e-01 1.19960e+00 -4.31746e-02
1.95977e-01 1.26697e+00 -3.55345e-02
1.95977e-01 1.33555e+00 -2.82033e-02
1.95977e-01 1.40526e+00 -2.12405e-02
1.95977e-01 1.47604e+00 -1.46909e-02
1.95977e-01 1.54782e+00 -8.58494e-03
1.95977e-01 1.62053e+00 -2.93812e-03
1.95977e-01 1.69410e+00 2.24897e-03
1.95977e-01 1.76846e+00 6.99075e-03
1.95977e-01 1.84353e+00 1.13157e-02
1.95977e-01 1.91924e+00 1.52642e-02
1.95977e-01 1.99553e+00 1.88836e-02
1.95977e-01 2.07230e+00 2.22210e-02
1.95977e-01 2.14949e+00 2.53124e-02
1.95977e-01 2.22703e+00 2.81697e-02
1.95977e-01 2.30483e+00 3.07660e-02
1.95977e-01 2.38282e+00 3.30245e-02
1.95977e-01 2.46093e+00 3.48159e-02
1.95977e-01 2.53907e+00 3.59698e-02
1.95977e-01 2.61718e+00 3.63053e-02
1.95977e-01 2.69517e+00 3.56787e-02
1.95977e-01 2.77297e+00 3.40367e-02
1.95977e-01 2.85051e+00 3.14558e-02
1.95977e-01 2.92770e+00 2.81468e-02
1.95977e-01 3.00447e+00 2.44149e-02
1.95977e-01 3.08076e+00 2.05878e-02
1.95977e-01 3.15647e+00 1.69431e-02
1.95977e-01 3.23154e+00 1.36639e-02
1.95977e-01 3.30590e+00 1.08347e-02
1.95977e-01 3.37947e+00 8.46619e-03
1.95977e-01 3.45218e+00 6.52651e-03
1.95977e-01 3.52396e+00 4.96581e-03
1.95977e-01 3.59474e+00 3.72968e-03
1.95977e-01 3.66445e+00 2.76543e-03
1.95977e-01 3.73303e+00 2.02461e-03
1.95977e-01 3.80040e+00 1.46404e-03
1.95977e-01 3.86649e+00 1.04619e-03
1.95977e-01 3.93125e+00 7.39279e-04
1.95977e-01 3.99462e+00 5.17006e-04
1.95977e-01 4.05652e+00 3.58166e-04
1.95977e-01 4.11690e+00 2.46058e-04
1.95977e-01 4.17571e+00 1.67827e-04
1.95977e-01 4.23287e+00 1.13792e-04
1.95977e-01 4.28835e+00 7.68031e-05
1.95977e-01 4.34207e+00 5.16759e-05
1.95977e-01 4.39400e+00 3.47137e-05
1.95977e-01 4.44407e+00 2.33187e-05
1.95977e-01 4.49224e+00 1.56897e-05
1.95977e-01 4.53847e+00 1.05917e-05
1.95977e-01 4.58271e+00 7.18621e-06
1.95977e-01 4.62491e+00 4.90888e-06
1.95977e-01 4.66504e+00 3.38202e-06
1.95977e-01 4.70305e+00 2.35420e-06
1.95977e-01 4.73890e+00 1.65860e-06
1.95977e-01 4.77257e+00 1.18472e-06
1.95977e-01 4.80402e+00 8.59403e-07
1.95977e-01 4.83322e+00 6.34145e-07
1.95977e-01 4.86014e+00 4.76725e-07
1.95977e-01 4.88475e+00 3.65661e-07
1.95977e-01 4.90703e+00 2.86567e-07
1.95977e-01 4.92696e+00 2.29758e-07
1.95977e-01 4.94452e+00 1.88681e-07
1.95977e-01 4.95969e+00 1.58875e-07
1.95977e-01 4.97246e+00 1.37297e-07
1.95977e-01 4.98281e+00 1.21868e-07
1.95977e-01 4.99074e+00 1.11179e-07
1.95977e-01 4.99623e+00 1.04300e-07
1.95977e-01 4.99928e+00 1.00650e-07
2.27426e-01 7.15683e-04 -3.22890e-04
2.27426e-01 3.77012e-03 -1.70088e-03
2.27426e-01 9.26216e-03 -4.17787e-03
2.27426e-01 1.71877e-02 -7.74883e-03
2.27426e-01 2.75390e-02 -1.24015e-02
2.27426e-01 4.03061e-02 -1.81125e-02
2.27426e-01 5.54766e-02 -2.48413e-02
2.27426e-01 7.30356e-02 -3.25243e-02
2.27426e-01 9.29659e-02 -4.10679e-02
2.27426e-01 1.15248e-01 -5.03423e-02
2.27426e-01 1.39860e-01 -6.01767e-02
2.27426e-01 1.66779e-01 -7.03570e-02
2.27426e-01 1.95977e-01 -8.06279e-02
2.27426e-01 2.27426e-01 -9.06989e-02
2.27426e-01 2.61096e-01 -1.00256e-01
2.27426e-01 2.96953e-01 -1.08979e-01
2.27426e-01 3.34963e-01 -1.16561e-01
2.27426e-01 3.75089e-01 -1.22731e-01
2.27426e-01 4.17290e-01 -1.27275e-01
2.27426e-01 4.61527e-01 -1.30049e-01
2.27426e-01 5.07755e-01 -1.30991e-01
2.27426e-01 5.55930e-01 -1.30119e-01
2.27426e-01 6.06005e-01 -1.27526e-01
2.27426e-01 6.57930e-01 -1.23362e-01
2.27426e-01 7.11655e-01 -1.17823e-01
2.27426e-01 7.67127e-01 -1.11129e-01
2.27426e-01 8.24292e-01 -1.03507e-01
2.27426e-01 8.83095e-01 -9.51837e-02
2.27426e-01 9.43478e-01 -8.63696e-02
2.27426e-01 1.00538e+00 -7.72579e-02
2.27426e-01 1.06875e+00 -6.80202e-02
2.27426e-01 1.13351e+00 -5.88057e-02
2.27426e-01 1.19960e+00 -4.97423e-02
2.27426e-01 1.26697e+00 -4.09376e-02
2.27426e-01 1.33555e+00 -3.24804e-02
2.27426e-01 1.40526e+00 -2.44414e-02
2.27426e-01 1.47604e+00 -1.68744e-02
2.27426e-01 1.54782e+00 -9.81581e-03
2.27426e-01 1.62053e+00 -3.28500e-03
2.27426e-01 1.69410e+00 2.71646e-03
2.27426e-01 1.76846e+00 8.20447e-03
2.27426e-01 1.84353e+00 1.32114e-02
2.27426e-01 1.91924e+00 1.77834e-02
2.27426e-01 1.99553e+00 2.19751e-02
2.27426e-01 2.07230e+00 2.58406e-02
2.27426e-01 2.14949e+00 2.94214e-02
2.27426e-01 2.22703e+00 3.27310e-02
2.27426e-01 2.30483e+00 3.57381e-02
2.27426e-01 2.38282e+00 3.83536e-02
2.27426e-01 2.46093e+00 4.04274e-02
2.27426e-01 2.53907e+00 4.17617e-02
2.27426e-01 2.61718e+00 4.21468e-02
2.27426e-01 2.69517e+00 4.14160e-02
2.27426e-01 2.77297e+00 3.95076e-02
2.27426e-01 2.85051e+00 3.65104e-02
2.27426e-01 2.92770e+00 3.26689e-02
2.27426e-01 3.00447e+00 2.83369e-02
2.27426e-01 3.08076e+00 2.38950e-02
2.27426e-01 3.15647e+00 1.96649e-02
2.27426e-01 3.23154e+00 1.58590e-02
2.27426e-01 3.30590e+00 1.25755e-02
2.27426e-01 3.37947e+00 9.82650e-03
2.27426e-01 3.45218e+00 7.57526e-03
2.27426e-01 3.52396e+00 5.76384e-03
2.27426e-01 3.59474e+00 4.32911e-03
2.27426e-01 3.66445e+00 3.20993e-03
2.27426e-01 3.73303e+00 2.35007e-03
2.27426e-01 3.80040e+00 1.69940e-03
2.27426e-01 3.86649e+00 1.21439e-03
2.27426e-01 3.93125e+00 8.58142e-04
2.27426e-01 3.99462e+00 6.00135e-04
2.27426e-01 4.05652e+00 4.15758e-04
2.27426e-01 4.11690e+00 2.85625e-04
2.27426e-01 4.17571e+00 1.94816e-04
2.27426e-01 4.23287e+00 1.32092e-04
2.27426e-01 4.28835e+00 8.91545e-05
2.27426e-01 4.34207e+00 5.99866e-05
2.27426e-01 4.39400e+00 4.02965e-05
2.27426e-01 4.44407e+00 2.70690e-05
2.27426e-01 4.49224e+00 1.82131e-05
2.27426e-01 4.53847e+00 1.22951e-05
2.27426e-01 4.58271e+00 8.34198e-06
2.27426e-01 4.62491e+00 5.69839e-06
2.27426e-01 4.66504e+00 3.92596e-06
2.27426e-01 4.70305e+00 2.73283e-06
2.27426e-01 4.73890e+00 1.92535e-06
2.27426e-01 4.77257e+00 1.37526e-06
2.27426e-01 4.80402e+00 9.97622e-07
2.27426e-01 4.83322e+00 7.36134e-07
2.27426e-01 4.86014e+00 5.53396e-07
2.27426e-01 4.88475e+00 4.24470e-07
2.27426e-01 4.90703e+00 3.32655e-07
2.27426e-01 4.92696e+00 2.66710e-07
2.27426e-01 4.94452e+00 2.19026e-07
2.27426e-01 4.95969e+00 1.84426e-07
2.27426e-01 4.97246e+00 1.59378e-07
2.27426e-01 4.98281e+00 1.41467e-07
2.27426e-01 4.99074e+00 1.29060e-07
2.27426e-01 4.99623e+00 1.21074e-07
2.27426e-01 4.99928e+00 1.16837e-07
2.61096e-01 7.15683e-04 -3.54897e-04
2.61096e-01 3.77012e-03 -1.86949e-03
2.61096e-01 9.26216e-03 -4.59206e-03
2.61096e-01 1.71877e-02 -8.51726e-03
2.61096e-01 2.75390e-02 -1.36321e-02
2.61096e-01 4.03061e-02 -1.99118e-02
2.61096e-01 5.54766e-02 -2.73139e-02
2.61096e-01 7.30356e-02 -3.57713e-02
2.61096e-01 9.29659e-02 -4.51855e-02
2.61096e-01 1.15248e-01 -5.54196e-02
2.61096e-01 1.39860e-01 -6.62930e-02
2.61096e-01 1.66779e-01 -7.75787e-02
2.61096e-01 1.95977e-01 -8.90039e-02
2.61096e-01 2.27426e-01 -1.00256e-01
2.61096e-01 2.61096e-01 -1.10994e-01
2.61096e-01 2.96953e-01 -1.20866e-01
2.61096e-01 3.34963e-01 -1.29529e-01
2.61096e-01 3.75089e-01 -1.36672e-01
2.61096e-01 4.17290e-01 -1.42044e-01
2.61096e-01 4.61527e-01 -1.45465e-01
2.61096e-01 5.07755e-01 -1.46844e-01
2.61096e-01 5.55930e-01 -1.46182e-01
2.61096e-01 6.06005e-01 -1.43562e-01
2.61096e-01 6.57930e-01 -1.39139e-01
2.61096e-01 7.11655e-01 -1.33122e-01
2.61096e-01 7.67127e-01 -1.25752e-01
2.61096e-01 8.24292e-01 -1.17285e-01
2.61096e-01 8.83095e-01 -1.07979e-01
2.61096e-01 9.43478e-01 -9.80743e-02
2.61096e-01 1.00538e+00 -8.77964e-02
2.61096e-01 1.06875e+00 -7.73446e-02
2.61096e-01 1.13351e+00 -6.68940e-02
2.61096e-01 1.19960e+00 -5.65949e-02
2.61096e-01 1.26697e+00 -4.65740e-02
2.61096e-01 1.33555e+00 -3.69364e-02
2.61096e-01 1.40526e+00 -2.77658e-02
2.61096e-01 1.47604e+00 -1.91263e-02
2.61096e-01 1.54782e+00 -1.10616e-02
2.61096e-01 1.62053e+00 -3.59547e-03
2.61096e-01 1.69410e+00 3.26883e-03
2.61096e-01 1.76846e+00 9.54840e-03
2.61096e-01 1.84353e+00 1.52794e-02
2.61096e-01 1.91924e+00 2.05140e-02
2.61096e-01 1.99553e+00 2.53141e-02
2.61096e-01 2.07230e+00 2.97412e-02
2.61096e-01 2.14949e+00 3.38428e-02
2.61096e-01 2.22703e+00 3.76336e-02
2.61096e-01 2.30483e+00 4.10777e-02
2.61096e-01 2.38282e+00 4.40727e-02
2.61096e-01 2.46093e+00 4.64462e-02
2.61096e-01 2.53907e+00 4.79714e-02
2.61096e-01 2.61718e+00 4.84076e-02
2.61096e-01 2.69517e+00 4.75636e-02
2.61096e-01 2.77297e+00 4.53687e-02
2.61096e-01 2.85051e+00 4.19247e-02
2.61096e-01 2.92770e+00 3.75123e-02
2.61096e-01 3.00447e+00 3.25376e-02
2.61096e-01 3.08076e+00 2.74370e-02
2.61096e-01 3.15647e+00 2.25799e-02
2.61096e-01 3.23154e+00 1.82101e-02
2.61096e-01 3.30590e+00 1.44399e-02
2.61096e-01 3.37947e+00 1.12836e-02
2.61096e-01 3.45218e+00 8.69864e-03
2.61096e-01 3.52396e+00 6.61870e-03
2.61096e-01 3.59474e+00 4.97127e-03
2.61096e-01 3.66445e+00 3.68613e-03
2.61096e-01 3.73303e+00 2.69874e-03
2.61096e-01 3.80040e+00 1.95156e-03
2.61096e-01 3.86649e+00 1.39460e-03
2.61096e-01 3.93125e+00 9.85497e-04
2.61096e-01 3.99462e+00 6.89207e-04
2.61096e-01 4.05652e+00 4.77469e-04
2.61096e-01 4.11690e+00 3.28022e-04
2.61096e-01 4.17571e+00 2.23735e-04
2.61096e-01 4.23287e+00 1.51701e-04
2.61096e-01 4.28835e+00 1.02390e-04
2.61096e-01 4.34207e+00 6.88921e-05
2.61096e-01 4.39400e+00 4.62790e-05
2.61096e-01 4.44407e+00 3.10878e-05
2.61096e-01 4.49224e+00 2.09171e-05
2.61096e-01 4.53847e+00 1.41205e-05
2.61096e-01 4.58271e+00 9.58051e-06
2.61096e-01 4.62491e+00 6.54443e-06
2.61096e-01 4.66504e+00 4.50884e-06
2.61096e-01 4.70305e+00 3.13857e-06
2.61096e-01 4.73890e+00 2.21121e-06
2.61096e-01 4.77257e+00 1.57945e-06
2.61096e-01 4.80402e+00 1.14574e-06
2.61096e-01 4.83322e+00 8.45427e-07
2.61096e-01 4.86014e+00 6.35558e-07
2.61096e-01 4.88475e+00 4.87490e-07
2.61096e-01 4.90703e+00 3.82043e-07
2.61096e-01 4.92696e+00 3.06307e-07
2.61096e-01 4.94452e+00 2.51543e-07
2.61096e-01 4.95969e+00 2.11807e-07
2.61096e-01 4.97246e+00 1.83040e-07
2.61096e-01 4.98281e+00 1.62470e-07
2.61096e-01 4.99074e+00 1.48220e-07
2.61096e-01 4.99623e+00 1.39049e-07
2.61096e-01 4.99928e+00 1.34183e-07
2.96953e-01 7.15683e-04 -3.83336e-04
2.96953e-01 3.77012e-03 -2.01930e-03
2.96953e-01 9.26216e-03 -4.96010e-03
2.96953e-01 1.71877e-02 -9.20014e-03
2.96953e-01 2.75390e-02 -1.47260e-02
2.96953e-01 4.03061e-02 -2.15121e-02
2.96953e-01 5.54766e-02 -2.95148e-02
2.96953e-01 7.30356e-02 -3.86653e-02
2.96953e-01 9.29659e-02 -4.88623e-02
2.96953e-01 1.15248e-01 -5.99652e-02
2.96953e-01 1.39860e-01 -7.17876e-02
2.96953e-01 1.66779e-01 -8.40943e-02
2.96953e-01 1.95977e-01 -9.66010e-02
2.96953e-01 2.27426e-01 -1.08979e-01
2.96953e-01 2.61096e-01 -1.20866e-01
2.96953e-01 2.96953e-01 -1.31882e-01
2.96953e-01 3.34963e-01 -1.41652e-01
2.96953e-01 3.75089e-01 -1.49826e-01
2.96953e-01 4.17290e-01 -1.56112e-01
2.96953e-01 4.61527e-01 -1.60291e-01
2.96953e-01 5.07755e-01 -1.62236e-01
2.96953e-01 5.55930e-01 -1.61919e-01
2.96953e-01 6.06005e-01 -1.59406e-01
2.96953e-01 6.57930e-01 -1.54849e-01
2.96953e-01 7.11655e-01 -1.48462e-01
2.96953e-01 7.67127e-01 -1.40505e-01
2.96953e-01 8.24292e-01 -1.31262e-01
2.96953e-01 8.83095e-01 -1.21017e-01
2.96953e-01 9.43478e-01 -1.10047e-01
2.96953e-01 1.00538e+00 -9.86093e-02
2.96953e-01 1.06875e+00 -8.69344e-02
2.96953e-01 1.13351e+00 -7.52258e-02
2.96953e-01 1.19960e+00 -6.36591e-02
2.96953e-01 1.26697e+00 -5.23833e-02
2.96953e-01 1.33555e+00 -4.15215e-02
2.96953e-01 1.40526e+00 -3.11729e-02
2.96953e-01 1.47604e+00 -2.14132e-02
2.96953e-01 1.54782e+00 -1.22950e-02
2.96953e-01 1.62053e+00 -3.84737e-03
2.96953e-01 1.69410e+00 3.92397e-03
2.96953e-01 1.76846e+00 1.10369e-02
2.96953e-01 1.84353e+00 1.75311e-02
2.96953e-01 1.91924e+00 2.34647e-02
2.96953e-01 1.99553e+00 2.89071e-02
2.96953e-01 2.07230e+00 3.39277e-02
2.96953e-01 2.14949e+00 3.85794e-02
2.96953e-01 2.22703e+00 4.28789e-02
2.96953e-01 2.30483e+00 4.67847e-02
2.96953e-01 2.38282e+00 5.01804e-02
2.96953e-01 2.46093e+00 5.28700e-02
2.96953e-01 2.53907e+00 5.45955e-02
2.96953e-01 2.61718e+00 5.50836e-02
2.96953e-01 2.69517e+00 5.41169e-02
2.96953e-01 2.77297e+00 5.16151e-02
2.96953e-01 2.85051e+00 4.76941e-02
2.96953e-01 2.92770e+00 4.26729e-02
2.96953e-01 3.00447e+00 3.70130e-02
2.96953e-01 3.08076e+00 3.12106e-02
2.96953e-01 3.15647e+00 2.56857e-02
2.96953e-01 3.23154e+00 2.07149e-02
2.96953e-01 3.30590e+00 1.64265e-02
2.96953e-01 3.37947e+00 1.28361e-02
2.96953e-01 3.45218e+00 9.89571e-03
2.96953e-01 3.52396e+00 7.52969e-03
2.96953e-01 3.59474e+00 5.65561e-03
2.96953e-01 3.66445e+00 4.19364e-03
2.96953e-01 3.73303e+00 3.07036e-03
2.96953e-01 3.80040e+00 2.22033e-03
2.96953e-01 3.86649e+00 1.58669e-03
2.96953e-01 3.93125e+00 1.12125e-03
2.96953e-01 3.99462e+00 7.84154e-04
2.96953e-01 4.05652e+00 5.43252e-04
2.96953e-01 4.11690e+00 3.73218e-04
2.96953e-01 4.17571e+00 2.54564e-04
2.96953e-01 4.23287e+00 1.72605e-04
2.96953e-01 4.28835e+00 1.16500e-04
2.96953e-01 4.34207e+00 7.83861e-05
2.96953e-01 4.39400e+00 5.26569e-05
2.96953e-01 4.44407e+00 3.53723e-05
2.96953e-01 4.49224e+00 2.37999e-05
2.96953e-01 4.53847e+00 1.60667e-05
2.96953e-01 4.58271e+00 1.09009e-05
2.96953e-01 4.62491e+00 7.44640e-06
2.96953e-01 4.66504e+00 5.13027e-06
2.96953e-01 4.70305e+00 3.57114e-06
2.96953e-01 4.73890e+00 2.51597e-06
2.96953e-01 4.77257e+00 1.79713e-06
2.96953e-01 4.80402e+00 1.30365e-06
2.96953e-01 4.83322e+00 9.61945e-07
2.96953e-01 4.86014e+00 7.23151e-07
2.96953e-01 4.88475e+00 5.54675e-07
2.96953e-01 4.90703e+00 4.34696e-07
2.96953e-01 4.92696e+00 3.48521e-07
2.96953e-01 4.94452e+00 2.86210e-07
2.96953e-01 4.95969e+00 2.40997e-07
2.96953e-01 4.97246e+00 2.08265e-07
2.96953e-01 4.98281e+00 1.84861e-07
2.96953e-01 4.99074e+00 1.68647e-07
2.96953e-01 4.99623e+00 1.58211e-07
2.96953e-01 4.99928e+00 1.52675e-07
3.34963e-01 7.15683e-04 -4.07186e-04
3.34963e-01 3.77012e-03 -2.14494e-03
3.34963e-01 9.26216e-03 -5.26877e-03
3.34963e-01 1.71877e-02 -9.77297e-03
3.34963e-01 2.75390e-02 -1.56440e-02
3.34963e-01 4.03061e-02 -2.28560e-02
3.34963e-01 5.54766e-02 -3.13651e-02
3.34963e-01 7.30356e-02 -4.11025e-02
3.34963e-01 9.29659e-02 -5.19667e-02
3.34963e-01 1.15248e-01 -6.38164e-02
3.34963e-01 1.39860e-01 -7.64641e-02
3.34963e-01 1.66779e-01 -8.96718e-02
3.34963e-01 1.95977e-01 -1.03150e-01
3.34963e-01 2.27426e-01 -1.16561e-01
3.34963e-01 2.61096e-01 -1.29529e-01
3.34963e-01 2.96953e-01 -1.41652e-01
3.34963e-01 3.34963e-01 -1.52526e-01
3.34963e-01 3.75089e-01 -1.61768e-01
3.34963e-01 4.17290e-01 -1.69043e-01
3.34963e-01 4.61527e-01 -1.74089e-01
3.34963e-01 5.07755e-01 -1.76735e-01
3.34963e-01 5.55930e-01 -1.76915e-01
3.34963e-01 6.06005e-01 -1.74670e-01
3.34963e-01 6.57930e-01 -1.70135e-01
3.34963e-01 7.11655e-01 -1.63524e-01
3.34963e-01 7.67127e-01 -1.55108e-01
3.34963e-01 8.24292e-01 -1.45191e-01
3.34963e-01 8.83095e-01 -1.34088e-01
3.34963e-01 9.43478e-01 -1.22110e-01
3.34963e-01 1.00538e+00 -1.09547e-01
3.34963e-01 1.06875e+00 -9.66636e-02
3.34963e-01 1.13351e+00 -8.36961e-02
3.34963e-01 1.19960e+00 -7.08483e-02
3.34963e-01 1.26697e+00 -5.82937e-02
3.34963e-01 1.33555e+00 -4.61769e-02
3.34963e-01 1.40526e+00 -3.46144e-02
3.34963e-01 1.47604e+00 -2.36958e-02
3.34963e-01 1.54782e+00 -1.34839e-02
3.34963e-01 1.62053e+00 -4.01470e-03
3.34963e-01 1.69410e+00 4.70284e-03
3.34963e-01 1.76846e+00 1.26866e-02
3.34963e-01 1.84353e+00 1.99796e-02
3.34963e-01 1.91924e+00 2.66458e-02
3.34963e-01 1.99553e+00 3.27621e-02
3.34963e-01 2.07230e+00 3.84055e-02
3.34963e-01 2.14949e+00 4.36350e-02
3.34963e-01 2.22703e+00 4.84686e-02
3.34963e-01 2.30483e+00 5.28593e-02
3.34963e-01 2.38282e+00 5.66754e-02
3.34963e-01 2.46093e+00 5.96959e-02
3.34963e-01 2.53907e+00 6.16302e-02
3.34963e-01 2.61718e+00 6.21701e-02
3.34963e-01 2.69517e+00 6.10707e-02
3.34963e-01 2.77297e+00 5.82416e-02
3.34963e-01 2.85051e+00 5.38134e-02
3.34963e-01 2.92770e+00 4.81458e-02
3.34963e-01 3.00447e+00 4.17590e-02
3.34963e-01 3.08076e+00 3.52124e-02
3.34963e-01 3.15647e+00 2.89791e-02
3.34963e-01 3.23154e+00 2.33714e-02
3.34963e-01 3.30590e+00 1.85333e-02
3.34963e-01 3.37947e+00 1.44827e-02
3.34963e-01 3.45218e+00 1.11654e-02
3.34963e-01 3.52396e+00 8.49600e-03
3.34963e-01 3.59474e+00 6.38156e-03
3.34963e-01 3.66445e+00 4.73204e-03
3.34963e-01 3.73303e+00 3.46462e-03
3.34963e-01 3.80040e+00 2.50548e-03
3.34963e-01 3.86649e+00 1.79050e-03
3.34963e-01 3.93125e+00 1.26529e-03
3.34963e-01 3.99462e+00 8.84904e-04
3.34963e-01 4.05652e+00 6.13057e-04
3.34963e-01 4.11690e+00 4.21179e-04
3.34963e-01 4.17571e+00 2.87279e-04
3.34963e-01 4.23287e+00 1.94789e-04
3.34963e-01 4.28835e+00 1.31474e-04
3.34963e-01 4.34207e+00 8.84617e-05
3.34963e-01 4.39400e+00 5.94256e-05
3.34963e-01 4.44407e+00 3.99192e-05
3.34963e-01 4.49224e+00 2.68594e-05
3.34963e-01 4.53847e+00 1.81320e-05
3.34963e-01 4.58271e+00 1.23023e-05
3.34963e-01 4.62491e+00 8.40366e-06
3.34963e-01 4.66504e+00 5.78978e-06
3.34963e-01 4.70305e+00 4.03022e-06
3.34963e-01 4.73890e+00 2.83940e-06
3.34963e-01 4.77257e+00 2.02816e-06
3.34963e-01 4.80402e+00 1.47123e-06
3.34963e-01 4.83322e+00 1.08560e-06
3.34963e-01 4.86014e+00 8.16111e-07
3.34963e-01 4.88475e+00 6.25978e-07
3.34963e-01 4.90703e+00 4.90575e-07
3.34963e-01 4.92696e+00 3.93323e-07
3.34963e-01 4.94452e+00 3.23001e-07
3.34963e-01 4.95969e+00 2.71976e-07
3.34963e-01 4.97246e+00 2.35037e-07
3.34963e-01 4.98281e+00 2.08623e-07
3.34963e-01 4.99074e+00 1.90325e-07
3.34963e-01 4.99623e+00 1.78548e-07
3.34963e-01 4.99928e+00 1.72300e-07
3.75089e-01 7.15683e-04 -4.25621e-04
3.75089e-01 3.77012e-03 -2.24205e-03
3.75089e-01 9.26216e-03 -5.50737e-03
3.75089e-01 1.71877e-02 -1.02159e-02
3.75089e-01 2.75390e-02 -1.63541e-02
3.75089e-01 4.03061e-02 -2.38966e-02
3.75089e-01 5.54766e-02 -3.28004e-02
3.75089e-01 7.30356e-02 -4.29979e-02
3.75089e-01 9.29659e-02 -5.43899e-02
3.75089e-01 1.15248e-01 -6.68379e-02
3.75089e-01 1.39860e-01 -8.01574e-02
3.75089e-01 1.66779e-01 -9.41133e-02
3.75089e-01 1.95977e-01 -1.08418e-01
3.75089e-01 2.27426e-01 -1.22731e-01
3.75089e-01 2.61096e-01 -1.36672e-01
3.75089e-01 2.96953e-01 -1.49826e-01
3.75089e-01 3.34963e-01 -1.61768e-01
3.75089e-01 3.75089e-01 -1.72084e-01
3.75089e-01 4.17290e-01 -1.80400e-01
3.75089e-01 4.61527e-01 -1.86407e-01
3.75089e-01 5.07755e-01 -1.89888e-01
3.75089e-01 5.55930e-01 -1.90729e-01
3.75089e-01 6.06005e-01 -1.88933e-01
3.75089e-01 6.57930e-01 -1.84606e-01
3.75089e-01 7.11655e-01 -1.77951e-01
3.75089e-01 7.67127e-01 -1.69240e-01
3.75089e-01 8.24292e-01 -1.58793e-01
3.75089e-01 8.83095e-01 -1.46950e-01
3.75089e-01 9.43478e-01 -1.34054e-01
3.75089e-01 1.00538e+00 -1.20432e-01
3.75089e-01 1.06875e+00 -1.06385e-01
3.75089e-01 1.13351e+00 -9.21824e-02
3.75089e-01 1.19960e+00 -7.80607e-02
3.75089e-01 1.26697e+00 -6.42215e-02
3.75089e-01 1.33555e+00 -5.08336e-02
3.75089e-01 1.40526e+00 -3.80339e-02
3.75089e-01 1.47604e+00 -2.59280e-02
3.75089e-01 1.54782e+00 -1.45911e-02
3.75089e-01 1.62053e+00 -4.06747e-03
3.75089e-01 1.69410e+00 5.62946e-03
3.75089e-01 1.76846e+00 1.45168e-02
3.75089e-01 1.84353e+00 2.26401e-02
3.75089e-01 1.91924e+00 3.00689e-02
3.75089e-01 1.99553e+00 3.68875e-02
3.75089e-01 2.07230e+00 4.31806e-02
3.75089e-01 2.14949e+00 4.90132e-02
3.75089e-01 2.22703e+00 5.44046e-02
3.75089e-01 2.30483e+00 5.93013e-02
3.75089e-01 2.38282e+00 6.35560e-02
3.75089e-01 2.46093e+00 6.69209e-02
3.75089e-01 2.53907e+00 6.90711e-02
3.75089e-01 2.61718e+00 6.96618e-02
3.75089e-01 2.69517e+00 6.84192e-02
3.75089e-01 2.77297e+00 6.52420e-02
3.75089e-01 2.85051e+00 6.02767e-02
3.75089e-01 2.92770e+00 5.39256e-02
3.75089e-01 3.00447e+00 4.67708e-02
3.75089e-01 3.08076e+00 3.94381e-02
3.75089e-01 3.15647e+00 3.24570e-02
3.75089e-01 3.23154e+00 2.61766e-02
3.75089e-01 3.30590e+00 2.07583e-02
3.75089e-01 3.37947e+00 1.62218e-02
3.75089e-01 3.45218e+00 1.25065e-02
3.75089e-01 3.52396e+00 9.51674e-03
3.75089e-01 3.59474e+00 7.14846e-03
3.75089e-01 3.66445e+00 5.30085e-03
3.75089e-01 3.73303e+00 3.88117e-03
3.75089e-01 3.80040e+00 2.80678e-03
3.75089e-01 3.86649e+00 2.00586e-03
3.75089e-01 3.93125e+00 1.41751e-03
3.75089e-01 3.99462e+00 9.91373e-04
3.75089e-01 4.05652e+00 6.86827e-04
3.75089e-01 4.11690e+00 4.71867e-04
3.75089e-01 4.17571e+00 3.21856e-04
3.75089e-01 4.23287e+00 2.18235e-04
3.75089e-01 4.28835e+00 1.47300e-04
3.75089e-01 4.34207e+00 9.91109e-05
3.75089e-01 4.39400e+00 6.65797e-05
3.75089e-01 4.44407e+00 4.47252e-05
3.75089e-01 4.49224e+00 3.00931e-05
3.75089e-01 4.53847e+00 2.03151e-05
3.75089e-01 4.58271e+00 1.37834e-05
3.75089e-01 4.62491e+00 9.41547e-06
3.75089e-01 4.66504e+00 6.48688e-06
3.75089e-01 4.70305e+00 4.51547e-06
3.75089e-01 4.73890e+00 3.18127e-06
3.75089e-01 4.77257e+00 2.27235e-06
3.75089e-01 4.80402e+00 1.64837e-06
3.75089e-01 4.83322e+00 1.21631e-06
3.75089e-01 4.86014e+00 9.14368e-07
3.75089e-01 4.88475e+00 7.01343e-07
3.75089e-01 4.90703e+00 5.49637e-07
3.75089e-01 4.92696e+00 4.40676e-07
3.75089e-01 4.94452e+00 3.61888e-07
3.75089e-01 4.95969e+00 3.04720e-07
3.75089e-01 4.97246e+00 2.63333e-07
3.75089e-01 4.98281e+00 2.33739e-07
3.75089e-01 4.99074e+00 2.13238e-07
3.75089e-01 4.99623e+00 2.00043e-07
3.75089e-01 4.99928e+00 1.93043e-07
4.17290e-01 7.15683e-04 -4.38068e-04
4.17290e-01 3.77012e-03 -2.30763e-03
4.17290e-01 9.26216e-03 -5.66851e-03
4.17290e-01 1.71877e-02 -1.05151e-02
4.17290e-01 2.75390e-02 -1.68343e-02
4.17290e-01 4.03061e-02 -2.46016e-02
4.17290e-01 5.54766e-02 -3.37757e-02
4.17290e-01 7.30356e-02 -4.42917e-02
4.17290e-01 9.29659e-02 -5.60548e-02
4.17290e-01 1.15248e-01 -6.89320e-02
4.17290e-01 1.39860e-01 -8.27462e-02
4.17290e-01 1.66779e-01 -9.72701e-02
4.17290e-01 1.95977e-01 -1.12224e-01
4.17290e-01 2.27426e-01 -1.27275e-01
4.17290e-01 2.61096e-01 -1.42044e-01
4.17290e-01 2.96953e-01 -1.56112e-01
4.17290e-01 3.34963e-01 -1.69043e-01
4.17290e-01 3.75089e-01 -1.80400e-01
4.17290e-01 4.17290e-01 -1.89774e-01
4.17290e-01 4.61527e-01 -1.96813e-01
4.17290e-01 5.07755e-01 -2.01246e-01
4.17290e-01 5.55930e-01 -2.02908e-01
4.17290e-01 6.06005e-01 -2.01749e-01
4.17290e-01 6.57930e-01 -1.97837e-01
4.17290e-01 7.11655e-01 -1.91347e-01
4.17290e-01 7.67127e-01 -1.82543e-01
4.17290e-01 8.24292e-01 -1.71749e-01
4.17290e-01 8.83095e-01 -1.59325e-01
4.17290e-01 9.43478e-01 -1.45642e-01
4.17290e-01 1.00538e+00 -1.31064e-01
4.17290e-01 1.06875e+00 -1.15928e-01
4.17290e-01 1.13351e+00 -1.00543e-01
4.17290e-01 1.19960e+00 -8.51785e-02
4.17290e-01 1.26697e+00 -7.00696e-02
4.17290e-01 1.33555e+00 -5.54123e-02
4.17290e-01 1.40526e+00 -4.13667e-02
4.17290e-01 1.47604e+00 -2.80575e-02
4.17290e-01 1.54782e+00 -1.55743e-02
4.17290e-01 1.62053e+00 -3.97171e-03
4.17290e-01 1.69410e+00 6.73087e-03
4.17290e-01 1.76846e+00 1.65486e-02
4.17290e-01 1.84353e+00 2.55290e-02
4.17290e-01 1.91924e+00 3.37465e-02
4.17290e-01 1.99553e+00 4.12925e-02
4.17290e-01 2.07230e+00 4.82594e-02
4.17290e-01 2.14949e+00 5.47179e-02
4.17290e-01 2.22703e+00 6.06882e-02
4.17290e-01 2.30483e+00 6.61103e-02
4.17290e-01 2.38282e+00 7.08196e-02
4.17290e-01 2.46093e+00 7.45410e-02
4.17290e-01 2.53907e+00 7.69130e-02
4.17290e-01 2.61718e+00 7.75525e-02
4.17290e-01 2.69517e+00 7.61554e-02
4.17290e-01 2.77297e+00 7.26094e-02
4.17290e-01 2.85051e+00 6.70772e-02
4.17290e-01 2.92770e+00 6.00060e-02
4.17290e-01 3.00447e+00 5.20429e-02
4.17290e-01 3.08076e+00 4.38833e-02
4.17290e-01 3.15647e+00 3.61155e-02
4.17290e-01 3.23154e+00 2.91277e-02
4.17290e-01 3.30590e+00 2.30991e-02
4.17290e-01 3.37947e+00 1.80516e-02
4.17290e-01 3.45218e+00 1.39176e-02
4.17290e-01 3.52396e+00 1.05909e-02
4.17290e-01 3.59474e+00 7.95555e-03
4.17290e-01 3.66445e+00 5.89951e-03
4.17290e-01 3.73303e+00 4.31963e-03
4.17290e-01 3.80040e+00 3.12395e-03
4.17290e-01 3.86649e+00 2.23257e-03
4.17290e-01 3.93125e+00 1.57775e-03
4.17290e-01 3.99462e+00 1.10347e-03
4.17290e-01 4.05652e+00 7.64499e-04
4.17290e-01 4.11690e+00 5.25236e-04
4.17290e-01 4.17571e+00 3.58263e-04
4.17290e-01 4.23287e+00 2.42924e-04
4.17290e-01 4.28835e+00 1.63965e-04
4.17290e-01 4.34207e+00 1.10325e-04
4.17290e-01 4.39400e+00 7.41133e-05
4.17290e-01 4.44407e+00 4.97862e-05
4.17290e-01 4.49224e+00 3.34985e-05
4.17290e-01 4.53847e+00 2.26140e-05
4.17290e-01 4.58271e+00 1.53433e-05
4.17290e-01 4.62491e+00 1.04810e-05
4.17290e-01 4.66504e+00 7.22098e-06
4.17290e-01 4.70305e+00 5.02647e-06
4.17290e-01 4.73890e+00 3.54128e-06
4.17290e-01 4.77257e+00 2.52950e-06
4.17290e-01 4.80402e+00 1.83490e-06
4.17290e-01 4.83322e+00 1.35395e-06
4.17290e-01 4.86014e+00 1.01784e-06
4.17290e-01 4.88475e+00 7.80707e-07
4.17290e-01 4.90703e+00 6.11833e-07
4.17290e-01 4.92696e+00 4.90542e-07
4.17290e-01 4.94452e+00 4.02838e-07
4.17290e-01 4.95969e+00 3.39200e-07
4.17290e-01 4.97246e+00 2.93130e-07
4.17290e-01 4.98281e+00 2.60188e-07
4.17290e-01 4.99074e+00 2.37367e-07
4.17290e-01 4.99623e+00 2.22678e-07
4.17290e-01 4.99928e+00 2.14886e-07
4.61527e-01 7.15683e-04 -4.44246e-04
4.61527e-01 3.77012e-03 -2.34018e-03
4.61527e-01 9.26216e-03 -5.74852e-03
4.61527e-01 1.71877e-02 -1.06639e-02
4.61527e-01 2.75390e-02 -1.70737e-02
4.61527e-01 4.03061e-02 -2.49548e-02
4.61527e-01 5.54766e-02 -3.42681e-02
4.61527e-01 7.30356e-02 -4.49531e-02
4.61527e-01 9.29659e-02 -5.69203e-02
4.61527e-01 1.15248e-01 -7.00453e-02
4.61527e-01 1.39860e-01 -8.41612e-02
4.61527e-01 1.66779e-01 -9.90534e-02
4.61527e-01 1.95977e-01 -1.14456e-01
4.61527e-01 2.27426e-01 -1.30049e-01
4.61527e-01 2.61096e-01 -1.45465e-01
4.61527e-01 2.96953e-01 -1.60291e-01
4.61527e-01 3.34963e-01 -1.74089e-01
4.61527e-01 3.75089e-01 -1.86407e-01
4.61527e-01 4.17290e-01 -1.96813e-01
4.61527e-01 4.61527e-01 -2.04912e-01
4.61527e-01 5.07755e-01 -2.10386e-01
4.61527e-01 5.55930e-01 -2.13008e-01
4.61527e-01 6.06005e-01 -2.12671e-01
4.61527e-01 6.57930e-01 -2.09390e-01
4.61527e-01 7.11655e-01 -2.03297e-01
4.61527e-01 7.67127e-01 -1.94631e-01
4.61527e-01 8.24292e-01 -1.83710e-01
4.61527e-01 8.83095e-01 -1.70903e-01
4.61527e-01 9.43478e-01 -1.56605e-01
4.61527e-01 1.00538e+00 -1.41211e-01
4.61527e-01 1.06875e+00 -1.25098e-01
4.61527e-01 1.13351e+00 -1.08614e-01
4.61527e-01 1.19960e+00 -9.20670e-02
4.61527e-01 1.26697e+00 -7.57273e-02
4.61527e-01 1.33555e+00 -5.98223e-02
4.61527e-01 1.40526e+00 -4.45393e-02
4.61527e-01 1.47604e+00 -3.00248e-02
4.61527e-01 1.54782e+00 -1.63859e-02
4.61527e-01 1.62053e+00 -3.68960e-03
4.61527e-01 1.69410e+00 8.03683e-03
4.61527e-01 1.76846e+00 1.88052e-02
4.61527e-01 1.84353e+00 2.86639e-02
4.61527e-01 1.91924e+00 3.76916e-02
4.61527e-01 1.99553e+00 4.59864e-02
4.61527e-01 2.07230e+00 5.36479e-02
4.61527e-01 2.14949e+00 6.07521e-02
4.61527e-01 2.22703e+00 6.73201e-02
4.61527e-01 2.30483e+00 7.32845e-02
4.61527e-01 2.38282e+00 7.84629e-02
4.61527e-01 2.46093e+00 8.25508e-02
4.61527e-01 2.53907e+00 8.51490e-02
4.61527e-01 2.61718e+00 8.58344e-02
4.61527e-01 2.69517e+00 8.42712e-02
4.61527e-01 2.77297e+00 8.03354e-02
4.61527e-01 2.85051e+00 7.42070e-02
4.61527e-01 2.92770e+00 6.63799e-02
4.61527e-01 3.00447e+00 5.75690e-02
4.61527e-01 3.08076e+00 4.85424e-02
4.61527e-01 3.15647e+00 3.99502e-02
4.61527e-01 3.23154e+00 3.22211e-02
4.61527e-01 3.30590e+00 2.55529e-02
4.61527e-01 3.37947e+00 1.99699e-02
4.61527e-01 3.45218e+00 1.53972e-02
4.61527e-01 3.52396e+00 1.17172e-02
4.61527e-01 3.59474e+00 8.80193e-03
4.61527e-01 3.66445e+00 6.52739e-03
4.61527e-01 3.73303e+00 4.77952e-03
4.61527e-01 3.80040e+00 3.45664e-03
4.61527e-01 3.86649e+00 2.47040e-03
4.61527e-01 3.93125e+00 1.74587e-03
4.61527e-01 3.99462e+00 1.22107e-03
4.61527e-01 4.05652e+00 8.45995e-04
4.61527e-01 4.11690e+00 5.81236e-04
4.61527e-01 4.17571e+00 3.96466e-04
4.61527e-01 4.23287e+00 2.68831e-04
4.61527e-01 4.28835e+00 1.81453e-04
4.61527e-01 4.34207e+00 1.22093e-04
4.61527e-01 4.39400e+00 8.20194e-05
4.61527e-01 4.44407e+00 5.50974e-05
4.61527e-01 4.49224e+00 3.70722e-05
4.61527e-01 4.53847e+00 2.50267e-05
4.61527e-01 4.58271e+00 1.69802e-05
4.61527e-01 4.62491e+00 1.15992e-05
4.61527e-01 4.66504e+00 7.99140e-06
4.61527e-01 4.70305e+00 5.56275e-06
4.61527e-01 4.73890e+00 3.91911e-06
4.61527e-01 4.77257e+00 2.79937e-06
4.61527e-01 4.80402e+00 2.03067e-06
4.61527e-01 4.83322e+00 1.49840e-06
4.61527e-01 4.86014e+00 1.12643e-06
4.61527e-01 4.88475e+00 8.63996e-07
4.61527e-01 4.90703e+00 6.77105e-07
4.61527e-01 4.92696e+00 5.42873e-07
4.61527e-01 4.94452e+00 4.45812e-07
4.61527e-01 4.95969e+00 3.75385e-07
4.61527e-01 4.97246e+00 3.24400e-07
4.61527e-01 4.98281e+00 2.87943e-07
4.61527e-01 4.99074e+00 2.62688e-07
4.61527e-01 4.99623e+00 2.46432e-07
4.61527e-01 4.99928e+00 2.37809e-07
5.07755e-01 7.15683e-04 -4.44163e-04
5.07755e-01 3.77012e-03 -2.33974e-03
5.07755e-01 9.26216e-03 -5.74752e-03
5.07755e-01 1.71877e-02 -1.06624e-02
5.07755e-01 2.75390e-02 -1.70725e-02
5.07755e-01 4.03061e-02 -2.49562e-02
5.07755e-01 5.54766e-02 -3.42774e-02
5.07755e-01 7.30356e-02 -4.49803e-02
5.07755e-01 9.29659e-02 -5.69826e-02
5.07755e-01 1.15248e-01 -7.01696e-02
5.07755e-01 1.39860e-01 -8.43875e-02
5.07755e-01 1.66779e-01 -9.94377e-02
5.07755e-01 1.95977e-01 -1.15072e-01
5.07755e-01 2.27426e-01 -1.30991e-01
5.07755e-01 2.61096e-01 -1.46844e-01
5.07755e-01 2.96953e-01 -1.62236e-01
5.07755e-01 3.34963e-01 -1.76735e-01
5.07755e-01 3.75089e-01 -1.89888e-01
5.07755e-01 4.17290e-01 -2.01246e-01
5.07755e-01 4.61527e-01 -2.10386e-01
5.07755e-01 5.07755e-01 -2.16940e-01
5.07755e-01 5.55930e-01 -2.20628e-01
5.07755e-01 6.06005e-01 -2.21274e-01
5.07755e-01 6.57930e-01 -2.18830e-01
5.07755e-01 7.11655e-01 -2.13372e-01
5.07755e-01 7.67127e-01 -2.05097e-01
5.07755e-01 8.24292e-01 -1.94299e-01
5.07755e-01 8.83095e-01 -1.81345e-01
5.07755e-01 9.43478e-01 -1.66643e-01
5.07755e-01 1.00538e+00 -1.50616e-01
5.07755e-01 1.06875e+00 -1.33677e-01
5.07755e-01 1.13351e+00 -1.16212e-01
5.07755e-01 1.19960e+00 -9.85734e-02
5.07755e-01 1.26697e+00 -8.10687e-02
5.07755e-01 1.33555e+00 -6.39612e-02
5.07755e-01 1.40526e+00 -4.74687e-02
5.07755e-01 1.47604e+00 -3.17635e-02
5.07755e-01 1.54782e+00 -1.69731e-02
5.07755e-01 1.62053e+00 -3.17970e-03
5.07755e-01 1.69410e+00 9.57948e-03
5.07755e-01 1.76846e+00 2.13111e-02
5.07755e-01 1.84353e+00 3.20631e-02
5.07755e-01 1.91924e+00 4.19173e-02
5.07755e-01 1.99553e+00 5.09777e-02
5.07755e-01 2.07230e+00 5.93508e-02
5.07755e-01 2.14949e+00 6.71177e-02
5.07755e-01 2.22703e+00 7.42994e-02
5.07755e-01 2.30483e+00 8.08206e-02
5.07755e-01 2.38282e+00 8.64801e-02
5.07755e-01 2.46093e+00 9.09430e-02
5.07755e-01 2.53907e+00 9.37705e-02
5.07755e-01 2.61718e+00 9.44979e-02
5.07755e-01 2.69517e+00 9.27564e-02
5.07755e-01 2.77297e+00 8.84100e-02
5.07755e-01 2.85051e+00 8.16564e-02
5.07755e-01 2.92770e+00 7.30383e-02
5.07755e-01 3.00447e+00 6.33412e-02
5.07755e-01 3.08076e+00 5.34090e-02
5.07755e-01 3.15647e+00 4.39558e-02
5.07755e-01 3.23154e+00 3.54525e-02
5.07755e-01 3.30590e+00 2.81165e-02
5.07755e-01 3.37947e+00 2.19742e-02
5.07755e-01 3.45218e+00 1.69432e-02
5.07755e-01 3.52396e+00 1.28943e-02
5.07755e-01 3.59474e+00 9.68654e-03
5.07755e-01 3.66445e+00 7.18369e-03
5.07755e-01 3.73303e+00 5.26028e-03
5.07755e-01 3.80040e+00 3.80447e-03
5.07755e-01 3.86649e+00 2.71907e-03
5.07755e-01 3.93125e+00 1.92167e-03
5.07755e-01 3.99462e+00 1.34406e-03
5.07755e-01 4.05652e+00 9.31223e-04
5.07755e-01 4.11690e+00 6.39803e-04
5.07755e-01 4.17571e+00 4.36422e-04
5.07755e-01 4.23287e+00 2.95928e-04
5.07755e-01 4.28835e+00 1.99745e-04
5.07755e-01 4.34207e+00 1.34402e-04
5.07755e-01 4.39400e+00 9.02891e-05
5.07755e-01 4.44407e+00 6.06530e-05
5.07755e-01 4.49224e+00 4.08105e-05
5.07755e-01 4.53847e+00 2.75504e-05
5.07755e-01 4.58271e+00 1.86926e-05
5.07755e-01 4.62491e+00 1.27689e-05
5.07755e-01 4.66504e+00 8.79730e-06
5.07755e-01 4.70305e+00 6.12373e-06
5.07755e-01 4.73890e+00 4.31433e-06
5.07755e-01 4.77257e+00 3.08167e-06
5.07755e-01 4.80402e+00 2.23544e-06
5.07755e-01 4.83322e+00 1.64950e-06
5.07755e-01 4.86014e+00 1.24002e-06
5.07755e-01 4.88475e+00 9.51118e-07
5.07755e-01 4.90703e+00 7.45380e-07
5.07755e-01 4.92696e+00 5.97612e-07
5.07755e-01 4.94452e+00 4.90763e-07
5.07755e-01 4.95969e+00 4.13235e-07
5.07755e-01 4.97246e+00 3.57108e-07
5.07755e-01 4.98281e+00 3.16975e-07
5.07755e-01 4.99074e+00 2.89173e-07
5.07755e-01 4.99623e+00 2.71279e-07
5.07755e-01 4.99928e+00 2.61786e-07
5.55930e-01 7.15683e-04 -4.38092e-04
5.55930e-01 3.77012e-03 -2.30777e-03
5.55930e-01 9.26216e-03 -5.66903e-03
5.55930e-01 1.71877e-02 -1.05171e-02
5.55930e-01 2.75390e-02 -1.68409e-02
5.55930e-01 4.03061e-02 -2.46207e-02
5.55930e-01 5.54766e-02 -3.38236e-02
5.55930e-01 7.30356e-02 -4.43988e-02
5.55930e-01 9.29659e-02 -5.62720e-02
5.55930e-01 1.15248e-01 -6.93394e-02
5.55930e-01 1.39860e-01 -8.34617e-02
5.55930e-01 1.66779e-01 -9.84584e-02
5.55930e-01 1.95977e-01 -1.14103e-01
5.55930e-01 2.27426e-01 -1.30119e-01
5.55930e-01 2.61096e-01 -1.46182e-01
5.55930e-01 2.96953e-01 -1.61919e-01
5.55930e-01 3.34963e-01 -1.76915e-01
5.55930e-01 3.75089e-01 -1.90729e-01
5.55930e-01 4.17290e-01 -2.02908e-01
5.55930e-01 4.61527e-01 -2.13008e-01
5.55930e-01 5.07755e-01 -2.20628e-01
5.55930e-01 5.55930e-01 -2.25431e-01
5.55930e-01 6.06005e-01 -2.27180e-01
5.55930e-01 6.57930e-01 -2.25753e-01
5.55930e-01 7.11655e-01 -2.21157e-01
5.55930e-01 7.67127e-01 -2.13530e-01
5.55930e-01 8.24292e-01 -2.03126e-01
5.55930e-01 8.83095e-01 -1.90292e-01
5.55930e-01 9.43478e-01 -1.75435e-01
5.55930e-01 1.00538e+00 -1.58996e-01
5.55930e-01 1.06875e+00 -1.41419e-01
5.55930e-01 1.13351e+00 -1.23132e-01
5.55930e-01 1.19960e+00 -1.04527e-01
5.55930e-01 1.26697e+00 -8.59533e-02
5.55930e-01 1.33555e+00 -6.77145e-02
5.55930e-01 1.40526e+00 -5.00629e-02
5.55930e-01 1.47604e+00 -3.32004e-02
5.55930e-01 1.54782e+00 -1.72784e-02
5.55930e-01 1.62053e+00 -2.39739e-03
5.55930e-01 1.69410e+00 1.13927e-02
5.55930e-01 1.76846e+00 2.40915e-02
5.55930e-01 1.84353e+00 3.57444e-02
5.55930e-01 1.91924e+00 4.64354e-02
5.55930e-01 1.99553e+00 5.62736e-02
5.55930e-01 2.07230e+00 6.53714e-02
5.55930e-01 2.14949e+00 7.38140e-02
5.55930e-01 2.22703e+00 8.16225e-02
5.55930e-01 2.30483e+00 8.87125e-02
5.55930e-01 2.38282e+00 9.48631e-02
5.55930e-01 2.46093e+00 9.97076e-02
5.55930e-01 2.53907e+00 1.02766e-01
5.55930e-01 2.61718e+00 1.03531e-01
5.55930e-01 2.69517e+00 1.01598e-01
5.55930e-01 2.77297e+00 9.68207e-02
5.55930e-01 2.85051e+00 8.94137e-02
5.55930e-01 2.92770e+00 7.99707e-02
5.55930e-01 3.00447e+00 6.93504e-02
5.55930e-01 3.08076e+00 5.84752e-02
5.55930e-01 3.15647e+00 4.81258e-02
5.55930e-01 3.23154e+00 3.88168e-02
5.55930e-01 3.30590e+00 3.07857e-02
5.55930e-01 3.37947e+00 2.40613e-02
5.55930e-01 3.45218e+00 1.85534e-02
5.55930e-01 3.52396e+00 1.41203e-02
5.55930e-01 3.59474e+00 1.06081e-02
5.55930e-01 3.66445e+00 7.86747e-03
5.55930e-01 3.73303e+00 5.76122e-03
5.55930e-01 3.80040e+00 4.16694e-03
5.55930e-01 3.86649e+00 2.97824e-03
5.55930e-01 3.93125e+00 2.10489e-03
5.55930e-01 3.99462e+00 1.47225e-03
5.55930e-01 4.05652e+00 1.02007e-03
5.55930e-01 4.11690e+00 7.00860e-04
5.55930e-01 4.17571e+00 4.78078e-04
5.55930e-01 4.23287e+00 3.24179e-04
5.55930e-01 4.28835e+00 2.18817e-04
5.55930e-01 4.34207e+00 1.47237e-04
5.55930e-01 4.39400e+00 9.89118e-05
5.55930e-01 4.44407e+00 6.64459e-05
5.55930e-01 4.49224e+00 4.47085e-05
5.55930e-01 4.53847e+00 3.01820e-05
5.55930e-01 4.58271e+00 2.04781e-05
5.55930e-01 4.62491e+00 1.39887e-05
5.55930e-01 4.66504e+00 9.63764e-06
5.55930e-01 4.70305e+00 6.70869e-06
5.55930e-01 4.73890e+00 4.72644e-06
5.55930e-01 4.77257e+00 3.37603e-06
5.55930e-01 4.80402e+00 2.44897e-06
5.55930e-01 4.83322e+00 1.80705e-06
5.55930e-01 4.86014e+00 1.35846e-06
5.55930e-01 4.88475e+00 1.04196e-06
5.55930e-01 4.90703e+00 8.16571e-07
5.55930e-01 4.92696e+00 6.54688e-07
5.55930e-01 4.94452e+00 5.37634e-07
5.55930e-01 4.95969e+00 4.52700e-07
5.55930e-01 4.97246e+00 3.91212e-07
5.55930e-01 4.98281e+00 3.47247e-07
5.55930e-01 4.99074e+00 3.16789e-07
5.55930e-01 4.99623e+00 2.97186e-07
5.55930e-01 4.99928e+00 2.86786e-07
6.06005e-01 7.15683e-04 -4.26521e-04
6.06005e-01 3.77012e-03 -2.24682e-03
6.06005e-01 9.26216e-03 -5.51936e-03
6.06005e-01 1.71877e-02 -1.02397e-02
6.06005e-01 2.75390e-02 -1.63977e-02
6.06005e-01 4.03061e-02 -2.39755e-02
6.06005e-01 5.54766e-02 -3.29435e-02
6.06005e-01 7.30356e-02 -4.32563e-02
6.06005e-01 9.29659e-02 -5.48476e-02
6.06005e-01 1.15248e-01 -6.76250e-02
6.06005e-01 1.39860e-01 -8.14642e-02
6.06005e-01 1.66779e-01 -9.62039e-02
6.06005e-01 1.95977e-01 -1.11641e-01
6.06005e-01 2.27426e-01 -1.27526e-01
6.06005e-01 2.61096e-01 -1.43562e-01
6.06005e-01 2.96953e-01 -1.59406e-01
6.06005e-01 3.34963e-01 -1.74670e-01
6.06005e-01 3.75089e-01 -1.88933e-01
6.06005e-01 4.17290e-01 -2.01749e-01
6.06005e-01 4.61527e-01 -2.12671e-01
6.06005e-01 5.07755e-01 -2.21274e-01
6.06005e-01 5.55930e-01 -2.27180e-01
6.06005e-01 6.06005e-01 -2.30090e-01
6.06005e-01 6.57930e-01 -2.29810e-01
6.06005e-01 7.11655e-01 -2.26270e-01
6.06005e-01 7.67127e-01 -2.19536e-01
6.06005e-01 8.24292e-01 -2.09800e-01
6.06005e-01 8.83095e-01 -1.97370e-01
6.06005e-01 9.43478e-01 -1.82637e-01
6.06005e-01 1.00538e+00 -1.66045e-01
6.06005e-01 1.06875e+00 -1.48061e-01
6.06005e-01 1.13351e+00 -1.29147e-01
6.06005e-01 1.19960e+00 -1.09737e-01
6.06005e-01 1.26697e+00 -9.02249e-02
6.06005e-01 1.33555e+00 -7.09555e-02
6.06005e-01 1.40526e+00 -5.22204e-02
6.06005e-01 1.47604e+00 -3.42554e-02
6.06005e-01 1.54782e+00 -1.72396e-02
6.06005e-01 1.62053e+00 -1.29536e-03
6.06005e-01 1.69410e+00 1.35116e-02
6.06005e-01 1.76846e+00 2.71712e-02
6.06005e-01 1.84353e+00 3.97246e-02
6.06005e-01 1.91924e+00 5.12562e-02
6.06005e-01 1.99553e+00 6.18786e-02
6.06005e-01 2.07230e+00 7.17093e-02
6.06005e-01 2.14949e+00 8.08374e-02
6.06005e-01 2.22703e+00 8.92824e-02
6.06005e-01 2.30483e+00 9.69505e-02
6.06005e-01 2.38282e+00 1.03600e-01
6.06005e-01 2.46093e+00 1.08831e-01
6.06005e-01 2.53907e+00 1.12121e-01
6.06005e-01 2.61718e+00 1.12917e-01
6.06005e-01 2.69517e+00 1.10781e-01
6.06005e-01 2.77297e+00 1.05552e-01
6.06005e-01 2.85051e+00 9.74644e-02
6.06005e-01 2.92770e+00 8.71642e-02
6.06005e-01 3.00447e+00 7.55854e-02
6.06005e-01 3.08076e+00 6.37317e-02
6.06005e-01 3.15647e+00 5.24525e-02
6.06005e-01 3.23154e+00 4.23078e-02
6.06005e-01 3.30590e+00 3.35557e-02
6.06005e-01 3.37947e+00 2.62275e-02
6.06005e-01 3.45218e+00 2.02247e-02
6.06005e-01 3.52396e+00 1.53931e-02
6.06005e-01 3.59474e+00 1.15649e-02
6.06005e-01 3.66445e+00 8.57755e-03
6.06005e-01 3.73303e+00 6.28150e-03
6.06005e-01 3.80040e+00 4.54345e-03
6.06005e-01 3.86649e+00 3.24747e-03
6.06005e-01 3.93125e+00 2.29526e-03
6.06005e-01 3.99462e+00 1.60545e-03
6.06005e-01 4.05652e+00 1.11239e-03
6.06005e-01 4.11690e+00 7.64307e-04
6.06005e-01 4.17571e+00 5.21369e-04
6.06005e-01 4.23287e+00 3.53540e-04
6.06005e-01 4.28835e+00 2.38639e-04
6.06005e-01 4.34207e+00 1.60576e-04
6.06005e-01 4.39400e+00 1.07874e-04
6.06005e-01 4.44407e+00 7.24670e-05
6.06005e-01 4.49224e+00 4.87601e-05
6.06005e-01 4.53847e+00 3.29173e-05
6.06005e-01 4.58271e+00 2.23340e-05
6.06005e-01 4.62491e+00 1.52565e-05
6.06005e-01 4.66504e+00 1.05111e-05
6.06005e-01 4.70305e+00 7.31671e-06
6.06005e-01 4.73890e+00 5.15480e-06
6.06005e-01 4.77257e+00 3.68200e-06
6.06005e-01 4.80402e+00 2.67091e-06
6.06005e-01 4.83322e+00 1.97082e-06
6.06005e-01 4.86014e+00 1.48156e-06
6.06005e-01 4.88475e+00 1.13638e-06
6.06005e-01 4.90703e+00 8.90567e-07
6.06005e-01 4.92696e+00 7.14013e-07
6.06005e-01 4.94452e+00 5.86350e-07
6.06005e-01 4.95969e+00 4.93720e-07
6.06005e-01 4.97246e+00 4.26660e-07
6.06005e-01 4.98281e+00 3.78710e-07
6.06005e-01 4.99074e+00 3.45492e-07
6.06005e-01 4.99623e+00 3.24112e-07
6.06005e-01 4.99928e+00 3.12770e-07
6.57930e-01 7.15683e-04 -4.10093e-04
6.57930e-01 3.77012e-03 -2.16028e-03
6.57930e-01 9.26216e-03 -5.30683e-03
6.57930e-01 1.71877e-02 -9.84564e-03
6.57930e-01 2.75390e-02 -1.57676e-02
6.57930e-01 4.03061e-02 -2.30565e-02
6.57930e-01 5.54766e-02 -3.16862e-02
6.57930e-01 7.30356e-02 -4.16166e-02
6.57930e-01 9.29659e-02 -5.27892e-02
6.57930e-01 1.15248e-01 -6.51229e-02
6.57930e-01 1.39860e-01 -7.85083e-02
6.57930e-01 1.66779e-01 -9.28034e-02
6.57930e-01 1.95977e-01 -1.07828e-01
6.57930e-01 2.27426e-01 -1.23362e-01
6.57930e-01 2.61096e-01 -1.39139e-01
6.57930e-01 2.96953e-01 -1.54849e-01
6.57930e-01 3.34963e-01 -1.70135e-01
6.57930e-01 3.75089e-01 -1.84606e-01
6.57930e-01 4.17290e-01 -1.97837e-01
6.57930e-01 4.61527e-01 -2.09390e-01
6.57930e-01 5.07755e-01 -2.18830e-01
6.57930e-01 5.55930e-01 -2.25753e-01
6.57930e-01 6.06005e-01 -2.29810e-01
6.57930e-01 6.57930e-01 -2.30741e-01
6.57930e-01 7.11655e-01 -2.28398e-01
6.57930e-01 7.67127e-01 -2.22762e-01
6.57930e-01 8.24292e-01 -2.13952e-01
6.57930e-01 8.83095e-01 -2.02213e-01
6.57930e-01 9.43478e-01 -1.87900e-01
6.57930e-01 1.00538e+00 -1.71443e-01
6.57930e-01 1.06875e+00 -1.53319e-01
6.57930e-01 1.13351e+00 -1.34013e-01
6.57930e-01 1.19960e+00 -1.13998e-01
6.57930e-01 1.26697e+00 -9.37126e-02
6.57930e-01 1.33555e+00 -7.35455e-02
6.57930e-01 1.40526e+00 -5.38306e-02
6.57930e-01 1.47604e+00 -3.48418e-02
6.57930e-01 1.54782e+00 -1.67903e-02
6.57930e-01 1.62053e+00 1.75674e-04
6.57930e-01 1.69410e+00 1.59715e-02
6.57930e-01 1.76846e+00 3.05741e-02
6.57930e-01 1.84353e+00 4.40181e-02
6.57930e-01 1.91924e+00 5.63863e-02
6.57930e-01 1.99553e+00 6.77933e-02
6.57930e-01 2.07230e+00 7.83604e-02
6.57930e-01 2.14949e+00 8.81792e-02
6.57930e-01 2.22703e+00 9.72671e-02
6.57930e-01 2.30483e+00 1.05520e-01
6.57930e-01 2.38282e+00 1.12673e-01
6.57930e-01 2.46093e+00 1.18294e-01
6.57930e-01 2.53907e+00 1.21814e-01
6.57930e-01 2.61718e+00 1.22636e-01
6.57930e-01 2.69517e+00 1.20285e-01
6.57930e-01 2.77297e+00 1.14584e-01
6.57930e-01 2.85051e+00 1.05791e-01
6.57930e-01 2.92770e+00 9.46026e-02
6.57930e-01 3.00447e+00 8.20321e-02
6.57930e-01 3.08076e+00 6.91666e-02
6.57930e-01 3.15647e+00 5.69263e-02
6.57930e-01 3.23154e+00 4.59177e-02
6.57930e-01 3.30590e+00 3.64204e-02
6.57930e-01 3.37947e+00 2.84681e-02
6.57930e-01 3.45218e+00 2.19537e-02
6.57930e-01 3.52396e+00 1.67100e-02
6.57930e-01 3.59474e+00 1.25550e-02
6.57930e-01 3.66445e+00 9.31245e-03
6.57930e-01 3.73303e+00 6.82005e-03
6.57930e-01 3.80040e+00 4.93323e-03
6.57930e-01 3.86649e+00 3.52623e-03
6.57930e-01 3.93125e+00 2.49238e-03
6.57930e-01 3.99462e+00 1.74339e-03
6.57930e-01 4.05652e+00 1.20800e-03
6.57930e-01 4.11690e+00 8.30024e-04
6.57930e-01 4.17571e+00 5.66210e-04
6.57930e-01 4.23287e+00 3.83954e-04
6.57930e-01 4.28835e+00 2.59173e-04
6.57930e-01 4.34207e+00 1.74395e-04
6.57930e-01 4.39400e+00 1.17159e-04
6.57930e-01 4.44407e+00 7.87050e-05
6.57930e-01 4.49224e+00 5.29577e-05
6.57930e-01 4.53847e+00 3.57512e-05
6.57930e-01 4.58271e+00 2.42569e-05
6.57930e-01 4.62491e+00 1.65700e-05
6.57930e-01 4.66504e+00 1.14161e-05
6.57930e-01 4.70305e+00 7.94666e-06
6.57930e-01 4.73890e+00 5.59861e-06
6.57930e-01 4.77257e+00 3.99900e-06
6.57930e-01 4.80402e+00 2.90086e-06
6.57930e-01 4.83322e+00 2.14048e-06
6.57930e-01 4.86014e+00 1.60910e-06
6.57930e-01 4.88475e+00 1.23421e-06
6.57930e-01 4.90703e+00 9.67227e-07
6.57930e-01 4.92696e+00 7.75473e-07
6.57930e-01 4.94452e+00 6.36820e-07
6.57930e-01 4.95969e+00 5.36215e-07
6.57930e-01 4.97246e+00 4.63382e-07
6.57930e-01 4.98281e+00 4.11304e-07
6.57930e-01 4.99074e+00 3.75227e-07
6.57930e-01 4.99623e+00 3.52007e-07
6.57930e-01 4.99928e+00 3.39688e-07
7.11655e-01 7.15683e-04 -3.89541e-04
7.11655e-01 3.77012e-03 -2.05202e-03
7.11655e-01 9.26216e-03 -5.04092e-03
7.11655e-01 1.71877e-02 -9.35251e-03
7.11655e-01 2.75390e-02 -1.49786e-02
7.11655e-01 4.03061e-02 -2.19048e-02
7.11655e-01 5.54766e-02 -3.01081e-02
7.11655e-01 7.30356e-02 -3.95533e-02
7.11655e-01 9.29659e-02 -5.01897e-02
7.11655e-01 1.15248e-01 -6.19465e-02
7.11655e-01 1.39860e-01 -7.47288e-02
7.11655e-01 1.66779e-01 -8.84130e-02
7.11655e-01 1.95977e-01 -1.02842e-01
7.11655e-01 2.27426e-01 -1.17823e-01
7.11655e-01 2.61096e-01 -1.33122e-01
7.11655e-01 2.96953e-01 -1.48462e-01
7.11655e-01 3.34963e-01 -1.63524e-01
7.11655e-01 3.75089e-01 -1.77951e-01
7.11655e-01 4.17290e-01 -1.91347e-01
7.11655e-01 4.61527e-01 -2.03297e-01
7.11655e-01 5.07755e-01 -2.13372e-01
7.11655e-01 5.55930e-01 -2.21157e-01
7.11655e-01 6.06005e-01 -2.26270e-01
7.11655e-01 6.57930e-01 -2.28398e-01
7.11655e-01 7.11655e-01 -2.27319e-01
7.11655e-01 7.67127e-01 -2.22929e-01
7.11655e-01 8.24292e-01 -2.15260e-01
7.11655e-01 8.83095e-01 -2.04480e-01
7.11655e-01 9.43478e-01 -1.90884e-01
7.11655e-01 1.00538e+00 -1.74867e-01
7.11655e-01 1.06875e+00 -1.56896e-01
7.11655e-01 1.13351e+00 -1.37469e-01
7.11655e-01 1.19960e+00 -1.17088e-01
7.11655e-01 1.26697e+00 -9.62314e-02
7.11655e-01 1.33555e+00 -7.53339e-02
7.11655e-01 1.40526e+00 -5.47739e-02
7.11655e-01 1.47604e+00 -3.48670e-02
7.11655e-01 1.54782e+00 -1.58609e-02
7.11655e-01 1.62053e+00 2.06631e-03
7.11655e-01 1.69410e+00 1.88069e-02
7.11655e-01 1.76846e+00 3.43219e-02
7.11655e-01 1.84353e+00 4.86360e-02
7.11655e-01 1.91924e+00 6.18281e-02
7.11655e-01 1.99553e+00 7.40130e-02
7.11655e-01 2.07230e+00 8.53142e-02
7.11655e-01 2.14949e+00 9.58246e-02
7.11655e-01 2.22703e+00 1.05558e-01
7.11655e-01 2.30483e+00 1.14399e-01
7.11655e-01 2.38282e+00 1.22060e-01
7.11655e-01 2.46093e+00 1.28072e-01
7.11655e-01 2.53907e+00 1.31821e-01
7.11655e-01 2.61718e+00 1.32663e-01
7.11655e-01 2.69517e+00 1.30083e-01
7.11655e-01 2.77297e+00 1.23894e-01
7.11655e-01 2.85051e+00 1.14370e-01
7.11655e-01 2.92770e+00 1.02266e-01
7.11655e-01 3.00447e+00 8.86737e-02
7.11655e-01 3.08076e+00 7.47658e-02
7.11655e-01 3.15647e+00 6.15354e-02
7.11655e-01 3.23154e+00 4.96371e-02
7.11655e-01 3.30590e+00 3.93723e-02
7.11655e-01 3.37947e+00 3.07771e-02
7.11655e-01 3.45218e+00 2.37358e-02
7.11655e-01 3.52396e+00 1.80677e-02
7.11655e-01 3.59474e+00 1.35760e-02
7.11655e-01 3.66445e+00 1.00704e-02
7.11655e-01 3.73303e+00 7.37555e-03
7.11655e-01 3.80040e+00 5.33533e-03
7.11655e-01 3.86649e+00 3.81384e-03
7.11655e-01 3.93125e+00 2.69578e-03
7.11655e-01 3.99462e+00 1.88575e-03
7.11655e-01 4.05652e+00 1.30668e-03
7.11655e-01 4.11690e+00 8.97856e-04
7.11655e-01 4.17571e+00 6.12498e-04
7.11655e-01 4.23287e+00 4.15351e-04
7.11655e-01 4.28835e+00 2.80371e-04
7.11655e-01 4.34207e+00 1.88662e-04
7.11655e-01 4.39400e+00 1.26745e-04
7.11655e-01 4.44407e+00 8.51455e-05
7.11655e-01 4.49224e+00 5.72917e-05
7.11655e-01 4.53847e+00 3.86772e-05
7.11655e-01 4.58271e+00 2.62422e-05
7.11655e-01 4.62491e+00 1.79262e-05
7.11655e-01 4.66504e+00 1.23505e-05
7.11655e-01 4.70305e+00 8.59707e-06
7.11655e-01 4.73890e+00 6.05684e-06
7.11655e-01 4.77257e+00 4.32629e-06
7.11655e-01 4.80402e+00 3.13827e-06
7.11655e-01 4.83322e+00 2.31566e-06
7.11655e-01 4.86014e+00 1.74079e-06
7.11655e-01 4.88475e+00 1.33520e-06
7.11655e-01 4.90703e+00 1.04637e-06
7.11655e-01 4.92696e+00 8.38927e-07
7.11655e-01 4.94452e+00 6.88926e-07
7.11655e-01 4.95969e+00 5.80088e-07
7.11655e-01 4.97246e+00 5.01295e-07
7.11655e-01 4.98281e+00 4.44955e-07
7.11655e-01 4.99074e+00 4.05926e-07
7.11655e-01 4.99623e+00 3.80806e-07
7.11655e-01 4.99928e+00 3.67479e-07
7.67127e-01 7.15683e-04 -3.65633e-04
7.67127e-01 3.77012e-03 -1.92608e-03
7.67127e-01 9.26216e-03 -4.73157e-03
7.67127e-01 1.71877e-02 -8.77875e-03
7.67127e-01 2.75390e-02 -1.40603e-02
7.67127e-01 4.03061e-02 -2.05635e-02
7.67127e-01 5.54766e-02 -2.82684e-02
7.67127e-01 7.30356e-02 -3.71443e-02
7.67127e-01 9.29659e-02 -4.71474e-02
7.67127e-01 1.15248e-01 -5.82168e-02
7.67127e-01 1.39860e-01 -7.02708e-02
7.67127e-01 1.66779e-01 -8.32030e-02
7.67127e-01 1.95977e-01 -9.68781e-02
7.67127e-01 2.27426e-01 -1.11129e-01
7.67127e-01 2.61096e-01 -1.25752e-01
7.67127e-01 2.96953e-01 -1.40505e-01
7.67127e-01 3.34963e-01 -1.55108e-01
7.67127e-01 3.75089e-01 -1.69240e-01
7.67127e-01 4.17290e-01 -1.82543e-01
7.67127e-01 4.61527e-01 -1.94631e-01
7.67127e-01 5.07755e-01 -2.05097e-01
7.67127e-01 5.55930e-01 -2.13530e-01
7.67127e-01 6.06005e-01 -2.19536e-01
7.67127e-01 6.57930e-01 -2.22762e-01
7.67127e-01 7.11655e-01 -2.22929e-01
7.67127e-01 7.67127e-01 -2.19853e-01
7.67127e-01 8.24292e-01 -2.13478e-01
7.67127e-01 8.83095e-01 -2.03881e-01
7.67127e-01 9.43478e-01 -1.91277e-01
7.67127e-01 1.00538e+00 -1.76005e-01
7.67127e-01 1.06875e+00 -1.58497e-01
7.67127e-01 1.13351e+00 -1.39247e-01
7.67127e-01 1.19960e+00 -1.18772e-01
7.67127e-01 1.26697e+00 -9.75845e-02
7.67127e-01 1.33555e+00 -7.61598e-02
7.67127e-01 1.40526e+00 -5.49226e-02
7.67127e-01 1.47604e+00 -3.42328e-02
7.67127e-01 1.54782e+00 -1.43787e-02
7.67127e-01 1.62053e+00 4.42764e-03
7.67127e-01 1.69410e+00 2.20511e-02
7.67127e-01 1.76846e+00 3.84327e-02
7.67127e-01 1.84353e+00 5.35843e-02
7.67127e-01 1.91924e+00 6.75780e-02
7.67127e-01 1.99553e+00 8.05264e-02
7.67127e-01 2.07230e+00 9.25532e-02
7.67127e-01 2.14949e+00 1.03751e-01
7.67127e-01 2.22703e+00 1.14129e-01
7.67127e-01 2.30483e+00 1.23559e-01
7.67127e-01 2.38282e+00 1.31729e-01
7.67127e-01 2.46093e+00 1.38131e-01
7.67127e-01 2.53907e+00 1.42108e-01
7.67127e-01 2.61718e+00 1.42963e-01
7.67127e-01 2.69517e+00 1.40145e-01
7.67127e-01 2.77297e+00 1.33451e-01
7.67127e-01 2.85051e+00 1.23176e-01
7.67127e-01 2.92770e+00 1.10131e-01
7.67127e-01 3.00447e+00 9.54890e-02
7.67127e-01 3.08076e+00 8.05114e-02
7.67127e-01 3.15647e+00 6.62654e-02
7.67127e-01 3.23154e+00 5.34544e-02
7.67127e-01 3.30590e+00 4.24022e-02
7.67127e-01 3.37947e+00 3.31476e-02
7.67127e-01 3.45218e+00 2.55656e-02
7.67127e-01 3.52396e+00 1.94619e-02
7.67127e-01 3.59474e+00 1.46247e-02
7.67127e-01 3.66445e+00 1.08490e-02
7.67127e-01 3.73303e+00 7.94634e-03
7.67127e-01 3.80040e+00 5.74858e-03
7.67127e-01 3.86649e+00 4.10946e-03
7.67127e-01 3.93125e+00 2.90489e-03
7.67127e-01 3.99462e+00 2.03211e-03
7.67127e-01 4.05652e+00 1.40815e-03
7.67127e-01 4.11690e+00 9.67609e-04
7.67127e-01 4.17571e+00 6.60100e-04
7.67127e-01 4.23287e+00 4.47642e-04
7.67127e-01 4.28835e+00 3.02174e-04
7.67127e-01 4.34207e+00 2.03336e-04
7.67127e-01 4.39400e+00 1.36605e-04
7.67127e-01 4.44407e+00 9.17702e-05
7.67127e-01 4.49224e+00 6.17497e-05
7.67127e-01 4.53847e+00 4.16870e-05
7.67127e-01 4.58271e+00 2.82845e-05
7.67127e-01 4.62491e+00 1.93213e-05
7.67127e-01 4.66504e+00 1.33117e-05
7.67127e-01 4.70305e+00 9.26613e-06
7.67127e-01 4.73890e+00 6.52819e-06
7.67127e-01 4.77257e+00 4.66297e-06
7.67127e-01 4.80402e+00 3.38248e-06
7.67127e-01 4.83322e+00 2.49584e-06
7.67127e-01 4.86014e+00 1.87624e-06
7.67127e-01 4.88475e+00 1.43909e-06
7.67127e-01 4.90703e+00 1.12778e-06
7.67127e-01 4.92696e+00 9.04194e-07
7.67127e-01 4.94452e+00 7.42521e-07
7.67127e-01 4.95969e+00 6.25215e-07
7.67127e-01 4.97246e+00 5.40291e-07
7.67127e-01 4.98281e+00 4.79567e-07
7.67127e-01 4.99074e+00 4.37501e-07
7.67127e-01 4.99623e+00 4.10426e-07
7.67127e-01 4.99928e+00 3.96063e-07
8.24292e-01 7.15683e-04 -3.39128e-04
8.24292e-01 3.77012e-03 -1.78646e-03
8.24292e-01 9.26216e-03 -4.38861e-03
8.24292e-01 1.71877e-02 -8.14258e-03
8.24292e-01 2.75390e-02 -1.30419e-02
8.24292e-01 4.03061e-02 -1.90754e-02
8.24292e-01 5.54766e-02 -2.62257e-02
8.24292e-01 7.30356e-02 -3.44666e-02
8.24292e-01 9.29659e-02 -4.37603e-02
8.24292e-01 1.15248e-01 -5.40547e-02
8.24292e-01 1.39860e-01 -6.52801e-02
8.24292e-01 1.66779e-01 -7.73457e-02
8.24292e-01 1.95977e-01 -9.01359e-02
8.24292e-01 2.27426e-01 -1.03507e-01
8.24292e-01 2.61096e-01 -1.17285e-01
8.24292e-01 2.96953e-01 -1.31262e-01
8.24292e-01 3.34963e-01 -1.45191e-01
8.24292e-01 3.75089e-01 -1.58793e-01
8.24292e-01 4.17290e-01 -1.71749e-01
8.24292e-01 4.61527e-01 -1.83710e-01
8.24292e-01 5.07755e-01 -1.94299e-01
8.24292e-01 5.55930e-01 -2.03126e-01
8.24292e-01 6.06005e-01 -2.09800e-01
8.24292e-01 6.57930e-01 -2.13952e-01
8.24292e-01 7.11655e-01 -2.15260e-01
8.24292e-01 7.67127e-01 -2.13478e-01
8.24292e-01 8.24292e-01 -2.08465e-01
8.24292e-01 8.83095e-01 -2.00206e-01
8.24292e-01 9.43478e-01 -1.88823e-01
8.24292e-01 1.00538e+00 -1.74576e-01
8.24292e-01 1.06875e+00 -1.57841e-01
8.24292e-01 1.13351e+00 -1.39081e-01
8.24292e-01 1.19960e+00 -1.18813e-01
8.24292e-01 1.26697e+00 -9.75669e-02
8.24292e-01 1.33555e+00 -7.58537e-02
8.24292e-01 1.40526e+00 -5.41416e-02
8.24292e-01 1.47604e+00 -3.28360e-02
8.24292e-01 1.54782e+00 -1.22684e-02
8.24292e-01 1.62053e+00 7.31063e-03
8.24292e-01 1.69410e+00 2.57346e-02
8.24292e-01 1.76846e+00 4.29204e-02
8.24292e-01 1.84353e+00 5.88632e-02
8.24292e-01 1.91924e+00 7.36250e-02
8.24292e-01 1.99553e+00 8.73136e-02
8.24292e-01 2.07230e+00 1.00051e-01
8.24292e-01 2.14949e+00 1.11926e-01
8.24292e-01 2.22703e+00 1.22944e-01
8.24292e-01 2.30483e+00 1.32960e-01
8.24292e-01 2.38282e+00 1.41637e-01
8.24292e-01 2.46093e+00 1.48430e-01
8.24292e-01 2.53907e+00 1.52631e-01
8.24292e-01 2.61718e+00 1.53495e-01
8.24292e-01 2.69517e+00 1.50430e-01
8.24292e-01 2.77297e+00 1.43218e-01
8.24292e-01 2.85051e+00 1.32174e-01
8.24292e-01 2.92770e+00 1.18167e-01
8.24292e-01 3.00447e+00 1.02452e-01
8.24292e-01 3.08076e+00 8.63820e-02
8.24292e-01 3.15647e+00 7.10985e-02
8.24292e-01 3.23154e+00 5.73552e-02
8.24292e-01 3.30590e+00 4.54989e-02
8.24292e-01 3.37947e+00 3.55706e-02
8.24292e-01 3.45218e+00 2.74364e-02
8.24292e-01 3.52396e+00 2.08876e-02
8.24292e-01 3.59474e+00 1.56972e-02
8.24292e-01 3.66445e+00 1.16455e-02
8.24292e-01 3.73303e+00 8.53037e-03
8.24292e-01 3.80040e+00 6.17149e-03
8.24292e-01 3.86649e+00 4.41205e-03
8.24292e-01 3.93125e+00 3.11894e-03
8.24292e-01 3.99462e+00 2.18195e-03
8.24292e-01 4.05652e+00 1.51205e-03
8.24292e-01 4.11690e+00 1.03904e-03
8.24292e-01 4.17571e+00 7.08851e-04
8.24292e-01 4.23287e+00 4.80715e-04
8.24292e-01 4.28835e+00 3.24506e-04
8.24292e-01 4.34207e+00 2.18367e-04
8.24292e-01 4.39400e+00 1.46705e-04
8.24292e-01 4.44407e+00 9.85566e-05
8.24292e-01 4.49224e+00 6.63166e-05
8.24292e-01 4.53847e+00 4.47703e-05
8.24292e-01 4.58271e+00 3.03766e-05
8.24292e-01 4.62491e+00 2.07505e-05
8.24292e-01 4.66504e+00 1.42963e-05
8.24292e-01 4.70305e+00 9.95154e-06
8.24292e-01 4.73890e+00 7.01107e-06
8.24292e-01 4.77257e+00 5.00786e-06
8.24292e-01 4.80402e+00 3.63265e-06
8.24292e-01 4.83322e+00 2.68043e-06
8.24292e-01 4.86014e+00 2.01499e-06
8.24292e-01 4.88475e+00 1.54551e-06
8.24292e-01 4.90703e+00 1.21118e-06
8.24292e-01 4.92696e+00 9.71051e-07
8.24292e-01 4.94452e+00 7.97421e-07
8.24292e-01 4.95969e+00 6.71439e-07
8.24292e-01 4.97246e+00 5.80234e-07
8.24292e-01 4.98281e+00 5.15021e-07
8.24292e-01 4.99074e+00 4.69844e-07
8.24292e-01 4.99623e+00 4.40767e-07
8.24292e-01 4.99928e+00 4.25341e-07
8.83095e-01 7.15683e-04 -3.10743e-04
8.83095e-01 3.77012e-03 -1.63694e-03
8.83095e-01 9.26216e-03 -4.02130e-03
8.83095e-01 1.71877e-02 -7.46118e-03
8.83095e-01 2.75390e-02 -1.19508e-02
8.83095e-01 4.03061e-02 -1.74807e-02
8.83095e-01 5.54766e-02 -2.40356e-02
8.83095e-01 7.30356e-02 -3.15932e-02
8.83095e-01 9.29659e-02 -4.01212e-02
8.83095e-01 1.15248e-01 -4.95754e-02
8.83095e-01 1.39860e-01 -5.98965e-02
8.83095e-01 1.66779e-01 -7.10075e-02
8.83095e-01 1.95977e-01 -8.28105e-02
8.83095e-01 2.27426e-01 -9.51837e-02
8.83095e-01 2.61096e-01 -1.07979e-01
8.83095e-01 2.96953e-01 -1.21017e-01
8.83095e-01 3.34963e-01 -1.34088e-01
8.83095e-01 3.75089e-01 -1.46950e-01
8.83095e-01 4.17290e-01 -1.59325e-01
8.83095e-01 4.61527e-01 -1.70903e-01
8.83095e-01 5.07755e-01 -1.81345e-01
8.83095e-01 5.55930e-01 -1.90292e-01
8.83095e-01 6.06005e-01 -1.97370e-01
8.83095e-01 6.57930e-01 -2.02213e-01
8.83095e-01 7.11655e-01 -2.04480e-01
8.83095e-01 7.67127e-01 -2.03881e-01
8.83095e-01 8.24292e-01 -2.00206e-01
8.83095e-01 8.83095e-01 -1.93353e-01
8.83095e-01 9.43478e-01 -1.83350e-01
8.83095e-01 1.00538e+00 -1.70360e-01
8.83095e-01 1.06875e+00 -1.54681e-01
8.83095e-01 1.13351e+00 -1.36724e-01
8.83095e-01 1.19960e+00 -1.16977e-01
8.83095e-01 1.26697e+00 -9.59711e-02
8.83095e-01 1.33555e+00 -7.42410e-02
8.83095e-01 1.40526e+00 -5.22907e-02
8.83095e-01 1.47604e+00 -3.05694e-02
8.83095e-01 1.54782e+00 -9.45325e-03
8.83095e-01 1.62053e+00 1.07656e-02
8.83095e-01 1.69410e+00 2.98849e-02
8.83095e-01 1.76846e+00 4.77935e-02
8.83095e-01 1.84353e+00 6.44657e-02
8.83095e-01 1.91924e+00 7.99496e-02
8.83095e-01 1.99553e+00 9.43450e-02
8.83095e-01 2.07230e+00 1.07769e-01
8.83095e-01 2.14949e+00 1.20307e-01
8.83095e-01 2.22703e+00 1.31954e-01
8.83095e-01 2.30483e+00 1.42552e-01
8.83095e-01 2.38282e+00 1.51734e-01
8.83095e-01 2.46093e+00 1.58915e-01
8.83095e-01 2.53907e+00 1.63339e-01
8.83095e-01 2.61718e+00 1.64208e-01
8.83095e-01 2.69517e+00 1.60889e-01
8.83095e-01 2.77297e+00 1.53148e-01
8.83095e-01 2.85051e+00 1.41322e-01
8.83095e-01 2.92770e+00 1.26337e-01
8.83095e-01 3.00447e+00 1.09532e-01
8.83095e-01 3.08076e+00 9.23512e-02
8.83095e-01 3.15647e+00 7.60130e-02
8.83095e-01 3.23154e+00 6.13221e-02
8.83095e-01 3.30590e+00 4.86484e-02
8.83095e-01 3.37947e+00 3.80354e-02
8.83095e-01 3.45218e+00 2.93398e-02
8.83095e-01 3.52396e+00 2.23385e-02
8.83095e-01 3.59474e+00 1.67890e-02
8.83095e-01 3.66445e+00 1.24565e-02
8.83095e-01 3.73303e+00 9.12511e-03
8.83095e-01 3.80040e+00 6.60224e-03
8.83095e-01 3.86649e+00 4.72031e-03
8.83095e-01 3.93125e+00 3.33705e-03
8.83095e-01 3.99462e+00 2.33465e-03
8.83095e-01 4.05652e+00 1.61794e-03
8.83095e-01 4.11690e+00 1.11185e-03
8.83095e-01 4.17571e+00 7.58547e-04
8.83095e-01 4.23287e+00 5.14431e-04
8.83095e-01 4.28835e+00 3.47273e-04
8.83095e-01 4.34207e+00 2.33693e-04
8.83095e-01 4.39400e+00 1.57004e-04
8.83095e-01 4.44407e+00 1.05476e-04
8.83095e-01 4.49224e+00 7.09733e-05
8.83095e-01 4.53847e+00 4.79143e-05
8.83095e-01 4.58271e+00 3.25099e-05
8.83095e-01 4.62491e+00 2.22079e-05
8.83095e-01 4.66504e+00 1.53004e-05
8.83095e-01 4.70305e+00 1.06504e-05
8.83095e-01 4.73890e+00 7.50344e-06
8.83095e-01 4.77257e+00 5.35953e-06
8.83095e-01 4.80402e+00 3.88774e-06
8.83095e-01 4.83322e+00 2.86864e-06
8.83095e-01 4.86014e+00 2.15647e-06
8.83095e-01 4.88475e+00 1.65402e-06
8.83095e-01 4.90703e+00 1.29621e-06
8.83095e-01 4.92696e+00 1.03922e-06
8.83095e-01 4.94452e+00 8.53395e-07
8.83095e-01 4.95969e+00 7.18567e-07
8.83095e-01 4.97246e+00 6.20959e-07
8.83095e-01 4.98281e+00 5.51167e-07
8.83095e-01 4.99074e+00 5.02819e-07
8.83095e-01 4.99623e+00 4.71700e-07
8.83095e-01 4.99928e+00 4.55192e-07
9.43478e-01 7.15683e-04 -2.81129e-04
9.43478e-01 3.77012e-03 -1.48094e-03
9.43478e-01 9.26216e-03 -3.63810e-03
9.43478e-01 1.71877e-02 -6.75025e-03
9.43478e-01 2.75390e-02 -1.08124e-02
9.43478e-01 4.03061e-02 -1.58163e-02
9.43478e-01 5.54766e-02 -2.17489e-02
9.43478e-01 7.30356e-02 -2.85910e-02
9.43478e-01 9.29659e-02 -3.63155e-02
9.43478e-01 1.15248e-01 -4.48848e-02
9.43478e-01 1.39860e-01 -5.42489e-02
9.43478e-01 1.66779e-01 -6.43427e-02
9.43478e-01 1.95977e-01 -7.50839e-02
9.43478e-01 2.27426e-01 -8.63696e-02
9.43478e-01 2.61096e-01 -9.80743e-02
9.43478e-01 2.96953e-01 -1.10047e-01
9.43478e-01 3.34963e-01 -1.22110e-01
9.43478e-01 3.75089e-01 -1.34054e-01
9.43478e-01 4.17290e-01 -1.45642e-01
9.43478e-01 4.61527e-01 -1.56605e-01
9.43478e-01 5.07755e-01 -1.66643e-01
9.43478e-01 5.55930e-01 -1.75435e-01
9.43478e-01 6.06005e-01 -1.82637e-01
9.43478e-01 6.57930e-01 -1.87900e-01
9.43478e-01 7.11655e-01 -1.90884e-01
9.43478e-01 7.67127e-01 -1.91277e-01
9.43478e-01 8.24292e-01 -1.88823e-01
9.43478e-01 8.83095e-01 -1.83350e-01
9.43478e-01 9.43478e-01 -1.74793e-01
9.43478e-01 1.00538e+00 -1.63219e-01
9.43478e-01 1.06875e+00 -1.48832e-01
9.43478e-01 1.13351e+00 -1.31962e-01
9.43478e-01 1.19960e+00 -1.13048e-01
9.43478e-01 1.26697e+00 -9.25971e-02
9.43478e-01 1.33555e+00 -7.11471e-02
9.43478e-01 1.40526e+00 -4.92269e-02
9.43478e-01 1.47604e+00 -2.73231e-02
9.43478e-01 1.54782e+00 -5.85511e-03
9.43478e-01 1.62053e+00 1.48417e-02
9.43478e-01 1.69410e+00 3.45264e-02
9.43478e-01 1.76846e+00 5.30550e-02
9.43478e-01 1.84353e+00 7.03770e-02
9.43478e-01 1.91924e+00 8.65227e-02
9.43478e-01 1.99553e+00 1.01580e-01
9.43478e-01 2.07230e+00 1.15659e-01
9.43478e-01 2.14949e+00 1.28837e-01
9.43478e-01 2.22703e+00 1.41100e-01
9.43478e-01 2.30483e+00 1.52270e-01
9.43478e-01 2.38282e+00 1.61952e-01
9.43478e-01 2.46093e+00 1.69520e-01
9.43478e-01 2.53907e+00 1.74165e-01
9.43478e-01 2.61718e+00 1.75037e-01
9.43478e-01 2.69517e+00 1.71461e-01
9.43478e-01 2.77297e+00 1.63187e-01
9.43478e-01 2.85051e+00 1.50571e-01
9.43478e-01 2.92770e+00 1.34597e-01
9.43478e-01 3.00447e+00 1.16691e-01
9.43478e-01 3.08076e+00 9.83871e-02
9.43478e-01 3.15647e+00 8.09829e-02
9.43478e-01 3.23154e+00 6.53340e-02
9.43478e-01 3.30590e+00 5.18341e-02
9.43478e-01 3.37947e+00 4.05289e-02
9.43478e-01 3.45218e+00 3.12657e-02
9.43478e-01 3.52396e+00 2.38069e-02
9.43478e-01 3.59474e+00 1.78942e-02
9.43478e-01 3.66445e+00 1.32777e-02
9.43478e-01 3.73303e+00 9.72749e-03
9.43478e-01 3.80040e+00 7.03862e-03
9.43478e-01 3.86649e+00 5.03265e-03
9.43478e-01 3.93125e+00 3.55809e-03
9.43478e-01 3.99462e+00 2.48943e-03
9.43478e-01 4.05652e+00 1.72528e-03
9.43478e-01 4.11690e+00 1.18566e-03
9.43478e-01 4.17571e+00 8.08936e-04
9.43478e-01 4.23287e+00 5.48620e-04
9.43478e-01 4.28835e+00 3.70363e-04
9.43478e-01 4.34207e+00 2.49235e-04
9.43478e-01 4.39400e+00 1.67448e-04
9.43478e-01 4.44407e+00 1.12494e-04
9.43478e-01 4.49224e+00 7.56964e-05
9.43478e-01 4.53847e+00 5.11032e-05
9.43478e-01 4.58271e+00 3.46737e-05
9.43478e-01 4.62491e+00 2.36860e-05
9.43478e-01 4.66504e+00 1.63188e-05
9.43478e-01 4.70305e+00 1.13593e-05
9.43478e-01 4.73890e+00 8.00284e-06
9.43478e-01 4.77257e+00 5.71622e-06
9.43478e-01 4.80402e+00 4.14646e-06
9.43478e-01 4.83322e+00 3.05953e-06
9.43478e-01 4.86014e+00 2.29995e-06
9.43478e-01 4.88475e+00 1.76406e-06
9.43478e-01 4.90703e+00 1.38244e-06
9.43478e-01 4.92696e+00 1.10835e-06
9.43478e-01 4.94452e+00 9.10162e-07
9.43478e-01 4.95969e+00 7.66362e-07
9.43478e-01 4.97246e+00 6.62260e-07
9.43478e-01 4.98281e+00 5.87824e-07
9.43478e-01 4.99074e+00 5.36259e-07
9.43478e-01 4.99623e+00 5.03070e-07
9.43478e-01 4.99928e+00 4.85463e-07
1.00538e+00 7.15683e-04 -2.50870e-04
1.00538e+00 3.77012e-03 -1.32154e-03
1.00538e+00 9.26216e-03 -3.24653e-03
1.00538e+00 1.71877e-02 -6.02377e-03
1.00538e+00 2.75390e-02 -9.64896e-03
1.00538e+00 4.03061e-02 -1.41149e-02
1.00538e+00 5.54766e-02 -1.94106e-02
1.00538e+00 7.30356e-02 -2.55198e-02
1.00538e+00 9.29659e-02 -3.24195e-02
1.00538e+00 1.15248e-01 -4.00779e-02
1.00538e+00 1.39860e-01 -4.84531e-02
1.00538e+00 1.66779e-01 -5.74905e-02
1.00538e+00 1.95977e-01 -6.71209e-02
1.00538e+00 2.27426e-01 -7.72579e-02
1.00538e+00 2.61096e-01 -8.77964e-02
1.00538e+00 2.96953e-01 -9.86093e-02
1.00538e+00 3.34963e-01 -1.09547e-01
1.00538e+00 3.75089e-01 -1.20432e-01
1.00538e+00 4.17290e-01 -1.31064e-01
1.00538e+00 4.61527e-01 -1.41211e-01
1.00538e+00 5.07755e-01 -1.50616e-01
1.00538e+00 5.55930e-01 -1.58996e-01
1.00538e+00 6.06005e-01 -1.66045e-01
1.00538e+00 6.57930e-01 -1.71443e-01
1.00538e+00 7.11655e-01 -1.74867e-01
1.00538e+00 7.67127e-01 -1.76005e-01
1.00538e+00 8.24292e-01 -1.74576e-01
1.00538e+00 8.83095e-01 -1.70360e-01
1.00538e+00 9.43478e-01 -1.63219e-01
1.00538e+00 1.00538e+00 -1.53129e-01
1.00538e+00 1.06875e+00 -1.40191e-01
1.00538e+00 1.13351e+00 -1.24645e-01
1.00538e+00 1.19960e+00 -1.06850e-01
1.00538e+00 1.26697e+00 -8.72643e-02
1.00538e+00 1.33555e+00 -6.64059e-02
1.00538e+00 1.40526e+00 -4.48091e-02
1.00538e+00 1.47604e+00 -2.29866e-02
1.00538e+00 1.54782e+00 -1.39528e-03
1.00538e+00 1.62053e+00 1.95876e-02
1.00538e+00 1.69410e+00 3.96801e-02
1.00538e+00 1.76846e+00 5.87023e-02
1.00538e+00 1.84353e+00 7.65747e-02
1.00538e+00 1.91924e+00 9.33058e-02
1.00538e+00 1.99553e+00 1.08968e-01
1.00538e+00 2.07230e+00 1.23659e-01
1.00538e+00 2.14949e+00 1.37448e-01
1.00538e+00 2.22703e+00 1.50306e-01
1.00538e+00 2.30483e+00 1.62035e-01
1.00538e+00 2.38282e+00 1.72211e-01
1.00538e+00 2.46093e+00 1.80163e-01
1.00538e+00 2.53907e+00 1.85030e-01
1.00538e+00 2.61718e+00 1.85906e-01
1.00538e+00 2.69517e+00 1.82075e-01
1.00538e+00 2.77297e+00 1.73268e-01
1.00538e+00 2.85051e+00 1.59861e-01
1.00538e+00 2.92770e+00 1.42895e-01
1.00538e+00 3.00447e+00 1.23883e-01
1.00538e+00 3.08076e+00 1.04452e-01
1.00538e+00 3.15647e+00 8.59766e-02
1.00538e+00 3.23154e+00 6.93656e-02
1.00538e+00 3.30590e+00 5.50357e-02
1.00538e+00 3.37947e+00 4.30354e-02
1.00538e+00 3.45218e+00 3.32021e-02
1.00538e+00 3.52396e+00 2.52836e-02
1.00538e+00 3.59474e+00 1.90060e-02
1.00538e+00 3.66445e+00 1.41039e-02
1.00538e+00 3.73303e+00 1.03338e-02
1.00538e+00 3.80040e+00 7.47792e-03
1.00538e+00 3.86649e+00 5.34716e-03
1.00538e+00 3.93125e+00 3.78070e-03
1.00538e+00 3.99462e+00 2.64534e-03
1.00538e+00 4.05652e+00 1.83343e-03
1.00538e+00 4.11690e+00 1.26004e-03
1.00538e+00 4.17571e+00 8.59713e-04
1.00538e+00 4.23287e+00 5.83076e-04
1.00538e+00 4.28835e+00 3.93633e-04
1.00538e+00 4.34207e+00 2.64901e-04
1.00538e+00 4.39400e+00 1.77976e-04
1.00538e+00 4.44407e+00 1.19569e-04
1.00538e+00 4.49224e+00 8.04574e-05
1.00538e+00 4.53847e+00 5.43178e-05
1.00538e+00 4.58271e+00 3.68549e-05
1.00538e+00 4.62491e+00 2.51761e-05
1.00538e+00 4.66504e+00 1.73454e-05
1.00538e+00 4.70305e+00 1.20739e-05
1.00538e+00 4.73890e+00 8.50624e-06
1.00538e+00 4.77257e+00 6.07577e-06
1.00538e+00 4.80402e+00 4.40725e-06
1.00538e+00 4.83322e+00 3.25194e-06
1.00538e+00 4.86014e+00 2.44458e-06
1.00538e+00 4.88475e+00 1.87498e-06
1.00538e+00 4.90703e+00 1.46936e-06
1.00538e+00 4.92696e+00 1.17803e-06
1.00538e+00 4.94452e+00 9.67375e-07
1.00538e+00 4.95969e+00 8.14533e-07
1.00538e+00 4.97246e+00 7.03884e-07
1.00538e+00 4.98281e+00 6.24768e-07
1.00538e+00 4.99074e+00 5.69961e-07
1.00538e+00 4.99623e+00 5.34685e-07
1.00538e+00 4.99928e+00 5.15972e-07
1.06875e+00 7.15683e-04 -2.20473e-04
1.06875e+00 3.77012e-03 -1.16141e-03
1.06875e+00 9.26216e-03 -2.85316e-03
1.06875e+00 1.71877e-02 -5.29394e-03
1.06875e+00 2.75390e-02 -8.48003e-03
1.06875e+00 4.03061e-02 -1.24053e-02
1.06875e+00 5.54766e-02 -1.70605e-02
1.06875e+00 7.30356e-02 -2.24318e-02
1.06875e+00 9.29659e-02 -2.84997e-02
1.06875e+00 1.15248e-01 -3.52379e-02
1.06875e+00 1.39860e-01 -4.26110e-02
1.06875e+00 1.66779e-01 -5.05733e-02
1.06875e+00 1.95977e-01 -5.90671e-02
1.06875e+00 2.27426e-01 -6.80202e-02
1.06875e+00 2.61096e-01 -7.73446e-02
1.06875e+00 2.96953e-01 -8.69344e-02
1.06875e+00 3.34963e-01 -9.66636e-02
1.06875e+00 3.75089e-01 -1.06385e-01
1.06875e+00 4.17290e-01 -1.15928e-01
1.06875e+00 4.61527e-01 -1.25098e-01
1.06875e+00 5.07755e-01 -1.33677e-01
1.06875e+00 5.55930e-01 -1.41419e-01
1.06875e+00 6.06005e-01 -1.48061e-01
1.06875e+00 6.57930e-01 -1.53319e-01
1.06875e+00 7.11655e-01 -1.56896e-01
1.06875e+00 7.67127e-01 -1.58497e-01
1.06875e+00 8.24292e-01 -1.57841e-01
1.06875e+00 8.83095e-01 -1.54681e-01
1.06875e+00 9.43478e-01 -1.48832e-01
1.06875e+00 1.00538e+00 -1.40191e-01
1.06875e+00 1.06875e+00 -1.28770e-01
1.06875e+00 1.13351e+00 -1.14706e-01
1.06875e+00 1.19960e+00 -9.82649e-02
1.06875e+00 1.26697e+00 -7.98300e-02
1.06875e+00 1.33555e+00 -5.98712e-02
1.06875e+00 1.40526e+00 -3.89052e-02
1.06875e+00 1.47604e+00 -1.74522e-02
1.06875e+00 1.54782e+00 4.00447e-03
1.06875e+00 1.62053e+00 2.50507e-02
1.06875e+00 1.69410e+00 4.53647e-02
1.06875e+00 1.76846e+00 6.47285e-02
1.06875e+00 1.84353e+00 8.30298e-02
1.06875e+00 1.91924e+00 1.00251e-01
1.06875e+00 1.99553e+00 1.16445e-01
1.06875e+00 2.07230e+00 1.31695e-01
1.06875e+00 2.14949e+00 1.46055e-01
1.06875e+00 2.22703e+00 1.59481e-01
1.06875e+00 2.30483e+00 1.71754e-01
1.06875e+00 2.38282e+00 1.82415e-01
1.06875e+00 2.46093e+00 1.90748e-01
1.06875e+00 2.53907e+00 1.95838e-01
1.06875e+00 2.61718e+00 1.96725e-01
1.06875e+00 2.69517e+00 1.92644e-01
1.06875e+00 2.77297e+00 1.83310e-01
1.06875e+00 2.85051e+00 1.69118e-01
1.06875e+00 2.92770e+00 1.51167e-01
1.06875e+00 3.00447e+00 1.31055e-01
1.06875e+00 3.08076e+00 1.10500e-01
1.06875e+00 3.15647e+00 9.09571e-02
1.06875e+00 3.23154e+00 7.33868e-02
1.06875e+00 3.30590e+00 5.82295e-02
1.06875e+00 3.37947e+00 4.55361e-02
1.06875e+00 3.45218e+00 3.51345e-02
1.06875e+00 3.52396e+00 2.67577e-02
1.06875e+00 3.59474e+00 2.01160e-02
1.06875e+00 3.66445e+00 1.49292e-02
1.06875e+00 3.73303e+00 1.09394e-02
1.06875e+00 3.80040e+00 7.91693e-03
1.06875e+00 3.86649e+00 5.66153e-03
1.06875e+00 3.93125e+00 4.00326e-03
1.06875e+00 3.99462e+00 2.80124e-03
1.06875e+00 4.05652e+00 1.94159e-03
1.06875e+00 4.11690e+00 1.33444e-03
1.06875e+00 4.17571e+00 9.10511e-04
1.06875e+00 4.23287e+00 6.17548e-04
1.06875e+00 4.28835e+00 4.16917e-04
1.06875e+00 4.34207e+00 2.80576e-04
1.06875e+00 4.39400e+00 1.88511e-04
1.06875e+00 4.44407e+00 1.26648e-04
1.06875e+00 4.49224e+00 8.52219e-05
1.06875e+00 4.53847e+00 5.75348e-05
1.06875e+00 4.58271e+00 3.90378e-05
1.06875e+00 4.62491e+00 2.66673e-05
1.06875e+00 4.66504e+00 1.83727e-05
1.06875e+00 4.70305e+00 1.27890e-05
1.06875e+00 4.73890e+00 9.01002e-06
1.06875e+00 4.77257e+00 6.43557e-06
1.06875e+00 4.80402e+00 4.66822e-06
1.06875e+00 4.83322e+00 3.44448e-06
1.06875e+00 4.86014e+00 2.58930e-06
1.06875e+00 4.88475e+00 1.98597e-06
1.06875e+00 4.90703e+00 1.55633e-06
1.06875e+00 4.92696e+00 1.24775e-06
1.06875e+00 4.94452e+00 1.02462e-06
1.06875e+00 4.95969e+00 8.62731e-07
1.06875e+00 4.97246e+00 7.45532e-07
1.06875e+00 4.98281e+00 6.61733e-07
1.06875e+00 4.99074e+00 6.03681e-07
1.06875e+00 4.99623e+00 5.66318e-07
1.06875e+00 4.99928e+00 5.46496e-07
1.13351e+00 7.15683e-04 -1.90373e-04
1.13351e+00 3.77012e-03 -1.00285e-03
1.13351e+00 9.26216e-03 -2.46364e-03
1.13351e+00 1.71877e-02 -4.57122e-03
1.13351e+00 2.75390e-02 -7.32243e-03
1.13351e+00 4.03061e-02 -1.07121e-02
1.13351e+00 5.54766e-02 -1.47324e-02
1.13351e+00 7.30356e-02 -1.93717e-02
1.13351e+00 9.29659e-02 -2.46137e-02
1.13351e+00 1.15248e-01 -3.04364e-02
1.13351e+00 1.39860e-01 -3.68103e-02
1.13351e+00 1.66779e-01 -4.36972e-02
1.13351e+00 1.95977e-01 -5.10490e-02
1.13351e+00 2.27426e-01 -5.88057e-02
1.13351e+00 2.61096e-01 -6.68940e-02
1.13351e+00 2.96953e-01 -7.52258e-02
1.13351e+00 3.34963e-01 -8.36961e-02
1.13351e+00 3.75089e-01 -9.21824e-02
1.13351e+00 4.17290e-01 -1.00543e-01
1.13351e+00 4.61527e-01 -1.08614e-01
1.13351e+00 5.07755e-01 -1.16212e-01
1.13351e+00 5.55930e-01 -1.23132e-01
1.13351e+00 6.06005e-01 -1.29147e-01
1.13351e+00 6.57930e-01 -1.34013e-01
1.13351e+00 7.11655e-01 -1.37469e-01
1.13351e+00 7.67127e-01 -1.39247e-01
1.13351e+00 8.24292e-01 -1.39081e-01
1.13351e+00 8.83095e-01 -1.36724e-01
1.13351e+00 9.43478e-01 -1.31962e-01
1.13351e+00 1.00538e+00 -1.24645e-01
1.13351e+00 1.06875e+00 -1.14706e-01
1.13351e+00 1.13351e+00 -1.02189e-01
1.13351e+00 1.19960e+00 -8.72606e-02
1.13351e+00 1.26697e+00 -7.02097e-02
1.13351e+00 1.33555e+00 -5.14331e-02
1.13351e+00 1.40526e+00 -3.14020e-02
1.13351e+00 1.47604e+00 -1.06202e-02
1.13351e+00 1.54782e+00 1.04200e-02
1.13351e+00 1.62053e+00 3.12786e-02
1.13351e+00 1.69410e+00 5.15984e-02
1.13351e+00 1.76846e+00 7.11240e-02
1.13351e+00 1.84353e+00 8.97082e-02
1.13351e+00 1.91924e+00 1.07304e-01
1.13351e+00 1.99553e+00 1.23940e-01
1.13351e+00 2.07230e+00 1.39680e-01
1.13351e+00 2.14949e+00 1.54563e-01
1.13351e+00 2.22703e+00 1.68524e-01
1.13351e+00 2.30483e+00 1.81318e-01
1.13351e+00 2.38282e+00 1.92452e-01
1.13351e+00 2.46093e+00 2.01163e-01
1.13351e+00 2.53907e+00 2.06480e-01
1.13351e+00 2.61718e+00 2.07384e-01
1.13351e+00 2.69517e+00 2.03067e-01
1.13351e+00 2.77297e+00 1.93222e-01
1.13351e+00 2.85051e+00 1.78261e-01
1.13351e+00 2.92770e+00 1.59340e-01
1.13351e+00 3.00447e+00 1.38142e-01
1.13351e+00 3.08076e+00 1.16477e-01
1.13351e+00 3.15647e+00 9.58804e-02
1.13351e+00 3.23154e+00 7.73622e-02
1.13351e+00 3.30590e+00 6.13873e-02
1.13351e+00 3.37947e+00 4.80090e-02
1.13351e+00 3.45218e+00 3.70458e-02
1.13351e+00 3.52396e+00 2.82162e-02
1.13351e+00 3.59474e+00 2.12147e-02
1.13351e+00 3.66445e+00 1.57462e-02
1.13351e+00 3.73303e+00 1.15393e-02
1.13351e+00 3.80040e+00 8.35183e-03
1.13351e+00 3.86649e+00 5.97304e-03
1.13351e+00 3.93125e+00 4.22385e-03
1.13351e+00 3.99462e+00 2.95580e-03
1.13351e+00 4.05652e+00 2.04884e-03
1.13351e+00 4.11690e+00 1.40822e-03
1.13351e+00 4.17571e+00 9.60892e-04
1.13351e+00 4.23287e+00 6.51742e-04
1.13351e+00 4.28835e+00 4.40015e-04
1.13351e+00 4.34207e+00 2.96127e-04
1.13351e+00 4.39400e+00 1.98963e-04
1.13351e+00 4.44407e+00 1.33672e-04
1.13351e+00 4.49224e+00 8.99493e-05
1.13351e+00 4.53847e+00 6.07267e-05
1.13351e+00 4.58271e+00 4.12037e-05
1.13351e+00 4.62491e+00 2.81468e-05
1.13351e+00 4.66504e+00 1.93921e-05
1.13351e+00 4.70305e+00 1.34985e-05
1.13351e+00 4.73890e+00 9.50985e-06
1.13351e+00 4.77257e+00 6.79255e-06
1.13351e+00 4.80402e+00 4.92713e-06
1.13351e+00 4.83322e+00 3.63550e-06
1.13351e+00 4.86014e+00 2.73288e-06
1.13351e+00 4.88475e+00 2.09608e-06
1.13351e+00 4.90703e+00 1.64260e-06
1.13351e+00 4.92696e+00 1.31691e-06
1.13351e+00 4.94452e+00 1.08141e-06
1.13351e+00 4.95969e+00 9.10543e-07
1.13351e+00 4.97246e+00 7.86845e-07
1.13351e+00 4.98281e+00 6.98399e-07
1.13351e+00 4.99074e+00 6.37129e-07
1.13351e+00 4.99623e+00 5.97694e-07
1.13351e+00 4.99928e+00 5.76774e-07
1.19960e+00 7.15683e-04 -1.60940e-04
1.19960e+00 3.77012e-03 -8.47806e-04
1.19960e+00 9.26216e-03 -2.08275e-03
1.19960e+00 1.71877e-02 -3.86450e-03
1.19960e+00 2.75390e-02 -6.19039e-03
1.19960e+00 4.03061e-02 -9.05612e-03
1.19960e+00 5.54766e-02 -1.24551e-02
1.19960e+00 7.30356e-02 -1.63776e-02
1.19960e+00 9.29659e-02 -2.08102e-02
1.19960e+00 1.15248e-01 -2.57344e-02
1.19960e+00 1.39860e-01 -3.11257e-02
1.19960e+00 1.66779e-01 -3.69525e-02
1.19960e+00 1.95977e-01 -4.31746e-02
1.19960e+00 2.27426e-01 -4.97423e-02
1.19960e+00 2.61096e-01 -5.65949e-02
1.19960e+00 2.96953e-01 -6.36591e-02
1.19960e+00 3.34963e-01 -7.08483e-02
1.19960e+00 3.75089e-01 -7.80607e-02
1.19960e+00 4.17290e-01 -8.51785e-02
1.19960e+00 4.61527e-01 -9.20670e-02
1.19960e+00 5.07755e-01 -9.85734e-02
1.19960e+00 5.55930e-01 -1.04527e-01
1.19960e+00 6.06005e-01 -1.09737e-01
1.19960e+00 6.57930e-01 -1.13998e-01
1.19960e+00 7.11655e-01 -1.17088e-01
1.19960e+00 7.67127e-01 -1.18772e-01
1.19960e+00 8.24292e-01 -1.18813e-01
1.19960e+00 8.83095e-01 -1.16977e-01
1.19960e+00 9.43478e-01 -1.13048e-01
1.19960e+00 1.00538e+00 -1.06850e-01
1.19960e+00 1.06875e+00 -9.82649e-02
1.19960e+00 1.13351e+00 -8.72606e-02
1.19960e+00 1.19960e+00 -7.39090e-02
1.19960e+00 1.26697e+00 -5.83996e-02
1.19960e+00 1.33555e+00 -4.10364e-02
1.19960e+00 1.40526e+00 -2.22189e-02
1.19960e+00 1.47604e+00 -2.40732e-03
1.19960e+00 1.54782e+00 1.79214e-02
1.19960e+00 1.62053e+00 3.83182e-02
1.19960e+00 1.69410e+00 5.84006e-02
1.19960e+00 1.76846e+00 7.78802e-02
1.19960e+00 1.84353e+00 9.65751e-02
1.19960e+00 1.91924e+00 1.14406e-01
1.19960e+00 1.99553e+00 1.31375e-01
1.19960e+00 2.07230e+00 1.47522e-01
1.19960e+00 2.14949e+00 1.62865e-01
1.19960e+00 2.22703e+00 1.77316e-01
1.19960e+00 2.30483e+00 1.90604e-01
1.19960e+00 2.38282e+00 2.02195e-01
1.19960e+00 2.46093e+00 2.11280e-01
1.19960e+00 2.53907e+00 2.16829e-01
1.19960e+00 2.61718e+00 2.17763e-01
1.19960e+00 2.69517e+00 2.13228e-01
1.19960e+00 2.77297e+00 2.02894e-01
1.19960e+00 2.85051e+00 1.87191e-01
1.19960e+00 2.92770e+00 1.67328e-01
1.19960e+00 3.00447e+00 1.45072e-01
1.19960e+00 3.08076e+00 1.22324e-01
1.19960e+00 3.15647e+00 1.00696e-01
1.19960e+00 3.23154e+00 8.12506e-02
1.19960e+00 3.30590e+00 6.44763e-02
1.19960e+00 3.37947e+00 5.04286e-02
1.19960e+00 3.45218e+00 3.89163e-02
1.19960e+00 3.52396e+00 2.96439e-02
1.19960e+00 3.59474e+00 2.22906e-02
1.19960e+00 3.66445e+00 1.65466e-02
1.19960e+00 3.73303e+00 1.21271e-02
1.19960e+00 3.80040e+00 8.77816e-03
1.19960e+00 3.86649e+00 6.27851e-03
1.19960e+00 3.93125e+00 4.44022e-03
1.19960e+00 3.99462e+00 3.10743e-03
1.19960e+00 4.05652e+00 2.15407e-03
1.19960e+00 4.11690e+00 1.48063e-03
1.19960e+00 4.17571e+00 1.01035e-03
1.19960e+00 4.23287e+00 6.85310e-04
1.19960e+00 4.28835e+00 4.62692e-04
1.19960e+00 4.34207e+00 3.11397e-04
1.19960e+00 4.39400e+00 2.09227e-04
1.19960e+00 4.44407e+00 1.40569e-04
1.19960e+00 4.49224e+00 9.45915e-05
1.19960e+00 4.53847e+00 6.38612e-05
1.19960e+00 4.58271e+00 4.33307e-05
1.19960e+00 4.62491e+00 2.95998e-05
1.19960e+00 4.66504e+00 2.03931e-05
1.19960e+00 4.70305e+00 1.41953e-05
1.19960e+00 4.73890e+00 1.00007e-05
1.19960e+00 4.77257e+00 7.14309e-06
1.19960e+00 4.80402e+00 5.18137e-06
1.19960e+00 4.83322e+00 3.82306e-06
1.19960e+00 4.86014e+00 2.87385e-06
1.19960e+00 4.88475e+00 2.20419e-06
1.19960e+00 4.90703e+00 1.72731e-06
1.19960e+00 4.92696e+00 1.38481e-06
1.19960e+00 4.94452e+00 1.13716e-06
1.19960e+00 4.95969e+00 9.57481e-07
1.19960e+00 4.97246e+00 8.27402e-07
1.19960e+00 4.98281e+00 7.34394e-07
1.19960e+00 4.99074e+00 6.69964e-07
1.19960e+00 4.99623e+00 6.28496e-07
1.19960e+00 4.99928e+00 6.06496e-07
1.26697e+00 7.15683e-04 -1.32484e-04
1.26697e+00 3.77012e-03 -6.97902e-04
1.26697e+00 9.26216e-03 -1.71449e-03
1.26697e+00 1.71877e-02 -3.18120e-03
1.26697e+00 2.75390e-02 -5.09583e-03
1.26697e+00 4.03061e-02 -7.45481e-03
1.26697e+00 5.54766e-02 -1.02527e-02
1.26697e+00 7.30356e-02 -1.34815e-02
1.26697e+00 9.29659e-02 -1.71300e-02
1.26697e+00 1.15248e-01 -2.11829e-02
1.26697e+00 1.39860e-01 -2.56199e-02
1.26697e+00 1.66779e-01 -3.04148e-02
1.26697e+00 1.95977e-01 -3.55345e-02
1.26697e+00 2.27426e-01 -4.09376e-02
1.26697e+00 2.61096e-01 -4.65740e-02
1.26697e+00 2.96953e-01 -5.23833e-02
1.26697e+00 3.34963e-01 -5.82937e-02
1.26697e+00 3.75089e-01 -6.42215e-02
1.26697e+00 4.17290e-01 -7.00696e-02
1.26697e+00 4.61527e-01 -7.57273e-02
1.26697e+00 5.07755e-01 -8.10687e-02
1.26697e+00 5.55930e-01 -8.59533e-02
1.26697e+00 6.06005e-01 -9.02249e-02
1.26697e+00 6.57930e-01 -9.37126e-02
1.26697e+00 7.11655e-01 -9.62314e-02
1.26697e+00 7.67127e-01 -9.75845e-02
1.26697e+00 8.24292e-01 -9.75669e-02
1.26697e+00 8.83095e-01 -9.59711e-02
1.26697e+00 9.43478e-01 -9.25971e-02
1.26697e+00 1.00538e+00 -8.72643e-02
1.26697e+00 1.06875e+00 -7.98300e-02
1.26697e+00 1.13351e+00 -7.02097e-02
1.26697e+00 1.19960e+00 -5.83996e-02
1.26697e+00 1.26697e+00 -4.44952e-02
1.26697e+00 1.33555e+00 -2.87010e-02
1.26697e+00 1.40526e+00 -1.13253e-02
1.26697e+00 1.47604e+00 7.24231e-03
1.26697e+00 1.54782e+00 2.65672e-02
1.26697e+00 1.62053e+00 4.62149e-02
1.26697e+00 1.69410e+00 6.57943e-02
1.26697e+00 1.76846e+00 8.49934e-02
1.26697e+00 1.84353e+00 1.03600e-01
1.26697e+00 1.91924e+00 1.21502e-01
1.26697e+00 1.99553e+00 1.38671e-01
1.26697e+00 2.07230e+00 1.55123e-01
1.26697e+00 2.14949e+00 1.70848e-01
1.26697e+00 2.22703e+00 1.85735e-01
1.26697e+00 2.30483e+00 1.99478e-01
1.26697e+00 2.38282e+00 2.11506e-01
1.26697e+00 2.46093e+00 2.20957e-01
1.26697e+00 2.53907e+00 2.26742e-01
1.26697e+00 2.61718e+00 2.27723e-01
1.26697e+00 2.69517e+00 2.22995e-01
1.26697e+00 2.77297e+00 2.12205e-01
1.26697e+00 2.85051e+00 1.95797e-01
1.26697e+00 2.92770e+00 1.75033e-01
1.26697e+00 3.00447e+00 1.51759e-01
1.26697e+00 3.08076e+00 1.27967e-01
1.26697e+00 3.15647e+00 1.05345e-01
1.26697e+00 3.23154e+00 8.50051e-02
1.26697e+00 3.30590e+00 6.74592e-02
1.26697e+00 3.37947e+00 5.27653e-02
1.26697e+00 3.45218e+00 4.07234e-02
1.26697e+00 3.52396e+00 3.10237e-02
1.26697e+00 3.59474e+00 2.33308e-02
1.26697e+00 3.66445e+00 1.73207e-02
1.26697e+00 3.73303e+00 1.26959e-02
1.26697e+00 3.80040e+00 9.19080e-03
1.26697e+00 3.86649e+00 6.57427e-03
1.26697e+00 3.93125e+00 4.64978e-03
1.26697e+00 3.99462e+00 3.25433e-03
1.26697e+00 4.05652e+00 2.25605e-03
1.26697e+00 4.11690e+00 1.55081e-03
1.26697e+00 4.17571e+00 1.05828e-03
1.26697e+00 4.23287e+00 7.17854e-04
1.26697e+00 4.28835e+00 4.84679e-04
1.26697e+00 4.34207e+00 3.26203e-04
1.26697e+00 4.39400e+00 2.19179e-04
1.26697e+00 4.44407e+00 1.47258e-04
1.26697e+00 4.49224e+00 9.90935e-05
1.26697e+00 4.53847e+00 6.69010e-05
1.26697e+00 4.58271e+00 4.53934e-05
1.26697e+00 4.62491e+00 3.10089e-05
1.26697e+00 4.66504e+00 2.13639e-05
1.26697e+00 4.70305e+00 1.48709e-05
1.26697e+00 4.73890e+00 1.04766e-05
1.26697e+00 4.77257e+00 7.48300e-06
1.26697e+00 4.80402e+00 5.42789e-06
1.26697e+00 4.83322e+00 4.00493e-06
1.26697e+00 4.86014e+00 3.01054e-06
1.26697e+00 4.88475e+00 2.30901e-06
1.26697e+00 4.90703e+00 1.80944e-06
1.26697e+00 4.92696e+00 1.45064e-06
1.26697e+00 4.94452e+00 1.19121e-06
1.26697e+00 4.95969e+00 1.00298e-06
1.26697e+00 4.97246e+00 8.66719e-07
1.26697e+00 4.98281e+00 7.69288e-07
1.26697e+00 4.99074e+00 7.01795e-07
1.26697e+00 4.99623e+00 6.58354e-07
1.26697e+00 4.99928e+00 6.35309e-07
1.33555e+00 7.15683e-04 -1.05256e-04
1.33555e+00 3.77012e-03 -5.54471e-04
1.33555e+00 9.26216e-03 -1.36213e-03
1.33555e+00 1.71877e-02 -2.52739e-03
1.33555e+00 2.75390e-02 -4.04847e-03
1.33555e+00 4.03061e-02 -5.92247e-03
1.33555e+00 5.54766e-02 -8.14493e-03
1.33555e+00 7.30356e-02 -1.07093e-02
1.33555e+00 9.29659e-02 -1.36064e-02
1.33555e+00 1.15248e-01 -1.68236e-02
1.33555e+00 1.39860e-01 -2.03442e-02
1.33555e+00 1.66779e-01 -2.41466e-02
1.33555e+00 1.95977e-01 -2.82033e-02
1.33555e+00 2.27426e-01 -3.24804e-02
1.33555e+00 2.61096e-01 -3.69364e-02
1.33555e+00 2.96953e-01 -4.15215e-02
1.33555e+00 3.34963e-01 -4.61769e-02
1.33555e+00 3.75089e-01 -5.08336e-02
1.33555e+00 4.17290e-01 -5.54123e-02
1.33555e+00 4.61527e-01 -5.98223e-02
1.33555e+00 5.07755e-01 -6.39612e-02
1.33555e+00 5.55930e-01 -6.77145e-02
1.33555e+00 6.06005e-01 -7.09555e-02
1.33555e+00 6.57930e-01 -7.35455e-02
1.33555e+00 7.11655e-01 -7.53339e-02
1.33555e+00 7.67127e-01 -7.61598e-02
1.33555e+00 8.24292e-01 -7.58537e-02
1.33555e+00 8.83095e-01 -7.42410e-02
1.33555e+00 9.43478e-01 -7.11471e-02
1.33555e+00 1.00538e+00 -6.64059e-02
1.33555e+00 1.06875e+00 -5.98712e-02
1.33555e+00 1.13351e+00 -5.14331e-02
1.33555e+00 1.19960e+00 -4.10364e-02
1.33555e+00 1.26697e+00 -2.87010e-02
1.33555e+00 1.33555e+00 -1.45382e-02
1.33555e+00 1.40526e+00 1.24293e-03
1.33555e+00 1.47604e+00 1.83427e-02
1.33555e+00 1.54782e+00 3.63959e-02
1.33555e+00 1.62053e+00 5.50096e-02
1.33555e+00 1.69410e+00 7.38073e-02
1.33555e+00 1.76846e+00 9.24693e-02
1.33555e+00 1.84353e+00 1.10761e-01
1.33555e+00 1.91924e+00 1.28543e-01
1.33555e+00 1.99553e+00 1.45758e-01
1.33555e+00 2.07230e+00 1.62389e-01
1.33555e+00 2.14949e+00 1.78400e-01
1.33555e+00 2.22703e+00 1.93651e-01
1.33555e+00 2.30483e+00 2.07801e-01
1.33555e+00 2.38282e+00 2.20236e-01
1.33555e+00 2.46093e+00 2.30041e-01
1.33555e+00 2.53907e+00 2.36066e-01
1.33555e+00 2.61718e+00 2.37112e-01
1.33555e+00 2.69517e+00 2.32222e-01
1.33555e+00 2.77297e+00 2.21019e-01
1.33555e+00 2.85051e+00 2.03955e-01
1.33555e+00 2.92770e+00 1.82345e-01
1.33555e+00 3.00447e+00 1.58110e-01
1.33555e+00 3.08076e+00 1.33328e-01
1.33555e+00 3.15647e+00 1.09762e-01
1.33555e+00 3.23154e+00 8.85724e-02
1.33555e+00 3.30590e+00 7.02936e-02
1.33555e+00 3.37947e+00 5.49862e-02
1.33555e+00 3.45218e+00 4.24413e-02
1.33555e+00 3.52396e+00 3.23359e-02
1.33555e+00 3.59474e+00 2.43204e-02
1.33555e+00 3.66445e+00 1.80576e-02
1.33555e+00 3.73303e+00 1.32375e-02
1.33555e+00 3.80040e+00 9.58395e-03
1.33555e+00 3.86649e+00 6.85617e-03
1.33555e+00 3.93125e+00 4.84958e-03
1.33555e+00 3.99462e+00 3.39443e-03
1.33555e+00 4.05652e+00 2.35333e-03
1.33555e+00 4.11690e+00 1.61777e-03
1.33555e+00 4.17571e+00 1.10403e-03
1.33555e+00 4.23287e+00 7.48917e-04
1.33555e+00 4.28835e+00 5.05669e-04
1.33555e+00 4.34207e+00 3.40339e-04
1.33555e+00 4.39400e+00 2.28681e-04
1.33555e+00 4.44407e+00 1.53645e-04
1.33555e+00 4.49224e+00 1.03392e-04
1.33555e+00 4.53847e+00 6.98037e-05
1.33555e+00 4.58271e+00 4.73630e-05
1.33555e+00 4.62491e+00 3.23544e-05
1.33555e+00 4.66504e+00 2.22908e-05
1.33555e+00 4.70305e+00 1.55161e-05
1.33555e+00 4.73890e+00 1.09311e-05
1.33555e+00 4.77257e+00 7.80753e-06
1.33555e+00 4.80402e+00 5.66325e-06
1.33555e+00 4.83322e+00 4.17855e-06
1.33555e+00 4.86014e+00 3.14103e-06
1.33555e+00 4.88475e+00 2.40907e-06
1.33555e+00 4.90703e+00 1.88783e-06
1.33555e+00 4.92696e+00 1.51348e-06
1.33555e+00 4.94452e+00 1.24280e-06
1.33555e+00 4.95969e+00 1.04642e-06
1.33555e+00 4.97246e+00 9.04245e-07
1.33555e+00 4.98281e+00 8.02591e-07
1.33555e+00 4.99074e+00 7.32173e-07
1.33555e+00 4.99623e+00 6.86850e-07
1.33555e+00 4.99928e+00 6.62807e-07
1.40526e+00 7.15683e-04 -7.94572e-05
1.40526e+00 3.77012e-03 -4.18566e-04
1.40526e+00 9.26216e-03 -1.02826e-03
1.40526e+00 1.71877e-02 -1.90787e-03
1.40526e+00 2.75390e-02 -3.05602e-03
1.40526e+00 4.03061e-02 -4.47039e-03
1.40526e+00 5.54766e-02 -6.14741e-03
1.40526e+00 7.30356e-02 -8.08179e-03
1.40526e+00 9.29659e-02 -1.02660e-02
1.40526e+00 1.15248e-01 -1.26898e-02
1.40526e+00 1.39860e-01 -1.53394e-02
1.40526e+00 1.66779e-01 -1.81972e-02
1.40526e+00 1.95977e-01 -2.12405e-02
1.40526e+00 2.27426e-01 -2.44414e-02
1.40526e+00 2.61096e-01 -2.77658e-02
1.40526e+00 2.96953e-01 -3.11729e-02
1.40526e+00 3.34963e-01 -3.46144e-02
1.40526e+00 3.75089e-01 -3.80339e-02
1.40526e+00 4.17290e-01 -4.13667e-02
1.40526e+00 4.61527e-01 -4.45393e-02
1.40526e+00 5.07755e-01 -4.74687e-02
1.40526e+00 5.55930e-01 -5.00629e-02
1.40526e+00 6.06005e-01 -5.22204e-02
1.40526e+00 6.57930e-01 -5.38306e-02
1.40526e+00 7.11655e-01 -5.47739e-02
1.40526e+00 7.67127e-01 -5.49226e-02
1.40526e+00 8.24292e-01 -5.41416e-02
1.40526e+00 8.83095e-01 -5.22907e-02
1.40526e+00 9.43478e-01 -4.92269e-02
1.40526e+00 1.00538e+00 -4.48091e-02
1.40526e+00 1.06875e+00 -3.89052e-02
1.40526e+00 1.13351e+00 -3.14020e-02
1.40526e+00 1.19960e+00 -2.22189e-02
1.40526e+00 1.26697e+00 -1.13253e-02
1.40526e+00 1.33555e+00 1.24293e-03
1.40526e+00 1.40526e+00 1.53690e-02
1.40526e+00 1.47604e+00 3.08514e-02
1.40526e+00 1.54782e+00 4.74143e-02
1.40526e+00 1.62053e+00 6.47330e-02
1.40526e+00 1.69410e+00 8.24725e-02
1.40526e+00 1.76846e+00 1.00328e-01
1.40526e+00 1.84353e+00 1.18058e-01
1.40526e+00 1.91924e+00 1.35503e-01
1.40526e+00 1.99553e+00 1.52579e-01
1.40526e+00 2.07230e+00 1.69240e-01
1.40526e+00 2.14949e+00 1.85420e-01
1.40526e+00 2.22703e+00 2.00944e-01
1.40526e+00 2.30483e+00 2.15435e-01
1.40526e+00 2.38282e+00 2.28235e-01
1.40526e+00 2.46093e+00 2.38373e-01
1.40526e+00 2.53907e+00 2.44638e-01
1.40526e+00 2.61718e+00 2.45767e-01
1.40526e+00 2.69517e+00 2.40750e-01
1.40526e+00 2.77297e+00 2.29184e-01
1.40526e+00 2.85051e+00 2.11529e-01
1.40526e+00 2.92770e+00 1.89142e-01
1.40526e+00 3.00447e+00 1.64019e-01
1.40526e+00 3.08076e+00 1.38318e-01
1.40526e+00 3.15647e+00 1.13874e-01
1.40526e+00 3.23154e+00 9.18934e-02
1.40526e+00 3.30590e+00 7.29325e-02
1.40526e+00 3.37947e+00 5.70543e-02
1.40526e+00 3.45218e+00 4.40415e-02
1.40526e+00 3.52396e+00 3.35588e-02
1.40526e+00 3.59474e+00 2.52432e-02
1.40526e+00 3.66445e+00 1.87450e-02
1.40526e+00 3.73303e+00 1.37431e-02
1.40526e+00 3.80040e+00 9.95112e-03
1.40526e+00 3.86649e+00 7.11957e-03
1.40526e+00 3.93125e+00 5.03635e-03
1.40526e+00 3.99462e+00 3.52544e-03
1.40526e+00 4.05652e+00 2.44433e-03
1.40526e+00 4.11690e+00 1.68043e-03
1.40526e+00 4.17571e+00 1.14685e-03
1.40526e+00 4.23287e+00 7.77993e-04
1.40526e+00 4.28835e+00 5.25319e-04
1.40526e+00 4.34207e+00 3.53573e-04
1.40526e+00 4.39400e+00 2.37579e-04
1.40526e+00 4.44407e+00 1.59625e-04
1.40526e+00 4.49224e+00 1.07418e-04
1.40526e+00 4.53847e+00 7.25217e-05
1.40526e+00 4.58271e+00 4.92074e-05
1.40526e+00 4.62491e+00 3.36143e-05
1.40526e+00 4.66504e+00 2.31587e-05
1.40526e+00 4.70305e+00 1.61201e-05
1.40526e+00 4.73890e+00 1.13565e-05
1.40526e+00 4.77257e+00 8.11136e-06
1.40526e+00 4.80402e+00 5.88358e-06
1.40526e+00 4.83322e+00 4.34108e-06
1.40526e+00 4.86014e+00 3.26317e-06
1.40526e+00 4.88475e+00 2.50272e-06
1.40526e+00 4.90703e+00 1.96120e-06
1.40526e+00 4.92696e+00 1.57229e-06
1.40526e+00 4.94452e+00 1.29109e-06
1.40526e+00 4.95969e+00 1.08706e-06
1.40526e+00 4.97246e+00 9.39362e-07
1.40526e+00 4.98281e+00 8.33756e-07
1.40526e+00 4.99074e+00 7.60600e-07
1.40526e+00 4.99623e+00 7.13516e-07
1.40526e+00 4.99928e+00 6.88538e-07
1.47604e+00 7.15683e-04 -5.52363e-05
1.47604e+00 3.77012e-03 -2.90974e-04
1.47604e+00 9.26216e-03 -7.14806e-04
1.47604e+00 1.71877e-02 -1.32625e-03
1.47604e+00 2.75390e-02 -2.12425e-03
1.47604e+00 4.03061e-02 -3.10703e-03
1.47604e+00 5.54766e-02 -4.27179e-03
1.47604e+00 7.30356e-02 -5.61432e-03
1.47604e+00 9.29659e-02 -7.12859e-03
1.47604e+00 1.15248e-01 -8.80627e-03
1.47604e+00 1.39860e-01 -1.06362e-02
1.47604e+00 1.66779e-01 -1.26039e-02
1.47604e+00 1.95977e-01 -1.46909e-02
1.47604e+00 2.27426e-01 -1.68744e-02
1.47604e+00 2.61096e-01 -1.91263e-02
1.47604e+00 2.96953e-01 -2.14132e-02
1.47604e+00 3.34963e-01 -2.36958e-02
1.47604e+00 3.75089e-01 -2.59280e-02
1.47604e+00 4.17290e-01 -2.80575e-02
1.47604e+00 4.61527e-01 -3.00248e-02
1.47604e+00 5.07755e-01 -3.17635e-02
1.47604e+00 5.55930e-01 -3.32004e-02
1.47604e+00 6.06005e-01 -3.42554e-02
1.47604e+00 6.57930e-01 -3.48418e-02
1.47604e+00 7.11655e-01 -3.48670e-02
1.47604e+00 7.67127e-01 -3.42328e-02
1.47604e+00 8.24292e-01 -3.28360e-02
1.47604e+00 8.83095e-01 -3.05694e-02
1.47604e+00 9.43478e-01 -2.73231e-02
1.47604e+00 1.00538e+00 -2.29866e-02
1.47604e+00 1.06875e+00 -1.74522e-02
1.47604e+00 1.13351e+00 -1.06202e-02
1.47604e+00 1.19960e+00 -2.40732e-03
1.47604e+00 1.26697e+00 7.24231e-03
1.47604e+00 1.33555e+00 1.83427e-02
1.47604e+00 1.40526e+00 3.08514e-02
1.47604e+00 1.47604e+00 4.46589e-02
1.47604e+00 1.54782e+00 5.95862e-02
1.47604e+00 1.62053e+00 7.53974e-02
1.47604e+00 1.69410e+00 9.18250e-02
1.47604e+00 1.76846e+00 1.08605e-01
1.47604e+00 1.84353e+00 1.25512e-01
1.47604e+00 1.91924e+00 1.42381e-01
1.47604e+00 1.99553e+00 1.59108e-01
1.47604e+00 2.07230e+00 1.75622e-01
1.47604e+00 2.14949e+00 1.91825e-01
1.47604e+00 2.22703e+00 2.07508e-01
1.47604e+00 2.30483e+00 2.22255e-01
1.47604e+00 2.38282e+00 2.35360e-01
1.47604e+00 2.46093e+00 2.45798e-01
1.47604e+00 2.53907e+00 2.52293e-01
1.47604e+00 2.61718e+00 2.53519e-01
1.47604e+00 2.69517e+00 2.48414e-01
1.47604e+00 2.77297e+00 2.36543e-01
1.47604e+00 2.85051e+00 2.18370e-01
1.47604e+00 2.92770e+00 1.95292e-01
1.47604e+00 3.00447e+00 1.69370e-01
1.47604e+00 3.08076e+00 1.42840e-01
1.47604e+00 3.15647e+00 1.17601e-01
1.47604e+00 3.23154e+00 9.49035e-02
1.47604e+00 3.30590e+00 7.53247e-02
1.47604e+00 3.37947e+00 5.89295e-02
1.47604e+00 3.45218e+00 4.54931e-02
1.47604e+00 3.52396e+00 3.46686e-02
1.47604e+00 3.59474e+00 2.60812e-02
1.47604e+00 3.66445e+00 1.93698e-02
1.47604e+00 3.73303e+00 1.42029e-02
1.47604e+00 3.80040e+00 1.02852e-02
1.47604e+00 3.86649e+00 7.35939e-03
1.47604e+00 3.93125e+00 5.20649e-03
1.47604e+00 3.99462e+00 3.64484e-03
1.47604e+00 4.05652e+00 2.52729e-03
1.47604e+00 4.11690e+00 1.73757e-03
1.47604e+00 4.17571e+00 1.18591e-03
1.47604e+00 4.23287e+00 8.04523e-04
1.47604e+00 4.28835e+00 5.43251e-04
1.47604e+00 4.34207e+00 3.65652e-04
1.47604e+00 4.39400e+00 2.45700e-04
1.47604e+00 4.44407e+00 1.65084e-04
1.47604e+00 4.49224e+00 1.11092e-04
1.47604e+00 4.53847e+00 7.50030e-05
1.47604e+00 4.58271e+00 5.08911e-05
1.47604e+00 4.62491e+00 3.47644e-05
1.47604e+00 4.66504e+00 2.39510e-05
1.47604e+00 4.70305e+00 1.66715e-05
1.47604e+00 4.73890e+00 1.17449e-05
1.47604e+00 4.77257e+00 8.38867e-06
1.47604e+00 4.80402e+00 6.08467e-06
1.47604e+00 4.83322e+00 4.48940e-06
1.47604e+00 4.86014e+00 3.37462e-06
1.47604e+00 4.88475e+00 2.58818e-06
1.47604e+00 4.90703e+00 2.02815e-06
1.47604e+00 4.92696e+00 1.62594e-06
1.47604e+00 4.94452e+00 1.33513e-06
1.47604e+00 4.95969e+00 1.12414e-06
1.47604e+00 4.97246e+00 9.71394e-07
1.47604e+00 4.98281e+00 8.62183e-07
1.47604e+00 4.99074e+00 7.86529e-07
1.47604e+00 4.99623e+00 7.37838e-07
1.47604e+00 4.99928e+00 7.12007e-07
1.54782e+00 7.15683e-04 -3.26919e-05
1.54782e+00 3.77012e-03 -1.72214e-04
1.54782e+00 9.26216e-03 -4.23050e-04
1.54782e+00 1.71877e-02 -7.84871e-04
1.54782e+00 2.75390e-02 -1.25694e-03
1.54782e+00 4.03061e-02 -1.83795e-03
1.54782e+00 5.54766e-02 -2.52577e-03
1.54782e+00 7.30356e-02 -3.31713e-03
1.54782e+00 9.29659e-02 -4.20728e-03
1.54782e+00 1.15248e-01 -5.18955e-03
1.54782e+00 1.39860e-01 -6.25497e-03
1.54782e+00 1.66779e-01 -7.39176e-03
1.54782e+00 1.95977e-01 -8.58494e-03
1.54782e+00 2.27426e-01 -9.81581e-03
1.54782e+00 2.61096e-01 -1.10616e-02
1.54782e+00 2.96953e-01 -1.22950e-02
1.54782e+00 3.34963e-01 -1.34839e-02
1.54782e+00 3.75089e-01 -1.45911e-02
1.54782e+00 4.17290e-01 -1.55743e-02
1.54782e+00 4.61527e-01 -1.63859e-02
1.54782e+00 5.07755e-01 -1.69731e-02
1.54782e+00 5.55930e-01 -1.72784e-02
1.54782e+00 6.06005e-01 -1.72396e-02
1.54782e+00 6.57930e-01 -1.67903e-02
1.54782e+00 7.11655e-01 -1.58609e-02
1.54782e+00 7.67127e-01 -1.43787e-02
1.54782e+00 8.24292e-01 -1.22684e-02
1.54782e+00 8.83095e-01 -9.45325e-03
1.54782e+00 9.43478e-01 -5.85511e-03
1.54782e+00 1.00538e+00 -1.39528e-03
1.54782e+00 1.06875e+00 4.00447e-03
1.54782e+00 1.13351e+00 1.04200e-02
1.54782e+00 1.19960e+00 1.79214e-02
1.54782e+00 1.26697e+00 2.65672e-02
1.54782e+00 1.33555e+00 3.63959e-02
1.54782e+00 1.40526e+00 4.74143e-02
1.54782e+00 1.47604e+00 5.95862e-02
1.54782e+00 1.54782e+00 7.28238e-02
1.54782e+00 1.62053e+00 8.69872e-02
1.54782e+00 1.69410e+00 1.01896e-01
1.54782e+00 1.76846e+00 1.17355e-01
1.54782e+00 1.84353e+00 1.33178e-01
1.54782e+00 1.91924e+00 1.49216e-01
1.54782e+00 1.99553e+00 1.65360e-01
1.54782e+00 2.07230e+00 1.81520e-01
1.54782e+00 2.14949e+00 1.97571e-01
1.54782e+00 2.22703e+00 2.13270e-01
1.54782e+00 2.30483e+00 2.28160e-01
1.54782e+00 2.38282e+00 2.41487e-01
1.54782e+00 2.46093e+00 2.52170e-01
1.54782e+00 2.53907e+00 2.58871e-01
1.54782e+00 2.61718e+00 2.60201e-01
1.54782e+00 2.69517e+00 2.55043e-01
1.54782e+00 2.77297e+00 2.42929e-01
1.54782e+00 2.85051e+00 2.24323e-01
1.54782e+00 2.92770e+00 2.00654e-01
1.54782e+00 3.00447e+00 1.74043e-01
1.54782e+00 3.08076e+00 1.46791e-01
1.54782e+00 3.15647e+00 1.20857e-01
1.54782e+00 3.23154e+00 9.75339e-02
1.54782e+00 3.30590e+00 7.74152e-02
1.54782e+00 3.37947e+00 6.05687e-02
1.54782e+00 3.45218e+00 4.67627e-02
1.54782e+00 3.52396e+00 3.56401e-02
1.54782e+00 3.59474e+00 2.68154e-02
1.54782e+00 3.66445e+00 1.99176e-02
1.54782e+00 3.73303e+00 1.46065e-02
1.54782e+00 3.80040e+00 1.05787e-02
1.54782e+00 3.86649e+00 7.57021e-03
1.54782e+00 3.93125e+00 5.35616e-03
1.54782e+00 3.99462e+00 3.74993e-03
1.54782e+00 4.05652e+00 2.60035e-03
1.54782e+00 4.11690e+00 1.78791e-03
1.54782e+00 4.17571e+00 1.22033e-03
1.54782e+00 4.23287e+00 8.27909e-04
1.54782e+00 4.28835e+00 5.59061e-04
1.54782e+00 4.34207e+00 3.76304e-04
1.54782e+00 4.39400e+00 2.52863e-04
1.54782e+00 4.44407e+00 1.69899e-04
1.54782e+00 4.49224e+00 1.14333e-04
1.54782e+00 4.53847e+00 7.71916e-05
1.54782e+00 4.58271e+00 5.23761e-05
1.54782e+00 4.62491e+00 3.57787e-05
1.54782e+00 4.66504e+00 2.46497e-05
1.54782e+00 4.70305e+00 1.71578e-05
1.54782e+00 4.73890e+00 1.20873e-05
1.54782e+00 4.77257e+00 8.63317e-06
1.54782e+00 4.80402e+00 6.26195e-06
1.54782e+00 4.83322e+00 4.62015e-06
1.54782e+00 4.86014e+00 3.47287e-06
1.54782e+00 4.88475e+00 2.66350e-06
1.54782e+00 4.90703e+00 2.08715e-06
1.54782e+00 4.92696e+00 1.67322e-06
1.54782e+00 4.94452e+00 1.37394e-06
1.54782e+00 4.95969e+00 1.15681e-06
1.54782e+00 4.97246e+00 9.99617e-07
1.54782e+00 4.98281e+00 8.87227e-07
1.54782e+00 4.99074e+00 8.09372e-07
1.54782e+00 4.99623e+00 7.59264e-07
1.54782e+00 4.99928e+00 7.32681e-07
1.62053e+00 7.15683e-04 -1.18704e-05
1.62053e+00 3.77012e-03 -6.25295e-05
1.62053e+00 9.26216e-03 -1.53590e-04
1.62053e+00 1.71877e-02 -2.84864e-04
1.62053e+00 2.75390e-02 -4.55893e-04
1.62053e+00 4.03061e-02 -6.65789e-04
1.62053e+00 5.54766e-02 -9.13015e-04
1.62053e+00 7.30356e-02 -1.19512e-03
1.62053e+00 9.29659e-02 -1.50844e-03
1.62053e+00 1.15248e-01 -1.84773e-03
1.62053e+00 1.39860e-01 -2.20585e-03
1.62053e+00 1.66779e-01 -2.57335e-03
1.62053e+00 1.95977e-01 -2.93812e-03
1.62053e+00 2.27426e-01 -3.28500e-03
1.62053e+00 2.61096e-01 -3.59547e-03
1.62053e+00 2.96953e-01 -3.84737e-03
1.62053e+00 3.34963e-01 -4.01470e-03
1.62053e+00 3.75089e-01 -4.06747e-03
1.62053e+00 4.17290e-01 -3.97171e-03
1.62053e+00 4.61527e-01 -3.68960e-03
1.62053e+00 5.07755e-01 -3.17970e-03
1.62053e+00 5.55930e-01 -2.39739e-03
1.62053e+00 6.06005e-01 -1.29536e-03
1.62053e+00 6.57930e-01 1.75674e-04
1.62053e+00 7.11655e-01 2.06631e-03
1.62053e+00 7.67127e-01 4.42764e-03
1.62053e+00 8.24292e-01 7.31063e-03
1.62053e+00 8.83095e-01 1.07656e-02
1.62053e+00 9.43478e-01 1.48417e-02
1.62053e+00 1.00538e+00 1.95876e-02
1.62053e+00 1.06875e+00 2.50507e-02
1.62053e+00 1.13351e+00 3.12786e-02
1.62053e+00 1.19960e+00 3.83182e-02
1.62053e+00 1.26697e+00 4.62149e-02
1.62053e+00 1.33555e+00 5.50096e-02
1.62053e+00 1.40526e+00 6.47330e-02
1.62053e+00 1.47604e+00 7.53974e-02
1.62053e+00 1.54782e+00 8.69872e-02
1.62053e+00 1.62053e+00 9.94523e-02
1.62053e+00 1.69410e+00 1.12708e-01
1.62053e+00 1.76846e+00 1.26644e-01
1.62053e+00 1.84353e+00 1.41141e-01
1.62053e+00 1.91924e+00 1.56091e-01
1.62053e+00 1.99553e+00 1.71401e-01
1.62053e+00 2.07230e+00 1.86974e-01
1.62053e+00 2.14949e+00 2.02665e-01
1.62053e+00 2.22703e+00 2.18202e-01
1.62053e+00 2.30483e+00 2.33088e-01
1.62053e+00 2.38282e+00 2.46521e-01
1.62053e+00 2.46093e+00 2.57368e-01
1.62053e+00 2.53907e+00 2.64228e-01
1.62053e+00 2.61718e+00 2.65652e-01
1.62053e+00 2.69517e+00 2.60468e-01
1.62053e+00 2.77297e+00 2.48176e-01
1.62053e+00 2.85051e+00 2.29230e-01
1.62053e+00 2.92770e+00 2.05084e-01
1.62053e+00 3.00447e+00 1.77909e-01
1.62053e+00 3.08076e+00 1.50062e-01
1.62053e+00 3.15647e+00 1.23554e-01
1.62053e+00 3.23154e+00 9.97123e-02
1.62053e+00 3.30590e+00 7.91469e-02
1.62053e+00 3.37947e+00 6.19272e-02
1.62053e+00 3.45218e+00 4.78157e-02
1.62053e+00 3.52396e+00 3.64467e-02
1.62053e+00 3.59474e+00 2.74258e-02
1.62053e+00 3.66445e+00 2.03737e-02
1.62053e+00 3.73303e+00 1.49428e-02
1.62053e+00 3.80040e+00 1.08237e-02
1.62053e+00 3.86649e+00 7.74634e-03
1.62053e+00 3.93125e+00 5.48132e-03
1.62053e+00 3.99462e+00 3.83789e-03
1.62053e+00 4.05652e+00 2.66154e-03
1.62053e+00 4.11690e+00 1.83010e-03
1.62053e+00 4.17571e+00 1.24919e-03
1.62053e+00 4.23287e+00 8.47525e-04
1.62053e+00 4.28835e+00 5.72327e-04
1.62053e+00 4.34207e+00 3.85243e-04
1.62053e+00 4.39400e+00 2.58874e-04
1.62053e+00 4.44407e+00 1.73941e-04
1.62053e+00 4.49224e+00 1.17054e-04
1.62053e+00 4.53847e+00 7.90288e-05
1.62053e+00 4.58271e+00 5.36227e-05
1.62053e+00 4.62491e+00 3.66302e-05
1.62053e+00 4.66504e+00 2.52362e-05
1.62053e+00 4.70305e+00 1.75658e-05
1.62053e+00 4.73890e+00 1.23747e-05
1.62053e+00 4.77257e+00 8.83831e-06
1.62053e+00 4.80402e+00 6.41067e-06
1.62053e+00 4.83322e+00 4.72982e-06
1.62053e+00 4.86014e+00 3.55526e-06
1.62053e+00 4.88475e+00 2.72665e-06
1.62053e+00 4.90703e+00 2.13661e-06
1.62053e+00 4.92696e+00 1.71286e-06
1.62053e+00 4.94452e+00 1.40648e-06
1.62053e+00 4.95969e+00 1.18419e-06
1.62053e+00 4.97246e+00 1.02327e-06
1.62053e+00 4.98281e+00 9.08214e-07
1.62053e+00 4.99074e+00 8.28513e-07
1.62053e+00 4.99623e+00 7.77217e-07
1.62053e+00 4.99928e+00 7.50004e-07
1.69410e+00 7.15683e-04 7.23484e-06
1.69410e+00 3.77012e-03 3.81141e-05
1.69410e+00 9.26216e-03 9.36596e-05
1.69410e+00 1.71877e-02 1.73932e-04
1.69410e+00 2.75390e-02 2.79141e-04
1.69410e+00 4.03061e-02 4.09803e-04
1.69410e+00 5.54766e-02 5.66933e-04
1.69410e+00 7.30356e-02 7.52276e-04
1.69410e+00 9.29659e-02 9.68562e-04
1.69410e+00 1.15248e-01 1.21980e-03
1.69410e+00 1.39860e-01 1.51159e-03
1.69410e+00 1.66779e-01 1.85141e-03
1.69410e+00 1.95977e-01 2.24897e-03
1.69410e+00 2.27426e-01 2.71646e-03
1.69410e+00 2.61096e-01 3.26883e-03
1.69410e+00 2.96953e-01 3.92397e-03
1.69410e+00 3.34963e-01 4.70284e-03
1.69410e+00 3.75089e-01 5.62946e-03
1.69410e+00 4.17290e-01 6.73087e-03
1.69410e+00 4.61527e-01 8.03683e-03
1.69410e+00 5.07755e-01 9.57948e-03
1.69410e+00 5.55930e-01 1.13927e-02
1.69410e+00 6.06005e-01 1.35116e-02
1.69410e+00 6.57930e-01 1.59715e-02
1.69410e+00 7.11655e-01 1.88069e-02
1.69410e+00 7.67127e-01 2.20511e-02
1.69410e+00 8.24292e-01 2.57346e-02
1.69410e+00 8.83095e-01 2.98849e-02
1.69410e+00 9.43478e-01 3.45264e-02
1.69410e+00 1.00538e+00 3.96801e-02
1.69410e+00 1.06875e+00 4.53647e-02
1.69410e+00 1.13351e+00 5.15984e-02
1.69410e+00 1.19960e+00 5.84006e-02
1.69410e+00 1.26697e+00 6.57943e-02
1.69410e+00 1.33555e+00 7.38073e-02
1.69410e+00 1.40526e+00 8.24725e-02
1.69410e+00 1.47604e+00 9.18250e-02
1.69410e+00 1.54782e+00 1.01896e-01
1.69410e+00 1.62053e+00 1.12708e-01
1.69410e+00 1.69410e+00 1.24263e-01
1.69410e+00 1.76846e+00 1.36544e-01
1.69410e+00 1.84353e+00 1.49518e-01
1.69410e+00 1.91924e+00 1.63141e-01
1.69410e+00 1.99553e+00 1.77358e-01
1.69410e+00 2.07230e+00 1.92089e-01
1.69410e+00 2.14949e+00 2.07181e-01
1.69410e+00 2.22703e+00 2.22338e-01
1.69410e+00 2.30483e+00 2.37031e-01
1.69410e+00 2.38282e+00 2.50417e-01
1.69410e+00 2.46093e+00 2.61308e-01
1.69410e+00 2.53907e+00 2.68250e-01
1.69410e+00 2.61718e+00 2.69733e-01
1.69410e+00 2.69517e+00 2.64537e-01
1.69410e+00 2.77297e+00 2.52122e-01
1.69410e+00 2.85051e+00 2.32933e-01
1.69410e+00 2.92770e+00 2.08437e-01
1.69410e+00 3.00447e+00 1.80839e-01
1.69410e+00 3.08076e+00 1.52543e-01
1.69410e+00 3.15647e+00 1.25601e-01
1.69410e+00 3.23154e+00 1.01366e-01
1.69410e+00 3.30590e+00 8.04616e-02
1.69410e+00 3.37947e+00 6.29595e-02
1.69410e+00 3.45218e+00 4.86171e-02
1.69410e+00 3.52396e+00 3.70617e-02
1.69410e+00 3.59474e+00 2.78921e-02
1.69410e+00 3.66445e+00 2.07229e-02
1.69410e+00 3.73303e+00 1.52010e-02
1.69410e+00 3.80040e+00 1.10120e-02
1.69410e+00 3.86649e+00 7.88202e-03
1.69410e+00 3.93125e+00 5.57788e-03
1.69410e+00 3.99462e+00 3.90584e-03
1.69410e+00 4.05652e+00 2.70887e-03
1.69410e+00 4.11690e+00 1.86275e-03
1.69410e+00 4.17571e+00 1.27155e-03
1.69410e+00 4.23287e+00 8.62732e-04
1.69410e+00 4.28835e+00 5.82616e-04
1.69410e+00 4.34207e+00 3.92179e-04
1.69410e+00 4.39400e+00 2.63540e-04
1.69410e+00 4.44407e+00 1.77078e-04
1.69410e+00 4.49224e+00 1.19166e-04
1.69410e+00 4.53847e+00 8.04550e-05
1.69410e+00 4.58271e+00 5.45903e-05
1.69410e+00 4.62491e+00 3.72910e-05
1.69410e+00 4.66504e+00 2.56913e-05
1.69410e+00 4.70305e+00 1.78824e-05
1.69410e+00 4.73890e+00 1.25976e-05
1.69410e+00 4.77257e+00 8.99739e-06
1.69410e+00 4.80402e+00 6.52597e-06
1.69410e+00 4.83322e+00 4.81482e-06
1.69410e+00 4.86014e+00 3.61911e-06
1.69410e+00 4.88475e+00 2.77558e-06
1.69410e+00 4.90703e+00 2.17493e-06
1.69410e+00 4.92696e+00 1.74356e-06
1.69410e+00 4.94452e+00 1.43167e-06
1.69410e+00 4.95969e+00 1.20538e-06
1.69410e+00 4.97246e+00 1.04158e-06
1.69410e+00 4.98281e+00 9.24457e-07
1.69410e+00 4.99074e+00 8.43326e-07
1.69410e+00 4.99623e+00 7.91110e-07
1.69410e+00 4.99928e+00 7.63409e-07
1.76846e+00 7.15683e-04 2.46840e-05
1.76846e+00 3.77012e-03 1.30033e-04
1.76846e+00 9.26216e-03 3.19477e-04
1.76846e+00 1.71877e-02 5.92961e-04
1.76846e+00 2.75390e-02 9.50471e-04
1.76846e+00 4.03061e-02 1.39219e-03
1.76846e+00 5.54766e-02 1.91869e-03
1.76846e+00 7.30356e-02 2.53109e-03
1.76846e+00 9.29659e-02 3.23130e-03
1.76846e+00 1.15248e-01 4.02230e-03
1.76846e+00 1.39860e-01 4.90835e-03
1.76846e+00 1.66779e-01 5.89528e-03
1.76846e+00 1.95977e-01 6.99075e-03
1.76846e+00 2.27426e-01 8.20447e-03
1.76846e+00 2.61096e-01 9.54840e-03
1.76846e+00 2.96953e-01 1.10369e-02
1.76846e+00 3.34963e-01 1.26866e-02
1.76846e+00 3.75089e-01 1.45168e-02
1.76846e+00 4.17290e-01 1.65486e-02
1.76846e+00 4.61527e-01 1.88052e-02
1.76846e+00 5.07755e-01 2.13111e-02
1.76846e+00 5.55930e-01 2.40915e-02
1.76846e+00 6.06005e-01 2.71712e-02
1.76846e+00 6.57930e-01 3.05741e-02
1.76846e+00 7.11655e-01 3.43219e-02
1.76846e+00 7.67127e-01 3.84327e-02
1.76846e+00 8.24292e-01 4.29204e-02
1.76846e+00 8.83095e-01 4.77935e-02
1.76846e+00 9.43478e-01 5.30550e-02
1.76846e+00 1.00538e+00 5.87023e-02
1.76846e+00 1.06875e+00 6.47285e-02
1.76846e+00 1.13351e+00 7.11240e-02
1.76846e+00 1.19960e+00 7.78802e-02
1.76846e+00 1.26697e+00 8.49934e-02
1.76846e+00 1.33555e+00 9.24693e-02
1.76846e+00 1.40526e+00 1.00328e-01
1.76846e+00 1.47604e+00 1.08605e-01
1.76846e+00 1.54782e+00 1.17355e-01
1.76846e+00 1.62053e+00 1.26644e-01
1.76846e+00 1.69410e+00 1.36544e-01
1.76846e+00 1.76846e+00 1.47124e-01
1.76846e+00 1.84353e+00 1.58443e-01
1.76846e+00 1.91924e+00 1.70539e-01
1.76846e+00 1.99553e+00 1.83420e-01
1.76846e+00 2.07230e+00 1.97042e-01
1.76846e+00 2.14949e+00 2.11265e-01
1.76846e+00 2.22703e+00 2.25787e-01
1.76846e+00 2.30483e+00 2.40054e-01
1.76846e+00 2.38282e+00 2.53188e-01
1.76846e+00 2.46093e+00 2.63958e-01
1.76846e+00 2.53907e+00 2.70861e-01
1.76846e+00 2.61718e+00 2.72336e-01
1.76846e+00 2.69517e+00 2.67114e-01
1.76846e+00 2.77297e+00 2.54622e-01
1.76846e+00 2.85051e+00 2.35284e-01
1.76846e+00 2.92770e+00 2.10572e-01
1.76846e+00 3.00447e+00 1.82709e-01
1.76846e+00 3.08076e+00 1.54128e-01
1.76846e+00 3.15647e+00 1.26908e-01
1.76846e+00 3.23154e+00 1.02422e-01
1.76846e+00 3.30590e+00 8.13023e-02
1.76846e+00 3.37947e+00 6.36211e-02
1.76846e+00 3.45218e+00 4.91324e-02
1.76846e+00 3.52396e+00 3.74589e-02
1.76846e+00 3.59474e+00 2.81947e-02
1.76846e+00 3.66445e+00 2.09505e-02
1.76846e+00 3.73303e+00 1.53700e-02
1.76846e+00 3.80040e+00 1.11359e-02
1.76846e+00 3.86649e+00 7.97158e-03
1.76846e+00 3.93125e+00 5.64183e-03
1.76846e+00 3.99462e+00 3.95097e-03
1.76846e+00 4.05652e+00 2.74037e-03
1.76846e+00 4.11690e+00 1.88454e-03
1.76846e+00 4.17571e+00 1.28648e-03
1.76846e+00 4.23287e+00 8.72903e-04
1.76846e+00 4.28835e+00 5.89504e-04
1.76846e+00 4.34207e+00 3.96825e-04
1.76846e+00 4.39400e+00 2.66667e-04
1.76846e+00 4.44407e+00 1.79181e-04
1.76846e+00 4.49224e+00 1.20583e-04
1.76846e+00 4.53847e+00 8.14113e-05
1.76846e+00 4.58271e+00 5.52391e-05
1.76846e+00 4.62491e+00 3.77339e-05
1.76846e+00 4.66504e+00 2.59962e-05
1.76846e+00 4.70305e+00 1.80945e-05
1.76846e+00 4.73890e+00 1.27468e-05
1.76846e+00 4.77257e+00 9.10385e-06
1.76846e+00 4.80402e+00 6.60309e-06
1.76846e+00 4.83322e+00 4.87165e-06
1.76846e+00 4.86014e+00 3.66177e-06
1.76846e+00 4.88475e+00 2.80827e-06
1.76846e+00 4.90703e+00 2.20051e-06
1.76846e+00 4.92696e+00 1.76404e-06
1.76846e+00 4.94452e+00 1.44847e-06
1.76846e+00 4.95969e+00 1.21952e-06
1.76846e+00 4.97246e+00 1.05378e-06
1.76846e+00 4.98281e+00 9.35282e-07
1.76846e+00 4.99074e+00 8.53196e-07
1.76846e+00 4.99623e+00 8.00365e-07
1.76846e+00 4.99928e+00 7.72339e-07
1.84353e+00 7.15683e-04 4.05875e-05
1.84353e+00 3.77012e-03 2.13811e-04
1.84353e+00 9.26216e-03 5.25293e-04
1.84353e+00 1.71877e-02 9.74876e-04
1.84353e+00 2.75390e-02 1.56235e-03
1.84353e+00 4.03061e-02 2.28760e-03
1.84353e+00 5.54766e-02 3.15079e-03
1.84353e+00 7.30356e-02 4.15250e-03
1.84353e+00 9.29659e-02 5.29396e-03
1.84353e+00 1.15248e-01 6.57721e-03
1.84353e+00 1.39860e-01 8.00540e-03
1.84353e+00 1.66779e-01 9.58293e-03
1.84353e+00 1.95977e-01 1.13157e-02
1.84353e+00 2.27426e-01 1.32114e-02
1.84353e+00 2.61096e-01 1.52794e-02
1.84353e+00 2.96953e-01 1.75311e-02
1.84353e+00 3.34963e-01 1.99796e-02
1.84353e+00 3.75089e-01 2.26401e-02
1.84353e+00 4.17290e-01 2.55290e-02
1.84353e+00 4.61527e-01 2.86639e-02
1.84353e+00 5.07755e-01 3.20631e-02
1.84353e+00 5.55930e-01 3.57444e-02
1.84353e+00 6.06005e-01 3.97246e-02
1.84353e+00 6.57930e-01 4.40181e-02
1.84353e+00 7.11655e-01 4.86360e-02
1.84353e+00 7.67127e-01 5.35843e-02
1.84353e+00 8.24292e-01 5.88632e-02
1.84353e+00 8.83095e-01 6.44657e-02
1.84353e+00 9.43478e-01 7.03770e-02
1.84353e+00 1.00538e+00 7.65747e-02
1.84353e+00 1.06875e+00 8.30298e-02
1.84353e+00 1.13351e+00 8.97082e-02
1.84353e+00 1.19960e+00 9.65751e-02
1.84353e+00 1.26697e+00 1.03600e-01
1.84353e+00 1.33555e+00 1.10761e-01
1.84353e+00 1.40526e+00 1.18058e-01
1.84353e+00 1.47604e+00 1.25512e-01
1.84353e+00 1.54782e+00 1.33178e-01
1.84353e+00 1.62053e+00 1.41141e-01
1.84353e+00 1.69410e+00 1.49518e-01
1.84353e+00 1.76846e+00 1.58443e-01
1.84353e+00 1.84353e+00 1.68058e-01
1.84353e+00 1.91924e+00 1.78489e-01
1.84353e+00 1.99553e+00 1.89822e-01
1.84353e+00 2.07230e+00 2.02076e-01
1.84353e+00 2.14949e+00 2.15145e-01
1.84353e+00 2.22703e+00 2.28739e-01
1.84353e+00 2.30483e+00 2.42298e-01
1.84353e+00 2.38282e+00 2.54921e-01
1.84353e+00 2.46093e+00 2.65348e-01
1.84353e+00 2.53907e+00 2.72039e-01
1.84353e+00 2.61718e+00 2.73391e-01
1.84353e+00 2.69517e+00 2.68098e-01
1.84353e+00 2.77297e+00 2.55552e-01
1.84353e+00 2.85051e+00 2.36152e-01
1.84353e+00 2.92770e+00 2.11361e-01
1.84353e+00 3.00447e+00 1.83401e-01
1.84353e+00 3.08076e+00 1.54715e-01
1.84353e+00 3.15647e+00 1.27392e-01
1.84353e+00 3.23154e+00 1.02814e-01
1.84353e+00 3.30590e+00 8.16159e-02
1.84353e+00 3.37947e+00 6.38705e-02
1.84353e+00 3.45218e+00 4.93297e-02
1.84353e+00 3.52396e+00 3.76138e-02
1.84353e+00 3.59474e+00 2.83151e-02
1.84353e+00 3.66445e+00 2.10429e-02
1.84353e+00 3.73303e+00 1.54399e-02
1.84353e+00 3.80040e+00 1.11879e-02
1.84353e+00 3.86649e+00 8.00974e-03
1.84353e+00 3.93125e+00 5.66941e-03
1.84353e+00 3.99462e+00 3.97063e-03
1.84353e+00 4.05652e+00 2.75422e-03
1.84353e+00 4.11690e+00 1.89418e-03
1.84353e+00 4.17571e+00 1.29313e-03
1.84353e+00 4.23287e+00 8.77450e-04
1.84353e+00 4.28835e+00 5.92593e-04
1.84353e+00 4.34207e+00 3.98915e-04
1.84353e+00 4.39400e+00 2.68076e-04
1.84353e+00 4.44407e+00 1.80129e-04
1.84353e+00 4.49224e+00 1.21221e-04
1.84353e+00 4.53847e+00 8.18426e-05
1.84353e+00 4.58271e+00 5.55315e-05
1.84353e+00 4.62491e+00 3.79334e-05
1.84353e+00 4.66504e+00 2.61334e-05
1.84353e+00 4.70305e+00 1.81897e-05
1.84353e+00 4.73890e+00 1.28137e-05
1.84353e+00 4.77257e+00 9.15152e-06
1.84353e+00 4.80402e+00 6.63756e-06
1.84353e+00 4.83322e+00 4.89701e-06
1.84353e+00 4.86014e+00 3.68077e-06
1.84353e+00 4.88475e+00 2.82279e-06
1.84353e+00 4.90703e+00 2.21186e-06
1.84353e+00 4.92696e+00 1.77312e-06
1.84353e+00 4.94452e+00 1.45590e-06
1.84353e+00 4.95969e+00 1.22576e-06
1.84353e+00 4.97246e+00 1.05917e-06
1.84353e+00 4.98281e+00 9.40056e-07
1.84353e+00 4.99074e+00 8.57546e-07
1.84353e+00 4.99623e+00 8.04443e-07
1.84353e+00 4.99928e+00 7.76271e-07
1.91924e+00 7.15683e-04 5.50979e-05
1.91924e+00 3.77012e-03 2.90250e-04
1.91924e+00 9.26216e-03 7.13080e-04
1.91924e+00 1.71877e-02 1.32334e-03
1.91924e+00 2.75390e-02 2.12063e-03
1.91924e+00 4.03061e-02 3.10459e-03
1.91924e+00 5.54766e-02 4.27501e-03
1.91924e+00 7.30356e-02 5.63200e-03
1.91924e+00 9.29659e-02 7.17618e-03
1.91924e+00 1.15248e-01 8.90880e-03
1.91924e+00 1.39860e-01 1.08320e-02
1.91924e+00 1.66779e-01 1.29490e-02
1.91924e+00 1.95977e-01 1.52642e-02
1.91924e+00 2.27426e-01 1.77834e-02
1.91924e+00 2.61096e-01 2.05140e-02
1.91924e+00 2.96953e-01 2.34647e-02
1.91924e+00 3.34963e-01 2.66458e-02
1.91924e+00 3.75089e-01 3.00689e-02
1.91924e+00 4.17290e-01 3.37465e-02
1.91924e+00 4.61527e-01 3.76916e-02
1.91924e+00 5.07755e-01 4.19173e-02
1.91924e+00 5.55930e-01 4.64354e-02
1.91924e+00 6.06005e-01 5.12562e-02
1.91924e+00 6.57930e-01 5.63863e-02
1.91924e+00 7.11655e-01 6.18281e-02
1.91924e+00 7.67127e-01 6.75780e-02
1.91924e+00 8.24292e-01 7.36250e-02
1.91924e+00 8.83095e-01 7.99496e-02
1.91924e+00 9.43478e-01 8.65227e-02
1.91924e+00 1.00538e+00 9.33058e-02
1.91924e+00 1.06875e+00 1.00251e-01
1.91924e+00 1.13351e+00 1.07304e-01
1.91924e+00 1.19960e+00 1.14406e-01
1.91924e+00 1.26697e+00 1.21502e-01
1.91924e+00 1.33555e+00 1.28543e-01
1.91924e+00 1.40526e+00 1.35503e-01
1.91924e+00 1.47604e+00 1.42381e-01
1.91924e+00 1.54782e+00 1.49216e-01
1.91924e+00 1.62053e+00 1.56091e-01
1.91924e+00 1.69410e+00 1.63141e-01
1.91924e+00 1.76846e+00 1.70539e-01
1.91924e+00 1.84353e+00 1.78489e-01
1.91924e+00 1.91924e+00 1.87194e-01
1.91924e+00 1.99553e+00 1.96827e-01
1.91924e+00 2.07230e+00 2.07481e-01
1.91924e+00 2.14949e+00 2.19109e-01
1.91924e+00 2.22703e+00 2.31457e-01
1.91924e+00 2.30483e+00 2.43980e-01
1.91924e+00 2.38282e+00 2.55778e-01
1.91924e+00 2.46093e+00 2.65578e-01
1.91924e+00 2.53907e+00 2.71821e-01
1.91924e+00 2.61718e+00 2.72883e-01
1.91924e+00 2.69517e+00 2.67429e-01
1.91924e+00 2.77297e+00 2.54821e-01
1.91924e+00 2.85051e+00 2.35432e-01
1.91924e+00 2.92770e+00 2.10695e-01
1.91924e+00 3.00447e+00 1.82814e-01
1.91924e+00 3.08076e+00 1.54215e-01
1.91924e+00 3.15647e+00 1.26979e-01
1.91924e+00 3.23154e+00 1.02481e-01
1.91924e+00 3.30590e+00 8.13553e-02
1.91924e+00 3.37947e+00 6.36712e-02
1.91924e+00 3.45218e+00 4.91808e-02
1.91924e+00 3.52396e+00 3.75050e-02
1.91924e+00 3.59474e+00 2.82371e-02
1.91924e+00 3.66445e+00 2.09879e-02
1.91924e+00 3.73303e+00 1.54016e-02
1.91924e+00 3.80040e+00 1.11616e-02
1.91924e+00 3.86649e+00 7.99184e-03
1.91924e+00 3.93125e+00 5.65731e-03
1.91924e+00 3.99462e+00 3.96251e-03
1.91924e+00 4.05652e+00 2.74878e-03
1.91924e+00 4.11690e+00 1.89056e-03
1.91924e+00 4.17571e+00 1.29073e-03
1.91924e+00 4.23287e+00 8.75852e-04
1.91924e+00 4.28835e+00 5.91533e-04
1.91924e+00 4.34207e+00 3.98210e-04
1.91924e+00 4.39400e+00 2.67606e-04
1.91924e+00 4.44407e+00 1.79816e-04
1.91924e+00 4.49224e+00 1.21010e-04
1.91924e+00 4.53847e+00 8.17001e-05
1.91924e+00 4.58271e+00 5.54345e-05
1.91924e+00 4.62491e+00 3.78668e-05
1.91924e+00 4.66504e+00 2.60872e-05
1.91924e+00 4.70305e+00 1.81574e-05
1.91924e+00 4.73890e+00 1.27907e-05
1.91924e+00 4.77257e+00 9.13494e-06
1.91924e+00 4.80402e+00 6.62543e-06
1.91924e+00 4.83322e+00 4.88798e-06
1.91924e+00 4.86014e+00 3.67392e-06
1.91924e+00 4.88475e+00 2.81749e-06
1.91924e+00 4.90703e+00 2.20767e-06
1.91924e+00 4.92696e+00 1.76973e-06
1.91924e+00 4.94452e+00 1.45311e-06
1.91924e+00 4.95969e+00 1.22339e-06
1.91924e+00 4.97246e+00 1.05711e-06
1.91924e+00 4.98281e+00 9.38222e-07
1.91924e+00 4.99074e+00 8.55867e-07
1.91924e+00 4.99623e+00 8.02864e-07
1.91924e+00 4.99928e+00 7.74747e-07
1.99553e+00 7.15683e-04 6.83930e-05
1.99553e+00 3.77012e-03 3.60286e-04
1.99553e+00 9.26216e-03 8.85139e-04
1.99553e+00 1.71877e-02 1.64261e-03
1.99553e+00 2.75390e-02 2.63216e-03
1.99553e+00 4.03061e-02 3.85316e-03
1.99553e+00 5.54766e-02 5.30510e-03
1.99553e+00 7.30356e-02 6.98767e-03
1.99553e+00 9.29659e-02 8.90092e-03
1.99553e+00 1.15248e-01 1.10454e-02
1.99553e+00 1.39860e-01 1.34224e-02
1.99553e+00 1.66779e-01 1.60341e-02
1.99553e+00 1.95977e-01 1.88836e-02
1.99553e+00 2.27426e-01 2.19751e-02
1.99553e+00 2.61096e-01 2.53141e-02
1.99553e+00 2.96953e-01 2.89071e-02
1.99553e+00 3.34963e-01 3.27621e-02
1.99553e+00 3.75089e-01 3.68875e-02
1.99553e+00 4.17290e-01 4.12925e-02
1.99553e+00 4.61527e-01 4.59864e-02
1.99553e+00 5.07755e-01 5.09777e-02
1.99553e+00 5.55930e-01 5.62736e-02
1.99553e+00 6.06005e-01 6.18786e-02
1.99553e+00 6.57930e-01 6.77933e-02
1.99553e+00 7.11655e-01 7.40130e-02
1.99553e+00 7.67127e-01 8.05264e-02
1.99553e+00 8.24292e-01 8.73136e-02
1.99553e+00 8.83095e-01 9.43450e-02
1.99553e+00 9.43478e-01 1.01580e-01
1.99553e+00 1.00538e+00 1.08968e-01
1.99553e+00 1.06875e+00 1.16445e-01
1.99553e+00 1.13351e+00 1.23940e-01
1.99553e+00 1.19960e+00 1.31375e-01
1.99553e+00 1.26697e+00 1.38671e-01
1.99553e+00 1.33555e+00 1.45758e-01
1.99553e+00 1.40526e+00 1.52579e-01
1.99553e+00 1.47604e+00 1.59108e-01
1.99553e+00 1.54782e+00 1.65360e-01
1.99553e+00 1.62053e+00 1.71401e-01
1.99553e+00 1.69410e+00 1.77358e-01
1.99553e+00 1.76846e+00 1.83420e-01
1.99553e+00 1.84353e+00 1.89822e-01
1.99553e+00 1.91924e+00 1.96827e-01
1.99553e+00 1.99553e+00 2.04680e-01
1.99553e+00 2.07230e+00 2.13553e-01
1.99553e+00 2.14949e+00 2.23474e-01
1.99553e+00 2.22703e+00 2.34249e-01
1.99553e+00 2.30483e+00 2.45376e-01
1.99553e+00 2.38282e+00 2.55982e-01
1.99553e+00 2.46093e+00 2.64810e-01
1.99553e+00 2.53907e+00 2.70307e-01
1.99553e+00 2.61718e+00 2.70849e-01
1.99553e+00 2.69517e+00 2.65093e-01
1.99553e+00 2.77297e+00 2.52380e-01
1.99553e+00 2.85051e+00 2.33050e-01
1.99553e+00 2.92770e+00 2.08494e-01
1.99553e+00 3.00447e+00 1.80869e-01
1.99553e+00 3.08076e+00 1.52559e-01
1.99553e+00 3.15647e+00 1.25610e-01
1.99553e+00 3.23154e+00 1.01377e-01
1.99553e+00 3.30590e+00 8.04832e-02
1.99553e+00 3.37947e+00 6.29942e-02
1.99553e+00 3.45218e+00 4.86635e-02
1.99553e+00 3.52396e+00 3.71155e-02
1.99553e+00 3.59474e+00 2.79480e-02
1.99553e+00 3.66445e+00 2.07760e-02
1.99553e+00 3.73303e+00 1.52483e-02
1.99553e+00 3.80040e+00 1.10519e-02
1.99553e+00 3.86649e+00 7.91417e-03
1.99553e+00 3.93125e+00 5.60290e-03
1.99553e+00 3.99462e+00 3.92473e-03
1.99553e+00 4.05652e+00 2.72278e-03
1.99553e+00 4.11690e+00 1.87278e-03
1.99553e+00 4.17571e+00 1.27865e-03
1.99553e+00 4.23287e+00 8.67694e-04
1.99553e+00 4.28835e+00 5.86041e-04
1.99553e+00 4.34207e+00 3.94521e-04
1.99553e+00 4.39400e+00 2.65131e-04
1.99553e+00 4.44407e+00 1.78153e-04
1.99553e+00 4.49224e+00 1.19892e-04
1.99553e+00 4.53847e+00 8.09448e-05
1.99553e+00 4.58271e+00 5.49216e-05
1.99553e+00 4.62491e+00 3.75161e-05
1.99553e+00 4.66504e+00 2.58452e-05
1.99553e+00 4.70305e+00 1.79887e-05
1.99553e+00 4.73890e+00 1.26717e-05
1.99553e+00 4.77257e+00 9.04977e-06
1.99553e+00 4.80402e+00 6.56354e-06
1.99553e+00 4.83322e+00 4.84222e-06
1.99553e+00 4.86014e+00 3.63947e-06
1.99553e+00 4.88475e+00 2.79102e-06
1.99553e+00 4.90703e+00 2.18689e-06
1.99553e+00 4.92696e+00 1.75305e-06
1.99553e+00 4.94452e+00 1.43939e-06
1.99553e+00 4.95969e+00 1.21183e-06
1.99553e+00 4.97246e+00 1.04711e-06
1.99553e+00 4.98281e+00 9.29334e-07
1.99553e+00 4.99074e+00 8.47754e-07
1.99553e+00 4.99623e+00 7.95250e-07
1.99553e+00 4.99928e+00 7.67397e-07
2.07230e+00 7.15683e-04 8.06485e-05
2.07230e+00 3.77012e-03 4.24847e-04
2.07230e+00 9.26216e-03 1.04374e-03
2.07230e+00 1.71877e-02 1.93693e-03
2.07230e+00 2.75390e-02 3.10369e-03
2.07230e+00 4.03061e-02 4.54321e-03
2.07230e+00 5.54766e-02 6.25467e-03
2.07230e+00 7.30356e-02 8.23738e-03
2.07230e+00 9.29659e-02 1.04909e-02
2.07230e+00 1.15248e-01 1.30152e-02
2.07230e+00 1.39860e-01 1.58107e-02
2.07230e+00 1.66779e-01 1.88786e-02
2.07230e+00 1.95977e-01 2.22210e-02
2.07230e+00 2.27426e-01 2.58406e-02
2.07230e+00 2.61096e-01 2.97412e-02
2.07230e+00 2.96953e-01 3.39277e-02
2.07230e+00 3.34963e-01 3.84055e-02
2.07230e+00 3.75089e-01 4.31806e-02
2.07230e+00 4.17290e-01 4.82594e-02
2.07230e+00 4.61527e-01 5.36479e-02
2.07230e+00 5.07755e-01 5.93508e-02
2.07230e+00 5.55930e-01 6.53714e-02
2.07230e+00 6.06005e-01 7.17093e-02
2.07230e+00 6.57930e-01 7.83604e-02
2.07230e+00 7.11655e-01 8.53142e-02
2.07230e+00 7.67127e-01 9.25532e-02
2.07230e+00 8.24292e-01 1.00051e-01
2.07230e+00 8.83095e-01 1.07769e-01
2.07230e+00 9.43478e-01 1.15659e-01
2.07230e+00 1.00538e+00 1.23659e-01
2.07230e+00 1.06875e+00 1.31695e-01
2.07230e+00 1.13351e+00 1.39680e-01
2.07230e+00 1.19960e+00 1.47522e-01
2.07230e+00 1.26697e+00 1.55123e-01
2.07230e+00 1.33555e+00 1.62389e-01
2.07230e+00 1.40526e+00 1.69240e-01
2.07230e+00 1.47604e+00 1.75622e-01
2.07230e+00 1.54782e+00 1.81520e-01
2.07230e+00 1.62053e+00 1.86974e-01
2.07230e+00 1.69410e+00 1.92089e-01
2.07230e+00 1.76846e+00 1.97042e-01
2.07230e+00 1.84353e+00 2.02076e-01
2.07230e+00 1.91924e+00 2.07481e-01
2.07230e+00 1.99553e+00 2.13553e-01
2.07230e+00 2.07230e+00 2.20532e-01
2.07230e+00 2.14949e+00 2.28528e-01
2.07230e+00 2.22703e+00 2.37421e-01
2.07230e+00 2.30483e+00 2.46781e-01
2.07230e+00 2.38282e+00 2.55793e-01
2.07230e+00 2.46093e+00 2.63250e-01
2.07230e+00 2.53907e+00 2.67642e-01
2.07230e+00 2.61718e+00 2.67376e-01
2.07230e+00 2.69517e+00 2.61123e-01
2.07230e+00 2.77297e+00 2.48220e-01
2.07230e+00 2.85051e+00 2.28971e-01
2.07230e+00 2.92770e+00 2.04708e-01
2.07230e+00 3.00447e+00 1.77514e-01
2.07230e+00 3.08076e+00 1.49698e-01
2.07230e+00 3.15647e+00 1.23246e-01
2.07230e+00 3.23154e+00 9.94706e-02
2.07230e+00 3.30590e+00 7.89751e-02
2.07230e+00 3.37947e+00 6.18206e-02
2.07230e+00 3.45218e+00 4.77634e-02
2.07230e+00 3.52396e+00 3.64345e-02
2.07230e+00 3.59474e+00 2.74394e-02
2.07230e+00 3.66445e+00 2.04010e-02
2.07230e+00 3.73303e+00 1.49751e-02
2.07230e+00 3.80040e+00 1.08553e-02
2.07230e+00 3.86649e+00 7.77430e-03
2.07230e+00 3.93125e+00 5.50442e-03
2.07230e+00 3.99462e+00 3.85608e-03
2.07230e+00 4.05652e+00 2.67534e-03
2.07230e+00 4.11690e+00 1.84026e-03
2.07230e+00 4.17571e+00 1.25651e-03
2.07230e+00 4.23287e+00 8.52698e-04
2.07230e+00 4.28835e+00 5.75928e-04
2.07230e+00 4.34207e+00 3.87720e-04
2.07230e+00 4.39400e+00 2.60564e-04
2.07230e+00 4.44407e+00 1.75085e-04
2.07230e+00 4.49224e+00 1.17827e-04
2.07230e+00 4.53847e+00 7.95504e-05
2.07230e+00 4.58271e+00 5.39751e-05
2.07230e+00 4.62491e+00 3.68691e-05
2.07230e+00 4.66504e+00 2.53991e-05
2.07230e+00 4.70305e+00 1.76779e-05
2.07230e+00 4.73890e+00 1.24525e-05
2.07230e+00 4.77257e+00 8.89308e-06
2.07230e+00 4.80402e+00 6.44977e-06
2.07230e+00 4.83322e+00 4.75820e-06
2.07230e+00 4.86014e+00 3.57624e-06
2.07230e+00 4.88475e+00 2.74249e-06
2.07230e+00 4.90703e+00 2.14883e-06
2.07230e+00 4.92696e+00 1.72251e-06
2.07230e+00 4.94452e+00 1.41429e-06
2.07230e+00 4.95969e+00 1.19068e-06
2.07230e+00 4.97246e+00 1.02882e-06
2.07230e+00 4.98281e+00 9.13098e-07
2.07230e+00 4.99074e+00 8.32937e-07
2.07230e+00 4.99623e+00 7.81346e-07
2.07230e+00 4.99928e+00 7.53978e-07
2.14949e+00 7.15683e-04 9.19992e-05
2.14949e+00 3.77012e-03 4.84640e-04
2.14949e+00 9.26216e-03 1.19064e-03
2.14949e+00 1.71877e-02 2.20951e-03
2.14949e+00 2.75390e-02 3.54041e-03
2.14949e+00 4.03061e-02 5.18232e-03
2.14949e+00 5.54766e-02 7.13415e-03
2.14949e+00 7.30356e-02 9.39486e-03
2.14949e+00 9.29659e-02 1.19635e-02
2.14949e+00 1.15248e-01 1.48396e-02
2.14949e+00 1.39860e-01 1.80228e-02
2.14949e+00 1.66779e-01 2.15134e-02
2.14949e+00 1.95977e-01 2.53124e-02
2.14949e+00 2.27426e-01 2.94214e-02
2.14949e+00 2.61096e-01 3.38428e-02
2.14949e+00 2.96953e-01 3.85794e-02
2.14949e+00 3.34963e-01 4.36350e-02
2.14949e+00 3.75089e-01 4.90132e-02
2.14949e+00 4.17290e-01 5.47179e-02
2.14949e+00 4.61527e-01 6.07521e-02
2.14949e+00 5.07755e-01 6.71177e-02
2.14949e+00 5.55930e-01 7.38140e-02
2.14949e+00 6.06005e-01 8.08374e-02
2.14949e+00 6.57930e-01 8.81792e-02
2.14949e+00 7.11655e-01 9.58246e-02
2.14949e+00 7.67127e-01 1.03751e-01
2.14949e+00 8.24292e-01 1.11926e-01
2.14949e+00 8.83095e-01 1.20307e-01
2.14949e+00 9.43478e-01 1.28837e-01
2.14949e+00 1.00538e+00 1.37448e-01
2.14949e+00 1.06875e+00 1.46055e-01
2.14949e+00 1.13351e+00 1.54563e-01
2.14949e+00 1.19960e+00 1.62865e-01
2.14949e+00 1.26697e+00 1.70848e-01
2.14949e+00 1.33555e+00 1.78400e-01
2.14949e+00 1.40526e+00 1.85420e-01
2.14949e+00 1.47604e+00 1.91825e-01
2.14949e+00 1.54782e+00 1.97571e-01
2.14949e+00 1.62053e+00 2.02665e-01
2.14949e+00 1.69410e+00 2.07181e-01
2.14949e+00 1.76846e+00 2.11265e-01
2.14949e+00 1.84353e+00 2.15145e-01
2.14949e+00 1.91924e+00 2.19109e-01
2.14949e+00 1.99553e+00 2.23474e-01
2.14949e+00 2.07230e+00 2.28528e-01
2.14949e+00 2.14949e+00 2.34446e-01
2.14949e+00 2.22703e+00 2.41196e-01
2.14949e+00 2.30483e+00 2.48437e-01
2.14949e+00 2.38282e+00 2.55446e-01
2.14949e+00 2.46093e+00 2.61107e-01
2.14949e+00 2.53907e+00 2.63993e-01
2.14949e+00 2.61718e+00 2.62582e-01
2.14949e+00 2.69517e+00 2.55594e-01
2.14949e+00 2.77297e+00 2.42377e-01
2.14949e+00 2.85051e+00 2.23204e-01
2.14949e+00 2.92770e+00 1.99331e-01
2.14949e+00 3.00447e+00 1.72735e-01
2.14949e+00 3.08076e+00 1.45618e-01
2.14949e+00 3.15647e+00 1.19871e-01
2.14949e+00 3.23154e+00 9.67490e-02
2.14949e+00 3.30590e+00 7.68220e-02
2.14949e+00 3.37947e+00 6.01439e-02
2.14949e+00 3.45218e+00 4.64756e-02
2.14949e+00 3.52396e+00 3.54582e-02
2.14949e+00 3.59474e+00 2.67085e-02
2.14949e+00 3.66445e+00 1.98607e-02
2.14949e+00 3.73303e+00 1.45807e-02
2.14949e+00 3.80040e+00 1.05707e-02
2.14949e+00 3.86649e+00 7.57133e-03
2.14949e+00 3.93125e+00 5.36123e-03
2.14949e+00 3.99462e+00 3.75608e-03
2.14949e+00 4.05652e+00 2.60614e-03
2.14949e+00 4.11690e+00 1.79277e-03
2.14949e+00 4.17571e+00 1.22413e-03
2.14949e+00 4.23287e+00 8.30756e-04
2.14949e+00 4.28835e+00 5.61122e-04
2.14949e+00 4.34207e+00 3.77759e-04
2.14949e+00 4.39400e+00 2.53872e-04
2.14949e+00 4.44407e+00 1.70589e-04
2.14949e+00 4.49224e+00 1.14801e-04
2.14949e+00 4.53847e+00 7.75069e-05
2.14949e+00 4.58271e+00 5.25879e-05
2.14949e+00 4.62491e+00 3.59210e-05
2.14949e+00 4.66504e+00 2.47456e-05
2.14949e+00 4.70305e+00 1.72227e-05
2.14949e+00 4.73890e+00 1.21317e-05
2.14949e+00 4.77257e+00 8.66375e-06
2.14949e+00 4.80402e+00 6.28331e-06
2.14949e+00 4.83322e+00 4.63530e-06
2.14949e+00 4.86014e+00 3.48380e-06
2.14949e+00 4.88475e+00 2.67154e-06
2.14949e+00 4.90703e+00 2.09320e-06
2.14949e+00 4.92696e+00 1.67789e-06
2.14949e+00 4.94452e+00 1.37763e-06
2.14949e+00 4.95969e+00 1.15981e-06
2.14949e+00 4.97246e+00 1.00213e-06
2.14949e+00 4.98281e+00 8.89401e-07
2.14949e+00 4.99074e+00 8.11314e-07
2.14949e+00 4.99623e+00 7.61059e-07
2.14949e+00 4.99928e+00 7.34399e-07
2.22703e+00 7.15683e-04 1.02490e-04
2.22703e+00 3.77012e-03 5.39905e-04
2.22703e+00 9.26216e-03 1.32641e-03
2.22703e+00 1.71877e-02 2.46145e-03
2.22703e+00 2.75390e-02 3.94405e-03
2.22703e+00 4.03061e-02 5.77301e-03
2.22703e+00 5.54766e-02 7.94700e-03
2.22703e+00 7.30356e-02 1.04646e-02
2.22703e+00 9.29659e-02 1.33246e-02
2.22703e+00 1.15248e-01 1.65258e-02
2.22703e+00 1.39860e-01 2.00673e-02
2.22703e+00 1.66779e-01 2.39486e-02
2.22703e+00 1.95977e-01 2.81697e-02
2.22703e+00 2.27426e-01 3.27310e-02
2.22703e+00 2.61096e-01 3.76336e-02
2.22703e+00 2.96953e-01 4.28789e-02
2.22703e+00 3.34963e-01 4.84686e-02
2.22703e+00 3.75089e-01 5.44046e-02
2.22703e+00 4.17290e-01 6.06882e-02
2.22703e+00 4.61527e-01 6.73201e-02
2.22703e+00 5.07755e-01 7.42994e-02
2.22703e+00 5.55930e-01 8.16225e-02
2.22703e+00 6.06005e-01 8.92824e-02
2.22703e+00 6.57930e-01 9.72671e-02
2.22703e+00 7.11655e-01 1.05558e-01
2.22703e+00 7.67127e-01 1.14129e-01
2.22703e+00 8.24292e-01 1.22944e-01
2.22703e+00 8.83095e-01 1.31954e-01
2.22703e+00 9.43478e-01 1.41100e-01
2.22703e+00 1.00538e+00 1.50306e-01
2.22703e+00 1.06875e+00 1.59481e-01
2.22703e+00 1.13351e+00 1.68524e-01
2.22703e+00 1.19960e+00 1.77316e-01
2.22703e+00 1.26697e+00 1.85735e-01
2.22703e+00 1.33555e+00 1.93651e-01
2.22703e+00 1.40526e+00 2.00944e-01
2.22703e+00 1.47604e+00 2.07508e-01
2.22703e+00 1.54782e+00 2.13270e-01
2.22703e+00 1.62053e+00 2.18202e-01
2.22703e+00 1.69410e+00 2.22338e-01
2.22703e+00 1.76846e+00 2.25787e-01
2.22703e+00 1.84353e+00 2.28739e-01
2.22703e+00 1.91924e+00 2.31457e-01
2.22703e+00 1.99553e+00 2.34249e-01
2.22703e+00 2.07230e+00 2.37421e-01
2.22703e+00 2.14949e+00 2.41196e-01
2.22703e+00 2.22703e+00 2.45617e-01
2.22703e+00 2.30483e+00 2.50446e-01
2.22703e+00 2.38282e+00 2.55079e-01
2.22703e+00 2.46093e+00 2.58530e-01
2.22703e+00 2.53907e+00 2.59501e-01
2.22703e+00 2.61718e+00 2.56590e-01
2.22703e+00 2.69517e+00 2.48602e-01
2.22703e+00 2.77297e+00 2.34923e-01
2.22703e+00 2.85051e+00 2.15799e-01
2.22703e+00 2.92770e+00 1.92395e-01
2.22703e+00 3.00447e+00 1.66556e-01
2.22703e+00 3.08076e+00 1.40335e-01
2.22703e+00 3.15647e+00 1.15501e-01
2.22703e+00 3.23154e+00 9.32244e-02
2.22703e+00 3.30590e+00 7.40337e-02
2.22703e+00 3.37947e+00 5.79720e-02
2.22703e+00 3.45218e+00 4.48063e-02
2.22703e+00 3.52396e+00 3.41913e-02
2.22703e+00 3.59474e+00 2.57590e-02
2.22703e+00 3.66445e+00 1.91578e-02
2.22703e+00 3.73303e+00 1.40667e-02
2.22703e+00 3.80040e+00 1.01994e-02
2.22703e+00 3.86649e+00 7.30619e-03
2.22703e+00 3.93125e+00 5.17398e-03
2.22703e+00 3.99462e+00 3.62518e-03
2.22703e+00 4.05652e+00 2.51548e-03
2.22703e+00 4.11690e+00 1.73049e-03
2.22703e+00 4.17571e+00 1.18166e-03
2.22703e+00 4.23287e+00 8.01958e-04
2.22703e+00 4.28835e+00 5.41683e-04
2.22703e+00 4.34207e+00 3.64678e-04
2.22703e+00 4.39400e+00 2.45082e-04
2.22703e+00 4.44407e+00 1.64683e-04
2.22703e+00 4.49224e+00 1.10826e-04
2.22703e+00 4.53847e+00 7.48224e-05
2.22703e+00 4.58271e+00 5.07659e-05
2.22703e+00 4.62491e+00 3.46759e-05
2.22703e+00 4.66504e+00 2.38874e-05
2.22703e+00 4.70305e+00 1.66251e-05
2.22703e+00 4.73890e+00 1.17104e-05
2.22703e+00 4.77257e+00 8.36274e-06
2.22703e+00 4.80402e+00 6.06487e-06
2.22703e+00 4.83322e+00 4.47406e-06
2.22703e+00 4.86014e+00 3.36254e-06
2.22703e+00 4.88475e+00 2.57850e-06
2.22703e+00 4.90703e+00 2.02026e-06
2.22703e+00 4.92696e+00 1.61939e-06
2.22703e+00 4.94452e+00 1.32958e-06
2.22703e+00 4.95969e+00 1.11934e-06
2.22703e+00 4.97246e+00 9.67150e-07
2.22703e+00 4.98281e+00 8.58346e-07
2.22703e+00 4.99074e+00 7.82980e-07
2.22703e+00 4.99623e+00 7.34475e-07
2.22703e+00 4.99928e+00 7.08744e-07
2.30483e+00 7.15683e-04 1.12025e-04
2.30483e+00 3.77012e-03 5.90131e-04
2.30483e+00 9.26216e-03 1.44980e-03
2.30483e+00 1.71877e-02 2.69041e-03
2.30483e+00 2.75390e-02 4.31088e-03
2.30483e+00 4.03061e-02 6.30985e-03
2.30483e+00 5.54766e-02 8.68574e-03
2.30483e+00 7.30356e-02 1.14369e-02
2.30483e+00 9.29659e-02 1.45616e-02
2.30483e+00 1.15248e-01 1.80582e-02
2.30483e+00 1.39860e-01 2.19252e-02
2.30483e+00 1.66779e-01 2.61615e-02
2.30483e+00 1.95977e-01 3.07660e-02
2.30483e+00 2.27426e-01 3.57381e-02
2.30483e+00 2.61096e-01 4.10777e-02
2.30483e+00 2.96953e-01 4.67847e-02
2.30483e+00 3.34963e-01 5.28593e-02
2.30483e+00 3.75089e-01 5.93013e-02
2.30483e+00 4.17290e-01 6.61103e-02
2.30483e+00 4.61527e-01 7.32845e-02
2.30483e+00 5.07755e-01 8.08206e-02
2.30483e+00 5.55930e-01 8.87125e-02
2.30483e+00 6.06005e-01 9.69505e-02
2.30483e+00 6.57930e-01 1.05520e-01
2.30483e+00 7.11655e-01 1.14399e-01
2.30483e+00 7.67127e-01 1.23559e-01
2.30483e+00 8.24292e-01 1.32960e-01
2.30483e+00 8.83095e-01 1.42552e-01
2.30483e+00 9.43478e-01 1.52270e-01
2.30483e+00 1.00538e+00 1.62035e-01
2.30483e+00 1.06875e+00 1.71754e-01
2.30483e+00 1.13351e+00 1.81318e-01
2.30483e+00 1.19960e+00 1.90604e-01
2.30483e+00 1.26697e+00 1.99478e-01
2.30483e+00 1.33555e+00 2.07801e-01
2.30483e+00 1.40526e+00 2.15435e-01
2.30483e+00 1.47604e+00 2.22255e-01
2.30483e+00 1.54782e+00 2.28160e-01
2.30483e+00 1.62053e+00 2.33088e-01
2.30483e+00 1.69410e+00 2.37031e-01
2.30483e+00 1.76846e+00 2.40054e-01
2.30483e+00 1.84353e+00 2.42298e-01
2.30483e+00 1.91924e+00 2.43980e-01
2.30483e+00 1.99553e+00 2.45376e-01
2.30483e+00 2.07230e+00 2.46781e-01
2.30483e+00 2.14949e+00 2.48437e-01
2.30483e+00 2.22703e+00 2.50446e-01
2.30483e+00 2.30483e+00 2.52668e-01
2.30483e+00 2.38282e+00 2.54638e-01
2.30483e+00 2.46093e+00 2.55530e-01
2.30483e+00 2.53907e+00 2.54224e-01
2.30483e+00 2.61718e+00 2.49481e-01
2.30483e+00 2.69517e+00 2.40239e-01
2.30483e+00 2.77297e+00 2.25950e-01
2.30483e+00 2.85051e+00 2.06842e-01
2.30483e+00 2.92770e+00 1.83978e-01
2.30483e+00 3.00447e+00 1.59041e-01
2.30483e+00 3.08076e+00 1.33905e-01
2.30483e+00 3.15647e+00 1.10181e-01
2.30483e+00 3.23154e+00 8.89347e-02
2.30483e+00 3.30590e+00 7.06407e-02
2.30483e+00 3.37947e+00 5.53287e-02
2.30483e+00 3.45218e+00 4.27740e-02
2.30483e+00 3.52396e+00 3.26479e-02
2.30483e+00 3.59474e+00 2.46012e-02
2.30483e+00 3.66445e+00 1.83000e-02
2.30483e+00 3.73303e+00 1.34388e-02
2.30483e+00 3.80040e+00 9.74541e-03
2.30483e+00 3.86649e+00 6.98176e-03
2.30483e+00 3.93125e+00 4.94469e-03
2.30483e+00 3.99462e+00 3.46479e-03
2.30483e+00 4.05652e+00 2.40434e-03
2.30483e+00 4.11690e+00 1.65412e-03
2.30483e+00 4.17571e+00 1.12955e-03
2.30483e+00 4.23287e+00 7.66616e-04
2.30483e+00 4.28835e+00 5.17821e-04
2.30483e+00 4.34207e+00 3.48617e-04
2.30483e+00 4.39400e+00 2.34290e-04
2.30483e+00 4.44407e+00 1.57431e-04
2.30483e+00 4.49224e+00 1.05945e-04
2.30483e+00 4.53847e+00 7.15261e-05
2.30483e+00 4.58271e+00 4.85286e-05
2.30483e+00 4.62491e+00 3.31471e-05
2.30483e+00 4.66504e+00 2.28338e-05
2.30483e+00 4.70305e+00 1.58914e-05
2.30483e+00 4.73890e+00 1.11934e-05
2.30483e+00 4.77257e+00 7.99332e-06
2.30483e+00 4.80402e+00 5.79682e-06
2.30483e+00 4.83322e+00 4.27621e-06
2.30483e+00 4.86014e+00 3.21378e-06
2.30483e+00 4.88475e+00 2.46437e-06
2.30483e+00 4.90703e+00 1.93080e-06
2.30483e+00 4.92696e+00 1.54765e-06
2.30483e+00 4.94452e+00 1.27066e-06
2.30483e+00 4.95969e+00 1.06971e-06
2.30483e+00 4.97246e+00 9.24261e-07
2.30483e+00 4.98281e+00 8.20273e-07
2.30483e+00 4.99074e+00 7.48243e-07
2.30483e+00 4.99623e+00 7.01887e-07
2.30483e+00 4.99928e+00 6.77295e-07
2.38282e+00 7.15683e-04 1.20323e-04
2.38282e+00 3.77012e-03 6.33846e-04
2.38282e+00 9.26216e-03 1.55719e-03
2.38282e+00 1.71877e-02 2.88970e-03
2.38282e+00 2.75390e-02 4.63017e-03
2.38282e+00 4.03061e-02 6.77708e-03
2.38282e+00 5.54766e-02 9.32868e-03
2.38282e+00 7.30356e-02 1.22830e-02
2.38282e+00 9.29659e-02 1.56380e-02
2.38282e+00 1.15248e-01 1.93917e-02
2.38282e+00 1.39860e-01 2.35419e-02
2.38282e+00 1.66779e-01 2.80867e-02
2.38282e+00 1.95977e-01 3.30245e-02
2.38282e+00 2.27426e-01 3.83536e-02
2.38282e+00 2.61096e-01 4.40727e-02
2.38282e+00 2.96953e-01 5.01804e-02
2.38282e+00 3.34963e-01 5.66754e-02
2.38282e+00 3.75089e-01 6.35560e-02
2.38282e+00 4.17290e-01 7.08196e-02
2.38282e+00 4.61527e-01 7.84629e-02
2.38282e+00 5.07755e-01 8.64801e-02
2.38282e+00 5.55930e-01 9.48631e-02
2.38282e+00 6.06005e-01 1.03600e-01
2.38282e+00 6.57930e-01 1.12673e-01
2.38282e+00 7.11655e-01 1.22060e-01
2.38282e+00 7.67127e-01 1.31729e-01
2.38282e+00 8.24292e-01 1.41637e-01
2.38282e+00 8.83095e-01 1.51734e-01
2.38282e+00 9.43478e-01 1.61952e-01
2.38282e+00 1.00538e+00 1.72211e-01
2.38282e+00 1.06875e+00 1.82415e-01
2.38282e+00 1.13351e+00 1.92452e-01
2.38282e+00 1.19960e+00 2.02195e-01
2.38282e+00 1.26697e+00 2.11506e-01
2.38282e+00 1.33555e+00 2.20236e-01
2.38282e+00 1.40526e+00 2.28235e-01
2.38282e+00 1.47604e+00 2.35360e-01
2.38282e+00 1.54782e+00 2.41487e-01
2.38282e+00 1.62053e+00 2.46521e-01
2.38282e+00 1.69410e+00 2.50417e-01
2.38282e+00 1.76846e+00 2.53188e-01
2.38282e+00 1.84353e+00 2.54921e-01
2.38282e+00 1.91924e+00 2.55778e-01
2.38282e+00 1.99553e+00 2.55982e-01
2.38282e+00 2.07230e+00 2.55793e-01
2.38282e+00 2.14949e+00 2.55446e-01
2.38282e+00 2.22703e+00 2.55079e-01
2.38282e+00 2.30483e+00 2.54638e-01
2.38282e+00 2.38282e+00 2.53794e-01
2.38282e+00 2.46093e+00 2.51908e-01
2.38282e+00 2.53907e+00 2.48070e-01
2.38282e+00 2.61718e+00 2.41252e-01
2.38282e+00 2.69517e+00 2.30564e-01
2.38282e+00 2.77297e+00 2.15554e-01
2.38282e+00 2.85051e+00 1.96447e-01
2.38282e+00 2.92770e+00 1.74197e-01
2.38282e+00 3.00447e+00 1.50302e-01
2.38282e+00 3.08076e+00 1.26424e-01
2.38282e+00 3.15647e+00 1.03992e-01
2.38282e+00 3.23154e+00 8.39450e-02
2.38282e+00 3.30590e+00 6.66948e-02
2.38282e+00 3.37947e+00 5.22547e-02
2.38282e+00 3.45218e+00 4.04099e-02
2.38282e+00 3.52396e+00 3.08518e-02
2.38282e+00 3.59474e+00 2.32531e-02
2.38282e+00 3.66445e+00 1.73004e-02
2.38282e+00 3.73303e+00 1.27068e-02
2.38282e+00 3.80040e+00 9.21573e-03
2.38282e+00 3.86649e+00 6.60300e-03
2.38282e+00 3.93125e+00 4.67685e-03
2.38282e+00 3.99462e+00 3.27736e-03
2.38282e+00 4.05652e+00 2.27441e-03
2.38282e+00 4.11690e+00 1.56480e-03
2.38282e+00 4.17571e+00 1.06860e-03
2.38282e+00 4.23287e+00 7.25266e-04
2.38282e+00 4.28835e+00 4.89898e-04
2.38282e+00 4.34207e+00 3.29821e-04
2.38282e+00 4.39400e+00 2.21658e-04
2.38282e+00 4.44407e+00 1.48942e-04
2.38282e+00 4.49224e+00 1.00232e-04
2.38282e+00 4.53847e+00 6.76678e-05
2.38282e+00 4.58271e+00 4.59101e-05
2.38282e+00 4.62491e+00 3.13579e-05
2.38282e+00 4.66504e+00 2.16008e-05
2.38282e+00 4.70305e+00 1.50329e-05
2.38282e+00 4.73890e+00 1.05885e-05
2.38282e+00 4.77257e+00 7.56112e-06
2.38282e+00 4.80402e+00 5.48325e-06
2.38282e+00 4.83322e+00 4.04479e-06
2.38282e+00 4.86014e+00 3.03978e-06
2.38282e+00 4.88475e+00 2.33089e-06
2.38282e+00 4.90703e+00 1.82618e-06
2.38282e+00 4.92696e+00 1.46376e-06
2.38282e+00 4.94452e+00 1.20176e-06
2.38282e+00 4.95969e+00 1.01170e-06
2.38282e+00 4.97246e+00 8.74121e-07
2.38282e+00 4.98281e+00 7.75766e-07
2.38282e+00 4.99074e+00 7.07638e-07
2.38282e+00 4.99623e+00 6.63793e-07
2.38282e+00 4.99928e+00 6.40534e-07
2.46093e+00 7.15683e-04 1.26913e-04
2.46093e+00 3.77012e-03 6.68560e-04
2.46093e+00 9.26216e-03 1.64247e-03
2.46093e+00 1.71877e-02 3.04795e-03
2.46093e+00 2.75390e-02 4.88370e-03
2.46093e+00 4.03061e-02 7.14809e-03
2.46093e+00 5.54766e-02 9.83919e-03
2.46093e+00 7.30356e-02 1.29548e-02
2.46093e+00 9.29659e-02 1.64926e-02
2.46093e+00 1.15248e-01 2.04502e-02
2.46093e+00 1.39860e-01 2.48249e-02
2.46093e+00 1.66779e-01 2.96143e-02
2.46093e+00 1.95977e-01 3.48159e-02
2.46093e+00 2.27426e-01 4.04274e-02
2.46093e+00 2.61096e-01 4.64462e-02
2.46093e+00 2.96953e-01 5.28700e-02
2.46093e+00 3.34963e-01 5.96959e-02
2.46093e+00 3.75089e-01 6.69209e-02
2.46093e+00 4.17290e-01 7.45410e-02
2.46093e+00 4.61527e-01 8.25508e-02
2.46093e+00 5.07755e-01 9.09430e-02
2.46093e+00 5.55930e-01 9.97076e-02
2.46093e+00 6.06005e-01 1.08831e-01
2.46093e+00 6.57930e-01 1.18294e-01
2.46093e+00 7.11655e-01 1.28072e-01
2.46093e+00 7.67127e-01 1.38131e-01
2.46093e+00 8.24292e-01 1.48430e-01
2.46093e+00 8.83095e-01 1.58915e-01
2.46093e+00 9.43478e-01 1.69520e-01
2.46093e+00 1.00538e+00 1.80163e-01
2.46093e+00 1.06875e+00 1.90748e-01
2.46093e+00 1.13351e+00 2.01163e-01
2.46093e+00 1.19960e+00 2.11280e-01
2.46093e+00 1.26697e+00 2.20957e-01
2.46093e+00 1.33555e+00 2.30041e-01
2.46093e+00 1.40526e+00 2.38373e-01
2.46093e+00 1.47604e+00 2.45798e-01
2.46093e+00 1.54782e+00 2.52170e-01
2.46093e+00 1.62053e+00 2.57368e-01
2.46093e+00 1.69410e+00 2.61308e-01
2.46093e+00 1.76846e+00 2.63958e-01
2.46093e+00 1.84353e+00 2.65348e-01
2.46093e+00 1.91924e+00 2.65578e-01
2.46093e+00 1.99553e+00 2.64810e-01
2.46093e+00 2.07230e+00 2.63250e-01
2.46093e+00 2.14949e+00 2.61107e-01
2.46093e+00 2.22703e+00 2.58530e-01
2.46093e+00 2.30483e+00 2.55530e-01
2.46093e+00 2.38282e+00 2.51908e-01
2.46093e+00 2.46093e+00 2.47214e-01
2.46093e+00 2.53907e+00 2.40767e-01
2.46093e+00 2.61718e+00 2.31781e-01
2.46093e+00 2.69517e+00 2.19573e-01
2.46093e+00 2.77297e+00 2.03816e-01
2.46093e+00 2.85051e+00 1.84744e-01
2.46093e+00 2.92770e+00 1.63202e-01
2.46093e+00 3.00447e+00 1.40485e-01
2.46093e+00 3.08076e+00 1.18026e-01
2.46093e+00 3.15647e+00 9.70478e-02
2.46093e+00 3.23154e+00 7.83479e-02
2.46093e+00 3.30590e+00 6.22690e-02
2.46093e+00 3.37947e+00 4.88067e-02
2.46093e+00 3.45218e+00 3.77576e-02
2.46093e+00 3.52396e+00 2.88360e-02
2.46093e+00 3.59474e+00 2.17393e-02
2.46093e+00 3.66445e+00 1.61774e-02
2.46093e+00 3.73303e+00 1.18839e-02
2.46093e+00 3.80040e+00 8.62005e-03
2.46093e+00 3.86649e+00 6.17685e-03
2.46093e+00 3.93125e+00 4.37539e-03
2.46093e+00 3.99462e+00 3.06631e-03
2.46093e+00 4.05652e+00 2.12807e-03
2.46093e+00 4.11690e+00 1.46418e-03
2.46093e+00 4.17571e+00 9.99918e-04
2.46093e+00 4.23287e+00 6.78666e-04
2.46093e+00 4.28835e+00 4.58427e-04
2.46093e+00 4.34207e+00 3.08635e-04
2.46093e+00 4.39400e+00 2.07419e-04
2.46093e+00 4.44407e+00 1.39374e-04
2.46093e+00 4.49224e+00 9.37911e-05
2.46093e+00 4.53847e+00 6.33187e-05
2.46093e+00 4.58271e+00 4.29585e-05
2.46093e+00 4.62491e+00 2.93412e-05
2.46093e+00 4.66504e+00 2.02111e-05
2.46093e+00 4.70305e+00 1.40654e-05
2.46093e+00 4.73890e+00 9.90672e-06
2.46093e+00 4.77257e+00 7.07411e-06
2.46093e+00 4.80402e+00 5.12993e-06
2.46093e+00 4.83322e+00 3.78406e-06
2.46093e+00 4.86014e+00 2.84376e-06
2.46093e+00 4.88475e+00 2.18053e-06
2.46093e+00 4.90703e+00 1.70834e-06
2.46093e+00 4.92696e+00 1.36928e-06
2.46093e+00 4.94452e+00 1.12417e-06
2.46093e+00 4.95969e+00 9.46357e-07
2.46093e+00 4.97246e+00 8.17656e-07
2.46093e+00 4.98281e+00 7.25645e-07
2.46093e+00 4.99074e+00 6.61913e-07
2.46093e+00 4.99623e+00 6.20897e-07
2.46093e+00 4.99928e+00 5.99139e-07
2.53907e+00 7.15683e-04 1.31170e-04
2.53907e+00 3.77012e-03 6.90989e-04
2.53907e+00 9.26216e-03 1.69758e-03
2.53907e+00 1.71877e-02 3.15019e-03
2.53907e+00 2.75390e-02 5.04750e-03
2.53907e+00 4.03061e-02 7.38777e-03
2.53907e+00 5.54766e-02 1.01690e-02
2.53907e+00 7.30356e-02 1.33887e-02
2.53907e+00 9.29659e-02 1.70444e-02
2.53907e+00 1.15248e-01 2.11333e-02
2.53907e+00 1.39860e-01 2.56525e-02
2.53907e+00 1.66779e-01 3.05991e-02
2.53907e+00 1.95977e-01 3.59698e-02
2.53907e+00 2.27426e-01 4.17617e-02
2.53907e+00 2.61096e-01 4.79714e-02
2.53907e+00 2.96953e-01 5.45955e-02
2.53907e+00 3.34963e-01 6.16302e-02
2.53907e+00 3.75089e-01 6.90711e-02
2.53907e+00 4.17290e-01 7.69130e-02
2.53907e+00 4.61527e-01 8.51490e-02
2.53907e+00 5.07755e-01 9.37705e-02
2.53907e+00 5.55930e-01 1.02766e-01
2.53907e+00 6.06005e-01 1.12121e-01
2.53907e+00 6.57930e-01 1.21814e-01
2.53907e+00 7.11655e-01 1.31821e-01
2.53907e+00 7.67127e-01 1.42108e-01
2.53907e+00 8.24292e-01 1.52631e-01
2.53907e+00 8.83095e-01 1.63339e-01
2.53907e+00 9.43478e-01 1.74165e-01
2.53907e+00 1.00538e+00 1.85030e-01
2.53907e+00 1.06875e+00 1.95838e-01
2.53907e+00 1.13351e+00 2.06480e-01
2.53907e+00 1.19960e+00 2.16829e-01
2.53907e+00 1.26697e+00 2.26742e-01
2.53907e+00 1.33555e+00 2.36066e-01
2.53907e+00 1.40526e+00 2.44638e-01
2.53907e+00 1.47604e+00 2.52293e-01
2.53907e+00 1.54782e+00 2.58871e-01
2.53907e+00 1.62053e+00 2.64228e-01
2.53907e+00 1.69410e+00 2.68250e-01
2.53907e+00 1.76846e+00 2.70861e-01
2.53907e+00 1.84353e+00 2.72039e-01
2.53907e+00 1.91924e+00 2.71821e-01
2.53907e+00 1.99553e+00 2.70307e-01
2.53907e+00 2.07230e+00 2.67642e-01
2.53907e+00 2.14949e+00 2.63993e-01
2.53907e+00 2.22703e+00 2.59501e-01
2.53907e+00 2.30483e+00 2.54224e-01
2.53907e+00 2.38282e+00 2.48070e-01
2.53907e+00 2.46093e+00 2.40767e-01
2.53907e+00 2.53907e+00 2.31865e-01
2.53907e+00 2.61718e+00 2.20831e-01
2.53907e+00 2.69517e+00 2.07205e-01
2.53907e+00 2.77297e+00 1.90802e-01
2.53907e+00 2.85051e+00 1.71879e-01
2.53907e+00 2.92770e+00 1.51173e-01
2.53907e+00 3.00447e+00 1.29777e-01
2.53907e+00 3.08076e+00 1.08881e-01
2.53907e+00 3.15647e+00 8.94916e-02
2.53907e+00 3.23154e+00 7.22603e-02
2.53907e+00 3.30590e+00 5.74560e-02
2.53907e+00 3.37947e+00 4.50566e-02
2.53907e+00 3.45218e+00 3.48721e-02
2.53907e+00 3.52396e+00 2.66421e-02
2.53907e+00 3.59474e+00 2.00911e-02
2.53907e+00 3.66445e+00 1.49542e-02
2.53907e+00 3.73303e+00 1.09871e-02
2.53907e+00 3.80040e+00 7.97063e-03
2.53907e+00 3.86649e+00 5.71208e-03
2.53907e+00 3.93125e+00 4.04650e-03
2.53907e+00 3.99462e+00 2.83601e-03
2.53907e+00 4.05652e+00 1.96833e-03
2.53907e+00 4.11690e+00 1.35433e-03
2.53907e+00 4.17571e+00 9.24923e-04
2.53907e+00 4.23287e+00 6.27776e-04
2.53907e+00 4.28835e+00 4.24056e-04
2.53907e+00 4.34207e+00 2.85495e-04
2.53907e+00 4.39400e+00 1.91867e-04
2.53907e+00 4.44407e+00 1.28922e-04
2.53907e+00 4.49224e+00 8.67564e-05
2.53907e+00 4.53847e+00 5.85684e-05
2.53907e+00 4.58271e+00 3.97348e-05
2.53907e+00 4.62491e+00 2.71387e-05
2.53907e+00 4.66504e+00 1.86934e-05
2.53907e+00 4.70305e+00 1.30089e-05
2.53907e+00 4.73890e+00 9.16229e-06
2.53907e+00 4.77257e+00 6.54234e-06
2.53907e+00 4.80402e+00 4.74417e-06
2.53907e+00 4.83322e+00 3.49941e-06
2.53907e+00 4.86014e+00 2.62977e-06
2.53907e+00 4.88475e+00 2.01639e-06
2.53907e+00 4.90703e+00 1.57971e-06
2.53907e+00 4.92696e+00 1.26615e-06
2.53907e+00 4.94452e+00 1.03948e-06
2.53907e+00 4.95969e+00 8.75049e-07
2.53907e+00 4.97246e+00 7.56034e-07
2.53907e+00 4.98281e+00 6.70949e-07
2.53907e+00 4.99074e+00 6.12015e-07
2.53907e+00 4.99623e+00 5.74087e-07
2.53907e+00 4.99928e+00 5.53967e-07
2.61718e+00 7.15683e-04 1.32435e-04
2.61718e+00 3.77012e-03 6.97649e-04
2.61718e+00 9.26216e-03 1.71394e-03
2.61718e+00 1.71877e-02 3.18055e-03
2.61718e+00 2.75390e-02 5.09612e-03
2.61718e+00 4.03061e-02 7.45888e-03
2.61718e+00 5.54766e-02 1.02667e-02
2.61718e+00 7.30356e-02 1.35172e-02
2.61718e+00 9.29659e-02 1.72075e-02
2.61718e+00 1.15248e-01 2.13347e-02
2.61718e+00 1.39860e-01 2.58957e-02
2.61718e+00 1.66779e-01 3.08871e-02
2.61718e+00 1.95977e-01 3.63053e-02
2.61718e+00 2.27426e-01 4.21468e-02
2.61718e+00 2.61096e-01 4.84076e-02
2.61718e+00 2.96953e-01 5.50836e-02
2.61718e+00 3.34963e-01 6.21701e-02
2.61718e+00 3.75089e-01 6.96618e-02
2.61718e+00 4.17290e-01 7.75525e-02
2.61718e+00 4.61527e-01 8.58344e-02
2.61718e+00 5.07755e-01 9.44979e-02
2.61718e+00 5.55930e-01 1.03531e-01
2.61718e+00 6.06005e-01 1.12917e-01
2.61718e+00 6.57930e-01 1.22636e-01
2.61718e+00 7.11655e-01 1.32663e-01
2.61718e+00 7.67127e-01 1.42963e-01
2.61718e+00 8.24292e-01 1.53495e-01
2.61718e+00 8.83095e-01 1.64208e-01
2.61718e+00 9.43478e-01 1.75037e-01
2.61718e+00 1.00538e+00 1.85906e-01
2.61718e+00 1.06875e+00 1.96725e-01
2.61718e+00 1.13351e+00 2.07384e-01
2.61718e+00 1.19960e+00 2.17763e-01
2.61718e+00 1.26697e+00 2.27723e-01
2.61718e+00 1.33555e+00 2.37112e-01
2.61718e+00 1.40526e+00 2.45767e-01
2.61718e+00 1.47604e+00 2.53519e-01
2.61718e+00 1.54782e+00 2.60201e-01
2.61718e+00 1.62053e+00 2.65652e-01
2.61718e+00 1.69410e+00 2.69733e-01
2.61718e+00 1.76846e+00 2.72336e-01
2.61718e+00 1.84353e+00 2.73391e-01
2.61718e+00 1.91924e+00 2.72883e-01
2.61718e+00 1.99553e+00 2.70849e-01
2.61718e+00 2.07230e+00 2.67376e-01
2.61718e+00 2.14949e+00 2.62582e-01
2.61718e+00 2.22703e+00 2.56590e-01
2.61718e+00 2.30483e+00 2.49481e-01
2.61718e+00 2.38282e+00 2.41252e-01
2.61718e+00 2.46093e+00 2.31781e-01
2.61718e+00 2.53907e+00 2.20831e-01
2.61718e+00 2.61718e+00 2.08107e-01
2.61718e+00 2.69517e+00 1.93367e-01
2.61718e+00 2.77297e+00 1.76574e-01
2.61718e+00 2.85051e+00 1.58012e-01
2.61718e+00 2.92770e+00 1.38321e-01
2.61718e+00 3.00447e+00 1.18395e-01
2.61718e+00 3.08076e+00 9.91869e-02
2.61718e+00 3.15647e+00 8.14935e-02
2.61718e+00 3.23154e+00 6.58199e-02
2.61718e+00 3.30590e+00 5.23641e-02
2.61718e+00 3.37947e+00 4.10882e-02
2.61718e+00 3.45218e+00 3.18175e-02
2.61718e+00 3.52396e+00 2.43186e-02
2.61718e+00 3.59474e+00 1.83447e-02
2.61718e+00 3.66445e+00 1.36576e-02
2.61718e+00 3.73303e+00 1.00362e-02
2.61718e+00 3.80040e+00 7.28174e-03
2.61718e+00 3.86649e+00 5.21892e-03
2.61718e+00 3.93125e+00 3.69742e-03
2.61718e+00 3.99462e+00 2.59151e-03
2.61718e+00 4.05652e+00 1.79872e-03
2.61718e+00 4.11690e+00 1.23767e-03
2.61718e+00 4.17571e+00 8.45269e-04
2.61718e+00 4.23287e+00 5.73720e-04
2.61718e+00 4.28835e+00 3.87544e-04
2.61718e+00 4.34207e+00 2.60913e-04
2.61718e+00 4.39400e+00 1.75345e-04
2.61718e+00 4.44407e+00 1.17819e-04
2.61718e+00 4.49224e+00 7.92831e-05
2.61718e+00 4.53847e+00 5.35221e-05
2.61718e+00 4.58271e+00 3.63103e-05
2.61718e+00 4.62491e+00 2.47991e-05
2.61718e+00 4.66504e+00 1.70814e-05
2.61718e+00 4.70305e+00 1.18867e-05
2.61718e+00 4.73890e+00 8.37166e-06
2.61718e+00 4.77257e+00 5.97761e-06
2.61718e+00 4.80402e+00 4.33452e-06
2.61718e+00 4.83322e+00 3.19715e-06
2.61718e+00 4.86014e+00 2.40255e-06
2.61718e+00 4.88475e+00 1.84213e-06
2.61718e+00 4.90703e+00 1.44314e-06
2.61718e+00 4.92696e+00 1.15667e-06
2.61718e+00 4.94452e+00 9.49576e-07
2.61718e+00 4.95969e+00 7.99352e-07
2.61718e+00 4.97246e+00 6.90622e-07
2.61718e+00 4.98281e+00 6.12891e-07
2.61718e+00 4.99074e+00 5.59051e-07
2.61718e+00 4.99623e+00 5.24402e-07
2.61718e+00 4.99928e+00 5.06021e-07
2.69517e+00 7.15683e-04 1.30180e-04
2.69517e+00 3.77012e-03 6.85770e-04
2.69517e+00 9.26216e-03 1.68475e-03
2.69517e+00 1.71877e-02 3.12638e-03
2.69517e+00 2.75390e-02 5.00932e-03
2.69517e+00 4.03061e-02 7.33180e-03
2.69517e+00 5.54766e-02 1.00917e-02
2.69517e+00 7.30356e-02 1.32865e-02
2.69517e+00 9.29659e-02 1.69136e-02
2.69517e+00 1.15248e-01 2.09697e-02
2.69517e+00 1.39860e-01 2.54517e-02
2.69517e+00 1.66779e-01 3.03559e-02
2.69517e+00 1.95977e-01 3.56787e-02
2.69517e+00 2.27426e-01 4.14160e-02
2.69517e+00 2.61096e-01 4.75636e-02
2.69517e+00 2.96953e-01 5.41169e-02
2.69517e+00 3.34963e-01 6.10707e-02
2.69517e+00 3.75089e-01 6.84192e-02
2.69517e+00 4.17290e-01 7.61554e-02
2.69517e+00 4.61527e-01 8.42712e-02
2.69517e+00 5.07755e-01 9.27564e-02
2.69517e+00 5.55930e-01 1.01598e-01
2.69517e+00 6.06005e-01 1.10781e-01
2.69517e+00 6.57930e-01 1.20285e-01
2.69517e+00 7.11655e-01 1.30083e-01
2.69517e+00 7.67127e-01 1.40145e-01
2.69517e+00 8.24292e-01 1.50430e-01
2.69517e+00 8.83095e-01 1.60889e-01
2.69517e+00 9.43478e-01 1.71461e-01
2.69517e+00 1.00538e+00 1.82075e-01
2.69517e+00 1.06875e+00 1.92644e-01
2.69517e+00 1.13351e+00 2.03067e-01
2.69517e+00 1.19960e+00 2.13228e-01
2.69517e+00 1.26697e+00 2.22995e-01
2.69517e+00 1.33555e+00 2.32222e-01
2.69517e+00 1.40526e+00 2.40750e-01
2.69517e+00 1.47604e+00 2.48414e-01
2.69517e+00 1.54782e+00 2.55043e-01
2.69517e+00 1.62053e+00 2.60468e-01
2.69517e+00 1.69410e+00 2.64537e-01
2.69517e+00 1.76846e+00 2.67114e-01
2.69517e+00 1.84353e+00 2.68098e-01
2.69517e+00 1.91924e+00 2.67429e-01
2.69517e+00 1.99553e+00 2.65093e-01
2.69517e+00 2.07230e+00 2.61123e-01
2.69517e+00 2.14949e+00 2.55594e-01
2.69517e+00 2.22703e+00 2.48602e-01
2.69517e+00 2.30483e+00 2.40239e-01
2.69517e+00 2.38282e+00 2.30564e-01
2.69517e+00 2.46093e+00 2.19573e-01
2.69517e+00 2.53907e+00 2.07205e-01
2.69517e+00 2.61718e+00 1.93367e-01
2.69517e+00 2.69517e+00 1.78012e-01
2.69517e+00 2.77297e+00 1.61232e-01
2.69517e+00 2.85051e+00 1.43340e-01
2.69517e+00 2.92770e+00 1.24885e-01
2.69517e+00 3.00447e+00 1.06582e-01
2.69517e+00 3.08076e+00 8.91666e-02
2.69517e+00 3.15647e+00 7.32412e-02
2.69517e+00 3.23154e+00 5.91785e-02
2.69517e+00 3.30590e+00 4.71125e-02
2.69517e+00 3.37947e+00 3.69936e-02
2.69517e+00 3.45218e+00 2.86641e-02
2.69517e+00 3.52396e+00 2.19188e-02
2.69517e+00 3.59474e+00 1.65402e-02
2.69517e+00 3.66445e+00 1.23171e-02
2.69517e+00 3.73303e+00 9.05285e-03
2.69517e+00 3.80040e+00 6.56910e-03
2.69517e+00 3.86649e+00 4.70861e-03
2.69517e+00 3.93125e+00 3.33613e-03
2.69517e+00 3.99462e+00 2.33841e-03
2.69517e+00 4.05652e+00 1.62311e-03
2.69517e+00 4.11690e+00 1.11687e-03
2.69517e+00 4.17571e+00 7.62781e-04
2.69517e+00 4.23287e+00 5.17737e-04
2.69517e+00 4.28835e+00 3.49728e-04
2.69517e+00 4.34207e+00 2.35452e-04
2.69517e+00 4.39400e+00 1.58232e-04
2.69517e+00 4.44407e+00 1.06319e-04
2.69517e+00 4.49224e+00 7.15427e-05
2.69517e+00 4.53847e+00 4.82956e-05
2.69517e+00 4.58271e+00 3.27636e-05
2.69517e+00 4.62491e+00 2.23761e-05
2.69517e+00 4.66504e+00 1.54120e-05
2.69517e+00 4.70305e+00 1.07246e-05
2.69517e+00 4.73890e+00 7.55298e-06
2.69517e+00 4.77257e+00 5.39287e-06
2.69517e+00 4.80402e+00 3.91039e-06
2.69517e+00 4.83322e+00 2.88422e-06
2.69517e+00 4.86014e+00 2.16733e-06
2.69517e+00 4.88475e+00 1.66172e-06
2.69517e+00 4.90703e+00 1.30178e-06
2.69517e+00 4.92696e+00 1.04334e-06
2.69517e+00 4.94452e+00 8.56522e-07
2.69517e+00 4.95969e+00 7.21006e-07
2.69517e+00 4.97246e+00 6.22922e-07
2.69517e+00 4.98281e+00 5.52804e-07
2.69517e+00 4.99074e+00 5.04237e-07
2.69517e+00 4.99623e+00 4.72982e-07
2.69517e+00 4.99928e+00 4.56402e-07
2.77297e+00 7.15683e-04 1.24210e-04
2.77297e+00 3.77012e-03 6.54323e-04
2.77297e+00 9.26216e-03 1.60749e-03
2.77297e+00 1.71877e-02 2.98302e-03
2.77297e+00 2.75390e-02 4.77960e-03
2.77297e+00 4.03061e-02 6.99554e-03
2.77297e+00 5.54766e-02 9.62880e-03
2.77297e+00 7.30356e-02 1.26770e-02
2.77297e+00 9.29659e-02 1.61373e-02
2.77297e+00 1.15248e-01 2.00069e-02
2.77297e+00 1.39860e-01 2.42824e-02
2.77297e+00 1.66779e-01 2.89602e-02
2.77297e+00 1.95977e-01 3.40367e-02
2.77297e+00 2.27426e-01 3.95076e-02
2.77297e+00 2.61096e-01 4.53687e-02
2.77297e+00 2.96953e-01 5.16151e-02
2.77297e+00 3.34963e-01 5.82416e-02
2.77297e+00 3.75089e-01 6.52420e-02
2.77297e+00 4.17290e-01 7.26094e-02
2.77297e+00 4.61527e-01 8.03354e-02
2.77297e+00 5.07755e-01 8.84100e-02
2.77297e+00 5.55930e-01 9.68207e-02
2.77297e+00 6.06005e-01 1.05552e-01
2.77297e+00 6.57930e-01 1.14584e-01
2.77297e+00 7.11655e-01 1.23894e-01
2.77297e+00 7.67127e-01 1.33451e-01
2.77297e+00 8.24292e-01 1.43218e-01
2.77297e+00 8.83095e-01 1.53148e-01
2.77297e+00 9.43478e-01 1.63187e-01
2.77297e+00 1.00538e+00 1.73268e-01
2.77297e+00 1.06875e+00 1.83310e-01
2.77297e+00 1.13351e+00 1.93222e-01
2.77297e+00 1.19960e+00 2.02894e-01
2.77297e+00 1.26697e+00 2.12205e-01
2.77297e+00 1.33555e+00 2.21019e-01
2.77297e+00 1.40526e+00 2.29184e-01
2.77297e+00 1.47604e+00 2.36543e-01
2.77297e+00 1.54782e+00 2.42929e-01
2.77297e+00 1.62053e+00 2.48176e-01
2.77297e+00 1.69410e+00 2.52122e-01
2.77297e+00 1.76846e+00 2.54622e-01
2.77297e+00 1.84353e+00 2.55552e-01
2.77297e+00 1.91924e+00 2.54821e-01
2.77297e+00 1.99553e+00 2.52380e-01
2.77297e+00 2.07230e+00 2.48220e-01
2.77297e+00 2.14949e+00 2.42377e-01
2.77297e+00 2.22703e+00 2.34923e-01
2.77297e+00 2.30483e+00 2.25950e-01
2.77297e+00 2.38282e+00 2.15554e-01
2.77297e+00 2.46093e+00 2.03816e-01
2.77297e+00 2.53907e+00 1.90802e-01
2.77297e+00 2.61718e+00 1.76574e-01
2.77297e+00 2.69517e+00 1.61232e-01
2.77297e+00 2.77297e+00 1.44970e-01
2.77297e+00 2.85051e+00 1.28115e-01
2.77297e+00 2.92770e+00 1.11140e-01
2.77297e+00 3.00447e+00 9.46034e-02
2.77297e+00 3.08076e+00 7.90549e-02
2.77297e+00 3.15647e+00 6.49314e-02
2.77297e+00 3.23154e+00 5.24942e-02
2.77297e+00 3.30590e+00 4.18251e-02
2.77297e+00 3.37947e+00 3.28683e-02
2.77297e+00 3.45218e+00 2.54849e-02
2.77297e+00 3.52396e+00 1.94978e-02
2.77297e+00 3.59474e+00 1.47188e-02
2.77297e+00 3.66445e+00 1.09636e-02
2.77297e+00 3.73303e+00 8.05952e-03
2.77297e+00 3.80040e+00 5.84904e-03
2.77297e+00 3.86649e+00 4.19287e-03
2.77297e+00 3.93125e+00 2.97091e-03
2.77297e+00 3.99462e+00 2.08252e-03
2.77297e+00 4.05652e+00 1.44554e-03
2.77297e+00 4.11690e+00 9.94705e-04
2.77297e+00 4.17571e+00 6.79359e-04
2.77297e+00 4.23287e+00 4.61116e-04
2.77297e+00 4.28835e+00 3.11480e-04
2.77297e+00 4.34207e+00 2.09700e-04
2.77297e+00 4.39400e+00 1.40924e-04
2.77297e+00 4.44407e+00 9.46867e-05
2.77297e+00 4.49224e+00 6.37140e-05
2.77297e+00 4.53847e+00 4.30095e-05
2.77297e+00 4.58271e+00 2.91766e-05
2.77297e+00 4.62491e+00 1.99257e-05
2.77297e+00 4.66504e+00 1.37238e-05
2.77297e+00 4.70305e+00 9.54952e-06
2.77297e+00 4.73890e+00 6.72517e-06
2.77297e+00 4.77257e+00 4.80165e-06
2.77297e+00 4.80402e+00 3.48157e-06
2.77297e+00 4.83322e+00 2.56785e-06
2.77297e+00 4.86014e+00 1.92954e-06
2.77297e+00 4.88475e+00 1.47936e-06
2.77297e+00 4.90703e+00 1.15889e-06
2.77297e+00 4.92696e+00 9.28792e-07
2.77297e+00 4.94452e+00 7.62467e-07
2.77297e+00 4.95969e+00 6.41820e-07
2.77297e+00 4.97246e+00 5.54499e-07
2.77297e+00 4.98281e+00 4.92076e-07
2.77297e+00 4.99074e+00 4.48839e-07
2.77297e+00 4.99623e+00 4.21015e-07
2.77297e+00 4.99928e+00 4.06255e-07
2.85051e+00 7.15683e-04 1.14806e-04
2.85051e+00 3.77012e-03 6.04782e-04
2.85051e+00 9.26216e-03 1.48579e-03
2.85051e+00 1.71877e-02 2.75716e-03
2.85051e+00 2.75390e-02 4.41771e-03
2.85051e+00 4.03061e-02 6.46585e-03
2.85051e+00 5.54766e-02 8.89968e-03
2.85051e+00 7.30356e-02 1.17169e-02
2.85051e+00 9.29659e-02 1.49151e-02
2.85051e+00 1.15248e-01 1.84913e-02
2.85051e+00 1.39860e-01 2.24425e-02
2.85051e+00 1.66779e-01 2.67652e-02
2.85051e+00 1.95977e-01 3.14558e-02
2.85051e+00 2.27426e-01 3.65104e-02
2.85051e+00 2.61096e-01 4.19247e-02
2.85051e+00 2.96953e-01 4.76941e-02
2.85051e+00 3.34963e-01 5.38134e-02
2.85051e+00 3.75089e-01 6.02767e-02
2.85051e+00 4.17290e-01 6.70772e-02
2.85051e+00 4.61527e-01 7.42070e-02
2.85051e+00 5.07755e-01 8.16564e-02
2.85051e+00 5.55930e-01 8.94137e-02
2.85051e+00 6.06005e-01 9.74644e-02
2.85051e+00 6.57930e-01 1.05791e-01
2.85051e+00 7.11655e-01 1.14370e-01
2.85051e+00 7.67127e-01 1.23176e-01
2.85051e+00 8.24292e-01 1.32174e-01
2.85051e+00 8.83095e-01 1.41322e-01
2.85051e+00 9.43478e-01 1.50571e-01
2.85051e+00 1.00538e+00 1.59861e-01
2.85051e+00 1.06875e+00 1.69118e-01
2.85051e+00 1.13351e+00 1.78261e-01
2.85051e+00 1.19960e+00 1.87191e-01
2.85051e+00 1.26697e+00 1.95797e-01
2.85051e+00 1.33555e+00 2.03955e-01
2.85051e+00 1.40526e+00 2.11529e-01
2.85051e+00 1.47604e+00 2.18370e-01
2.85051e+00 1.54782e+00 2.24323e-01
2.85051e+00 1.62053e+00 2.29230e-01
2.85051e+00 1.69410e+00 2.32933e-01
2.85051e+00 1.76846e+00 2.35284e-01
2.85051e+00 1.84353e+00 2.36152e-01
2.85051e+00 1.91924e+00 2.35432e-01
2.85051e+00 1.99553e+00 2.33050e-01
2.85051e+00 2.07230e+00 2.28971e-01
2.85051e+00 2.14949e+00 2.23204e-01
2.85051e+00 2.22703e+00 2.15799e-01
2.85051e+00 2.30483e+00 2.06842e-01
2.85051e+00 2.38282e+00 1.96447e-01
2.85051e+00 2.46093e+00 1.84744e-01
2.85051e+00 2.53907e+00 1.71879e-01
2.85051e+00 2.61718e+00 1.58012e-01
2.85051e+00 2.69517e+00 1.43340e-01
2.85051e+00 2.77297e+00 1.28115e-01
2.85051e+00 2.85051e+00 1.12668e-01
2.85051e+00 2.92770e+00 9.73982e-02
2.85051e+00 3.00447e+00 8.27381e-02
2.85051e+00 3.08076e+00 6.90894e-02
2.85051e+00 3.15647e+00 5.67590e-02
2.85051e+00 3.23154e+00 4.59222e-02
2.85051e+00 3.30590e+00 3.66234e-02
2.85051e+00 3.37947e+00 2.88062e-02
2.85051e+00 3.45218e+00 2.23517e-02
2.85051e+00 3.52396e+00 1.71100e-02
2.85051e+00 3.59474e+00 1.29213e-02
2.85051e+00 3.66445e+00 9.62732e-03
2.85051e+00 3.73303e+00 7.07845e-03
2.85051e+00 3.80040e+00 5.13769e-03
2.85051e+00 3.86649e+00 3.68325e-03
2.85051e+00 3.93125e+00 2.60997e-03
2.85051e+00 3.99462e+00 1.82959e-03
2.85051e+00 4.05652e+00 1.27001e-03
2.85051e+00 4.11690e+00 8.73936e-04
2.85051e+00 4.17571e+00 5.96881e-04
2.85051e+00 4.23287e+00 4.05134e-04
2.85051e+00 4.28835e+00 2.73662e-04
2.85051e+00 4.34207e+00 1.84237e-04
2.85051e+00 4.39400e+00 1.23810e-04
2.85051e+00 4.44407e+00 8.31859e-05
2.85051e+00 4.49224e+00 5.59736e-05
2.85051e+00 4.53847e+00 3.77833e-05
2.85051e+00 4.58271e+00 2.56304e-05
2.85051e+00 4.62491e+00 1.75033e-05
2.85051e+00 4.66504e+00 1.20549e-05
2.85051e+00 4.70305e+00 8.38795e-06
2.85051e+00 4.73890e+00 5.90693e-06
2.85051e+00 4.77257e+00 4.21728e-06
2.85051e+00 4.80402e+00 3.05776e-06
2.85051e+00 4.83322e+00 2.25518e-06
2.85051e+00 4.86014e+00 1.69454e-06
2.85051e+00 4.88475e+00 1.29915e-06
2.85051e+00 4.90703e+00 1.01769e-06
2.85051e+00 4.92696e+00 8.15606e-07
2.85051e+00 4.94452e+00 6.69535e-07
2.85051e+00 4.95969e+00 5.63581e-07
2.85051e+00 4.97246e+00 4.86896e-07
2.85051e+00 4.98281e+00 4.32077e-07
2.85051e+00 4.99074e+00 3.94108e-07
2.85051e+00 4.99623e+00 3.69674e-07
2.85051e+00 4.99928e+00 3.56712e-07
2.92770e+00 7.15683e-04 1.02737e-04
2.92770e+00 3.77012e-03 5.41204e-04
2.92770e+00 9.26216e-03 1.32959e-03
2.92770e+00 1.71877e-02 2.46731e-03
2.92770e+00 2.75390e-02 3.95329e-03
2.92770e+00 4.03061e-02 5.78611e-03
2.92770e+00 5.54766e-02 7.96405e-03
2.92770e+00 7.30356e-02 1.04851e-02
2.92770e+00 9.29659e-02 1.33469e-02
2.92770e+00 1.15248e-01 1.65470e-02
2.92770e+00 1.39860e-01 2.00824e-02
2.92770e+00 1.66779e-01 2.39501e-02
2.92770e+00 1.95977e-01 2.81468e-02
2.92770e+00 2.27426e-01 3.26689e-02
2.92770e+00 2.61096e-01 3.75123e-02
2.92770e+00 2.96953e-01 4.26729e-02
2.92770e+00 3.34963e-01 4.81458e-02
2.92770e+00 3.75089e-01 5.39256e-02
2.92770e+00 4.17290e-01 6.00060e-02
2.92770e+00 4.61527e-01 6.63799e-02
2.92770e+00 5.07755e-01 7.30383e-02
2.92770e+00 5.55930e-01 7.99707e-02
2.92770e+00 6.06005e-01 8.71642e-02
2.92770e+00 6.57930e-01 9.46026e-02
2.92770e+00 7.11655e-01 1.02266e-01
2.92770e+00 7.67127e-01 1.10131e-01
2.92770e+00 8.24292e-01 1.18167e-01
2.92770e+00 8.83095e-01 1.26337e-01
2.92770e+00 9.43478e-01 1.34597e-01
2.92770e+00 1.00538e+00 1.42895e-01
2.92770e+00 1.06875e+00 1.51167e-01
2.92770e+00 1.13351e+00 1.59340e-01
2.92770e+00 1.19960e+00 1.67328e-01
2.92770e+00 1.26697e+00 1.75033e-01
2.92770e+00 1.33555e+00 1.82345e-01
2.92770e+00 1.40526e+00 1.89142e-01
2.92770e+00 1.47604e+00 1.95292e-01
2.92770e+00 1.54782e+00 2.00654e-01
2.92770e+00 1.62053e+00 2.05084e-01
2.92770e+00 1.69410e+00 2.08437e-01
2.92770e+00 1.76846e+00 2.10572e-01
2.92770e+00 1.84353e+00 2.11361e-01
2.92770e+00 1.91924e+00 2.10695e-01
2.92770e+00 1.99553e+00 2.08494e-01
2.92770e+00 2.07230e+00 2.04708e-01
2.92770e+00 2.14949e+00 1.99331e-01
2.92770e+00 2.22703e+00 1.92395e-01
2.92770e+00 2.30483e+00 1.83978e-01
2.92770e+00 2.38282e+00 1.74197e-01
2.92770e+00 2.46093e+00 1.63202e-01
2.92770e+00 2.53907e+00 1.51173e-01
2.92770e+00 2.61718e+00 1.38321e-01
2.92770e+00 2.69517e+00 1.24885e-01
2.92770e+00 2.77297e+00 1.11140e-01
2.92770e+00 2.85051e+00 9.73982e-02
2.92770e+00 2.92770e+00 8.39953e-02
2.92770e+00 3.00447e+00 7.12644e-02
2.92770e+00 3.08076e+00 5.94969e-02
2.92770e+00 3.15647e+00 4.89057e-02
2.92770e+00 3.23154e+00 3.96061e-02
2.92770e+00 3.30590e+00 3.16195e-02
2.92770e+00 3.37947e+00 2.48941e-02
2.92770e+00 3.45218e+00 1.93309e-02
2.92770e+00 3.52396e+00 1.48060e-02
2.92770e+00 3.59474e+00 1.11857e-02
2.92770e+00 3.66445e+00 8.33642e-03
2.92770e+00 3.73303e+00 6.13041e-03
2.92770e+00 3.80040e+00 4.45011e-03
2.92770e+00 3.86649e+00 3.19057e-03
2.92770e+00 3.93125e+00 2.26098e-03
2.92770e+00 3.99462e+00 1.58500e-03
2.92770e+00 4.05652e+00 1.10026e-03
2.92770e+00 4.11690e+00 7.57129e-04
2.92770e+00 4.17571e+00 5.17106e-04
2.92770e+00 4.23287e+00 3.50985e-04
2.92770e+00 4.28835e+00 2.37083e-04
2.92770e+00 4.34207e+00 1.59608e-04
2.92770e+00 4.39400e+00 1.07256e-04
2.92770e+00 4.44407e+00 7.20617e-05
2.92770e+00 4.49224e+00 4.84870e-05
2.92770e+00 4.53847e+00 3.27285e-05
2.92770e+00 4.58271e+00 2.22007e-05
2.92770e+00 4.62491e+00 1.51606e-05
2.92770e+00 4.66504e+00 1.04410e-05
2.92770e+00 4.70305e+00 7.26470e-06
2.92770e+00 4.73890e+00 5.11572e-06
2.92770e+00 4.77257e+00 3.65226e-06
2.92770e+00 4.80402e+00 2.64799e-06
2.92770e+00 4.83322e+00 1.95290e-06
2.92770e+00 4.86014e+00 1.46735e-06
2.92770e+00 4.88475e+00 1.12494e-06
2.92770e+00 4.90703e+00 8.81193e-07
2.92770e+00 4.92696e+00 7.06196e-07
2.92770e+00 4.94452e+00 5.79706e-07
2.92770e+00 4.95969e+00 4.87957e-07
2.92770e+00 4.97246e+00 4.21555e-07
2.92770e+00 4.98281e+00 3.74087e-07
2.92770e+00 4.99074e+00 3.41210e-07
2.92770e+00 4.99623e+00 3.20053e-07
2.92770e+00 4.99928e+00 3.08830e-07
3.00447e+00 7.15683e-04 8.91188e-05
3.00447e+00 3.77012e-03 4.69466e-04
3.00447e+00 9.26216e-03 1.15335e-03
3.00447e+00 1.71877e-02 2.14026e-03
3.00447e+00 2.75390e-02 3.42927e-03
3.00447e+00 4.03061e-02 5.01914e-03
3.00447e+00 5.54766e-02 6.90837e-03
3.00447e+00 7.30356e-02 9.09521e-03
3.00447e+00 9.29659e-02 1.15776e-02
3.00447e+00 1.15248e-01 1.43534e-02
3.00447e+00 1.39860e-01 1.74200e-02
3.00447e+00 1.66779e-01 2.07748e-02
3.00447e+00 1.95977e-01 2.44149e-02
3.00447e+00 2.27426e-01 2.83369e-02
3.00447e+00 2.61096e-01 3.25376e-02
3.00447e+00 2.96953e-01 3.70130e-02
3.00447e+00 3.34963e-01 4.17590e-02
3.00447e+00 3.75089e-01 4.67708e-02
3.00447e+00 4.17290e-01 5.20429e-02
3.00447e+00 4.61527e-01 5.75690e-02
3.00447e+00 5.07755e-01 6.33412e-02
3.00447e+00 5.55930e-01 6.93504e-02
3.00447e+00 6.06005e-01 7.55854e-02
3.00447e+00 6.57930e-01 8.20321e-02
3.00447e+00 7.11655e-01 8.86737e-02
3.00447e+00 7.67127e-01 9.54890e-02
3.00447e+00 8.24292e-01 1.02452e-01
3.00447e+00 8.83095e-01 1.09532e-01
3.00447e+00 9.43478e-01 1.16691e-01
3.00447e+00 1.00538e+00 1.23883e-01
3.00447e+00 1.06875e+00 1.31055e-01
3.00447e+00 1.13351e+00 1.38142e-01
3.00447e+00 1.19960e+00 1.45072e-01
3.00447e+00 1.26697e+00 1.51759e-01
3.00447e+00 1.33555e+00 1.58110e-01
3.00447e+00 1.40526e+00 1.64019e-01
3.00447e+00 1.47604e+00 1.69370e-01
3.00447e+00 1.54782e+00 1.74043e-01
3.00447e+00 1.62053e+00 1.77909e-01
3.00447e+00 1.69410e+00 1.80839e-01
3.00447e+00 1.76846e+00 1.82709e-01
3.00447e+00 1.84353e+00 1.83401e-01
3.00447e+00 1.91924e+00 1.82814e-01
3.00447e+00 1.99553e+00 1.80869e-01
3.00447e+00 2.07230e+00 1.77514e-01
3.00447e+00 2.14949e+00 1.72735e-01
3.00447e+00 2.22703e+00 1.66556e-01
3.00447e+00 2.30483e+00 1.59041e-01
3.00447e+00 2.38282e+00 1.50302e-01
3.00447e+00 2.46093e+00 1.40485e-01
3.00447e+00 2.53907e+00 1.29777e-01
3.00447e+00 2.61718e+00 1.18395e-01
3.00447e+00 2.69517e+00 1.06582e-01
3.00447e+00 2.77297e+00 9.46034e-02
3.00447e+00 2.85051e+00 8.27381e-02
3.00447e+00 2.92770e+00 7.12644e-02
3.00447e+00 3.00447e+00 6.04398e-02
3.00447e+00 3.08076e+00 5.04778e-02
3.00447e+00 3.15647e+00 4.15286e-02
3.00447e+00 3.23154e+00 3.36694e-02
3.00447e+00 3.30590e+00 2.69101e-02
3.00447e+00 3.37947e+00 2.12070e-02
3.00447e+00 3.45218e+00 1.64804e-02
3.00447e+00 3.52396e+00 1.26298e-02
3.00447e+00 3.59474e+00 9.54531e-03
3.00447e+00 3.66445e+00 7.11571e-03
3.00447e+00 3.73303e+00 5.23361e-03
3.00447e+00 3.80040e+00 3.79952e-03
3.00447e+00 3.86649e+00 2.72432e-03
3.00447e+00 3.93125e+00 1.93066e-03
3.00447e+00 3.99462e+00 1.35348e-03
3.00447e+00 4.05652e+00 9.39558e-04
3.00447e+00 4.11690e+00 6.46550e-04
3.00447e+00 4.17571e+00 4.41582e-04
3.00447e+00 4.23287e+00 2.99720e-04
3.00447e+00 4.28835e+00 2.02451e-04
3.00447e+00 4.34207e+00 1.36290e-04
3.00447e+00 4.39400e+00 9.15842e-05
3.00447e+00 4.44407e+00 6.15304e-05
3.00447e+00 4.49224e+00 4.13995e-05
3.00447e+00 4.53847e+00 2.79435e-05
3.00447e+00 4.58271e+00 1.89542e-05
3.00447e+00 4.62491e+00 1.29430e-05
3.00447e+00 4.66504e+00 8.91344e-06
3.00447e+00 4.70305e+00 6.20160e-06
3.00447e+00 4.73890e+00 4.36692e-06
3.00447e+00 4.77257e+00 3.11755e-06
3.00447e+00 4.80402e+00 2.26022e-06
3.00447e+00 4.83322e+00 1.66686e-06
3.00447e+00 4.86014e+00 1.25239e-06
3.00447e+00 4.88475e+00 9.60105e-07
3.00447e+00 4.90703e+00 7.52052e-07
3.00447e+00 4.92696e+00 6.02684e-07
3.00447e+00 4.94452e+00 4.94722e-07
3.00447e+00 4.95969e+00 4.16415e-07
3.00447e+00 4.97246e+00 3.59742e-07
3.00447e+00 4.98281e+00 3.19229e-07
3.00447e+00 4.99074e+00 2.91170e-07
3.00447e+00 4.99623e+00 2.73114e-07
3.00447e+00 4.99928e+00 2.63535e-07
3.08076e+00 7.15683e-04 7.51503e-05
3.08076e+00 3.77012e-03 3.95882e-04
3.08076e+00 9.26216e-03 9.72575e-04
3.08076e+00 1.71877e-02 1.80480e-03
3.08076e+00 2.75390e-02 2.89176e-03
3.08076e+00 4.03061e-02 4.23243e-03
3.08076e+00 5.54766e-02 5.82555e-03
3.08076e+00 7.30356e-02 7.66961e-03
3.08076e+00 9.29659e-02 9.76293e-03
3.08076e+00 1.15248e-01 1.21036e-02
3.08076e+00 1.39860e-01 1.46895e-02
3.08076e+00 1.66779e-01 1.75184e-02
3.08076e+00 1.95977e-01 2.05878e-02
3.08076e+00 2.27426e-01 2.38950e-02
3.08076e+00 2.61096e-01 2.74370e-02
3.08076e+00 2.96953e-01 3.12106e-02
3.08076e+00 3.34963e-01 3.52124e-02
3.08076e+00 3.75089e-01 3.94381e-02
3.08076e+00 4.17290e-01 4.38833e-02
3.08076e+00 4.61527e-01 4.85424e-02
3.08076e+00 5.07755e-01 5.34090e-02
3.08076e+00 5.55930e-01 5.84752e-02
3.08076e+00 6.06005e-01 6.37317e-02
3.08076e+00 6.57930e-01 6.91666e-02
3.08076e+00 7.11655e-01 7.47658e-02
3.08076e+00 7.67127e-01 8.05114e-02
3.08076e+00 8.24292e-01 8.63820e-02
3.08076e+00 8.83095e-01 9.23512e-02
3.08076e+00 9.43478e-01 9.83871e-02
3.08076e+00 1.00538e+00 1.04452e-01
3.08076e+00 1.06875e+00 1.10500e-01
3.08076e+00 1.13351e+00 1.16477e-01
3.08076e+00 1.19960e+00 1.22324e-01
3.08076e+00 1.26697e+00 1.27967e-01
3.08076e+00 1.33555e+00 1.33328e-01
3.08076e+00 1.40526e+00 1.38318e-01
3.08076e+00 1.47604e+00 1.42840e-01
3.08076e+00 1.54782e+00 1.46791e-01
3.08076e+00 1.62053e+00 1.50062e-01
3.08076e+00 1.69410e+00 1.52543e-01
3.08076e+00 1.76846e+00 1.54128e-01
3.08076e+00 1.84353e+00 1.54715e-01
3.08076e+00 1.91924e+00 1.54215e-01
3.08076e+00 1.99553e+00 1.52559e-01
3.08076e+00 2.07230e+00 1.49698e-01
3.08076e+00 2.14949e+00 1.45618e-01
3.08076e+00 2.22703e+00 1.40335e-01
3.08076e+00 2.30483e+00 1.33905e-01
3.08076e+00 2.38282e+00 1.26424e-01
3.08076e+00 2.46093e+00 1.18026e-01
3.08076e+00 2.53907e+00 1.08881e-01
3.08076e+00 2.61718e+00 9.91869e-02
3.08076e+00 2.69517e+00 8.91666e-02
3.08076e+00 2.77297e+00 7.90549e-02
3.08076e+00 2.85051e+00 6.90894e-02
3.08076e+00 2.92770e+00 5.94969e-02
3.08076e+00 3.00447e+00 5.04778e-02
3.08076e+00 3.08076e+00 4.21927e-02
3.08076e+00 3.15647e+00 3.47511e-02
3.08076e+00 3.23154e+00 2.82087e-02
3.08076e+00 3.30590e+00 2.25712e-02
3.08076e+00 3.37947e+00 1.78046e-02
3.08076e+00 3.45218e+00 1.38465e-02
3.08076e+00 3.52396e+00 1.06169e-02
3.08076e+00 3.59474e+00 8.02699e-03
3.08076e+00 3.66445e+00 5.98529e-03
3.08076e+00 3.73303e+00 4.40287e-03
3.08076e+00 3.80040e+00 3.19674e-03
3.08076e+00 3.86649e+00 2.29225e-03
3.08076e+00 3.93125e+00 1.62453e-03
3.08076e+00 3.99462e+00 1.13889e-03
3.08076e+00 4.05652e+00 7.90603e-04
3.08076e+00 4.11690e+00 5.44048e-04
3.08076e+00 4.17571e+00 3.71572e-04
3.08076e+00 4.23287e+00 2.52197e-04
3.08076e+00 4.28835e+00 1.70348e-04
3.08076e+00 4.34207e+00 1.14675e-04
3.08076e+00 4.39400e+00 7.70571e-05
3.08076e+00 4.44407e+00 5.17686e-05
3.08076e+00 4.49224e+00 3.48302e-05
3.08076e+00 4.53847e+00 2.35085e-05
3.08076e+00 4.58271e+00 1.59453e-05
3.08076e+00 4.62491e+00 1.08879e-05
3.08076e+00 4.66504e+00 7.49781e-06
3.08076e+00 4.70305e+00 5.21644e-06
3.08076e+00 4.73890e+00 3.67306e-06
3.08076e+00 4.77257e+00 2.62209e-06
3.08076e+00 4.80402e+00 1.90094e-06
3.08076e+00 4.83322e+00 1.40184e-06
3.08076e+00 4.86014e+00 1.05323e-06
3.08076e+00 4.88475e+00 8.07402e-07
3.08076e+00 4.90703e+00 6.32420e-07
3.08076e+00 4.92696e+00 5.06799e-07
3.08076e+00 4.94452e+00 4.16003e-07
3.08076e+00 4.95969e+00 3.50148e-07
3.08076e+00 4.97246e+00 3.02488e-07
3.08076e+00 4.98281e+00 2.68419e-07
3.08076e+00 4.99074e+00 2.44823e-07
3.08076e+00 4.99623e+00 2.29639e-07
3.08076e+00 4.99928e+00 2.21584e-07
3.15647e+00 7.15683e-04 6.18460e-05
3.15647e+00 3.77012e-03 3.25797e-04
3.15647e+00 9.26216e-03 8.00394e-04
3.15647e+00 1.71877e-02 1.48528e-03
3.15647e+00 2.75390e-02 2.37982e-03
3.15647e+00 4.03061e-02 3.48314e-03
3.15647e+00 5.54766e-02 4.79422e-03
3.15647e+00 7.30356e-02 6.31182e-03
3.15647e+00 9.29659e-02 8.03455e-03
3.15647e+00 1.15248e-01 9.96085e-03
3.15647e+00 1.39860e-01 1.20890e-02
3.15647e+00 1.66779e-01 1.44171e-02
3.15647e+00 1.95977e-01 1.69431e-02
3.15647e+00 2.27426e-01 1.96649e-02
3.15647e+00 2.61096e-01 2.25799e-02
3.15647e+00 2.96953e-01 2.56857e-02
3.15647e+00 3.34963e-01 2.89791e-02
3.15647e+00 3.75089e-01 3.24570e-02
3.15647e+00 4.17290e-01 3.61155e-02
3.15647e+00 4.61527e-01 3.99502e-02
3.15647e+00 5.07755e-01 4.39558e-02
3.15647e+00 5.55930e-01 4.81258e-02
3.15647e+00 6.06005e-01 5.24525e-02
3.15647e+00 6.57930e-01 5.69263e-02
3.15647e+00 7.11655e-01 6.15354e-02
3.15647e+00 7.67127e-01 6.62654e-02
3.15647e+00 8.24292e-01 7.10985e-02
3.15647e+00 8.83095e-01 7.60130e-02
3.15647e+00 9.43478e-01 8.09829e-02
3.15647e+00 1.00538e+00 8.59766e-02
3.15647e+00 1.06875e+00 9.09571e-02
3.15647e+00 1.13351e+00 9.58804e-02
3.15647e+00 1.19960e+00 1.00696e-01
3.15647e+00 1.26697e+00 1.05345e-01
3.15647e+00 1.33555e+00 1.09762e-01
3.15647e+00 1.40526e+00 1.13874e-01
3.15647e+00 1.47604e+00 1.17601e-01
3.15647e+00 1.54782e+00 1.20857e-01
3.15647e+00 1.62053e+00 1.23554e-01
3.15647e+00 1.69410e+00 1.25601e-01
3.15647e+00 1.76846e+00 1.26908e-01
3.15647e+00 1.84353e+00 1.27392e-01
3.15647e+00 1.91924e+00 1.26979e-01
3.15647e+00 1.99553e+00 1.25610e-01
3.15647e+00 2.07230e+00 1.23246e-01
3.15647e+00 2.14949e+00 1.19871e-01
3.15647e+00 2.22703e+00 1.15501e-01
3.15647e+00 2.30483e+00 1.10181e-01
3.15647e+00 2.38282e+00 1.03992e-01
3.15647e+00 2.46093e+00 9.70478e-02
3.15647e+00 2.53907e+00 8.94916e-02
3.15647e+00 2.61718e+00 8.14935e-02
3.15647e+00 2.69517e+00 7.32412e-02
3.15647e+00 2.77297e+00 6.49314e-02
3.15647e+00 2.85051e+00 5.67590e-02
3.15647e+00 2.92770e+00 4.89057e-02
3.15647e+00 3.00447e+00 4.15286e-02
3.15647e+00 3.08076e+00 3.47511e-02
3.15647e+00 3.15647e+00 2.86574e-02
3.15647e+00 3.23154e+00 2.32903e-02
3.15647e+00 3.30590e+00 1.86559e-02
3.15647e+00 3.37947e+00 1.47292e-02
3.15647e+00 3.45218e+00 1.14625e-02
3.15647e+00 3.52396e+00 8.79328e-03
3.15647e+00 3.59474e+00 6.65041e-03
3.15647e+00 3.66445e+00 4.95993e-03
3.15647e+00 3.73303e+00 3.64910e-03
3.15647e+00 3.80040e+00 2.64968e-03
3.15647e+00 3.86649e+00 1.90008e-03
3.15647e+00 3.93125e+00 1.34663e-03
3.15647e+00 3.99462e+00 9.44083e-04
3.15647e+00 4.05652e+00 6.55373e-04
3.15647e+00 4.11690e+00 4.50988e-04
3.15647e+00 4.17571e+00 3.08010e-04
3.15647e+00 4.23287e+00 2.09052e-04
3.15647e+00 4.28835e+00 1.41201e-04
3.15647e+00 4.34207e+00 9.50514e-05
3.15647e+00 4.39400e+00 6.38685e-05
3.15647e+00 4.44407e+00 4.29067e-05
3.15647e+00 4.49224e+00 2.88667e-05
3.15647e+00 4.53847e+00 1.94826e-05
3.15647e+00 4.58271e+00 1.32140e-05
3.15647e+00 4.62491e+00 9.02254e-06
3.15647e+00 4.66504e+00 6.21298e-06
3.15647e+00 4.70305e+00 4.32236e-06
3.15647e+00 4.73890e+00 3.04338e-06
3.15647e+00 4.77257e+00 2.17249e-06
3.15647e+00 4.80402e+00 1.57492e-06
3.15647e+00 4.83322e+00 1.16138e-06
3.15647e+00 4.86014e+00 8.72534e-07
3.15647e+00 4.88475e+00 6.68857e-07
3.15647e+00 4.90703e+00 5.23884e-07
3.15647e+00 4.92696e+00 4.19810e-07
3.15647e+00 4.94452e+00 3.44589e-07
3.15647e+00 4.95969e+00 2.90033e-07
3.15647e+00 4.97246e+00 2.50550e-07
3.15647e+00 4.98281e+00 2.22328e-07
3.15647e+00 4.99074e+00 2.02781e-07
3.15647e+00 4.99623e+00 1.90203e-07
3.15647e+00 4.99928e+00 1.83531e-07
3.23154e+00 7.15683e-04 4.98751e-05
3.23154e+00 3.77012e-03 2.62735e-04
3.23154e+00 9.26216e-03 6.45470e-04
3.23154e+00 1.71877e-02 1.19779e-03
3.23154e+00 2.75390e-02 1.91918e-03
3.23154e+00 4.03061e-02 2.80895e-03
3.23154e+00 5.54766e-02 3.86626e-03
3.23154e+00 7.30356e-02 5.09012e-03
3.23154e+00 9.29659e-02 6.47942e-03
3.23154e+00 1.15248e-01 8.03289e-03
3.23154e+00 1.39860e-01 9.74915e-03
3.23154e+00 1.66779e-01 1.16267e-02
3.23154e+00 1.95977e-01 1.36639e-02
3.23154e+00 2.27426e-01 1.58590e-02
3.23154e+00 2.61096e-01 1.82101e-02
3.23154e+00 2.96953e-01 2.07149e-02
3.23154e+00 3.34963e-01 2.33714e-02
3.23154e+00 3.75089e-01 2.61766e-02
3.23154e+00 4.17290e-01 2.91277e-02
3.23154e+00 4.61527e-01 3.22211e-02
3.23154e+00 5.07755e-01 3.54525e-02
3.23154e+00 5.55930e-01 3.88168e-02
3.23154e+00 6.06005e-01 4.23078e-02
3.23154e+00 6.57930e-01 4.59177e-02
3.23154e+00 7.11655e-01 4.96371e-02
3.23154e+00 7.67127e-01 5.34544e-02
3.23154e+00 8.24292e-01 5.73552e-02
3.23154e+00 8.83095e-01 6.13221e-02
3.23154e+00 9.43478e-01 6.53340e-02
3.23154e+00 1.00538e+00 6.93656e-02
3.23154e+00 1.06875e+00 7.33868e-02
3.23154e+00 1.13351e+00 7.73622e-02
3.23154e+00 1.19960e+00 8.12506e-02
3.23154e+00 1.26697e+00 8.50051e-02
3.23154e+00 1.33555e+00 8.85724e-02
3.23154e+00 1.40526e+00 9.18934e-02
3.23154e+00 1.47604e+00 9.49035e-02
3.23154e+00 1.54782e+00 9.75339e-02
3.23154e+00 1.62053e+00 9.97123e-02
3.23154e+00 1.69410e+00 1.01366e-01
3.23154e+00 1.76846e+00 1.02422e-01
3.23154e+00 1.84353e+00 1.02814e-01
3.23154e+00 1.91924e+00 1.02481e-01
3.23154e+00 1.99553e+00 1.01377e-01
3.23154e+00 2.07230e+00 9.94706e-02
3.23154e+00 2.14949e+00 9.67490e-02
3.23154e+00 2.22703e+00 9.32244e-02
3.23154e+00 2.30483e+00 8.89347e-02
3.23154e+00 2.38282e+00 8.39450e-02
3.23154e+00 2.46093e+00 7.83479e-02
3.23154e+00 2.53907e+00 7.22603e-02
3.23154e+00 2.61718e+00 6.58199e-02
3.23154e+00 2.69517e+00 5.91785e-02
3.23154e+00 2.77297e+00 5.24942e-02
3.23154e+00 2.85051e+00 4.59222e-02
3.23154e+00 2.92770e+00 3.96061e-02
3.23154e+00 3.00447e+00 3.36694e-02
3.23154e+00 3.08076e+00 2.82087e-02
3.23154e+00 3.15647e+00 2.32903e-02
3.23154e+00 3.23154e+00 1.89498e-02
3.23154e+00 3.30590e+00 1.51938e-02
3.23154e+00 3.37947e+00 1.20052e-02
3.23154e+00 3.45218e+00 9.34817e-03
3.23154e+00 3.52396e+00 7.17432e-03
3.23154e+00 3.59474e+00 5.42754e-03
3.23154e+00 3.66445e+00 4.04865e-03
3.23154e+00 3.73303e+00 2.97901e-03
3.23154e+00 3.80040e+00 2.16327e-03
3.23154e+00 3.86649e+00 1.55133e-03
3.23154e+00 3.93125e+00 1.09949e-03
3.23154e+00 3.99462e+00 7.70827e-04
3.23154e+00 4.05652e+00 5.35099e-04
3.23154e+00 4.11690e+00 3.68219e-04
3.23154e+00 4.17571e+00 2.51476e-04
3.23154e+00 4.23287e+00 1.70677e-04
3.23154e+00 4.28835e+00 1.15278e-04
3.23154e+00 4.34207e+00 7.75984e-05
3.23154e+00 4.39400e+00 5.21393e-05
3.23154e+00 4.44407e+00 3.50256e-05
3.23154e+00 4.49224e+00 2.35635e-05
3.23154e+00 4.53847e+00 1.59027e-05
3.23154e+00 4.58271e+00 1.07854e-05
3.23154e+00 4.62491e+00 7.36396e-06
3.23154e+00 4.66504e+00 5.07064e-06
3.23154e+00 4.70305e+00 3.52747e-06
3.23154e+00 4.73890e+00 2.48358e-06
3.23154e+00 4.77257e+00 1.77281e-06
3.23154e+00 4.80402e+00 1.28512e-06
3.23154e+00 4.83322e+00 9.47638e-07
3.23154e+00 4.86014e+00 7.11925e-07
3.23154e+00 4.88475e+00 5.45720e-07
3.23154e+00 4.90703e+00 4.27423e-07
3.23154e+00 4.92696e+00 3.42501e-07
3.23154e+00 4.94452e+00 2.81125e-07
3.23154e+00 4.95969e+00 2.36611e-07
3.23154e+00 4.97246e+00 2.04397e-07
3.23154e+00 4.98281e+00 1.81370e-07
3.23154e+00 4.99074e+00 1.65423e-07
3.23154e+00 4.99623e+00 1.55160e-07
3.23154e+00 4.99928e+00 1.49717e-07
3.30590e+00 7.15683e-04 3.95470e-05
3.30590e+00 3.77012e-03 2.08329e-04
3.30590e+00 9.26216e-03 5.11807e-04
3.30590e+00 1.71877e-02 9.49755e-04
3.30590e+00 2.75390e-02 1.52176e-03
3.30590e+00 4.03061e-02 2.22728e-03
3.30590e+00 5.54766e-02 3.06564e-03
3.30590e+00 7.30356e-02 4.03608e-03
3.30590e+00 9.29659e-02 5.13770e-03
3.30590e+00 1.15248e-01 6.36952e-03
3.30590e+00 1.39860e-01 7.73043e-03
3.30590e+00 1.66779e-01 9.21927e-03
3.30590e+00 1.95977e-01 1.08347e-02
3.30590e+00 2.27426e-01 1.25755e-02
3.30590e+00 2.61096e-01 1.44399e-02
3.30590e+00 2.96953e-01 1.64265e-02
3.30590e+00 3.34963e-01 1.85333e-02
3.30590e+00 3.75089e-01 2.07583e-02
3.30590e+00 4.17290e-01 2.30991e-02
3.30590e+00 4.61527e-01 2.55529e-02
3.30590e+00 5.07755e-01 2.81165e-02
3.30590e+00 5.55930e-01 3.07857e-02
3.30590e+00 6.06005e-01 3.35557e-02
3.30590e+00 6.57930e-01 3.64204e-02
3.30590e+00 7.11655e-01 3.93723e-02
3.30590e+00 7.67127e-01 4.24022e-02
3.30590e+00 8.24292e-01 4.54989e-02
3.30590e+00 8.83095e-01 4.86484e-02
3.30590e+00 9.43478e-01 5.18341e-02
3.30590e+00 1.00538e+00 5.50357e-02
3.30590e+00 1.06875e+00 5.82295e-02
3.30590e+00 1.13351e+00 6.13873e-02
3.30590e+00 1.19960e+00 6.44763e-02
3.30590e+00 1.26697e+00 6.74592e-02
3.30590e+00 1.33555e+00 7.02936e-02
3.30590e+00 1.40526e+00 7.29325e-02
3.30590e+00 1.47604e+00 7.53247e-02
3.30590e+00 1.54782e+00 7.74152e-02
3.30590e+00 1.62053e+00 7.91469e-02
3.30590e+00 1.69410e+00 8.04616e-02
3.30590e+00 1.76846e+00 8.13023e-02
3.30590e+00 1.84353e+00 8.16159e-02
3.30590e+00 1.91924e+00 8.13553e-02
3.30590e+00 1.99553e+00 8.04832e-02
3.30590e+00 2.07230e+00 7.89751e-02
3.30590e+00 2.14949e+00 7.68220e-02
3.30590e+00 2.22703e+00 7.40337e-02
3.30590e+00 2.30483e+00 7.06407e-02
3.30590e+00 2.38282e+00 6.66948e-02
3.30590e+00 2.46093e+00 6.22690e-02
3.30590e+00 2.53907e+00 5.74560e-02
3.30590e+00 2.61718e+00 5.23641e-02
3.30590e+00 2.69517e+00 4.71125e-02
3.30590e+00 2.77297e+00 4.18251e-02
3.30590e+00 2.85051e+00 3.66234e-02
3.30590e+00 2.92770e+00 3.16195e-02
3.30590e+00 3.00447e+00 2.69101e-02
3.30590e+00 3.08076e+00 2.25712e-02
3.30590e+00 3.15647e+00 1.86559e-02
3.30590e+00 3.23154e+00 1.51938e-02
3.30590e+00 3.30590e+00 1.21923e-02
3.30590e+00 3.37947e+00 9.63986e-03
3.30590e+00 3.45218e+00 7.51005e-03
3.30590e+00 3.52396e+00 5.76566e-03
3.30590e+00 3.59474e+00 4.36289e-03
3.30590e+00 3.66445e+00 3.25498e-03
3.30590e+00 3.73303e+00 2.39524e-03
3.30590e+00 3.80040e+00 1.73945e-03
3.30590e+00 3.86649e+00 1.24744e-03
3.30590e+00 3.93125e+00 8.84123e-04
3.30590e+00 3.99462e+00 6.19836e-04
3.30590e+00 4.05652e+00 4.30279e-04
3.30590e+00 4.11690e+00 2.96084e-04
3.30590e+00 4.17571e+00 2.02207e-04
3.30590e+00 4.23287e+00 1.37234e-04
3.30590e+00 4.28835e+00 9.26871e-05
3.30590e+00 4.34207e+00 6.23890e-05
3.30590e+00 4.39400e+00 4.19182e-05
3.30590e+00 4.44407e+00 2.81581e-05
3.30590e+00 4.49224e+00 1.89425e-05
3.30590e+00 4.53847e+00 1.27835e-05
3.30590e+00 4.58271e+00 8.66952e-06
3.30590e+00 4.62491e+00 5.91899e-06
3.30590e+00 4.66504e+00 4.07547e-06
3.30590e+00 4.70305e+00 2.83503e-06
3.30590e+00 4.73890e+00 1.99597e-06
3.30590e+00 4.77257e+00 1.42468e-06
3.30590e+00 4.80402e+00 1.03272e-06
3.30590e+00 4.83322e+00 7.61484e-07
3.30590e+00 4.86014e+00 5.72052e-07
3.30590e+00 4.88475e+00 4.38486e-07
3.30590e+00 4.90703e+00 3.43422e-07
3.30590e+00 4.92696e+00 2.75182e-07
3.30590e+00 4.94452e+00 2.25864e-07
3.30590e+00 4.95969e+00 1.90095e-07
3.30590e+00 4.97246e+00 1.64211e-07
3.30590e+00 4.98281e+00 1.45709e-07
3.30590e+00 4.99074e+00 1.32896e-07
3.30590e+00 4.99623e+00 1.24650e-07
3.30590e+00 4.99928e+00 1.20276e-07
3.37947e+00 7.15683e-04 3.09007e-05
3.37947e+00 3.77012e-03 1.62781e-04
3.37947e+00 9.26216e-03 3.99909e-04
3.37947e+00 1.71877e-02 7.42107e-04
3.37947e+00 2.75390e-02 1.18905e-03
3.37947e+00 4.03061e-02 1.74032e-03
3.37947e+00 5.54766e-02 2.39540e-03
3.37947e+00 7.30356e-02 3.15367e-03
3.37947e+00 9.29659e-02 4.01446e-03
3.37947e+00 1.15248e-01 4.97698e-03
3.37947e+00 1.39860e-01 6.04041e-03
3.37947e+00 1.66779e-01 7.20381e-03
3.37947e+00 1.95977e-01 8.46619e-03
3.37947e+00 2.27426e-01 9.82650e-03
3.37947e+00 2.61096e-01 1.12836e-02
3.37947e+00 2.96953e-01 1.28361e-02
3.37947e+00 3.34963e-01 1.44827e-02
3.37947e+00 3.75089e-01 1.62218e-02
3.37947e+00 4.17290e-01 1.80516e-02
3.37947e+00 4.61527e-01 1.99699e-02
3.37947e+00 5.07755e-01 2.19742e-02
3.37947e+00 5.55930e-01 2.40613e-02
3.37947e+00 6.06005e-01 2.62275e-02
3.37947e+00 6.57930e-01 2.84681e-02
3.37947e+00 7.11655e-01 3.07771e-02
3.37947e+00 7.67127e-01 3.31476e-02
3.37947e+00 8.24292e-01 3.55706e-02
3.37947e+00 8.83095e-01 3.80354e-02
3.37947e+00 9.43478e-01 4.05289e-02
3.37947e+00 1.00538e+00 4.30354e-02
3.37947e+00 1.06875e+00 4.55361e-02
3.37947e+00 1.13351e+00 4.80090e-02
3.37947e+00 1.19960e+00 5.04286e-02
3.37947e+00 1.26697e+00 5.27653e-02
3.37947e+00 1.33555e+00 5.49862e-02
3.37947e+00 1.40526e+00 5.70543e-02
3.37947e+00 1.47604e+00 5.89295e-02
3.37947e+00 1.54782e+00 6.05687e-02
3.37947e+00 1.62053e+00 6.19272e-02
3.37947e+00 1.69410e+00 6.29595e-02
3.37947e+00 1.76846e+00 6.36211e-02
3.37947e+00 1.84353e+00 6.38705e-02
3.37947e+00 1.91924e+00 6.36712e-02
3.37947e+00 1.99553e+00 6.29942e-02
3.37947e+00 2.07230e+00 6.18206e-02
3.37947e+00 2.14949e+00 6.01439e-02
3.37947e+00 2.22703e+00 5.79720e-02
3.37947e+00 2.30483e+00 5.53287e-02
3.37947e+00 2.38282e+00 5.22547e-02
3.37947e+00 2.46093e+00 4.88067e-02
3.37947e+00 2.53907e+00 4.50566e-02
3.37947e+00 2.61718e+00 4.10882e-02
3.37947e+00 2.69517e+00 3.69936e-02
3.37947e+00 2.77297e+00 3.28683e-02
3.37947e+00 2.85051e+00 2.88062e-02
3.37947e+00 2.92770e+00 2.48941e-02
3.37947e+00 3.00447e+00 2.12070e-02
3.37947e+00 3.08076e+00 1.78046e-02
3.37947e+00 3.15647e+00 1.47292e-02
3.37947e+00 3.23154e+00 1.20052e-02
3.37947e+00 3.30590e+00 9.63986e-03
3.37947e+00 3.37947e+00 7.62572e-03
3.37947e+00 3.45218e+00 5.94321e-03
3.37947e+00 3.52396e+00 4.56401e-03
3.37947e+00 3.59474e+00 3.45424e-03
3.37947e+00 3.66445e+00 2.57738e-03
3.37947e+00 3.73303e+00 1.89675e-03
3.37947e+00 3.80040e+00 1.37750e-03
3.37947e+00 3.86649e+00 9.87886e-04
3.37947e+00 3.93125e+00 7.00166e-04
3.37947e+00 3.99462e+00 4.90865e-04
3.37947e+00 4.05652e+00 3.40744e-04
3.37947e+00 4.11690e+00 2.34468e-04
3.37947e+00 4.17571e+00 1.60123e-04
3.37947e+00 4.23287e+00 1.08669e-04
3.37947e+00 4.28835e+00 7.33913e-05
3.37947e+00 4.34207e+00 4.93987e-05
3.37947e+00 4.39400e+00 3.31887e-05
3.37947e+00 4.44407e+00 2.22932e-05
3.37947e+00 4.49224e+00 1.49963e-05
3.37947e+00 4.53847e+00 1.01198e-05
3.37947e+00 4.58271e+00 6.86276e-06
3.37947e+00 4.62491e+00 4.68521e-06
3.37947e+00 4.66504e+00 3.22580e-06
3.37947e+00 4.70305e+00 2.24387e-06
3.37947e+00 4.73890e+00 1.57969e-06
3.37947e+00 4.77257e+00 1.12749e-06
3.37947e+00 4.80402e+00 8.17260e-07
3.37947e+00 4.83322e+00 6.02589e-07
3.37947e+00 4.86014e+00 4.52668e-07
3.37947e+00 4.88475e+00 3.46963e-07
3.37947e+00 4.90703e+00 2.71733e-07
3.37947e+00 4.92696e+00 2.17731e-07
3.37947e+00 4.94452e+00 1.78704e-07
3.37947e+00 4.95969e+00 1.50400e-07
3.37947e+00 4.97246e+00 1.29919e-07
3.37947e+00 4.98281e+00 1.15279e-07
3.37947e+00 4.99074e+00 1.05140e-07
3.37947e+00 4.99623e+00 9.86153e-08
3.37947e+00 4.99928e+00 9.51545e-08
3.45218e+00 7.15683e-04 2.38202e-05
3.45218e+00 3.77012e-03 1.25482e-04
3.45218e+00 9.26216e-03 3.08274e-04
3.45218e+00 1.71877e-02 5.72062e-04
3.45218e+00 2.75390e-02 9.16596e-04
3.45218e+00 4.03061e-02 1.34155e-03
3.45218e+00 5.54766e-02 1.84653e-03
3.45218e+00 7.30356e-02 2.43106e-03
3.45218e+00 9.29659e-02 3.09462e-03
3.45218e+00 1.15248e-01 3.83662e-03
3.45218e+00 1.39860e-01 4.65641e-03
3.45218e+00 1.66779e-01 5.55329e-03
3.45218e+00 1.95977e-01 6.52651e-03
3.45218e+00 2.27426e-01 7.57526e-03
3.45218e+00 2.61096e-01 8.69864e-03
3.45218e+00 2.96953e-01 9.89571e-03
3.45218e+00 3.34963e-01 1.11654e-02
3.45218e+00 3.75089e-01 1.25065e-02
3.45218e+00 4.17290e-01 1.39176e-02
3.45218e+00 4.61527e-01 1.53972e-02
3.45218e+00 5.07755e-01 1.69432e-02
3.45218e+00 5.55930e-01 1.85534e-02
3.45218e+00 6.06005e-01 2.02247e-02
3.45218e+00 6.57930e-01 2.19537e-02
3.45218e+00 7.11655e-01 2.37358e-02
3.45218e+00 7.67127e-01 2.55656e-02
3.45218e+00 8.24292e-01 2.74364e-02
3.45218e+00 8.83095e-01 2.93398e-02
3.45218e+00 9.43478e-01 3.12657e-02
3.45218e+00 1.00538e+00 3.32021e-02
3.45218e+00 1.06875e+00 3.51345e-02
3.45218e+00 1.13351e+00 3.70458e-02
3.45218e+00 1.19960e+00 3.89163e-02
3.45218e+00 1.26697e+00 4.07234e-02
3.45218e+00 1.33555e+00 4.24413e-02
3.45218e+00 1.40526e+00 4.40415e-02
3.45218e+00 1.47604e+00 4.54931e-02
3.45218e+00 1.54782e+00 4.67627e-02
3.45218e+00 1.62053e+00 4.78157e-02
3.45218e+00 1.69410e+00 4.86171e-02
3.45218e+00 1.76846e+00 4.91324e-02
3.45218e+00 1.84353e+00 4.93297e-02
3.45218e+00 1.91924e+00 4.91808e-02
3.45218e+00 1.99553e+00 4.86635e-02
3.45218e+00 2.07230e+00 4.77634e-02
3.45218e+00 2.14949e+00 4.64756e-02
3.45218e+00 2.22703e+00 4.48063e-02
3.45218e+00 2.30483e+00 4.27740e-02
3.45218e+00 2.38282e+00 4.04099e-02
3.45218e+00 2.46093e+00 3.77576e-02
3.45218e+00 2.53907e+00 3.48721e-02
3.45218e+00 2.61718e+00 3.18175e-02
3.45218e+00 2.69517e+00 2.86641e-02
3.45218e+00 2.77297e+00 2.54849e-02
3.45218e+00 2.85051e+00 2.23517e-02
3.45218e+00 2.92770e+00 1.93309e-02
3.45218e+00 3.00447e+00 1.64804e-02
3.45218e+00 3.08076e+00 1.38465e-02
3.45218e+00 3.15647e+00 1.14625e-02
3.45218e+00 3.23154e+00 9.34817e-03
3.45218e+00 3.30590e+00 7.51005e-03
3.45218e+00 3.37947e+00 5.94321e-03
3.45218e+00 3.45218e+00 4.63327e-03
3.45218e+00 3.52396e+00 3.55879e-03
3.45218e+00 3.59474e+00 2.69381e-03
3.45218e+00 3.66445e+00 2.01016e-03
3.45218e+00 3.73303e+00 1.47940e-03
3.45218e+00 3.80040e+00 1.07442e-03
3.45218e+00 3.86649e+00 7.70541e-04
3.45218e+00 3.93125e+00 5.46119e-04
3.45218e+00 3.99462e+00 3.82863e-04
3.45218e+00 4.05652e+00 2.65766e-04
3.45218e+00 4.11690e+00 1.82870e-04
3.45218e+00 4.17571e+00 1.24881e-04
3.45218e+00 4.23287e+00 8.47486e-05
3.45218e+00 4.28835e+00 5.72341e-05
3.45218e+00 4.34207e+00 3.85218e-05
3.45218e+00 4.39400e+00 2.58798e-05
3.45218e+00 4.44407e+00 1.73828e-05
3.45218e+00 4.49224e+00 1.16926e-05
3.45218e+00 4.53847e+00 7.89002e-06
3.45218e+00 4.58271e+00 5.35033e-06
3.45218e+00 4.62491e+00 3.65249e-06
3.45218e+00 4.66504e+00 2.51464e-06
3.45218e+00 4.70305e+00 1.74909e-06
3.45218e+00 4.73890e+00 1.23130e-06
3.45218e+00 4.77257e+00 8.78795e-07
3.45218e+00 4.80402e+00 6.36963e-07
3.45218e+00 4.83322e+00 4.69631e-07
3.45218e+00 4.86014e+00 3.52774e-07
3.45218e+00 4.88475e+00 2.70386e-07
3.45218e+00 4.90703e+00 2.11752e-07
3.45218e+00 4.92696e+00 1.69665e-07
3.45218e+00 4.94452e+00 1.39250e-07
3.45218e+00 4.95969e+00 1.17192e-07
3.45218e+00 4.97246e+00 1.01231e-07
3.45218e+00 4.98281e+00 8.98221e-08
3.45218e+00 4.99074e+00 8.19210e-08
3.45218e+00 4.99623e+00 7.68368e-08
3.45218e+00 4.99928e+00 7.41399e-08
3.52396e+00 7.15683e-04 1.81233e-05
3.52396e+00 3.77012e-03 9.54711e-05
3.52396e+00 9.26216e-03 2.34547e-04
3.52396e+00 1.71877e-02 4.35246e-04
3.52396e+00 2.75390e-02 6.97381e-04
3.52396e+00 4.03061e-02 1.02070e-03
3.52396e+00 5.54766e-02 1.40491e-03
3.52396e+00 7.30356e-02 1.84965e-03
3.52396e+00 9.29659e-02 2.35452e-03
3.52396e+00 1.15248e-01 2.91908e-03
3.52396e+00 1.39860e-01 3.54284e-03
3.52396e+00 1.66779e-01 4.22527e-03
3.52396e+00 1.95977e-01 4.96581e-03
3.52396e+00 2.27426e-01 5.76384e-03
3.52396e+00 2.61096e-01 6.61870e-03
3.52396e+00 2.96953e-01 7.52969e-03
3.52396e+00 3.34963e-01 8.49600e-03
3.52396e+00 3.75089e-01 9.51674e-03
3.52396e+00 4.17290e-01 1.05909e-02
3.52396e+00 4.61527e-01 1.17172e-02
3.52396e+00 5.07755e-01 1.28943e-02
3.52396e+00 5.55930e-01 1.41203e-02
3.52396e+00 6.06005e-01 1.53931e-02
3.52396e+00 6.57930e-01 1.67100e-02
3.52396e+00 7.11655e-01 1.80677e-02
3.52396e+00 7.67127e-01 1.94619e-02
3.52396e+00 8.24292e-01 2.08876e-02
3.52396e+00 8.83095e-01 2.23385e-02
3.52396e+00 9.43478e-01 2.38069e-02
3.52396e+00 1.00538e+00 2.52836e-02
3.52396e+00 1.06875e+00 2.67577e-02
3.52396e+00 1.13351e+00 2.82162e-02
3.52396e+00 1.19960e+00 2.96439e-02
3.52396e+00 1.26697e+00 3.10237e-02
3.52396e+00 1.33555e+00 3.23359e-02
3.52396e+00 1.40526e+00 3.35588e-02
3.52396e+00 1.47604e+00 3.46686e-02
3.52396e+00 1.54782e+00 3.56401e-02
3.52396e+00 1.62053e+00 3.64467e-02
3.52396e+00 1.69410e+00 3.70617e-02
3.52396e+00 1.76846e+00 3.74589e-02
3.52396e+00 1.84353e+00 3.76138e-02
3.52396e+00 1.91924e+00 3.75050e-02
3.52396e+00 1.99553e+00 3.71155e-02
3.52396e+00 2.07230e+00 3.64345e-02
3.52396e+00 2.14949e+00 3.54582e-02
3.52396e+00 2.22703e+00 3.41913e-02
3.52396e+00 2.30483e+00 3.26479e-02
3.52396e+00 2.38282e+00 3.08518e-02
3.52396e+00 2.46093e+00 2.88360e-02
3.52396e+00 2.53907e+00 2.66421e-02
3.52396e+00 2.61718e+00 2.43186e-02
3.52396e+00 2.69517e+00 2.19188e-02
3.52396e+00 2.77297e+00 1.94978e-02
3.52396e+00 2.85051e+00 1.71100e-02
3.52396e+00 2.92770e+00 1.48060e-02
3.52396e+00 3.00447e+00 1.26298e-02
3.52396e+00 3.08076e+00 1.06169e-02
3.52396e+00 3.15647e+00 8.79328e-03
3.52396e+00 3.23154e+00 7.17432e-03
3.52396e+00 3.30590e+00 5.76566e-03
3.52396e+00 3.37947e+00 4.56401e-03
3.52396e+00 3.45218e+00 3.55879e-03
3.52396e+00 3.52396e+00 2.73388e-03
3.52396e+00 3.59474e+00 2.06960e-03
3.52396e+00 3.66445e+00 1.54445e-03
3.52396e+00 3.73303e+00 1.13669e-03
3.52396e+00 3.80040e+00 8.25542e-04
3.52396e+00 3.86649e+00 5.92050e-04
3.52396e+00 3.93125e+00 4.19609e-04
3.52396e+00 3.99462e+00 2.94165e-04
3.52396e+00 4.05652e+00 2.04191e-04
3.52396e+00 4.11690e+00 1.40496e-04
3.52396e+00 4.17571e+00 9.59408e-05
3.52396e+00 4.23287e+00 6.51059e-05
3.52396e+00 4.28835e+00 4.39666e-05
3.52396e+00 4.34207e+00 2.95906e-05
3.52396e+00 4.39400e+00 1.98786e-05
3.52396e+00 4.44407e+00 1.33513e-05
3.52396e+00 4.49224e+00 8.98030e-06
3.52396e+00 4.53847e+00 6.05946e-06
3.52396e+00 4.58271e+00 4.10879e-06
3.52396e+00 4.62491e+00 2.80478e-06
3.52396e+00 4.66504e+00 1.93091e-06
3.52396e+00 4.70305e+00 1.34300e-06
3.52396e+00 4.73890e+00 9.45383e-07
3.52396e+00 4.77257e+00 6.74698e-07
3.52396e+00 4.80402e+00 4.89008e-07
3.52396e+00 4.83322e+00 3.60528e-07
3.52396e+00 4.86014e+00 2.70808e-07
3.52396e+00 4.88475e+00 2.07555e-07
3.52396e+00 4.90703e+00 1.62541e-07
3.52396e+00 4.92696e+00 1.30230e-07
3.52396e+00 4.94452e+00 1.06882e-07
3.52396e+00 4.95969e+00 8.99491e-08
3.52396e+00 4.97246e+00 7.76964e-08
3.52396e+00 4.98281e+00 6.89388e-08
3.52396e+00 4.99074e+00 6.28739e-08
3.52396e+00 4.99623e+00 5.89713e-08
3.52396e+00 4.99928e+00 5.69012e-08
3.59474e+00 7.15683e-04 1.36114e-05
3.59474e+00 3.77012e-03 7.17029e-05
3.59474e+00 9.26216e-03 1.76155e-04
3.59474e+00 1.71877e-02 3.26889e-04
3.59474e+00 2.75390e-02 5.23764e-04
3.59474e+00 4.03061e-02 7.66594e-04
3.59474e+00 5.54766e-02 1.05515e-03
3.59474e+00 7.30356e-02 1.38918e-03
3.59474e+00 9.29659e-02 1.76836e-03
3.59474e+00 1.15248e-01 2.19239e-03
3.59474e+00 1.39860e-01 2.66088e-03
3.59474e+00 1.66779e-01 3.17345e-03
3.59474e+00 1.95977e-01 3.72968e-03
3.59474e+00 2.27426e-01 4.32911e-03
3.59474e+00 2.61096e-01 4.97127e-03
3.59474e+00 2.96953e-01 5.65561e-03
3.59474e+00 3.34963e-01 6.38156e-03
3.59474e+00 3.75089e-01 7.14846e-03
3.59474e+00 4.17290e-01 7.95555e-03
3.59474e+00 4.61527e-01 8.80193e-03
3.59474e+00 5.07755e-01 9.68654e-03
3.59474e+00 5.55930e-01 1.06081e-02
3.59474e+00 6.06005e-01 1.15649e-02
3.59474e+00 6.57930e-01 1.25550e-02
3.59474e+00 7.11655e-01 1.35760e-02
3.59474e+00 7.67127e-01 1.46247e-02
3.59474e+00 8.24292e-01 1.56972e-02
3.59474e+00 8.83095e-01 1.67890e-02
3.59474e+00 9.43478e-01 1.78942e-02
3.59474e+00 1.00538e+00 1.90060e-02
3.59474e+00 1.06875e+00 2.01160e-02
3.59474e+00 1.13351e+00 2.12147e-02
3.59474e+00 1.19960e+00 2.22906e-02
3.59474e+00 1.26697e+00 2.33308e-02
3.59474e+00 1.33555e+00 2.43204e-02
3.59474e+00 1.40526e+00 2.52432e-02
3.59474e+00 1.47604e+00 2.60812e-02
3.59474e+00 1.54782e+00 2.68154e-02
3.59474e+00 1.62053e+00 2.74258e-02
3.59474e+00 1.69410e+00 2.78921e-02
3.59474e+00 1.76846e+00 2.81947e-02
3.59474e+00 1.84353e+00 2.83151e-02
3.59474e+00 1.91924e+00 2.82371e-02
3.59474e+00 1.99553e+00 2.79480e-02
3.59474e+00 2.07230e+00 2.74394e-02
3.59474e+00 2.14949e+00 2.67085e-02
3.59474e+00 2.22703e+00 2.57590e-02
3.59474e+00 2.30483e+00 2.46012e-02
3.59474e+00 2.38282e+00 2.32531e-02
3.59474e+00 2.46093e+00 2.17393e-02
3.59474e+00 2.53907e+00 2.00911e-02
3.59474e+00 2.61718e+00 1.83447e-02
3.59474e+00 2.69517e+00 1.65402e-02
3.59474e+00 2.77297e+00 1.47188e-02
3.59474e+00 2.85051e+00 1.29213e-02
3.59474e+00 2.92770e+00 1.11857e-02
3.59474e+00 3.00447e+00 9.54531e-03
3.59474e+00 3.08076e+00 8.02699e-03
3.59474e+00 3.15647e+00 6.65041e-03
3.59474e+00 3.23154e+00 5.42754e-03
3.59474e+00 3.30590e+00 4.36289e-03
3.59474e+00 3.37947e+00 3.45424e-03
3.59474e+00 3.45218e+00 2.69381e-03
3.59474e+00 3.52396e+00 2.06960e-03
3.59474e+00 3.59474e+00 1.56682e-03
3.59474e+00 3.66445e+00 1.16929e-03
3.59474e+00 3.73303e+00 8.60595e-04
3.59474e+00 3.80040e+00 6.25021e-04
3.59474e+00 3.86649e+00 4.48239e-04
3.59474e+00 3.93125e+00 3.17678e-04
3.59474e+00 3.99462e+00 2.22701e-04
3.59474e+00 4.05652e+00 1.54580e-04
3.59474e+00 4.11690e+00 1.06357e-04
3.59474e+00 4.17571e+00 7.26249e-05
3.59474e+00 4.23287e+00 4.92814e-05
3.59474e+00 4.28835e+00 3.32786e-05
3.59474e+00 4.34207e+00 2.23961e-05
3.59474e+00 4.39400e+00 1.50447e-05
3.59474e+00 4.44407e+00 1.01041e-05
3.59474e+00 4.49224e+00 6.79578e-06
3.59474e+00 4.53847e+00 4.58520e-06
3.59474e+00 4.58271e+00 3.10895e-06
3.59474e+00 4.62491e+00 2.12214e-06
3.59474e+00 4.66504e+00 1.46088e-06
3.59474e+00 4.70305e+00 1.01603e-06
3.59474e+00 4.73890e+00 7.15181e-07
3.59474e+00 4.77257e+00 5.10383e-07
3.59474e+00 4.80402e+00 3.69898e-07
3.59474e+00 4.83322e+00 2.72701e-07
3.59474e+00 4.86014e+00 2.04829e-07
3.59474e+00 4.88475e+00 1.56981e-07
3.59474e+00 4.90703e+00 1.22930e-07
3.59474e+00 4.92696e+00 9.84910e-08
3.59474e+00 4.94452e+00 8.08303e-08
3.59474e+00 4.95969e+00 6.80232e-08
3.59474e+00 4.97246e+00 5.87561e-08
3.59474e+00 4.98281e+00 5.21325e-08
3.59474e+00 4.99074e+00 4.75455e-08
3.59474e+00 4.99623e+00 4.45939e-08
3.59474e+00 4.99928e+00 4.30282e-08
3.66445e+00 7.15683e-04 1.00920e-05
3.66445e+00 3.77012e-03 5.31634e-05
3.66445e+00 9.26216e-03 1.30608e-04
3.66445e+00 1.71877e-02 2.42369e-04
3.66445e+00 2.75390e-02 3.88340e-04
3.66445e+00 4.03061e-02 5.68384e-04
3.66445e+00 5.54766e-02 7.82334e-04
3.66445e+00 7.30356e-02 1.03000e-03
3.66445e+00 9.29659e-02 1.31115e-03
3.66445e+00 1.15248e-01 1.62554e-03
3.66445e+00 1.39860e-01 1.97292e-03
3.66445e+00 1.66779e-01 2.35298e-03
3.66445e+00 1.95977e-01 2.76543e-03
3.66445e+00 2.27426e-01 3.20993e-03
3.66445e+00 2.61096e-01 3.68613e-03
3.66445e+00 2.96953e-01 4.19364e-03
3.66445e+00 3.34963e-01 4.73204e-03
3.66445e+00 3.75089e-01 5.30085e-03
3.66445e+00 4.17290e-01 5.89951e-03
3.66445e+00 4.61527e-01 6.52739e-03
3.66445e+00 5.07755e-01 7.18369e-03
3.66445e+00 5.55930e-01 7.86747e-03
3.66445e+00 6.06005e-01 8.57755e-03
3.66445e+00 6.57930e-01 9.31245e-03
3.66445e+00 7.11655e-01 1.00704e-02
3.66445e+00 7.67127e-01 1.08490e-02
3.66445e+00 8.24292e-01 1.16455e-02
3.66445e+00 8.83095e-01 1.24565e-02
3.66445e+00 9.43478e-01 1.32777e-02
3.66445e+00 1.00538e+00 1.41039e-02
3.66445e+00 1.06875e+00 1.49292e-02
3.66445e+00 1.13351e+00 1.57462e-02
3.66445e+00 1.19960e+00 1.65466e-02
3.66445e+00 1.26697e+00 1.73207e-02
3.66445e+00 1.33555e+00 1.80576e-02
3.66445e+00 1.40526e+00 1.87450e-02
3.66445e+00 1.47604e+00 1.93698e-02
3.66445e+00 1.54782e+00 1.99176e-02
3.66445e+00 1.62053e+00 2.03737e-02
3.66445e+00 1.69410e+00 2.07229e-02
3.66445e+00 1.76846e+00 2.09505e-02
3.66445e+00 1.84353e+00 2.10429e-02
3.66445e+00 1.91924e+00 2.09879e-02
3.66445e+00 1.99553e+00 2.07760e-02
3.66445e+00 2.07230e+00 2.04010e-02
3.66445e+00 2.14949e+00 1.98607e-02
3.66445e+00 2.22703e+00 1.91578e-02
3.66445e+00 2.30483e+00 1.83000e-02
3.66445e+00 2.38282e+00 1.73004e-02
3.66445e+00 2.46093e+00 1.61774e-02
3.66445e+00 2.53907e+00 1.49542e-02
3.66445e+00 2.61718e+00 1.36576e-02
3.66445e+00 2.69517e+00 1.23171e-02
3.66445e+00 2.77297e+00 1.09636e-02
3.66445e+00 2.85051e+00 9.62732e-03
3.66445e+00 2.92770e+00 8.33642e-03
3.66445e+00 3.00447e+00 7.11571e-03
3.66445e+00 3.08076e+00 5.98529e-03
3.66445e+00 3.15647e+00 4.95993e-03
3.66445e+00 3.23154e+00 4.04865e-03
3.66445e+00 3.30590e+00 3.25498e-03
3.66445e+00 3.37947e+00 2.57738e-03
3.66445e+00 3.45218e+00 2.01016e-03
3.66445e+00 3.52396e+00 1.54445e-03
3.66445e+00 3.59474e+00 1.16929e-03
3.66445e+00 3.66445e+00 8.72639e-04
3.66445e+00 3.73303e+00 6.42259e-04
3.66445e+00 3.80040e+00 4.66447e-04
3.66445e+00 3.86649e+00 3.34509e-04
3.66445e+00 3.93125e+00 2.37069e-04
3.66445e+00 3.99462e+00 1.66187e-04
3.66445e+00 4.05652e+00 1.15348e-04
3.66445e+00 4.11690e+00 7.93606e-05
3.66445e+00 4.17571e+00 5.41883e-05
3.66445e+00 4.23287e+00 3.67689e-05
3.66445e+00 4.28835e+00 2.48279e-05
3.66445e+00 4.34207e+00 1.67080e-05
3.66445e+00 4.39400e+00 1.12230e-05
3.66445e+00 4.44407e+00 7.53702e-06
3.66445e+00 4.49224e+00 5.06895e-06
3.66445e+00 4.53847e+00 3.41989e-06
3.66445e+00 4.58271e+00 2.31869e-06
3.66445e+00 4.62491e+00 1.58263e-06
3.66445e+00 4.66504e+00 1.08942e-06
3.66445e+00 4.70305e+00 7.57642e-07
3.66445e+00 4.73890e+00 5.33275e-07
3.66445e+00 4.77257e+00 3.80548e-07
3.66445e+00 4.80402e+00 2.75788e-07
3.66445e+00 4.83322e+00 2.03311e-07
3.66445e+00 4.86014e+00 1.52703e-07
3.66445e+00 4.88475e+00 1.17027e-07
3.66445e+00 4.90703e+00 9.16394e-08
3.66445e+00 4.92696e+00 7.34185e-08
3.66445e+00 4.94452e+00 6.02520e-08
3.66445e+00 4.95969e+00 5.07042e-08
3.66445e+00 4.97246e+00 4.37955e-08
3.66445e+00 4.98281e+00 3.88578e-08
3.66445e+00 4.99074e+00 3.54383e-08
3.66445e+00 4.99623e+00 3.32380e-08
3.66445e+00 4.99928e+00 3.20709e-08
3.73303e+00 7.15683e-04 7.38827e-06
3.73303e+00 3.77012e-03 3.89204e-05
3.73303e+00 9.26216e-03 9.56170e-05
3.73303e+00 1.71877e-02 1.77436e-04
3.73303e+00 2.75390e-02 2.84300e-04
3.73303e+00 4.03061e-02 4.16109e-04
3.73303e+00 5.54766e-02 5.72741e-04
3.73303e+00 7.30356e-02 7.54053e-04
3.73303e+00 9.29659e-02 9.59885e-04
3.73303e+00 1.15248e-01 1.19006e-03
3.73303e+00 1.39860e-01 1.44438e-03
3.73303e+00 1.66779e-01 1.72264e-03
3.73303e+00 1.95977e-01 2.02461e-03
3.73303e+00 2.27426e-01 2.35007e-03
3.73303e+00 2.61096e-01 2.69874e-03
3.73303e+00 2.96953e-01 3.07036e-03
3.73303e+00 3.34963e-01 3.46462e-03
3.73303e+00 3.75089e-01 3.88117e-03
3.73303e+00 4.17290e-01 4.31963e-03
3.73303e+00 4.61527e-01 4.77952e-03
3.73303e+00 5.07755e-01 5.26028e-03
3.73303e+00 5.55930e-01 5.76122e-03
3.73303e+00 6.06005e-01 6.28150e-03
3.73303e+00 6.57930e-01 6.82005e-03
3.73303e+00 7.11655e-01 7.37555e-03
3.73303e+00 7.67127e-01 7.94634e-03
3.73303e+00 8.24292e-01 8.53037e-03
3.73303e+00 8.83095e-01 9.12511e-03
3.73303e+00 9.43478e-01 9.72749e-03
3.73303e+00 1.00538e+00 1.03338e-02
3.73303e+00 1.06875e+00 1.09394e-02
3.73303e+00 1.13351e+00 1.15393e-02
3.73303e+00 1.19960e+00 1.21271e-02
3.73303e+00 1.26697e+00 1.26959e-02
3.73303e+00 1.33555e+00 1.32375e-02
3.73303e+00 1.40526e+00 1.37431e-02
3.73303e+00 1.47604e+00 1.42029e-02
3.73303e+00 1.54782e+00 1.46065e-02
3.73303e+00 1.62053e+00 1.49428e-02
3.73303e+00 1.69410e+00 1.52010e-02
3.73303e+00 1.76846e+00 1.53700e-02
3.73303e+00 1.84353e+00 1.54399e-02
3.73303e+00 1.91924e+00 1.54016e-02
3.73303e+00 1.99553e+00 1.52483e-02
3.73303e+00 2.07230e+00 1.49751e-02
3.73303e+00 2.14949e+00 1.45807e-02
3.73303e+00 2.22703e+00 1.40667e-02
3.73303e+00 2.30483e+00 1.34388e-02
3.73303e+00 2.38282e+00 1.27068e-02
3.73303e+00 2.46093e+00 1.18839e-02
3.73303e+00 2.53907e+00 1.09871e-02
3.73303e+00 2.61718e+00 1.00362e-02
3.73303e+00 2.69517e+00 9.05285e-03
3.73303e+00 2.77297e+00 8.05952e-03
3.73303e+00 2.85051e+00 7.07845e-03
3.73303e+00 2.92770e+00 6.13041e-03
3.73303e+00 3.00447e+00 5.23361e-03
3.73303e+00 3.08076e+00 4.40287e-03
3.73303e+00 3.15647e+00 3.64910e-03
3.73303e+00 3.23154e+00 2.97901e-03
3.73303e+00 3.30590e+00 2.39524e-03
3.73303e+00 3.37947e+00 1.89675e-03
3.73303e+00 3.45218e+00 1.47940e-03
3.73303e+00 3.52396e+00 1.13669e-03
3.73303e+00 3.59474e+00 8.60595e-04
3.73303e+00 3.66445e+00 6.42259e-04
3.73303e+00 3.73303e+00 4.72696e-04
3.73303e+00 3.80040e+00 3.43294e-04
3.73303e+00 3.86649e+00 2.46185e-04
3.73303e+00 3.93125e+00 1.74467e-04
3.73303e+00 3.99462e+00 1.22298e-04
3.73303e+00 4.05652e+00 8.48821e-05
3.73303e+00 4.11690e+00 5.83969e-05
3.73303e+00 4.17571e+00 3.98720e-05
3.73303e+00 4.23287e+00 2.70534e-05
3.73303e+00 4.28835e+00 1.82666e-05
3.73303e+00 4.34207e+00 1.22918e-05
3.73303e+00 4.39400e+00 8.25615e-06
3.73303e+00 4.44407e+00 5.54423e-06
3.73303e+00 4.49224e+00 3.72850e-06
3.73303e+00 4.53847e+00 2.51538e-06
3.73303e+00 4.58271e+00 1.70533e-06
3.73303e+00 4.62491e+00 1.16391e-06
3.73303e+00 4.66504e+00 8.01146e-07
3.73303e+00 4.70305e+00 5.57130e-07
3.73303e+00 4.73890e+00 3.92121e-07
3.73303e+00 4.77257e+00 2.79806e-07
3.73303e+00 4.80402e+00 2.02769e-07
3.73303e+00 4.83322e+00 1.49475e-07
3.73303e+00 4.86014e+00 1.12263e-07
3.73303e+00 4.88475e+00 8.60314e-08
3.73303e+00 4.90703e+00 6.73658e-08
3.73303e+00 4.92696e+00 5.39696e-08
3.73303e+00 4.94452e+00 4.42896e-08
3.73303e+00 4.95969e+00 3.72704e-08
3.73303e+00 4.97246e+00 3.21915e-08
3.73303e+00 4.98281e+00 2.85615e-08
3.73303e+00 4.99074e+00 2.60478e-08
3.73303e+00 4.99623e+00 2.44303e-08
3.73303e+00 4.99928e+00 2.35724e-08
3.80040e+00 7.15683e-04 5.34244e-06
3.80040e+00 3.77012e-03 2.81433e-05
3.80040e+00 9.26216e-03 6.91405e-05
3.80040e+00 1.71877e-02 1.28303e-04
3.80040e+00 2.75390e-02 2.05577e-04
3.80040e+00 4.03061e-02 3.00888e-04
3.80040e+00 5.54766e-02 4.14149e-04
3.80040e+00 7.30356e-02 5.45257e-04
3.80040e+00 9.29659e-02 6.94096e-04
3.80040e+00 1.15248e-01 8.60538e-04
3.80040e+00 1.39860e-01 1.04444e-03
3.80040e+00 1.66779e-01 1.24566e-03
3.80040e+00 1.95977e-01 1.46404e-03
3.80040e+00 2.27426e-01 1.69940e-03
3.80040e+00 2.61096e-01 1.95156e-03
3.80040e+00 2.96953e-01 2.22033e-03
3.80040e+00 3.34963e-01 2.50548e-03
3.80040e+00 3.75089e-01 2.80678e-03
3.80040e+00 4.17290e-01 3.12395e-03
3.80040e+00 4.61527e-01 3.45664e-03
3.80040e+00 5.07755e-01 3.80447e-03
3.80040e+00 5.55930e-01 4.16694e-03
3.80040e+00 6.06005e-01 4.54345e-03
3.80040e+00 6.57930e-01 4.93323e-03
3.80040e+00 7.11655e-01 5.33533e-03
3.80040e+00 7.67127e-01 5.74858e-03
3.80040e+00 8.24292e-01 6.17149e-03
3.80040e+00 8.83095e-01 6.60224e-03
3.80040e+00 9.43478e-01 7.03862e-03
3.80040e+00 1.00538e+00 7.47792e-03
3.80040e+00 1.06875e+00 7.91693e-03
3.80040e+00 1.13351e+00 8.35183e-03
3.80040e+00 1.19960e+00 8.77816e-03
3.80040e+00 1.26697e+00 9.19080e-03
3.80040e+00 1.33555e+00 9.58395e-03
3.80040e+00 1.40526e+00 9.95112e-03
3.80040e+00 1.47604e+00 1.02852e-02
3.80040e+00 1.54782e+00 1.05787e-02
3.80040e+00 1.62053e+00 1.08237e-02
3.80040e+00 1.69410e+00 1.10120e-02
3.80040e+00 1.76846e+00 1.11359e-02
3.80040e+00 1.84353e+00 1.11879e-02
3.80040e+00 1.91924e+00 1.11616e-02
3.80040e+00 1.99553e+00 1.10519e-02
3.80040e+00 2.07230e+00 1.08553e-02
3.80040e+00 2.14949e+00 1.05707e-02
3.80040e+00 2.22703e+00 1.01994e-02
3.80040e+00 2.30483e+00 9.74541e-03
3.80040e+00 2.38282e+00 9.21573e-03
3.80040e+00 2.46093e+00 8.62005e-03
3.80040e+00 2.53907e+00 7.97063e-03
3.80040e+00 2.61718e+00 7.28174e-03
3.80040e+00 2.69517e+00 6.56910e-03
3.80040e+00 2.77297e+00 5.84904e-03
3.80040e+00 2.85051e+00 5.13769e-03
3.80040e+00 2.92770e+00 4.45011e-03
3.80040e+00 3.00447e+00 3.79952e-03
3.80040e+00 3.08076e+00 3.19674e-03
3.80040e+00 3.15647e+00 2.64968e-03
3.80040e+00 3.23154e+00 2.16327e-03
3.80040e+00 3.30590e+00 1.73945e-03
3.80040e+00 3.37947e+00 1.37750e-03
3.80040e+00 3.45218e+00 1.07442e-03
3.80040e+00 3.52396e+00 8.25542e-04
3.80040e+00 3.59474e+00 6.25021e-04
3.80040e+00 3.66445e+00 4.66447e-04
3.80040e+00 3.73303e+00 3.43294e-04
3.80040e+00 3.80040e+00 2.49310e-04
3.80040e+00 3.86649e+00 1.78781e-04
3.80040e+00 3.93125e+00 1.26694e-04
3.80040e+00 3.99462e+00 8.88063e-05
3.80040e+00 4.05652e+00 6.16340e-05
3.80040e+00 4.11690e+00 4.24006e-05
3.80040e+00 4.17571e+00 2.89486e-05
3.80040e+00 4.23287e+00 1.96407e-05
3.80040e+00 4.28835e+00 1.32607e-05
3.80040e+00 4.34207e+00 8.92283e-06
3.80040e+00 4.39400e+00 5.99290e-06
3.80040e+00 4.44407e+00 4.02415e-06
3.80040e+00 4.49224e+00 2.70608e-06
3.80040e+00 4.53847e+00 1.82551e-06
3.80040e+00 4.58271e+00 1.23755e-06
3.80040e+00 4.62491e+00 8.44598e-07
3.80040e+00 4.66504e+00 5.81323e-07
3.80040e+00 4.70305e+00 4.04239e-07
3.80040e+00 4.73890e+00 2.84498e-07
3.80040e+00 4.77257e+00 2.02999e-07
3.80040e+00 4.80402e+00 1.47102e-07
3.80040e+00 4.83322e+00 1.08434e-07
3.80040e+00 4.86014e+00 8.14356e-08
3.80040e+00 4.88475e+00 6.24048e-08
3.80040e+00 4.90703e+00 4.88636e-08
3.80040e+00 4.92696e+00 3.91454e-08
3.80040e+00 4.94452e+00 3.21234e-08
3.80040e+00 4.95969e+00 2.70316e-08
3.80040e+00 4.97246e+00 2.33475e-08
3.80040e+00 4.98281e+00 2.07144e-08
3.80040e+00 4.99074e+00 1.88911e-08
3.80040e+00 4.99623e+00 1.77179e-08
3.80040e+00 4.99928e+00 1.70956e-08
3.86649e+00 7.15683e-04 3.81757e-06
3.86649e+00 3.77012e-03 2.01105e-05
3.86649e+00 9.26216e-03 4.94060e-05
3.86649e+00 1.71877e-02 9.16823e-05
3.86649e+00 2.75390e-02 1.46900e-04
3.86649e+00 4.03061e-02 2.15007e-04
3.86649e+00 5.54766e-02 2.95941e-04
3.86649e+00 7.30356e-02 3.89628e-04
3.86649e+00 9.29659e-02 4.95986e-04
3.86649e+00 1.15248e-01 6.14924e-04
3.86649e+00 1.39860e-01 7.46343e-04
3.86649e+00 1.66779e-01 8.90137e-04
3.86649e+00 1.95977e-01 1.04619e-03
3.86649e+00 2.27426e-01 1.21439e-03
3.86649e+00 2.61096e-01 1.39460e-03
3.86649e+00 2.96953e-01 1.58669e-03
3.86649e+00 3.34963e-01 1.79050e-03
3.86649e+00 3.75089e-01 2.00586e-03
3.86649e+00 4.17290e-01 2.23257e-03
3.86649e+00 4.61527e-01 2.47040e-03
3.86649e+00 5.07755e-01 2.71907e-03
3.86649e+00 5.55930e-01 2.97824e-03
3.86649e+00 6.06005e-01 3.24747e-03
3.86649e+00 6.57930e-01 3.52623e-03
3.86649e+00 7.11655e-01 3.81384e-03
3.86649e+00 7.67127e-01 4.10946e-03
3.86649e+00 8.24292e-01 4.41205e-03
3.86649e+00 8.83095e-01 4.72031e-03
3.86649e+00 9.43478e-01 5.03265e-03
3.86649e+00 1.00538e+00 5.34716e-03
3.86649e+00 1.06875e+00 5.66153e-03
3.86649e+00 1.13351e+00 5.97304e-03
3.86649e+00 1.19960e+00 6.27851e-03
3.86649e+00 1.26697e+00 6.57427e-03
3.86649e+00 1.33555e+00 6.85617e-03
3.86649e+00 1.40526e+00 7.11957e-03
3.86649e+00 1.47604e+00 7.35939e-03
3.86649e+00 1.54782e+00 7.57021e-03
3.86649e+00 1.62053e+00 7.74634e-03
3.86649e+00 1.69410e+00 7.88202e-03
3.86649e+00 1.76846e+00 7.97158e-03
3.86649e+00 1.84353e+00 8.00974e-03
3.86649e+00 1.91924e+00 7.99184e-03
3.86649e+00 1.99553e+00 7.91417e-03
3.86649e+00 2.07230e+00 7.77430e-03
3.86649e+00 2.14949e+00 7.57133e-03
3.86649e+00 2.22703e+00 7.30619e-03
3.86649e+00 2.30483e+00 6.98176e-03
3.86649e+00 2.38282e+00 6.60300e-03
3.86649e+00 2.46093e+00 6.17685e-03
3.86649e+00 2.53907e+00 5.71208e-03
3.86649e+00 2.61718e+00 5.21892e-03
3.86649e+00 2.69517e+00 4.70861e-03
3.86649e+00 2.77297e+00 4.19287e-03
3.86649e+00 2.85051e+00 3.68325e-03
3.86649e+00 2.92770e+00 3.19057e-03
3.86649e+00 3.00447e+00 2.72432e-03
3.86649e+00 3.08076e+00 2.29225e-03
3.86649e+00 3.15647e+00 1.90008e-03
3.86649e+00 3.23154e+00 1.55133e-03
3.86649e+00 3.30590e+00 1.24744e-03
3.86649e+00 3.37947e+00 9.87886e-04
3.86649e+00 3.45218e+00 7.70541e-04
3.86649e+00 3.52396e+00 5.92050e-04
3.86649e+00 3.59474e+00 4.48239e-04
3.86649e+00 3.66445e+00 3.34509e-04
3.86649e+00 3.73303e+00 2.46185e-04
3.86649e+00 3.80040e+00 1.78781e-04
3.86649e+00 3.86649e+00 1.28199e-04
3.86649e+00 3.93125e+00 9.08457e-05
3.86649e+00 3.99462e+00 6.36753e-05
3.86649e+00 4.05652e+00 4.41902e-05
3.86649e+00 4.11690e+00 3.03987e-05
3.86649e+00 4.17571e+00 2.07532e-05
3.86649e+00 4.23287e+00 1.40796e-05
3.86649e+00 4.28835e+00 9.50549e-06
3.86649e+00 4.34207e+00 6.39563e-06
3.86649e+00 4.39400e+00 4.29528e-06
3.86649e+00 4.44407e+00 2.88404e-06
3.86649e+00 4.49224e+00 1.93929e-06
3.86649e+00 4.53847e+00 1.30815e-06
3.86649e+00 4.58271e+00 8.86772e-07
3.86649e+00 4.62491e+00 6.05163e-07
3.86649e+00 4.66504e+00 4.16500e-07
3.86649e+00 4.70305e+00 2.89609e-07
3.86649e+00 4.73890e+00 2.03812e-07
3.86649e+00 4.77257e+00 1.45420e-07
3.86649e+00 4.80402e+00 1.05372e-07
3.86649e+00 4.83322e+00 7.76698e-08
3.86649e+00 4.86014e+00 5.83289e-08
3.86649e+00 4.88475e+00 4.46962e-08
3.86649e+00 4.90703e+00 3.49963e-08
3.86649e+00 4.92696e+00 2.80352e-08
3.86649e+00 4.94452e+00 2.30055e-08
3.86649e+00 4.95969e+00 1.93585e-08
3.86649e+00 4.97246e+00 1.67198e-08
3.86649e+00 4.98281e+00 1.48339e-08
3.86649e+00 4.99074e+00 1.35280e-08
3.86649e+00 4.99623e+00 1.26878e-08
3.86649e+00 4.99928e+00 1.22421e-08
3.93125e+00 7.15683e-04 2.69757e-06
3.93125e+00 3.77012e-03 1.42104e-05
3.93125e+00 9.26216e-03 3.49112e-05
3.93125e+00 1.71877e-02 6.47845e-05
3.93125e+00 2.75390e-02 1.03802e-04
3.93125e+00 4.03061e-02 1.51928e-04
3.93125e+00 5.54766e-02 2.09118e-04
3.93125e+00 7.30356e-02 2.75320e-04
3.93125e+00 9.29659e-02 3.50475e-04
3.93125e+00 1.15248e-01 4.34521e-04
3.93125e+00 1.39860e-01 5.27387e-04
3.93125e+00 1.66779e-01 6.29000e-04
3.93125e+00 1.95977e-01 7.39279e-04
3.93125e+00 2.27426e-01 8.58142e-04
3.93125e+00 2.61096e-01 9.85497e-04
3.93125e+00 2.96953e-01 1.12125e-03
3.93125e+00 3.34963e-01 1.26529e-03
3.93125e+00 3.75089e-01 1.41751e-03
3.93125e+00 4.17290e-01 1.57775e-03
3.93125e+00 4.61527e-01 1.74587e-03
3.93125e+00 5.07755e-01 1.92167e-03
3.93125e+00 5.55930e-01 2.10489e-03
3.93125e+00 6.06005e-01 2.29526e-03
3.93125e+00 6.57930e-01 2.49238e-03
3.93125e+00 7.11655e-01 2.69578e-03
3.93125e+00 7.67127e-01 2.90489e-03
3.93125e+00 8.24292e-01 3.11894e-03
3.93125e+00 8.83095e-01 3.33705e-03
3.93125e+00 9.43478e-01 3.55809e-03
3.93125e+00 1.00538e+00 3.78070e-03
3.93125e+00 1.06875e+00 4.00326e-03
3.93125e+00 1.13351e+00 4.22385e-03
3.93125e+00 1.19960e+00 4.44022e-03
3.93125e+00 1.26697e+00 4.64978e-03
3.93125e+00 1.33555e+00 4.84958e-03
3.93125e+00 1.40526e+00 5.03635e-03
3.93125e+00 1.47604e+00 5.20649e-03
3.93125e+00 1.54782e+00 5.35616e-03
3.93125e+00 1.62053e+00 5.48132e-03
3.93125e+00 1.69410e+00 5.57788e-03
3.93125e+00 1.76846e+00 5.64183e-03
3.93125e+00 1.84353e+00 5.66941e-03
3.93125e+00 1.91924e+00 5.65731e-03
3.93125e+00 1.99553e+00 5.60290e-03
3.93125e+00 2.07230e+00 5.50442e-03
3.93125e+00 2.14949e+00 5.36123e-03
3.93125e+00 2.22703e+00 5.17398e-03
3.93125e+00 2.30483e+00 4.94469e-03
3.93125e+00 2.38282e+00 4.67685e-03
3.93125e+00 2.46093e+00 4.37539e-03
3.93125e+00 2.53907e+00 4.04650e-03
3.93125e+00 2.61718e+00 3.69742e-03
3.93125e+00 2.69517e+00 3.33613e-03
3.93125e+00 2.77297e+00 2.97091e-03
3.93125e+00 2.85051e+00 2.60997e-03
3.93125e+00 2.92770e+00 2.26098e-03
3.93125e+00 3.00447e+00 1.93066e-03
3.93125e+00 3.08076e+00 1.62453e-03
3.93125e+00 3.15647e+00 1.34663e-03
3.93125e+00 3.23154e+00 1.09949e-03
3.93125e+00 3.30590e+00 8.84123e-04
3.93125e+00 3.37947e+00 7.00166e-04
3.93125e+00 3.45218e+00 5.46119e-04
3.93125e+00 3.52396e+00 4.19609e-04
3.93125e+00 3.59474e+00 3.17678e-04
3.93125e+00 3.66445e+00 2.37069e-04
3.93125e+00 3.73303e+00 1.74467e-04
3.93125e+00 3.80040e+00 1.26694e-04
3.93125e+00 3.86649e+00 9.08457e-05
3.93125e+00 3.93125e+00 6.43729e-05
3.93125e+00 3.99462e+00 4.51178e-05
3.93125e+00 4.05652e+00 3.13097e-05
3.93125e+00 4.11690e+00 2.15369e-05
3.93125e+00 4.17571e+00 1.47025e-05
3.93125e+00 4.23287e+00 9.97397e-06
3.93125e+00 4.28835e+00 6.73327e-06
3.93125e+00 4.34207e+00 4.53010e-06
3.93125e+00 4.39400e+00 3.04220e-06
3.93125e+00 4.44407e+00 2.04254e-06
3.93125e+00 4.49224e+00 1.37336e-06
3.93125e+00 4.53847e+00 9.26348e-07
3.93125e+00 4.58271e+00 6.27916e-07
3.93125e+00 4.62491e+00 4.28486e-07
3.93125e+00 4.66504e+00 2.94886e-07
3.93125e+00 4.70305e+00 2.05034e-07
3.93125e+00 4.73890e+00 1.44285e-07
3.93125e+00 4.77257e+00 1.02942e-07
3.93125e+00 4.80402e+00 7.45889e-08
3.93125e+00 4.83322e+00 5.49770e-08
3.93125e+00 4.86014e+00 4.12852e-08
3.93125e+00 4.88475e+00 3.16347e-08
3.93125e+00 4.90703e+00 2.47685e-08
3.93125e+00 4.92696e+00 1.98412e-08
3.93125e+00 4.94452e+00 1.62811e-08
3.93125e+00 4.95969e+00 1.36998e-08
3.93125e+00 4.97246e+00 1.18321e-08
3.93125e+00 4.98281e+00 1.04974e-08
3.93125e+00 4.99074e+00 9.57312e-09
3.93125e+00 4.99623e+00 8.97842e-09
3.93125e+00 4.99928e+00 8.66298e-09
3.99462e+00 7.15683e-04 1.88647e-06
3.99462e+00 3.77012e-03 9.93768e-06
3.99462e+00 9.26216e-03 2.44142e-05
3.99462e+00 1.71877e-02 4.53053e-05
3.99462e+00 2.75390e-02 7.25914e-05
3.99462e+00 4.03061e-02 1.06247e-04
3.99462e+00 5.54766e-02 1.46241e-04
3.99462e+00 7.30356e-02 1.92538e-04
3.99462e+00 9.29659e-02 2.45096e-04
3.99462e+00 1.15248e-01 3.03873e-04
3.99462e+00 1.39860e-01 3.68818e-04
3.99462e+00 1.66779e-01 4.39881e-04
3.99462e+00 1.95977e-01 5.17006e-04
3.99462e+00 2.27426e-01 6.00135e-04
3.99462e+00 2.61096e-01 6.89207e-04
3.99462e+00 2.96953e-01 7.84154e-04
3.99462e+00 3.34963e-01 8.84904e-04
3.99462e+00 3.75089e-01 9.91373e-04
3.99462e+00 4.17290e-01 1.10347e-03
3.99462e+00 4.61527e-01 1.22107e-03
3.99462e+00 5.07755e-01 1.34406e-03
3.99462e+00 5.55930e-01 1.47225e-03
3.99462e+00 6.06005e-01 1.60545e-03
3.99462e+00 6.57930e-01 1.74339e-03
3.99462e+00 7.11655e-01 1.88575e-03
3.99462e+00 7.67127e-01 2.03211e-03
3.99462e+00 8.24292e-01 2.18195e-03
3.99462e+00 8.83095e-01 2.33465e-03
3.99462e+00 9.43478e-01 2.48943e-03
3.99462e+00 1.00538e+00 2.64534e-03
3.99462e+00 1.06875e+00 2.80124e-03
3.99462e+00 1.13351e+00 2.95580e-03
3.99462e+00 1.19960e+00 3.10743e-03
3.99462e+00 1.26697e+00 3.25433e-03
3.99462e+00 1.33555e+00 3.39443e-03
3.99462e+00 1.40526e+00 3.52544e-03
3.99462e+00 1.47604e+00 3.64484e-03
3.99462e+00 1.54782e+00 3.74993e-03
3.99462e+00 1.62053e+00 3.83789e-03
3.99462e+00 1.69410e+00 3.90584e-03
3.99462e+00 1.76846e+00 3.95097e-03
3.99462e+00 1.84353e+00 3.97063e-03
3.99462e+00 1.91924e+00 3.96251e-03
3.99462e+00 1.99553e+00 3.92473e-03
3.99462e+00 2.07230e+00 3.85608e-03
3.99462e+00 2.14949e+00 3.75608e-03
3.99462e+00 2.22703e+00 3.62518e-03
3.99462e+00 2.30483e+00 3.46479e-03
3.99462e+00 2.38282e+00 3.27736e-03
3.99462e+00 2.46093e+00 3.06631e-03
3.99462e+00 2.53907e+00 2.83601e-03
3.99462e+00 2.61718e+00 2.59151e-03
3.99462e+00 2.69517e+00 2.33841e-03
3.99462e+00 2.77297e+00 2.08252e-03
3.99462e+00 2.85051e+00 1.82959e-03
3.99462e+00 2.92770e+00 1.58500e-03
3.99462e+00 3.00447e+00 1.35348e-03
3.99462e+00 3.08076e+00 1.13889e-03
3.99462e+00 3.15647e+00 9.44083e-04
3.99462e+00 3.23154e+00 7.70827e-04
3.99462e+00 3.30590e+00 6.19836e-04
3.99462e+00 3.37947e+00 4.90865e-04
3.99462e+00 3.45218e+00 3.82863e-04
3.99462e+00 3.52396e+00 2.94165e-04
3.99462e+00 3.59474e+00 2.22701e-04
3.99462e+00 3.66445e+00 1.66187e-04
3.99462e+00 3.73303e+00 1.22298e-04
3.99462e+00 3.80040e+00 8.88063e-05
3.99462e+00 3.86649e+00 6.36753e-05
3.99462e+00 3.93125e+00 4.51178e-05
3.99462e+00 3.99462e+00 3.16205e-05
3.99462e+00 4.05652e+00 2.19420e-05
3.99462e+00 4.11690e+00 1.50923e-05
3.99462e+00 4.17571e+00 1.03023e-05
3.99462e+00 4.23287e+00 6.98854e-06
3.99462e+00 4.28835e+00 4.71756e-06
3.99462e+00 4.34207e+00 3.17374e-06
3.99462e+00 4.39400e+00 2.13120e-06
3.99462e+00 4.44407e+00 1.43080e-06
3.99462e+00 4.49224e+00 9.61979e-07
3.99462e+00 4.53847e+00 6.48826e-07
3.99462e+00 4.58271e+00 4.39773e-07
3.99462e+00 4.62491e+00 3.00080e-07
3.99462e+00 4.66504e+00 2.06505e-07
3.99462e+00 4.70305e+00 1.43575e-07
3.99462e+00 4.73890e+00 1.01030e-07
3.99462e+00 4.77257e+00 7.20774e-08
3.99462e+00 4.80402e+00 5.22228e-08
3.99462e+00 4.83322e+00 3.84899e-08
3.99462e+00 4.86014e+00 2.89030e-08
3.99462e+00 4.88475e+00 2.21460e-08
3.99462e+00 4.90703e+00 1.73387e-08
3.99462e+00 4.92696e+00 1.38890e-08
3.99462e+00 4.94452e+00 1.13966e-08
3.99462e+00 4.95969e+00 9.58941e-09
3.99462e+00 4.97246e+00 8.28195e-09
3.99462e+00 4.98281e+00 7.34757e-09
3.99462e+00 4.99074e+00 6.70055e-09
3.99462e+00 4.99623e+00 6.28424e-09
3.99462e+00 4.99928e+00 6.06343e-09
4.05652e+00 7.15683e-04 1.30686e-06
4.05652e+00 3.77012e-03 6.88439e-06
4.05652e+00 9.26216e-03 1.69131e-05
4.05652e+00 1.71877e-02 3.13855e-05
4.05652e+00 2.75390e-02 5.02882e-05
4.05652e+00 4.03061e-02 7.36033e-05
4.05652e+00 5.54766e-02 1.01310e-04
4.05652e+00 7.30356e-02 1.33382e-04
4.05652e+00 9.29659e-02 1.69793e-04
4.05652e+00 1.15248e-01 2.10511e-04
4.05652e+00 1.39860e-01 2.55503e-04
4.05652e+00 1.66779e-01 3.04734e-04
4.05652e+00 1.95977e-01 3.58166e-04
4.05652e+00 2.27426e-01 4.15758e-04
4.05652e+00 2.61096e-01 4.77469e-04
4.05652e+00 2.96953e-01 5.43252e-04
4.05652e+00 3.34963e-01 6.13057e-04
4.05652e+00 3.75089e-01 6.86827e-04
4.05652e+00 4.17290e-01 7.64499e-04
4.05652e+00 4.61527e-01 8.45995e-04
4.05652e+00 5.07755e-01 9.31223e-04
4.05652e+00 5.55930e-01 1.02007e-03
4.05652e+00 6.06005e-01 1.11239e-03
4.05652e+00 6.57930e-01 1.20800e-03
4.05652e+00 7.11655e-01 1.30668e-03
4.05652e+00 7.67127e-01 1.40815e-03
4.05652e+00 8.24292e-01 1.51205e-03
4.05652e+00 8.83095e-01 1.61794e-03
4.05652e+00 9.43478e-01 1.72528e-03
4.05652e+00 1.00538e+00 1.83343e-03
4.05652e+00 1.06875e+00 1.94159e-03
4.05652e+00 1.13351e+00 2.04884e-03
4.05652e+00 1.19960e+00 2.15407e-03
4.05652e+00 1.26697e+00 2.25605e-03
4.05652e+00 1.33555e+00 2.35333e-03
4.05652e+00 1.40526e+00 2.44433e-03
4.05652e+00 1.47604e+00 2.52729e-03
4.05652e+00 1.54782e+00 2.60035e-03
4.05652e+00 1.62053e+00 2.66154e-03
4.05652e+00 1.69410e+00 2.70887e-03
4.05652e+00 1.76846e+00 2.74037e-03
4.05652e+00 1.84353e+00 2.75422e-03
4.05652e+00 1.91924e+00 2.74878e-03
4.05652e+00 1.99553e+00 2.72278e-03
4.05652e+00 2.07230e+00 2.67534e-03
4.05652e+00 2.14949e+00 2.60614e-03
4.05652e+00 2.22703e+00 2.51548e-03
4.05652e+00 2.30483e+00 2.40434e-03
4.05652e+00 2.38282e+00 2.27441e-03
4.05652e+00 2.46093e+00 2.12807e-03
4.05652e+00 2.53907e+00 1.96833e-03
4.05652e+00 2.61718e+00 1.79872e-03
4.05652e+00 2.69517e+00 1.62311e-03
4.05652e+00 2.77297e+00 1.44554e-03
4.05652e+00 2.85051e+00 1.27001e-03
4.05652e+00 2.92770e+00 1.10026e-03
4.05652e+00 3.00447e+00 9.39558e-04
4.05652e+00 3.08076e+00 7.90603e-04
4.05652e+00 3.15647e+00 6.55373e-04
4.05652e+00 3.23154e+00 5.35099e-04
4.05652e+00 3.30590e+00 4.30279e-04
4.05652e+00 3.37947e+00 3.40744e-04
4.05652e+00 3.45218e+00 2.65766e-04
4.05652e+00 3.52396e+00 2.04191e-04
4.05652e+00 3.59474e+00 1.54580e-04
4.05652e+00 3.66445e+00 1.15348e-04
4.05652e+00 3.73303e+00 8.48821e-05
4.05652e+00 3.80040e+00 6.16340e-05
4.05652e+00 3.86649e+00 4.41902e-05
4.05652e+00 3.93125e+00 3.13097e-05
4.05652e+00 3.99462e+00 2.19420e-05
4.05652e+00 4.05652e+00 1.52250e-05
4.05652e+00 4.11690e+00 1.04716e-05
4.05652e+00 4.17571e+00 7.14766e-06
4.05652e+00 4.23287e+00 4.84828e-06
4.05652e+00 4.28835e+00 3.27258e-06
4.05652e+00 4.34207e+00 2.20149e-06
4.05652e+00 4.39400e+00 1.47823e-06
4.05652e+00 4.44407e+00 9.92359e-07
4.05652e+00 4.49224e+00 6.67155e-07
4.05652e+00 4.53847e+00 4.49948e-07
4.05652e+00 4.58271e+00 3.04955e-07
4.05652e+00 4.62491e+00 2.08075e-07
4.05652e+00 4.66504e+00 1.43181e-07
4.05652e+00 4.70305e+00 9.95432e-08
4.05652e+00 4.73890e+00 7.00422e-08
4.05652e+00 4.77257e+00 4.99674e-08
4.05652e+00 4.80402e+00 3.62016e-08
4.05652e+00 4.83322e+00 2.66805e-08
4.05652e+00 4.86014e+00 2.00342e-08
4.05652e+00 4.88475e+00 1.53500e-08
4.05652e+00 4.90703e+00 1.20175e-08
4.05652e+00 4.92696e+00 9.62616e-09
4.05652e+00 4.94452e+00 7.89850e-09
4.05652e+00 4.95969e+00 6.64588e-09
4.05652e+00 4.97246e+00 5.73964e-09
4.05652e+00 4.98281e+00 5.09200e-09
4.05652e+00 4.99074e+00 4.64354e-09
4.05652e+00 4.99623e+00 4.35500e-09
4.05652e+00 4.99928e+00 4.20195e-09
4.11690e+00 7.15683e-04 8.97793e-07
4.11690e+00 3.77012e-03 4.72945e-06
4.11690e+00 9.26216e-03 1.16190e-05
4.11690e+00 1.71877e-02 2.15613e-05
4.11690e+00 2.75390e-02 3.45471e-05
4.11690e+00 4.03061e-02 5.05642e-05
4.11690e+00 5.54766e-02 6.95980e-05
4.11690e+00 7.30356e-02 9.16313e-05
4.11690e+00 9.29659e-02 1.16645e-04
4.11690e+00 1.15248e-01 1.44618e-04
4.11690e+00 1.39860e-01 1.75528e-04
4.11690e+00 1.66779e-01 2.09349e-04
4.11690e+00 1.95977e-01 2.46058e-04
4.11690e+00 2.27426e-01 2.85625e-04
4.11690e+00 2.61096e-01 3.28022e-04
4.11690e+00 2.96953e-01 3.73218e-04
4.11690e+00 3.34963e-01 4.21179e-04
4.11690e+00 3.75089e-01 4.71867e-04
4.11690e+00 4.17290e-01 5.25236e-04
4.11690e+00 4.61527e-01 5.81236e-04
4.11690e+00 5.07755e-01 6.39803e-04
4.11690e+00 5.55930e-01 7.00860e-04
4.11690e+00 6.06005e-01 7.64307e-04
4.11690e+00 6.57930e-01 8.30024e-04
4.11690e+00 7.11655e-01 8.97856e-04
4.11690e+00 7.67127e-01 9.67609e-04
4.11690e+00 8.24292e-01 1.03904e-03
4.11690e+00 8.83095e-01 1.11185e-03
4.11690e+00 9.43478e-01 1.18566e-03
4.11690e+00 1.00538e+00 1.26004e-03
4.11690e+00 1.06875e+00 1.33444e-03
4.11690e+00 1.13351e+00 1.40822e-03
4.11690e+00 1.19960e+00 1.48063e-03
4.11690e+00 1.26697e+00 1.55081e-03
4.11690e+00 1.33555e+00 1.61777e-03
4.11690e+00 1.40526e+00 1.68043e-03
4.11690e+00 1.47604e+00 1.73757e-03
4.11690e+00 1.54782e+00 1.78791e-03
4.11690e+00 1.62053e+00 1.83010e-03
4.11690e+00 1.69410e+00 1.86275e-03
4.11690e+00 1.76846e+00 1.88454e-03
4.11690e+00 1.84353e+00 1.89418e-03
4.11690e+00 1.91924e+00 1.89056e-03
4.11690e+00 1.99553e+00 1.87278e-03
4.11690e+00 2.07230e+00 1.84026e-03
4.11690e+00 2.14949e+00 1.79277e-03
4.11690e+00 2.22703e+00 1.73049e-03
4.11690e+00 2.30483e+00 1.65412e-03
4.11690e+00 2.38282e+00 1.56480e-03
4.11690e+00 2.46093e+00 1.46418e-03
4.11690e+00 2.53907e+00 1.35433e-03
4.11690e+00 2.61718e+00 1.23767e-03
4.11690e+00 2.69517e+00 1.11687e-03
4.11690e+00 2.77297e+00 9.94705e-04
4.11690e+00 2.85051e+00 8.73936e-04
4.11690e+00 2.92770e+00 7.57129e-04
4.11690e+00 3.00447e+00 6.46550e-04
4.11690e+00 3.08076e+00 5.44048e-04
4.11690e+00 3.15647e+00 4.50988e-04
4.11690e+00 3.23154e+00 3.68219e-04
4.11690e+00 3.30590e+00 2.96084e-04
4.11690e+00 3.37947e+00 2.34468e-04
4.11690e+00 3.45218e+00 1.82870e-04
4.11690e+00 3.52396e+00 1.40496e-04
4.11690e+00 3.59474e+00 1.06357e-04
4.11690e+00 3.66445e+00 7.93606e-05
4.11690e+00 3.73303e+00 5.83969e-05
4.11690e+00 3.80040e+00 4.24006e-05
4.11690e+00 3.86649e+00 3.03987e-05
4.11690e+00 3.93125e+00 2.15369e-05
4.11690e+00 3.99462e+00 1.50923e-05
4.11690e+00 4.05652e+00 1.04716e-05
4.11690e+00 4.11690e+00 7.20173e-06
4.11690e+00 4.17571e+00 4.91544e-06
4.11690e+00 4.23287e+00 3.33394e-06
4.11690e+00 4.28835e+00 2.25026e-06
4.11690e+00 4.34207e+00 1.51366e-06
4.11690e+00 4.39400e+00 1.01631e-06
4.11690e+00 4.44407e+00 6.82222e-07
4.11690e+00 4.49224e+00 4.58623e-07
4.11690e+00 4.53847e+00 3.09289e-07
4.11690e+00 4.58271e+00 2.09610e-07
4.11690e+00 4.62491e+00 1.43011e-07
4.11690e+00 4.66504e+00 9.84037e-08
4.11690e+00 4.70305e+00 6.84088e-08
4.11690e+00 4.73890e+00 4.81324e-08
4.11690e+00 4.77257e+00 3.43354e-08
4.11690e+00 4.80402e+00 2.48750e-08
4.11690e+00 4.83322e+00 1.83320e-08
4.11690e+00 4.86014e+00 1.37648e-08
4.11690e+00 4.88475e+00 1.05460e-08
4.11690e+00 4.90703e+00 8.25618e-09
4.11690e+00 4.92696e+00 6.61311e-09
4.11690e+00 4.94452e+00 5.42607e-09
4.11690e+00 4.95969e+00 4.56544e-09
4.11690e+00 4.97246e+00 3.94281e-09
4.11690e+00 4.98281e+00 3.49786e-09
4.11690e+00 4.99074e+00 3.18976e-09
4.11690e+00 4.99623e+00 2.99153e-09
4.11690e+00 4.99928e+00 2.88638e-09
4.17571e+00 7.15683e-04 6.12344e-07
4.17571e+00 3.77012e-03 3.22575e-06
4.17571e+00 9.26216e-03 7.92479e-06
4.17571e+00 1.71877e-02 1.47060e-05
4.17571e+00 2.75390e-02 2.35630e-05
4.17571e+00 4.03061e-02 3.44876e-05
4.17571e+00 5.54766e-02 4.74697e-05
4.17571e+00 7.30356e-02 6.24977e-05
4.17571e+00 9.29659e-02 7.95586e-05
4.17571e+00 1.15248e-01 9.86380e-05
4.17571e+00 1.39860e-01 1.19720e-04
4.17571e+00 1.66779e-01 1.42789e-04
4.17571e+00 1.95977e-01 1.67827e-04
4.17571e+00 2.27426e-01 1.94816e-04
4.17571e+00 2.61096e-01 2.23735e-04
4.17571e+00 2.96953e-01 2.54564e-04
4.17571e+00 3.34963e-01 2.87279e-04
4.17571e+00 3.75089e-01 3.21856e-04
4.17571e+00 4.17290e-01 3.58263e-04
4.17571e+00 4.61527e-01 3.96466e-04
4.17571e+00 5.07755e-01 4.36422e-04
4.17571e+00 5.55930e-01 4.78078e-04
4.17571e+00 6.06005e-01 5.21369e-04
4.17571e+00 6.57930e-01 5.66210e-04
4.17571e+00 7.11655e-01 6.12498e-04
4.17571e+00 7.67127e-01 6.60100e-04
4.17571e+00 8.24292e-01 7.08851e-04
4.17571e+00 8.83095e-01 7.58547e-04
4.17571e+00 9.43478e-01 8.08936e-04
4.17571e+00 1.00538e+00 8.59713e-04
4.17571e+00 1.06875e+00 9.10511e-04
4.17571e+00 1.13351e+00 9.60892e-04
4.17571e+00 1.19960e+00 1.01035e-03
4.17571e+00 1.26697e+00 1.05828e-03
4.17571e+00 1.33555e+00 1.10403e-03
4.17571e+00 1.40526e+00 1.14685e-03
4.17571e+00 1.47604e+00 1.18591e-03
4.17571e+00 1.54782e+00 1.22033e-03
4.17571e+00 1.62053e+00 1.24919e-03
4.17571e+00 1.69410e+00 1.27155e-03
4.17571e+00 1.76846e+00 1.28648e-03
4.17571e+00 1.84353e+00 1.29313e-03
4.17571e+00 1.91924e+00 1.29073e-03
4.17571e+00 1.99553e+00 1.27865e-03
4.17571e+00 2.07230e+00 1.25651e-03
4.17571e+00 2.14949e+00 1.22413e-03
4.17571e+00 2.22703e+00 1.18166e-03
4.17571e+00 2.30483e+00 1.12955e-03
4.17571e+00 2.38282e+00 1.06860e-03
4.17571e+00 2.46093e+00 9.99918e-04
4.17571e+00 2.53907e+00 9.24923e-04
4.17571e+00 2.61718e+00 8.45269e-04
4.17571e+00 2.69517e+00 7.62781e-04
4.17571e+00 2.77297e+00 6.79359e-04
4.17571e+00 2.85051e+00 5.96881e-04
4.17571e+00 2.92770e+00 5.17106e-04
4.17571e+00 3.00447e+00 4.41582e-04
4.17571e+00 3.08076e+00 3.71572e-04
4.17571e+00 3.15647e+00 3.08010e-04
4.17571e+00 3.23154e+00 2.51476e-04
4.17571e+00 3.30590e+00 2.02207e-04
4.17571e+00 3.37947e+00 1.60123e-04
4.17571e+00 3.45218e+00 1.24881e-04
4.17571e+00 3.52396e+00 9.59408e-05
4.17571e+00 3.59474e+00 7.26249e-05
4.17571e+00 3.66445e+00 5.41883e-05
4.17571e+00 3.73303e+00 3.98720e-05
4.17571e+00 3.80040e+00 2.89486e-05
4.17571e+00 3.86649e+00 2.07532e-05
4.17571e+00 3.93125e+00 1.47025e-05
4.17571e+00 3.99462e+00 1.03023e-05
4.17571e+00 4.05652e+00 7.14766e-06
4.17571e+00 4.11690e+00 4.91544e-06
4.17571e+00 4.17571e+00 3.35474e-06
4.17571e+00 4.23287e+00 2.27524e-06
4.17571e+00 4.28835e+00 1.53558e-06
4.17571e+00 4.34207e+00 1.03286e-06
4.17571e+00 4.39400e+00 6.93441e-07
4.17571e+00 4.44407e+00 4.65459e-07
4.17571e+00 4.49224e+00 3.12884e-07
4.17571e+00 4.53847e+00 2.10991e-07
4.17571e+00 4.58271e+00 1.42983e-07
4.17571e+00 4.62491e+00 9.75478e-08
4.17571e+00 4.66504e+00 6.71174e-08
4.17571e+00 4.70305e+00 4.66565e-08
4.17571e+00 4.73890e+00 3.28258e-08
4.17571e+00 4.77257e+00 2.34152e-08
4.17571e+00 4.80402e+00 1.69628e-08
4.17571e+00 4.83322e+00 1.25005e-08
4.17571e+00 4.86014e+00 9.38572e-09
4.17571e+00 4.88475e+00 7.19069e-09
4.17571e+00 4.90703e+00 5.62919e-09
4.17571e+00 4.92696e+00 4.50878e-09
4.17571e+00 4.94452e+00 3.69936e-09
4.17571e+00 4.95969e+00 3.11253e-09
4.17571e+00 4.97246e+00 2.68799e-09
4.17571e+00 4.98281e+00 2.38461e-09
4.17571e+00 4.99074e+00 2.17454e-09
4.17571e+00 4.99623e+00 2.03938e-09
4.17571e+00 4.99928e+00 1.96770e-09
4.23287e+00 7.15683e-04 4.15184e-07
4.23287e+00 3.77012e-03 2.18713e-06
4.23287e+00 9.26216e-03 5.37320e-06
4.23287e+00 1.71877e-02 9.97102e-06
4.23287e+00 2.75390e-02 1.59763e-05
4.23287e+00 4.03061e-02 2.33834e-05
4.23287e+00 5.54766e-02 3.21856e-05
4.23287e+00 7.30356e-02 4.23750e-05
4.23287e+00 9.29659e-02 5.39428e-05
4.23287e+00 1.15248e-01 6.68792e-05
4.23287e+00 1.39860e-01 8.11738e-05
4.23287e+00 1.66779e-01 9.68154e-05
4.23287e+00 1.95977e-01 1.13792e-04
4.23287e+00 2.27426e-01 1.32092e-04
4.23287e+00 2.61096e-01 1.51701e-04
4.23287e+00 2.96953e-01 1.72605e-04
4.23287e+00 3.34963e-01 1.94789e-04
4.23287e+00 3.75089e-01 2.18235e-04
4.23287e+00 4.17290e-01 2.42924e-04
4.23287e+00 4.61527e-01 2.68831e-04
4.23287e+00 5.07755e-01 2.95928e-04
4.23287e+00 5.55930e-01 3.24179e-04
4.23287e+00 6.06005e-01 3.53540e-04
4.23287e+00 6.57930e-01 3.83954e-04
4.23287e+00 7.11655e-01 4.15351e-04
4.23287e+00 7.67127e-01 4.47642e-04
4.23287e+00 8.24292e-01 4.80715e-04
4.23287e+00 8.83095e-01 5.14431e-04
4.23287e+00 9.43478e-01 5.48620e-04
4.23287e+00 1.00538e+00 5.83076e-04
4.23287e+00 1.06875e+00 6.17548e-04
4.23287e+00 1.13351e+00 6.51742e-04
4.23287e+00 1.19960e+00 6.85310e-04
4.23287e+00 1.26697e+00 7.17854e-04
4.23287e+00 1.33555e+00 7.48917e-04
4.23287e+00 1.40526e+00 7.77993e-04
4.23287e+00 1.47604e+00 8.04523e-04
4.23287e+00 1.54782e+00 8.27909e-04
4.23287e+00 1.62053e+00 8.47525e-04
4.23287e+00 1.69410e+00 8.62732e-04
4.23287e+00 1.76846e+00 8.72903e-04
4.23287e+00 1.84353e+00 8.77450e-04
4.23287e+00 1.91924e+00 8.75852e-04
4.23287e+00 1.99553e+00 8.67694e-04
4.23287e+00 2.07230e+00 8.52698e-04
4.23287e+00 2.14949e+00 8.30756e-04
4.23287e+00 2.22703e+00 8.01958e-04
4.23287e+00 2.30483e+00 7.66616e-04
4.23287e+00 2.38282e+00 7.25266e-04
4.23287e+00 2.46093e+00 6.78666e-04
4.23287e+00 2.53907e+00 6.27776e-04
4.23287e+00 2.61718e+00 5.73720e-04
4.23287e+00 2.69517e+00 5.17737e-04
4.23287e+00 2.77297e+00 4.61116e-04
4.23287e+00 2.85051e+00 4.05134e-04
4.23287e+00 2.92770e+00 3.50985e-04
4.23287e+00 3.00447e+00 2.99720e-04
4.23287e+00 3.08076e+00 2.52197e-04
4.23287e+00 3.15647e+00 2.09052e-04
4.23287e+00 3.23154e+00 1.70677e-04
4.23287e+00 3.30590e+00 1.37234e-04
4.23287e+00 3.37947e+00 1.08669e-04
4.23287e+00 3.45218e+00 8.47486e-05
4.23287e+00 3.52396e+00 6.51059e-05
4.23287e+00 3.59474e+00 4.92814e-05
4.23287e+00 3.66445e+00 3.67689e-05
4.23287e+00 3.73303e+00 2.70534e-05
4.23287e+00 3.80040e+00 1.96407e-05
4.23287e+00 3.86649e+00 1.40796e-05
4.23287e+00 3.93125e+00 9.97397e-06
4.23287e+00 3.99462e+00 6.98854e-06
4.23287e+00 4.05652e+00 4.84828e-06
4.23287e+00 4.11690e+00 3.33394e-06
4.23287e+00 4.17571e+00 2.27524e-06
4.23287e+00 4.23287e+00 1.54300e-06
4.23287e+00 4.28835e+00 1.04131e-06
4.23287e+00 4.34207e+00 7.00362e-07
4.23287e+00 4.39400e+00 4.70178e-07
4.23287e+00 4.44407e+00 3.15577e-07
4.23287e+00 4.49224e+00 2.12120e-07
4.23287e+00 4.53847e+00 1.43033e-07
4.23287e+00 4.58271e+00 9.69237e-08
4.23287e+00 4.62491e+00 6.61205e-08
4.23287e+00 4.66504e+00 4.54914e-08
4.23287e+00 4.70305e+00 3.16215e-08
4.23287e+00 4.73890e+00 2.22466e-08
4.23287e+00 4.77257e+00 1.58681e-08
4.23287e+00 4.80402e+00 1.14949e-08
4.23287e+00 4.83322e+00 8.47059e-09
4.23287e+00 4.86014e+00 6.35971e-09
4.23287e+00 4.88475e+00 4.87220e-09
4.23287e+00 4.90703e+00 3.81404e-09
4.23287e+00 4.92696e+00 3.05482e-09
4.23287e+00 4.94452e+00 2.50635e-09
4.23287e+00 4.95969e+00 2.10872e-09
4.23287e+00 4.97246e+00 1.82106e-09
4.23287e+00 4.98281e+00 1.61550e-09
4.23287e+00 4.99074e+00 1.47317e-09
4.23287e+00 4.99623e+00 1.38159e-09
4.23287e+00 4.99928e+00 1.33302e-09
4.28835e+00 7.15683e-04 2.80222e-07
4.28835e+00 3.77012e-03 1.47617e-06
4.28835e+00 9.26216e-03 3.62656e-06
4.28835e+00 1.71877e-02 6.72978e-06
4.28835e+00 2.75390e-02 1.07830e-05
4.28835e+00 4.03061e-02 1.57823e-05
4.28835e+00 5.54766e-02 2.17232e-05
4.28835e+00 7.30356e-02 2.86004e-05
4.28835e+00 9.29659e-02 3.64079e-05
4.28835e+00 1.15248e-01 4.51392e-05
4.28835e+00 1.39860e-01 5.47873e-05
4.28835e+00 1.66779e-01 6.53446e-05
4.28835e+00 1.95977e-01 7.68031e-05
4.28835e+00 2.27426e-01 8.91545e-05
4.28835e+00 2.61096e-01 1.02390e-04
4.28835e+00 2.96953e-01 1.16500e-04
4.28835e+00 3.34963e-01 1.31474e-04
4.28835e+00 3.75089e-01 1.47300e-04
4.28835e+00 4.17290e-01 1.63965e-04
4.28835e+00 4.61527e-01 1.81453e-04
4.28835e+00 5.07755e-01 1.99745e-04
4.28835e+00 5.55930e-01 2.18817e-04
4.28835e+00 6.06005e-01 2.38639e-04
4.28835e+00 6.57930e-01 2.59173e-04
4.28835e+00 7.11655e-01 2.80371e-04
4.28835e+00 7.67127e-01 3.02174e-04
4.28835e+00 8.24292e-01 3.24506e-04
4.28835e+00 8.83095e-01 3.47273e-04
4.28835e+00 9.43478e-01 3.70363e-04
4.28835e+00 1.00538e+00 3.93633e-04
4.28835e+00 1.06875e+00 4.16917e-04
4.28835e+00 1.13351e+00 4.40015e-04
4.28835e+00 1.19960e+00 4.62692e-04
4.28835e+00 1.26697e+00 4.84679e-04
4.28835e+00 1.33555e+00 5.05669e-04
4.28835e+00 1.40526e+00 5.25319e-04
4.28835e+00 1.47604e+00 5.43251e-04
4.28835e+00 1.54782e+00 5.59061e-04
4.28835e+00 1.62053e+00 5.72327e-04
4.28835e+00 1.69410e+00 5.82616e-04
4.28835e+00 1.76846e+00 5.89504e-04
4.28835e+00 1.84353e+00 5.92593e-04
4.28835e+00 1.91924e+00 5.91533e-04
4.28835e+00 1.99553e+00 5.86041e-04
4.28835e+00 2.07230e+00 5.75928e-04
4.28835e+00 2.14949e+00 5.61122e-04
4.28835e+00 2.22703e+00 5.41683e-04
4.28835e+00 2.30483e+00 5.17821e-04
4.28835e+00 2.38282e+00 4.89898e-04
4.28835e+00 2.46093e+00 4.58427e-04
4.28835e+00 2.53907e+00 4.24056e-04
4.28835e+00 2.61718e+00 3.87544e-04
4.28835e+00 2.69517e+00 3.49728e-04
4.28835e+00 2.77297e+00 3.11480e-04
4.28835e+00 2.85051e+00 2.73662e-04
4.28835e+00 2.92770e+00 2.37083e-04
4.28835e+00 3.00447e+00 2.02451e-04
4.28835e+00 3.08076e+00 1.70348e-04
4.28835e+00 3.15647e+00 1.41201e-04
4.28835e+00 3.23154e+00 1.15278e-04
4.28835e+00 3.30590e+00 9.26871e-05
4.28835e+00 3.37947e+00 7.33913e-05
4.28835e+00 3.45218e+00 5.72341e-05
4.28835e+00 3.52396e+00 4.39666e-05
4.28835e+00 3.59474e+00 3.32786e-05
4.28835e+00 3.66445e+00 2.48279e-05
4.28835e+00 3.73303e+00 1.82666e-05
4.28835e+00 3.80040e+00 1.32607e-05
4.28835e+00 3.86649e+00 9.50549e-06
4.28835e+00 3.93125e+00 6.73327e-06
4.28835e+00 3.99462e+00 4.71756e-06
4.28835e+00 4.05652e+00 3.27258e-06
4.28835e+00 4.11690e+00 2.25026e-06
4.28835e+00 4.17571e+00 1.53558e-06
4.28835e+00 4.23287e+00 1.04131e-06
4.28835e+00 4.28835e+00 7.02701e-07
4.28835e+00 4.34207e+00 4.72588e-07
4.28835e+00 4.39400e+00 3.17245e-07
4.28835e+00 4.44407e+00 2.12917e-07
4.28835e+00 4.49224e+00 1.43106e-07
4.28835e+00 4.53847e+00 9.64907e-08
4.28835e+00 4.58271e+00 6.53814e-08
4.28835e+00 4.62491e+00 4.46000e-08
4.28835e+00 4.66504e+00 3.06834e-08
4.28835e+00 4.70305e+00 2.13272e-08
4.28835e+00 4.73890e+00 1.50035e-08
4.28835e+00 4.77257e+00 1.07012e-08
4.28835e+00 4.80402e+00 7.75162e-09
4.28835e+00 4.83322e+00 5.71194e-09
4.28835e+00 4.86014e+00 4.28835e-09
4.28835e+00 4.88475e+00 3.28520e-09
4.28835e+00 4.90703e+00 2.57163e-09
4.28835e+00 4.92696e+00 2.05966e-09
4.28835e+00 4.94452e+00 1.68982e-09
4.28835e+00 4.95969e+00 1.42170e-09
4.28835e+00 4.97246e+00 1.22773e-09
4.28835e+00 4.98281e+00 1.08913e-09
4.28835e+00 4.99074e+00 9.93161e-10
4.28835e+00 4.99623e+00 9.31414e-10
4.28835e+00 4.99928e+00 8.98665e-10
4.34207e+00 7.15683e-04 1.88542e-07
4.34207e+00 3.77012e-03 9.93214e-07
4.34207e+00 9.26216e-03 2.44006e-06
4.34207e+00 1.71877e-02 4.52800e-06
4.34207e+00 2.75390e-02 7.25510e-06
4.34207e+00 4.03061e-02 1.06188e-05
4.34207e+00 5.54766e-02 1.46160e-05
4.34207e+00 7.30356e-02 1.92432e-05
4.34207e+00 9.29659e-02 2.44964e-05
4.34207e+00 1.15248e-01 3.03711e-05
4.34207e+00 1.39860e-01 3.68627e-05
4.34207e+00 1.66779e-01 4.39661e-05
4.34207e+00 1.95977e-01 5.16759e-05
4.34207e+00 2.27426e-01 5.99866e-05
4.34207e+00 2.61096e-01 6.88921e-05
4.34207e+00 2.96953e-01 7.83861e-05
4.34207e+00 3.34963e-01 8.84617e-05
4.34207e+00 3.75089e-01 9.91109e-05
4.34207e+00 4.17290e-01 1.10325e-04
4.34207e+00 4.61527e-01 1.22093e-04
4.34207e+00 5.07755e-01 1.34402e-04
4.34207e+00 5.55930e-01 1.47237e-04
4.34207e+00 6.06005e-01 1.60576e-04
4.34207e+00 6.57930e-01 1.74395e-04
4.34207e+00 7.11655e-01 1.88662e-04
4.34207e+00 7.67127e-01 2.03336e-04
4.34207e+00 8.24292e-01 2.18367e-04
4.34207e+00 8.83095e-01 2.33693e-04
4.34207e+00 9.43478e-01 2.49235e-04
4.34207e+00 1.00538e+00 2.64901e-04
4.34207e+00 1.06875e+00 2.80576e-04
4.34207e+00 1.13351e+00 2.96127e-04
4.34207e+00 1.19960e+00 3.11397e-04
4.34207e+00 1.26697e+00 3.26203e-04
4.34207e+00 1.33555e+00 3.40339e-04
4.34207e+00 1.40526e+00 3.53573e-04
4.34207e+00 1.47604e+00 3.65652e-04
4.34207e+00 1.54782e+00 3.76304e-04
4.34207e+00 1.62053e+00 3.85243e-04
4.34207e+00 1.69410e+00 3.92179e-04
4.34207e+00 1.76846e+00 3.96825e-04
4.34207e+00 1.84353e+00 3.98915e-04
4.34207e+00 1.91924e+00 3.98210e-04
4.34207e+00 1.99553e+00 3.94521e-04
4.34207e+00 2.07230e+00 3.87720e-04
4.34207e+00 2.14949e+00 3.77759e-04
4.34207e+00 2.22703e+00 3.64678e-04
4.34207e+00 2.30483e+00 3.48617e-04
4.34207e+00 2.38282e+00 3.29821e-04
4.34207e+00 2.46093e+00 3.08635e-04
4.34207e+00 2.53907e+00 2.85495e-04
4.34207e+00 2.61718e+00 2.60913e-04
4.34207e+00 2.69517e+00 2.35452e-04
4.34207e+00 2.77297e+00 2.09700e-04
4.34207e+00 2.85051e+00 1.84237e-04
4.34207e+00 2.92770e+00 1.59608e-04
4.34207e+00 3.00447e+00 1.36290e-04
4.34207e+00 3.08076e+00 1.14675e-04
4.34207e+00 3.15647e+00 9.50514e-05
4.34207e+00 3.23154e+00 7.75984e-05
4.34207e+00 3.30590e+00 6.23890e-05
4.34207e+00 3.37947e+00 4.93987e-05
4.34207e+00 3.45218e+00 3.85218e-05
4.34207e+00 3.52396e+00 2.95906e-05
4.34207e+00 3.59474e+00 2.23961e-05
4.34207e+00 3.66445e+00 1.67080e-05
4.34207e+00 3.73303e+00 1.22918e-05
4.34207e+00 3.80040e+00 8.92283e-06
4.34207e+00 3.86649e+00 6.39563e-06
4.34207e+00 3.93125e+00 4.53010e-06
4.34207e+00 3.99462e+00 3.17374e-06
4.34207e+00 4.05652e+00 2.20149e-06
4.34207e+00 4.11690e+00 1.51366e-06
4.34207e+00 4.17571e+00 1.03286e-06
4.34207e+00 4.23287e+00 7.00362e-07
4.34207e+00 4.28835e+00 4.72588e-07
4.34207e+00 4.34207e+00 3.17809e-07
4.34207e+00 4.39400e+00 2.13329e-07
4.34207e+00 4.44407e+00 1.43165e-07
4.34207e+00 4.49224e+00 9.62186e-08
4.34207e+00 4.53847e+00 6.48724e-08
4.34207e+00 4.58271e+00 4.39545e-08
4.34207e+00 4.62491e+00 2.99819e-08
4.34207e+00 4.66504e+00 2.06255e-08
4.34207e+00 4.70305e+00 1.43355e-08
4.34207e+00 4.73890e+00 1.00844e-08
4.34207e+00 4.77257e+00 7.19231e-09
4.34207e+00 4.80402e+00 5.20965e-09
4.34207e+00 4.83322e+00 3.83868e-09
4.34207e+00 4.86014e+00 2.88185e-09
4.34207e+00 4.88475e+00 2.20763e-09
4.34207e+00 4.90703e+00 1.72806e-09
4.34207e+00 4.92696e+00 1.38399e-09
4.34207e+00 4.94452e+00 1.13545e-09
4.34207e+00 4.95969e+00 9.55266e-10
4.34207e+00 4.97246e+00 8.24923e-10
4.34207e+00 4.98281e+00 7.31784e-10
4.34207e+00 4.99074e+00 6.67294e-10
4.34207e+00 4.99623e+00 6.25802e-10
4.34207e+00 4.99928e+00 6.03796e-10
4.39400e+00 7.15683e-04 1.26654e-07
4.39400e+00 3.77012e-03 6.67194e-07
4.39400e+00 9.26216e-03 1.63912e-06
4.39400e+00 1.71877e-02 3.04170e-06
4.39400e+00 2.75390e-02 4.87364e-06
4.39400e+00 4.03061e-02 7.13322e-06
4.39400e+00 5.54766e-02 9.81838e-06
4.39400e+00 7.30356e-02 1.29267e-05
4.39400e+00 9.29659e-02 1.64556e-05
4.39400e+00 1.15248e-01 2.04020e-05
4.39400e+00 1.39860e-01 2.47627e-05
4.39400e+00 1.66779e-01 2.95345e-05
4.39400e+00 1.95977e-01 3.47137e-05
4.39400e+00 2.27426e-01 4.02965e-05
4.39400e+00 2.61096e-01 4.62790e-05
4.39400e+00 2.96953e-01 5.26569e-05
4.39400e+00 3.34963e-01 5.94256e-05
4.39400e+00 3.75089e-01 6.65797e-05
4.39400e+00 4.17290e-01 7.41133e-05
4.39400e+00 4.61527e-01 8.20194e-05
4.39400e+00 5.07755e-01 9.02891e-05
4.39400e+00 5.55930e-01 9.89118e-05
4.39400e+00 6.06005e-01 1.07874e-04
4.39400e+00 6.57930e-01 1.17159e-04
4.39400e+00 7.11655e-01 1.26745e-04
4.39400e+00 7.67127e-01 1.36605e-04
4.39400e+00 8.24292e-01 1.46705e-04
4.39400e+00 8.83095e-01 1.57004e-04
4.39400e+00 9.43478e-01 1.67448e-04
4.39400e+00 1.00538e+00 1.77976e-04
4.39400e+00 1.06875e+00 1.88511e-04
4.39400e+00 1.13351e+00 1.98963e-04
4.39400e+00 1.19960e+00 2.09227e-04
4.39400e+00 1.26697e+00 2.19179e-04
4.39400e+00 1.33555e+00 2.28681e-04
4.39400e+00 1.40526e+00 2.37579e-04
4.39400e+00 1.47604e+00 2.45700e-04
4.39400e+00 1.54782e+00 2.52863e-04
4.39400e+00 1.62053e+00 2.58874e-04
4.39400e+00 1.69410e+00 2.63540e-04
4.39400e+00 1.76846e+00 2.66667e-04
4.39400e+00 1.84353e+00 2.68076e-04
4.39400e+00 1.91924e+00 2.67606e-04
4.39400e+00 1.99553e+00 2.65131e-04
4.39400e+00 2.07230e+00 2.60564e-04
4.39400e+00 2.14949e+00 2.53872e-04
4.39400e+00 2.22703e+00 2.45082e-04
4.39400e+00 2.30483e+00 2.34290e-04
4.39400e+00 2.38282e+00 2.21658e-04
4.39400e+00 2.46093e+00 2.07419e-04
4.39400e+00 2.53907e+00 1.91867e-04
4.39400e+00 2.61718e+00 1.75345e-04
4.39400e+00 2.69517e+00 1.58232e-04
4.39400e+00 2.77297e+00 1.40924e-04
4.39400e+00 2.85051e+00 1.23810e-04
4.39400e+00 2.92770e+00 1.07256e-04
4.39400e+00 3.00447e+00 9.15842e-05
4.39400e+00 3.08076e+00 7.70571e-05
4.39400e+00 3.15647e+00 6.38685e-05
4.39400e+00 3.23154e+00 5.21393e-05
4.39400e+00 3.30590e+00 4.19182e-05
4.39400e+00 3.37947e+00 3.31887e-05
4.39400e+00 3.45218e+00 2.58798e-05
4.39400e+00 3.52396e+00 1.98786e-05
4.39400e+00 3.59474e+00 1.50447e-05
4.39400e+00 3.66445e+00 1.12230e-05
4.39400e+00 3.73303e+00 8.25615e-06
4.39400e+00 3.80040e+00 5.99290e-06
4.39400e+00 3.86649e+00 4.29528e-06
4.39400e+00 3.93125e+00 3.04220e-06
4.39400e+00 3.99462e+00 2.13120e-06
4.39400e+00 4.05652e+00 1.47823e-06
4.39400e+00 4.11690e+00 1.01631e-06
4.39400e+00 4.17571e+00 6.93441e-07
4.39400e+00 4.23287e+00 4.70178e-07
4.39400e+00 4.28835e+00 3.17245e-07
4.39400e+00 4.34207e+00 2.13329e-07
4.39400e+00 4.39400e+00 1.43188e-07
4.39400e+00 4.44407e+00 9.60875e-08
4.39400e+00 4.49224e+00 6.45745e-08
4.39400e+00 4.53847e+00 4.35348e-08
4.39400e+00 4.58271e+00 2.94954e-08
4.39400e+00 4.62491e+00 2.01181e-08
4.39400e+00 4.66504e+00 1.38391e-08
4.39400e+00 4.70305e+00 9.61818e-09
4.39400e+00 4.73890e+00 6.76563e-09
4.39400e+00 4.77257e+00 4.82512e-09
4.39400e+00 4.80402e+00 3.49486e-09
4.39400e+00 4.83322e+00 2.57504e-09
4.39400e+00 4.86014e+00 1.93312e-09
4.39400e+00 4.88475e+00 1.48081e-09
4.39400e+00 4.90703e+00 1.15909e-09
4.39400e+00 4.92696e+00 9.28280e-10
4.39400e+00 4.94452e+00 7.61555e-10
4.39400e+00 4.95969e+00 6.40692e-10
4.39400e+00 4.97246e+00 5.53262e-10
4.39400e+00 4.98281e+00 4.90787e-10
4.39400e+00 4.99074e+00 4.47531e-10
4.39400e+00 4.99623e+00 4.19700e-10
4.39400e+00 4.99928e+00 4.04940e-10
4.44407e+00 7.15683e-04 8.50785e-08
4.44407e+00 3.77012e-03 4.48182e-07
4.44407e+00 9.26216e-03 1.10106e-06
4.44407e+00 1.71877e-02 2.04324e-06
4.44407e+00 2.75390e-02 3.27382e-06
4.44407e+00 4.03061e-02 4.79168e-06
4.44407e+00 5.54766e-02 6.59541e-06
4.44407e+00 7.30356e-02 8.68342e-06
4.44407e+00 9.29659e-02 1.10539e-05
4.44407e+00 1.15248e-01 1.37049e-05
4.44407e+00 1.39860e-01 1.66342e-05
4.44407e+00 1.66779e-01 1.98396e-05
4.44407e+00 1.95977e-01 2.33187e-05
4.44407e+00 2.27426e-01 2.70690e-05
4.44407e+00 2.61096e-01 3.10878e-05
4.44407e+00 2.96953e-01 3.53723e-05
4.44407e+00 3.34963e-01 3.99192e-05
4.44407e+00 3.75089e-01 4.47252e-05
4.44407e+00 4.17290e-01 4.97862e-05
4.44407e+00 4.61527e-01 5.50974e-05
4.44407e+00 5.07755e-01 6.06530e-05
4.44407e+00 5.55930e-01 6.64459e-05
4.44407e+00 6.06005e-01 7.24670e-05
4.44407e+00 6.57930e-01 7.87050e-05
4.44407e+00 7.11655e-01 8.51455e-05
4.44407e+00 7.67127e-01 9.17702e-05
4.44407e+00 8.24292e-01 9.85566e-05
4.44407e+00 8.83095e-01 1.05476e-04
4.44407e+00 9.43478e-01 1.12494e-04
4.44407e+00 1.00538e+00 1.19569e-04
4.44407e+00 1.06875e+00 1.26648e-04
4.44407e+00 1.13351e+00 1.33672e-04
4.44407e+00 1.19960e+00 1.40569e-04
4.44407e+00 1.26697e+00 1.47258e-04
4.44407e+00 1.33555e+00 1.53645e-04
4.44407e+00 1.40526e+00 1.59625e-04
4.44407e+00 1.47604e+00 1.65084e-04
4.44407e+00 1.54782e+00 1.69899e-04
4.44407e+00 1.62053e+00 1.73941e-04
4.44407e+00 1.69410e+00 1.77078e-04
4.44407e+00 1.76846e+00 1.79181e-04
4.44407e+00 1.84353e+00 1.80129e-04
4.44407e+00 1.91924e+00 1.79816e-04
4.44407e+00 1.99553e+00 1.78153e-04
4.44407e+00 2.07230e+00 1.75085e-04
4.44407e+00 2.14949e+00 1.70589e-04
4.44407e+00 2.22703e+00 1.64683e-04
4.44407e+00 2.30483e+00 1.57431e-04
4.44407e+00 2.38282e+00 1.48942e-04
4.44407e+00 2.46093e+00 1.39374e-04
4.44407e+00 2.53907e+00 1.28922e-04
4.44407e+00 2.61718e+00 1.17819e-04
4.44407e+00 2.69517e+00 1.06319e-04
4.44407e+00 2.77297e+00 9.46867e-05
4.44407e+00 2.85051e+00 8.31859e-05
4.44407e+00 2.92770e+00 7.20617e-05
4.44407e+00 3.00447e+00 6.15304e-05
4.44407e+00 3.08076e+00 5.17686e-05
4.44407e+00 3.15647e+00 4.29067e-05
4.44407e+00 3.23154e+00 3.50256e-05
4.44407e+00 3.30590e+00 2.81581e-05
4.44407e+00 3.37947e+00 2.22932e-05
4.44407e+00 3.45218e+00 1.73828e-05
4.44407e+00 3.52396e+00 1.33513e-05
4.44407e+00 3.59474e+00 1.01041e-05
4.44407e+00 3.66445e+00 7.53702e-06
4.44407e+00 3.73303e+00 5.54423e-06
4.44407e+00 3.80040e+00 4.02415e-06
4.44407e+00 3.86649e+00 2.88404e-06
4.44407e+00 3.93125e+00 2.04254e-06
4.44407e+00 3.99462e+00 1.43080e-06
4.44407e+00 4.05652e+00 9.92359e-07
4.44407e+00 4.11690e+00 6.82222e-07
4.44407e+00 4.17571e+00 4.65459e-07
4.44407e+00 4.23287e+00 3.15577e-07
4.44407e+00 4.28835e+00 2.12917e-07
4.44407e+00 4.34207e+00 1.43165e-07
4.44407e+00 4.39400e+00 9.60875e-08
4.44407e+00 4.44407e+00 6.44765e-08
4.44407e+00 4.49224e+00 4.33281e-08
4.44407e+00 4.53847e+00 2.92092e-08
4.44407e+00 4.58271e+00 1.97885e-08
4.44407e+00 4.62491e+00 1.34965e-08
4.44407e+00 4.66504e+00 9.28368e-09
4.44407e+00 4.70305e+00 6.45183e-09
4.44407e+00 4.73890e+00 4.53813e-09
4.44407e+00 4.77257e+00 3.23637e-09
4.44407e+00 4.80402e+00 2.34402e-09
4.44407e+00 4.83322e+00 1.72702e-09
4.44407e+00 4.86014e+00 1.29645e-09
4.44407e+00 4.88475e+00 9.93075e-10
4.44407e+00 4.90703e+00 7.77297e-10
4.44407e+00 4.92696e+00 6.22496e-10
4.44407e+00 4.94452e+00 5.10679e-10
4.44407e+00 4.95969e+00 4.29623e-10
4.44407e+00 4.97246e+00 3.70989e-10
4.44407e+00 4.98281e+00 3.29092e-10
4.44407e+00 4.99074e+00 3.00083e-10
4.44407e+00 4.99623e+00 2.81420e-10
4.44407e+00 4.99928e+00 2.71521e-10
4.49224e+00 7.15683e-04 5.72437e-08
4.49224e+00 3.77012e-03 3.01552e-07
4.49224e+00 9.26216e-03 7.40833e-07
4.49224e+00 1.71877e-02 1.37476e-06
4.49224e+00 2.75390e-02 2.20274e-06
4.49224e+00 4.03061e-02 3.22401e-06
4.49224e+00 5.54766e-02 4.43762e-06
4.49224e+00 7.30356e-02 5.84251e-06
4.49224e+00 9.29659e-02 7.43745e-06
4.49224e+00 1.15248e-01 9.22112e-06
4.49224e+00 1.39860e-01 1.11921e-05
4.49224e+00 1.66779e-01 1.33488e-05
4.49224e+00 1.95977e-01 1.56897e-05
4.49224e+00 2.27426e-01 1.82131e-05
4.49224e+00 2.61096e-01 2.09171e-05
4.49224e+00 2.96953e-01 2.37999e-05
4.49224e+00 3.34963e-01 2.68594e-05
4.49224e+00 3.75089e-01 3.00931e-05
4.49224e+00 4.17290e-01 3.34985e-05
4.49224e+00 4.61527e-01 3.70722e-05
4.49224e+00 5.07755e-01 4.08105e-05
4.49224e+00 5.55930e-01 4.47085e-05
4.49224e+00 6.06005e-01 4.87601e-05
4.49224e+00 6.57930e-01 5.29577e-05
4.49224e+00 7.11655e-01 5.72917e-05
4.49224e+00 7.67127e-01 6.17497e-05
4.49224e+00 8.24292e-01 6.63166e-05
4.49224e+00 8.83095e-01 7.09733e-05
4.49224e+00 9.43478e-01 7.56964e-05
4.49224e+00 1.00538e+00 8.04574e-05
4.49224e+00 1.06875e+00 8.52219e-05
4.49224e+00 1.13351e+00 8.99493e-05
4.49224e+00 1.19960e+00 9.45915e-05
4.49224e+00 1.26697e+00 9.90935e-05
4.49224e+00 1.33555e+00 1.03392e-04
4.49224e+00 1.40526e+00 1.07418e-04
4.49224e+00 1.47604e+00 1.11092e-04
4.49224e+00 1.54782e+00 1.14333e-04
4.49224e+00 1.62053e+00 1.17054e-04
4.49224e+00 1.69410e+00 1.19166e-04
4.49224e+00 1.76846e+00 1.20583e-04
4.49224e+00 1.84353e+00 1.21221e-04
4.49224e+00 1.91924e+00 1.21010e-04
4.49224e+00 1.99553e+00 1.19892e-04
4.49224e+00 2.07230e+00 1.17827e-04
4.49224e+00 2.14949e+00 1.14801e-04
4.49224e+00 2.22703e+00 1.10826e-04
4.49224e+00 2.30483e+00 1.05945e-04
4.49224e+00 2.38282e+00 1.00232e-04
4.49224e+00 2.46093e+00 9.37911e-05
4.49224e+00 2.53907e+00 8.67564e-05
4.49224e+00 2.61718e+00 7.92831e-05
4.49224e+00 2.69517e+00 7.15427e-05
4.49224e+00 2.77297e+00 6.37140e-05
4.49224e+00 2.85051e+00 5.59736e-05
4.49224e+00 2.92770e+00 4.84870e-05
4.49224e+00 3.00447e+00 4.13995e-05
4.49224e+00 3.08076e+00 3.48302e-05
4.49224e+00 3.15647e+00 2.88667e-05
4.49224e+00 3.23154e+00 2.35635e-05
4.49224e+00 3.30590e+00 1.89425e-05
4.49224e+00 3.37947e+00 1.49963e-05
4.49224e+00 3.45218e+00 1.16926e-05
4.49224e+00 3.52396e+00 8.98030e-06
4.49224e+00 3.59474e+00 6.79578e-06
4.49224e+00 3.66445e+00 5.06895e-06
4.49224e+00 3.73303e+00 3.72850e-06
4.49224e+00 3.80040e+00 2.70608e-06
4.49224e+00 3.86649e+00 1.93929e-06
4.49224e+00 3.93125e+00 1.37336e-06
4.49224e+00 3.99462e+00 9.61979e-07
4.49224e+00 4.05652e+00 6.67155e-07
4.49224e+00 4.11690e+00 4.58623e-07
4.49224e+00 4.17571e+00 3.12884e-07
4.49224e+00 4.23287e+00 2.12120e-07
4.49224e+00 4.28835e+00 1.43106e-07
4.49224e+00 4.34207e+00 9.62186e-08
4.49224e+00 4.39400e+00 6.45745e-08
4.49224e+00 4.44407e+00 4.33281e-08
4.49224e+00 4.49224e+00 2.91147e-08
4.49224e+00 4.53847e+00 1.96263e-08
4.49224e+00 4.58271e+00 1.32956e-08
4.49224e+00 4.62491e+00 9.06760e-09
4.49224e+00 4.66504e+00 6.23690e-09
4.49224e+00 4.70305e+00 4.33422e-09
4.49224e+00 4.73890e+00 3.04849e-09
4.49224e+00 4.77257e+00 2.17393e-09
4.49224e+00 4.80402e+00 1.57446e-09
4.49224e+00 4.83322e+00 1.15998e-09
4.49224e+00 4.86014e+00 8.70751e-10
4.49224e+00 4.88475e+00 6.66969e-10
4.49224e+00 4.90703e+00 5.22032e-10
4.49224e+00 4.92696e+00 4.18057e-10
4.49224e+00 4.94452e+00 3.42955e-10
4.49224e+00 4.95969e+00 2.88514e-10
4.49224e+00 4.97246e+00 2.49134e-10
4.49224e+00 4.98281e+00 2.20995e-10
4.49224e+00 4.99074e+00 2.01513e-10
4.49224e+00 4.99623e+00 1.88979e-10
4.49224e+00 4.99928e+00 1.82331e-10
4.53847e+00 7.15683e-04 3.86434e-08
4.53847e+00 3.77012e-03 2.03568e-07
4.53847e+00 9.26216e-03 5.00112e-07
4.53847e+00 1.71877e-02 9.28056e-07
4.53847e+00 2.75390e-02 1.48700e-06
4.53847e+00 4.03061e-02 2.17642e-06
4.53847e+00 5.54766e-02 2.99570e-06
4.53847e+00 7.30356e-02 3.94409e-06
4.53847e+00 9.29659e-02 5.02079e-06
4.53847e+00 1.15248e-01 6.22489e-06
4.53847e+00 1.39860e-01 7.55543e-06
4.53847e+00 1.66779e-01 9.01138e-06
4.53847e+00 1.95977e-01 1.05917e-05
4.53847e+00 2.27426e-01 1.22951e-05
4.53847e+00 2.61096e-01 1.41205e-05
4.53847e+00 2.96953e-01 1.60667e-05
4.53847e+00 3.34963e-01 1.81320e-05
4.53847e+00 3.75089e-01 2.03151e-05
4.53847e+00 4.17290e-01 2.26140e-05
4.53847e+00 4.61527e-01 2.50267e-05
4.53847e+00 5.07755e-01 2.75504e-05
4.53847e+00 5.55930e-01 3.01820e-05
4.53847e+00 6.06005e-01 3.29173e-05
4.53847e+00 6.57930e-01 3.57512e-05
4.53847e+00 7.11655e-01 3.86772e-05
4.53847e+00 7.67127e-01 4.16870e-05
4.53847e+00 8.24292e-01 4.47703e-05
4.53847e+00 8.83095e-01 4.79143e-05
4.53847e+00 9.43478e-01 5.11032e-05
4.53847e+00 1.00538e+00 5.43178e-05
4.53847e+00 1.06875e+00 5.75348e-05
4.53847e+00 1.13351e+00 6.07267e-05
4.53847e+00 1.19960e+00 6.38612e-05
4.53847e+00 1.26697e+00 6.69010e-05
4.53847e+00 1.33555e+00 6.98037e-05
4.53847e+00 1.40526e+00 7.25217e-05
4.53847e+00 1.47604e+00 7.50030e-05
4.53847e+00 1.54782e+00 7.71916e-05
4.53847e+00 1.62053e+00 7.90288e-05
4.53847e+00 1.69410e+00 8.04550e-05
4.53847e+00 1.76846e+00 8.14113e-05
4.53847e+00 1.84353e+00 8.18426e-05
4.53847e+00 1.91924e+00 8.17001e-05
4.53847e+00 1.99553e+00 8.09448e-05
4.53847e+00 2.07230e+00 7.95504e-05
4.53847e+00 2.14949e+00 7.75069e-05
4.53847e+00 2.22703e+00 7.48224e-05
4.53847e+00 2.30483e+00 7.15261e-05
4.53847e+00 2.38282e+00 6.76678e-05
4.53847e+00 2.46093e+00 6.33187e-05
4.53847e+00 2.53907e+00 5.85684e-05
4.53847e+00 2.61718e+00 5.35221e-05
4.53847e+00 2.69517e+00 4.82956e-05
4.53847e+00 2.77297e+00 4.30095e-05
4.53847e+00 2.85051e+00 3.77833e-05
4.53847e+00 2.92770e+00 3.27285e-05
4.53847e+00 3.00447e+00 2.79435e-05
4.53847e+00 3.08076e+00 2.35085e-05
4.53847e+00 3.15647e+00 1.94826e-05
4.53847e+00 3.23154e+00 1.59027e-05
4.53847e+00 3.30590e+00 1.27835e-05
4.53847e+00 3.37947e+00 1.01198e-05
4.53847e+00 3.45218e+00 7.89002e-06
4.53847e+00 3.52396e+00 6.05946e-06
4.53847e+00 3.59474e+00 4.58520e-06
4.53847e+00 3.66445e+00 3.41989e-06
4.53847e+00 3.73303e+00 2.51538e-06
4.53847e+00 3.80040e+00 1.82551e-06
4.53847e+00 3.86649e+00 1.30815e-06
4.53847e+00 3.93125e+00 9.26348e-07
4.53847e+00 3.99462e+00 6.48826e-07
4.53847e+00 4.05652e+00 4.49948e-07
4.53847e+00 4.11690e+00 3.09289e-07
4.53847e+00 4.17571e+00 2.10991e-07
4.53847e+00 4.23287e+00 1.43033e-07
4.53847e+00 4.28835e+00 9.64907e-08
4.53847e+00 4.34207e+00 6.48724e-08
4.53847e+00 4.39400e+00 4.35348e-08
4.53847e+00 4.44407e+00 2.92092e-08
4.53847e+00 4.49224e+00 1.96263e-08
4.53847e+00 4.53847e+00 1.32294e-08
4.53847e+00 4.58271e+00 8.96159e-09
4.53847e+00 4.62491e+00 6.11150e-09
4.53847e+00 4.66504e+00 4.20342e-09
4.53847e+00 4.70305e+00 2.92095e-09
4.53847e+00 4.73890e+00 2.05437e-09
4.53847e+00 4.77257e+00 1.46494e-09
4.53847e+00 4.80402e+00 1.06093e-09
4.53847e+00 4.83322e+00 7.81616e-10
4.53847e+00 4.86014e+00 5.86706e-10
4.53847e+00 4.88475e+00 4.49385e-10
4.53847e+00 4.90703e+00 3.51720e-10
4.53847e+00 4.92696e+00 2.81659e-10
4.53847e+00 4.94452e+00 2.31055e-10
4.53847e+00 4.95969e+00 1.94374e-10
4.53847e+00 4.97246e+00 1.67840e-10
4.53847e+00 4.98281e+00 1.48881e-10
4.53847e+00 4.99074e+00 1.35755e-10
4.53847e+00 4.99623e+00 1.27310e-10
4.53847e+00 4.99928e+00 1.22831e-10
4.58271e+00 7.15683e-04 2.62187e-08
4.58271e+00 3.77012e-03 1.38116e-07
4.58271e+00 9.26216e-03 3.39315e-07
4.58271e+00 1.71877e-02 6.29665e-07
4.58271e+00 2.75390e-02 1.00890e-06
4.58271e+00 4.03061e-02 1.47665e-06
4.58271e+00 5.54766e-02 2.03251e-06
4.58271e+00 7.30356e-02 2.67598e-06
4.58271e+00 9.29659e-02 3.40649e-06
4.58271e+00 1.15248e-01 4.22345e-06
4.58271e+00 1.39860e-01 5.12619e-06
4.58271e+00 1.66779e-01 6.11402e-06
4.58271e+00 1.95977e-01 7.18621e-06
4.58271e+00 2.27426e-01 8.34198e-06
4.58271e+00 2.61096e-01 9.58051e-06
4.58271e+00 2.96953e-01 1.09009e-05
4.58271e+00 3.34963e-01 1.23023e-05
4.58271e+00 3.75089e-01 1.37834e-05
4.58271e+00 4.17290e-01 1.53433e-05
4.58271e+00 4.61527e-01 1.69802e-05
4.58271e+00 5.07755e-01 1.86926e-05
4.58271e+00 5.55930e-01 2.04781e-05
4.58271e+00 6.06005e-01 2.23340e-05
4.58271e+00 6.57930e-01 2.42569e-05
4.58271e+00 7.11655e-01 2.62422e-05
4.58271e+00 7.67127e-01 2.82845e-05
4.58271e+00 8.24292e-01 3.03766e-05
4.58271e+00 8.83095e-01 3.25099e-05
4.58271e+00 9.43478e-01 3.46737e-05
4.58271e+00 1.00538e+00 3.68549e-05
4.58271e+00 1.06875e+00 3.90378e-05
4.58271e+00 1.13351e+00 4.12037e-05
4.58271e+00 1.19960e+00 4.33307e-05
4.58271e+00 1.26697e+00 4.53934e-05
4.58271e+00 1.33555e+00 4.73630e-05
4.58271e+00 1.40526e+00 4.92074e-05
4.58271e+00 1.47604e+00 5.08911e-05
4.58271e+00 1.54782e+00 5.23761e-05
4.58271e+00 1.62053e+00 5.36227e-05
4.58271e+00 1.69410e+00 5.45903e-05
4.58271e+00 1.76846e+00 5.52391e-05
4.58271e+00 1.84353e+00 5.55315e-05
4.58271e+00 1.91924e+00 5.54345e-05
4.58271e+00 1.99553e+00 5.49216e-05
4.58271e+00 2.07230e+00 5.39751e-05
4.58271e+00 2.14949e+00 5.25879e-05
4.58271e+00 2.22703e+00 5.07659e-05
4.58271e+00 2.30483e+00 4.85286e-05
4.58271e+00 2.38282e+00 4.59101e-05
4.58271e+00 2.46093e+00 4.29585e-05
4.58271e+00 2.53907e+00 3.97348e-05
4.58271e+00 2.61718e+00 3.63103e-05
4.58271e+00 2.69517e+00 3.27636e-05
4.58271e+00 2.77297e+00 2.91766e-05
4.58271e+00 2.85051e+00 2.56304e-05
4.58271e+00 2.92770e+00 2.22007e-05
4.58271e+00 3.00447e+00 1.89542e-05
4.58271e+00 3.08076e+00 1.59453e-05
4.58271e+00 3.15647e+00 1.32140e-05
4.58271e+00 3.23154e+00 1.07854e-05
4.58271e+00 3.30590e+00 8.66952e-06
4.58271e+00 3.37947e+00 6.86276e-06
4.58271e+00 3.45218e+00 5.35033e-06
4.58271e+00 3.52396e+00 4.10879e-06
4.58271e+00 3.59474e+00 3.10895e-06
4.58271e+00 3.66445e+00 2.31869e-06
4.58271e+00 3.73303e+00 1.70533e-06
4.58271e+00 3.80040e+00 1.23755e-06
4.58271e+00 3.86649e+00 8.86772e-07
4.58271e+00 3.93125e+00 6.27916e-07
4.58271e+00 3.99462e+00 4.39773e-07
4.58271e+00 4.05652e+00 3.04955e-07
4.58271e+00 4.11690e+00 2.09610e-07
4.58271e+00 4.17571e+00 1.42983e-07
4.58271e+00 4.23287e+00 9.69237e-08
4.58271e+00 4.28835e+00 6.53814e-08
4.58271e+00 4.34207e+00 4.39545e-08
4.58271e+00 4.39400e+00 2.94954e-08
4.58271e+00 4.44407e+00 1.97885e-08
4.58271e+00 4.49224e+00 1.32956e-08
4.58271e+00 4.53847e+00 8.96159e-09
4.58271e+00 4.58271e+00 6.07028e-09
4.58271e+00 4.62491e+00 4.13952e-09
4.58271e+00 4.66504e+00 2.84698e-09
4.58271e+00 4.70305e+00 1.97827e-09
4.58271e+00 4.73890e+00 1.39130e-09
4.58271e+00 4.77257e+00 9.92078e-10
4.58271e+00 4.80402e+00 7.18450e-10
4.58271e+00 4.83322e+00 5.29280e-10
4.58271e+00 4.86014e+00 3.97281e-10
4.58271e+00 4.88475e+00 3.04286e-10
4.58271e+00 4.90703e+00 2.38149e-10
4.58271e+00 4.92696e+00 1.90707e-10
4.58271e+00 4.94452e+00 1.56440e-10
4.58271e+00 4.95969e+00 1.31601e-10
4.58271e+00 4.97246e+00 1.13635e-10
4.58271e+00 4.98281e+00 1.00798e-10
4.58271e+00 4.99074e+00 9.19098e-11
4.58271e+00 4.99623e+00 8.61918e-11
4.58271e+00 4.99928e+00 8.31591e-11
4.62491e+00 7.15683e-04 1.79099e-08
4.62491e+00 3.77012e-03 9.43469e-08
4.62491e+00 9.26216e-03 2.31785e-07
4.62491e+00 1.71877e-02 4.30122e-07
4.62491e+00 2.75390e-02 6.89174e-07
4.62491e+00 4.03061e-02 1.00870e-06
4.62491e+00 5.54766e-02 1.38840e-06
4.62491e+00 7.30356e-02 1.82795e-06
4.62491e+00 9.29659e-02 2.32696e-06
4.62491e+00 1.15248e-01 2.88502e-06
4.62491e+00 1.39860e-01 3.50169e-06
4.62491e+00 1.66779e-01 4.17647e-06
4.62491e+00 1.95977e-01 4.90888e-06
4.62491e+00 2.27426e-01 5.69839e-06
4.62491e+00 2.61096e-01 6.54443e-06
4.62491e+00 2.96953e-01 7.44640e-06
4.62491e+00 3.34963e-01 8.40366e-06
4.62491e+00 3.75089e-01 9.41547e-06
4.62491e+00 4.17290e-01 1.04810e-05
4.62491e+00 4.61527e-01 1.15992e-05
4.62491e+00 5.07755e-01 1.27689e-05
4.62491e+00 5.55930e-01 1.39887e-05
4.62491e+00 6.06005e-01 1.52565e-05
4.62491e+00 6.57930e-01 1.65700e-05
4.62491e+00 7.11655e-01 1.79262e-05
4.62491e+00 7.67127e-01 1.93213e-05
4.62491e+00 8.24292e-01 2.07505e-05
4.62491e+00 8.83095e-01 2.22079e-05
4.62491e+00 9.43478e-01 2.36860e-05
4.62491e+00 1.00538e+00 2.51761e-05
4.62491e+00 1.06875e+00 2.66673e-05
4.62491e+00 1.13351e+00 2.81468e-05
4.62491e+00 1.19960e+00 2.95998e-05
4.62491e+00 1.26697e+00 3.10089e-05
4.62491e+00 1.33555e+00 3.23544e-05
4.62491e+00 1.40526e+00 3.36143e-05
4.62491e+00 1.47604e+00 3.47644e-05
4.62491e+00 1.54782e+00 3.57787e-05
4.62491e+00 1.62053e+00 3.66302e-05
4.62491e+00 1.69410e+00 3.72910e-05
4.62491e+00 1.76846e+00 3.77339e-05
4.62491e+00 1.84353e+00 3.79334e-05
4.62491e+00 1.91924e+00 3.78668e-05
4.62491e+00 1.99553e+00 3.75161e-05
4.62491e+00 2.07230e+00 3.68691e-05
4.62491e+00 2.14949e+00 3.59210e-05
4.62491e+00 2.22703e+00 3.46759e-05
4.62491e+00 2.30483e+00 3.31471e-05
4.62491e+00 2.38282e+00 3.13579e-05
4.62491e+00 2.46093e+00 2.93412e-05
4.62491e+00 2.53907e+00 2.71387e-05
4.62491e+00 2.61718e+00 2.47991e-05
4.62491e+00 2.69517e+00 2.23761e-05
4.62491e+00 2.77297e+00 1.99257e-05
4.62491e+00 2.85051e+00 1.75033e-05
4.62491e+00 2.92770e+00 1.51606e-05
4.62491e+00 3.00447e+00 1.29430e-05
4.62491e+00 3.08076e+00 1.08879e-05
4.62491e+00 3.15647e+00 9.02254e-06
4.62491e+00 3.23154e+00 7.36396e-06
4.62491e+00 3.30590e+00 5.91899e-06
4.62491e+00 3.37947e+00 4.68521e-06
4.62491e+00 3.45218e+00 3.65249e-06
4.62491e+00 3.52396e+00 2.80478e-06
4.62491e+00 3.59474e+00 2.12214e-06
4.62491e+00 3.66445e+00 1.58263e-06
4.62491e+00 3.73303e+00 1.16391e-06
4.62491e+00 3.80040e+00 8.44598e-07
4.62491e+00 3.86649e+00 6.05163e-07
4.62491e+00 3.93125e+00 4.28486e-07
4.62491e+00 3.99462e+00 3.00080e-07
4.62491e+00 4.05652e+00 2.08075e-07
4.62491e+00 4.11690e+00 1.43011e-07
4.62491e+00 4.17571e+00 9.75478e-08
4.62491e+00 4.23287e+00 6.61205e-08
4.62491e+00 4.28835e+00 4.46000e-08
4.62491e+00 4.34207e+00 2.99819e-08
4.62491e+00 4.39400e+00 2.01181e-08
4.62491e+00 4.44407e+00 1.34965e-08
4.62491e+00 4.49224e+00 9.06760e-09
4.62491e+00 4.53847e+00 6.11150e-09
4.62491e+00 4.58271e+00 4.13952e-09
4.62491e+00 4.62491e+00 2.82274e-09
4.62491e+00 4.66504e+00 1.94126e-09
4.62491e+00 4.70305e+00 1.34886e-09
4.62491e+00 4.73890e+00 9.48601e-10
4.62491e+00 4.77257e+00 6.76381e-10
4.62491e+00 4.80402e+00 4.89808e-10
4.62491e+00 4.83322e+00 3.60828e-10
4.62491e+00 4.86014e+00 2.70831e-10
4.62491e+00 4.88475e+00 2.07429e-10
4.62491e+00 4.90703e+00 1.62340e-10
4.62491e+00 4.92696e+00 1.29996e-10
4.62491e+00 4.94452e+00 1.06636e-10
4.62491e+00 4.95969e+00 8.97034e-11
4.62491e+00 4.97246e+00 7.74558e-11
4.62491e+00 4.98281e+00 6.87048e-11
4.62491e+00 4.99074e+00 6.26461e-11
4.62491e+00 4.99623e+00 5.87483e-11
4.62491e+00 4.99928e+00 5.66810e-11
4.66504e+00 7.15683e-04 1.23392e-08
4.66504e+00 3.77012e-03 6.50011e-08
4.66504e+00 9.26216e-03 1.59690e-07
4.66504e+00 1.71877e-02 2.96336e-07
4.66504e+00 2.75390e-02 4.74812e-07
4.66504e+00 4.03061e-02 6.94951e-07
4.66504e+00 5.54766e-02 9.56552e-07
4.66504e+00 7.30356e-02 1.25938e-06
4.66504e+00 9.29659e-02 1.60318e-06
4.66504e+00 1.15248e-01 1.98766e-06
4.66504e+00 1.39860e-01 2.41252e-06
4.66504e+00 1.66779e-01 2.87742e-06
4.66504e+00 1.95977e-01 3.38202e-06
4.66504e+00 2.27426e-01 3.92596e-06
4.66504e+00 2.61096e-01 4.50884e-06
4.66504e+00 2.96953e-01 5.13027e-06
4.66504e+00 3.34963e-01 5.78978e-06
4.66504e+00 3.75089e-01 6.48688e-06
4.66504e+00 4.17290e-01 7.22098e-06
4.66504e+00 4.61527e-01 7.99140e-06
4.66504e+00 5.07755e-01 8.79730e-06
4.66504e+00 5.55930e-01 9.63764e-06
4.66504e+00 6.06005e-01 1.05111e-05
4.66504e+00 6.57930e-01 1.14161e-05
4.66504e+00 7.11655e-01 1.23505e-05
4.66504e+00 7.67127e-01 1.33117e-05
4.66504e+00 8.24292e-01 1.42963e-05
4.66504e+00 8.83095e-01 1.53004e-05
4.66504e+00 9.43478e-01 1.63188e-05
4.66504e+00 1.00538e+00 1.73454e-05
4.66504e+00 1.06875e+00 1.83727e-05
4.66504e+00 1.13351e+00 1.93921e-05
4.66504e+00 1.19960e+00 2.03931e-05
4.66504e+00 1.26697e+00 2.13639e-05
4.66504e+00 1.33555e+00 2.22908e-05
4.66504e+00 1.40526e+00 2.31587e-05
4.66504e+00 1.47604e+00 2.39510e-05
4.66504e+00 1.54782e+00 2.46497e-05
4.66504e+00 1.62053e+00 2.52362e-05
4.66504e+00 1.69410e+00 2.56913e-05
4.66504e+00 1.76846e+00 2.59962e-05
4.66504e+00 1.84353e+00 2.61334e-05
4.66504e+00 1.91924e+00 2.60872e-05
4.66504e+00 1.99553e+00 2.58452e-05
4.66504e+00 2.07230e+00 2.53991e-05
4.66504e+00 2.14949e+00 2.47456e-05
4.66504e+00 2.22703e+00 2.38874e-05
4.66504e+00 2.30483e+00 2.28338e-05
4.66504e+00 2.38282e+00 2.16008e-05
4.66504e+00 2.46093e+00 2.02111e-05
4.66504e+00 2.53907e+00 1.86934e-05
4.66504e+00 2.61718e+00 1.70814e-05
4.66504e+00 2.69517e+00 1.54120e-05
4.66504e+00 2.77297e+00 1.37238e-05
4.66504e+00 2.85051e+00 1.20549e-05
4.66504e+00 2.92770e+00 1.04410e-05
4.66504e+00 3.00447e+00 8.91344e-06
4.66504e+00 3.08076e+00 7.49781e-06
4.66504e+00 3.15647e+00 6.21298e-06
4.66504e+00 3.23154e+00 5.07064e-06
4.66504e+00 3.30590e+00 4.07547e-06
4.66504e+00 3.37947e+00 3.22580e-06
4.66504e+00 3.45218e+00 2.51464e-06
4.66504e+00 3.52396e+00 1.93091e-06
4.66504e+00 3.59474e+00 1.46088e-06
4.66504e+00 3.66445e+00 1.08942e-06
4.66504e+00 3.73303e+00 8.01146e-07
4.66504e+00 3.80040e+00 5.81323e-07
4.66504e+00 3.86649e+00 4.16500e-07
4.66504e+00 3.93125e+00 2.94886e-07
4.66504e+00 3.99462e+00 2.06505e-07
4.66504e+00 4.05652e+00 1.43181e-07
4.66504e+00 4.11690e+00 9.84037e-08
4.66504e+00 4.17571e+00 6.71174e-08
4.66504e+00 4.23287e+00 4.54914e-08
4.66504e+00 4.28835e+00 3.06834e-08
4.66504e+00 4.34207e+00 2.06255e-08
4.66504e+00 4.39400e+00 1.38391e-08
4.66504e+00 4.44407e+00 9.28368e-09
4.66504e+00 4.49224e+00 6.23690e-09
4.66504e+00 4.53847e+00 4.20342e-09
4.66504e+00 4.58271e+00 2.84698e-09
4.66504e+00 4.62491e+00 1.94126e-09
4.66504e+00 4.66504e+00 1.33499e-09
4.66504e+00 4.70305e+00 9.27562e-10
4.66504e+00 4.73890e+00 6.52293e-10
4.66504e+00 4.77257e+00 4.65087e-10
4.66504e+00 4.80402e+00 3.36785e-10
4.66504e+00 4.83322e+00 2.48092e-10
4.66504e+00 4.86014e+00 1.86208e-10
4.66504e+00 4.88475e+00 1.42612e-10
4.66504e+00 4.90703e+00 1.11610e-10
4.66504e+00 4.92696e+00 8.93712e-11
4.66504e+00 4.94452e+00 7.33097e-11
4.66504e+00 4.95969e+00 6.16678e-11
4.66504e+00 4.97246e+00 5.32473e-11
4.66504e+00 4.98281e+00 4.72308e-11
4.66504e+00 4.99074e+00 4.30654e-11
4.66504e+00 4.99623e+00 4.03856e-11
4.66504e+00 4.99928e+00 3.89643e-11
4.70305e+00 7.15683e-04 8.58920e-09
4.70305e+00 3.77012e-03 4.52468e-08
4.70305e+00 9.26216e-03 1.11159e-07
4.70305e+00 1.71877e-02 2.06278e-07
4.70305e+00 2.75390e-02 3.30513e-07
4.70305e+00 4.03061e-02 4.83750e-07
4.70305e+00 5.54766e-02 6.65849e-07
4.70305e+00 7.30356e-02 8.76647e-07
4.70305e+00 9.29659e-02 1.11596e-06
4.70305e+00 1.15248e-01 1.38360e-06
4.70305e+00 1.39860e-01 1.67934e-06
4.70305e+00 1.66779e-01 2.00295e-06
4.70305e+00 1.95977e-01 2.35420e-06
4.70305e+00 2.27426e-01 2.73283e-06
4.70305e+00 2.61096e-01 3.13857e-06
4.70305e+00 2.96953e-01 3.57114e-06
4.70305e+00 3.34963e-01 4.03022e-06
4.70305e+00 3.75089e-01 4.51547e-06
4.70305e+00 4.17290e-01 5.02647e-06
4.70305e+00 4.61527e-01 5.56275e-06
4.70305e+00 5.07755e-01 6.12373e-06
4.70305e+00 5.55930e-01 6.70869e-06
4.70305e+00 6.06005e-01 7.31671e-06
4.70305e+00 6.57930e-01 7.94666e-06
4.70305e+00 7.11655e-01 8.59707e-06
4.70305e+00 7.67127e-01 9.26613e-06
4.70305e+00 8.24292e-01 9.95154e-06
4.70305e+00 8.83095e-01 1.06504e-05
4.70305e+00 9.43478e-01 1.13593e-05
4.70305e+00 1.00538e+00 1.20739e-05
4.70305e+00 1.06875e+00 1.27890e-05
4.70305e+00 1.13351e+00 1.34985e-05
4.70305e+00 1.19960e+00 1.41953e-05
4.70305e+00 1.26697e+00 1.48709e-05
4.70305e+00 1.33555e+00 1.55161e-05
4.70305e+00 1.40526e+00 1.61201e-05
4.70305e+00 1.47604e+00 1.66715e-05
4.70305e+00 1.54782e+00 1.71578e-05
4.70305e+00 1.62053e+00 1.75658e-05
4.70305e+00 1.69410e+00 1.78824e-05
4.70305e+00 1.76846e+00 1.80945e-05
4.70305e+00 1.84353e+00 1.81897e-05
4.70305e+00 1.91924e+00 1.81574e-05
4.70305e+00 1.99553e+00 1.79887e-05
4.70305e+00 2.07230e+00 1.76779e-05
4.70305e+00 2.14949e+00 1.72227e-05
4.70305e+00 2.22703e+00 1.66251e-05
4.70305e+00 2.30483e+00 1.58914e-05
4.70305e+00 2.38282e+00 1.50329e-05
4.70305e+00 2.46093e+00 1.40654e-05
4.70305e+00 2.53907e+00 1.30089e-05
4.70305e+00 2.61718e+00 1.18867e-05
4.70305e+00 2.69517e+00 1.07246e-05
4.70305e+00 2.77297e+00 9.54952e-06
4.70305e+00 2.85051e+00 8.38795e-06
4.70305e+00 2.92770e+00 7.26470e-06
4.70305e+00 3.00447e+00 6.20160e-06
4.70305e+00 3.08076e+00 5.21644e-06
4.70305e+00 3.15647e+00 4.32236e-06
4.70305e+00 3.23154e+00 3.52747e-06
4.70305e+00 3.30590e+00 2.83503e-06
4.70305e+00 3.37947e+00 2.24387e-06
4.70305e+00 3.45218e+00 1.74909e-06
4.70305e+00 3.52396e+00 1.34300e-06
4.70305e+00 3.59474e+00 1.01603e-06
4.70305e+00 3.66445e+00 7.57642e-07
4.70305e+00 3.73303e+00 5.57130e-07
4.70305e+00 3.80040e+00 4.04239e-07
4.70305e+00 3.86649e+00 2.89609e-07
4.70305e+00 3.93125e+00 2.05034e-07
4.70305e+00 3.99462e+00 1.43575e-07
4.70305e+00 4.05652e+00 9.95432e-08
4.70305e+00 4.11690e+00 6.84088e-08
4.70305e+00 4.17571e+00 4.66565e-08
4.70305e+00 4.23287e+00 3.16215e-08
4.70305e+00 4.28835e+00 2.13272e-08
4.70305e+00 4.34207e+00 1.43355e-08
4.70305e+00 4.39400e+00 9.61818e-09
4.70305e+00 4.44407e+00 6.45183e-09
4.70305e+00 4.49224e+00 4.33422e-09
4.70305e+00 4.53847e+00 2.92095e-09
4.70305e+00 4.58271e+00 1.97827e-09
4.70305e+00 4.62491e+00 1.34886e-09
4.70305e+00 4.66504e+00 9.27562e-10
4.70305e+00 4.70305e+00 6.44450e-10
4.70305e+00 4.73890e+00 4.53182e-10
4.70305e+00 4.77257e+00 3.23108e-10
4.70305e+00 4.80402e+00 2.33966e-10
4.70305e+00 4.83322e+00 1.72345e-10
4.70305e+00 4.86014e+00 1.29351e-10
4.70305e+00 4.88475e+00 9.90647e-11
4.70305e+00 4.90703e+00 7.75269e-11
4.70305e+00 4.92696e+00 6.20781e-11
4.70305e+00 4.94452e+00 5.09207e-11
4.70305e+00 4.95969e+00 4.28336e-11
4.70305e+00 4.97246e+00 3.69842e-11
4.70305e+00 4.98281e+00 3.28050e-11
4.70305e+00 4.99074e+00 2.99116e-11
4.70305e+00 4.99623e+00 2.80501e-11
4.70305e+00 4.99928e+00 2.70629e-11
4.73890e+00 7.15683e-04 6.05134e-09
4.73890e+00 3.77012e-03 3.18776e-08
4.73890e+00 9.26216e-03 7.83148e-08
4.73890e+00 1.71877e-02 1.45328e-07
4.73890e+00 2.75390e-02 2.32856e-07
4.73890e+00 4.03061e-02 3.40816e-07
4.73890e+00 5.54766e-02 4.69109e-07
4.73890e+00 7.30356e-02 6.17623e-07
4.73890e+00 9.29659e-02 7.86227e-07
4.73890e+00 1.15248e-01 9.74783e-07
4.73890e+00 1.39860e-01 1.18314e-06
4.73890e+00 1.66779e-01 1.41113e-06
4.73890e+00 1.95977e-01 1.65860e-06
4.73890e+00 2.27426e-01 1.92535e-06
4.73890e+00 2.61096e-01 2.21121e-06
4.73890e+00 2.96953e-01 2.51597e-06
4.73890e+00 3.34963e-01 2.83940e-06
4.73890e+00 3.75089e-01 3.18127e-06
4.73890e+00 4.17290e-01 3.54128e-06
4.73890e+00 4.61527e-01 3.91911e-06
4.73890e+00 5.07755e-01 4.31433e-06
4.73890e+00 5.55930e-01 4.72644e-06
4.73890e+00 6.06005e-01 5.15480e-06
4.73890e+00 6.57930e-01 5.59861e-06
4.73890e+00 7.11655e-01 6.05684e-06
4.73890e+00 7.67127e-01 6.52819e-06
4.73890e+00 8.24292e-01 7.01107e-06
4.73890e+00 8.83095e-01 7.50344e-06
4.73890e+00 9.43478e-01 8.00284e-06
4.73890e+00 1.00538e+00 8.50624e-06
4.73890e+00 1.06875e+00 9.01002e-06
4.73890e+00 1.13351e+00 9.50985e-06
4.73890e+00 1.19960e+00 1.00007e-05
4.73890e+00 1.26697e+00 1.04766e-05
4.73890e+00 1.33555e+00 1.09311e-05
4.73890e+00 1.40526e+00 1.13565e-05
4.73890e+00 1.47604e+00 1.17449e-05
4.73890e+00 1.54782e+00 1.20873e-05
4.73890e+00 1.62053e+00 1.23747e-05
4.73890e+00 1.69410e+00 1.25976e-05
4.73890e+00 1.76846e+00 1.27468e-05
4.73890e+00 1.84353e+00 1.28137e-05
4.73890e+00 1.91924e+00 1.27907e-05
4.73890e+00 1.99553e+00 1.26717e-05
4.73890e+00 2.07230e+00 1.24525e-05
4.73890e+00 2.14949e+00 1.21317e-05
4.73890e+00 2.22703e+00 1.17104e-05
4.73890e+00 2.30483e+00 1.11934e-05
4.73890e+00 2.38282e+00 1.05885e-05
4.73890e+00 2.46093e+00 9.90672e-06
4.73890e+00 2.53907e+00 9.16229e-06
4.73890e+00 2.61718e+00 8.37166e-06
4.73890e+00 2.69517e+00 7.55298e-06
4.73890e+00 2.77297e+00 6.72517e-06
4.73890e+00 2.85051e+00 5.90693e-06
4.73890e+00 2.92770e+00 5.11572e-06
4.73890e+00 3.00447e+00 4.36692e-06
4.73890e+00 3.08076e+00 3.67306e-06
4.73890e+00 3.15647e+00 3.04338e-06
4.73890e+00 3.23154e+00 2.48358e-06
4.73890e+00 3.30590e+00 1.99597e-06
4.73890e+00 3.37947e+00 1.57969e-06
4.73890e+00 3.45218e+00 1.23130e-06
4.73890e+00 3.52396e+00 9.45383e-07
4.73890e+00 3.59474e+00 7.15181e-07
4.73890e+00 3.66445e+00 5.33275e-07
4.73890e+00 3.73303e+00 3.92121e-07
4.73890e+00 3.80040e+00 2.84498e-07
4.73890e+00 3.86649e+00 2.03812e-07
4.73890e+00 3.93125e+00 1.44285e-07
4.73890e+00 3.99462e+00 1.01030e-07
4.73890e+00 4.05652e+00 7.00422e-08
4.73890e+00 4.11690e+00 4.81324e-08
4.73890e+00 4.17571e+00 3.28258e-08
4.73890e+00 4.23287e+00 2.22466e-08
4.73890e+00 4.28835e+00 1.50035e-08
4.73890e+00 4.34207e+00 1.00844e-08
4.73890e+00 4.39400e+00 6.76563e-09
4.73890e+00 4.44407e+00 4.53813e-09
4.73890e+00 4.49224e+00 3.04849e-09
4.73890e+00 4.53847e+00 2.05437e-09
4.73890e+00 4.58271e+00 1.39130e-09
4.73890e+00 4.62491e+00 9.48601e-10
4.73890e+00 4.66504e+00 6.52293e-10
4.73890e+00 4.70305e+00 4.53182e-10
4.73890e+00 4.73890e+00 3.18669e-10
4.73890e+00 4.77257e+00 2.27196e-10
4.73890e+00 4.80402e+00 1.64510e-10
4.73890e+00 4.83322e+00 1.21178e-10
4.73890e+00 4.86014e+00 9.09462e-11
4.73890e+00 4.88475e+00 6.96501e-11
4.73890e+00 4.90703e+00 5.45061e-11
4.73890e+00 4.92696e+00 4.36438e-11
4.73890e+00 4.94452e+00 3.57989e-11
4.73890e+00 4.95969e+00 3.01130e-11
4.73890e+00 4.97246e+00 2.60004e-11
4.73890e+00 4.98281e+00 2.30621e-11
4.73890e+00 4.99074e+00 2.10278e-11
4.73890e+00 4.99623e+00 1.97191e-11
4.73890e+00 4.99928e+00 1.90250e-11
4.77257e+00 7.15683e-04 4.32242e-09
4.77257e+00 3.77012e-03 2.27699e-08
4.77257e+00 9.26216e-03 5.59396e-08
4.77257e+00 1.71877e-02 1.03807e-07
4.77257e+00 2.75390e-02 1.66327e-07
4.77257e+00 4.03061e-02 2.43442e-07
4.77257e+00 5.54766e-02 3.35081e-07
4.77257e+00 7.30356e-02 4.41163e-07
4.77257e+00 9.29659e-02 5.61596e-07
4.77257e+00 1.15248e-01 6.96279e-07
4.77257e+00 1.39860e-01 8.45106e-07
4.77257e+00 1.66779e-01 1.00796e-06
4.77257e+00 1.95977e-01 1.18472e-06
4.77257e+00 2.27426e-01 1.37526e-06
4.77257e+00 2.61096e-01 1.57945e-06
4.77257e+00 2.96953e-01 1.79713e-06
4.77257e+00 3.34963e-01 2.02816e-06
4.77257e+00 3.75089e-01 2.27235e-06
4.77257e+00 4.17290e-01 2.52950e-06
4.77257e+00 4.61527e-01 2.79937e-06
4.77257e+00 5.07755e-01 3.08167e-06
4.77257e+00 5.55930e-01 3.37603e-06
4.77257e+00 6.06005e-01 3.68200e-06
4.77257e+00 6.57930e-01 3.99900e-06
4.77257e+00 7.11655e-01 4.32629e-06
4.77257e+00 7.67127e-01 4.66297e-06
4.77257e+00 8.24292e-01 5.00786e-06
4.77257e+00 8.83095e-01 5.35953e-06
4.77257e+00 9.43478e-01 5.71622e-06
4.77257e+00 1.00538e+00 6.07577e-06
4.77257e+00 1.06875e+00 6.43557e-06
4.77257e+00 1.13351e+00 6.79255e-06
4.77257e+00 1.19960e+00 7.14309e-06
4.77257e+00 1.26697e+00 7.48300e-06
4.77257e+00 1.33555e+00 7.80753e-06
4.77257e+00 1.40526e+00 8.11136e-06
4.77257e+00 1.47604e+00 8.38867e-06
4.77257e+00 1.54782e+00 8.63317e-06
4.77257e+00 1.62053e+00 8.83831e-06
4.77257e+00 1.69410e+00 8.99739e-06
4.77257e+00 1.76846e+00 9.10385e-06
4.77257e+00 1.84353e+00 9.15152e-06
4.77257e+00 1.91924e+00 9.13494e-06
4.77257e+00 1.99553e+00 9.04977e-06
4.77257e+00 2.07230e+00 8.89308e-06
4.77257e+00 2.14949e+00 8.66375e-06
4.77257e+00 2.22703e+00 8.36274e-06
4.77257e+00 2.30483e+00 7.99332e-06
4.77257e+00 2.38282e+00 7.56112e-06
4.77257e+00 2.46093e+00 7.07411e-06
4.77257e+00 2.53907e+00 6.54234e-06
4.77257e+00 2.61718e+00 5.97761e-06
4.77257e+00 2.69517e+00 5.39287e-06
4.77257e+00 2.77297e+00 4.80165e-06
4.77257e+00 2.85051e+00 4.21728e-06
4.77257e+00 2.92770e+00 3.65226e-06
4.77257e+00 3.00447e+00 3.11755e-06
4.77257e+00 3.08076e+00 2.62209e-06
4.77257e+00 3.15647e+00 2.17249e-06
4.77257e+00 3.23154e+00 1.77281e-06
4.77257e+00 3.30590e+00 1.42468e-06
4.77257e+00 3.37947e+00 1.12749e-06
4.77257e+00 3.45218e+00 8.78795e-07
4.77257e+00 3.52396e+00 6.74698e-07
4.77257e+00 3.59474e+00 5.10383e-07
4.77257e+00 3.66445e+00 3.80548e-07
4.77257e+00 3.73303e+00 2.79806e-07
4.77257e+00 3.80040e+00 2.02999e-07
4.77257e+00 3.86649e+00 1.45420e-07
4.77257e+00 3.93125e+00 1.02942e-07
4.77257e+00 3.99462e+00 7.20774e-08
4.77257e+00 4.05652e+00 4.99674e-08
4.77257e+00 4.11690e+00 3.43354e-08
4.77257e+00 4.17571e+00 2.34152e-08
4.77257e+00 4.23287e+00 1.58681e-08
4.77257e+00 4.28835e+00 1.07012e-08
4.77257e+00 4.34207e+00 7.19231e-09
4.77257e+00 4.39400e+00 4.82512e-09
4.77257e+00 4.44407e+00 3.23637e-09
4.77257e+00 4.49224e+00 2.17393e-09
4.77257e+00 4.53847e+00 1.46494e-09
4.77257e+00 4.58271e+00 9.92078e-10
4.77257e+00 4.62491e+00 6.76381e-10
4.77257e+00 4.66504e+00 4.65087e-10
4.77257e+00 4.70305e+00 3.23108e-10
4.77257e+00 4.73890e+00 2.27196e-10
4.77257e+00 4.77257e+00 1.61975e-10
4.77257e+00 4.80402e+00 1.17280e-10
4.77257e+00 4.83322e+00 8.63865e-11
4.77257e+00 4.86014e+00 6.48328e-11
4.77257e+00 4.88475e+00 4.96502e-11
4.77257e+00 4.90703e+00 3.88540e-11
4.77257e+00 4.92696e+00 3.11103e-11
4.77257e+00 4.94452e+00 2.55179e-11
4.77257e+00 4.95969e+00 2.14645e-11
4.77257e+00 4.97246e+00 1.85328e-11
4.77257e+00 4.98281e+00 1.64383e-11
4.77257e+00 4.99074e+00 1.49882e-11
4.77257e+00 4.99623e+00 1.40553e-11
4.77257e+00 4.99928e+00 1.35605e-11
4.80402e+00 7.15683e-04 3.13551e-09
4.80402e+00 3.77012e-03 1.65174e-08
4.80402e+00 9.26216e-03 4.05789e-08
4.80402e+00 1.71877e-02 7.53021e-08
4.80402e+00 2.75390e-02 1.20655e-07
4.80402e+00 4.03061e-02 1.76594e-07
4.80402e+00 5.54766e-02 2.43070e-07
4.80402e+00 7.30356e-02 3.20022e-07
4.80402e+00 9.29659e-02 4.07385e-07
4.80402e+00 1.15248e-01 5.05085e-07
4.80402e+00 1.39860e-01 6.13044e-07
4.80402e+00 1.66779e-01 7.31180e-07
4.80402e+00 1.95977e-01 8.59403e-07
4.80402e+00 2.27426e-01 9.97622e-07
4.80402e+00 2.61096e-01 1.14574e-06
4.80402e+00 2.96953e-01 1.30365e-06
4.80402e+00 3.34963e-01 1.47123e-06
4.80402e+00 3.75089e-01 1.64837e-06
4.80402e+00 4.17290e-01 1.83490e-06
4.80402e+00 4.61527e-01 2.03067e-06
4.80402e+00 5.07755e-01 2.23544e-06
4.80402e+00 5.55930e-01 2.44897e-06
4.80402e+00 6.06005e-01 2.67091e-06
4.80402e+00 6.57930e-01 2.90086e-06
4.80402e+00 7.11655e-01 3.13827e-06
4.80402e+00 7.67127e-01 3.38248e-06
4.80402e+00 8.24292e-01 3.63265e-06
4.80402e+00 8.83095e-01 3.88774e-06
4.80402e+00 9.43478e-01 4.14646e-06
4.80402e+00 1.00538e+00 4.40725e-06
4.80402e+00 1.06875e+00 4.66822e-06
4.80402e+00 1.13351e+00 4.92713e-06
4.80402e+00 1.19960e+00 5.18137e-06
4.80402e+00 1.26697e+00 5.42789e-06
4.80402e+00 1.33555e+00 5.66325e-06
4.80402e+00 1.40526e+00 5.88358e-06
4.80402e+00 1.47604e+00 6.08467e-06
4.80402e+00 1.54782e+00 6.26195e-06
4.80402e+00 1.62053e+00 6.41067e-06
4.80402e+00 1.69410e+00 6.52597e-06
4.80402e+00 1.76846e+00 6.60309e-06
4.80402e+00 1.84353e+00 6.63756e-06
4.80402e+00 1.91924e+00 6.62543e-06
4.80402e+00 1.99553e+00 6.56354e-06
4.80402e+00 2.07230e+00 6.44977e-06
4.80402e+00 2.14949e+00 6.28331e-06
4.80402e+00 2.22703e+00 6.06487e-06
4.80402e+00 2.30483e+00 5.79682e-06
4.80402e+00 2.38282e+00 5.48325e-06
4.80402e+00 2.46093e+00 5.12993e-06
4.80402e+00 2.53907e+00 4.74417e-06
4.80402e+00 2.61718e+00 4.33452e-06
4.80402e+00 2.69517e+00 3.91039e-06
4.80402e+00 2.77297e+00 3.48157e-06
4.80402e+00 2.85051e+00 3.05776e-06
4.80402e+00 2.92770e+00 2.64799e-06
4.80402e+00 3.00447e+00 2.26022e-06
4.80402e+00 3.08076e+00 1.90094e-06
4.80402e+00 3.15647e+00 1.57492e-06
4.80402e+00 3.23154e+00 1.28512e-06
4.80402e+00 3.30590e+00 1.03272e-06
4.80402e+00 3.37947e+00 8.17260e-07
4.80402e+00 3.45218e+00 6.36963e-07
4.80402e+00 3.52396e+00 4.89008e-07
4.80402e+00 3.59474e+00 3.69898e-07
4.80402e+00 3.66445e+00 2.75788e-07
4.80402e+00 3.73303e+00 2.02769e-07
4.80402e+00 3.80040e+00 1.47102e-07
4.80402e+00 3.86649e+00 1.05372e-07
4.80402e+00 3.93125e+00 7.45889e-08
4.80402e+00 3.99462e+00 5.22228e-08
4.80402e+00 4.05652e+00 3.62016e-08
4.80402e+00 4.11690e+00 2.48750e-08
4.80402e+00 4.17571e+00 1.69628e-08
4.80402e+00 4.23287e+00 1.14949e-08
4.80402e+00 4.28835e+00 7.75162e-09
4.80402e+00 4.34207e+00 5.20965e-09
4.80402e+00 4.39400e+00 3.49486e-09
4.80402e+00 4.44407e+00 2.34402e-09
4.80402e+00 4.49224e+00 1.57446e-09
4.80402e+00 4.53847e+00 1.06093e-09
4.80402e+00 4.58271e+00 7.18450e-10
4.80402e+00 4.62491e+00 4.89808e-10
4.80402e+00 4.66504e+00 3.36785e-10
4.80402e+00 4.70305e+00 2.33966e-10
4.80402e+00 4.73890e+00 1.64510e-10
4.80402e+00 4.77257e+00 1.17280e-10
4.80402e+00 4.80402e+00 8.49160e-11
4.80402e+00 4.83322e+00 6.25459e-11
4.80402e+00 4.86014e+00 4.69394e-11
4.80402e+00 4.88475e+00 3.59463e-11
4.80402e+00 4.90703e+00 2.81293e-11
4.80402e+00 4.92696e+00 2.25227e-11
4.80402e+00 4.94452e+00 1.84737e-11
4.80402e+00 4.95969e+00 1.55390e-11
4.80402e+00 4.97246e+00 1.34165e-11
4.80402e+00 4.98281e+00 1.19001e-11
4.80402e+00 4.99074e+00 1.08502e-11
4.80402e+00 4.99623e+00 1.01748e-11
4.80402e+00 4.99928e+00 9.81663e-12
4.83322e+00 7.15683e-04 2.31366e-09
4.83322e+00 3.77012e-03 1.21881e-08
4.83322e+00 9.26216e-03 2.99428e-08
4.83322e+00 1.71877e-02 5.55647e-08
4.83322e+00 2.75390e-02 8.90298e-08
4.83322e+00 4.03061e-02 1.30307e-07
4.83322e+00 5.54766e-02 1.79359e-07
4.83322e+00 7.30356e-02 2.36141e-07
4.83322e+00 9.29659e-02 3.00605e-07
4.83322e+00 1.15248e-01 3.72697e-07
4.83322e+00 1.39860e-01 4.52359e-07
4.83322e+00 1.66779e-01 5.39530e-07
4.83322e+00 1.95977e-01 6.34145e-07
4.83322e+00 2.27426e-01 7.36134e-07
4.83322e+00 2.61096e-01 8.45427e-07
4.83322e+00 2.96953e-01 9.61945e-07
4.83322e+00 3.34963e-01 1.08560e-06
4.83322e+00 3.75089e-01 1.21631e-06
4.83322e+00 4.17290e-01 1.35395e-06
4.83322e+00 4.61527e-01 1.49840e-06
4.83322e+00 5.07755e-01 1.64950e-06
4.83322e+00 5.55930e-01 1.80705e-06
4.83322e+00 6.06005e-01 1.97082e-06
4.83322e+00 6.57930e-01 2.14048e-06
4.83322e+00 7.11655e-01 2.31566e-06
4.83322e+00 7.67127e-01 2.49584e-06
4.83322e+00 8.24292e-01 2.68043e-06
4.83322e+00 8.83095e-01 2.86864e-06
4.83322e+00 9.43478e-01 3.05953e-06
4.83322e+00 1.00538e+00 3.25194e-06
4.83322e+00 1.06875e+00 3.44448e-06
4.83322e+00 1.13351e+00 3.63550e-06
4.83322e+00 1.19960e+00 3.82306e-06
4.83322e+00 1.26697e+00 4.00493e-06
4.83322e+00 1.33555e+00 4.17855e-06
4.83322e+00 1.40526e+00 4.34108e-06
4.83322e+00 1.47604e+00 4.48940e-06
4.83322e+00 1.54782e+00 4.62015e-06
4.83322e+00 1.62053e+00 4.72982e-06
4.83322e+00 1.69410e+00 4.81482e-06
4.83322e+00 1.76846e+00 4.87165e-06
4.83322e+00 1.84353e+00 4.89701e-06
4.83322e+00 1.91924e+00 4.88798e-06
4.83322e+00 1.99553e+00 4.84222e-06
4.83322e+00 2.07230e+00 4.75820e-06
4.83322e+00 2.14949e+00 4.63530e-06
4.83322e+00 2.22703e+00 4.47406e-06
4.83322e+00 2.30483e+00 4.27621e-06
4.83322e+00 2.38282e+00 4.04479e-06
4.83322e+00 2.46093e+00 3.78406e-06
4.83322e+00 2.53907e+00 3.49941e-06
4.83322e+00 2.61718e+00 3.19715e-06
4.83322e+00 2.69517e+00 2.88422e-06
4.83322e+00 2.77297e+00 2.56785e-06
4.83322e+00 2.85051e+00 2.25518e-06
4.83322e+00 2.92770e+00 1.95290e-06
4.83322e+00 3.00447e+00 1.66686e-06
4.83322e+00 3.08076e+00 1.40184e-06
4.83322e+00 3.15647e+00 1.16138e-06
4.83322e+00 3.23154e+00 9.47638e-07
4.83322e+00 3.30590e+00 7.61484e-07
4.83322e+00 3.37947e+00 6.02589e-07
4.83322e+00 3.45218e+00 4.69631e-07
4.83322e+00 3.52396e+00 3.60528e-07
4.83322e+00 3.59474e+00 2.72701e-07
4.83322e+00 3.66445e+00 2.03311e-07
4.83322e+00 3.73303e+00 1.49475e-07
4.83322e+00 3.80040e+00 1.08434e-07
4.83322e+00 3.86649e+00 7.76698e-08
4.83322e+00 3.93125e+00 5.49770e-08
4.83322e+00 3.99462e+00 3.84899e-08
4.83322e+00 4.05652e+00 2.66805e-08
4.83322e+00 4.11690e+00 1.83320e-08
4.83322e+00 4.17571e+00 1.25005e-08
4.83322e+00 4.23287e+00 8.47059e-09
4.83322e+00 4.28835e+00 5.71194e-09
4.83322e+00 4.34207e+00 3.83868e-09
4.83322e+00 4.39400e+00 2.57504e-09
4.83322e+00 4.44407e+00 1.72702e-09
4.83322e+00 4.49224e+00 1.15998e-09
4.83322e+00 4.53847e+00 7.81616e-10
4.83322e+00 4.58271e+00 5.29280e-10
4.83322e+00 4.62491e+00 3.60828e-10
4.83322e+00 4.66504e+00 2.48092e-10
4.83322e+00 4.70305e+00 1.72345e-10
4.83322e+00 4.73890e+00 1.21178e-10
4.83322e+00 4.77257e+00 8.63865e-11
4.83322e+00 4.80402e+00 6.25459e-11
4.83322e+00 4.83322e+00 4.60678e-11
4.83322e+00 4.86014e+00 3.45721e-11
4.83322e+00 4.88475e+00 2.64749e-11
4.83322e+00 4.90703e+00 2.07172e-11
4.83322e+00 4.92696e+00 1.65876e-11
4.83322e+00 4.94452e+00 1.36054e-11
4.83322e+00 4.95969e+00 1.14439e-11
4.83322e+00 4.97246e+00 9.88069e-12
4.83322e+00 4.98281e+00 8.76381e-12
4.83322e+00 4.99074e+00 7.99060e-12
4.83322e+00 4.99623e+00 7.49317e-12
4.83322e+00 4.99928e+00 7.22936e-12
4.86014e+00 7.15683e-04 1.73932e-09
4.86014e+00 3.77012e-03 9.16251e-09
4.86014e+00 9.26216e-03 2.25098e-08
4.86014e+00 1.71877e-02 4.17714e-08
4.86014e+00 2.75390e-02 6.69292e-08
4.86014e+00 4.03061e-02 9.79598e-08
4.86014e+00 5.54766e-02 1.34835e-07
4.86014e+00 7.30356e-02 1.77522e-07
4.86014e+00 9.29659e-02 2.25983e-07
4.86014e+00 1.15248e-01 2.80179e-07
4.86014e+00 1.39860e-01 3.40066e-07
4.86014e+00 1.66779e-01 4.05597e-07
4.86014e+00 1.95977e-01 4.76725e-07
4.86014e+00 2.27426e-01 5.53396e-07
4.86014e+00 2.61096e-01 6.35558e-07
4.86014e+00 2.96953e-01 7.23151e-07
4.86014e+00 3.34963e-01 8.16111e-07
4.86014e+00 3.75089e-01 9.14368e-07
4.86014e+00 4.17290e-01 1.01784e-06
4.86014e+00 4.61527e-01 1.12643e-06
4.86014e+00 5.07755e-01 1.24002e-06
4.86014e+00 5.55930e-01 1.35846e-06
4.86014e+00 6.06005e-01 1.48156e-06
4.86014e+00 6.57930e-01 1.60910e-06
4.86014e+00 7.11655e-01 1.74079e-06
4.86014e+00 7.67127e-01 1.87624e-06
4.86014e+00 8.24292e-01 2.01499e-06
4.86014e+00 8.83095e-01 2.15647e-06
4.86014e+00 9.43478e-01 2.29995e-06
4.86014e+00 1.00538e+00 2.44458e-06
4.86014e+00 1.06875e+00 2.58930e-06
4.86014e+00 1.13351e+00 2.73288e-06
4.86014e+00 1.19960e+00 2.87385e-06
4.86014e+00 1.26697e+00 3.01054e-06
4.86014e+00 1.33555e+00 3.14103e-06
4.86014e+00 1.40526e+00 3.26317e-06
4.86014e+00 1.47604e+00 3.37462e-06
4.86014e+00 1.54782e+00 3.47287e-06
4.86014e+00 1.62053e+00 3.55526e-06
4.86014e+00 1.69410e+00 3.61911e-06
4.86014e+00 1.76846e+00 3.66177e-06
4.86014e+00 1.84353e+00 3.68077e-06
4.86014e+00 1.91924e+00 3.67392e-06
4.86014e+00 1.99553e+00 3.63947e-06
4.86014e+00 2.07230e+00 3.57624e-06
4.86014e+00 2.14949e+00 3.48380e-06
4.86014e+00 2.22703e+00 3.36254e-06
4.86014e+00 2.30483e+00 3.21378e-06
4.86014e+00 2.38282e+00 3.03978e-06
4.86014e+00 2.46093e+00 2.84376e-06
4.86014e+00 2.53907e+00 2.62977e-06
4.86014e+00 2.61718e+00 2.40255e-06
4.86014e+00 2.69517e+00 2.16733e-06
4.86014e+00 2.77297e+00 1.92954e-06
4.86014e+00 2.85051e+00 1.69454e-06
4.86014e+00 2.92770e+00 1.46735e-06
4.86014e+00 3.00447e+00 1.25239e-06
4.86014e+00 3.08076e+00 1.05323e-06
4.86014e+00 3.15647e+00 8.72534e-07
4.86014e+00 3.23154e+00 7.11925e-07
4.86014e+00 3.30590e+00 5.72052e-07
4.86014e+00 3.37947e+00 4.52668e-07
4.86014e+00 3.45218e+00 3.52774e-07
4.86014e+00 3.52396e+00 2.70808e-07
4.86014e+00 3.59474e+00 2.04829e-07
4.86014e+00 3.66445e+00 1.52703e-07
4.86014e+00 3.73303e+00 1.12263e-07
4.86014e+00 3.80040e+00 8.14356e-08
4.86014e+00 3.86649e+00 5.83289e-08
4.86014e+00 3.93125e+00 4.12852e-08
4.86014e+00 3.99462e+00 2.89030e-08
4.86014e+00 4.05652e+00 2.00342e-08
4.86014e+00 4.11690e+00 1.37648e-08
4.86014e+00 4.17571e+00 9.38572e-09
4.86014e+00 4.23287e+00 6.35971e-09
4.86014e+00 4.28835e+00 4.28835e-09
4.86014e+00 4.34207e+00 2.88185e-09
4.86014e+00 4.39400e+00 1.93312e-09
4.86014e+00 4.44407e+00 1.29645e-09
4.86014e+00 4.49224e+00 8.70751e-10
4.86014e+00 4.53847e+00 5.86706e-10
4.86014e+00 4.58271e+00 3.97281e-10
4.86014e+00 4.62491e+00 2.70831e-10
4.86014e+00 4.66504e+00 1.86208e-10
4.86014e+00 4.70305e+00 1.29351e-10
4.86014e+00 4.73890e+00 9.09462e-11
4.86014e+00 4.77257e+00 6.48328e-11
4.86014e+00 4.80402e+00 4.69394e-11
4.86014e+00 4.83322e+00 3.45721e-11
4.86014e+00 4.86014e+00 2.59445e-11
4.86014e+00 4.88475e+00 1.98676e-11
4.86014e+00 4.90703e+00 1.55466e-11
4.86014e+00 4.92696e+00 1.24475e-11
4.86014e+00 4.94452e+00 1.02094e-11
4.86014e+00 4.95969e+00 8.58738e-12
4.86014e+00 4.97246e+00 7.41426e-12
4.86014e+00 4.98281e+00 6.57612e-12
4.86014e+00 4.99074e+00 5.99589e-12
4.86014e+00 4.99623e+00 5.62261e-12
4.86014e+00 4.99928e+00 5.42464e-12
4.88475e+00 7.15683e-04 1.33411e-09
4.88475e+00 3.77012e-03 7.02791e-09
4.88475e+00 9.26216e-03 1.72657e-08
4.88475e+00 1.71877e-02 3.20398e-08
4.88475e+00 2.75390e-02 5.13366e-08
4.88475e+00 4.03061e-02 7.51379e-08
4.88475e+00 5.54766e-02 1.03422e-07
4.88475e+00 7.30356e-02 1.36164e-07
4.88475e+00 9.29659e-02 1.73335e-07
4.88475e+00 1.15248e-01 2.14905e-07
4.88475e+00 1.39860e-01 2.60840e-07
4.88475e+00 1.66779e-01 3.11104e-07
4.88475e+00 1.95977e-01 3.65661e-07
4.88475e+00 2.27426e-01 4.24470e-07
4.88475e+00 2.61096e-01 4.87490e-07
4.88475e+00 2.96953e-01 5.54675e-07
4.88475e+00 3.34963e-01 6.25978e-07
4.88475e+00 3.75089e-01 7.01343e-07
4.88475e+00 4.17290e-01 7.80707e-07
4.88475e+00 4.61527e-01 8.63996e-07
4.88475e+00 5.07755e-01 9.51118e-07
4.88475e+00 5.55930e-01 1.04196e-06
4.88475e+00 6.06005e-01 1.13638e-06
4.88475e+00 6.57930e-01 1.23421e-06
4.88475e+00 7.11655e-01 1.33520e-06
4.88475e+00 7.67127e-01 1.43909e-06
4.88475e+00 8.24292e-01 1.54551e-06
4.88475e+00 8.83095e-01 1.65402e-06
4.88475e+00 9.43478e-01 1.76406e-06
4.88475e+00 1.00538e+00 1.87498e-06
4.88475e+00 1.06875e+00 1.98597e-06
4.88475e+00 1.13351e+00 2.09608e-06
4.88475e+00 1.19960e+00 2.20419e-06
4.88475e+00 1.26697e+00 2.30901e-06
4.88475e+00 1.33555e+00 2.40907e-06
4.88475e+00 1.40526e+00 2.50272e-06
4.88475e+00 1.47604e+00 2.58818e-06
4.88475e+00 1.54782e+00 2.66350e-06
4.88475e+00 1.62053e+00 2.72665e-06
4.88475e+00 1.69410e+00 2.77558e-06
4.88475e+00 1.76846e+00 2.80827e-06
4.88475e+00 1.84353e+00 2.82279e-06
4.88475e+00 1.91924e+00 2.81749e-06
4.88475e+00 1.99553e+00 2.79102e-06
4.88475e+00 2.07230e+00 2.74249e-06
4.88475e+00 2.14949e+00 2.67154e-06
4.88475e+00 2.22703e+00 2.57850e-06
4.88475e+00 2.30483e+00 2.46437e-06
4.88475e+00 2.38282e+00 2.33089e-06
4.88475e+00 2.46093e+00 2.18053e-06
4.88475e+00 2.53907e+00 2.01639e-06
4.88475e+00 2.61718e+00 1.84213e-06
4.88475e+00 2.69517e+00 1.66172e-06
4.88475e+00 2.77297e+00 1.47936e-06
4.88475e+00 2.85051e+00 1.29915e-06
4.88475e+00 2.92770e+00 1.12494e-06
4.88475e+00 3.00447e+00 9.60105e-07
4.88475e+00 3.08076e+00 8.07402e-07
4.88475e+00 3.15647e+00 6.68857e-07
4.88475e+00 3.23154e+00 5.45720e-07
4.88475e+00 3.30590e+00 4.38486e-07
4.88475e+00 3.37947e+00 3.46963e-07
4.88475e+00 3.45218e+00 2.70386e-07
4.88475e+00 3.52396e+00 2.07555e-07
4.88475e+00 3.59474e+00 1.56981e-07
4.88475e+00 3.66445e+00 1.17027e-07
4.88475e+00 3.73303e+00 8.60314e-08
4.88475e+00 3.80040e+00 6.24048e-08
4.88475e+00 3.86649e+00 4.46962e-08
4.88475e+00 3.93125e+00 3.16347e-08
4.88475e+00 3.99462e+00 2.21460e-08
4.88475e+00 4.05652e+00 1.53500e-08
4.88475e+00 4.11690e+00 1.05460e-08
4.88475e+00 4.17571e+00 7.19069e-09
4.88475e+00 4.23287e+00 4.87220e-09
4.88475e+00 4.28835e+00 3.28520e-09
4.88475e+00 4.34207e+00 2.20763e-09
4.88475e+00 4.39400e+00 1.48081e-09
4.88475e+00 4.44407e+00 9.93075e-10
4.88475e+00 4.49224e+00 6.66969e-10
4.88475e+00 4.53847e+00 4.49385e-10
4.88475e+00 4.58271e+00 3.04286e-10
4.88475e+00 4.62491e+00 2.07429e-10
4.88475e+00 4.66504e+00 1.42612e-10
4.88475e+00 4.70305e+00 9.90647e-11
4.88475e+00 4.73890e+00 6.96501e-11
4.88475e+00 4.77257e+00 4.96502e-11
4.88475e+00 4.80402e+00 3.59463e-11
4.88475e+00 4.83322e+00 2.64749e-11
4.88475e+00 4.86014e+00 1.98676e-11
4.88475e+00 4.88475e+00 1.52137e-11
4.88475e+00 4.90703e+00 1.19047e-11
4.88475e+00 4.92696e+00 9.53144e-12
4.88475e+00 4.94452e+00 7.81761e-12
4.88475e+00 4.95969e+00 6.57550e-12
4.88475e+00 4.97246e+00 5.67717e-12
4.88475e+00 4.98281e+00 5.03536e-12
4.88475e+00 4.99074e+00 4.59104e-12
4.88475e+00 4.99623e+00 4.30521e-12
4.88475e+00 4.99928e+00 4.15362e-12
4.90703e+00 7.15683e-04 1.04554e-09
4.90703e+00 3.77012e-03 5.50775e-09
4.90703e+00 9.26216e-03 1.35311e-08
4.90703e+00 1.71877e-02 2.51095e-08
4.90703e+00 2.75390e-02 4.02323e-08
4.90703e+00 4.03061e-02 5.88854e-08
4.90703e+00 5.54766e-02 8.10516e-08
4.90703e+00 7.30356e-02 1.06711e-07
4.90703e+00 9.29659e-02 1.35842e-07
4.90703e+00 1.15248e-01 1.68420e-07
4.90703e+00 1.39860e-01 2.04419e-07
4.90703e+00 1.66779e-01 2.43811e-07
4.90703e+00 1.95977e-01 2.86567e-07
4.90703e+00 2.27426e-01 3.32655e-07
4.90703e+00 2.61096e-01 3.82043e-07
4.90703e+00 2.96953e-01 4.34696e-07
4.90703e+00 3.34963e-01 4.90575e-07
4.90703e+00 3.75089e-01 5.49637e-07
4.90703e+00 4.17290e-01 6.11833e-07
4.90703e+00 4.61527e-01 6.77105e-07
4.90703e+00 5.07755e-01 7.45380e-07
4.90703e+00 5.55930e-01 8.16571e-07
4.90703e+00 6.06005e-01 8.90567e-07
4.90703e+00 6.57930e-01 9.67227e-07
4.90703e+00 7.11655e-01 1.04637e-06
4.90703e+00 7.67127e-01 1.12778e-06
4.90703e+00 8.24292e-01 1.21118e-06
4.90703e+00 8.83095e-01 1.29621e-06
4.90703e+00 9.43478e-01 1.38244e-06
4.90703e+00 1.00538e+00 1.46936e-06
4.90703e+00 1.06875e+00 1.55633e-06
4.90703e+00 1.13351e+00 1.64260e-06
4.90703e+00 1.19960e+00 1.72731e-06
4.90703e+00 1.26697e+00 1.80944e-06
4.90703e+00 1.33555e+00 1.88783e-06
4.90703e+00 1.40526e+00 1.96120e-06
4.90703e+00 1.47604e+00 2.02815e-06
4.90703e+00 1.54782e+00 2.08715e-06
4.90703e+00 1.62053e+00 2.13661e-06
4.90703e+00 1.69410e+00 2.17493e-06
4.90703e+00 1.76846e+00 2.20051e-06
4.90703e+00 1.84353e+00 2.21186e-06
4.90703e+00 1.91924e+00 2.20767e-06
4.90703e+00 1.99553e+00 2.18689e-06
4.90703e+00 2.07230e+00 2.14883e-06
4.90703e+00 2.14949e+00 2.09320e-06
4.90703e+00 2.22703e+00 2.02026e-06
4.90703e+00 2.30483e+00 1.93080e-06
4.90703e+00 2.38282e+00 1.82618e-06
4.90703e+00 2.46093e+00 1.70834e-06
4.90703e+00 2.53907e+00 1.57971e-06
4.90703e+00 2.61718e+00 1.44314e-06
4.90703e+00 2.69517e+00 1.30178e-06
4.90703e+00 2.77297e+00 1.15889e-06
4.90703e+00 2.85051e+00 1.01769e-06
4.90703e+00 2.92770e+00 8.81193e-07
4.90703e+00 3.00447e+00 7.52052e-07
4.90703e+00 3.08076e+00 6.32420e-07
4.90703e+00 3.15647e+00 5.23884e-07
4.90703e+00 3.23154e+00 4.27423e-07
4.90703e+00 3.30590e+00 3.43422e-07
4.90703e+00 3.37947e+00 2.71733e-07
4.90703e+00 3.45218e+00 2.11752e-07
4.90703e+00 3.52396e+00 1.62541e-07
4.90703e+00 3.59474e+00 1.22930e-07
4.90703e+00 3.66445e+00 9.16394e-08
4.90703e+00 3.73303e+00 6.73658e-08
4.90703e+00 3.80040e+00 4.88636e-08
4.90703e+00 3.86649e+00 3.49963e-08
4.90703e+00 3.93125e+00 2.47685e-08
4.90703e+00 3.99462e+00 1.73387e-08
4.90703e+00 4.05652e+00 1.20175e-08
4.90703e+00 4.11690e+00 8.25618e-09
4.90703e+00 4.17571e+00 5.62919e-09
4.90703e+00 4.23287e+00 3.81404e-09
4.90703e+00 4.28835e+00 2.57163e-09
4.90703e+00 4.34207e+00 1.72806e-09
4.90703e+00 4.39400e+00 1.15909e-09
4.90703e+00 4.44407e+00 7.77297e-10
4.90703e+00 4.49224e+00 5.22032e-10
4.90703e+00 4.53847e+00 3.51720e-10
4.90703e+00 4.58271e+00 2.38149e-10
4.90703e+00 4.62491e+00 1.62340e-10
4.90703e+00 4.66504e+00 1.11610e-10
4.90703e+00 4.70305e+00 7.75269e-11
4.90703e+00 4.73890e+00 5.45061e-11
4.90703e+00 4.77257e+00 3.88540e-11
4.90703e+00 4.80402e+00 2.81293e-11
4.90703e+00 4.83322e+00 2.07172e-11
4.90703e+00 4.86014e+00 1.55466e-11
4.90703e+00 4.88475e+00 1.19047e-11
4.90703e+00 4.90703e+00 9.31526e-12
4.90703e+00 4.92696e+00 7.45812e-12
4.90703e+00 4.94452e+00 6.11701e-12
4.90703e+00 4.95969e+00 5.14506e-12
4.90703e+00 4.97246e+00 4.44211e-12
4.90703e+00 4.98281e+00 3.93990e-12
4.90703e+00 4.99074e+00 3.59223e-12
4.90703e+00 4.99623e+00 3.36857e-12
4.90703e+00 4.99928e+00 3.24995e-12
4.92696e+00 7.15683e-04 8.38272e-10
4.92696e+00 3.77012e-03 4.41591e-09
4.92696e+00 9.26216e-03 1.08487e-08
4.92696e+00 1.71877e-02 2.01319e-08
4.92696e+00 2.75390e-02 3.22568e-08
4.92696e+00 4.03061e-02 4.72121e-08
4.92696e+00 5.54766e-02 6.49841e-08
4.92696e+00 7.30356e-02 8.55571e-08
4.92696e+00 9.29659e-02 1.08913e-07
4.92696e+00 1.15248e-01 1.35033e-07
4.92696e+00 1.39860e-01 1.63896e-07
4.92696e+00 1.66779e-01 1.95479e-07
4.92696e+00 1.95977e-01 2.29758e-07
4.92696e+00 2.27426e-01 2.66710e-07
4.92696e+00 2.61096e-01 3.06307e-07
4.92696e+00 2.96953e-01 3.48521e-07
4.92696e+00 3.34963e-01 3.93323e-07
4.92696e+00 3.75089e-01 4.40676e-07
4.92696e+00 4.17290e-01 4.90542e-07
4.92696e+00 4.61527e-01 5.42873e-07
4.92696e+00 5.07755e-01 5.97612e-07
4.92696e+00 5.55930e-01 6.54688e-07
4.92696e+00 6.06005e-01 7.14013e-07
4.92696e+00 6.57930e-01 7.75473e-07
4.92696e+00 7.11655e-01 8.38927e-07
4.92696e+00 7.67127e-01 9.04194e-07
4.92696e+00 8.24292e-01 9.71051e-07
4.92696e+00 8.83095e-01 1.03922e-06
4.92696e+00 9.43478e-01 1.10835e-06
4.92696e+00 1.00538e+00 1.17803e-06
4.92696e+00 1.06875e+00 1.24775e-06
4.92696e+00 1.13351e+00 1.31691e-06
4.92696e+00 1.19960e+00 1.38481e-06
4.92696e+00 1.26697e+00 1.45064e-06
4.92696e+00 1.33555e+00 1.51348e-06
4.92696e+00 1.40526e+00 1.57229e-06
4.92696e+00 1.47604e+00 1.62594e-06
4.92696e+00 1.54782e+00 1.67322e-06
4.92696e+00 1.62053e+00 1.71286e-06
4.92696e+00 1.69410e+00 1.74356e-06
4.92696e+00 1.76846e+00 1.76404e-06
4.92696e+00 1.84353e+00 1.77312e-06
4.92696e+00 1.91924e+00 1.76973e-06
4.92696e+00 1.99553e+00 1.75305e-06
4.92696e+00 2.07230e+00 1.72251e-06
4.92696e+00 2.14949e+00 1.67789e-06
4.92696e+00 2.22703e+00 1.61939e-06
4.92696e+00 2.30483e+00 1.54765e-06
4.92696e+00 2.38282e+00 1.46376e-06
4.92696e+00 2.46093e+00 1.36928e-06
4.92696e+00 2.53907e+00 1.26615e-06
4.92696e+00 2.61718e+00 1.15667e-06
4.92696e+00 2.69517e+00 1.04334e-06
4.92696e+00 2.77297e+00 9.28792e-07
4.92696e+00 2.85051e+00 8.15606e-07
4.92696e+00 2.92770e+00 7.06196e-07
4.92696e+00 3.00447e+00 6.02684e-07
4.92696e+00 3.08076e+00 5.06799e-07
4.92696e+00 3.15647e+00 4.19810e-07
4.92696e+00 3.23154e+00 3.42501e-07
4.92696e+00 3.30590e+00 2.75182e-07
4.92696e+00 3.37947e+00 2.17731e-07
4.92696e+00 3.45218e+00 1.69665e-07
4.92696e+00 3.52396e+00 1.30230e-07
4.92696e+00 3.59474e+00 9.84910e-08
4.92696e+00 3.66445e+00 7.34185e-08
4.92696e+00 3.73303e+00 5.39696e-08
4.92696e+00 3.80040e+00 3.91454e-08
4.92696e+00 3.86649e+00 2.80352e-08
4.92696e+00 3.93125e+00 1.98412e-08
4.92696e+00 3.99462e+00 1.38890e-08
4.92696e+00 4.05652e+00 9.62616e-09
4.92696e+00 4.11690e+00 6.61311e-09
4.92696e+00 4.17571e+00 4.50878e-09
4.92696e+00 4.23287e+00 3.05482e-09
4.92696e+00 4.28835e+00 2.05966e-09
4.92696e+00 4.34207e+00 1.38399e-09
4.92696e+00 4.39400e+00 9.28280e-10
4.92696e+00 4.44407e+00 6.22496e-10
4.92696e+00 4.49224e+00 4.18057e-10
4.92696e+00 4.53847e+00 2.81659e-10
4.92696e+00 4.58271e+00 1.90707e-10
4.92696e+00 4.62491e+00 1.29996e-10
4.92696e+00 4.66504e+00 8.93712e-11
4.92696e+00 4.70305e+00 6.20781e-11
4.92696e+00 4.73890e+00 4.36438e-11
4.92696e+00 4.77257e+00 3.11103e-11
4.92696e+00 4.80402e+00 2.25227e-11
4.92696e+00 4.83322e+00 1.65876e-11
4.92696e+00 4.86014e+00 1.24475e-11
4.92696e+00 4.88475e+00 9.53144e-12
4.92696e+00 4.90703e+00 7.45812e-12
4.92696e+00 4.92696e+00 5.97116e-12
4.92696e+00 4.94452e+00 4.89739e-12
4.92696e+00 4.95969e+00 4.11918e-12
4.92696e+00 4.97246e+00 3.55637e-12
4.92696e+00 4.98281e+00 3.15428e-12
4.92696e+00 4.99074e+00 2.87592e-12
4.92696e+00 4.99623e+00 2.69685e-12
4.92696e+00 4.99928e+00 2.60188e-12
4.94452e+00 7.15683e-04 6.88401e-10
4.94452e+00 3.77012e-03 3.62641e-09
4.94452e+00 9.26216e-03 8.90911e-09
4.94452e+00 1.71877e-02 1.65326e-08
4.94452e+00 2.75390e-02 2.64897e-08
4.94452e+00 4.03061e-02 3.87712e-08
4.94452e+00 5.54766e-02 5.33659e-08
4.94452e+00 7.30356e-02 7.02608e-08
4.94452e+00 9.29659e-02 8.94412e-08
4.94452e+00 1.15248e-01 1.10891e-07
4.94452e+00 1.39860e-01 1.34593e-07
4.94452e+00 1.66779e-01 1.60530e-07
4.94452e+00 1.95977e-01 1.88681e-07
4.94452e+00 2.27426e-01 2.19026e-07
4.94452e+00 2.61096e-01 2.51543e-07
4.94452e+00 2.96953e-01 2.86210e-07
4.94452e+00 3.34963e-01 3.23001e-07
4.94452e+00 3.75089e-01 3.61888e-07
4.94452e+00 4.17290e-01 4.02838e-07
4.94452e+00 4.61527e-01 4.45812e-07
4.94452e+00 5.07755e-01 4.90763e-07
4.94452e+00 5.55930e-01 5.37634e-07
4.94452e+00 6.06005e-01 5.86350e-07
4.94452e+00 6.57930e-01 6.36820e-07
4.94452e+00 7.11655e-01 6.88926e-07
4.94452e+00 7.67127e-01 7.42521e-07
4.94452e+00 8.24292e-01 7.97421e-07
4.94452e+00 8.83095e-01 8.53395e-07
4.94452e+00 9.43478e-01 9.10162e-07
4.94452e+00 1.00538e+00 9.67375e-07
4.94452e+00 1.06875e+00 1.02462e-06
4.94452e+00 1.13351e+00 1.08141e-06
4.94452e+00 1.19960e+00 1.13716e-06
4.94452e+00 1.26697e+00 1.19121e-06
4.94452e+00 1.33555e+00 1.24280e-06
4.94452e+00 1.40526e+00 1.29109e-06
4.94452e+00 1.47604e+00 1.33513e-06
4.94452e+00 1.54782e+00 1.37394e-06
4.94452e+00 1.62053e+00 1.40648e-06
4.94452e+00 1.69410e+00 1.43167e-06
4.94452e+00 1.76846e+00 1.44847e-06
4.94452e+00 1.84353e+00 1.45590e-06
4.94452e+00 1.91924e+00 1.45311e-06
4.94452e+00 1.99553e+00 1.43939e-06
4.94452e+00 2.07230e+00 1.41429e-06
4.94452e+00 2.14949e+00 1.37763e-06
4.94452e+00 2.22703e+00 1.32958e-06
4.94452e+00 2.30483e+00 1.27066e-06
4.94452e+00 2.38282e+00 1.20176e-06
4.94452e+00 2.46093e+00 1.12417e-06
4.94452e+00 2.53907e+00 1.03948e-06
4.94452e+00 2.61718e+00 9.49576e-07
4.94452e+00 2.69517e+00 8.56522e-07
4.94452e+00 2.77297e+00 7.62467e-07
4.94452e+00 2.85051e+00 6.69535e-07
4.94452e+00 2.92770e+00 5.79706e-07
4.94452e+00 3.00447e+00 4.94722e-07
4.94452e+00 3.08076e+00 4.16003e-07
4.94452e+00 3.15647e+00 3.44589e-07
4.94452e+00 3.23154e+00 2.81125e-07
4.94452e+00 3.30590e+00 2.25864e-07
4.94452e+00 3.37947e+00 1.78704e-07
4.94452e+00 3.45218e+00 1.39250e-07
4.94452e+00 3.52396e+00 1.06882e-07
4.94452e+00 3.59474e+00 8.08303e-08
4.94452e+00 3.66445e+00 6.02520e-08
4.94452e+00 3.73303e+00 4.42896e-08
4.94452e+00 3.80040e+00 3.21234e-08
4.94452e+00 3.86649e+00 2.30055e-08
4.94452e+00 3.93125e+00 1.62811e-08
4.94452e+00 3.99462e+00 1.13966e-08
4.94452e+00 4.05652e+00 7.89850e-09
4.94452e+00 4.11690e+00 5.42607e-09
4.94452e+00 4.17571e+00 3.69936e-09
4.94452e+00 4.23287e+00 2.50635e-09
4.94452e+00 4.28835e+00 1.68982e-09
4.94452e+00 4.34207e+00 1.13545e-09
4.94452e+00 4.39400e+00 7.61555e-10
4.94452e+00 4.44407e+00 5.10679e-10
4.94452e+00 4.49224e+00 3.42955e-10
4.94452e+00 4.53847e+00 2.31055e-10
4.94452e+00 4.58271e+00 1.56440e-10
4.94452e+00 4.62491e+00 1.06636e-10
4.94452e+00 4.66504e+00 7.33097e-11
4.94452e+00 4.70305e+00 5.09207e-11
4.94452e+00 4.73890e+00 3.57989e-11
4.94452e+00 4.77257e+00 2.55179e-11
4.94452e+00 4.80402e+00 1.84737e-11
4.94452e+00 4.83322e+00 1.36054e-11
4.94452e+00 4.86014e+00 1.02094e-11
4.94452e+00 4.88475e+00 7.81761e-12
4.94452e+00 4.90703e+00 6.11701e-12
4.94452e+00 4.92696e+00 4.89739e-12
4.94452e+00 4.94452e+00 4.01667e-12
4.94452e+00 4.95969e+00 3.37839e-12
4.94452e+00 4.97246e+00 2.91677e-12
4.94452e+00 4.98281e+00 2.58698e-12
4.94452e+00 4.99074e+00 2.35868e-12
4.94452e+00 4.99623e+00 2.21180e-12
4.94452e+00 4.99928e+00 2.13391e-12
4.95969e+00 7.15683e-04 5.79656e-10
4.95969e+00 3.77012e-03 3.05355e-09
4.95969e+00 9.26216e-03 7.50176e-09
4.95969e+00 1.71877e-02 1.39210e-08
4.95969e+00 2.75390e-02 2.23052e-08
4.95969e+00 4.03061e-02 3.26466e-08
4.95969e+00 5.54766e-02 4.49358e-08
4.95969e+00 7.30356e-02 5.91618e-08
4.95969e+00 9.29659e-02 7.53123e-08
4.95969e+00 1.15248e-01 9.33739e-08
4.95969e+00 1.39860e-01 1.13332e-07
4.95969e+00 1.66779e-01 1.35171e-07
4.95969e+00 1.95977e-01 1.58875e-07
4.95969e+00 2.27426e-01 1.84426e-07
4.95969e+00 2.61096e-01 2.11807e-07
4.95969e+00 2.96953e-01 2.40997e-07
4.95969e+00 3.34963e-01 2.71976e-07
4.95969e+00 3.75089e-01 3.04720e-07
4.95969e+00 4.17290e-01 3.39200e-07
4.95969e+00 4.61527e-01 3.75385e-07
4.95969e+00 5.07755e-01 4.13235e-07
4.95969e+00 5.55930e-01 4.52700e-07
4.95969e+00 6.06005e-01 4.93720e-07
4.95969e+00 6.57930e-01 5.36215e-07
4.95969e+00 7.11655e-01 5.80088e-07
4.95969e+00 7.67127e-01 6.25215e-07
4.95969e+00 8.24292e-01 6.71439e-07
4.95969e+00 8.83095e-01 7.18567e-07
4.95969e+00 9.43478e-01 7.66362e-07
4.95969e+00 1.00538e+00 8.14533e-07
4.95969e+00 1.06875e+00 8.62731e-07
4.95969e+00 1.13351e+00 9.10543e-07
4.95969e+00 1.19960e+00 9.57481e-07
4.95969e+00 1.26697e+00 1.00298e-06
4.95969e+00 1.33555e+00 1.04642e-06
4.95969e+00 1.40526e+00 1.08706e-06
4.95969e+00 1.47604e+00 1.12414e-06
4.95969e+00 1.54782e+00 1.15681e-06
4.95969e+00 1.62053e+00 1.18419e-06
4.95969e+00 1.69410e+00 1.20538e-06
4.95969e+00 1.76846e+00 1.21952e-06
4.95969e+00 1.84353e+00 1.22576e-06
4.95969e+00 1.91924e+00 1.22339e-06
4.95969e+00 1.99553e+00 1.21183e-06
4.95969e+00 2.07230e+00 1.19068e-06
4.95969e+00 2.14949e+00 1.15981e-06
4.95969e+00 2.22703e+00 1.11934e-06
4.95969e+00 2.30483e+00 1.06971e-06
4.95969e+00 2.38282e+00 1.01170e-06
4.95969e+00 2.46093e+00 9.46357e-07
4.95969e+00 2.53907e+00 8.75049e-07
4.95969e+00 2.61718e+00 7.99352e-07
4.95969e+00 2.69517e+00 7.21006e-07
4.95969e+00 2.77297e+00 6.41820e-07
4.95969e+00 2.85051e+00 5.63581e-07
4.95969e+00 2.92770e+00 4.87957e-07
4.95969e+00 3.00447e+00 4.16415e-07
4.95969e+00 3.08076e+00 3.50148e-07
4.95969e+00 3.15647e+00 2.90033e-07
4.95969e+00 3.23154e+00 2.36611e-07
4.95969e+00 3.30590e+00 1.90095e-07
4.95969e+00 3.37947e+00 1.50400e-07
4.95969e+00 3.45218e+00 1.17192e-07
4.95969e+00 3.52396e+00 8.99491e-08
4.95969e+00 3.59474e+00 6.80232e-08
4.95969e+00 3.66445e+00 5.07042e-08
4.95969e+00 3.73303e+00 3.72704e-08
4.95969e+00 3.80040e+00 2.70316e-08
4.95969e+00 3.86649e+00 1.93585e-08
4.95969e+00 3.93125e+00 1.36998e-08
4.95969e+00 3.99462e+00 9.58941e-09
4.95969e+00 4.05652e+00 6.64588e-09
4.95969e+00 4.11690e+00 4.56544e-09
4.95969e+00 4.17571e+00 3.11253e-09
4.95969e+00 4.23287e+00 2.10872e-09
4.95969e+00 4.28835e+00 1.42170e-09
4.95969e+00 4.34207e+00 9.55266e-10
4.95969e+00 4.39400e+00 6.40692e-10
4.95969e+00 4.44407e+00 4.29623e-10
4.95969e+00 4.49224e+00 2.88514e-10
4.95969e+00 4.53847e+00 1.94374e-10
4.95969e+00 4.58271e+00 1.31601e-10
4.95969e+00 4.62491e+00 8.97034e-11
4.95969e+00 4.66504e+00 6.16678e-11
4.95969e+00 4.70305e+00 4.28336e-11
4.95969e+00 4.73890e+00 3.01130e-11
4.95969e+00 4.77257e+00 2.14645e-11
4.95969e+00 4.80402e+00 1.55390e-11
4.95969e+00 4.83322e+00 1.14439e-11
4.95969e+00 4.86014e+00 8.58738e-12
4.95969e+00 4.88475e+00 6.57550e-12
4.95969e+00 4.90703e+00 5.14506e-12
4.95969e+00 4.92696e+00 4.11918e-12
4.95969e+00 4.94452e+00 3.37839e-12
4.95969e+00 4.95969e+00 2.84151e-12
4.95969e+00 4.97246e+00 2.45324e-12
4.95969e+00 4.98281e+00 2.17585e-12
4.95969e+00 4.99074e+00 1.98382e-12
4.95969e+00 4.99623e+00 1.86029e-12
4.95969e+00 4.99928e+00 1.79477e-12
4.97246e+00 7.15683e-04 5.00929e-10
4.97246e+00 3.77012e-03 2.63883e-09
4.97246e+00 9.26216e-03 6.48289e-09
4.97246e+00 1.71877e-02 1.20303e-08
4.97246e+00 2.75390e-02 1.92758e-08
4.97246e+00 4.03061e-02 2.82127e-08
4.97246e+00 5.54766e-02 3.88328e-08
4.97246e+00 7.30356e-02 5.11266e-08
4.97246e+00 9.29659e-02 6.50836e-08
4.97246e+00 1.15248e-01 8.06921e-08
4.97246e+00 1.39860e-01 9.79395e-08
4.97246e+00 1.66779e-01 1.16812e-07
4.97246e+00 1.95977e-01 1.37297e-07
4.97246e+00 2.27426e-01 1.59378e-07
4.97246e+00 2.61096e-01 1.83040e-07
4.97246e+00 2.96953e-01 2.08265e-07
4.97246e+00 3.34963e-01 2.35037e-07
4.97246e+00 3.75089e-01 2.63333e-07
4.97246e+00 4.17290e-01 2.93130e-07
4.97246e+00 4.61527e-01 3.24400e-07
4.97246e+00 5.07755e-01 3.57108e-07
4.97246e+00 5.55930e-01 3.91212e-07
4.97246e+00 6.06005e-01 4.26660e-07
4.97246e+00 6.57930e-01 4.63382e-07
4.97246e+00 7.11655e-01 5.01295e-07
4.97246e+00 7.67127e-01 5.40291e-07
4.97246e+00 8.24292e-01 5.80234e-07
4.97246e+00 8.83095e-01 6.20959e-07
4.97246e+00 9.43478e-01 6.62260e-07
4.97246e+00 1.00538e+00 7.03884e-07
4.97246e+00 1.06875e+00 7.45532e-07
4.97246e+00 1.13351e+00 7.86845e-07
4.97246e+00 1.19960e+00 8.27402e-07
4.97246e+00 1.26697e+00 8.66719e-07
4.97246e+00 1.33555e+00 9.04245e-07
4.97246e+00 1.40526e+00 9.39362e-07
4.97246e+00 1.47604e+00 9.71394e-07
4.97246e+00 1.54782e+00 9.99617e-07
4.97246e+00 1.62053e+00 1.02327e-06
4.97246e+00 1.69410e+00 1.04158e-06
4.97246e+00 1.76846e+00 1.05378e-06
4.97246e+00 1.84353e+00 1.05917e-06
4.97246e+00 1.91924e+00 1.05711e-06
4.97246e+00 1.99553e+00 1.04711e-06
4.97246e+00 2.07230e+00 1.02882e-06
4.97246e+00 2.14949e+00 1.00213e-06
4.97246e+00 2.22703e+00 9.67150e-07
4.97246e+00 2.30483e+00 9.24261e-07
4.97246e+00 2.38282e+00 8.74121e-07
4.97246e+00 2.46093e+00 8.17656e-07
4.97246e+00 2.53907e+00 7.56034e-07
4.97246e+00 2.61718e+00 6.90622e-07
4.97246e+00 2.69517e+00 6.22922e-07
4.97246e+00 2.77297e+00 5.54499e-07
4.97246e+00 2.85051e+00 4.86896e-07
4.97246e+00 2.92770e+00 4.21555e-07
4.97246e+00 3.00447e+00 3.59742e-07
4.97246e+00 3.08076e+00 3.02488e-07
4.97246e+00 3.15647e+00 2.50550e-07
4.97246e+00 3.23154e+00 2.04397e-07
4.97246e+00 3.30590e+00 1.64211e-07
4.97246e+00 3.37947e+00 1.29919e-07
4.97246e+00 3.45218e+00 1.01231e-07
4.97246e+00 3.52396e+00 7.76964e-08
4.97246e+00 3.59474e+00 5.87561e-08
4.97246e+00 3.66445e+00 4.37955e-08
4.97246e+00 3.73303e+00 3.21915e-08
4.97246e+00 3.80040e+00 2.33475e-08
4.97246e+00 3.86649e+00 1.67198e-08
4.97246e+00 3.93125e+00 1.18321e-08
4.97246e+00 3.99462e+00 8.28195e-09
4.97246e+00 4.05652e+00 5.73964e-09
4.97246e+00 4.11690e+00 3.94281e-09
4.97246e+00 4.17571e+00 2.68799e-09
4.97246e+00 4.23287e+00 1.82106e-09
4.97246e+00 4.28835e+00 1.22773e-09
4.97246e+00 4.34207e+00 8.24923e-10
4.97246e+00 4.39400e+00 5.53262e-10
4.97246e+00 4.44407e+00 3.70989e-10
4.97246e+00 4.49224e+00 2.49134e-10
4.97246e+00 4.53847e+00 1.67840e-10
4.97246e+00 4.58271e+00 1.13635e-10
4.97246e+00 4.62491e+00 7.74558e-11
4.97246e+00 4.66504e+00 5.32473e-11
4.97246e+00 4.70305e+00 3.69842e-11
4.97246e+00 4.73890e+00 2.60004e-11
4.97246e+00 4.77257e+00 1.85328e-11
4.97246e+00 4.80402e+00 1.34165e-11
4.97246e+00 4.83322e+00 9.88069e-12
4.97246e+00 4.86014e+00 7.41426e-12
4.97246e+00 4.88475e+00 5.67717e-12
4.97246e+00 4.90703e+00 4.44211e-12
4.97246e+00 4.92696e+00 3.55637e-12
4.97246e+00 4.94452e+00 2.91677e-12
4.97246e+00 4.95969e+00 2.45324e-12
4.97246e+00 4.97246e+00 2.11801e-12
4.97246e+00 4.98281e+00 1.87852e-12
4.97246e+00 4.99074e+00 1.71273e-12
4.97246e+00 4.99623e+00 1.60607e-12
4.97246e+00 4.99928e+00 1.54950e-12
4.98281e+00 7.15683e-04 4.44636e-10
4.98281e+00 3.77012e-03 2.34228e-09
4.98281e+00 9.26216e-03 5.75436e-09
4.98281e+00 1.71877e-02 1.06783e-08
4.98281e+00 2.75390e-02 1.71096e-08
4.98281e+00 4.03061e-02 2.50422e-08
4.98281e+00 5.54766e-02 3.44689e-08
4.98281e+00 7.30356e-02 4.53812e-08
4.98281e+00 9.29659e-02 5.77697e-08
4.98281e+00 1.15248e-01 7.16242e-08
4.98281e+00 1.39860e-01 8.69333e-08
4.98281e+00 1.66779e-01 1.03685e-07
4.98281e+00 1.95977e-01 1.21868e-07
4.98281e+00 2.27426e-01 1.41467e-07
4.98281e+00 2.61096e-01 1.62470e-07
4.98281e+00 2.96953e-01 1.84861e-07
4.98281e+00 3.34963e-01 2.08623e-07
4.98281e+00 3.75089e-01 2.33739e-07
4.98281e+00 4.17290e-01 2.60188e-07
4.98281e+00 4.61527e-01 2.87943e-07
4.98281e+00 5.07755e-01 3.16975e-07
4.98281e+00 5.55930e-01 3.47247e-07
4.98281e+00 6.06005e-01 3.78710e-07
4.98281e+00 6.57930e-01 4.11304e-07
4.98281e+00 7.11655e-01 4.44955e-07
4.98281e+00 7.67127e-01 4.79567e-07
4.98281e+00 8.24292e-01 5.15021e-07
4.98281e+00 8.83095e-01 5.51167e-07
4.98281e+00 9.43478e-01 5.87824e-07
4.98281e+00 1.00538e+00 6.24768e-07
4.98281e+00 1.06875e+00 6.61733e-07
4.98281e+00 1.13351e+00 6.98399e-07
4.98281e+00 1.19960e+00 7.34394e-07
4.98281e+00 1.26697e+00 7.69288e-07
4.98281e+00 1.33555e+00 8.02591e-07
4.98281e+00 1.40526e+00 8.33756e-07
4.98281e+00 1.47604e+00 8.62183e-07
4.98281e+00 1.54782e+00 8.87227e-07
4.98281e+00 1.62053e+00 9.08214e-07
4.98281e+00 1.69410e+00 9.24457e-07
4.98281e+00 1.76846e+00 9.35282e-07
4.98281e+00 1.84353e+00 9.40056e-07
4.98281e+00 1.91924e+00 9.38222e-07
4.98281e+00 1.99553e+00 9.29334e-07
4.98281e+00 2.07230e+00 9.13098e-07
4.98281e+00 2.14949e+00 8.89401e-07
4.98281e+00 2.22703e+00 8.58346e-07
4.98281e+00 2.30483e+00 8.20273e-07
4.98281e+00 2.38282e+00 7.75766e-07
4.98281e+00 2.46093e+00 7.25645e-07
4.98281e+00 2.53907e+00 6.70949e-07
4.98281e+00 2.61718e+00 6.12891e-07
4.98281e+00 2.69517e+00 5.52804e-07
4.98281e+00 2.77297e+00 4.92076e-07
4.98281e+00 2.85051e+00 4.32077e-07
4.98281e+00 2.92770e+00 3.74087e-07
4.98281e+00 3.00447e+00 3.19229e-07
4.98281e+00 3.08076e+00 2.68419e-07
4.98281e+00 3.15647e+00 2.22328e-07
4.98281e+00 3.23154e+00 1.81370e-07
4.98281e+00 3.30590e+00 1.45709e-07
4.98281e+00 3.37947e+00 1.15279e-07
4.98281e+00 3.45218e+00 8.98221e-08
4.98281e+00 3.52396e+00 6.89388e-08
4.98281e+00 3.59474e+00 5.21325e-08
4.98281e+00 3.66445e+00 3.88578e-08
4.98281e+00 3.73303e+00 2.85615e-08
4.98281e+00 3.80040e+00 2.07144e-08
4.98281e+00 3.86649e+00 1.48339e-08
4.98281e+00 3.93125e+00 1.04974e-08
4.98281e+00 3.99462e+00 7.34757e-09
4.98281e+00 4.05652e+00 5.09200e-09
4.98281e+00 4.11690e+00 3.49786e-09
4.98281e+00 4.17571e+00 2.38461e-09
4.98281e+00 4.23287e+00 1.61550e-09
4.98281e+00 4.28835e+00 1.08913e-09
4.98281e+00 4.34207e+00 7.31784e-10
4.98281e+00 4.39400e+00 4.90787e-10
4.98281e+00 4.44407e+00 3.29092e-10
4.98281e+00 4.49224e+00 2.20995e-10
4.98281e+00 4.53847e+00 1.48881e-10
4.98281e+00 4.58271e+00 1.00798e-10
4.98281e+00 4.62491e+00 6.87048e-11
4.98281e+00 4.66504e+00 4.72308e-11
4.98281e+00 4.70305e+00 3.28050e-11
4.98281e+00 4.73890e+00 2.30621e-11
4.98281e+00 4.77257e+00 1.64383e-11
4.98281e+00 4.80402e+00 1.19001e-11
4.98281e+00 4.83322e+00 8.76381e-12
4.98281e+00 4.86014e+00 6.57612e-12
4.98281e+00 4.88475e+00 5.03536e-12
4.98281e+00 4.90703e+00 3.93990e-12
4.98281e+00 4.92696e+00 3.15428e-12
4.98281e+00 4.94452e+00 2.58698e-12
4.98281e+00 4.95969e+00 2.17585e-12
4.98281e+00 4.97246e+00 1.87852e-12
4.98281e+00 4.98281e+00 1.66610e-12
4.98281e+00 4.99074e+00 1.51905e-12
4.98281e+00 4.99623e+00 1.42445e-12
4.98281e+00 4.99928e+00 1.37428e-12
4.99074e+00 7.15683e-04 4.05639e-10
4.99074e+00 3.77012e-03 2.13685e-09
4.99074e+00 9.26216e-03 5.24967e-09
4.99074e+00 1.71877e-02 9.74179e-09
4.99074e+00 2.75390e-02 1.56090e-08
4.99074e+00 4.03061e-02 2.28459e-08
4.99074e+00 5.54766e-02 3.14457e-08
4.99074e+00 7.30356e-02 4.14010e-08
4.99074e+00 9.29659e-02 5.27030e-08
4.99074e+00 1.15248e-01 6.53423e-08
4.99074e+00 1.39860e-01 7.93087e-08
4.99074e+00 1.66779e-01 9.45915e-08
4.99074e+00 1.95977e-01 1.11179e-07
4.99074e+00 2.27426e-01 1.29060e-07
4.99074e+00 2.61096e-01 1.48220e-07
4.99074e+00 2.96953e-01 1.68647e-07
4.99074e+00 3.34963e-01 1.90325e-07
4.99074e+00 3.75089e-01 2.13238e-07
4.99074e+00 4.17290e-01 2.37367e-07
4.99074e+00 4.61527e-01 2.62688e-07
4.99074e+00 5.07755e-01 2.89173e-07
4.99074e+00 5.55930e-01 3.16789e-07
4.99074e+00 6.06005e-01 3.45492e-07
4.99074e+00 6.57930e-01 3.75227e-07
4.99074e+00 7.11655e-01 4.05926e-07
4.99074e+00 7.67127e-01 4.37501e-07
4.99074e+00 8.24292e-01 4.69844e-07
4.99074e+00 8.83095e-01 5.02819e-07
4.99074e+00 9.43478e-01 5.36259e-07
4.99074e+00 1.00538e+00 5.69961e-07
4.99074e+00 1.06875e+00 6.03681e-07
4.99074e+00 1.13351e+00 6.37129e-07
4.99074e+00 1.19960e+00 6.69964e-07
4.99074e+00 1.26697e+00 7.01795e-07
4.99074e+00 1.33555e+00 7.32173e-07
4.99074e+00 1.40526e+00 7.60600e-07
4.99074e+00 1.47604e+00 7.86529e-07
4.99074e+00 1.54782e+00 8.09372e-07
4.99074e+00 1.62053e+00 8.28513e-07
4.99074e+00 1.69410e+00 8.43326e-07
4.99074e+00 1.76846e+00 8.53196e-07
4.99074e+00 1.84353e+00 8.57546e-07
4.99074e+00 1.91924e+00 8.55867e-07
4.99074e+00 1.99553e+00 8.47754e-07
4.99074e+00 2.07230e+00 8.32937e-07
4.99074e+00 2.14949e+00 8.11314e-07
4.99074e+00 2.22703e+00 7.82980e-07
4.99074e+00 2.30483e+00 7.48243e-07
4.99074e+00 2.38282e+00 7.07638e-07
4.99074e+00 2.46093e+00 6.61913e-07
4.99074e+00 2.53907e+00 6.12015e-07
4.99074e+00 2.61718e+00 5.59051e-07
4.99074e+00 2.69517e+00 5.04237e-07
4.99074e+00 2.77297e+00 4.48839e-07
4.99074e+00 2.85051e+00 3.94108e-07
4.99074e+00 2.92770e+00 3.41210e-07
4.99074e+00 3.00447e+00 2.91170e-07
4.99074e+00 3.08076e+00 2.44823e-07
4.99074e+00 3.15647e+00 2.02781e-07
4.99074e+00 3.23154e+00 1.65423e-07
4.99074e+00 3.30590e+00 1.32896e-07
4.99074e+00 3.37947e+00 1.05140e-07
4.99074e+00 3.45218e+00 8.19210e-08
4.99074e+00 3.52396e+00 6.28739e-08
4.99074e+00 3.59474e+00 4.75455e-08
4.99074e+00 3.66445e+00 3.54383e-08
4.99074e+00 3.73303e+00 2.60478e-08
4.99074e+00 3.80040e+00 1.88911e-08
4.99074e+00 3.86649e+00 1.35280e-08
4.99074e+00 3.93125e+00 9.57312e-09
4.99074e+00 3.99462e+00 6.70055e-09
4.99074e+00 4.05652e+00 4.64354e-09
4.99074e+00 4.11690e+00 3.18976e-09
4.99074e+00 4.17571e+00 2.17454e-09
4.99074e+00 4.23287e+00 1.47317e-09
4.99074e+00 4.28835e+00 9.93161e-10
4.99074e+00 4.34207e+00 6.67294e-10
4.99074e+00 4.39400e+00 4.47531e-10
4.99074e+00 4.44407e+00 3.00083e-10
4.99074e+00 4.49224e+00 2.01513e-10
4.99074e+00 4.53847e+00 1.35755e-10
4.99074e+00 4.58271e+00 9.19098e-11
4.99074e+00 4.62491e+00 6.26461e-11
4.99074e+00 4.66504e+00 4.30654e-11
4.99074e+00 4.70305e+00 2.99116e-11
4.99074e+00 4.73890e+00 2.10278e-11
4.99074e+00 4.77257e+00 1.49882e-11
4.99074e+00 4.80402e+00 1.08502e-11
4.99074e+00 4.83322e+00 7.99060e-12
4.99074e+00 4.86014e+00 5.99589e-12
4.99074e+00 4.88475e+00 4.59104e-12
4.99074e+00 4.90703e+00 3.59223e-12
4.99074e+00 4.92696e+00 2.87592e-12
4.99074e+00 4.94452e+00 2.35868e-12
4.99074e+00 4.95969e+00 1.98382e-12
4.99074e+00 4.97246e+00 1.71273e-12
4.99074e+00 4.98281e+00 1.51905e-12
4.99074e+00 4.99074e+00 1.38498e-12
4.99074e+00 4.99623e+00 1.29873e-12
4.99074e+00 4.99928e+00 1.25298e-12
4.99623e+00 7.15683e-04 3.80539e-10
4.99623e+00 3.77012e-03 2.00463e-09
4.99623e+00 9.26216e-03 4.92483e-09
4.99623e+00 1.71877e-02 9.13899e-09
4.99623e+00 2.75390e-02 1.46432e-08
4.99623e+00 4.03061e-02 2.14322e-08
4.99623e+00 5.54766e-02 2.95000e-08
4.99623e+00 7.30356e-02 3.88392e-08
4.99623e+00 9.29659e-02 4.94418e-08
4.99623e+00 1.15248e-01 6.12990e-08
4.99623e+00 1.39860e-01 7.44013e-08
4.99623e+00 1.66779e-01 8.87384e-08
4.99623e+00 1.95977e-01 1.04300e-07
4.99623e+00 2.27426e-01 1.21074e-07
4.99623e+00 2.61096e-01 1.39049e-07
4.99623e+00 2.96953e-01 1.58211e-07
4.99623e+00 3.34963e-01 1.78548e-07
4.99623e+00 3.75089e-01 2.00043e-07
4.99623e+00 4.17290e-01 2.22678e-07
4.99623e+00 4.61527e-01 2.46432e-07
4.99623e+00 5.07755e-01 2.71279e-07
4.99623e+00 5.55930e-01 2.97186e-07
4.99623e+00 6.06005e-01 3.24112e-07
4.99623e+00 6.57930e-01 3.52007e-07
4.99623e+00 7.11655e-01 3.80806e-07
4.99623e+00 7.67127e-01 4.10426e-07
4.99623e+00 8.24292e-01 4.40767e-07
4.99623e+00 8.83095e-01 4.71700e-07
4.99623e+00 9.43478e-01 5.03070e-07
4.99623e+00 1.00538e+00 5.34685e-07
4.99623e+00 1.06875e+00 5.66318e-07
4.99623e+00 1.13351e+00 5.97694e-07
4.99623e+00 1.19960e+00 6.28496e-07
4.99623e+00 1.26697e+00 6.58354e-07
4.99623e+00 1.33555e+00 6.86850e-07
4.99623e+00 1.40526e+00 7.13516e-07
4.99623e+00 1.47604e+00 7.37838e-07
4.99623e+00 1.54782e+00 7.59264e-07
4.99623e+00 1.62053e+00 7.77217e-07
4.99623e+00 1.69410e+00 7.91110e-07
4.99623e+00 1.76846e+00 8.00365e-07
4.99623e+00 1.84353e+00 8.04443e-07
4.99623e+00 1.91924e+00 8.02864e-07
4.99623e+00 1.99553e+00 7.95250e-07
4.99623e+00 2.07230e+00 7.81346e-07
4.99623e+00 2.14949e+00 7.61059e-07
4.99623e+00 2.22703e+00 7.34475e-07
4.99623e+00 2.30483e+00 7.01887e-07
4.99623e+00 2.38282e+00 6.63793e-07
4.99623e+00 2.46093e+00 6.20897e-07
4.99623e+00 2.53907e+00 5.74087e-07
4.99623e+00 2.61718e+00 5.24402e-07
4.99623e+00 2.69517e+00 4.72982e-07
4.99623e+00 2.77297e+00 4.21015e-07
4.99623e+00 2.85051e+00 3.69674e-07
4.99623e+00 2.92770e+00 3.20053e-07
4.99623e+00 3.00447e+00 2.73114e-07
4.99623e+00 3.08076e+00 2.29639e-07
4.99623e+00 3.15647e+00 1.90203e-07
4.99623e+00 3.23154e+00 1.55160e-07
4.99623e+00 3.30590e+00 1.24650e-07
4.99623e+00 3.37947e+00 9.86153e-08
4.99623e+00 3.45218e+00 7.68368e-08
4.99623e+00 3.52396e+00 5.89713e-08
4.99623e+00 3.59474e+00 4.45939e-08
4.99623e+00 3.66445e+00 3.32380e-08
4.99623e+00 3.73303e+00 2.44303e-08
4.99623e+00 3.80040e+00 1.77179e-08
4.99623e+00 3.86649e+00 1.26878e-08
4.99623e+00 3.93125e+00 8.97842e-09
4.99623e+00 3.99462e+00 6.28424e-09
4.99623e+00 4.05652e+00 4.35500e-09
4.99623e+00 4.11690e+00 2.99153e-09
4.99623e+00 4.17571e+00 2.03938e-09
4.99623e+00 4.23287e+00 1.38159e-09
4.99623e+00 4.28835e+00 9.31414e-10
4.99623e+00 4.34207e+00 6.25802e-10
4.99623e+00 4.39400e+00 4.19700e-10
4.99623e+00 4.44407e+00 2.81420e-10
4.99623e+00 4.49224e+00 1.88979e-10
4.99623e+00 4.53847e+00 1.27310e-10
4.99623e+00 4.58271e+00 8.61918e-11
4.99623e+00 4.62491e+00 5.87483e-11
4.99623e+00 4.66504e+00 4.03856e-11
4.99623e+00 4.70305e+00 2.80501e-11
4.99623e+00 4.73890e+00 1.97191e-11
4.99623e+00 4.77257e+00 1.40553e-11
4.99623e+00 4.80402e+00 1.01748e-11
4.99623e+00 4.83322e+00 7.49317e-12
4.99623e+00 4.86014e+00 5.62261e-12
4.99623e+00 4.88475e+00 4.30521e-12
4.99623e+00 4.90703e+00 3.36857e-12
4.99623e+00 4.92696e+00 2.69685e-12
4.99623e+00 4.94452e+00 2.21180e-12
4.99623e+00 4.95969e+00 1.86029e-12
4.99623e+00 4.97246e+00 1.60607e-12
4.99623e+00 4.98281e+00 1.42445e-12
4.99623e+00 4.99074e+00 1.29873e-12
4.99623e+00 4.99623e+00 1.21785e-12
4.99623e+00 4.99928e+00 1.17495e-12
4.99928e+00 7.15683e-04 3.67223e-10
4.99928e+00 3.77012e-03 1.93448e-09
4.99928e+00 9.26216e-03 4.75250e-09
4.99928e+00 1.71877e-02 8.81920e-09
4.99928e+00 2.75390e-02 1.41308e-08
4.99928e+00 4.03061e-02 2.06823e-08
4.99928e+00 5.54766e-02 2.84677e-08
4.99928e+00 7.30356e-02 3.74801e-08
4.99928e+00 9.29659e-02 4.77117e-08
4.99928e+00 1.15248e-01 5.91540e-08
4.99928e+00 1.39860e-01 7.17978e-08
4.99928e+00 1.66779e-01 8.56332e-08
4.99928e+00 1.95977e-01 1.00650e-07
4.99928e+00 2.27426e-01 1.16837e-07
4.99928e+00 2.61096e-01 1.34183e-07
4.99928e+00 2.96953e-01 1.52675e-07
4.99928e+00 3.34963e-01 1.72300e-07
4.99928e+00 3.75089e-01 1.93043e-07
4.99928e+00 4.17290e-01 2.14886e-07
4.99928e+00 4.61527e-01 2.37809e-07
4.99928e+00 5.07755e-01 2.61786e-07
4.99928e+00 5.55930e-01 2.86786e-07
4.99928e+00 6.06005e-01 3.12770e-07
4.99928e+00 6.57930e-01 3.39688e-07
4.99928e+00 7.11655e-01 3.67479e-07
4.99928e+00 7.67127e-01 3.96063e-07
4.99928e+00 8.24292e-01 4.25341e-07
4.99928e+00 8.83095e-01 4.55192e-07
4.99928e+00 9.43478e-01 4.85463e-07
4.99928e+00 1.00538e+00 5.15972e-07
4.99928e+00 1.06875e+00 5.46496e-07
4.99928e+00 1.13351e+00 5.76774e-07
4.99928e+00 1.19960e+00 6.06496e-07
4.99928e+00 1.26697e+00 6.35309e-07
4.99928e+00 1.33555e+00 6.62807e-07
4.99928e+00 1.40526e+00 6.88538e-07
4.99928e+00 1.47604e+00 7.12007e-07
4.99928e+00 1.54782e+00 7.32681e-07
4.99928e+00 1.62053e+00 7.50004e-07
4.99928e+00 1.69410e+00 7.63409e-07
4.99928e+00 1.76846e+00 7.72339e-07
4.99928e+00 1.84353e+00 7.76271e-07
4.99928e+00 1.91924e+00 7.74747e-07
4.99928e+00 1.99553e+00 7.67397e-07
4.99928e+00 2.07230e+00 7.53978e-07
4.99928e+00 2.14949e+00 7.34399e-07
4.99928e+00 2.22703e+00 7.08744e-07
4.99928e+00 2.30483e+00 6.77295e-07
4.99928e+00 2.38282e+00 6.40534e-07
4.99928e+00 2.46093e+00 5.99139e-07
4.99928e+00 2.53907e+00 5.53967e-07
4.99928e+00 2.61718e+00 5.06021e-07
4.99928e+00 2.69517e+00 4.56402e-07
4.99928e+00 2.77297e+00 4.06255e-07
4.99928e+00 2.85051e+00 3.56712e-07
4.99928e+00 2.92770e+00 3.08830e-07
4.99928e+00 3.00447e+00 2.63535e-07
4.99928e+00 3.08076e+00 2.21584e-07
4.99928e+00 3.15647e+00 1.83531e-07
4.99928e+00 3.23154e+00 1.49717e-07
4.99928e+00 3.30590e+00 1.20276e-07
4.99928e+00 3.37947e+00 9.51545e-08
4.99928e+00 3.45218e+00 7.41399e-08
4.99928e+00 3.52396e+00 5.69012e-08
4.99928e+00 3.59474e+00 4.30282e-08
4.99928e+00 3.66445e+00 3.20709e-08
4.99928e+00 3.73303e+00 2.35724e-08
4.99928e+00 3.80040e+00 1.70956e-08
4.99928e+00 3.86649e+00 1.22421e-08
4.99928e+00 3.93125e+00 8.66298e-09
4.99928e+00 3.99462e+00 6.06343e-09
4.99928e+00 4.05652e+00 4.20195e-09
4.99928e+00 4.11690e+00 2.88638e-09
4.99928e+00 4.17571e+00 1.96770e-09
4.99928e+00 4.23287e+00 1.33302e-09
4.99928e+00 4.28835e+00 8.98665e-10
4.99928e+00 4.34207e+00 6.03796e-10
4.99928e+00 4.39400e+00 4.04940e-10
4.99928e+00 4.44407e+00 2.71521e-10
4.99928e+00 4.49224e+00 1.82331e-10
4.99928e+00 4.53847e+00 1.22831e-10
4.99928e+00 4.58271e+00 8.31591e-11
4.99928e+00 4.62491e+00 5.66810e-11
4.99928e+00 4.66504e+00 3.89643e-11
4.99928e+00 4.70305e+00 2.70629e-11
4.99928e+00 4.73890e+00 1.90250e-11
4.99928e+00 4.77257e+00 1.35605e-11
4.99928e+00 4.80402e+00 9.81663e-12
4.99928e+00 4.83322e+00 7.22936e-12
4.99928e+00 4.86014e+00 5.42464e-12
4.99928e+00 4.88475e+00 4.15362e-12
4.99928e+00 4.90703e+00 3.24995e-12
4.99928e+00 4.92696e+00 2.60188e-12
4.99928e+00 4.94452e+00 2.13391e-12
4.99928e+00 4.95969e+00 1.79477e-12
4.99928e+00 4.97246e+00 1.54950e-12
4.99928e+00 4.98281e+00 1.37428e-12
4.99928e+00 4.99074e+00 1.25298e-12
4.99928e+00 4.99623e+00 1.17495e-12
4.99928e+00 4.99928e+00 1.13357e-12
