1.83659e-03 7.15683e-04
4.27348e-03 3.77012e-03
6.70981e-03 9.26216e-03
9.13990e-03 1.71877e-02
1.15611e-02 2.75390e-02
1.39711e-02 4.03061e-02
1.63674e-02 5.54766e-02
1.87477e-02 7.30356e-02
2.11097e-02 9.29659e-02
2.34510e-02 1.15248e-01
2.57695e-02 1.39860e-01
2.80628e-02 1.66779e-01
3.03286e-02 1.95977e-01
3.25649e-02 2.27426e-01
3.47693e-02 2.61096e-01
3.69397e-02 2.96953e-01
3.90741e-02 3.34963e-01
4.11702e-02 3.75089e-01
4.32262e-02 4.17290e-01
4.52399e-02 4.61527e-01
4.72093e-02 5.07755e-01
4.91327e-02 5.55930e-01
5.10081e-02 6.06005e-01
5.28336e-02 6.57930e-01
5.46075e-02 7.11655e-01
5.63281e-02 7.67127e-01
5.79936e-02 8.24292e-01
5.96024e-02 8.83095e-01
6.11530e-02 9.43478e-01
6.26439e-02 1.00538e+00
6.40735e-02 1.06875e+00
6.54405e-02 1.13351e+00
6.67436e-02 1.19960e+00
6.79815e-02 1.26697e+00
6.91530e-02 1.33555e+00
7.02569e-02 1.40526e+00
7.12921e-02 1.47604e+00
7.22577e-02 1.54782e+00
7.31527e-02 1.62053e+00
7.39762e-02 1.69410e+00
7.47274e-02 1.76846e+00
7.54057e-02 1.84353e+00
7.60102e-02 1.91924e+00
7.65405e-02 1.99553e+00
7.69959e-02 2.07230e+00
7.73762e-02 2.14949e+00
7.76808e-02 2.22703e+00
7.79096e-02 2.30483e+00
7.80622e-02 2.38282e+00
7.81386e-02 2.46093e+00
7.81386e-02 2.53907e+00
7.80622e-02 2.61718e+00
7.79096e-02 2.69517e+00
7.76808e-02 2.77297e+00
7.73762e-02 2.85051e+00
7.69959e-02 2.92770e+00
7.65405e-02 3.00447e+00
7.60102e-02 3.08076e+00
7.54057e-02 3.15647e+00
7.47274e-02 3.23154e+00
7.39762e-02 3.30590e+00
7.31527e-02 3.37947e+00
7.22577e-02 3.45218e+00
7.12921e-02 3.52396e+00
7.02569e-02 3.59474e+00
6.91530e-02 3.66445e+00
6.79815e-02 3.73303e+00
6.67436e-02 3.80040e+00
6.54405e-02 3.86649e+00
6.40735e-02 3.93125e+00
6.26439e-02 3.99462e+00
6.11530e-02 4.05652e+00
5.96024e-02 4.11690e+00
5.79936e-02 4.17571e+00
5.63281e-02 4.23287e+00
5.46075e-02 4.28835e+00
5.28336e-02 4.34207e+00
5.10081e-02 4.39400e+00
4.91327e-02 4.44407e+00
4.72093e-02 4.49224e+00
4.52399e-02 4.53847e+00
4.32262e-02 4.58271e+00
4.11702e-02 4.62491e+00
3.90741e-02 4.66504e+00
3.69397e-02 4.70305e+00
3.47693e-02 4.73890e+00
3.25649e-02 4.77257e+00
3.03286e-02 4.80402e+00
2.80628e-02 4.83322e+00
2.57695e-02 4.86014e+00
2.34510e-02 4.88475e+00
2.11097e-02 4.90703e+00
1.87477e-02 4.92696e+00
1.63674e-02 4.94452e+00
1.39711e-02 4.95969e+00
1.15611e-02 4.97246e+00
9.13990e-03 4.98281e+00
6.70981e-03 4.99074e+00
4.27348e-03 4.99623e+00
1.83659e-03 4.99928e+00
7.15683e-04 7.15683e-04 1.56958e-06
7.15683e-04 3.77012e-03 8.26787e-06
7.15683e-04 9.26216e-03 2.03061e-05
7.15683e-04 1.71877e-02 3.76505e-05
7.15683e-04 2.75390e-02 6.02152e-05
7.15683e-04 4.03061e-02 8.78297e-05
7.15683e-04 5.54766e-02 1.20196e-04
7.15683e-04 7.30356e-02 1.56843e-04
7.15683e-04 9.29659e-02 1.97081e-04
7.15683e-04 1.15248e-01 2.39968e-04
7.15683e-04 1.39860e-01 2.84301e-04
7.15683e-04 1.66779e-01 3.28634e-04
7.15683e-04 1.95977e-01 3.71342e-04
7.15683e-04 2.27426e-01 4.10721e-04
7.15683e-04 2.61096e-01 4.45129e-04
7.15683e-04 2.96953e-01 4.73140e-04
7.15683e-04 3.34963e-01 4.93688e-04
7.15683e-04 3.75089e-01 5.06177e-04
7.15683e-04 4.17290e-01 5.10530e-04
7.15683e-04 4.61527e-01 5.07172e-04
7.15683e-04 5.07755e-01 4.96952e-04
7.15683e-04 5.55930e-01 4.81015e-04
7.15683e-04 6.06005e-01 4.60669e-04
7.15683e-04 6.57930e-01 4.37244e-04
7.15683e-04 7.11655e-01 4.11989e-04
7.15683e-04 7.67127e-01 3.85994e-04
7.15683e-04 8.24292e-01 3.60151e-04
7.15683e-04 8.83095e-01 3.35142e-04
7.15683e-04 9.43478e-01 3.11455e-04
7.15683e-04 1.00538e+00 2.89406e-04
7.15683e-04 1.06875e+00 2.69168e-04
7.15683e-04 1.13351e+00 2.50809e-04
7.15683e-04 1.19960e+00 2.34312e-04
7.15683e-04 1.26697e+00 2.19610e-04
7.15683e-04 1.33555e+00 2.06593e-04
7.15683e-04 1.40526e+00 1.95132e-04
7.15683e-04 1.47604e+00 1.85085e-04
7.15683e-04 1.54782e+00 1.76300e-04
7.15683e-04 1.62053e+00 1.68622e-04
7.15683e-04 1.69410e+00 1.61891e-04
7.15683e-04 1.76846e+00 1.55946e-04
7.15683e-04 1.84353e+00 1.50620e-04
7.15683e-04 1.91924e+00 1.45744e-04
7.15683e-04 1.99553e+00 1.41149e-04
7.15683e-04 2.07230e+00 1.36668e-04
7.15683e-04 2.14949e+00 1.32146e-04
7.15683e-04 2.22703e+00 1.27443e-04
7.15683e-04 2.30483e+00 1.22448e-04
7.15683e-04 2.38282e+00 1.17084e-04
7.15683e-04 2.46093e+00 1.11313e-04
7.15683e-04 2.53907e+00 1.05134e-04
7.15683e-04 2.61718e+00 9.85823e-05
7.15683e-04 2.69517e+00 9.17118e-05
7.15683e-04 2.77297e+00 8.45879e-05
7.15683e-04 2.85051e+00 7.72782e-05
7.15683e-04 2.92770e+00 6.98525e-05
7.15683e-04 3.00447e+00 6.23898e-05
7.15683e-04 3.08076e+00 5.49874e-05
7.15683e-04 3.15647e+00 4.77637e-05
7.15683e-04 3.23154e+00 4.08507e-05
7.15683e-04 3.30590e+00 3.43791e-05
7.15683e-04 3.37947e+00 2.84601e-05
7.15683e-04 3.45218e+00 2.31732e-05
7.15683e-04 3.52396e+00 1.85599e-05
7.15683e-04 3.59474e+00 1.46252e-05
7.15683e-04 3.66445e+00 1.13428e-05
7.15683e-04 3.73303e+00 8.66215e-06
7.15683e-04 3.80040e+00 6.51743e-06
7.15683e-04 3.86649e+00 4.83476e-06
7.15683e-04 3.93125e+00 3.53898e-06
7.15683e-04 3.99462e+00 2.55852e-06
7.15683e-04 4.05652e+00 1.82877e-06
7.15683e-04 4.11690e+00 1.29386e-06
7.15683e-04 4.17571e+00 9.07235e-07
7.15683e-04 4.23287e+00 6.31302e-07
7.15683e-04 4.28835e+00 4.36580e-07
7.15683e-04 4.34207e+00 3.00511e-07
7.15683e-04 4.39400e+00 2.06212e-07
7.15683e-04 4.44407e+00 1.41302e-07
7.15683e-04 4.49224e+00 9.68505e-08
7.15683e-04 4.53847e+00 6.65178e-08
7.15683e-04 4.58271e+00 4.58596e-08
7.15683e-04 4.62491e+00 3.17954e-08
7.15683e-04 4.66504e+00 2.22089e-08
7.15683e-04 4.70305e+00 1.56569e-08
7.15683e-04 4.73890e+00 1.11603e-08
7.15683e-04 4.77257e+00 8.05759e-09
7.15683e-04 4.80402e+00 5.90254e-09
7.15683e-04 4.83322e+00 4.39439e-09
7.15683e-04 4.86014e+00 3.33026e-09
7.15683e-04 4.88475e+00 2.57297e-09
7.15683e-04 4.90703e+00 2.02948e-09
7.15683e-04 4.92696e+00 1.63644e-09
7.15683e-04 4.94452e+00 1.35053e-09
7.15683e-04 4.95969e+00 1.14201e-09
7.15683e-04 4.97246e+00 9.90390e-10
7.15683e-04 4.98281e+00 8.81588e-10
7.15683e-04 4.99074e+00 8.06004e-10
7.15683e-04 4.99623e+00 7.57256e-10
7.15683e-04 4.99928e+00 7.31361e-10
3.77012e-03 7.15683e-04 8.26787e-06
3.77012e-03 3.77012e-03 4.35517e-05
3.77012e-03 9.26216e-03 1.06964e-04
3.77012e-03 1.71877e-02 1.98327e-04
3.77012e-03 2.75390e-02 3.17188e-04
3.77012e-03 4.03061e-02 4.62650e-04
3.77012e-03 5.54766e-02 6.33144e-04
3.77012e-03 7.30356e-02 8.26186e-04
3.77012e-03 9.29659e-02 1.03814e-03
3.77012e-03 1.15248e-01 1.26405e-03
3.77012e-03 1.39860e-01 1.49759e-03
3.77012e-03 1.66779e-01 1.73112e-03
3.77012e-03 1.95977e-01 1.95609e-03
3.77012e-03 2.27426e-01 2.16353e-03
3.77012e-03 2.61096e-01 2.34479e-03
3.77012e-03 2.96953e-01 2.49234e-03
3.77012e-03 3.34963e-01 2.60059e-03
3.77012e-03 3.75089e-01 2.66639e-03
3.77012e-03 4.17290e-01 2.68933e-03
3.77012e-03 4.61527e-01 2.67165e-03
3.77012e-03 5.07755e-01 2.61782e-03
3.77012e-03 5.55930e-01 2.53388e-03
3.77012e-03 6.06005e-01 2.42671e-03
3.77012e-03 6.57930e-01 2.30332e-03
3.77012e-03 7.11655e-01 2.17028e-03
3.77012e-03 7.67127e-01 2.03335e-03
3.77012e-03 8.24292e-01 1.89721e-03
3.77012e-03 8.83095e-01 1.76547e-03
3.77012e-03 9.43478e-01 1.64070e-03
3.77012e-03 1.00538e+00 1.52455e-03
3.77012e-03 1.06875e+00 1.41794e-03
3.77012e-03 1.13351e+00 1.32122e-03
3.77012e-03 1.19960e+00 1.23433e-03
3.77012e-03 1.26697e+00 1.15687e-03
3.77012e-03 1.33555e+00 1.08830e-03
3.77012e-03 1.40526e+00 1.02793e-03
3.77012e-03 1.47604e+00 9.75004e-04
3.77012e-03 1.54782e+00 9.28726e-04
3.77012e-03 1.62053e+00 8.88278e-04
3.77012e-03 1.69410e+00 8.52823e-04
3.77012e-03 1.76846e+00 8.21505e-04
3.77012e-03 1.84353e+00 7.93448e-04
3.77012e-03 1.91924e+00 7.67763e-04
3.77012e-03 1.99553e+00 7.43555e-04
3.77012e-03 2.07230e+00 7.19951e-04
3.77012e-03 2.14949e+00 6.96127e-04
3.77012e-03 2.22703e+00 6.71354e-04
3.77012e-03 2.30483e+00 6.45043e-04
3.77012e-03 2.38282e+00 6.16786e-04
3.77012e-03 2.46093e+00 5.86382e-04
3.77012e-03 2.53907e+00 5.53835e-04
3.77012e-03 2.61718e+00 5.19320e-04
3.77012e-03 2.69517e+00 4.83127e-04
3.77012e-03 2.77297e+00 4.45599e-04
3.77012e-03 2.85051e+00 4.07092e-04
3.77012e-03 2.92770e+00 3.67974e-04
3.77012e-03 3.00447e+00 3.28662e-04
3.77012e-03 3.08076e+00 2.89667e-04
3.77012e-03 3.15647e+00 2.51613e-04
3.77012e-03 3.23154e+00 2.15197e-04
3.77012e-03 3.30590e+00 1.81105e-04
3.77012e-03 3.37947e+00 1.49924e-04
3.77012e-03 3.45218e+00 1.22073e-04
3.77012e-03 3.52396e+00 9.77712e-05
3.77012e-03 3.59474e+00 7.70440e-05
3.77012e-03 3.66445e+00 5.97523e-05
3.77012e-03 3.73303e+00 4.56311e-05
3.77012e-03 3.80040e+00 3.43330e-05
3.77012e-03 3.86649e+00 2.54689e-05
3.77012e-03 3.93125e+00 1.86429e-05
3.77012e-03 3.99462e+00 1.34780e-05
3.77012e-03 4.05652e+00 9.63374e-06
3.77012e-03 4.11690e+00 6.81592e-06
3.77012e-03 4.17571e+00 4.77920e-06
3.77012e-03 4.23287e+00 3.32562e-06
3.77012e-03 4.28835e+00 2.29985e-06
3.77012e-03 4.34207e+00 1.58305e-06
3.77012e-03 4.39400e+00 1.08630e-06
3.77012e-03 4.44407e+00 7.44361e-07
3.77012e-03 4.49224e+00 5.10196e-07
3.77012e-03 4.53847e+00 3.50407e-07
3.77012e-03 4.58271e+00 2.41583e-07
3.77012e-03 4.62491e+00 1.67494e-07
3.77012e-03 4.66504e+00 1.16994e-07
3.77012e-03 4.70305e+00 8.24785e-08
3.77012e-03 4.73890e+00 5.87911e-08
3.77012e-03 4.77257e+00 4.24464e-08
3.77012e-03 4.80402e+00 3.10938e-08
3.77012e-03 4.83322e+00 2.31491e-08
3.77012e-03 4.86014e+00 1.75434e-08
3.77012e-03 4.88475e+00 1.35541e-08
3.77012e-03 4.90703e+00 1.06910e-08
3.77012e-03 4.92696e+00 8.62055e-09
3.77012e-03 4.94452e+00 7.11444e-09
3.77012e-03 4.95969e+00 6.01596e-09
3.77012e-03 4.97246e+00 5.21725e-09
3.77012e-03 4.98281e+00 4.64409e-09
3.77012e-03 4.99074e+00 4.24593e-09
3.77012e-03 4.99623e+00 3.98913e-09
3.77012e-03 4.99928e+00 3.85272e-09
9.26216e-03 7.15683e-04 2.03061e-05
9.26216e-03 3.77012e-03 1.06964e-04
9.26216e-03 9.26216e-03 2.62707e-04
9.26216e-03 1.71877e-02 4.87097e-04
9.26216e-03 2.75390e-02 7.79025e-04
9.26216e-03 4.03061e-02 1.13629e-03
9.26216e-03 5.54766e-02 1.55503e-03
9.26216e-03 7.30356e-02 2.02915e-03
9.26216e-03 9.29659e-02 2.54973e-03
9.26216e-03 1.15248e-01 3.10461e-03
9.26216e-03 1.39860e-01 3.67820e-03
9.26216e-03 1.66779e-01 4.25182e-03
9.26216e-03 1.95977e-01 4.80443e-03
9.26216e-03 2.27426e-01 5.31400e-03
9.26216e-03 2.61096e-01 5.75928e-03
9.26216e-03 2.96953e-01 6.12182e-03
9.26216e-03 3.34963e-01 6.38782e-03
9.26216e-03 3.75089e-01 6.54955e-03
9.26216e-03 4.17290e-01 6.60602e-03
9.26216e-03 4.61527e-01 6.56272e-03
9.26216e-03 5.07755e-01 6.43060e-03
9.26216e-03 5.55930e-01 6.22449e-03
9.26216e-03 6.06005e-01 5.96131e-03
9.26216e-03 6.57930e-01 5.65827e-03
9.26216e-03 7.11655e-01 5.33152e-03
9.26216e-03 7.67127e-01 4.99518e-03
9.26216e-03 8.24292e-01 4.66078e-03
9.26216e-03 8.83095e-01 4.33718e-03
9.26216e-03 9.43478e-01 4.03066e-03
9.26216e-03 1.00538e+00 3.74533e-03
9.26216e-03 1.06875e+00 3.48345e-03
9.26216e-03 1.13351e+00 3.24586e-03
9.26216e-03 1.19960e+00 3.03238e-03
9.26216e-03 1.26697e+00 2.84211e-03
9.26216e-03 1.33555e+00 2.67366e-03
9.26216e-03 1.40526e+00 2.52535e-03
9.26216e-03 1.47604e+00 2.39532e-03
9.26216e-03 1.54782e+00 2.28163e-03
9.26216e-03 1.62053e+00 2.18227e-03
9.26216e-03 1.69410e+00 2.09517e-03
9.26216e-03 1.76846e+00 2.01823e-03
9.26216e-03 1.84353e+00 1.94930e-03
9.26216e-03 1.91924e+00 1.88620e-03
9.26216e-03 1.99553e+00 1.82673e-03
9.26216e-03 2.07230e+00 1.76874e-03
9.26216e-03 2.14949e+00 1.71022e-03
9.26216e-03 2.22703e+00 1.64935e-03
9.26216e-03 2.30483e+00 1.58472e-03
9.26216e-03 2.38282e+00 1.51530e-03
9.26216e-03 2.46093e+00 1.44060e-03
9.26216e-03 2.53907e+00 1.36064e-03
9.26216e-03 2.61718e+00 1.27584e-03
9.26216e-03 2.69517e+00 1.18693e-03
9.26216e-03 2.77297e+00 1.09473e-03
9.26216e-03 2.85051e+00 1.00013e-03
9.26216e-03 2.92770e+00 9.04024e-04
9.26216e-03 3.00447e+00 8.07443e-04
9.26216e-03 3.08076e+00 7.11642e-04
9.26216e-03 3.15647e+00 6.18152e-04
9.26216e-03 3.23154e+00 5.28685e-04
9.26216e-03 3.30590e+00 4.44930e-04
9.26216e-03 3.37947e+00 3.68327e-04
9.26216e-03 3.45218e+00 2.99904e-04
9.26216e-03 3.52396e+00 2.40199e-04
9.26216e-03 3.59474e+00 1.89278e-04
9.26216e-03 3.66445e+00 1.46796e-04
9.26216e-03 3.73303e+00 1.12104e-04
9.26216e-03 3.80040e+00 8.43474e-05
9.26216e-03 3.86649e+00 6.25707e-05
9.26216e-03 3.93125e+00 4.58008e-05
9.26216e-03 3.99462e+00 3.31119e-05
9.26216e-03 4.05652e+00 2.36676e-05
9.26216e-03 4.11690e+00 1.67450e-05
9.26216e-03 4.17571e+00 1.17413e-05
9.26216e-03 4.23287e+00 8.17019e-06
9.26216e-03 4.28835e+00 5.65014e-06
9.26216e-03 4.34207e+00 3.88915e-06
9.26216e-03 4.39400e+00 2.66876e-06
9.26216e-03 4.44407e+00 1.82870e-06
9.26216e-03 4.49224e+00 1.25342e-06
9.26216e-03 4.53847e+00 8.60859e-07
9.26216e-03 4.58271e+00 5.93506e-07
9.26216e-03 4.62491e+00 4.11490e-07
9.26216e-03 4.66504e+00 2.87423e-07
9.26216e-03 4.70305e+00 2.02628e-07
9.26216e-03 4.73890e+00 1.44434e-07
9.26216e-03 4.77257e+00 1.04280e-07
9.26216e-03 4.80402e+00 7.63893e-08
9.26216e-03 4.83322e+00 5.68713e-08
9.26216e-03 4.86014e+00 4.30995e-08
9.26216e-03 4.88475e+00 3.32988e-08
9.26216e-03 4.90703e+00 2.62650e-08
9.26216e-03 4.92696e+00 2.11784e-08
9.26216e-03 4.94452e+00 1.74783e-08
9.26216e-03 4.95969e+00 1.47796e-08
9.26216e-03 4.97246e+00 1.28174e-08
9.26216e-03 4.98281e+00 1.14093e-08
9.26216e-03 4.99074e+00 1.04311e-08
9.26216e-03 4.99623e+00 9.80024e-09
9.26216e-03 4.99928e+00 9.46511e-09
1.71877e-02 7.15683e-04 3.76505e-05
1.71877e-02 3.77012e-03 1.98327e-04
1.71877e-02 9.26216e-03 4.87097e-04
1.71877e-02 1.71877e-02 9.03150e-04
1.71877e-02 2.75390e-02 1.44443e-03
1.71877e-02 4.03061e-02 2.10685e-03
1.71877e-02 5.54766e-02 2.88328e-03
1.71877e-02 7.30356e-02 3.76241e-03
1.71877e-02 9.29659e-02 4.72773e-03
1.71877e-02 1.15248e-01 5.75667e-03
1.71877e-02 1.39860e-01 6.82040e-03
1.71877e-02 1.66779e-01 7.88426e-03
1.71877e-02 1.95977e-01 8.90928e-03
1.71877e-02 2.27426e-01 9.85460e-03
1.71877e-02 2.61096e-01 1.06808e-02
1.71877e-02 2.96953e-01 1.13537e-02
1.71877e-02 3.34963e-01 1.18477e-02
1.71877e-02 3.75089e-01 1.21483e-02
1.71877e-02 4.17290e-01 1.22537e-02
1.71877e-02 4.61527e-01 1.21740e-02
1.71877e-02 5.07755e-01 1.19295e-02
1.71877e-02 5.55930e-01 1.15477e-02
1.71877e-02 6.06005e-01 1.10599e-02
1.71877e-02 6.57930e-01 1.04981e-02
1.71877e-02 7.11655e-01 9.89215e-03
1.71877e-02 7.67127e-01 9.26836e-03
1.71877e-02 8.24292e-01 8.64811e-03
1.71877e-02 8.83095e-01 8.04782e-03
1.71877e-02 9.43478e-01 7.47920e-03
1.71877e-02 1.00538e+00 6.94984e-03
1.71877e-02 1.06875e+00 6.46396e-03
1.71877e-02 1.13351e+00 6.02315e-03
1.71877e-02 1.19960e+00 5.62706e-03
1.71877e-02 1.26697e+00 5.27401e-03
1.71877e-02 1.33555e+00 4.96145e-03
1.71877e-02 1.40526e+00 4.68626e-03
1.71877e-02 1.47604e+00 4.44499e-03
1.71877e-02 1.54782e+00 4.23404e-03
1.71877e-02 1.62053e+00 4.04966e-03
1.71877e-02 1.69410e+00 3.88804e-03
1.71877e-02 1.76846e+00 3.74528e-03
1.71877e-02 1.84353e+00 3.61738e-03
1.71877e-02 1.91924e+00 3.50030e-03
1.71877e-02 1.99553e+00 3.38995e-03
1.71877e-02 2.07230e+00 3.28234e-03
1.71877e-02 2.14949e+00 3.17373e-03
1.71877e-02 2.22703e+00 3.06080e-03
1.71877e-02 2.30483e+00 2.94085e-03
1.71877e-02 2.38282e+00 2.81202e-03
1.71877e-02 2.46093e+00 2.67341e-03
1.71877e-02 2.53907e+00 2.52502e-03
1.71877e-02 2.61718e+00 2.36766e-03
1.71877e-02 2.69517e+00 2.20265e-03
1.71877e-02 2.77297e+00 2.03155e-03
1.71877e-02 2.85051e+00 1.85599e-03
1.71877e-02 2.92770e+00 1.67765e-03
1.71877e-02 3.00447e+00 1.49841e-03
1.71877e-02 3.08076e+00 1.32063e-03
1.71877e-02 3.15647e+00 1.14713e-03
1.71877e-02 3.23154e+00 9.81105e-04
1.71877e-02 3.30590e+00 8.25675e-04
1.71877e-02 3.37947e+00 6.83519e-04
1.71877e-02 3.45218e+00 5.56543e-04
1.71877e-02 3.52396e+00 4.45746e-04
1.71877e-02 3.59474e+00 3.51249e-04
1.71877e-02 3.66445e+00 2.72415e-04
1.71877e-02 3.73303e+00 2.08035e-04
1.71877e-02 3.80040e+00 1.56526e-04
1.71877e-02 3.86649e+00 1.16114e-04
1.71877e-02 3.93125e+00 8.49938e-05
1.71877e-02 3.99462e+00 6.14465e-05
1.71877e-02 4.05652e+00 4.39205e-05
1.71877e-02 4.11690e+00 3.10740e-05
1.71877e-02 4.17571e+00 2.17885e-05
1.71877e-02 4.23287e+00 1.51616e-05
1.71877e-02 4.28835e+00 1.04851e-05
1.71877e-02 4.34207e+00 7.21716e-06
1.71877e-02 4.39400e+00 4.95246e-06
1.71877e-02 4.44407e+00 3.39355e-06
1.71877e-02 4.49224e+00 2.32599e-06
1.71877e-02 4.53847e+00 1.59751e-06
1.71877e-02 4.58271e+00 1.10138e-06
1.71877e-02 4.62491e+00 7.63606e-07
1.71877e-02 4.66504e+00 5.33375e-07
1.71877e-02 4.70305e+00 3.76019e-07
1.71877e-02 4.73890e+00 2.68028e-07
1.71877e-02 4.77257e+00 1.93513e-07
1.71877e-02 4.80402e+00 1.41756e-07
1.71877e-02 4.83322e+00 1.05537e-07
1.71877e-02 4.86014e+00 7.99801e-08
1.71877e-02 4.88475e+00 6.17928e-08
1.71877e-02 4.90703e+00 4.87402e-08
1.71877e-02 4.92696e+00 3.93010e-08
1.71877e-02 4.94452e+00 3.24346e-08
1.71877e-02 4.95969e+00 2.74267e-08
1.71877e-02 4.97246e+00 2.37854e-08
1.71877e-02 4.98281e+00 2.11724e-08
1.71877e-02 4.99074e+00 1.93571e-08
1.71877e-02 4.99623e+00 1.81864e-08
1.71877e-02 4.99928e+00 1.75645e-08
2.75390e-02 7.15683e-04 6.02152e-05
2.75390e-02 3.77012e-03 3.17188e-04
2.75390e-02 9.26216e-03 7.79025e-04
2.75390e-02 1.71877e-02 1.44443e-03
2.75390e-02 2.75390e-02 2.31012e-03
2.75390e-02 4.03061e-02 3.36958e-03
2.75390e-02 5.54766e-02 4.61141e-03
2.75390e-02 7.30356e-02 6.01757e-03
2.75390e-02 9.29659e-02 7.56169e-03
2.75390e-02 1.15248e-01 9.20776e-03
2.75390e-02 1.39860e-01 1.09097e-02
2.75390e-02 1.66779e-01 1.26122e-02
2.75390e-02 1.95977e-01 1.42529e-02
2.75390e-02 2.27426e-01 1.57666e-02
2.75390e-02 2.61096e-01 1.70901e-02
2.75390e-02 2.96953e-01 1.81687e-02
2.75390e-02 3.34963e-01 1.89613e-02
2.75390e-02 3.75089e-01 1.94447e-02
2.75390e-02 4.17290e-01 1.96157e-02
2.75390e-02 4.61527e-01 1.94904e-02
2.75390e-02 5.07755e-01 1.91011e-02
2.75390e-02 5.55930e-01 1.84916e-02
2.75390e-02 6.06005e-01 1.77121e-02
2.75390e-02 6.57930e-01 1.68138e-02
2.75390e-02 7.11655e-01 1.58445e-02
2.75390e-02 7.67127e-01 1.48463e-02
2.75390e-02 8.24292e-01 1.38535e-02
2.75390e-02 8.83095e-01 1.28925e-02
2.75390e-02 9.43478e-01 1.19820e-02
2.75390e-02 1.00538e+00 1.11343e-02
2.75390e-02 1.06875e+00 1.03561e-02
2.75390e-02 1.13351e+00 9.65009e-03
2.75390e-02 1.19960e+00 9.01565e-03
2.75390e-02 1.26697e+00 8.45013e-03
2.75390e-02 1.33555e+00 7.94945e-03
2.75390e-02 1.40526e+00 7.50861e-03
2.75390e-02 1.47604e+00 7.12211e-03
2.75390e-02 1.54782e+00 6.78417e-03
2.75390e-02 1.62053e+00 6.48880e-03
2.75390e-02 1.69410e+00 6.22989e-03
2.75390e-02 1.76846e+00 6.00119e-03
2.75390e-02 1.84353e+00 5.79630e-03
2.75390e-02 1.91924e+00 5.60872e-03
2.75390e-02 1.99553e+00 5.43193e-03
2.75390e-02 2.07230e+00 5.25954e-03
2.75390e-02 2.14949e+00 5.08553e-03
2.75390e-02 2.22703e+00 4.90458e-03
2.75390e-02 2.30483e+00 4.71239e-03
2.75390e-02 2.38282e+00 4.50597e-03
2.75390e-02 2.46093e+00 4.28386e-03
2.75390e-02 2.53907e+00 4.04609e-03
2.75390e-02 2.61718e+00 3.79393e-03
2.75390e-02 2.69517e+00 3.52951e-03
2.75390e-02 2.77297e+00 3.25534e-03
2.75390e-02 2.85051e+00 2.97402e-03
2.75390e-02 2.92770e+00 2.68824e-03
2.75390e-02 3.00447e+00 2.40103e-03
2.75390e-02 3.08076e+00 2.11614e-03
2.75390e-02 3.15647e+00 1.83814e-03
2.75390e-02 3.23154e+00 1.57209e-03
2.75390e-02 3.30590e+00 1.32303e-03
2.75390e-02 3.37947e+00 1.09524e-03
2.75390e-02 3.45218e+00 8.91779e-04
2.75390e-02 3.52396e+00 7.14242e-04
2.75390e-02 3.59474e+00 5.62823e-04
2.75390e-02 3.66445e+00 4.36502e-04
2.75390e-02 3.73303e+00 3.33343e-04
2.75390e-02 3.80040e+00 2.50807e-04
2.75390e-02 3.86649e+00 1.86053e-04
2.75390e-02 3.93125e+00 1.36188e-04
2.75390e-02 3.99462e+00 9.84575e-05
2.75390e-02 4.05652e+00 7.03750e-05
2.75390e-02 4.11690e+00 4.97905e-05
2.75390e-02 4.17571e+00 3.49122e-05
2.75390e-02 4.23287e+00 2.42937e-05
2.75390e-02 4.28835e+00 1.68004e-05
2.75390e-02 4.34207e+00 1.15642e-05
2.75390e-02 4.39400e+00 7.93539e-06
2.75390e-02 4.44407e+00 5.43752e-06
2.75390e-02 4.49224e+00 3.72696e-06
2.75390e-02 4.53847e+00 2.55970e-06
2.75390e-02 4.58271e+00 1.76474e-06
2.75390e-02 4.62491e+00 1.22353e-06
2.75390e-02 4.66504e+00 8.54629e-07
2.75390e-02 4.70305e+00 6.02497e-07
2.75390e-02 4.73890e+00 4.29463e-07
2.75390e-02 4.77257e+00 3.10066e-07
2.75390e-02 4.80402e+00 2.27137e-07
2.75390e-02 4.83322e+00 1.69101e-07
2.75390e-02 4.86014e+00 1.28152e-07
2.75390e-02 4.88475e+00 9.90106e-08
2.75390e-02 4.90703e+00 7.80964e-08
2.75390e-02 4.92696e+00 6.29719e-08
2.75390e-02 4.94452e+00 5.19699e-08
2.75390e-02 4.95969e+00 4.39457e-08
2.75390e-02 4.97246e+00 3.81112e-08
2.75390e-02 4.98281e+00 3.39244e-08
2.75390e-02 4.99074e+00 3.10159e-08
2.75390e-02 4.99623e+00 2.91400e-08
2.75390e-02 4.99928e+00 2.81435e-08
4.03061e-02 7.15683e-04 8.78297e-05
4.03061e-02 3.77012e-03 4.62650e-04
4.03061e-02 9.26216e-03 1.13629e-03
4.03061e-02 1.71877e-02 2.10685e-03
4.03061e-02 2.75390e-02 3.36958e-03
4.03061e-02 4.03061e-02 4.91498e-03
4.03061e-02 5.54766e-02 6.72651e-03
4.03061e-02 7.30356e-02 8.77794e-03
4.03061e-02 9.29659e-02 1.10309e-02
4.03061e-02 1.15248e-01 1.34331e-02
4.03061e-02 1.39860e-01 1.59175e-02
4.03061e-02 1.66779e-01 1.84035e-02
4.03061e-02 1.95977e-01 2.08005e-02
4.03061e-02 2.27426e-01 2.30132e-02
4.03061e-02 2.61096e-01 2.49496e-02
4.03061e-02 2.96953e-01 2.65295e-02
4.03061e-02 3.34963e-01 2.76926e-02
4.03061e-02 3.75089e-01 2.84048e-02
4.03061e-02 4.17290e-01 2.86610e-02
4.03061e-02 4.61527e-01 2.84840e-02
4.03061e-02 5.07755e-01 2.79207e-02
4.03061e-02 5.55930e-01 2.70351e-02
4.03061e-02 6.06005e-01 2.59000e-02
4.03061e-02 6.57930e-01 2.45901e-02
4.03061e-02 7.11655e-01 2.31758e-02
4.03061e-02 7.67127e-01 2.17182e-02
4.03061e-02 8.24292e-01 2.02679e-02
4.03061e-02 8.83095e-01 1.88635e-02
4.03061e-02 9.43478e-01 1.75325e-02
4.03061e-02 1.00538e+00 1.62931e-02
4.03061e-02 1.06875e+00 1.51551e-02
4.03061e-02 1.13351e+00 1.41224e-02
4.03061e-02 1.19960e+00 1.31944e-02
4.03061e-02 1.26697e+00 1.23671e-02
4.03061e-02 1.33555e+00 1.16346e-02
4.03061e-02 1.40526e+00 1.09897e-02
4.03061e-02 1.47604e+00 1.04242e-02
4.03061e-02 1.54782e+00 9.92976e-03
4.03061e-02 1.62053e+00 9.49761e-03
4.03061e-02 1.69410e+00 9.11879e-03
4.03061e-02 1.76846e+00 8.78416e-03
4.03061e-02 1.84353e+00 8.48437e-03
4.03061e-02 1.91924e+00 8.20991e-03
4.03061e-02 1.99553e+00 7.95122e-03
4.03061e-02 2.07230e+00 7.69895e-03
4.03061e-02 2.14949e+00 7.44430e-03
4.03061e-02 2.22703e+00 7.17947e-03
4.03061e-02 2.30483e+00 6.89816e-03
4.03061e-02 2.38282e+00 6.59602e-03
4.03061e-02 2.46093e+00 6.27090e-03
4.03061e-02 2.53907e+00 5.92285e-03
4.03061e-02 2.61718e+00 5.55373e-03
4.03061e-02 2.69517e+00 5.16665e-03
4.03061e-02 2.77297e+00 4.76530e-03
4.03061e-02 2.85051e+00 4.35347e-03
4.03061e-02 2.92770e+00 3.93511e-03
4.03061e-02 3.00447e+00 3.51467e-03
4.03061e-02 3.08076e+00 3.09763e-03
4.03061e-02 3.15647e+00 2.69067e-03
4.03061e-02 3.23154e+00 2.30122e-03
4.03061e-02 3.30590e+00 1.93664e-03
4.03061e-02 3.37947e+00 1.60319e-03
4.03061e-02 3.45218e+00 1.30536e-03
4.03061e-02 3.52396e+00 1.04548e-03
4.03061e-02 3.59474e+00 8.23836e-04
4.03061e-02 3.66445e+00 6.38930e-04
4.03061e-02 3.73303e+00 4.87929e-04
4.03061e-02 3.80040e+00 3.67117e-04
4.03061e-02 3.86649e+00 2.72333e-04
4.03061e-02 3.93125e+00 1.99343e-04
4.03061e-02 3.99462e+00 1.44115e-04
4.03061e-02 4.05652e+00 1.03009e-04
4.03061e-02 4.11690e+00 7.28793e-05
4.03061e-02 4.17571e+00 5.11015e-05
4.03061e-02 4.23287e+00 3.55589e-05
4.03061e-02 4.28835e+00 2.45909e-05
4.03061e-02 4.34207e+00 1.69265e-05
4.03061e-02 4.39400e+00 1.16150e-05
4.03061e-02 4.44407e+00 7.95889e-06
4.03061e-02 4.49224e+00 5.45513e-06
4.03061e-02 4.53847e+00 3.74662e-06
4.03061e-02 4.58271e+00 2.58304e-06
4.03061e-02 4.62491e+00 1.79087e-06
4.03061e-02 4.66504e+00 1.25091e-06
4.03061e-02 4.70305e+00 8.81867e-07
4.03061e-02 4.73890e+00 6.28598e-07
4.03061e-02 4.77257e+00 4.53838e-07
4.03061e-02 4.80402e+00 3.32456e-07
4.03061e-02 4.83322e+00 2.47510e-07
4.03061e-02 4.86014e+00 1.87574e-07
4.03061e-02 4.88475e+00 1.44920e-07
4.03061e-02 4.90703e+00 1.14308e-07
4.03061e-02 4.92696e+00 9.21705e-08
4.03061e-02 4.94452e+00 7.60672e-08
4.03061e-02 4.95969e+00 6.43223e-08
4.03061e-02 4.97246e+00 5.57824e-08
4.03061e-02 4.98281e+00 4.96543e-08
4.03061e-02 4.99074e+00 4.53971e-08
4.03061e-02 4.99623e+00 4.26514e-08
4.03061e-02 4.99928e+00 4.11929e-08
5.54766e-02 7.15683e-04 1.20196e-04
5.54766e-02 3.77012e-03 6.33144e-04
5.54766e-02 9.26216e-03 1.55503e-03
5.54766e-02 1.71877e-02 2.88328e-03
5.54766e-02 2.75390e-02 4.61141e-03
5.54766e-02 4.03061e-02 6.72651e-03
5.54766e-02 5.54766e-02 9.20607e-03
5.54766e-02 7.30356e-02 1.20144e-02
5.54766e-02 9.29659e-02 1.50993e-02
5.54766e-02 1.15248e-01 1.83896e-02
5.54766e-02 1.39860e-01 2.17939e-02
5.54766e-02 1.66779e-01 2.52024e-02
5.54766e-02 1.95977e-01 2.84913e-02
5.54766e-02 2.27426e-01 3.15305e-02
5.54766e-02 2.61096e-01 3.41940e-02
5.54766e-02 2.96953e-01 3.63714e-02
5.54766e-02 3.34963e-01 3.79794e-02
5.54766e-02 3.75089e-01 3.89705e-02
5.54766e-02 4.17290e-01 3.93364e-02
5.54766e-02 4.61527e-01 3.91076e-02
5.54766e-02 5.07755e-01 3.83475e-02
5.54766e-02 5.55930e-01 3.71429e-02
5.54766e-02 6.06005e-01 3.55938e-02
5.54766e-02 6.57930e-01 3.38026e-02
5.54766e-02 7.11655e-01 3.18656e-02
5.54766e-02 7.67127e-01 2.98674e-02
5.54766e-02 8.24292e-01 2.78776e-02
5.54766e-02 8.83095e-01 2.59495e-02
5.54766e-02 9.43478e-01 2.41214e-02
5.54766e-02 1.00538e+00 2.24184e-02
5.54766e-02 1.06875e+00 2.08542e-02
5.54766e-02 1.13351e+00 1.94345e-02
5.54766e-02 1.19960e+00 1.81584e-02
5.54766e-02 1.26697e+00 1.70207e-02
5.54766e-02 1.33555e+00 1.60133e-02
5.54766e-02 1.40526e+00 1.51261e-02
5.54766e-02 1.47604e+00 1.43483e-02
5.54766e-02 1.54782e+00 1.36681e-02
5.54766e-02 1.62053e+00 1.30737e-02
5.54766e-02 1.69410e+00 1.25526e-02
5.54766e-02 1.76846e+00 1.20922e-02
5.54766e-02 1.84353e+00 1.16798e-02
5.54766e-02 1.91924e+00 1.13022e-02
5.54766e-02 1.99553e+00 1.09463e-02
5.54766e-02 2.07230e+00 1.05992e-02
5.54766e-02 2.14949e+00 1.02487e-02
5.54766e-02 2.22703e+00 9.88424e-03
5.54766e-02 2.30483e+00 9.49703e-03
5.54766e-02 2.38282e+00 9.08112e-03
5.54766e-02 2.46093e+00 8.63354e-03
5.54766e-02 2.53907e+00 8.15436e-03
5.54766e-02 2.61718e+00 7.64616e-03
5.54766e-02 2.69517e+00 7.11323e-03
5.54766e-02 2.77297e+00 6.56063e-03
5.54766e-02 2.85051e+00 5.99361e-03
5.54766e-02 2.92770e+00 5.41759e-03
5.54766e-02 3.00447e+00 4.83872e-03
5.54766e-02 3.08076e+00 4.26454e-03
5.54766e-02 3.15647e+00 3.70423e-03
5.54766e-02 3.23154e+00 3.16805e-03
5.54766e-02 3.30590e+00 2.66611e-03
5.54766e-02 3.37947e+00 2.20705e-03
5.54766e-02 3.45218e+00 1.79702e-03
5.54766e-02 3.52396e+00 1.43925e-03
5.54766e-02 3.59474e+00 1.13412e-03
5.54766e-02 3.66445e+00 8.79563e-04
5.54766e-02 3.73303e+00 6.71688e-04
5.54766e-02 3.80040e+00 5.05373e-04
5.54766e-02 3.86649e+00 3.74892e-04
5.54766e-02 3.93125e+00 2.74412e-04
5.54766e-02 3.99462e+00 1.98385e-04
5.54766e-02 4.05652e+00 1.41800e-04
5.54766e-02 4.11690e+00 1.00323e-04
5.54766e-02 4.17571e+00 7.03441e-05
5.54766e-02 4.23287e+00 4.89487e-05
5.54766e-02 4.28835e+00 3.38505e-05
5.54766e-02 4.34207e+00 2.33001e-05
5.54766e-02 4.39400e+00 1.59886e-05
5.54766e-02 4.44407e+00 1.09557e-05
5.54766e-02 4.49224e+00 7.50915e-06
5.54766e-02 4.53847e+00 5.15732e-06
5.54766e-02 4.58271e+00 3.55561e-06
5.54766e-02 4.62491e+00 2.46517e-06
5.54766e-02 4.66504e+00 1.72190e-06
5.54766e-02 4.70305e+00 1.21390e-06
5.54766e-02 4.73890e+00 8.65272e-07
5.54766e-02 4.77257e+00 6.24712e-07
5.54766e-02 4.80402e+00 4.57627e-07
5.54766e-02 4.83322e+00 3.40699e-07
5.54766e-02 4.86014e+00 2.58196e-07
5.54766e-02 4.88475e+00 1.99482e-07
5.54766e-02 4.90703e+00 1.57345e-07
5.54766e-02 4.92696e+00 1.26873e-07
5.54766e-02 4.94452e+00 1.04706e-07
5.54766e-02 4.95969e+00 8.85394e-08
5.54766e-02 4.97246e+00 7.67843e-08
5.54766e-02 4.98281e+00 6.83489e-08
5.54766e-02 4.99074e+00 6.24889e-08
5.54766e-02 4.99623e+00 5.87095e-08
5.54766e-02 4.99928e+00 5.67018e-08
7.30356e-02 7.15683e-04 1.56843e-04
7.30356e-02 3.77012e-03 8.26186e-04
7.30356e-02 9.26216e-03 2.02915e-03
7.30356e-02 1.71877e-02 3.76241e-03
7.30356e-02 2.75390e-02 6.01757e-03
7.30356e-02 4.03061e-02 8.77794e-03
7.30356e-02 5.54766e-02 1.20144e-02
7.30356e-02 7.30356e-02 1.56808e-02
7.30356e-02 9.29659e-02 1.97097e-02
7.30356e-02 1.15248e-01 2.40087e-02
7.30356e-02 1.39860e-01 2.84598e-02
7.30356e-02 1.66779e-01 3.29203e-02
7.30356e-02 1.95977e-01 3.72295e-02
7.30356e-02 2.27426e-01 4.12177e-02
7.30356e-02 2.61096e-01 4.47202e-02
7.30356e-02 2.96953e-01 4.75922e-02
7.30356e-02 3.34963e-01 4.97236e-02
7.30356e-02 3.75089e-01 5.10500e-02
7.30356e-02 4.17290e-01 5.15586e-02
7.30356e-02 4.61527e-01 5.12874e-02
7.30356e-02 5.07755e-01 5.03173e-02
7.30356e-02 5.55930e-01 4.87611e-02
7.30356e-02 6.06005e-01 4.67486e-02
7.30356e-02 6.57930e-01 4.44140e-02
7.30356e-02 7.11655e-01 4.18838e-02
7.30356e-02 7.67127e-01 3.92694e-02
7.30356e-02 8.24292e-01 3.66627e-02
7.30356e-02 8.83095e-01 3.41345e-02
7.30356e-02 9.43478e-01 3.17356e-02
7.30356e-02 1.00538e+00 2.94994e-02
7.30356e-02 1.06875e+00 2.74446e-02
7.30356e-02 1.13351e+00 2.55789e-02
7.30356e-02 1.19960e+00 2.39015e-02
7.30356e-02 1.26697e+00 2.24056e-02
7.30356e-02 1.33555e+00 2.10808e-02
7.30356e-02 1.40526e+00 1.99140e-02
7.30356e-02 1.47604e+00 1.88910e-02
7.30356e-02 1.54782e+00 1.79963e-02
7.30356e-02 1.62053e+00 1.72144e-02
7.30356e-02 1.69410e+00 1.65289e-02
7.30356e-02 1.76846e+00 1.59234e-02
7.30356e-02 1.84353e+00 1.53808e-02
7.30356e-02 1.91924e+00 1.48841e-02
7.30356e-02 1.99553e+00 1.44158e-02
7.30356e-02 2.07230e+00 1.39590e-02
7.30356e-02 2.14949e+00 1.34977e-02
7.30356e-02 2.22703e+00 1.30179e-02
7.30356e-02 2.30483e+00 1.25081e-02
7.30356e-02 2.38282e+00 1.19605e-02
7.30356e-02 2.46093e+00 1.13710e-02
7.30356e-02 2.53907e+00 1.07399e-02
7.30356e-02 2.61718e+00 1.00706e-02
7.30356e-02 2.69517e+00 9.36864e-03
7.30356e-02 2.77297e+00 8.64076e-03
7.30356e-02 2.85051e+00 7.89388e-03
7.30356e-02 2.92770e+00 7.13516e-03
7.30356e-02 3.00447e+00 6.37268e-03
7.30356e-02 3.08076e+00 5.61639e-03
7.30356e-02 3.15647e+00 4.87840e-03
7.30356e-02 3.23154e+00 4.17220e-03
7.30356e-02 3.30590e+00 3.51112e-03
7.30356e-02 3.37947e+00 2.90653e-03
7.30356e-02 3.45218e+00 2.36652e-03
7.30356e-02 3.52396e+00 1.89534e-03
7.30356e-02 3.59474e+00 1.49349e-03
7.30356e-02 3.66445e+00 1.15827e-03
7.30356e-02 3.73303e+00 8.84512e-04
7.30356e-02 3.80040e+00 6.65494e-04
7.30356e-02 3.86649e+00 4.93667e-04
7.30356e-02 3.93125e+00 3.61350e-04
7.30356e-02 3.99462e+00 2.61234e-04
7.30356e-02 4.05652e+00 1.86721e-04
7.30356e-02 4.11690e+00 1.32104e-04
7.30356e-02 4.17571e+00 9.26274e-05
7.30356e-02 4.23287e+00 6.44541e-05
7.30356e-02 4.28835e+00 4.45729e-05
7.30356e-02 4.34207e+00 3.06804e-05
7.30356e-02 4.39400e+00 2.10528e-05
7.30356e-02 4.44407e+00 1.44258e-05
7.30356e-02 4.49224e+00 9.88754e-06
7.30356e-02 4.53847e+00 6.79078e-06
7.30356e-02 4.58271e+00 4.68175e-06
7.30356e-02 4.62491e+00 3.24593e-06
7.30356e-02 4.66504e+00 2.26724e-06
7.30356e-02 4.70305e+00 1.59835e-06
7.30356e-02 4.73890e+00 1.13931e-06
7.30356e-02 4.77257e+00 8.22559e-07
7.30356e-02 4.80402e+00 6.02557e-07
7.30356e-02 4.83322e+00 4.48597e-07
7.30356e-02 4.86014e+00 3.39964e-07
7.30356e-02 4.88475e+00 2.62656e-07
7.30356e-02 4.90703e+00 2.07174e-07
7.30356e-02 4.92696e+00 1.67051e-07
7.30356e-02 4.94452e+00 1.37865e-07
7.30356e-02 4.95969e+00 1.16578e-07
7.30356e-02 4.97246e+00 1.01100e-07
7.30356e-02 4.98281e+00 8.99937e-08
7.30356e-02 4.99074e+00 8.22779e-08
7.30356e-02 4.99623e+00 7.73016e-08
7.30356e-02 4.99928e+00 7.46582e-08
9.29659e-02 7.15683e-04 1.97081e-04
9.29659e-02 3.77012e-03 1.03814e-03
9.29659e-02 9.26216e-03 2.54973e-03
9.29659e-02 1.71877e-02 4.72773e-03
9.29659e-02 2.75390e-02 7.56169e-03
9.29659e-02 4.03061e-02 1.10309e-02
9.29659e-02 5.54766e-02 1.50993e-02
9.29659e-02 7.30356e-02 1.97097e-02
9.29659e-02 9.29659e-02 2.47782e-02
9.29659e-02 1.15248e-01 3.01905e-02
9.29659e-02 1.39860e-01 3.57994e-02
9.29659e-02 1.66779e-01 4.14275e-02
9.29659e-02 1.95977e-01 4.68739e-02
9.29659e-02 2.27426e-01 5.19260e-02
9.29659e-02 2.61096e-01 5.63765e-02
9.29659e-02 2.96953e-01 6.00417e-02
9.29659e-02 3.34963e-01 6.27804e-02
9.29659e-02 3.75089e-01 6.45081e-02
9.29659e-02 4.17290e-01 6.52049e-02
9.29659e-02 4.61527e-01 6.49147e-02
9.29659e-02 5.07755e-01 6.37366e-02
9.29659e-02 5.55930e-01 6.18102e-02
9.29659e-02 6.06005e-01 5.92985e-02
9.29659e-02 6.57930e-01 5.63706e-02
9.29659e-02 7.11655e-01 5.31869e-02
9.29659e-02 7.67127e-01 4.98895e-02
9.29659e-02 8.24292e-01 4.65956e-02
9.29659e-02 8.83095e-01 4.33964e-02
9.29659e-02 9.43478e-01 4.03574e-02
9.29659e-02 1.00538e+00 3.75220e-02
9.29659e-02 1.06875e+00 3.49148e-02
9.29659e-02 1.13351e+00 3.25463e-02
9.29659e-02 1.19960e+00 3.04158e-02
9.29659e-02 1.26697e+00 2.85153e-02
9.29659e-02 1.33555e+00 2.68317e-02
9.29659e-02 1.40526e+00 2.53488e-02
9.29659e-02 1.47604e+00 2.40484e-02
9.29659e-02 1.54782e+00 2.29111e-02
9.29659e-02 1.62053e+00 2.19170e-02
9.29659e-02 1.69410e+00 2.10456e-02
9.29659e-02 1.76846e+00 2.02757e-02
9.29659e-02 1.84353e+00 1.95859e-02
9.29659e-02 1.91924e+00 1.89543e-02
9.29659e-02 1.99553e+00 1.83587e-02
9.29659e-02 2.07230e+00 1.77776e-02
9.29659e-02 2.14949e+00 1.71908e-02
9.29659e-02 2.22703e+00 1.65801e-02
9.29659e-02 2.30483e+00 1.59311e-02
9.29659e-02 2.38282e+00 1.52338e-02
9.29659e-02 2.46093e+00 1.44832e-02
9.29659e-02 2.53907e+00 1.36794e-02
9.29659e-02 2.61718e+00 1.28268e-02
9.29659e-02 2.69517e+00 1.19326e-02
9.29659e-02 2.77297e+00 1.10054e-02
9.29659e-02 2.85051e+00 1.00540e-02
9.29659e-02 2.92770e+00 9.08752e-03
9.29659e-02 3.00447e+00 8.11625e-03
9.29659e-02 3.08076e+00 7.15290e-03
9.29659e-02 3.15647e+00 6.21288e-03
9.29659e-02 3.23154e+00 5.31339e-03
9.29659e-02 3.30590e+00 4.47140e-03
9.29659e-02 3.37947e+00 3.70138e-03
9.29659e-02 3.45218e+00 3.01364e-03
9.29659e-02 3.52396e+00 2.41358e-03
9.29659e-02 3.59474e+00 1.90182e-03
9.29659e-02 3.66445e+00 1.47492e-03
9.29659e-02 3.73303e+00 1.12631e-03
9.29659e-02 3.80040e+00 8.47405e-04
9.29659e-02 3.86649e+00 6.28601e-04
9.29659e-02 3.93125e+00 4.60112e-04
9.29659e-02 3.99462e+00 3.32629e-04
9.29659e-02 4.05652e+00 2.37749e-04
9.29659e-02 4.11690e+00 1.68204e-04
9.29659e-02 4.17571e+00 1.17939e-04
9.29659e-02 4.23287e+00 8.20659e-05
9.29659e-02 4.28835e+00 5.67518e-05
9.29659e-02 4.34207e+00 3.90630e-05
9.29659e-02 4.39400e+00 2.68048e-05
9.29659e-02 4.44407e+00 1.83670e-05
9.29659e-02 4.49224e+00 1.25888e-05
9.29659e-02 4.53847e+00 8.64595e-06
9.29659e-02 4.58271e+00 5.96073e-06
9.29659e-02 4.62491e+00 4.13264e-06
9.29659e-02 4.66504e+00 2.88659e-06
9.29659e-02 4.70305e+00 2.03497e-06
9.29659e-02 4.73890e+00 1.45052e-06
9.29659e-02 4.77257e+00 1.04724e-06
9.29659e-02 4.80402e+00 7.67145e-07
9.29659e-02 4.83322e+00 5.71129e-07
9.29659e-02 4.86014e+00 4.32823e-07
9.29659e-02 4.88475e+00 3.34397e-07
9.29659e-02 4.90703e+00 2.63761e-07
9.29659e-02 4.92696e+00 2.12679e-07
9.29659e-02 4.94452e+00 1.75520e-07
9.29659e-02 4.95969e+00 1.48419e-07
9.29659e-02 4.97246e+00 1.28714e-07
9.29659e-02 4.98281e+00 1.14573e-07
9.29659e-02 4.99074e+00 1.04750e-07
9.29659e-02 4.99623e+00 9.84145e-08
9.29659e-02 4.99928e+00 9.50490e-08
1.15248e-01 7.15683e-04 2.39968e-04
1.15248e-01 3.77012e-03 1.26405e-03
1.15248e-01 9.26216e-03 3.10461e-03
1.15248e-01 1.71877e-02 5.75667e-03
1.15248e-01 2.75390e-02 9.20776e-03
1.15248e-01 4.03061e-02 1.34331e-02
1.15248e-01 5.54766e-02 1.83896e-02
1.15248e-01 7.30356e-02 2.40087e-02
1.15248e-01 9.29659e-02 3.01905e-02
1.15248e-01 1.15248e-01 3.67976e-02
1.15248e-01 1.39860e-01 4.36537e-02
1.15248e-01 1.66779e-01 5.05455e-02
1.15248e-01 1.95977e-01 5.72303e-02
1.15248e-01 2.27426e-01 6.34505e-02
1.15248e-01 2.61096e-01 6.89528e-02
1.15248e-01 2.96953e-01 7.35109e-02
1.15248e-01 3.34963e-01 7.69484e-02
1.15248e-01 3.75089e-01 7.91563e-02
1.15248e-01 4.17290e-01 8.01037e-02
1.15248e-01 4.61527e-01 7.98377e-02
1.15248e-01 5.07755e-01 7.84739e-02
1.15248e-01 5.55930e-01 7.61795e-02
1.15248e-01 6.06005e-01 7.31519e-02
1.15248e-01 6.57930e-01 6.95978e-02
1.15248e-01 7.11655e-01 6.57151e-02
1.15248e-01 7.67127e-01 6.16799e-02
1.15248e-01 8.24292e-01 5.76386e-02
1.15248e-01 8.83095e-01 5.37054e-02
1.15248e-01 9.43478e-01 4.99633e-02
1.15248e-01 1.00538e+00 4.64675e-02
1.15248e-01 1.06875e+00 4.32500e-02
1.15248e-01 1.13351e+00 4.03246e-02
1.15248e-01 1.19960e+00 3.76917e-02
1.15248e-01 1.26697e+00 3.53420e-02
1.15248e-01 1.33555e+00 3.32599e-02
1.15248e-01 1.40526e+00 3.14254e-02
1.15248e-01 1.47604e+00 2.98164e-02
1.15248e-01 1.54782e+00 2.84091e-02
1.15248e-01 1.62053e+00 2.71790e-02
1.15248e-01 1.69410e+00 2.61006e-02
1.15248e-01 1.76846e+00 2.51478e-02
1.15248e-01 1.84353e+00 2.42941e-02
1.15248e-01 1.91924e+00 2.35121e-02
1.15248e-01 1.99553e+00 2.27747e-02
1.15248e-01 2.07230e+00 2.20550e-02
1.15248e-01 2.14949e+00 2.13279e-02
1.15248e-01 2.22703e+00 2.05710e-02
1.15248e-01 2.30483e+00 1.97663e-02
1.15248e-01 2.38282e+00 1.89015e-02
1.15248e-01 2.46093e+00 1.79703e-02
1.15248e-01 2.53907e+00 1.69731e-02
1.15248e-01 2.61718e+00 1.59152e-02
1.15248e-01 2.69517e+00 1.48056e-02
1.15248e-01 2.77297e+00 1.36550e-02
1.15248e-01 2.85051e+00 1.24742e-02
1.15248e-01 2.92770e+00 1.12748e-02
1.15248e-01 3.00447e+00 1.00695e-02
1.15248e-01 3.08076e+00 8.87405e-03
1.15248e-01 3.15647e+00 7.70761e-03
1.15248e-01 3.23154e+00 6.59153e-03
1.15248e-01 3.30590e+00 5.54684e-03
1.15248e-01 3.37947e+00 4.59150e-03
1.15248e-01 3.45218e+00 3.73827e-03
1.15248e-01 3.52396e+00 2.99385e-03
1.15248e-01 3.59474e+00 2.35900e-03
1.15248e-01 3.66445e+00 1.82943e-03
1.15248e-01 3.73303e+00 1.39700e-03
1.15248e-01 3.80040e+00 1.05105e-03
1.15248e-01 3.86649e+00 7.79646e-04
1.15248e-01 3.93125e+00 5.70661e-04
1.15248e-01 3.99462e+00 4.12541e-04
1.15248e-01 4.05652e+00 2.94862e-04
1.15248e-01 4.11690e+00 2.08607e-04
1.15248e-01 4.17571e+00 1.46266e-04
1.15248e-01 4.23287e+00 1.01776e-04
1.15248e-01 4.28835e+00 7.03812e-05
1.15248e-01 4.34207e+00 4.84438e-05
1.15248e-01 4.39400e+00 3.32415e-05
1.15248e-01 4.44407e+00 2.27772e-05
1.15248e-01 4.49224e+00 1.56115e-05
1.15248e-01 4.53847e+00 1.07218e-05
1.15248e-01 4.58271e+00 7.39182e-06
1.15248e-01 4.62491e+00 5.12479e-06
1.15248e-01 4.66504e+00 3.57957e-06
1.15248e-01 4.70305e+00 2.52348e-06
1.15248e-01 4.73890e+00 1.79872e-06
1.15248e-01 4.77257e+00 1.29863e-06
1.15248e-01 4.80402e+00 9.51291e-07
1.15248e-01 4.83322e+00 7.08220e-07
1.15248e-01 4.86014e+00 5.36713e-07
1.15248e-01 4.88475e+00 4.14661e-07
1.15248e-01 4.90703e+00 3.27069e-07
1.15248e-01 4.92696e+00 2.63725e-07
1.15248e-01 4.94452e+00 2.17648e-07
1.15248e-01 4.95969e+00 1.84042e-07
1.15248e-01 4.97246e+00 1.59606e-07
1.15248e-01 4.98281e+00 1.42072e-07
1.15248e-01 4.99074e+00 1.29891e-07
1.15248e-01 4.99623e+00 1.22035e-07
1.15248e-01 4.99928e+00 1.17861e-07
1.39860e-01 7.15683e-04 2.84301e-04
1.39860e-01 3.77012e-03 1.49759e-03
1.39860e-01 9.26216e-03 3.67820e-03
1.39860e-01 1.71877e-02 6.82040e-03
1.39860e-01 2.75390e-02 1.09097e-02
1.39860e-01 4.03061e-02 1.59175e-02
1.39860e-01 5.54766e-02 2.17939e-02
1.39860e-01 7.30356e-02 2.84598e-02
1.39860e-01 9.29659e-02 3.57994e-02
1.39860e-01 1.15248e-01 4.36537e-02
1.39860e-01 1.39860e-01 5.18181e-02
1.39860e-01 1.66779e-01 6.00439e-02
1.39860e-01 1.95977e-01 6.80470e-02
1.39860e-01 2.27426e-01 7.55241e-02
1.39860e-01 2.61096e-01 8.21742e-02
1.39860e-01 2.96953e-01 8.77254e-02
1.39860e-01 3.34963e-01 9.19616e-02
1.39860e-01 3.75089e-01 9.47443e-02
1.39860e-01 4.17290e-01 9.60261e-02
1.39860e-01 4.61527e-01 9.58528e-02
1.39860e-01 5.07755e-01 9.43531e-02
1.39860e-01 5.55930e-01 9.17199e-02
1.39860e-01 6.06005e-01 8.81852e-02
1.39860e-01 6.57930e-01 8.39952e-02
1.39860e-01 7.11655e-01 7.93879e-02
1.39860e-01 7.67127e-01 7.45770e-02
1.39860e-01 8.24292e-01 6.97416e-02
1.39860e-01 8.83095e-01 6.50225e-02
1.39860e-01 9.43478e-01 6.05229e-02
1.39860e-01 1.00538e+00 5.63122e-02
1.39860e-01 1.06875e+00 5.24315e-02
1.39860e-01 1.13351e+00 4.88994e-02
1.39860e-01 1.19960e+00 4.57178e-02
1.39860e-01 1.26697e+00 4.28767e-02
1.39860e-01 1.33555e+00 4.03579e-02
1.39860e-01 1.40526e+00 3.81380e-02
1.39860e-01 1.47604e+00 3.61906e-02
1.39860e-01 1.54782e+00 3.44871e-02
1.39860e-01 1.62053e+00 3.29979e-02
1.39860e-01 1.69410e+00 3.16922e-02
1.39860e-01 1.76846e+00 3.05387e-02
1.39860e-01 1.84353e+00 2.95049e-02
1.39860e-01 1.91924e+00 2.85578e-02
1.39860e-01 1.99553e+00 2.76643e-02
1.39860e-01 2.07230e+00 2.67920e-02
1.39860e-01 2.14949e+00 2.59102e-02
1.39860e-01 2.22703e+00 2.49919e-02
1.39860e-01 2.30483e+00 2.40152e-02
1.39860e-01 2.38282e+00 2.29650e-02
1.39860e-01 2.46093e+00 2.18341e-02
1.39860e-01 2.53907e+00 2.06225e-02
1.39860e-01 2.61718e+00 1.93371e-02
1.39860e-01 2.69517e+00 1.79887e-02
1.39860e-01 2.77297e+00 1.65903e-02
1.39860e-01 2.85051e+00 1.51554e-02
1.39860e-01 2.92770e+00 1.36977e-02
1.39860e-01 3.00447e+00 1.22329e-02
1.39860e-01 3.08076e+00 1.07802e-02
1.39860e-01 3.15647e+00 9.36287e-03
1.39860e-01 3.23154e+00 8.00678e-03
1.39860e-01 3.30590e+00 6.73754e-03
1.39860e-01 3.37947e+00 5.57691e-03
1.39860e-01 3.45218e+00 4.54040e-03
1.39860e-01 3.52396e+00 3.63613e-03
1.39860e-01 3.59474e+00 2.86499e-03
1.39860e-01 3.66445e+00 2.22177e-03
1.39860e-01 3.73303e+00 1.69655e-03
1.39860e-01 3.80040e+00 1.27638e-03
1.39860e-01 3.86649e+00 9.46770e-04
1.39860e-01 3.93125e+00 6.92970e-04
1.39860e-01 3.99462e+00 5.00950e-04
1.39860e-01 4.05652e+00 3.58044e-04
1.39860e-01 4.11690e+00 2.53302e-04
1.39860e-01 4.17571e+00 1.77601e-04
1.39860e-01 4.23287e+00 1.23577e-04
1.39860e-01 4.28835e+00 8.54561e-05
1.39860e-01 4.34207e+00 5.88190e-05
1.39860e-01 4.39400e+00 4.03602e-05
1.39860e-01 4.44407e+00 2.76547e-05
1.39860e-01 4.49224e+00 1.89542e-05
1.39860e-01 4.53847e+00 1.30174e-05
1.39860e-01 4.58271e+00 8.97436e-06
1.39860e-01 4.62491e+00 6.22191e-06
1.39860e-01 4.66504e+00 4.34585e-06
1.39860e-01 4.70305e+00 3.06366e-06
1.39860e-01 4.73890e+00 2.18374e-06
1.39860e-01 4.77257e+00 1.57659e-06
1.39860e-01 4.80402e+00 1.15490e-06
1.39860e-01 4.83322e+00 8.59797e-07
1.39860e-01 4.86014e+00 6.51580e-07
1.39860e-01 4.88475e+00 5.03405e-07
1.39860e-01 4.90703e+00 3.97064e-07
1.39860e-01 4.92696e+00 3.20163e-07
1.39860e-01 4.94452e+00 2.64224e-07
1.39860e-01 4.95969e+00 2.23426e-07
1.39860e-01 4.97246e+00 1.93761e-07
1.39860e-01 4.98281e+00 1.72474e-07
1.39860e-01 4.99074e+00 1.57686e-07
1.39860e-01 4.99623e+00 1.48148e-07
1.39860e-01 4.99928e+00 1.43082e-07
1.66779e-01 7.15683e-04 3.28634e-04
1.66779e-01 3.77012e-03 1.73112e-03
1.66779e-01 9.26216e-03 4.25182e-03
1.66779e-01 1.71877e-02 7.88426e-03
1.66779e-01 2.75390e-02 1.26122e-02
1.66779e-01 4.03061e-02 1.84035e-02
1.66779e-01 5.54766e-02 2.52024e-02
1.66779e-01 7.30356e-02 3.29203e-02
1.66779e-01 9.29659e-02 4.14275e-02
1.66779e-01 1.15248e-01 5.05455e-02
1.66779e-01 1.39860e-01 6.00439e-02
1.66779e-01 1.66779e-01 6.96414e-02
1.66779e-01 1.95977e-01 7.90153e-02
1.66779e-01 2.27426e-01 8.78175e-02
1.66779e-01 2.61096e-01 9.56997e-02
1.66779e-01 2.96953e-01 1.02342e-01
1.66779e-01 3.34963e-01 1.07485e-01
1.66779e-01 3.75089e-01 1.10955e-01
1.66779e-01 4.17290e-01 1.12680e-01
1.66779e-01 4.61527e-01 1.12698e-01
1.66779e-01 5.07755e-01 1.11146e-01
1.66779e-01 5.55930e-01 1.08238e-01
1.66779e-01 6.06005e-01 1.04238e-01
1.66779e-01 6.57930e-01 9.94317e-02
1.66779e-01 7.11655e-01 9.41003e-02
1.66779e-01 7.67127e-01 8.84978e-02
1.66779e-01 8.24292e-01 8.28397e-02
1.66779e-01 8.83095e-01 7.72972e-02
1.66779e-01 9.43478e-01 7.19970e-02
1.66779e-01 1.00538e+00 6.70258e-02
1.66779e-01 1.06875e+00 6.24359e-02
1.66779e-01 1.13351e+00 5.82524e-02
1.66779e-01 1.19960e+00 5.44799e-02
1.66779e-01 1.26697e+00 5.11084e-02
1.66779e-01 1.33555e+00 4.81175e-02
1.66779e-01 1.40526e+00 4.54804e-02
1.66779e-01 1.47604e+00 4.31663e-02
1.66779e-01 1.54782e+00 4.11417e-02
1.66779e-01 1.62053e+00 3.93715e-02
1.66779e-01 1.69410e+00 3.78195e-02
1.66779e-01 1.76846e+00 3.64481e-02
1.66779e-01 1.84353e+00 3.52188e-02
1.66779e-01 1.91924e+00 3.40924e-02
1.66779e-01 1.99553e+00 3.30293e-02
1.66779e-01 2.07230e+00 3.19907e-02
1.66779e-01 2.14949e+00 3.09402e-02
1.66779e-01 2.22703e+00 2.98455e-02
1.66779e-01 2.30483e+00 2.86805e-02
1.66779e-01 2.38282e+00 2.74273e-02
1.66779e-01 2.46093e+00 2.60771e-02
1.66779e-01 2.53907e+00 2.46303e-02
1.66779e-01 2.61718e+00 2.30949e-02
1.66779e-01 2.69517e+00 2.14841e-02
1.66779e-01 2.77297e+00 1.98135e-02
1.66779e-01 2.85051e+00 1.80991e-02
1.66779e-01 2.92770e+00 1.63576e-02
1.66779e-01 3.00447e+00 1.46077e-02
1.66779e-01 3.08076e+00 1.28723e-02
1.66779e-01 3.15647e+00 1.11793e-02
1.66779e-01 3.23154e+00 9.55966e-03
1.66779e-01 3.30590e+00 8.04385e-03
1.66779e-01 3.37947e+00 6.65787e-03
1.66779e-01 3.45218e+00 5.42021e-03
1.66779e-01 3.52396e+00 4.34052e-03
1.66779e-01 3.59474e+00 3.41986e-03
1.66779e-01 3.66445e+00 2.65195e-03
1.66779e-01 3.73303e+00 2.02496e-03
1.66779e-01 3.80040e+00 1.52341e-03
1.66779e-01 3.86649e+00 1.12997e-03
1.66779e-01 3.93125e+00 8.27031e-04
1.66779e-01 3.99462e+00 5.97845e-04
1.66779e-01 4.05652e+00 4.27286e-04
1.66779e-01 4.11690e+00 3.02280e-04
1.66779e-01 4.17571e+00 2.11936e-04
1.66779e-01 4.23287e+00 1.47465e-04
1.66779e-01 4.28835e+00 1.01973e-04
1.66779e-01 4.34207e+00 7.01859e-05
1.66779e-01 4.39400e+00 4.81590e-05
1.66779e-01 4.44407e+00 3.29978e-05
1.66779e-01 4.49224e+00 2.26159e-05
1.66779e-01 4.53847e+00 1.55320e-05
1.66779e-01 4.58271e+00 1.07078e-05
1.66779e-01 4.62491e+00 7.42360e-06
1.66779e-01 4.66504e+00 5.18513e-06
1.66779e-01 4.70305e+00 3.65528e-06
1.66779e-01 4.73890e+00 2.60541e-06
1.66779e-01 4.77257e+00 1.88101e-06
1.66779e-01 4.80402e+00 1.37788e-06
1.66779e-01 4.83322e+00 1.02579e-06
1.66779e-01 4.86014e+00 7.77372e-07
1.66779e-01 4.88475e+00 6.00586e-07
1.66779e-01 4.90703e+00 4.73714e-07
1.66779e-01 4.92696e+00 3.81966e-07
1.66779e-01 4.94452e+00 3.15227e-07
1.66779e-01 4.95969e+00 2.66553e-07
1.66779e-01 4.97246e+00 2.31161e-07
1.66779e-01 4.98281e+00 2.05765e-07
1.66779e-01 4.99074e+00 1.88122e-07
1.66779e-01 4.99623e+00 1.76743e-07
1.66779e-01 4.99928e+00 1.70699e-07
1.95977e-01 7.15683e-04 3.71342e-04
1.95977e-01 3.77012e-03 1.95609e-03
1.95977e-01 9.26216e-03 4.80443e-03
1.95977e-01 1.71877e-02 8.90928e-03
1.95977e-01 2.75390e-02 1.42529e-02
1.95977e-01 4.03061e-02 2.08005e-02
1.95977e-01 5.54766e-02 2.84913e-02
1.95977e-01 7.30356e-02 3.72295e-02
1.95977e-01 9.29659e-02 4.68739e-02
1.95977e-01 1.15248e-01 5.72303e-02
1.95977e-01 1.39860e-01 6.80470e-02
1.95977e-01 1.66779e-01 7.90153e-02
1.95977e-01 1.95977e-01 8.97780e-02
1.95977e-01 2.27426e-01 9.99468e-02
1.95977e-01 2.61096e-01 1.09128e-01
1.95977e-01 2.96953e-01 1.16954e-01
1.95977e-01 3.34963e-01 1.23117e-01
1.95977e-01 3.75089e-01 1.27402e-01
1.95977e-01 4.17290e-01 1.29706e-01
1.95977e-01 4.61527e-01 1.30050e-01
1.95977e-01 5.07755e-01 1.28568e-01
1.95977e-01 5.55930e-01 1.25489e-01
1.95977e-01 6.06005e-01 1.21105e-01
1.95977e-01 6.57930e-01 1.15740e-01
1.95977e-01 7.11655e-01 1.09718e-01
1.95977e-01 7.67127e-01 1.03336e-01
1.95977e-01 8.24292e-01 9.68501e-02
1.95977e-01 8.83095e-01 9.04653e-02
1.95977e-01 9.43478e-01 8.43363e-02
1.95977e-01 1.00538e+00 7.85704e-02
1.95977e-01 1.06875e+00 7.32342e-02
1.95977e-01 1.13351e+00 6.83614e-02
1.95977e-01 1.19960e+00 6.39612e-02
1.95977e-01 1.26697e+00 6.00244e-02
1.95977e-01 1.33555e+00 5.65292e-02
1.95977e-01 1.40526e+00 5.34457e-02
1.95977e-01 1.47604e+00 5.07388e-02
1.95977e-01 1.54782e+00 4.83699e-02
1.95977e-01 1.62053e+00 4.62985e-02
1.95977e-01 1.69410e+00 4.44821e-02
1.95977e-01 1.76846e+00 4.28769e-02
1.95977e-01 1.84353e+00 4.14378e-02
1.95977e-01 1.91924e+00 4.01185e-02
1.95977e-01 1.99553e+00 3.88728e-02
1.95977e-01 2.07230e+00 3.76549e-02
1.95977e-01 2.14949e+00 3.64220e-02
1.95977e-01 2.22703e+00 3.51361e-02
1.95977e-01 2.30483e+00 3.37667e-02
1.95977e-01 2.38282e+00 3.22926e-02
1.95977e-01 2.46093e+00 3.07036e-02
1.95977e-01 2.53907e+00 2.90004e-02
1.95977e-01 2.61718e+00 2.71924e-02
1.95977e-01 2.69517e+00 2.52953e-02
1.95977e-01 2.77297e+00 2.33275e-02
1.95977e-01 2.85051e+00 2.13081e-02
1.95977e-01 2.92770e+00 1.92567e-02
1.95977e-01 3.00447e+00 1.71956e-02
1.95977e-01 3.08076e+00 1.51518e-02
1.95977e-01 3.15647e+00 1.31582e-02
1.95977e-01 3.23154e+00 1.12511e-02
1.95977e-01 3.30590e+00 9.46647e-03
1.95977e-01 3.37947e+00 7.83489e-03
1.95977e-01 3.45218e+00 6.37805e-03
1.95977e-01 3.52396e+00 5.10727e-03
1.95977e-01 3.59474e+00 4.02376e-03
1.95977e-01 3.66445e+00 3.12009e-03
1.95977e-01 3.73303e+00 2.38231e-03
1.95977e-01 3.80040e+00 1.79216e-03
1.95977e-01 3.86649e+00 1.32925e-03
1.95977e-01 3.93125e+00 9.72852e-04
1.95977e-01 3.99462e+00 7.03230e-04
1.95977e-01 4.05652e+00 5.02587e-04
1.95977e-01 4.11690e+00 3.55540e-04
1.95977e-01 4.17571e+00 2.49270e-04
1.95977e-01 4.23287e+00 1.73436e-04
1.95977e-01 4.28835e+00 1.19929e-04
1.95977e-01 4.34207e+00 8.25426e-05
1.95977e-01 4.39400e+00 5.66363e-05
1.95977e-01 4.44407e+00 3.88055e-05
1.95977e-01 4.49224e+00 2.65958e-05
1.95977e-01 4.53847e+00 1.82649e-05
1.95977e-01 4.58271e+00 1.25916e-05
1.95977e-01 4.62491e+00 8.72951e-06
1.95977e-01 4.66504e+00 6.09717e-06
1.95977e-01 4.70305e+00 4.29816e-06
1.95977e-01 4.73890e+00 3.06361e-06
1.95977e-01 4.77257e+00 2.21178e-06
1.95977e-01 4.80402e+00 1.62016e-06
1.95977e-01 4.83322e+00 1.20615e-06
1.95977e-01 4.86014e+00 9.14044e-07
1.95977e-01 4.88475e+00 7.06170e-07
1.95977e-01 4.90703e+00 5.56990e-07
1.95977e-01 4.92696e+00 4.49110e-07
1.95977e-01 4.94452e+00 3.70638e-07
1.95977e-01 4.95969e+00 3.13405e-07
1.95977e-01 4.97246e+00 2.71792e-07
1.95977e-01 4.98281e+00 2.41931e-07
1.95977e-01 4.99074e+00 2.21186e-07
1.95977e-01 4.99623e+00 2.07807e-07
1.95977e-01 4.99928e+00 2.00701e-07
2.27426e-01 7.15683e-04 4.10721e-04
2.27426e-01 3.77012e-03 2.16353e-03
2.27426e-01 9.26216e-03 5.31400e-03
2.27426e-01 1.71877e-02 9.85460e-03
2.27426e-01 2.75390e-02 1.57666e-02
2.27426e-01 4.03061e-02 2.30132e-02
2.27426e-01 5.54766e-02 3.15305e-02
2.27426e-01 7.30356e-02 4.12177e-02
2.27426e-01 9.29659e-02 5.19260e-02
2.27426e-01 1.15248e-01 6.34505e-02
2.27426e-01 1.39860e-01 7.55241e-02
2.27426e-01 1.66779e-01 8.78175e-02
2.27426e-01 1.95977e-01 9.99468e-02
2.27426e-01 2.27426e-01 1.11490e-01
2.27426e-01 2.61096e-01 1.22012e-01
2.27426e-01 2.96953e-01 1.31099e-01
2.27426e-01 3.34963e-01 1.38395e-01
2.27426e-01 3.75089e-01 1.43638e-01
2.27426e-01 4.17290e-01 1.46683e-01
2.27426e-01 4.61527e-01 1.47521e-01
2.27426e-01 5.07755e-01 1.46274e-01
2.27426e-01 5.55930e-01 1.43175e-01
2.27426e-01 6.06005e-01 1.38535e-01
2.27426e-01 6.57930e-01 1.32714e-01
2.27426e-01 7.11655e-01 1.26074e-01
2.27426e-01 7.67127e-01 1.18959e-01
2.27426e-01 8.24292e-01 1.11669e-01
2.27426e-01 8.83095e-01 1.04446e-01
2.27426e-01 9.43478e-01 9.74791e-02
2.27426e-01 1.00538e+00 9.08990e-02
2.27426e-01 1.06875e+00 8.47907e-02
2.27426e-01 1.13351e+00 7.91996e-02
2.27426e-01 1.19960e+00 7.41415e-02
2.27426e-01 1.26697e+00 6.96096e-02
2.27426e-01 1.33555e+00 6.55819e-02
2.27426e-01 1.40526e+00 6.20261e-02
2.27426e-01 1.47604e+00 5.89030e-02
2.27426e-01 1.54782e+00 5.61690e-02
2.27426e-01 1.62053e+00 5.37778e-02
2.27426e-01 1.69410e+00 5.16807e-02
2.27426e-01 1.76846e+00 4.98271e-02
2.27426e-01 1.84353e+00 4.81648e-02
2.27426e-01 1.91924e+00 4.66403e-02
2.27426e-01 1.99553e+00 4.51997e-02
2.27426e-01 2.07230e+00 4.37900e-02
2.27426e-01 2.14949e+00 4.23614e-02
2.27426e-01 2.22703e+00 4.08699e-02
2.27426e-01 2.30483e+00 3.92800e-02
2.27426e-01 2.38282e+00 3.75673e-02
2.27426e-01 2.46093e+00 3.57199e-02
2.27426e-01 2.53907e+00 3.37388e-02
2.27426e-01 2.61718e+00 3.16351e-02
2.27426e-01 2.69517e+00 2.94272e-02
2.27426e-01 2.77297e+00 2.71368e-02
2.27426e-01 2.85051e+00 2.47862e-02
2.27426e-01 2.92770e+00 2.23984e-02
2.27426e-01 3.00447e+00 1.99995e-02
2.27426e-01 3.08076e+00 1.76211e-02
2.27426e-01 3.15647e+00 1.53012e-02
2.27426e-01 3.23154e+00 1.30825e-02
2.27426e-01 3.30590e+00 1.10065e-02
2.27426e-01 3.37947e+00 9.10878e-03
2.27426e-01 3.45218e+00 7.41452e-03
2.27426e-01 3.52396e+00 5.93681e-03
2.27426e-01 3.59474e+00 4.67700e-03
2.27426e-01 3.66445e+00 3.62639e-03
2.27426e-01 3.73303e+00 2.76872e-03
2.27426e-01 3.80040e+00 2.08273e-03
2.27426e-01 3.86649e+00 1.54469e-03
2.27426e-01 3.93125e+00 1.13047e-03
2.27426e-01 3.99462e+00 8.17123e-04
2.27426e-01 4.05652e+00 5.83959e-04
2.27426e-01 4.11690e+00 4.13086e-04
2.27426e-01 4.17571e+00 2.89604e-04
2.27426e-01 4.23287e+00 2.01493e-04
2.27426e-01 4.28835e+00 1.39325e-04
2.27426e-01 4.34207e+00 9.58889e-05
2.27426e-01 4.39400e+00 6.57919e-05
2.27426e-01 4.44407e+00 4.50773e-05
2.27426e-01 4.49224e+00 3.08935e-05
2.27426e-01 4.53847e+00 2.12159e-05
2.27426e-01 4.58271e+00 1.46256e-05
2.27426e-01 4.62491e+00 1.01394e-05
2.27426e-01 4.66504e+00 7.08179e-06
2.27426e-01 4.70305e+00 4.99218e-06
2.27426e-01 4.73890e+00 3.55822e-06
2.27426e-01 4.77257e+00 2.56883e-06
2.27426e-01 4.80402e+00 1.88168e-06
2.27426e-01 4.83322e+00 1.40082e-06
2.27426e-01 4.86014e+00 1.06156e-06
2.27426e-01 4.88475e+00 8.20127e-07
2.27426e-01 4.90703e+00 6.46867e-07
2.27426e-01 4.92696e+00 5.21575e-07
2.27426e-01 4.94452e+00 4.30438e-07
2.27426e-01 4.95969e+00 3.63969e-07
2.27426e-01 4.97246e+00 3.15640e-07
2.27426e-01 4.98281e+00 2.80960e-07
2.27426e-01 4.99074e+00 2.56869e-07
2.27426e-01 4.99623e+00 2.41331e-07
2.27426e-01 4.99928e+00 2.33077e-07
2.61096e-01 7.15683e-04 4.45129e-04
2.61096e-01 3.77012e-03 2.34479e-03
2.61096e-01 9.26216e-03 5.75928e-03
2.61096e-01 1.71877e-02 1.06808e-02
2.61096e-01 2.75390e-02 1.70901e-02
2.61096e-01 4.03061e-02 2.49496e-02
2.61096e-01 5.54766e-02 3.41940e-02
2.61096e-01 7.30356e-02 4.47202e-02
2.61096e-01 9.29659e-02 5.63765e-02
2.61096e-01 1.15248e-01 6.89528e-02
2.61096e-01 1.39860e-01 8.21742e-02
2.61096e-01 1.66779e-01 9.56997e-02
2.61096e-01 1.95977e-01 1.09128e-01
2.61096e-01 2.27426e-01 1.22012e-01
2.61096e-01 2.61096e-01 1.33884e-01
2.61096e-01 2.96953e-01 1.44289e-01
2.61096e-01 3.34963e-01 1.52822e-01
2.61096e-01 3.75089e-01 1.59167e-01
2.61096e-01 4.17290e-01 1.63133e-01
2.61096e-01 4.61527e-01 1.64667e-01
2.61096e-01 5.07755e-01 1.63862e-01
2.61096e-01 5.55930e-01 1.60942e-01
2.61096e-01 6.06005e-01 1.56227e-01
2.61096e-01 6.57930e-01 1.50099e-01
2.61096e-01 7.11655e-01 1.42963e-01
2.61096e-01 7.67127e-01 1.35203e-01
2.61096e-01 8.24292e-01 1.27167e-01
2.61096e-01 8.83095e-01 1.19141e-01
2.61096e-01 9.43478e-01 1.11349e-01
2.61096e-01 1.00538e+00 1.03953e-01
2.61096e-01 1.06875e+00 9.70616e-02
2.61096e-01 1.13351e+00 9.07342e-02
2.61096e-01 1.19960e+00 8.49963e-02
2.61096e-01 1.26697e+00 7.98463e-02
2.61096e-01 1.33555e+00 7.52632e-02
2.61096e-01 1.40526e+00 7.12132e-02
2.61096e-01 1.47604e+00 6.76537e-02
2.61096e-01 1.54782e+00 6.45364e-02
2.61096e-01 1.62053e+00 6.18092e-02
2.61096e-01 1.69410e+00 5.94170e-02
2.61096e-01 1.76846e+00 5.73021e-02
2.61096e-01 1.84353e+00 5.54048e-02
2.61096e-01 1.91924e+00 5.36637e-02
2.61096e-01 1.99553e+00 5.20170e-02
2.61096e-01 2.07230e+00 5.04037e-02
2.61096e-01 2.14949e+00 4.87668e-02
2.61096e-01 2.22703e+00 4.70555e-02
2.61096e-01 2.30483e+00 4.52292e-02
2.61096e-01 2.38282e+00 4.32598e-02
2.61096e-01 2.46093e+00 4.11341e-02
2.61096e-01 2.53907e+00 3.88532e-02
2.61096e-01 2.61718e+00 3.64302e-02
2.61096e-01 2.69517e+00 3.38866e-02
2.61096e-01 2.77297e+00 3.12473e-02
2.61096e-01 2.85051e+00 2.85386e-02
2.61096e-01 2.92770e+00 2.57872e-02
2.61096e-01 3.00447e+00 2.30232e-02
2.61096e-01 3.08076e+00 2.02831e-02
2.61096e-01 3.15647e+00 1.76110e-02
2.61096e-01 3.23154e+00 1.50558e-02
2.61096e-01 3.30590e+00 1.26654e-02
2.61096e-01 3.37947e+00 1.04807e-02
2.61096e-01 3.45218e+00 8.53049e-03
2.61096e-01 3.52396e+00 6.82977e-03
2.61096e-01 3.59474e+00 5.38002e-03
2.61096e-01 3.66445e+00 4.17117e-03
2.61096e-01 3.73303e+00 3.18441e-03
2.61096e-01 3.80040e+00 2.39526e-03
2.61096e-01 3.86649e+00 1.77636e-03
2.61096e-01 3.93125e+00 1.29994e-03
2.61096e-01 3.99462e+00 9.39563e-04
2.61096e-01 4.05652e+00 6.71424e-04
2.61096e-01 4.11690e+00 4.74933e-04
2.61096e-01 4.17571e+00 3.32947e-04
2.61096e-01 4.23287e+00 2.31638e-04
2.61096e-01 4.28835e+00 1.60162e-04
2.61096e-01 4.34207e+00 1.10226e-04
2.61096e-01 4.39400e+00 7.56260e-05
2.61096e-01 4.44407e+00 5.18133e-05
2.61096e-01 4.49224e+00 3.55088e-05
2.61096e-01 4.53847e+00 2.43847e-05
2.61096e-01 4.58271e+00 1.68097e-05
2.61096e-01 4.62491e+00 1.16532e-05
2.61096e-01 4.66504e+00 8.13889e-06
2.61096e-01 4.70305e+00 5.73723e-06
2.61096e-01 4.73890e+00 4.08918e-06
2.61096e-01 4.77257e+00 2.95210e-06
2.61096e-01 4.80402e+00 2.16238e-06
2.61096e-01 4.83322e+00 1.60977e-06
2.61096e-01 4.86014e+00 1.21988e-06
2.61096e-01 4.88475e+00 9.42433e-07
2.61096e-01 4.90703e+00 7.43326e-07
2.61096e-01 4.92696e+00 5.99345e-07
2.61096e-01 4.94452e+00 4.94614e-07
2.61096e-01 4.95969e+00 4.18232e-07
2.61096e-01 4.97246e+00 3.62695e-07
2.61096e-01 4.98281e+00 3.22844e-07
2.61096e-01 4.99074e+00 2.95160e-07
2.61096e-01 4.99623e+00 2.77305e-07
2.61096e-01 4.99928e+00 2.67821e-07
2.96953e-01 7.15683e-04 4.73140e-04
2.96953e-01 3.77012e-03 2.49234e-03
2.96953e-01 9.26216e-03 6.12182e-03
2.96953e-01 1.71877e-02 1.13537e-02
2.96953e-01 2.75390e-02 1.81687e-02
2.96953e-01 4.03061e-02 2.65295e-02
2.96953e-01 5.54766e-02 3.63714e-02
2.96953e-01 7.30356e-02 4.75922e-02
2.96953e-01 9.29659e-02 6.00417e-02
2.96953e-01 1.15248e-01 7.35109e-02
2.96953e-01 1.39860e-01 8.77254e-02
2.96953e-01 1.66779e-01 1.02342e-01
2.96953e-01 1.95977e-01 1.16954e-01
2.96953e-01 2.27426e-01 1.31099e-01
2.96953e-01 2.61096e-01 1.44289e-01
2.96953e-01 2.96953e-01 1.56033e-01
2.96953e-01 3.34963e-01 1.65884e-01
2.96953e-01 3.75089e-01 1.73471e-01
2.96953e-01 4.17290e-01 1.78544e-01
2.96953e-01 4.61527e-01 1.80997e-01
2.96953e-01 5.07755e-01 1.80879e-01
2.96953e-01 5.55930e-01 1.78383e-01
2.96953e-01 6.06005e-01 1.73824e-01
2.96953e-01 6.57930e-01 1.67598e-01
2.96953e-01 7.11655e-01 1.60136e-01
2.96953e-01 7.67127e-01 1.51868e-01
2.96953e-01 8.24292e-01 1.43187e-01
2.96953e-01 8.83095e-01 1.34425e-01
2.96953e-01 9.43478e-01 1.25852e-01
2.96953e-01 1.00538e+00 1.17663e-01
2.96953e-01 1.06875e+00 1.09993e-01
2.96953e-01 1.13351e+00 1.02925e-01
2.96953e-01 1.19960e+00 9.64966e-02
2.96953e-01 1.26697e+00 9.07136e-02
2.96953e-01 1.33555e+00 8.55585e-02
2.96953e-01 1.40526e+00 8.09975e-02
2.96953e-01 1.47604e+00 7.69856e-02
2.96953e-01 1.54782e+00 7.34702e-02
2.96953e-01 1.62053e+00 7.03936e-02
2.96953e-01 1.69410e+00 6.76942e-02
2.96953e-01 1.76846e+00 6.53070e-02
2.96953e-01 1.84353e+00 6.31645e-02
2.96953e-01 1.91924e+00 6.11969e-02
2.96953e-01 1.99553e+00 5.93339e-02
2.96953e-01 2.07230e+00 5.75062e-02
2.96953e-01 2.14949e+00 5.56487e-02
2.96953e-01 2.22703e+00 5.37038e-02
2.96953e-01 2.30483e+00 5.16252e-02
2.96953e-01 2.38282e+00 4.93812e-02
2.96953e-01 2.46093e+00 4.69569e-02
2.96953e-01 2.53907e+00 4.43538e-02
2.96953e-01 2.61718e+00 4.15871e-02
2.96953e-01 2.69517e+00 3.86818e-02
2.96953e-01 2.77297e+00 3.56667e-02
2.96953e-01 2.85051e+00 3.25721e-02
2.96953e-01 2.92770e+00 2.94288e-02
2.96953e-01 3.00447e+00 2.62714e-02
2.96953e-01 3.08076e+00 2.31420e-02
2.96953e-01 3.15647e+00 2.00908e-02
2.96953e-01 3.23154e+00 1.71737e-02
2.96953e-01 3.30590e+00 1.44454e-02
2.96953e-01 3.37947e+00 1.19522e-02
2.96953e-01 3.45218e+00 9.72711e-03
2.96953e-01 3.52396e+00 7.78700e-03
2.96953e-01 3.59474e+00 6.13345e-03
2.96953e-01 3.66445e+00 4.75485e-03
2.96953e-01 3.73303e+00 3.62969e-03
2.96953e-01 3.80040e+00 2.72996e-03
2.96953e-01 3.86649e+00 2.02442e-03
2.96953e-01 3.93125e+00 1.48135e-03
2.96953e-01 3.99462e+00 1.07061e-03
2.96953e-01 4.05652e+00 7.65019e-04
2.96953e-01 4.11690e+00 5.41104e-04
2.96953e-01 4.17571e+00 3.79313e-04
2.96953e-01 4.23287e+00 2.63882e-04
2.96953e-01 4.28835e+00 1.82447e-04
2.96953e-01 4.34207e+00 1.25556e-04
2.96953e-01 4.39400e+00 8.61403e-05
2.96953e-01 4.44407e+00 5.90144e-05
2.96953e-01 4.49224e+00 4.04423e-05
2.96953e-01 4.53847e+00 2.77716e-05
2.96953e-01 4.58271e+00 1.91438e-05
2.96953e-01 4.62491e+00 1.32709e-05
2.96953e-01 4.66504e+00 9.26846e-06
2.96953e-01 4.70305e+00 6.53331e-06
2.96953e-01 4.73890e+00 4.65646e-06
2.96953e-01 4.77257e+00 3.36156e-06
2.96953e-01 4.80402e+00 2.46226e-06
2.96953e-01 4.83322e+00 1.83297e-06
2.96953e-01 4.86014e+00 1.38900e-06
2.96953e-01 4.88475e+00 1.07307e-06
2.96953e-01 4.90703e+00 8.46352e-07
2.96953e-01 4.92696e+00 6.82406e-07
2.96953e-01 4.94452e+00 5.63155e-07
2.96953e-01 4.95969e+00 4.76184e-07
2.96953e-01 4.97246e+00 4.12949e-07
2.96953e-01 4.98281e+00 3.67573e-07
2.96953e-01 4.99074e+00 3.36052e-07
2.96953e-01 4.99623e+00 3.15723e-07
2.96953e-01 4.99928e+00 3.04924e-07
3.34963e-01 7.15683e-04 4.93688e-04
3.34963e-01 3.77012e-03 2.60059e-03
3.34963e-01 9.26216e-03 6.38782e-03
3.34963e-01 1.71877e-02 1.18477e-02
3.34963e-01 2.75390e-02 1.89613e-02
3.34963e-01 4.03061e-02 2.76926e-02
3.34963e-01 5.54766e-02 3.79794e-02
3.34963e-01 7.30356e-02 4.97236e-02
3.34963e-01 9.29659e-02 6.27804e-02
3.34963e-01 1.15248e-01 7.69484e-02
3.34963e-01 1.39860e-01 9.19616e-02
3.34963e-01 1.66779e-01 1.07485e-01
3.34963e-01 1.95977e-01 1.23117e-01
3.34963e-01 2.27426e-01 1.38395e-01
3.34963e-01 2.61096e-01 1.52822e-01
3.34963e-01 2.96953e-01 1.65884e-01
3.34963e-01 3.34963e-01 1.77095e-01
3.34963e-01 3.75089e-01 1.86036e-01
3.34963e-01 4.17290e-01 1.92395e-01
3.34963e-01 4.61527e-01 1.95998e-01
3.34963e-01 5.07755e-01 1.96833e-01
3.34963e-01 5.55930e-01 1.95046e-01
3.34963e-01 6.06005e-01 1.90926e-01
3.34963e-01 6.57930e-01 1.84861e-01
3.34963e-01 7.11655e-01 1.77304e-01
3.34963e-01 7.67127e-01 1.68717e-01
3.34963e-01 8.24292e-01 1.59538e-01
3.34963e-01 8.83095e-01 1.50152e-01
3.34963e-01 9.43478e-01 1.40873e-01
3.34963e-01 1.00538e+00 1.31939e-01
3.34963e-01 1.06875e+00 1.23521e-01
3.34963e-01 1.13351e+00 1.15725e-01
3.34963e-01 1.19960e+00 1.08607e-01
3.34963e-01 1.26697e+00 1.02186e-01
3.34963e-01 1.33555e+00 9.64507e-02
3.34963e-01 1.40526e+00 9.13681e-02
3.34963e-01 1.47604e+00 8.68927e-02
3.34963e-01 1.54782e+00 8.29684e-02
3.34963e-01 1.62053e+00 7.95324e-02
3.34963e-01 1.69410e+00 7.65166e-02
3.34963e-01 1.76846e+00 7.38486e-02
3.34963e-01 1.84353e+00 7.14526e-02
3.34963e-01 1.91924e+00 6.92503e-02
3.34963e-01 1.99553e+00 6.71622e-02
3.34963e-01 2.07230e+00 6.51102e-02
3.34963e-01 2.14949e+00 6.30207e-02
3.34963e-01 2.22703e+00 6.08287e-02
3.34963e-01 2.30483e+00 5.84820e-02
3.34963e-01 2.38282e+00 5.59451e-02
3.34963e-01 2.46093e+00 5.32014e-02
3.34963e-01 2.53907e+00 5.02529e-02
3.34963e-01 2.61718e+00 4.71174e-02
3.34963e-01 2.69517e+00 4.38235e-02
3.34963e-01 2.77297e+00 4.04045e-02
3.34963e-01 2.85051e+00 3.68949e-02
3.34963e-01 2.92770e+00 3.33303e-02
3.34963e-01 3.00447e+00 2.97503e-02
3.34963e-01 3.08076e+00 2.62027e-02
3.34963e-01 3.15647e+00 2.27447e-02
3.34963e-01 3.23154e+00 1.94394e-02
3.34963e-01 3.30590e+00 1.63488e-02
3.34963e-01 3.37947e+00 1.35253e-02
3.34963e-01 3.45218e+00 1.10059e-02
3.34963e-01 3.52396e+00 8.80960e-03
3.34963e-01 3.59474e+00 6.93807e-03
3.34963e-01 3.66445e+00 5.37801e-03
3.34963e-01 3.73303e+00 4.10495e-03
3.34963e-01 3.80040e+00 3.08709e-03
3.34963e-01 3.86649e+00 2.28903e-03
3.34963e-01 3.93125e+00 1.67483e-03
3.34963e-01 3.99462e+00 1.21034e-03
3.34963e-01 4.05652e+00 8.64795e-04
3.34963e-01 4.11690e+00 6.11630e-04
3.34963e-01 4.17571e+00 4.28722e-04
3.34963e-01 4.23287e+00 2.98234e-04
3.34963e-01 4.28835e+00 2.06185e-04
3.34963e-01 4.34207e+00 1.41885e-04
3.34963e-01 4.39400e+00 9.73373e-05
3.34963e-01 4.44407e+00 6.66821e-05
3.34963e-01 4.49224e+00 4.56948e-05
3.34963e-01 4.53847e+00 3.13771e-05
3.34963e-01 4.58271e+00 2.16283e-05
3.34963e-01 4.62491e+00 1.49926e-05
3.34963e-01 4.66504e+00 1.04706e-05
3.34963e-01 4.70305e+00 7.38042e-06
3.34963e-01 4.73890e+00 5.26006e-06
3.34963e-01 4.77257e+00 3.79720e-06
3.34963e-01 4.80402e+00 2.78128e-06
3.34963e-01 4.83322e+00 2.07042e-06
3.34963e-01 4.86014e+00 1.56890e-06
3.34963e-01 4.88475e+00 1.21203e-06
3.34963e-01 4.90703e+00 9.55935e-07
3.34963e-01 4.92696e+00 7.70751e-07
3.34963e-01 4.94452e+00 6.36053e-07
3.34963e-01 4.95969e+00 5.37818e-07
3.34963e-01 4.97246e+00 4.66394e-07
3.34963e-01 4.98281e+00 4.15143e-07
3.34963e-01 4.99074e+00 3.79540e-07
3.34963e-01 4.99623e+00 3.56579e-07
3.34963e-01 4.99928e+00 3.44382e-07
3.75089e-01 7.15683e-04 5.06177e-04
3.75089e-01 3.77012e-03 2.66639e-03
3.75089e-01 9.26216e-03 6.54955e-03
3.75089e-01 1.71877e-02 1.21483e-02
3.75089e-01 2.75390e-02 1.94447e-02
3.75089e-01 4.03061e-02 2.84048e-02
3.75089e-01 5.54766e-02 3.89705e-02
3.75089e-01 7.30356e-02 5.10500e-02
3.75089e-01 9.29659e-02 6.45081e-02
3.75089e-01 1.15248e-01 7.91563e-02
3.75089e-01 1.39860e-01 9.47443e-02
3.75089e-01 1.66779e-01 1.10955e-01
3.75089e-01 1.95977e-01 1.27402e-01
3.75089e-01 2.27426e-01 1.43638e-01
3.75089e-01 2.61096e-01 1.59167e-01
3.75089e-01 2.96953e-01 1.73471e-01
3.75089e-01 3.34963e-01 1.86036e-01
3.75089e-01 3.75089e-01 1.96401e-01
3.75089e-01 4.17290e-01 2.04190e-01
3.75089e-01 4.61527e-01 2.09159e-01
3.75089e-01 5.07755e-01 2.11219e-01
3.75089e-01 5.55930e-01 2.10450e-01
3.75089e-01 6.06005e-01 2.07088e-01
3.75089e-01 6.57930e-01 2.01498e-01
3.75089e-01 7.11655e-01 1.94129e-01
3.75089e-01 7.67127e-01 1.85470e-01
3.75089e-01 8.24292e-01 1.75996e-01
3.75089e-01 8.83095e-01 1.66142e-01
3.75089e-01 9.43478e-01 1.56274e-01
3.75089e-01 1.00538e+00 1.46678e-01
3.75089e-01 1.06875e+00 1.37565e-01
3.75089e-01 1.13351e+00 1.29074e-01
3.75089e-01 1.19960e+00 1.21286e-01
3.75089e-01 1.26697e+00 1.14235e-01
3.75089e-01 1.33555e+00 1.07920e-01
3.75089e-01 1.40526e+00 1.02313e-01
3.75089e-01 1.47604e+00 9.73686e-02
3.75089e-01 1.54782e+00 9.30296e-02
3.75089e-01 1.62053e+00 8.92282e-02
3.75089e-01 1.69410e+00 8.58901e-02
3.75089e-01 1.76846e+00 8.29355e-02
3.75089e-01 1.84353e+00 8.02802e-02
3.75089e-01 1.91924e+00 7.78367e-02
3.75089e-01 1.99553e+00 7.55162e-02
3.75089e-01 2.07230e+00 7.32311e-02
3.75089e-01 2.14949e+00 7.08988e-02
3.75089e-01 2.22703e+00 6.84467e-02
3.75089e-01 2.30483e+00 6.58162e-02
3.75089e-01 2.38282e+00 6.29679e-02
3.75089e-01 2.46093e+00 5.98834e-02
3.75089e-01 2.53907e+00 5.65656e-02
3.75089e-01 2.61718e+00 5.30350e-02
3.75089e-01 2.69517e+00 4.93245e-02
3.75089e-01 2.77297e+00 4.54720e-02
3.75089e-01 2.85051e+00 4.15172e-02
3.75089e-01 2.92770e+00 3.75005e-02
3.75089e-01 3.00447e+00 3.34672e-02
3.75089e-01 3.08076e+00 2.94714e-02
3.75089e-01 3.15647e+00 2.55776e-02
3.75089e-01 3.23154e+00 2.18569e-02
3.75089e-01 3.30590e+00 1.83788e-02
3.75089e-01 3.37947e+00 1.52022e-02
3.75089e-01 3.45218e+00 1.23685e-02
3.75089e-01 3.52396e+00 9.89888e-03
3.75089e-01 3.59474e+00 7.79484e-03
3.75089e-01 3.66445e+00 6.04132e-03
3.75089e-01 3.73303e+00 4.61066e-03
3.75089e-01 3.80040e+00 3.46699e-03
3.75089e-01 3.86649e+00 2.57043e-03
3.75089e-01 3.93125e+00 1.88052e-03
3.75089e-01 3.99462e+00 1.35885e-03
3.75089e-01 4.05652e+00 9.70814e-04
3.75089e-01 4.11690e+00 6.86552e-04
3.75089e-01 4.17571e+00 4.81198e-04
3.75089e-01 4.23287e+00 3.34713e-04
3.75089e-01 4.28835e+00 2.31388e-04
3.75089e-01 4.34207e+00 1.59216e-04
3.75089e-01 4.39400e+00 1.09221e-04
3.75089e-01 4.44407e+00 7.48184e-05
3.75089e-01 4.49224e+00 5.12674e-05
3.75089e-01 4.53847e+00 3.52018e-05
3.75089e-01 4.58271e+00 2.42635e-05
3.75089e-01 4.62491e+00 1.68186e-05
3.75089e-01 4.66504e+00 1.17453e-05
3.75089e-01 4.70305e+00 8.27862e-06
3.75089e-01 4.73890e+00 5.90000e-06
3.75089e-01 4.77257e+00 4.25903e-06
3.75089e-01 4.80402e+00 3.11946e-06
3.75089e-01 4.83322e+00 2.32210e-06
3.75089e-01 4.86014e+00 1.75957e-06
3.75089e-01 4.88475e+00 1.35930e-06
3.75089e-01 4.90703e+00 1.07207e-06
3.75089e-01 4.92696e+00 8.64371e-07
3.75089e-01 4.94452e+00 7.13301e-07
3.75089e-01 4.95969e+00 6.03128e-07
3.75089e-01 4.97246e+00 5.23025e-07
3.75089e-01 4.98281e+00 4.65546e-07
3.75089e-01 4.99074e+00 4.25618e-07
3.75089e-01 4.99623e+00 3.99867e-07
3.75089e-01 4.99928e+00 3.86189e-07
4.17290e-01 7.15683e-04 5.10530e-04
4.17290e-01 3.77012e-03 2.68933e-03
4.17290e-01 9.26216e-03 6.60602e-03
4.17290e-01 1.71877e-02 1.22537e-02
4.17290e-01 2.75390e-02 1.96157e-02
4.17290e-01 4.03061e-02 2.86610e-02
4.17290e-01 5.54766e-02 3.93364e-02
4.17290e-01 7.30356e-02 5.15586e-02
4.17290e-01 9.29659e-02 6.52049e-02
4.17290e-01 1.15248e-01 8.01037e-02
4.17290e-01 1.39860e-01 9.60261e-02
4.17290e-01 1.66779e-01 1.12680e-01
4.17290e-01 1.95977e-01 1.29706e-01
4.17290e-01 2.27426e-01 1.46683e-01
4.17290e-01 2.61096e-01 1.63133e-01
4.17290e-01 2.96953e-01 1.78544e-01
4.17290e-01 3.34963e-01 1.92395e-01
4.17290e-01 3.75089e-01 2.04190e-01
4.17290e-01 4.17290e-01 2.13502e-01
4.17290e-01 4.61527e-01 2.20014e-01
4.17290e-01 5.07755e-01 2.23551e-01
4.17290e-01 5.55930e-01 2.24108e-01
4.17290e-01 6.06005e-01 2.21846e-01
4.17290e-01 6.57930e-01 2.17080e-01
4.17290e-01 7.11655e-01 2.10236e-01
4.17290e-01 7.67127e-01 2.01805e-01
4.17290e-01 8.24292e-01 1.92294e-01
4.17290e-01 8.83095e-01 1.82183e-01
4.17290e-01 9.43478e-01 1.71888e-01
4.17290e-01 1.00538e+00 1.61751e-01
4.17290e-01 1.06875e+00 1.52029e-01
4.17290e-01 1.13351e+00 1.42902e-01
4.17290e-01 1.19960e+00 1.34481e-01
4.17290e-01 1.26697e+00 1.26823e-01
4.17290e-01 1.33555e+00 1.19941e-01
4.17290e-01 1.40526e+00 1.13816e-01
4.17290e-01 1.47604e+00 1.08406e-01
4.17290e-01 1.54782e+00 1.03652e-01
4.17290e-01 1.62053e+00 9.94840e-02
4.17290e-01 1.69410e+00 9.58217e-02
4.17290e-01 1.76846e+00 9.25781e-02
4.17290e-01 1.84353e+00 8.96604e-02
4.17290e-01 1.91924e+00 8.69717e-02
4.17290e-01 1.99553e+00 8.44132e-02
4.17290e-01 2.07230e+00 8.18874e-02
4.17290e-01 2.14949e+00 7.93026e-02
4.17290e-01 2.22703e+00 7.65776e-02
4.17290e-01 2.30483e+00 7.36476e-02
4.17290e-01 2.38282e+00 7.04689e-02
4.17290e-01 2.46093e+00 6.70215e-02
4.17290e-01 2.53907e+00 6.33094e-02
4.17290e-01 2.61718e+00 5.93563e-02
4.17290e-01 2.69517e+00 5.51995e-02
4.17290e-01 2.77297e+00 5.08826e-02
4.17290e-01 2.85051e+00 4.64505e-02
4.17290e-01 2.92770e+00 4.19495e-02
4.17290e-01 3.00447e+00 3.74307e-02
4.17290e-01 3.08076e+00 3.29551e-02
4.17290e-01 3.15647e+00 2.85952e-02
4.17290e-01 3.23154e+00 2.44307e-02
4.17290e-01 3.30590e+00 2.05391e-02
4.17290e-01 3.37947e+00 1.69859e-02
4.17290e-01 3.45218e+00 1.38172e-02
4.17290e-01 3.52396e+00 1.10564e-02
4.17290e-01 3.59474e+00 8.70489e-03
4.17290e-01 3.66445e+00 6.74560e-03
4.17290e-01 3.73303e+00 5.14739e-03
4.17290e-01 3.80040e+00 3.87005e-03
4.17290e-01 3.86649e+00 2.86888e-03
4.17290e-01 3.93125e+00 2.09860e-03
4.17290e-01 3.99462e+00 1.51625e-03
4.17290e-01 4.05652e+00 1.08315e-03
4.17290e-01 4.11690e+00 7.65916e-04
4.17290e-01 4.17571e+00 5.36772e-04
4.17290e-01 4.23287e+00 3.73335e-04
4.17290e-01 4.28835e+00 2.58066e-04
4.17290e-01 4.34207e+00 1.77559e-04
4.17290e-01 4.39400e+00 1.21794e-04
4.17290e-01 4.44407e+00 8.34258e-05
4.17290e-01 4.49224e+00 5.71617e-05
4.17290e-01 4.53847e+00 3.92466e-05
4.17290e-01 4.58271e+00 2.70499e-05
4.17290e-01 4.62491e+00 1.87491e-05
4.17290e-01 4.66504e+00 1.30928e-05
4.17290e-01 4.70305e+00 9.22799e-06
4.17290e-01 4.73890e+00 6.57633e-06
4.17290e-01 4.77257e+00 4.74707e-06
4.17290e-01 4.80402e+00 3.47680e-06
4.17290e-01 4.83322e+00 2.58802e-06
4.17290e-01 4.86014e+00 1.96101e-06
4.17290e-01 4.88475e+00 1.51488e-06
4.17290e-01 4.90703e+00 1.19474e-06
4.17290e-01 4.92696e+00 9.63260e-07
4.17290e-01 4.94452e+00 7.94892e-07
4.17290e-01 4.95969e+00 6.72107e-07
4.17290e-01 4.97246e+00 5.82835e-07
4.17290e-01 4.98281e+00 5.18778e-07
4.17290e-01 4.99074e+00 4.74281e-07
4.17290e-01 4.99623e+00 4.45583e-07
4.17290e-01 4.99928e+00 4.30339e-07
4.61527e-01 7.15683e-04 5.07172e-04
4.61527e-01 3.77012e-03 2.67165e-03
4.61527e-01 9.26216e-03 6.56272e-03
4.61527e-01 1.71877e-02 1.21740e-02
4.61527e-01 2.75390e-02 1.94904e-02
4.61527e-01 4.03061e-02 2.84840e-02
4.61527e-01 5.54766e-02 3.91076e-02
4.61527e-01 7.30356e-02 5.12874e-02
4.61527e-01 9.29659e-02 6.49147e-02
4.61527e-01 1.15248e-01 7.98377e-02
4.61527e-01 1.39860e-01 9.58528e-02
4.61527e-01 1.66779e-01 1.12698e-01
4.61527e-01 1.95977e-01 1.30050e-01
4.61527e-01 2.27426e-01 1.47521e-01
4.61527e-01 2.61096e-01 1.64667e-01
4.61527e-01 2.96953e-01 1.80997e-01
4.61527e-01 3.34963e-01 1.95998e-01
4.61527e-01 3.75089e-01 2.09159e-01
4.61527e-01 4.17290e-01 2.20014e-01
4.61527e-01 4.61527e-01 2.28178e-01
4.61527e-01 5.07755e-01 2.33394e-01
4.61527e-01 5.55930e-01 2.35556e-01
4.61527e-01 6.06005e-01 2.34733e-01
4.61527e-01 6.57930e-01 2.31160e-01
4.61527e-01 7.11655e-01 2.25212e-01
4.61527e-01 7.67127e-01 2.17362e-01
4.61527e-01 8.24292e-01 2.08129e-01
4.61527e-01 8.83095e-01 1.98024e-01
4.61527e-01 9.43478e-01 1.87517e-01
4.61527e-01 1.00538e+00 1.77004e-01
4.61527e-01 1.06875e+00 1.66796e-01
4.61527e-01 1.13351e+00 1.57122e-01
4.61527e-01 1.19960e+00 1.48130e-01
4.61527e-01 1.26697e+00 1.39906e-01
4.61527e-01 1.33555e+00 1.32485e-01
4.61527e-01 1.40526e+00 1.25860e-01
4.61527e-01 1.47604e+00 1.19995e-01
4.61527e-01 1.54782e+00 1.14834e-01
4.61527e-01 1.62053e+00 1.10304e-01
4.61527e-01 1.69410e+00 1.06320e-01
4.61527e-01 1.76846e+00 1.02789e-01
4.61527e-01 1.84353e+00 9.96086e-02
4.61527e-01 1.91924e+00 9.66730e-02
4.61527e-01 1.99553e+00 9.38729e-02
4.61527e-01 2.07230e+00 9.11005e-02
4.61527e-01 2.14949e+00 8.82542e-02
4.61527e-01 2.22703e+00 8.52441e-02
4.61527e-01 2.30483e+00 8.19989e-02
4.61527e-01 2.38282e+00 7.84704e-02
4.61527e-01 2.46093e+00 7.46372e-02
4.61527e-01 2.53907e+00 7.05046e-02
4.61527e-01 2.61718e+00 6.60999e-02
4.61527e-01 2.69517e+00 6.14657e-02
4.61527e-01 2.77297e+00 5.66514e-02
4.61527e-01 2.85051e+00 5.17082e-02
4.61527e-01 2.92770e+00 4.66886e-02
4.61527e-01 3.00447e+00 4.16503e-02
4.61527e-01 3.08076e+00 3.66618e-02
4.61527e-01 3.15647e+00 3.18042e-02
4.61527e-01 3.23154e+00 2.71661e-02
4.61527e-01 3.30590e+00 2.28336e-02
4.61527e-01 3.37947e+00 1.88794e-02
4.61527e-01 3.45218e+00 1.53543e-02
4.61527e-01 3.52396e+00 1.22839e-02
4.61527e-01 3.59474e+00 9.66949e-03
4.61527e-01 3.66445e+00 7.49174e-03
4.61527e-01 3.73303e+00 5.71577e-03
4.61527e-01 3.80040e+00 4.29669e-03
4.61527e-01 3.86649e+00 3.18467e-03
4.61527e-01 3.93125e+00 2.32926e-03
4.61527e-01 3.99462e+00 1.68268e-03
4.61527e-01 4.05652e+00 1.20189e-03
4.61527e-01 4.11690e+00 8.49776e-04
4.61527e-01 4.17571e+00 5.95476e-04
4.61527e-01 4.23287e+00 4.14121e-04
4.61527e-01 4.28835e+00 2.86231e-04
4.61527e-01 4.34207e+00 1.96919e-04
4.61527e-01 4.39400e+00 1.35063e-04
4.61527e-01 4.44407e+00 9.25067e-05
4.61527e-01 4.49224e+00 6.33790e-05
4.61527e-01 4.53847e+00 4.35123e-05
4.61527e-01 4.58271e+00 2.99880e-05
4.61527e-01 4.62491e+00 2.07843e-05
4.61527e-01 4.66504e+00 1.45132e-05
4.61527e-01 4.70305e+00 1.02286e-05
4.61527e-01 4.73890e+00 7.28905e-06
4.61527e-01 4.77257e+00 5.26131e-06
4.61527e-01 4.80402e+00 3.85328e-06
4.61527e-01 4.83322e+00 2.86815e-06
4.61527e-01 4.86014e+00 2.17321e-06
4.61527e-01 4.88475e+00 1.67874e-06
4.61527e-01 4.90703e+00 1.32394e-06
4.61527e-01 4.92696e+00 1.06740e-06
4.61527e-01 4.94452e+00 8.80815e-07
4.61527e-01 4.95969e+00 7.44744e-07
4.61527e-01 4.97246e+00 6.45815e-07
4.61527e-01 4.98281e+00 5.74830e-07
4.61527e-01 4.99074e+00 5.25520e-07
4.61527e-01 4.99623e+00 4.93719e-07
4.61527e-01 4.99928e+00 4.76826e-07
5.07755e-01 7.15683e-04 4.96952e-04
5.07755e-01 3.77012e-03 2.61782e-03
5.07755e-01 9.26216e-03 6.43060e-03
5.07755e-01 1.71877e-02 1.19295e-02
5.07755e-01 2.75390e-02 1.91011e-02
5.07755e-01 4.03061e-02 2.79207e-02
5.07755e-01 5.54766e-02 3.83475e-02
5.07755e-01 7.30356e-02 5.03173e-02
5.07755e-01 9.29659e-02 6.37366e-02
5.07755e-01 1.15248e-01 7.84739e-02
5.07755e-01 1.39860e-01 9.43531e-02
5.07755e-01 1.66779e-01 1.11146e-01
5.07755e-01 1.95977e-01 1.28568e-01
5.07755e-01 2.27426e-01 1.46274e-01
5.07755e-01 2.61096e-01 1.63862e-01
5.07755e-01 2.96953e-01 1.80879e-01
5.07755e-01 3.34963e-01 1.96833e-01
5.07755e-01 3.75089e-01 2.11219e-01
5.07755e-01 4.17290e-01 2.23551e-01
5.07755e-01 4.61527e-01 2.33394e-01
5.07755e-01 5.07755e-01 2.40409e-01
5.07755e-01 5.55930e-01 2.44396e-01
5.07755e-01 6.06005e-01 2.45312e-01
5.07755e-01 6.57930e-01 2.43292e-01
5.07755e-01 7.11655e-01 2.38630e-01
5.07755e-01 7.67127e-01 2.31750e-01
5.07755e-01 8.24292e-01 2.23156e-01
5.07755e-01 8.83095e-01 2.13379e-01
5.07755e-01 9.43478e-01 2.02928e-01
5.07755e-01 1.00538e+00 1.92254e-01
5.07755e-01 1.06875e+00 1.81727e-01
5.07755e-01 1.13351e+00 1.71629e-01
5.07755e-01 1.19960e+00 1.62156e-01
5.07755e-01 1.26697e+00 1.53432e-01
5.07755e-01 1.33555e+00 1.45516e-01
5.07755e-01 1.40526e+00 1.38422e-01
5.07755e-01 1.47604e+00 1.32124e-01
5.07755e-01 1.54782e+00 1.26571e-01
5.07755e-01 1.62053e+00 1.21691e-01
5.07755e-01 1.69410e+00 1.17394e-01
5.07755e-01 1.76846e+00 1.13581e-01
5.07755e-01 1.84353e+00 1.10142e-01
5.07755e-01 1.91924e+00 1.06961e-01
5.07755e-01 1.99553e+00 1.03918e-01
5.07755e-01 2.07230e+00 1.00895e-01
5.07755e-01 2.14949e+00 9.77787e-02
5.07755e-01 2.22703e+00 9.44719e-02
5.07755e-01 2.30483e+00 9.08955e-02
5.07755e-01 2.38282e+00 8.69972e-02
5.07755e-01 2.46093e+00 8.27543e-02
5.07755e-01 2.53907e+00 7.81737e-02
5.07755e-01 2.61718e+00 7.32867e-02
5.07755e-01 2.69517e+00 6.81419e-02
5.07755e-01 2.77297e+00 6.27954e-02
5.07755e-01 2.85051e+00 5.73052e-02
5.07755e-01 2.92770e+00 5.17307e-02
5.07755e-01 3.00447e+00 4.61369e-02
5.07755e-01 3.08076e+00 4.06005e-02
5.07755e-01 3.15647e+00 3.52117e-02
5.07755e-01 3.23154e+00 3.00688e-02
5.07755e-01 3.30590e+00 2.52669e-02
5.07755e-01 3.37947e+00 2.08862e-02
5.07755e-01 3.45218e+00 1.69823e-02
5.07755e-01 3.52396e+00 1.35833e-02
5.07755e-01 3.59474e+00 1.06900e-02
5.07755e-01 3.66445e+00 8.28071e-03
5.07755e-01 3.73303e+00 6.31648e-03
5.07755e-01 3.80040e+00 4.74738e-03
5.07755e-01 3.86649e+00 3.51810e-03
5.07755e-01 3.93125e+00 2.57272e-03
5.07755e-01 3.99462e+00 1.85826e-03
5.07755e-01 4.05652e+00 1.32711e-03
5.07755e-01 4.11690e+00 9.38184e-04
5.07755e-01 4.17571e+00 6.57343e-04
5.07755e-01 4.23287e+00 4.57091e-04
5.07755e-01 4.28835e+00 3.15895e-04
5.07755e-01 4.34207e+00 2.17305e-04
5.07755e-01 4.39400e+00 1.49030e-04
5.07755e-01 4.44407e+00 1.02064e-04
5.07755e-01 4.49224e+00 6.99206e-05
5.07755e-01 4.53847e+00 4.79995e-05
5.07755e-01 4.58271e+00 3.30780e-05
5.07755e-01 4.62491e+00 2.29244e-05
5.07755e-01 4.66504e+00 1.60065e-05
5.07755e-01 4.70305e+00 1.12804e-05
5.07755e-01 4.73890e+00 8.03814e-06
5.07755e-01 4.77257e+00 5.80171e-06
5.07755e-01 4.80402e+00 4.24886e-06
5.07755e-01 4.83322e+00 3.16247e-06
5.07755e-01 4.86014e+00 2.39612e-06
5.07755e-01 4.88475e+00 1.85088e-06
5.07755e-01 4.90703e+00 1.45965e-06
5.07755e-01 4.92696e+00 1.17678e-06
5.07755e-01 4.94452e+00 9.71051e-07
5.07755e-01 4.95969e+00 8.21024e-07
5.07755e-01 4.97246e+00 7.11949e-07
5.07755e-01 4.98281e+00 6.33686e-07
5.07755e-01 4.99074e+00 5.79322e-07
5.07755e-01 4.99623e+00 5.44261e-07
5.07755e-01 4.99928e+00 5.25638e-07
5.55930e-01 7.15683e-04 4.81015e-04
5.55930e-01 3.77012e-03 2.53388e-03
5.55930e-01 9.26216e-03 6.22449e-03
5.55930e-01 1.71877e-02 1.15477e-02
5.55930e-01 2.75390e-02 1.84916e-02
5.55930e-01 4.03061e-02 2.70351e-02
5.55930e-01 5.54766e-02 3.71429e-02
5.55930e-01 7.30356e-02 4.87611e-02
5.55930e-01 9.29659e-02 6.18102e-02
5.55930e-01 1.15248e-01 7.61795e-02
5.55930e-01 1.39860e-01 9.17199e-02
5.55930e-01 1.66779e-01 1.08238e-01
5.55930e-01 1.95977e-01 1.25489e-01
5.55930e-01 2.27426e-01 1.43175e-01
5.55930e-01 2.61096e-01 1.60942e-01
5.55930e-01 2.96953e-01 1.78383e-01
5.55930e-01 3.34963e-01 1.95046e-01
5.55930e-01 3.75089e-01 2.10450e-01
5.55930e-01 4.17290e-01 2.24108e-01
5.55930e-01 4.61527e-01 2.35556e-01
5.55930e-01 5.07755e-01 2.44396e-01
5.55930e-01 5.55930e-01 2.50335e-01
5.55930e-01 6.06005e-01 2.53221e-01
5.55930e-01 6.57930e-01 2.53070e-01
5.55930e-01 7.11655e-01 2.50069e-01
5.55930e-01 7.67127e-01 2.44561e-01
5.55930e-01 8.24292e-01 2.37005e-01
5.55930e-01 8.83095e-01 2.27923e-01
5.55930e-01 9.43478e-01 2.17850e-01
5.55930e-01 1.00538e+00 2.07284e-01
5.55930e-01 1.06875e+00 1.96652e-01
5.55930e-01 1.13351e+00 1.86295e-01
5.55930e-01 1.19960e+00 1.76466e-01
5.55930e-01 1.26697e+00 1.67332e-01
5.55930e-01 1.33555e+00 1.58989e-01
5.55930e-01 1.40526e+00 1.51474e-01
5.55930e-01 1.47604e+00 1.44779e-01
5.55930e-01 1.54782e+00 1.38860e-01
5.55930e-01 1.62053e+00 1.33649e-01
5.55930e-01 1.69410e+00 1.29054e-01
5.55930e-01 1.76846e+00 1.24970e-01
5.55930e-01 1.84353e+00 1.21280e-01
5.55930e-01 1.91924e+00 1.17858e-01
5.55930e-01 1.99553e+00 1.14573e-01
5.55930e-01 2.07230e+00 1.11296e-01
5.55930e-01 2.14949e+00 1.07904e-01
5.55930e-01 2.22703e+00 1.04289e-01
5.55930e-01 2.30483e+00 1.00365e-01
5.55930e-01 2.38282e+00 9.60767e-02
5.55930e-01 2.46093e+00 9.13991e-02
5.55930e-01 2.53907e+00 8.63412e-02
5.55930e-01 2.61718e+00 8.09395e-02
5.55930e-01 2.69517e+00 7.52488e-02
5.55930e-01 2.77297e+00 6.93329e-02
5.55930e-01 2.85051e+00 6.32574e-02
5.55930e-01 2.92770e+00 5.70894e-02
5.55930e-01 3.00447e+00 5.09019e-02
5.55930e-01 3.08076e+00 4.47806e-02
5.55930e-01 3.15647e+00 3.88254e-02
5.55930e-01 3.23154e+00 3.31449e-02
5.55930e-01 3.30590e+00 2.78437e-02
5.55930e-01 3.37947e+00 2.30098e-02
5.55930e-01 3.45218e+00 1.87040e-02
5.55930e-01 3.52396e+00 1.49565e-02
5.55930e-01 3.59474e+00 1.17678e-02
5.55930e-01 3.66445e+00 9.11350e-03
5.55930e-01 3.73303e+00 6.95020e-03
5.55930e-01 3.80040e+00 5.22259e-03
5.55930e-01 3.86649e+00 3.86949e-03
5.55930e-01 3.93125e+00 2.82915e-03
5.55930e-01 3.99462e+00 2.04313e-03
5.55930e-01 4.05652e+00 1.45890e-03
5.55930e-01 4.11690e+00 1.03119e-03
5.55930e-01 4.17571e+00 7.22401e-04
5.55930e-01 4.23287e+00 5.02261e-04
5.55930e-01 4.28835e+00 3.47067e-04
5.55930e-01 4.34207e+00 2.38720e-04
5.55930e-01 4.39400e+00 1.63698e-04
5.55930e-01 4.44407e+00 1.12097e-04
5.55930e-01 4.49224e+00 7.67871e-05
5.55930e-01 4.53847e+00 5.27084e-05
5.55930e-01 4.58271e+00 3.63200e-05
5.55930e-01 4.62491e+00 2.51692e-05
5.55930e-01 4.66504e+00 1.75727e-05
5.55930e-01 4.70305e+00 1.23833e-05
5.55930e-01 4.73890e+00 8.82346e-06
5.55930e-01 4.77257e+00 6.36818e-06
5.55930e-01 4.80402e+00 4.66346e-06
5.55930e-01 4.83322e+00 3.47089e-06
5.55930e-01 4.86014e+00 2.62969e-06
5.55930e-01 4.88475e+00 2.03122e-06
5.55930e-01 4.90703e+00 1.60182e-06
5.55930e-01 4.92696e+00 1.29136e-06
5.55930e-01 4.94452e+00 1.06557e-06
5.55930e-01 4.95969e+00 9.00917e-07
5.55930e-01 4.97246e+00 7.81214e-07
5.55930e-01 4.98281e+00 6.95326e-07
5.55930e-01 4.99074e+00 6.35666e-07
5.55930e-01 4.99623e+00 5.97190e-07
5.55930e-01 4.99928e+00 5.76753e-07
6.06005e-01 7.15683e-04 4.60669e-04
6.06005e-01 3.77012e-03 2.42671e-03
6.06005e-01 9.26216e-03 5.96131e-03
6.06005e-01 1.71877e-02 1.10599e-02
6.06005e-01 2.75390e-02 1.77121e-02
6.06005e-01 4.03061e-02 2.59000e-02
6.06005e-01 5.54766e-02 3.55938e-02
6.06005e-01 7.30356e-02 4.67486e-02
6.06005e-01 9.29659e-02 5.92985e-02
6.06005e-01 1.15248e-01 7.31519e-02
6.06005e-01 1.39860e-01 8.81852e-02
6.06005e-01 1.66779e-01 1.04238e-01
6.06005e-01 1.95977e-01 1.21105e-01
6.06005e-01 2.27426e-01 1.38535e-01
6.06005e-01 2.61096e-01 1.56227e-01
6.06005e-01 2.96953e-01 1.73824e-01
6.06005e-01 3.34963e-01 1.90926e-01
6.06005e-01 3.75089e-01 2.07088e-01
6.06005e-01 4.17290e-01 2.21846e-01
6.06005e-01 4.61527e-01 2.34733e-01
6.06005e-01 5.07755e-01 2.45312e-01
6.06005e-01 5.55930e-01 2.53221e-01
6.06005e-01 6.06005e-01 2.58205e-01
6.06005e-01 6.57930e-01 2.60159e-01
6.06005e-01 7.11655e-01 2.59145e-01
6.06005e-01 7.67127e-01 2.55395e-01
6.06005e-01 8.24292e-01 2.49287e-01
6.06005e-01 8.83095e-01 2.41304e-01
6.06005e-01 9.43478e-01 2.31980e-01
6.06005e-01 1.00538e+00 2.21842e-01
6.06005e-01 1.06875e+00 2.11370e-01
6.06005e-01 1.13351e+00 2.00968e-01
6.06005e-01 1.19960e+00 1.90946e-01
6.06005e-01 1.26697e+00 1.81526e-01
6.06005e-01 1.33555e+00 1.72848e-01
6.06005e-01 1.40526e+00 1.64980e-01
6.06005e-01 1.47604e+00 1.57939e-01
6.06005e-01 1.54782e+00 1.51693e-01
6.06005e-01 1.62053e+00 1.46179e-01
6.06005e-01 1.69410e+00 1.41308e-01
6.06005e-01 1.76846e+00 1.36971e-01
6.06005e-01 1.84353e+00 1.33043e-01
6.06005e-01 1.91924e+00 1.29388e-01
6.06005e-01 1.99553e+00 1.25865e-01
6.06005e-01 2.07230e+00 1.22334e-01
6.06005e-01 2.14949e+00 1.18660e-01
6.06005e-01 2.22703e+00 1.14726e-01
6.06005e-01 2.30483e+00 1.10439e-01
6.06005e-01 2.38282e+00 1.05738e-01
6.06005e-01 2.46093e+00 1.00599e-01
6.06005e-01 2.53907e+00 9.50334e-02
6.06005e-01 2.61718e+00 8.90822e-02
6.06005e-01 2.69517e+00 8.28081e-02
6.06005e-01 2.77297e+00 7.62832e-02
6.06005e-01 2.85051e+00 6.95816e-02
6.06005e-01 2.92770e+00 6.27790e-02
6.06005e-01 3.00447e+00 5.59574e-02
6.06005e-01 3.08076e+00 4.92120e-02
6.06005e-01 3.15647e+00 4.26532e-02
6.06005e-01 3.23154e+00 3.64005e-02
6.06005e-01 3.30590e+00 3.05688e-02
6.06005e-01 3.37947e+00 2.52538e-02
6.06005e-01 3.45218e+00 2.05219e-02
6.06005e-01 3.52396e+00 1.64055e-02
6.06005e-01 3.59474e+00 1.29044e-02
6.06005e-01 3.66445e+00 9.99107e-03
6.06005e-01 3.73303e+00 7.61757e-03
6.06005e-01 3.80040e+00 5.72273e-03
6.06005e-01 3.86649e+00 4.23912e-03
6.06005e-01 3.93125e+00 3.09875e-03
6.06005e-01 3.99462e+00 2.23739e-03
6.06005e-01 4.05652e+00 1.59731e-03
6.06005e-01 4.11690e+00 1.12882e-03
6.06005e-01 4.17571e+00 7.90672e-04
6.06005e-01 4.23287e+00 5.49643e-04
6.06005e-01 4.28835e+00 3.79754e-04
6.06005e-01 4.34207e+00 2.61167e-04
6.06005e-01 4.39400e+00 1.79068e-04
6.06005e-01 4.44407e+00 1.22608e-04
6.06005e-01 4.49224e+00 8.39776e-05
6.06005e-01 4.53847e+00 5.76383e-05
6.06005e-01 4.58271e+00 3.97132e-05
6.06005e-01 4.62491e+00 2.75182e-05
6.06005e-01 4.66504e+00 1.92111e-05
6.06005e-01 4.70305e+00 1.35368e-05
6.06005e-01 4.73890e+00 9.64474e-06
6.06005e-01 4.77257e+00 6.96046e-06
6.06005e-01 4.80402e+00 5.09690e-06
6.06005e-01 4.83322e+00 3.79328e-06
6.06005e-01 4.86014e+00 2.87381e-06
6.06005e-01 4.88475e+00 2.21968e-06
6.06005e-01 4.90703e+00 1.75037e-06
6.06005e-01 4.92696e+00 1.41107e-06
6.06005e-01 4.94452e+00 1.16431e-06
6.06005e-01 4.95969e+00 9.84378e-07
6.06005e-01 4.97246e+00 8.53567e-07
6.06005e-01 4.98281e+00 7.59711e-07
6.06005e-01 4.99074e+00 6.94517e-07
6.06005e-01 4.99623e+00 6.52474e-07
6.06005e-01 4.99928e+00 6.30141e-07
6.57930e-01 7.15683e-04 4.37244e-04
6.57930e-01 3.77012e-03 2.30332e-03
6.57930e-01 9.26216e-03 5.65827e-03
6.57930e-01 1.71877e-02 1.04981e-02
6.57930e-01 2.75390e-02 1.68138e-02
6.57930e-01 4.03061e-02 2.45901e-02
6.57930e-01 5.54766e-02 3.38026e-02
6.57930e-01 7.30356e-02 4.44140e-02
6.57930e-01 9.29659e-02 5.63706e-02
6.57930e-01 1.15248e-01 6.95978e-02
6.57930e-01 1.39860e-01 8.39952e-02
6.57930e-01 1.66779e-01 9.94317e-02
6.57930e-01 1.95977e-01 1.15740e-01
6.57930e-01 2.27426e-01 1.32714e-01
6.57930e-01 2.61096e-01 1.50099e-01
6.57930e-01 2.96953e-01 1.67598e-01
6.57930e-01 3.34963e-01 1.84861e-01
6.57930e-01 3.75089e-01 2.01498e-01
6.57930e-01 4.17290e-01 2.17080e-01
6.57930e-01 4.61527e-01 2.31160e-01
6.57930e-01 5.07755e-01 2.43292e-01
6.57930e-01 5.55930e-01 2.53070e-01
6.57930e-01 6.06005e-01 2.60159e-01
6.57930e-01 6.57930e-01 2.64343e-01
6.57930e-01 7.11655e-01 2.65554e-01
6.57930e-01 7.67127e-01 2.63891e-01
6.57930e-01 8.24292e-01 2.59623e-01
6.57930e-01 8.83095e-01 2.53154e-01
6.57930e-01 9.43478e-01 2.44983e-01
6.57930e-01 1.00538e+00 2.35642e-01
6.57930e-01 1.06875e+00 2.25649e-01
6.57930e-01 1.13351e+00 2.15462e-01
6.57930e-01 1.19960e+00 2.05456e-01
6.57930e-01 1.26697e+00 1.95912e-01
6.57930e-01 1.33555e+00 1.87021e-01
6.57930e-01 1.40526e+00 1.78894e-01
6.57930e-01 1.47604e+00 1.71576e-01
6.57930e-01 1.54782e+00 1.65056e-01
6.57930e-01 1.62053e+00 1.59281e-01
6.57930e-01 1.69410e+00 1.54166e-01
6.57930e-01 1.76846e+00 1.49600e-01
6.57930e-01 1.84353e+00 1.45451e-01
6.57930e-01 1.91924e+00 1.41576e-01
6.57930e-01 1.99553e+00 1.37822e-01
6.57930e-01 2.07230e+00 1.34037e-01
6.57930e-01 2.14949e+00 1.30077e-01
6.57930e-01 2.22703e+00 1.25813e-01
6.57930e-01 2.30483e+00 1.21147e-01
6.57930e-01 2.38282e+00 1.16012e-01
6.57930e-01 2.46093e+00 1.10384e-01
6.57930e-01 2.53907e+00 1.04277e-01
6.57930e-01 2.61718e+00 9.77397e-02
6.57930e-01 2.69517e+00 9.08421e-02
6.57930e-01 2.77297e+00 8.36658e-02
6.57930e-01 2.85051e+00 7.62948e-02
6.57930e-01 2.92770e+00 6.88140e-02
6.57930e-01 3.00447e+00 6.13152e-02
6.57930e-01 3.08076e+00 5.39042e-02
6.57930e-01 3.15647e+00 4.67028e-02
6.57930e-01 3.23154e+00 3.98418e-02
6.57930e-01 3.30590e+00 3.34467e-02
6.57930e-01 3.37947e+00 2.76218e-02
6.57930e-01 3.45218e+00 2.24387e-02
6.57930e-01 3.52396e+00 1.79320e-02
6.57930e-01 3.59474e+00 1.41008e-02
6.57930e-01 3.66445e+00 1.09142e-02
6.57930e-01 3.73303e+00 8.31913e-03
6.57930e-01 3.80040e+00 6.24814e-03
6.57930e-01 3.86649e+00 4.62718e-03
6.57930e-01 3.93125e+00 3.38164e-03
6.57930e-01 3.99462e+00 2.44110e-03
6.57930e-01 4.05652e+00 1.74238e-03
6.57930e-01 4.11690e+00 1.23111e-03
6.57930e-01 4.17571e+00 8.62159e-04
6.57930e-01 4.23287e+00 5.99235e-04
6.57930e-01 4.28835e+00 4.13951e-04
6.57930e-01 4.34207e+00 2.84642e-04
6.57930e-01 4.39400e+00 1.95136e-04
6.57930e-01 4.44407e+00 1.33592e-04
6.57930e-01 4.49224e+00 9.14898e-05
6.57930e-01 4.53847e+00 6.27870e-05
6.57930e-01 4.58271e+00 4.32562e-05
6.57930e-01 4.62491e+00 2.99702e-05
6.57930e-01 4.66504e+00 2.09210e-05
6.57930e-01 4.70305e+00 1.47404e-05
6.57930e-01 4.73890e+00 1.05014e-05
6.57930e-01 4.77257e+00 7.57818e-06
6.57930e-01 4.80402e+00 5.54886e-06
6.57930e-01 4.83322e+00 4.12940e-06
6.57930e-01 4.86014e+00 3.12828e-06
6.57930e-01 4.88475e+00 2.41611e-06
6.57930e-01 4.90703e+00 1.90519e-06
6.57930e-01 4.92696e+00 1.53582e-06
6.57930e-01 4.94452e+00 1.26720e-06
6.57930e-01 4.95969e+00 1.07133e-06
6.57930e-01 4.97246e+00 9.28946e-07
6.57930e-01 4.98281e+00 8.26786e-07
6.57930e-01 4.99074e+00 7.55825e-07
6.57930e-01 4.99623e+00 7.10063e-07
6.57930e-01 4.99928e+00 6.85755e-07
7.11655e-01 7.15683e-04 4.11989e-04
7.11655e-01 3.77012e-03 2.17028e-03
7.11655e-01 9.26216e-03 5.33152e-03
7.11655e-01 1.71877e-02 9.89215e-03
7.11655e-01 2.75390e-02 1.58445e-02
7.11655e-01 4.03061e-02 2.31758e-02
7.11655e-01 5.54766e-02 3.18656e-02
7.11655e-01 7.30356e-02 4.18838e-02
7.11655e-01 9.29659e-02 5.31869e-02
7.11655e-01 1.15248e-01 6.57151e-02
7.11655e-01 1.39860e-01 7.93879e-02
7.11655e-01 1.66779e-01 9.41003e-02
7.11655e-01 1.95977e-01 1.09718e-01
7.11655e-01 2.27426e-01 1.26074e-01
7.11655e-01 2.61096e-01 1.42963e-01
7.11655e-01 2.96953e-01 1.60136e-01
7.11655e-01 3.34963e-01 1.77304e-01
7.11655e-01 3.75089e-01 1.94129e-01
7.11655e-01 4.17290e-01 2.10236e-01
7.11655e-01 4.61527e-01 2.25212e-01
7.11655e-01 5.07755e-01 2.38630e-01
7.11655e-01 5.55930e-01 2.50069e-01
7.11655e-01 6.06005e-01 2.59145e-01
7.11655e-01 6.57930e-01 2.65554e-01
7.11655e-01 7.11655e-01 2.69108e-01
7.11655e-01 7.67127e-01 2.69770e-01
7.11655e-01 8.24292e-01 2.67675e-01
7.11655e-01 8.83095e-01 2.63113e-01
7.11655e-01 9.43478e-01 2.56510e-01
7.11655e-01 1.00538e+00 2.48370e-01
7.11655e-01 1.06875e+00 2.39220e-01
7.11655e-01 1.13351e+00 2.29562e-01
7.11655e-01 1.19960e+00 2.19829e-01
7.11655e-01 1.26697e+00 2.10365e-01
7.11655e-01 1.33555e+00 2.01420e-01
7.11655e-01 1.40526e+00 1.93156e-01
7.11655e-01 1.47604e+00 1.85654e-01
7.11655e-01 1.54782e+00 1.78931e-01
7.11655e-01 1.62053e+00 1.72949e-01
7.11655e-01 1.69410e+00 1.67632e-01
7.11655e-01 1.76846e+00 1.62869e-01
7.11655e-01 1.84353e+00 1.58524e-01
7.11655e-01 1.91924e+00 1.54446e-01
7.11655e-01 1.99553e+00 1.50471e-01
7.11655e-01 2.07230e+00 1.46437e-01
7.11655e-01 2.14949e+00 1.42187e-01
7.11655e-01 2.22703e+00 1.37584e-01
7.11655e-01 2.30483e+00 1.32521e-01
7.11655e-01 2.38282e+00 1.26929e-01
7.11655e-01 2.46093e+00 1.20782e-01
7.11655e-01 2.53907e+00 1.14100e-01
7.11655e-01 2.61718e+00 1.06936e-01
7.11655e-01 2.69517e+00 9.93726e-02
7.11655e-01 2.77297e+00 9.15001e-02
7.11655e-01 2.85051e+00 8.34133e-02
7.11655e-01 2.92770e+00 7.52080e-02
7.11655e-01 3.00447e+00 6.69867e-02
7.11655e-01 3.08076e+00 5.88665e-02
7.11655e-01 3.15647e+00 5.09813e-02
7.11655e-01 3.23154e+00 4.34742e-02
7.11655e-01 3.30590e+00 3.64815e-02
7.11655e-01 3.37947e+00 3.01165e-02
7.11655e-01 3.45218e+00 2.44563e-02
7.11655e-01 3.52396e+00 1.95375e-02
7.11655e-01 3.59474e+00 1.53581e-02
7.11655e-01 3.66445e+00 1.18836e-02
7.11655e-01 3.73303e+00 9.05524e-03
7.11655e-01 3.80040e+00 6.79904e-03
7.11655e-01 3.86649e+00 5.03379e-03
7.11655e-01 3.93125e+00 3.67785e-03
7.11655e-01 3.99462e+00 2.65428e-03
7.11655e-01 4.05652e+00 1.89411e-03
7.11655e-01 4.11690e+00 1.33803e-03
7.11655e-01 4.17571e+00 9.36844e-04
7.11655e-01 4.23287e+00 6.51021e-04
7.11655e-01 4.28835e+00 4.49644e-04
7.11655e-01 4.34207e+00 3.09134e-04
7.11655e-01 4.39400e+00 2.11893e-04
7.11655e-01 4.44407e+00 1.45043e-04
7.11655e-01 4.49224e+00 9.93183e-05
7.11655e-01 4.53847e+00 6.81509e-05
7.11655e-01 4.58271e+00 4.69459e-05
7.11655e-01 4.62491e+00 3.25231e-05
7.11655e-01 4.66504e+00 2.27007e-05
7.11655e-01 4.70305e+00 1.59928e-05
7.11655e-01 4.73890e+00 1.13927e-05
7.11655e-01 4.77257e+00 8.22070e-06
7.11655e-01 4.80402e+00 6.01888e-06
7.11655e-01 4.83322e+00 4.47888e-06
7.11655e-01 4.86014e+00 3.39283e-06
7.11655e-01 4.88475e+00 2.62029e-06
7.11655e-01 4.90703e+00 2.06609e-06
7.11655e-01 4.92696e+00 1.66545e-06
7.11655e-01 4.94452e+00 1.37411e-06
7.11655e-01 4.95969e+00 1.16168e-06
7.11655e-01 4.97246e+00 1.00726e-06
7.11655e-01 4.98281e+00 8.96466e-07
7.11655e-01 4.99074e+00 8.19511e-07
7.11655e-01 4.99623e+00 7.69884e-07
7.11655e-01 4.99928e+00 7.43524e-07
7.67127e-01 7.15683e-04 3.85994e-04
7.67127e-01 3.77012e-03 2.03335e-03
7.67127e-01 9.26216e-03 4.99518e-03
7.67127e-01 1.71877e-02 9.26836e-03
7.67127e-01 2.75390e-02 1.48463e-02
7.67127e-01 4.03061e-02 2.17182e-02
7.67127e-01 5.54766e-02 2.98674e-02
7.67127e-01 7.30356e-02 3.92694e-02
7.67127e-01 9.29659e-02 4.98895e-02
7.67127e-01 1.15248e-01 6.16799e-02
7.67127e-01 1.39860e-01 7.45770e-02
7.67127e-01 1.66779e-01 8.84978e-02
7.67127e-01 1.95977e-01 1.03336e-01
7.67127e-01 2.27426e-01 1.18959e-01
7.67127e-01 2.61096e-01 1.35203e-01
7.67127e-01 2.96953e-01 1.51868e-01
7.67127e-01 3.34963e-01 1.68717e-01
7.67127e-01 3.75089e-01 1.85470e-01
7.67127e-01 4.17290e-01 2.01805e-01
7.67127e-01 4.61527e-01 2.17362e-01
7.67127e-01 5.07755e-01 2.31750e-01
7.67127e-01 5.55930e-01 2.44561e-01
7.67127e-01 6.06005e-01 2.55395e-01
7.67127e-01 6.57930e-01 2.63891e-01
7.67127e-01 7.11655e-01 2.69770e-01
7.67127e-01 7.67127e-01 2.72871e-01
7.67127e-01 8.24292e-01 2.73182e-01
7.67127e-01 8.83095e-01 2.70861e-01
7.67127e-01 9.43478e-01 2.66220e-01
7.67127e-01 1.00538e+00 2.59694e-01
7.67127e-01 1.06875e+00 2.51787e-01
7.67127e-01 1.13351e+00 2.43018e-01
7.67127e-01 1.19960e+00 2.33864e-01
7.67127e-01 1.26697e+00 2.24732e-01
7.67127e-01 1.33555e+00 2.15934e-01
7.67127e-01 1.40526e+00 2.07688e-01
7.67127e-01 1.47604e+00 2.00123e-01
7.67127e-01 1.54782e+00 1.93288e-01
7.67127e-01 1.62053e+00 1.87171e-01
7.67127e-01 1.69410e+00 1.81707e-01
7.67127e-01 1.76846e+00 1.76788e-01
7.67127e-01 1.84353e+00 1.72279e-01
7.67127e-01 1.91924e+00 1.68020e-01
7.67127e-01 1.99553e+00 1.63839e-01
7.67127e-01 2.07230e+00 1.59561e-01
7.67127e-01 2.14949e+00 1.55020e-01
7.67127e-01 2.22703e+00 1.50068e-01
7.67127e-01 2.30483e+00 1.44592e-01
7.67127e-01 2.38282e+00 1.38517e-01
7.67127e-01 2.46093e+00 1.31821e-01
7.67127e-01 2.53907e+00 1.24526e-01
7.67127e-01 2.61718e+00 1.16695e-01
7.67127e-01 2.69517e+00 1.08420e-01
7.67127e-01 2.77297e+00 9.98033e-02
7.67127e-01 2.85051e+00 9.09520e-02
7.67127e-01 2.92770e+00 8.19734e-02
7.67127e-01 3.00447e+00 7.29817e-02
7.67127e-01 3.08076e+00 6.41066e-02
7.67127e-01 3.15647e+00 5.54946e-02
7.67127e-01 3.23154e+00 4.73019e-02
7.67127e-01 3.30590e+00 3.96764e-02
7.67127e-01 3.37947e+00 3.27402e-02
7.67127e-01 3.45218e+00 2.65761e-02
7.67127e-01 3.52396e+00 2.12228e-02
7.67127e-01 3.59474e+00 1.66767e-02
7.67127e-01 3.66445e+00 1.28993e-02
7.67127e-01 3.73303e+00 9.82597e-03
7.67127e-01 3.80040e+00 7.37541e-03
7.67127e-01 3.86649e+00 5.45887e-03
7.67127e-01 3.93125e+00 3.98730e-03
7.67127e-01 3.99462e+00 2.87684e-03
7.67127e-01 4.05652e+00 2.05242e-03
7.67127e-01 4.11690e+00 1.44951e-03
7.67127e-01 4.17571e+00 1.01468e-03
7.67127e-01 4.23287e+00 7.04960e-04
7.67127e-01 4.28835e+00 4.86803e-04
7.67127e-01 4.34207e+00 3.34620e-04
7.67127e-01 4.39400e+00 2.29323e-04
7.67127e-01 4.44407e+00 1.56949e-04
7.67127e-01 4.49224e+00 1.07454e-04
7.67127e-01 4.53847e+00 7.37233e-05
7.67127e-01 4.58271e+00 5.07779e-05
7.67127e-01 4.62491e+00 3.51735e-05
7.67127e-01 4.66504e+00 2.45479e-05
7.67127e-01 4.70305e+00 1.72924e-05
7.67127e-01 4.73890e+00 1.23173e-05
7.67127e-01 4.77257e+00 8.88706e-06
7.67127e-01 4.80402e+00 6.50623e-06
7.67127e-01 4.83322e+00 4.84118e-06
7.67127e-01 4.86014e+00 3.66703e-06
7.67127e-01 4.88475e+00 2.83188e-06
7.67127e-01 4.90703e+00 2.23281e-06
7.67127e-01 4.92696e+00 1.79976e-06
7.67127e-01 4.94452e+00 1.48486e-06
7.67127e-01 4.95969e+00 1.25527e-06
7.67127e-01 4.97246e+00 1.08837e-06
7.67127e-01 4.98281e+00 9.68633e-07
7.67127e-01 4.99074e+00 8.85466e-07
7.67127e-01 4.99623e+00 8.31835e-07
7.67127e-01 4.99928e+00 8.03348e-07
8.24292e-01 7.15683e-04 3.60151e-04
8.24292e-01 3.77012e-03 1.89721e-03
8.24292e-01 9.26216e-03 4.66078e-03
8.24292e-01 1.71877e-02 8.64811e-03
8.24292e-01 2.75390e-02 1.38535e-02
8.24292e-01 4.03061e-02 2.02679e-02
8.24292e-01 5.54766e-02 2.78776e-02
8.24292e-01 7.30356e-02 3.66627e-02
8.24292e-01 9.29659e-02 4.65956e-02
8.24292e-01 1.15248e-01 5.76386e-02
8.24292e-01 1.39860e-01 6.97416e-02
8.24292e-01 1.66779e-01 8.28397e-02
8.24292e-01 1.95977e-01 9.68501e-02
8.24292e-01 2.27426e-01 1.11669e-01
8.24292e-01 2.61096e-01 1.27167e-01
8.24292e-01 2.96953e-01 1.43187e-01
8.24292e-01 3.34963e-01 1.59538e-01
8.24292e-01 3.75089e-01 1.75996e-01
8.24292e-01 4.17290e-01 1.92294e-01
8.24292e-01 4.61527e-01 2.08129e-01
8.24292e-01 5.07755e-01 2.23156e-01
8.24292e-01 5.55930e-01 2.37005e-01
8.24292e-01 6.06005e-01 2.49287e-01
8.24292e-01 6.57930e-01 2.59623e-01
8.24292e-01 7.11655e-01 2.67675e-01
8.24292e-01 7.67127e-01 2.73182e-01
8.24292e-01 8.24292e-01 2.76006e-01
8.24292e-01 8.83095e-01 2.76157e-01
8.24292e-01 9.43478e-01 2.73810e-01
8.24292e-01 1.00538e+00 2.69290e-01
8.24292e-01 1.06875e+00 2.63038e-01
8.24292e-01 1.13351e+00 2.55550e-01
8.24292e-01 1.19960e+00 2.47329e-01
8.24292e-01 1.26697e+00 2.38829e-01
8.24292e-01 1.33555e+00 2.30423e-01
8.24292e-01 1.40526e+00 2.22391e-01
8.24292e-01 1.47604e+00 2.14914e-01
8.24292e-01 1.54782e+00 2.08087e-01
8.24292e-01 1.62053e+00 2.01925e-01
8.24292e-01 1.69410e+00 1.96383e-01
8.24292e-01 1.76846e+00 1.91362e-01
8.24292e-01 1.84353e+00 1.86729e-01
8.24292e-01 1.91924e+00 1.82317e-01
8.24292e-01 1.99553e+00 1.77948e-01
8.24292e-01 2.07230e+00 1.73436e-01
8.24292e-01 2.14949e+00 1.68604e-01
8.24292e-01 2.22703e+00 1.63294e-01
8.24292e-01 2.30483e+00 1.57386e-01
8.24292e-01 2.38282e+00 1.50804e-01
8.24292e-01 2.46093e+00 1.43525e-01
8.24292e-01 2.53907e+00 1.35579e-01
8.24292e-01 2.61718e+00 1.27036e-01
8.24292e-01 2.69517e+00 1.18001e-01
8.24292e-01 2.77297e+00 1.08590e-01
8.24292e-01 2.85051e+00 9.89228e-02
8.24292e-01 2.92770e+00 8.91196e-02
8.24292e-01 3.00447e+00 7.93076e-02
8.24292e-01 3.08076e+00 6.96298e-02
8.24292e-01 3.15647e+00 6.02466e-02
8.24292e-01 3.23154e+00 5.13276e-02
8.24292e-01 3.30590e+00 4.30329e-02
8.24292e-01 3.37947e+00 3.54937e-02
8.24292e-01 3.45218e+00 2.87986e-02
8.24292e-01 3.52396e+00 2.29879e-02
8.24292e-01 3.59474e+00 1.80565e-02
8.24292e-01 3.66445e+00 1.39612e-02
8.24292e-01 3.73303e+00 1.06310e-02
8.24292e-01 3.80040e+00 7.97691e-03
8.24292e-01 3.86649e+00 5.90215e-03
8.24292e-01 3.93125e+00 4.30975e-03
8.24292e-01 3.99462e+00 3.10859e-03
8.24292e-01 4.05652e+00 2.21714e-03
8.24292e-01 4.11690e+00 1.56544e-03
8.24292e-01 4.17571e+00 1.09556e-03
8.24292e-01 4.23287e+00 7.60983e-04
8.24292e-01 4.28835e+00 5.25376e-04
8.24292e-01 4.34207e+00 3.61061e-04
8.24292e-01 4.39400e+00 2.47397e-04
8.24292e-01 4.44407e+00 1.69289e-04
8.24292e-01 4.49224e+00 1.15884e-04
8.24292e-01 4.53847e+00 7.94946e-05
8.24292e-01 4.58271e+00 5.47451e-05
8.24292e-01 4.62491e+00 3.79165e-05
8.24292e-01 4.66504e+00 2.64590e-05
8.24292e-01 4.70305e+00 1.86365e-05
8.24292e-01 4.73890e+00 1.32733e-05
8.24292e-01 4.77257e+00 9.57588e-06
8.24292e-01 4.80402e+00 7.00990e-06
8.24292e-01 4.83322e+00 5.21553e-06
8.24292e-01 4.86014e+00 3.95029e-06
8.24292e-01 4.88475e+00 3.05043e-06
8.24292e-01 4.90703e+00 2.40498e-06
8.24292e-01 4.92696e+00 1.93844e-06
8.24292e-01 4.94452e+00 1.59920e-06
8.24292e-01 4.95969e+00 1.35188e-06
8.24292e-01 4.97246e+00 1.17210e-06
8.24292e-01 4.98281e+00 1.04312e-06
8.24292e-01 4.99074e+00 9.53539e-07
8.24292e-01 4.99623e+00 8.95773e-07
8.24292e-01 4.99928e+00 8.65090e-07
8.83095e-01 7.15683e-04 3.35142e-04
8.83095e-01 3.77012e-03 1.76547e-03
8.83095e-01 9.26216e-03 4.33718e-03
8.83095e-01 1.71877e-02 8.04782e-03
8.83095e-01 2.75390e-02 1.28925e-02
8.83095e-01 4.03061e-02 1.88635e-02
8.83095e-01 5.54766e-02 2.59495e-02
8.83095e-01 7.30356e-02 3.41345e-02
8.83095e-01 9.29659e-02 4.33964e-02
8.83095e-01 1.15248e-01 5.37054e-02
8.83095e-01 1.39860e-01 6.50225e-02
8.83095e-01 1.66779e-01 7.72972e-02
8.83095e-01 1.95977e-01 9.04653e-02
8.83095e-01 2.27426e-01 1.04446e-01
8.83095e-01 2.61096e-01 1.19141e-01
8.83095e-01 2.96953e-01 1.34425e-01
8.83095e-01 3.34963e-01 1.50152e-01
8.83095e-01 3.75089e-01 1.66142e-01
8.83095e-01 4.17290e-01 1.82183e-01
8.83095e-01 4.61527e-01 1.98024e-01
8.83095e-01 5.07755e-01 2.13379e-01
8.83095e-01 5.55930e-01 2.27923e-01
8.83095e-01 6.06005e-01 2.41304e-01
8.83095e-01 6.57930e-01 2.53154e-01
8.83095e-01 7.11655e-01 2.63113e-01
8.83095e-01 7.67127e-01 2.70861e-01
8.83095e-01 8.24292e-01 2.76157e-01
8.83095e-01 8.83095e-01 2.78879e-01
8.83095e-01 9.43478e-01 2.79055e-01
8.83095e-01 1.00538e+00 2.76872e-01
8.83095e-01 1.06875e+00 2.72662e-01
8.83095e-01 1.13351e+00 2.66863e-01
8.83095e-01 1.19960e+00 2.59962e-01
8.83095e-01 1.26697e+00 2.52439e-01
8.83095e-01 1.33555e+00 2.44717e-01
8.83095e-01 1.40526e+00 2.37137e-01
8.83095e-01 1.47604e+00 2.29939e-01
8.83095e-01 1.54782e+00 2.23266e-01
8.83095e-01 1.62053e+00 2.17174e-01
8.83095e-01 1.69410e+00 2.11642e-01
8.83095e-01 1.76846e+00 2.06587e-01
8.83095e-01 1.84353e+00 2.01878e-01
8.83095e-01 1.91924e+00 1.97350e-01
8.83095e-01 1.99553e+00 1.92816e-01
8.83095e-01 2.07230e+00 1.88082e-01
8.83095e-01 2.14949e+00 1.82959e-01
8.83095e-01 2.22703e+00 1.77283e-01
8.83095e-01 2.30483e+00 1.70926e-01
8.83095e-01 2.38282e+00 1.63810e-01
8.83095e-01 2.46093e+00 1.55914e-01
8.83095e-01 2.53907e+00 1.47274e-01
8.83095e-01 2.61718e+00 1.37974e-01
8.83095e-01 2.69517e+00 1.28129e-01
8.83095e-01 2.77297e+00 1.17870e-01
8.83095e-01 2.85051e+00 1.07333e-01
8.83095e-01 2.92770e+00 9.66521e-02
8.83095e-01 3.00447e+00 8.59681e-02
8.83095e-01 3.08076e+00 7.54384e-02
8.83095e-01 3.15647e+00 6.52384e-02
8.83095e-01 3.23154e+00 5.55515e-02
8.83095e-01 3.30590e+00 4.65505e-02
8.83095e-01 3.37947e+00 3.83762e-02
8.83095e-01 3.45218e+00 3.11226e-02
8.83095e-01 3.52396e+00 2.48317e-02
8.83095e-01 3.59474e+00 1.94963e-02
8.83095e-01 3.66445e+00 1.50683e-02
8.83095e-01 3.73303e+00 1.14694e-02
8.83095e-01 3.80040e+00 8.60282e-03
8.83095e-01 3.86649e+00 6.36301e-03
8.83095e-01 3.93125e+00 4.64472e-03
8.83095e-01 3.99462e+00 3.34914e-03
8.83095e-01 4.05652e+00 2.38800e-03
8.83095e-01 4.11690e+00 1.68561e-03
8.83095e-01 4.17571e+00 1.17935e-03
8.83095e-01 4.23287e+00 8.18976e-04
8.83095e-01 4.28835e+00 5.65283e-04
8.83095e-01 4.34207e+00 3.88402e-04
8.83095e-01 4.39400e+00 2.66076e-04
8.83095e-01 4.44407e+00 1.82036e-04
8.83095e-01 4.49224e+00 1.24587e-04
8.83095e-01 4.53847e+00 8.54506e-05
8.83095e-01 4.58271e+00 5.88376e-05
8.83095e-01 4.62491e+00 4.07450e-05
8.83095e-01 4.66504e+00 2.84290e-05
8.83095e-01 4.70305e+00 2.00216e-05
8.83095e-01 4.73890e+00 1.42581e-05
8.83095e-01 4.77257e+00 1.02853e-05
8.83095e-01 4.80402e+00 7.52849e-06
8.83095e-01 4.83322e+00 5.60087e-06
8.83095e-01 4.86014e+00 4.24181e-06
8.83095e-01 4.88475e+00 3.27531e-06
8.83095e-01 4.90703e+00 2.58211e-06
8.83095e-01 4.92696e+00 2.08108e-06
8.83095e-01 4.94452e+00 1.71680e-06
8.83095e-01 4.95969e+00 1.45122e-06
8.83095e-01 4.97246e+00 1.25819e-06
8.83095e-01 4.98281e+00 1.11971e-06
8.83095e-01 4.99074e+00 1.02353e-06
8.83095e-01 4.99623e+00 9.61506e-07
8.83095e-01 4.99928e+00 9.28564e-07
9.43478e-01 7.15683e-04 3.11455e-04
9.43478e-01 3.77012e-03 1.64070e-03
9.43478e-01 9.26216e-03 4.03066e-03
9.43478e-01 1.71877e-02 7.47920e-03
9.43478e-01 2.75390e-02 1.19820e-02
9.43478e-01 4.03061e-02 1.75325e-02
9.43478e-01 5.54766e-02 2.41214e-02
9.43478e-01 7.30356e-02 3.17356e-02
9.43478e-01 9.29659e-02 4.03574e-02
9.43478e-01 1.15248e-01 4.99633e-02
9.43478e-01 1.39860e-01 6.05229e-02
9.43478e-01 1.66779e-01 7.19970e-02
9.43478e-01 1.95977e-01 8.43363e-02
9.43478e-01 2.27426e-01 9.74791e-02
9.43478e-01 2.61096e-01 1.11349e-01
9.43478e-01 2.96953e-01 1.25852e-01
9.43478e-01 3.34963e-01 1.40873e-01
9.43478e-01 3.75089e-01 1.56274e-01
9.43478e-01 4.17290e-01 1.71888e-01
9.43478e-01 4.61527e-01 1.87517e-01
9.43478e-01 5.07755e-01 2.02928e-01
9.43478e-01 5.55930e-01 2.17850e-01
9.43478e-01 6.06005e-01 2.31980e-01
9.43478e-01 6.57930e-01 2.44983e-01
9.43478e-01 7.11655e-01 2.56510e-01
9.43478e-01 7.67127e-01 2.66220e-01
9.43478e-01 8.24292e-01 2.73810e-01
9.43478e-01 8.83095e-01 2.79055e-01
9.43478e-01 9.43478e-01 2.81847e-01
9.43478e-01 1.00538e+00 2.82226e-01
9.43478e-01 1.06875e+00 2.80386e-01
9.43478e-01 1.13351e+00 2.76660e-01
9.43478e-01 1.19960e+00 2.71480e-01
9.43478e-01 1.26697e+00 2.65313e-01
9.43478e-01 1.33555e+00 2.58613e-01
9.43478e-01 1.40526e+00 2.51769e-01
9.43478e-01 1.47604e+00 2.45079e-01
9.43478e-01 1.54782e+00 2.38745e-01
9.43478e-01 1.62053e+00 2.32864e-01
9.43478e-01 1.69410e+00 2.27451e-01
9.43478e-01 1.76846e+00 2.22444e-01
9.43478e-01 1.84353e+00 2.17721e-01
9.43478e-01 1.91924e+00 2.13121e-01
9.43478e-01 1.99553e+00 2.08451e-01
9.43478e-01 2.07230e+00 2.03510e-01
9.43478e-01 2.14949e+00 1.98100e-01
9.43478e-01 2.22703e+00 1.92050e-01
9.43478e-01 2.30483e+00 1.85225e-01
9.43478e-01 2.38282e+00 1.77547e-01
9.43478e-01 2.46093e+00 1.68998e-01
9.43478e-01 2.53907e+00 1.59622e-01
9.43478e-01 2.61718e+00 1.49515e-01
9.43478e-01 2.69517e+00 1.38808e-01
9.43478e-01 2.77297e+00 1.27647e-01
9.43478e-01 2.85051e+00 1.16185e-01
9.43478e-01 2.92770e+00 1.04571e-01
9.43478e-01 3.00447e+00 9.29618e-02
9.43478e-01 3.08076e+00 8.15302e-02
9.43478e-01 3.15647e+00 7.04669e-02
9.43478e-01 3.23154e+00 5.99703e-02
9.43478e-01 3.30590e+00 5.02260e-02
9.43478e-01 3.37947e+00 4.13845e-02
9.43478e-01 3.45218e+00 3.35452e-02
9.43478e-01 3.52396e+00 2.67516e-02
9.43478e-01 3.59474e+00 2.09939e-02
9.43478e-01 3.66445e+00 1.62185e-02
9.43478e-01 3.73303e+00 1.23397e-02
9.43478e-01 3.80040e+00 9.25188e-03
9.43478e-01 3.86649e+00 6.84047e-03
9.43478e-01 3.93125e+00 4.99145e-03
9.43478e-01 3.99462e+00 3.59793e-03
9.43478e-01 4.05652e+00 2.56456e-03
9.43478e-01 4.11690e+00 1.80969e-03
9.43478e-01 4.17571e+00 1.26580e-03
9.43478e-01 4.23287e+00 8.78778e-04
9.43478e-01 4.28835e+00 6.06407e-04
9.43478e-01 4.34207e+00 4.16560e-04
9.43478e-01 4.39400e+00 2.85303e-04
9.43478e-01 4.44407e+00 1.95149e-04
9.43478e-01 4.49224e+00 1.33536e-04
9.43478e-01 4.53847e+00 9.15718e-05
9.43478e-01 4.58271e+00 6.30417e-05
9.43478e-01 4.62491e+00 4.36496e-05
9.43478e-01 4.66504e+00 3.04511e-05
9.43478e-01 4.70305e+00 2.14428e-05
9.43478e-01 4.73890e+00 1.52683e-05
9.43478e-01 4.77257e+00 1.10128e-05
9.43478e-01 4.80402e+00 8.06011e-06
9.43478e-01 4.83322e+00 5.99580e-06
9.43478e-01 4.86014e+00 4.54052e-06
9.43478e-01 4.88475e+00 3.50568e-06
9.43478e-01 4.90703e+00 2.76353e-06
9.43478e-01 4.92696e+00 2.22716e-06
9.43478e-01 4.94452e+00 1.83721e-06
9.43478e-01 4.95969e+00 1.55294e-06
9.43478e-01 4.97246e+00 1.34632e-06
9.43478e-01 4.98281e+00 1.19810e-06
9.43478e-01 4.99074e+00 1.09516e-06
9.43478e-01 4.99623e+00 1.02878e-06
9.43478e-01 4.99928e+00 9.93526e-07
1.00538e+00 7.15683e-04 2.89406e-04
1.00538e+00 3.77012e-03 1.52455e-03
1.00538e+00 9.26216e-03 3.74533e-03
1.00538e+00 1.71877e-02 6.94984e-03
1.00538e+00 2.75390e-02 1.11343e-02
1.00538e+00 4.03061e-02 1.62931e-02
1.00538e+00 5.54766e-02 2.24184e-02
1.00538e+00 7.30356e-02 2.94994e-02
1.00538e+00 9.29659e-02 3.75220e-02
1.00538e+00 1.15248e-01 4.64675e-02
1.00538e+00 1.39860e-01 5.63122e-02
1.00538e+00 1.66779e-01 6.70258e-02
1.00538e+00 1.95977e-01 7.85704e-02
1.00538e+00 2.27426e-01 9.08990e-02
1.00538e+00 2.61096e-01 1.03953e-01
1.00538e+00 2.96953e-01 1.17663e-01
1.00538e+00 3.34963e-01 1.31939e-01
1.00538e+00 3.75089e-01 1.46678e-01
1.00538e+00 4.17290e-01 1.61751e-01
1.00538e+00 4.61527e-01 1.77004e-01
1.00538e+00 5.07755e-01 1.92254e-01
1.00538e+00 5.55930e-01 2.07284e-01
1.00538e+00 6.06005e-01 2.21842e-01
1.00538e+00 6.57930e-01 2.35642e-01
1.00538e+00 7.11655e-01 2.48370e-01
1.00538e+00 7.67127e-01 2.59694e-01
1.00538e+00 8.24292e-01 2.69290e-01
1.00538e+00 8.83095e-01 2.76872e-01
1.00538e+00 9.43478e-01 2.82226e-01
1.00538e+00 1.00538e+00 2.85256e-01
1.00538e+00 1.06875e+00 2.86008e-01
1.00538e+00 1.13351e+00 2.84680e-01
1.00538e+00 1.19960e+00 2.81600e-01
1.00538e+00 1.26697e+00 2.77182e-01
1.00538e+00 1.33555e+00 2.71874e-01
1.00538e+00 1.40526e+00 2.66091e-01
1.00538e+00 1.47604e+00 2.60185e-01
1.00538e+00 1.54782e+00 2.54409e-01
1.00538e+00 1.62053e+00 2.48915e-01
1.00538e+00 1.69410e+00 2.43756e-01
1.00538e+00 1.76846e+00 2.38898e-01
1.00538e+00 1.84353e+00 2.34237e-01
1.00538e+00 1.91924e+00 2.29618e-01
1.00538e+00 1.99553e+00 2.24847e-01
1.00538e+00 2.07230e+00 2.19719e-01
1.00538e+00 2.14949e+00 2.14029e-01
1.00538e+00 2.22703e+00 2.07597e-01
1.00538e+00 2.30483e+00 2.00286e-01
1.00538e+00 2.38282e+00 1.92018e-01
1.00538e+00 2.46093e+00 1.82778e-01
1.00538e+00 2.53907e+00 1.72622e-01
1.00538e+00 2.61718e+00 1.61657e-01
1.00538e+00 2.69517e+00 1.50033e-01
1.00538e+00 2.77297e+00 1.37915e-01
1.00538e+00 2.85051e+00 1.25471e-01
1.00538e+00 2.92770e+00 1.12868e-01
1.00538e+00 3.00447e+00 1.00281e-01
1.00538e+00 3.08076e+00 8.78969e-02
1.00538e+00 3.15647e+00 7.59242e-02
1.00538e+00 3.23154e+00 6.45764e-02
1.00538e+00 3.30590e+00 5.40524e-02
1.00538e+00 3.37947e+00 4.45122e-02
1.00538e+00 3.45218e+00 3.60609e-02
1.00538e+00 3.52396e+00 2.87429e-02
1.00538e+00 3.59474e+00 2.25453e-02
1.00538e+00 3.66445e+00 1.74088e-02
1.00538e+00 3.73303e+00 1.32394e-02
1.00538e+00 3.80040e+00 9.92213e-03
1.00538e+00 3.86649e+00 7.33305e-03
1.00538e+00 3.93125e+00 5.34881e-03
1.00538e+00 3.99462e+00 3.85412e-03
1.00538e+00 4.05652e+00 2.74623e-03
1.00538e+00 4.11690e+00 1.93726e-03
1.00538e+00 4.17571e+00 1.35461e-03
1.00538e+00 4.23287e+00 9.40164e-04
1.00538e+00 4.28835e+00 6.48591e-04
1.00538e+00 4.34207e+00 4.45424e-04
1.00538e+00 4.39400e+00 3.04999e-04
1.00538e+00 4.44407e+00 2.08575e-04
1.00538e+00 4.49224e+00 1.42694e-04
1.00538e+00 4.53847e+00 9.78324e-05
1.00538e+00 4.58271e+00 6.73395e-05
1.00538e+00 4.62491e+00 4.66175e-05
1.00538e+00 4.66504e+00 3.25165e-05
1.00538e+00 4.70305e+00 2.28938e-05
1.00538e+00 4.73890e+00 1.62993e-05
1.00538e+00 4.77257e+00 1.17550e-05
1.00538e+00 4.80402e+00 8.60235e-06
1.00538e+00 4.83322e+00 6.39850e-06
1.00538e+00 4.86014e+00 4.84502e-06
1.00538e+00 4.88475e+00 3.74047e-06
1.00538e+00 4.90703e+00 2.94839e-06
1.00538e+00 4.92696e+00 2.37598e-06
1.00538e+00 4.94452e+00 1.95986e-06
1.00538e+00 4.95969e+00 1.65653e-06
1.00538e+00 4.97246e+00 1.43607e-06
1.00538e+00 4.98281e+00 1.27792e-06
1.00538e+00 4.99074e+00 1.16810e-06
1.00538e+00 4.99623e+00 1.09728e-06
1.00538e+00 4.99928e+00 1.05966e-06
1.06875e+00 7.15683e-04 2.69168e-04
1.06875e+00 3.77012e-03 1.41794e-03
1.06875e+00 9.26216e-03 3.48345e-03
1.06875e+00 1.71877e-02 6.46396e-03
1.06875e+00 2.75390e-02 1.03561e-02
1.06875e+00 4.03061e-02 1.51551e-02
1.06875e+00 5.54766e-02 2.08542e-02
1.06875e+00 7.30356e-02 2.74446e-02
1.06875e+00 9.29659e-02 3.49148e-02
1.06875e+00 1.15248e-01 4.32500e-02
1.06875e+00 1.39860e-01 5.24315e-02
1.06875e+00 1.66779e-01 6.24359e-02
1.06875e+00 1.95977e-01 7.32342e-02
1.06875e+00 2.27426e-01 8.47907e-02
1.06875e+00 2.61096e-01 9.70616e-02
1.06875e+00 2.96953e-01 1.09993e-01
1.06875e+00 3.34963e-01 1.23521e-01
1.06875e+00 3.75089e-01 1.37565e-01
1.06875e+00 4.17290e-01 1.52029e-01
1.06875e+00 4.61527e-01 1.66796e-01
1.06875e+00 5.07755e-01 1.81727e-01
1.06875e+00 5.55930e-01 1.96652e-01
1.06875e+00 6.06005e-01 2.11370e-01
1.06875e+00 6.57930e-01 2.25649e-01
1.06875e+00 7.11655e-01 2.39220e-01
1.06875e+00 7.67127e-01 2.51787e-01
1.06875e+00 8.24292e-01 2.63038e-01
1.06875e+00 8.83095e-01 2.72662e-01
1.06875e+00 9.43478e-01 2.80386e-01
1.06875e+00 1.00538e+00 2.86008e-01
1.06875e+00 1.06875e+00 2.89439e-01
1.06875e+00 1.13351e+00 2.90727e-01
1.06875e+00 1.19960e+00 2.90066e-01
1.06875e+00 1.26697e+00 2.87771e-01
1.06875e+00 1.33555e+00 2.84237e-01
1.06875e+00 1.40526e+00 2.79877e-01
1.06875e+00 1.47604e+00 2.75068e-01
1.06875e+00 1.54782e+00 2.70114e-01
1.06875e+00 1.62053e+00 2.65216e-01
1.06875e+00 1.69410e+00 2.60473e-01
1.06875e+00 1.76846e+00 2.55889e-01
1.06875e+00 1.84353e+00 2.51383e-01
1.06875e+00 1.91924e+00 2.46810e-01
1.06875e+00 1.99553e+00 2.41982e-01
1.06875e+00 2.07230e+00 2.36691e-01
1.06875e+00 2.14949e+00 2.30728e-01
1.06875e+00 2.22703e+00 2.23910e-01
1.06875e+00 2.30483e+00 2.16095e-01
1.06875e+00 2.38282e+00 2.07207e-01
1.06875e+00 2.46093e+00 1.97239e-01
1.06875e+00 2.53907e+00 1.86256e-01
1.06875e+00 2.61718e+00 1.74384e-01
1.06875e+00 2.69517e+00 1.61789e-01
1.06875e+00 2.77297e+00 1.48656e-01
1.06875e+00 2.85051e+00 1.35173e-01
1.06875e+00 2.92770e+00 1.21526e-01
1.06875e+00 3.00447e+00 1.07907e-01
1.06875e+00 3.08076e+00 9.45225e-02
1.06875e+00 3.15647e+00 8.15956e-02
1.06875e+00 3.23154e+00 6.93567e-02
1.06875e+00 3.30590e+00 5.80180e-02
1.06875e+00 3.37947e+00 4.77495e-02
1.06875e+00 3.45218e+00 3.86614e-02
1.06875e+00 3.52396e+00 3.07985e-02
1.06875e+00 3.59474e+00 2.41450e-02
1.06875e+00 3.66445e+00 1.86346e-02
1.06875e+00 3.73303e+00 1.41648e-02
1.06875e+00 3.80040e+00 1.06108e-02
1.06875e+00 3.86649e+00 7.83865e-03
1.06875e+00 3.93125e+00 5.71526e-03
1.06875e+00 3.99462e+00 4.11656e-03
1.06875e+00 4.05652e+00 2.93215e-03
1.06875e+00 4.11690e+00 2.06770e-03
1.06875e+00 4.17571e+00 1.44535e-03
1.06875e+00 4.23287e+00 1.00283e-03
1.06875e+00 4.28835e+00 6.91625e-04
1.06875e+00 4.34207e+00 4.74849e-04
1.06875e+00 4.39400e+00 3.25065e-04
1.06875e+00 4.44407e+00 2.22244e-04
1.06875e+00 4.49224e+00 1.52011e-04
1.06875e+00 4.53847e+00 1.04199e-04
1.06875e+00 4.58271e+00 7.17076e-05
1.06875e+00 4.62491e+00 4.96324e-05
1.06875e+00 4.66504e+00 3.46136e-05
1.06875e+00 4.70305e+00 2.43666e-05
1.06875e+00 4.73890e+00 1.73454e-05
1.06875e+00 4.77257e+00 1.25077e-05
1.06875e+00 4.80402e+00 9.15208e-06
1.06875e+00 4.83322e+00 6.80664e-06
1.06875e+00 4.86014e+00 5.15355e-06
1.06875e+00 4.88475e+00 3.97830e-06
1.06875e+00 4.90703e+00 3.13560e-06
1.06875e+00 4.92696e+00 2.52667e-06
1.06875e+00 4.94452e+00 2.08403e-06
1.06875e+00 4.95969e+00 1.76138e-06
1.06875e+00 4.97246e+00 1.52690e-06
1.06875e+00 4.98281e+00 1.35870e-06
1.06875e+00 4.99074e+00 1.24190e-06
1.06875e+00 4.99623e+00 1.16658e-06
1.06875e+00 4.99928e+00 1.12658e-06
1.13351e+00 7.15683e-04 2.50809e-04
1.13351e+00 3.77012e-03 1.32122e-03
1.13351e+00 9.26216e-03 3.24586e-03
1.13351e+00 1.71877e-02 6.02315e-03
1.13351e+00 2.75390e-02 9.65009e-03
1.13351e+00 4.03061e-02 1.41224e-02
1.13351e+00 5.54766e-02 1.94345e-02
1.13351e+00 7.30356e-02 2.55789e-02
1.13351e+00 9.29659e-02 3.25463e-02
1.13351e+00 1.15248e-01 4.03246e-02
1.13351e+00 1.39860e-01 4.88994e-02
1.13351e+00 1.66779e-01 5.82524e-02
1.13351e+00 1.95977e-01 6.83614e-02
1.13351e+00 2.27426e-01 7.91996e-02
1.13351e+00 2.61096e-01 9.07342e-02
1.13351e+00 2.96953e-01 1.02925e-01
1.13351e+00 3.34963e-01 1.15725e-01
1.13351e+00 3.75089e-01 1.29074e-01
1.13351e+00 4.17290e-01 1.42902e-01
1.13351e+00 4.61527e-01 1.57122e-01
1.13351e+00 5.07755e-01 1.71629e-01
1.13351e+00 5.55930e-01 1.86295e-01
1.13351e+00 6.06005e-01 2.00968e-01
1.13351e+00 6.57930e-01 2.15462e-01
1.13351e+00 7.11655e-01 2.29562e-01
1.13351e+00 7.67127e-01 2.43018e-01
1.13351e+00 8.24292e-01 2.55550e-01
1.13351e+00 8.83095e-01 2.66863e-01
1.13351e+00 9.43478e-01 2.76660e-01
1.13351e+00 1.00538e+00 2.84680e-01
1.13351e+00 1.06875e+00 2.90727e-01
1.13351e+00 1.13351e+00 2.94715e-01
1.13351e+00 1.19960e+00 2.96687e-01
1.13351e+00 1.26697e+00 2.96828e-01
1.13351e+00 1.33555e+00 2.95433e-01
1.13351e+00 1.40526e+00 2.92866e-01
1.13351e+00 1.47604e+00 2.89501e-01
1.13351e+00 1.54782e+00 2.85668e-01
1.13351e+00 1.62053e+00 2.81615e-01
1.13351e+00 1.69410e+00 2.77487e-01
1.13351e+00 1.76846e+00 2.73328e-01
1.13351e+00 1.84353e+00 2.69087e-01
1.13351e+00 1.91924e+00 2.64640e-01
1.13351e+00 1.99553e+00 2.59808e-01
1.13351e+00 2.07230e+00 2.54386e-01
1.13351e+00 2.14949e+00 2.48163e-01
1.13351e+00 2.22703e+00 2.40954e-01
1.13351e+00 2.30483e+00 2.32618e-01
1.13351e+00 2.38282e+00 2.23082e-01
1.13351e+00 2.46093e+00 2.12347e-01
1.13351e+00 2.53907e+00 2.00493e-01
1.13351e+00 2.61718e+00 1.87661e-01
1.13351e+00 2.69517e+00 1.74040e-01
1.13351e+00 2.77297e+00 1.59837e-01
1.13351e+00 2.85051e+00 1.45260e-01
1.13351e+00 2.92770e+00 1.30516e-01
1.13351e+00 3.00447e+00 1.15815e-01
1.13351e+00 3.08076e+00 1.01382e-01
1.13351e+00 3.15647e+00 8.74586e-02
1.13351e+00 3.23154e+00 7.42912e-02
1.13351e+00 3.30590e+00 6.21056e-02
1.13351e+00 3.37947e+00 5.10816e-02
1.13351e+00 3.45218e+00 4.13343e-02
1.13351e+00 3.52396e+00 3.29087e-02
1.13351e+00 3.59474e+00 2.57849e-02
1.13351e+00 3.66445e+00 1.98897e-02
1.13351e+00 3.73303e+00 1.51111e-02
1.13351e+00 3.80040e+00 1.13143e-02
1.13351e+00 3.86649e+00 8.35447e-03
1.13351e+00 3.93125e+00 6.08870e-03
1.13351e+00 3.99462e+00 4.38374e-03
1.13351e+00 4.05652e+00 3.12125e-03
1.13351e+00 4.11690e+00 2.20023e-03
1.13351e+00 4.17571e+00 1.53747e-03
1.13351e+00 4.23287e+00 1.06640e-03
1.13351e+00 4.28835e+00 7.35236e-04
1.13351e+00 4.34207e+00 5.04646e-04
1.13351e+00 4.39400e+00 3.45369e-04
1.13351e+00 4.44407e+00 2.36066e-04
1.13351e+00 4.49224e+00 1.61427e-04
1.13351e+00 4.53847e+00 1.10628e-04
1.13351e+00 4.58271e+00 7.61166e-05
1.13351e+00 4.62491e+00 5.26739e-05
1.13351e+00 4.66504e+00 3.67282e-05
1.13351e+00 4.70305e+00 2.58508e-05
1.13351e+00 4.73890e+00 1.83991e-05
1.13351e+00 4.77257e+00 1.32657e-05
1.13351e+00 4.80402e+00 9.70545e-06
1.13351e+00 4.83322e+00 7.21734e-06
1.13351e+00 4.86014e+00 5.46392e-06
1.13351e+00 4.88475e+00 4.21748e-06
1.13351e+00 4.90703e+00 3.32383e-06
1.13351e+00 4.92696e+00 2.67814e-06
1.13351e+00 4.94452e+00 2.20881e-06
1.13351e+00 4.95969e+00 1.86674e-06
1.13351e+00 4.97246e+00 1.61815e-06
1.13351e+00 4.98281e+00 1.43985e-06
1.13351e+00 4.99074e+00 1.31603e-06
1.13351e+00 4.99623e+00 1.23620e-06
1.13351e+00 4.99928e+00 1.19380e-06
1.19960e+00 7.15683e-04 2.34312e-04
1.19960e+00 3.77012e-03 1.23433e-03
1.19960e+00 9.26216e-03 3.03238e-03
1.19960e+00 1.71877e-02 5.62706e-03
1.19960e+00 2.75390e-02 9.01565e-03
1.19960e+00 4.03061e-02 1.31944e-02
1.19960e+00 5.54766e-02 1.81584e-02
1.19960e+00 7.30356e-02 2.39015e-02
1.19960e+00 9.29659e-02 3.04158e-02
1.19960e+00 1.15248e-01 3.76917e-02
1.19960e+00 1.39860e-01 4.57178e-02
1.19960e+00 1.66779e-01 5.44799e-02
1.19960e+00 1.95977e-01 6.39612e-02
1.19960e+00 2.27426e-01 7.41415e-02
1.19960e+00 2.61096e-01 8.49963e-02
1.19960e+00 2.96953e-01 9.64966e-02
1.19960e+00 3.34963e-01 1.08607e-01
1.19960e+00 3.75089e-01 1.21286e-01
1.19960e+00 4.17290e-01 1.34481e-01
1.19960e+00 4.61527e-01 1.48130e-01
1.19960e+00 5.07755e-01 1.62156e-01
1.19960e+00 5.55930e-01 1.76466e-01
1.19960e+00 6.06005e-01 1.90946e-01
1.19960e+00 6.57930e-01 2.05456e-01
1.19960e+00 7.11655e-01 2.19829e-01
1.19960e+00 7.67127e-01 2.33864e-01
1.19960e+00 8.24292e-01 2.47329e-01
1.19960e+00 8.83095e-01 2.59962e-01
1.19960e+00 9.43478e-01 2.71480e-01
1.19960e+00 1.00538e+00 2.81600e-01
1.19960e+00 1.06875e+00 2.90066e-01
1.19960e+00 1.13351e+00 2.96687e-01
1.19960e+00 1.19960e+00 3.01373e-01
1.19960e+00 1.26697e+00 3.04158e-01
1.19960e+00 1.33555e+00 3.05206e-01
1.19960e+00 1.40526e+00 3.04786e-01
1.19960e+00 1.47604e+00 3.03223e-01
1.19960e+00 1.54782e+00 3.00843e-01
1.19960e+00 1.62053e+00 2.97917e-01
1.19960e+00 1.69410e+00 2.94635e-01
1.19960e+00 1.76846e+00 2.91081e-01
1.19960e+00 1.84353e+00 2.87242e-01
1.19960e+00 1.91924e+00 2.83018e-01
1.19960e+00 1.99553e+00 2.78248e-01
1.19960e+00 2.07230e+00 2.72733e-01
1.19960e+00 2.14949e+00 2.66268e-01
1.19960e+00 2.22703e+00 2.58668e-01
1.19960e+00 2.30483e+00 2.49796e-01
1.19960e+00 2.38282e+00 2.39584e-01
1.19960e+00 2.46093e+00 2.28045e-01
1.19960e+00 2.53907e+00 2.15274e-01
1.19960e+00 2.61718e+00 2.01434e-01
1.19960e+00 2.69517e+00 1.86735e-01
1.19960e+00 2.77297e+00 1.71408e-01
1.19960e+00 2.85051e+00 1.55684e-01
1.19960e+00 2.92770e+00 1.39792e-01
1.19960e+00 3.00447e+00 1.23963e-01
1.19960e+00 3.08076e+00 1.08439e-01
1.19960e+00 3.15647e+00 9.34808e-02
1.19960e+00 3.23154e+00 7.93518e-02
1.19960e+00 3.30590e+00 6.62914e-02
1.19960e+00 3.37947e+00 5.44886e-02
1.19960e+00 3.45218e+00 4.40631e-02
1.19960e+00 3.52396e+00 3.50599e-02
1.19960e+00 3.59474e+00 2.74544e-02
1.19960e+00 3.66445e+00 2.11656e-02
1.19960e+00 3.73303e+00 1.60720e-02
1.19960e+00 3.80040e+00 1.20276e-02
1.19960e+00 3.86649e+00 8.87688e-03
1.19960e+00 3.93125e+00 6.46647e-03
1.19960e+00 3.99462e+00 4.65371e-03
1.19960e+00 4.05652e+00 3.31211e-03
1.19960e+00 4.11690e+00 2.33387e-03
1.19960e+00 4.17571e+00 1.63025e-03
1.19960e+00 4.23287e+00 1.13036e-03
1.19960e+00 4.28835e+00 7.79086e-04
1.19960e+00 4.34207e+00 5.34580e-04
1.19960e+00 4.39400e+00 3.65751e-04
1.19960e+00 4.44407e+00 2.49930e-04
1.19960e+00 4.49224e+00 1.70864e-04
1.19960e+00 4.53847e+00 1.17068e-04
1.19960e+00 4.58271e+00 8.05300e-05
1.19960e+00 4.62491e+00 5.57166e-05
1.19960e+00 4.66504e+00 3.88424e-05
1.19960e+00 4.70305e+00 2.73341e-05
1.19960e+00 4.73890e+00 1.94516e-05
1.19960e+00 4.77257e+00 1.40224e-05
1.19960e+00 4.80402e+00 1.02577e-05
1.19960e+00 4.83322e+00 7.62706e-06
1.19960e+00 4.86014e+00 5.77344e-06
1.19960e+00 4.88475e+00 4.45593e-06
1.19960e+00 4.90703e+00 3.51143e-06
1.19960e+00 4.92696e+00 2.82907e-06
1.19960e+00 4.94452e+00 2.33313e-06
1.19960e+00 4.95969e+00 1.97168e-06
1.19960e+00 4.97246e+00 1.70904e-06
1.19960e+00 4.98281e+00 1.52066e-06
1.19960e+00 4.99074e+00 1.38985e-06
1.19960e+00 4.99623e+00 1.30551e-06
1.19960e+00 4.99928e+00 1.26071e-06
1.26697e+00 7.15683e-04 2.19610e-04
1.26697e+00 3.77012e-03 1.15687e-03
1.26697e+00 9.26216e-03 2.84211e-03
1.26697e+00 1.71877e-02 5.27401e-03
1.26697e+00 2.75390e-02 8.45013e-03
1.26697e+00 4.03061e-02 1.23671e-02
1.26697e+00 5.54766e-02 1.70207e-02
1.26697e+00 7.30356e-02 2.24056e-02
1.26697e+00 9.29659e-02 2.85153e-02
1.26697e+00 1.15248e-01 3.53420e-02
1.26697e+00 1.39860e-01 4.28767e-02
1.26697e+00 1.66779e-01 5.11084e-02
1.26697e+00 1.95977e-01 6.00244e-02
1.26697e+00 2.27426e-01 6.96096e-02
1.26697e+00 2.61096e-01 7.98463e-02
1.26697e+00 2.96953e-01 9.07136e-02
1.26697e+00 3.34963e-01 1.02186e-01
1.26697e+00 3.75089e-01 1.14235e-01
1.26697e+00 4.17290e-01 1.26823e-01
1.26697e+00 4.61527e-01 1.39906e-01
1.26697e+00 5.07755e-01 1.53432e-01
1.26697e+00 5.55930e-01 1.67332e-01
1.26697e+00 6.06005e-01 1.81526e-01
1.26697e+00 6.57930e-01 1.95912e-01
1.26697e+00 7.11655e-01 2.10365e-01
1.26697e+00 7.67127e-01 2.24732e-01
1.26697e+00 8.24292e-01 2.38829e-01
1.26697e+00 8.83095e-01 2.52439e-01
1.26697e+00 9.43478e-01 2.65313e-01
1.26697e+00 1.00538e+00 2.77182e-01
1.26697e+00 1.06875e+00 2.87771e-01
1.26697e+00 1.13351e+00 2.96828e-01
1.26697e+00 1.19960e+00 3.04158e-01
1.26697e+00 1.26697e+00 3.09661e-01
1.26697e+00 1.33555e+00 3.13354e-01
1.26697e+00 1.40526e+00 3.15374e-01
1.26697e+00 1.47604e+00 3.15952e-01
1.26697e+00 1.54782e+00 3.15364e-01
1.26697e+00 1.62053e+00 3.13879e-01
1.26697e+00 1.69410e+00 3.11706e-01
1.26697e+00 1.76846e+00 3.08970e-01
1.26697e+00 1.84353e+00 3.05694e-01
1.26697e+00 1.91924e+00 3.01811e-01
1.26697e+00 1.99553e+00 2.97183e-01
1.26697e+00 2.07230e+00 2.91625e-01
1.26697e+00 2.14949e+00 2.84942e-01
1.26697e+00 2.22703e+00 2.76956e-01
1.26697e+00 2.30483e+00 2.67535e-01
1.26697e+00 2.38282e+00 2.56623e-01
1.26697e+00 2.46093e+00 2.44246e-01
1.26697e+00 2.53907e+00 2.30516e-01
1.26697e+00 2.61718e+00 2.15621e-01
1.26697e+00 2.69517e+00 1.99796e-01
1.26697e+00 2.77297e+00 1.83296e-01
1.26697e+00 2.85051e+00 1.66378e-01
1.26697e+00 2.92770e+00 1.49294e-01
1.26697e+00 3.00447e+00 1.32294e-01
1.26697e+00 3.08076e+00 1.15643e-01
1.26697e+00 3.15647e+00 9.96188e-02
1.26697e+00 3.23154e+00 8.45012e-02
1.26697e+00 3.30590e+00 7.05435e-02
1.26697e+00 3.37947e+00 5.79440e-02
1.26697e+00 3.45218e+00 4.68265e-02
1.26697e+00 3.52396e+00 3.72349e-02
1.26697e+00 3.59474e+00 2.91398e-02
1.26697e+00 3.66445e+00 2.24518e-02
1.26697e+00 3.73303e+00 1.70391e-02
1.26697e+00 3.80040e+00 1.27446e-02
1.26697e+00 3.86649e+00 9.40130e-03
1.26697e+00 3.93125e+00 6.84520e-03
1.26697e+00 3.99462e+00 4.92403e-03
1.26697e+00 4.05652e+00 3.50299e-03
1.26697e+00 4.11690e+00 2.46737e-03
1.26697e+00 4.17571e+00 1.72284e-03
1.26697e+00 4.23287e+00 1.19413e-03
1.26697e+00 4.28835e+00 8.22756e-04
1.26697e+00 4.34207e+00 5.64363e-04
1.26697e+00 4.39400e+00 3.86012e-04
1.26697e+00 4.44407e+00 2.63700e-04
1.26697e+00 4.49224e+00 1.80230e-04
1.26697e+00 4.53847e+00 1.23455e-04
1.26697e+00 4.58271e+00 8.49037e-05
1.26697e+00 4.62491e+00 5.87300e-05
1.26697e+00 4.66504e+00 4.09350e-05
1.26697e+00 4.70305e+00 2.88013e-05
1.26697e+00 4.73890e+00 2.04922e-05
1.26697e+00 4.77257e+00 1.47702e-05
1.26697e+00 4.80402e+00 1.08032e-05
1.26697e+00 4.83322e+00 8.03156e-06
1.26697e+00 4.86014e+00 6.07890e-06
1.26697e+00 4.88475e+00 4.69118e-06
1.26697e+00 4.90703e+00 3.69646e-06
1.26697e+00 4.92696e+00 2.97788e-06
1.26697e+00 4.94452e+00 2.45567e-06
1.26697e+00 4.95969e+00 2.07511e-06
1.26697e+00 4.97246e+00 1.79859e-06
1.26697e+00 4.98281e+00 1.60027e-06
1.26697e+00 4.99074e+00 1.46256e-06
1.26697e+00 4.99623e+00 1.37378e-06
1.26697e+00 4.99928e+00 1.32662e-06
1.33555e+00 7.15683e-04 2.06593e-04
1.33555e+00 3.77012e-03 1.08830e-03
1.33555e+00 9.26216e-03 2.67366e-03
1.33555e+00 1.71877e-02 4.96145e-03
1.33555e+00 2.75390e-02 7.94945e-03
1.33555e+00 4.03061e-02 1.16346e-02
1.33555e+00 5.54766e-02 1.60133e-02
1.33555e+00 7.30356e-02 2.10808e-02
1.33555e+00 9.29659e-02 2.68317e-02
1.33555e+00 1.15248e-01 3.32599e-02
1.33555e+00 1.39860e-01 4.03579e-02
1.33555e+00 1.66779e-01 4.81175e-02
1.33555e+00 1.95977e-01 5.65292e-02
1.33555e+00 2.27426e-01 6.55819e-02
1.33555e+00 2.61096e-01 7.52632e-02
1.33555e+00 2.96953e-01 8.55585e-02
1.33555e+00 3.34963e-01 9.64507e-02
1.33555e+00 3.75089e-01 1.07920e-01
1.33555e+00 4.17290e-01 1.19941e-01
1.33555e+00 4.61527e-01 1.32485e-01
1.33555e+00 5.07755e-01 1.45516e-01
1.33555e+00 5.55930e-01 1.58989e-01
1.33555e+00 6.06005e-01 1.72848e-01
1.33555e+00 6.57930e-01 1.87021e-01
1.33555e+00 7.11655e-01 2.01420e-01
1.33555e+00 7.67127e-01 2.15934e-01
1.33555e+00 8.24292e-01 2.30423e-01
1.33555e+00 8.83095e-01 2.44717e-01
1.33555e+00 9.43478e-01 2.58613e-01
1.33555e+00 1.00538e+00 2.71874e-01
1.33555e+00 1.06875e+00 2.84237e-01
1.33555e+00 1.13351e+00 2.95433e-01
1.33555e+00 1.19960e+00 3.05206e-01
1.33555e+00 1.26697e+00 3.13354e-01
1.33555e+00 1.33555e+00 3.19759e-01
1.33555e+00 1.40526e+00 3.24410e-01
1.33555e+00 1.47604e+00 3.27406e-01
1.33555e+00 1.54782e+00 3.28932e-01
1.33555e+00 1.62053e+00 3.29206e-01
1.33555e+00 1.69410e+00 3.28434e-01
1.33555e+00 1.76846e+00 3.26758e-01
1.33555e+00 1.84353e+00 3.24236e-01
1.33555e+00 1.91924e+00 3.20835e-01
1.33555e+00 1.99553e+00 3.16447e-01
1.33555e+00 2.07230e+00 3.10910e-01
1.33555e+00 2.14949e+00 3.04044e-01
1.33555e+00 2.22703e+00 2.95683e-01
1.33555e+00 2.30483e+00 2.85708e-01
1.33555e+00 2.38282e+00 2.74075e-01
1.33555e+00 2.46093e+00 2.60829e-01
1.33555e+00 2.53907e+00 2.46104e-01
1.33555e+00 2.61718e+00 2.30113e-01
1.33555e+00 2.69517e+00 2.13119e-01
1.33555e+00 2.77297e+00 1.95404e-01
1.33555e+00 2.85051e+00 1.77253e-01
1.33555e+00 2.92770e+00 1.58939e-01
1.33555e+00 3.00447e+00 1.40737e-01
1.33555e+00 3.08076e+00 1.22930e-01
1.33555e+00 3.15647e+00 1.05816e-01
1.33555e+00 3.23154e+00 8.96913e-02
1.33555e+00 3.30590e+00 7.48216e-02
1.33555e+00 3.37947e+00 6.14144e-02
1.33555e+00 3.45218e+00 4.95970e-02
1.33555e+00 3.52396e+00 3.94119e-02
1.33555e+00 3.59474e+00 3.08239e-02
1.33555e+00 3.66445e+00 2.37350e-02
1.33555e+00 3.73303e+00 1.80025e-02
1.33555e+00 3.80040e+00 1.34577e-02
1.33555e+00 3.86649e+00 9.92211e-03
1.33555e+00 3.93125e+00 7.22080e-03
1.33555e+00 3.99462e+00 5.19175e-03
1.33555e+00 4.05652e+00 3.69179e-03
1.33555e+00 4.11690e+00 2.59925e-03
1.33555e+00 4.17571e+00 1.81420e-03
1.33555e+00 4.23287e+00 1.25697e-03
1.33555e+00 4.28835e+00 8.65745e-04
1.33555e+00 4.34207e+00 5.93652e-04
1.33555e+00 4.39400e+00 4.05916e-04
1.33555e+00 4.44407e+00 2.77216e-04
1.33555e+00 4.49224e+00 1.89415e-04
1.33555e+00 4.53847e+00 1.29713e-04
1.33555e+00 4.58271e+00 8.91855e-05
1.33555e+00 4.62491e+00 6.16778e-05
1.33555e+00 4.66504e+00 4.29805e-05
1.33555e+00 4.70305e+00 3.02346e-05
1.33555e+00 4.73890e+00 2.15081e-05
1.33555e+00 4.77257e+00 1.54999e-05
1.33555e+00 4.80402e+00 1.13351e-05
1.33555e+00 4.83322e+00 8.42587e-06
1.33555e+00 4.86014e+00 6.37653e-06
1.33555e+00 4.88475e+00 4.92030e-06
1.33555e+00 4.90703e+00 3.87660e-06
1.33555e+00 4.92696e+00 3.12272e-06
1.33555e+00 4.94452e+00 2.57490e-06
1.33555e+00 4.95969e+00 2.17572e-06
1.33555e+00 4.97246e+00 1.88568e-06
1.33555e+00 4.98281e+00 1.67769e-06
1.33555e+00 4.99074e+00 1.53326e-06
1.33555e+00 4.99623e+00 1.44015e-06
1.33555e+00 4.99928e+00 1.39070e-06
1.40526e+00 7.15683e-04 1.95132e-04
1.40526e+00 3.77012e-03 1.02793e-03
1.40526e+00 9.26216e-03 2.52535e-03
1.40526e+00 1.71877e-02 4.68626e-03
1.40526e+00 2.75390e-02 7.50861e-03
1.40526e+00 4.03061e-02 1.09897e-02
1.40526e+00 5.54766e-02 1.51261e-02
1.40526e+00 7.30356e-02 1.99140e-02
1.40526e+00 9.29659e-02 2.53488e-02
1.40526e+00 1.15248e-01 3.14254e-02
1.40526e+00 1.39860e-01 3.81380e-02
1.40526e+00 1.66779e-01 4.54804e-02
1.40526e+00 1.95977e-01 5.34457e-02
1.40526e+00 2.27426e-01 6.20261e-02
1.40526e+00 2.61096e-01 7.12132e-02
1.40526e+00 2.96953e-01 8.09975e-02
1.40526e+00 3.34963e-01 9.13681e-02
1.40526e+00 3.75089e-01 1.02313e-01
1.40526e+00 4.17290e-01 1.13816e-01
1.40526e+00 4.61527e-01 1.25860e-01
1.40526e+00 5.07755e-01 1.38422e-01
1.40526e+00 5.55930e-01 1.51474e-01
1.40526e+00 6.06005e-01 1.64980e-01
1.40526e+00 6.57930e-01 1.78894e-01
1.40526e+00 7.11655e-01 1.93156e-01
1.40526e+00 7.67127e-01 2.07688e-01
1.40526e+00 8.24292e-01 2.22391e-01
1.40526e+00 8.83095e-01 2.37137e-01
1.40526e+00 9.43478e-01 2.51769e-01
1.40526e+00 1.00538e+00 2.66091e-01
1.40526e+00 1.06875e+00 2.79877e-01
1.40526e+00 1.13351e+00 2.92866e-01
1.40526e+00 1.19960e+00 3.04786e-01
1.40526e+00 1.26697e+00 3.15374e-01
1.40526e+00 1.33555e+00 3.24410e-01
1.40526e+00 1.40526e+00 3.31747e-01
1.40526e+00 1.47604e+00 3.37339e-01
1.40526e+00 1.54782e+00 3.41238e-01
1.40526e+00 1.62053e+00 3.43572e-01
1.40526e+00 1.69410e+00 3.44495e-01
1.40526e+00 1.76846e+00 3.44144e-01
1.40526e+00 1.84353e+00 3.42593e-01
1.40526e+00 1.91924e+00 3.39843e-01
1.40526e+00 1.99553e+00 3.35817e-01
1.40526e+00 2.07230e+00 3.30381e-01
1.40526e+00 2.14949e+00 3.23379e-01
1.40526e+00 2.22703e+00 3.14664e-01
1.40526e+00 2.30483e+00 3.04137e-01
1.40526e+00 2.38282e+00 2.91771e-01
1.40526e+00 2.46093e+00 2.77633e-01
1.40526e+00 2.53907e+00 2.61884e-01
1.40526e+00 2.61718e+00 2.44765e-01
1.40526e+00 2.69517e+00 2.26568e-01
1.40526e+00 2.77297e+00 2.07607e-01
1.40526e+00 2.85051e+00 1.88192e-01
1.40526e+00 2.92770e+00 1.68624e-01
1.40526e+00 3.00447e+00 1.49198e-01
1.40526e+00 3.08076e+00 1.30219e-01
1.40526e+00 3.15647e+00 1.12003e-01
1.40526e+00 3.23154e+00 9.48622e-02
1.40526e+00 3.30590e+00 7.90757e-02
1.40526e+00 3.37947e+00 6.48587e-02
1.40526e+00 3.45218e+00 5.23414e-02
1.40526e+00 3.52396e+00 4.15643e-02
1.40526e+00 3.59474e+00 3.24860e-02
1.40526e+00 3.66445e+00 2.49991e-02
1.40526e+00 3.73303e+00 1.89499e-02
1.40526e+00 3.80040e+00 1.41578e-02
1.40526e+00 3.86649e+00 1.04326e-02
1.40526e+00 3.93125e+00 7.58836e-03
1.40526e+00 3.99462e+00 5.45334e-03
1.40526e+00 4.05652e+00 3.87599e-03
1.40526e+00 4.11690e+00 2.72773e-03
1.40526e+00 4.17571e+00 1.90308e-03
1.40526e+00 4.23287e+00 1.31803e-03
1.40526e+00 4.28835e+00 9.07463e-04
1.40526e+00 4.34207e+00 6.22040e-04
1.40526e+00 4.39400e+00 4.25187e-04
1.40526e+00 4.44407e+00 2.90286e-04
1.40526e+00 4.49224e+00 1.98288e-04
1.40526e+00 4.53847e+00 1.35752e-04
1.40526e+00 4.58271e+00 9.33144e-05
1.40526e+00 4.62491e+00 6.45180e-05
1.40526e+00 4.66504e+00 4.49498e-05
1.40526e+00 4.70305e+00 3.16134e-05
1.40526e+00 4.73890e+00 2.24847e-05
1.40526e+00 4.77257e+00 1.62009e-05
1.40526e+00 4.80402e+00 1.18458e-05
1.40526e+00 4.83322e+00 8.80421e-06
1.40526e+00 4.86014e+00 6.66197e-06
1.40526e+00 4.88475e+00 5.13993e-06
1.40526e+00 4.90703e+00 4.04921e-06
1.40526e+00 4.92696e+00 3.26146e-06
1.40526e+00 4.94452e+00 2.68908e-06
1.40526e+00 4.95969e+00 2.27203e-06
1.40526e+00 4.97246e+00 1.96904e-06
1.40526e+00 4.98281e+00 1.75177e-06
1.40526e+00 4.99074e+00 1.60091e-06
1.40526e+00 4.99623e+00 1.50365e-06
1.40526e+00 4.99928e+00 1.45200e-06
1.47604e+00 7.15683e-04 1.85085e-04
1.47604e+00 3.77012e-03 9.75004e-04
1.47604e+00 9.26216e-03 2.39532e-03
1.47604e+00 1.71877e-02 4.44499e-03
1.47604e+00 2.75390e-02 7.12211e-03
1.47604e+00 4.03061e-02 1.04242e-02
1.47604e+00 5.54766e-02 1.43483e-02
1.47604e+00 7.30356e-02 1.88910e-02
1.47604e+00 9.29659e-02 2.40484e-02
1.47604e+00 1.15248e-01 2.98164e-02
1.47604e+00 1.39860e-01 3.61906e-02
1.47604e+00 1.66779e-01 4.31663e-02
1.47604e+00 1.95977e-01 5.07388e-02
1.47604e+00 2.27426e-01 5.89030e-02
1.47604e+00 2.61096e-01 6.76537e-02
1.47604e+00 2.96953e-01 7.69856e-02
1.47604e+00 3.34963e-01 8.68927e-02
1.47604e+00 3.75089e-01 9.73686e-02
1.47604e+00 4.17290e-01 1.08406e-01
1.47604e+00 4.61527e-01 1.19995e-01
1.47604e+00 5.07755e-01 1.32124e-01
1.47604e+00 5.55930e-01 1.44779e-01
1.47604e+00 6.06005e-01 1.57939e-01
1.47604e+00 6.57930e-01 1.71576e-01
1.47604e+00 7.11655e-01 1.85654e-01
1.47604e+00 7.67127e-01 2.00123e-01
1.47604e+00 8.24292e-01 2.14914e-01
1.47604e+00 8.83095e-01 2.29939e-01
1.47604e+00 9.43478e-01 2.45079e-01
1.47604e+00 1.00538e+00 2.60185e-01
1.47604e+00 1.06875e+00 2.75068e-01
1.47604e+00 1.13351e+00 2.89501e-01
1.47604e+00 1.19960e+00 3.03223e-01
1.47604e+00 1.26697e+00 3.15952e-01
1.47604e+00 1.33555e+00 3.27406e-01
1.47604e+00 1.40526e+00 3.37339e-01
1.47604e+00 1.47604e+00 3.45568e-01
1.47604e+00 1.54782e+00 3.51999e-01
1.47604e+00 1.62053e+00 3.56630e-01
1.47604e+00 1.69410e+00 3.59524e-01
1.47604e+00 1.76846e+00 3.60766e-01
1.47604e+00 1.84353e+00 3.60426e-01
1.47604e+00 1.91924e+00 3.58520e-01
1.47604e+00 1.99553e+00 3.55000e-01
1.47604e+00 2.07230e+00 3.49767e-01
1.47604e+00 2.14949e+00 3.42694e-01
1.47604e+00 2.22703e+00 3.33661e-01
1.47604e+00 2.30483e+00 3.22595e-01
1.47604e+00 2.38282e+00 3.09494e-01
1.47604e+00 2.46093e+00 2.94453e-01
1.47604e+00 2.53907e+00 2.77663e-01
1.47604e+00 2.61718e+00 2.59395e-01
1.47604e+00 2.69517e+00 2.39974e-01
1.47604e+00 2.77297e+00 2.19748e-01
1.47604e+00 2.85051e+00 1.99055e-01
1.47604e+00 2.92770e+00 1.78221e-01
1.47604e+00 3.00447e+00 1.57564e-01
1.47604e+00 3.08076e+00 1.37411e-01
1.47604e+00 3.15647e+00 1.18094e-01
1.47604e+00 3.23154e+00 9.99417e-02
1.47604e+00 3.30590e+00 8.32455e-02
1.47604e+00 3.37947e+00 6.82274e-02
1.47604e+00 3.45218e+00 5.50199e-02
1.47604e+00 3.52396e+00 4.36607e-02
1.47604e+00 3.59474e+00 3.41014e-02
1.47604e+00 3.66445e+00 2.62252e-02
1.47604e+00 3.73303e+00 1.98670e-02
1.47604e+00 3.80040e+00 1.48342e-02
1.47604e+00 3.86649e+00 1.09249e-02
1.47604e+00 3.93125e+00 7.94216e-03
1.47604e+00 3.99462e+00 5.70468e-03
1.47604e+00 4.05652e+00 4.05267e-03
1.47604e+00 4.11690e+00 2.85077e-03
1.47604e+00 4.17571e+00 1.98806e-03
1.47604e+00 4.23287e+00 1.37632e-03
1.47604e+00 4.28835e+00 9.47231e-04
1.47604e+00 4.34207e+00 6.49063e-04
1.47604e+00 4.39400e+00 4.43506e-04
1.47604e+00 4.44407e+00 3.02696e-04
1.47604e+00 4.49224e+00 2.06703e-04
1.47604e+00 4.53847e+00 1.41473e-04
1.47604e+00 4.58271e+00 9.72211e-05
1.47604e+00 4.62491e+00 6.72025e-05
1.47604e+00 4.66504e+00 4.68094e-05
1.47604e+00 4.70305e+00 3.29143e-05
1.47604e+00 4.73890e+00 2.34053e-05
1.47604e+00 4.77257e+00 1.68611e-05
1.47604e+00 4.80402e+00 1.23265e-05
1.47604e+00 4.83322e+00 9.16008e-06
1.47604e+00 4.86014e+00 6.93029e-06
1.47604e+00 4.88475e+00 5.34628e-06
1.47604e+00 4.90703e+00 4.21130e-06
1.47604e+00 4.92696e+00 3.39167e-06
1.47604e+00 4.94452e+00 2.79620e-06
1.47604e+00 4.95969e+00 2.36236e-06
1.47604e+00 4.97246e+00 2.04720e-06
1.47604e+00 4.98281e+00 1.82121e-06
1.47604e+00 4.99074e+00 1.66431e-06
1.47604e+00 4.99623e+00 1.56316e-06
1.47604e+00 4.99928e+00 1.50944e-06
1.54782e+00 7.15683e-04 1.76300e-04
1.54782e+00 3.77012e-03 9.28726e-04
1.54782e+00 9.26216e-03 2.28163e-03
1.54782e+00 1.71877e-02 4.23404e-03
1.54782e+00 2.75390e-02 6.78417e-03
1.54782e+00 4.03061e-02 9.92976e-03
1.54782e+00 5.54766e-02 1.36681e-02
1.54782e+00 7.30356e-02 1.79963e-02
1.54782e+00 9.29659e-02 2.29111e-02
1.54782e+00 1.15248e-01 2.84091e-02
1.54782e+00 1.39860e-01 3.44871e-02
1.54782e+00 1.66779e-01 4.11417e-02
1.54782e+00 1.95977e-01 4.83699e-02
1.54782e+00 2.27426e-01 5.61690e-02
1.54782e+00 2.61096e-01 6.45364e-02
1.54782e+00 2.96953e-01 7.34702e-02
1.54782e+00 3.34963e-01 8.29684e-02
1.54782e+00 3.75089e-01 9.30296e-02
1.54782e+00 4.17290e-01 1.03652e-01
1.54782e+00 4.61527e-01 1.14834e-01
1.54782e+00 5.07755e-01 1.26571e-01
1.54782e+00 5.55930e-01 1.38860e-01
1.54782e+00 6.06005e-01 1.51693e-01
1.54782e+00 6.57930e-01 1.65056e-01
1.54782e+00 7.11655e-01 1.78931e-01
1.54782e+00 7.67127e-01 1.93288e-01
1.54782e+00 8.24292e-01 2.08087e-01
1.54782e+00 8.83095e-01 2.23266e-01
1.54782e+00 9.43478e-01 2.38745e-01
1.54782e+00 1.00538e+00 2.54409e-01
1.54782e+00 1.06875e+00 2.70114e-01
1.54782e+00 1.13351e+00 2.85668e-01
1.54782e+00 1.19960e+00 3.00843e-01
1.54782e+00 1.26697e+00 3.15364e-01
1.54782e+00 1.33555e+00 3.28932e-01
1.54782e+00 1.40526e+00 3.41238e-01
1.54782e+00 1.47604e+00 3.51999e-01
1.54782e+00 1.54782e+00 3.60987e-01
1.54782e+00 1.62053e+00 3.68052e-01
1.54782e+00 1.69410e+00 3.73128e-01
1.54782e+00 1.76846e+00 3.76212e-01
1.54782e+00 1.84353e+00 3.77325e-01
1.54782e+00 1.91924e+00 3.76473e-01
1.54782e+00 1.99553e+00 3.73629e-01
1.54782e+00 2.07230e+00 3.68724e-01
1.54782e+00 2.14949e+00 3.61667e-01
1.54782e+00 2.22703e+00 3.52372e-01
1.54782e+00 2.30483e+00 3.40797e-01
1.54782e+00 2.38282e+00 3.26976e-01
1.54782e+00 2.46093e+00 3.11036e-01
1.54782e+00 2.53907e+00 2.93200e-01
1.54782e+00 2.61718e+00 2.73779e-01
1.54782e+00 2.69517e+00 2.53131e-01
1.54782e+00 2.77297e+00 2.31638e-01
1.54782e+00 2.85051e+00 2.09669e-01
1.54782e+00 2.92770e+00 1.87576e-01
1.54782e+00 3.00447e+00 1.65700e-01
1.54782e+00 3.08076e+00 1.44387e-01
1.54782e+00 3.15647e+00 1.23988e-01
1.54782e+00 3.23154e+00 1.04845e-01
1.54782e+00 3.30590e+00 8.72604e-02
1.54782e+00 3.37947e+00 7.14630e-02
1.54782e+00 3.45218e+00 5.75863e-02
1.54782e+00 3.52396e+00 4.56643e-02
1.54782e+00 3.59474e+00 3.56417e-02
1.54782e+00 3.66445e+00 2.73915e-02
1.54782e+00 3.73303e+00 2.07373e-02
1.54782e+00 3.80040e+00 1.54746e-02
1.54782e+00 3.86649e+00 1.13899e-02
1.54782e+00 3.93125e+00 8.27568e-03
1.54782e+00 3.99462e+00 5.94113e-03
1.54782e+00 4.05652e+00 4.21854e-03
1.54782e+00 4.11690e+00 2.96604e-03
1.54782e+00 4.17571e+00 2.06752e-03
1.54782e+00 4.23287e+00 1.43073e-03
1.54782e+00 4.28835e+00 9.84285e-04
1.54782e+00 4.34207e+00 6.74200e-04
1.54782e+00 4.39400e+00 4.60519e-04
1.54782e+00 4.44407e+00 3.14203e-04
1.54782e+00 4.49224e+00 2.14493e-04
1.54782e+00 4.53847e+00 1.46762e-04
1.54782e+00 4.58271e+00 1.00828e-04
1.54782e+00 4.62491e+00 6.96780e-05
1.54782e+00 4.66504e+00 4.85221e-05
1.54782e+00 4.70305e+00 3.41111e-05
1.54782e+00 4.73890e+00 2.42514e-05
1.54782e+00 4.77257e+00 1.74673e-05
1.54782e+00 4.80402e+00 1.27675e-05
1.54782e+00 4.83322e+00 9.48626e-06
1.54782e+00 4.86014e+00 7.17603e-06
1.54782e+00 4.88475e+00 5.53513e-06
1.54782e+00 4.90703e+00 4.35955e-06
1.54782e+00 4.92696e+00 3.51071e-06
1.54782e+00 4.94452e+00 2.89408e-06
1.54782e+00 4.95969e+00 2.44487e-06
1.54782e+00 4.97246e+00 2.11856e-06
1.54782e+00 4.98281e+00 1.88460e-06
1.54782e+00 4.99074e+00 1.72216e-06
1.54782e+00 4.99623e+00 1.61745e-06
1.54782e+00 4.99928e+00 1.56185e-06
1.62053e+00 7.15683e-04 1.68622e-04
1.62053e+00 3.77012e-03 8.88278e-04
1.62053e+00 9.26216e-03 2.18227e-03
1.62053e+00 1.71877e-02 4.04966e-03
1.62053e+00 2.75390e-02 6.48880e-03
1.62053e+00 4.03061e-02 9.49761e-03
1.62053e+00 5.54766e-02 1.30737e-02
1.62053e+00 7.30356e-02 1.72144e-02
1.62053e+00 9.29659e-02 2.19170e-02
1.62053e+00 1.15248e-01 2.71790e-02
1.62053e+00 1.39860e-01 3.29979e-02
1.62053e+00 1.66779e-01 3.93715e-02
1.62053e+00 1.95977e-01 4.62985e-02
1.62053e+00 2.27426e-01 5.37778e-02
1.62053e+00 2.61096e-01 6.18092e-02
1.62053e+00 2.96953e-01 7.03936e-02
1.62053e+00 3.34963e-01 7.95324e-02
1.62053e+00 3.75089e-01 8.92282e-02
1.62053e+00 4.17290e-01 9.94840e-02
1.62053e+00 4.61527e-01 1.10304e-01
1.62053e+00 5.07755e-01 1.21691e-01
1.62053e+00 5.55930e-01 1.33649e-01
1.62053e+00 6.06005e-01 1.46179e-01
1.62053e+00 6.57930e-01 1.59281e-01
1.62053e+00 7.11655e-01 1.72949e-01
1.62053e+00 7.67127e-01 1.87171e-01
1.62053e+00 8.24292e-01 2.01925e-01
1.62053e+00 8.83095e-01 2.17174e-01
1.62053e+00 9.43478e-01 2.32864e-01
1.62053e+00 1.00538e+00 2.48915e-01
1.62053e+00 1.06875e+00 2.65216e-01
1.62053e+00 1.13351e+00 2.81615e-01
1.62053e+00 1.19960e+00 2.97917e-01
1.62053e+00 1.26697e+00 3.13879e-01
1.62053e+00 1.33555e+00 3.29206e-01
1.62053e+00 1.40526e+00 3.43572e-01
1.62053e+00 1.47604e+00 3.56630e-01
1.62053e+00 1.54782e+00 3.68052e-01
1.62053e+00 1.62053e+00 3.77553e-01
1.62053e+00 1.69410e+00 3.84926e-01
1.62053e+00 1.76846e+00 3.90038e-01
1.62053e+00 1.84353e+00 3.92821e-01
1.62053e+00 1.91924e+00 3.93240e-01
1.62053e+00 1.99553e+00 3.91261e-01
1.62053e+00 2.07230e+00 3.86834e-01
1.62053e+00 2.14949e+00 3.79904e-01
1.62053e+00 2.22703e+00 3.70425e-01
1.62053e+00 2.30483e+00 3.58396e-01
1.62053e+00 2.38282e+00 3.43890e-01
1.62053e+00 2.46093e+00 3.27073e-01
1.62053e+00 2.53907e+00 3.08211e-01
1.62053e+00 2.61718e+00 2.87652e-01
1.62053e+00 2.69517e+00 2.65795e-01
1.62053e+00 2.77297e+00 2.43056e-01
1.62053e+00 2.85051e+00 2.19835e-01
1.62053e+00 2.92770e+00 1.96512e-01
1.62053e+00 3.00447e+00 1.73450e-01
1.62053e+00 3.08076e+00 1.51013e-01
1.62053e+00 3.15647e+00 1.29569e-01
1.62053e+00 3.23154e+00 1.09474e-01
1.62053e+00 3.30590e+00 9.10399e-02
1.62053e+00 3.37947e+00 7.44999e-02
1.62053e+00 3.45218e+00 5.99878e-02
1.62053e+00 3.52396e+00 4.75338e-02
1.62053e+00 3.59474e+00 3.70746e-02
1.62053e+00 3.66445e+00 2.84734e-02
1.62053e+00 3.73303e+00 2.15424e-02
1.62053e+00 3.80040e+00 1.60654e-02
1.62053e+00 3.86649e+00 1.18177e-02
1.62053e+00 3.93125e+00 8.58167e-03
1.62053e+00 3.99462e+00 6.15748e-03
1.62053e+00 4.05652e+00 4.36993e-03
1.62053e+00 4.11690e+00 3.07099e-03
1.62053e+00 4.17571e+00 2.13970e-03
1.62053e+00 4.23287e+00 1.48004e-03
1.62053e+00 4.28835e+00 1.01779e-03
1.62053e+00 4.34207e+00 6.96877e-04
1.62053e+00 4.39400e+00 4.75835e-04
1.62053e+00 4.44407e+00 3.24541e-04
1.62053e+00 4.49224e+00 2.21480e-04
1.62053e+00 4.53847e+00 1.51497e-04
1.62053e+00 4.58271e+00 1.04051e-04
1.62053e+00 4.62491e+00 7.18864e-05
1.62053e+00 4.66504e+00 5.00477e-05
1.62053e+00 4.70305e+00 3.51755e-05
1.62053e+00 4.73890e+00 2.50028e-05
1.62053e+00 4.77257e+00 1.80050e-05
1.62053e+00 4.80402e+00 1.31582e-05
1.62053e+00 4.83322e+00 9.77493e-06
1.62053e+00 4.86014e+00 7.39330e-06
1.62053e+00 4.88475e+00 5.70195e-06
1.62053e+00 4.90703e+00 4.49040e-06
1.62053e+00 4.92696e+00 3.61570e-06
1.62053e+00 4.94452e+00 2.98035e-06
1.62053e+00 4.95969e+00 2.51754e-06
1.62053e+00 4.97246e+00 2.18139e-06
1.62053e+00 4.98281e+00 1.94038e-06
1.62053e+00 4.99074e+00 1.77307e-06
1.62053e+00 4.99623e+00 1.66522e-06
1.62053e+00 4.99928e+00 1.60794e-06
1.69410e+00 7.15683e-04 1.61891e-04
1.69410e+00 3.77012e-03 8.52823e-04
1.69410e+00 9.26216e-03 2.09517e-03
1.69410e+00 1.71877e-02 3.88804e-03
1.69410e+00 2.75390e-02 6.22989e-03
1.69410e+00 4.03061e-02 9.11879e-03
1.69410e+00 5.54766e-02 1.25526e-02
1.69410e+00 7.30356e-02 1.65289e-02
1.69410e+00 9.29659e-02 2.10456e-02
1.69410e+00 1.15248e-01 2.61006e-02
1.69410e+00 1.39860e-01 3.16922e-02
1.69410e+00 1.66779e-01 3.78195e-02
1.69410e+00 1.95977e-01 4.44821e-02
1.69410e+00 2.27426e-01 5.16807e-02
1.69410e+00 2.61096e-01 5.94170e-02
1.69410e+00 2.96953e-01 6.76942e-02
1.69410e+00 3.34963e-01 7.65166e-02
1.69410e+00 3.75089e-01 8.58901e-02
1.69410e+00 4.17290e-01 9.58217e-02
1.69410e+00 4.61527e-01 1.06320e-01
1.69410e+00 5.07755e-01 1.17394e-01
1.69410e+00 5.55930e-01 1.29054e-01
1.69410e+00 6.06005e-01 1.41308e-01
1.69410e+00 6.57930e-01 1.54166e-01
1.69410e+00 7.11655e-01 1.67632e-01
1.69410e+00 7.67127e-01 1.81707e-01
1.69410e+00 8.24292e-01 1.96383e-01
1.69410e+00 8.83095e-01 2.11642e-01
1.69410e+00 9.43478e-01 2.27451e-01
1.69410e+00 1.00538e+00 2.43756e-01
1.69410e+00 1.06875e+00 2.60473e-01
1.69410e+00 1.13351e+00 2.77487e-01
1.69410e+00 1.19960e+00 2.94635e-01
1.69410e+00 1.26697e+00 3.11706e-01
1.69410e+00 1.33555e+00 3.28434e-01
1.69410e+00 1.40526e+00 3.44495e-01
1.69410e+00 1.47604e+00 3.59524e-01
1.69410e+00 1.54782e+00 3.73128e-01
1.69410e+00 1.62053e+00 3.84926e-01
1.69410e+00 1.69410e+00 3.94574e-01
1.69410e+00 1.76846e+00 4.01801e-01
1.69410e+00 1.84353e+00 4.06417e-01
1.69410e+00 1.91924e+00 4.08301e-01
1.69410e+00 1.99553e+00 4.07378e-01
1.69410e+00 2.07230e+00 4.03601e-01
1.69410e+00 2.14949e+00 3.96937e-01
1.69410e+00 2.22703e+00 3.87381e-01
1.69410e+00 2.30483e+00 3.74979e-01
1.69410e+00 2.38282e+00 3.59849e-01
1.69410e+00 2.46093e+00 3.42207e-01
1.69410e+00 2.53907e+00 3.22363e-01
1.69410e+00 2.61718e+00 3.00709e-01
1.69410e+00 2.69517e+00 2.77687e-01
1.69410e+00 2.77297e+00 2.53748e-01
1.69410e+00 2.85051e+00 2.29326e-01
1.69410e+00 2.92770e+00 2.04827e-01
1.69410e+00 3.00447e+00 1.80636e-01
1.69410e+00 3.08076e+00 1.57135e-01
1.69410e+00 3.15647e+00 1.34708e-01
1.69410e+00 3.23154e+00 1.13721e-01
1.69410e+00 3.30590e+00 9.44945e-02
1.69410e+00 3.37947e+00 7.72654e-02
1.69410e+00 3.45218e+00 6.21667e-02
1.69410e+00 3.52396e+00 4.92236e-02
1.69410e+00 3.59474e+00 3.83650e-02
1.69410e+00 3.66445e+00 2.94441e-02
1.69410e+00 3.73303e+00 2.22620e-02
1.69410e+00 3.80040e+00 1.65916e-02
1.69410e+00 3.86649e+00 1.21974e-02
1.69410e+00 3.93125e+00 8.85225e-03
1.69410e+00 3.99462e+00 6.34814e-03
1.69410e+00 4.05652e+00 4.50289e-03
1.69410e+00 4.11690e+00 3.16286e-03
1.69410e+00 4.17571e+00 2.20267e-03
1.69410e+00 4.23287e+00 1.52292e-03
1.69410e+00 4.28835e+00 1.04683e-03
1.69410e+00 4.34207e+00 7.16480e-04
1.69410e+00 4.39400e+00 4.89037e-04
1.69410e+00 4.44407e+00 3.33429e-04
1.69410e+00 4.49224e+00 2.27469e-04
1.69410e+00 4.53847e+00 1.55545e-04
1.69410e+00 4.58271e+00 1.06801e-04
1.69410e+00 4.62491e+00 7.37661e-05
1.69410e+00 4.66504e+00 5.13433e-05
1.69410e+00 4.70305e+00 3.60776e-05
1.69410e+00 4.73890e+00 2.56385e-05
1.69410e+00 4.77257e+00 1.84590e-05
1.69410e+00 4.80402e+00 1.34875e-05
1.69410e+00 4.83322e+00 1.00179e-05
1.69410e+00 4.86014e+00 7.57588e-06
1.69410e+00 4.88475e+00 5.84195e-06
1.69410e+00 4.90703e+00 4.60008e-06
1.69410e+00 4.92696e+00 3.70361e-06
1.69410e+00 4.94452e+00 3.05252e-06
1.69410e+00 4.95969e+00 2.57829e-06
1.69410e+00 4.97246e+00 2.23388e-06
1.69410e+00 4.98281e+00 1.98696e-06
1.69410e+00 4.99074e+00 1.81555e-06
1.69410e+00 4.99623e+00 1.70507e-06
1.69410e+00 4.99928e+00 1.64640e-06
1.76846e+00 7.15683e-04 1.55946e-04
1.76846e+00 3.77012e-03 8.21505e-04
1.76846e+00 9.26216e-03 2.01823e-03
1.76846e+00 1.71877e-02 3.74528e-03
1.76846e+00 2.75390e-02 6.00119e-03
1.76846e+00 4.03061e-02 8.78416e-03
1.76846e+00 5.54766e-02 1.20922e-02
1.76846e+00 7.30356e-02 1.59234e-02
1.76846e+00 9.29659e-02 2.02757e-02
1.76846e+00 1.15248e-01 2.51478e-02
1.76846e+00 1.39860e-01 3.05387e-02
1.76846e+00 1.66779e-01 3.64481e-02
1.76846e+00 1.95977e-01 4.28769e-02
1.76846e+00 2.27426e-01 4.98271e-02
1.76846e+00 2.61096e-01 5.73021e-02
1.76846e+00 2.96953e-01 6.53070e-02
1.76846e+00 3.34963e-01 7.38486e-02
1.76846e+00 3.75089e-01 8.29355e-02
1.76846e+00 4.17290e-01 9.25781e-02
1.76846e+00 4.61527e-01 1.02789e-01
1.76846e+00 5.07755e-01 1.13581e-01
1.76846e+00 5.55930e-01 1.24970e-01
1.76846e+00 6.06005e-01 1.36971e-01
1.76846e+00 6.57930e-01 1.49600e-01
1.76846e+00 7.11655e-01 1.62869e-01
1.76846e+00 7.67127e-01 1.76788e-01
1.76846e+00 8.24292e-01 1.91362e-01
1.76846e+00 8.83095e-01 2.06587e-01
1.76846e+00 9.43478e-01 2.22444e-01
1.76846e+00 1.00538e+00 2.38898e-01
1.76846e+00 1.06875e+00 2.55889e-01
1.76846e+00 1.13351e+00 2.73328e-01
1.76846e+00 1.19960e+00 2.91081e-01
1.76846e+00 1.26697e+00 3.08970e-01
1.76846e+00 1.33555e+00 3.26758e-01
1.76846e+00 1.40526e+00 3.44144e-01
1.76846e+00 1.47604e+00 3.60766e-01
1.76846e+00 1.54782e+00 3.76212e-01
1.76846e+00 1.62053e+00 3.90038e-01
1.76846e+00 1.69410e+00 4.01801e-01
1.76846e+00 1.76846e+00 4.11103e-01
1.76846e+00 1.84353e+00 4.17616e-01
1.76846e+00 1.91924e+00 4.21103e-01
1.76846e+00 1.99553e+00 4.21412e-01
1.76846e+00 2.07230e+00 4.18462e-01
1.76846e+00 2.14949e+00 4.12226e-01
1.76846e+00 2.22703e+00 4.02731e-01
1.76846e+00 2.30483e+00 3.90070e-01
1.76846e+00 2.38282e+00 3.74413e-01
1.76846e+00 2.46093e+00 3.56028e-01
1.76846e+00 2.53907e+00 3.35279e-01
1.76846e+00 2.61718e+00 3.12606e-01
1.76846e+00 2.69517e+00 2.88494e-01
1.76846e+00 2.77297e+00 2.63433e-01
1.76846e+00 2.85051e+00 2.37892e-01
1.76846e+00 2.92770e+00 2.12301e-01
1.76846e+00 3.00447e+00 1.87067e-01
1.76846e+00 3.08076e+00 1.62590e-01
1.76846e+00 3.15647e+00 1.39264e-01
1.76846e+00 3.23154e+00 1.17468e-01
1.76846e+00 3.30590e+00 9.75276e-02
1.76846e+00 3.37947e+00 7.96813e-02
1.76846e+00 3.45218e+00 6.40605e-02
1.76846e+00 3.52396e+00 5.06848e-02
1.76846e+00 3.59474e+00 3.94752e-02
1.76846e+00 3.66445e+00 3.02749e-02
1.76846e+00 3.73303e+00 2.28748e-02
1.76846e+00 3.80040e+00 1.70373e-02
1.76846e+00 3.86649e+00 1.25174e-02
1.76846e+00 3.93125e+00 9.07914e-03
1.76846e+00 3.99462e+00 6.50721e-03
1.76846e+00 4.05652e+00 4.61327e-03
1.76846e+00 4.11690e+00 3.23875e-03
1.76846e+00 4.17571e+00 2.25444e-03
1.76846e+00 4.23287e+00 1.55800e-03
1.76846e+00 4.28835e+00 1.07049e-03
1.76846e+00 4.34207e+00 7.32376e-04
1.76846e+00 4.39400e+00 4.99696e-04
1.76846e+00 4.44407e+00 3.40573e-04
1.76846e+00 4.49224e+00 2.32264e-04
1.76846e+00 4.53847e+00 1.58774e-04
1.76846e+00 4.58271e+00 1.08985e-04
1.76846e+00 4.62491e+00 7.52537e-05
1.76846e+00 4.66504e+00 5.23652e-05
1.76846e+00 4.70305e+00 3.67868e-05
1.76846e+00 4.73890e+00 2.61366e-05
1.76846e+00 4.77257e+00 1.88138e-05
1.76846e+00 4.80402e+00 1.37441e-05
1.76846e+00 4.83322e+00 1.02067e-05
1.76846e+00 4.86014e+00 7.71745e-06
1.76846e+00 4.88475e+00 5.95027e-06
1.76846e+00 4.90703e+00 4.68477e-06
1.76846e+00 4.92696e+00 3.77137e-06
1.76846e+00 4.94452e+00 3.10806e-06
1.76846e+00 4.95969e+00 2.62498e-06
1.76846e+00 4.97246e+00 2.27417e-06
1.76846e+00 4.98281e+00 2.02268e-06
1.76846e+00 4.99074e+00 1.84811e-06
1.76846e+00 4.99623e+00 1.73559e-06
1.76846e+00 4.99928e+00 1.67584e-06
1.84353e+00 7.15683e-04 1.50620e-04
1.84353e+00 3.77012e-03 7.93448e-04
1.84353e+00 9.26216e-03 1.94930e-03
1.84353e+00 1.71877e-02 3.61738e-03
1.84353e+00 2.75390e-02 5.79630e-03
1.84353e+00 4.03061e-02 8.48437e-03
1.84353e+00 5.54766e-02 1.16798e-02
1.84353e+00 7.30356e-02 1.53808e-02
1.84353e+00 9.29659e-02 1.95859e-02
1.84353e+00 1.15248e-01 2.42941e-02
1.84353e+00 1.39860e-01 2.95049e-02
1.84353e+00 1.66779e-01 3.52188e-02
1.84353e+00 1.95977e-01 4.14378e-02
1.84353e+00 2.27426e-01 4.81648e-02
1.84353e+00 2.61096e-01 5.54048e-02
1.84353e+00 2.96953e-01 6.31645e-02
1.84353e+00 3.34963e-01 7.14526e-02
1.84353e+00 3.75089e-01 8.02802e-02
1.84353e+00 4.17290e-01 8.96604e-02
1.84353e+00 4.61527e-01 9.96086e-02
1.84353e+00 5.07755e-01 1.10142e-01
1.84353e+00 5.55930e-01 1.21280e-01
1.84353e+00 6.06005e-01 1.33043e-01
1.84353e+00 6.57930e-01 1.45451e-01
1.84353e+00 7.11655e-01 1.58524e-01
1.84353e+00 7.67127e-01 1.72279e-01
1.84353e+00 8.24292e-01 1.86729e-01
1.84353e+00 8.83095e-01 2.01878e-01
1.84353e+00 9.43478e-01 2.17721e-01
1.84353e+00 1.00538e+00 2.34237e-01
1.84353e+00 1.06875e+00 2.51383e-01
1.84353e+00 1.13351e+00 2.69087e-01
1.84353e+00 1.19960e+00 2.87242e-01
1.84353e+00 1.26697e+00 3.05694e-01
1.84353e+00 1.33555e+00 3.24236e-01
1.84353e+00 1.40526e+00 3.42593e-01
1.84353e+00 1.47604e+00 3.60426e-01
1.84353e+00 1.54782e+00 3.77325e-01
1.84353e+00 1.62053e+00 3.92821e-01
1.84353e+00 1.69410e+00 4.06417e-01
1.84353e+00 1.76846e+00 4.17616e-01
1.84353e+00 1.84353e+00 4.25968e-01
1.84353e+00 1.91924e+00 4.31106e-01
1.84353e+00 1.99553e+00 4.32771e-01
1.84353e+00 2.07230e+00 4.30812e-01
1.84353e+00 2.14949e+00 4.25178e-01
1.84353e+00 2.22703e+00 4.15910e-01
1.84353e+00 2.30483e+00 4.03139e-01
1.84353e+00 2.38282e+00 3.87090e-01
1.84353e+00 2.46093e+00 3.68086e-01
1.84353e+00 2.53907e+00 3.46547e-01
1.84353e+00 2.61718e+00 3.22967e-01
1.84353e+00 2.69517e+00 2.97877e-01
1.84353e+00 2.77297e+00 2.71810e-01
1.84353e+00 2.85051e+00 2.45264e-01
1.84353e+00 2.92770e+00 2.18697e-01
1.84353e+00 3.00447e+00 1.92538e-01
1.84353e+00 3.08076e+00 1.67200e-01
1.84353e+00 3.15647e+00 1.43090e-01
1.84353e+00 3.23154e+00 1.20593e-01
1.84353e+00 3.30590e+00 1.00038e-01
1.84353e+00 3.37947e+00 8.16664e-02
1.84353e+00 3.45218e+00 6.56047e-02
1.84353e+00 3.52396e+00 5.18671e-02
1.84353e+00 3.59474e+00 4.03663e-02
1.84353e+00 3.66445e+00 3.09365e-02
1.84353e+00 3.73303e+00 2.33588e-02
1.84353e+00 3.80040e+00 1.73865e-02
1.84353e+00 3.86649e+00 1.27659e-02
1.84353e+00 3.93125e+00 9.25393e-03
1.84353e+00 3.99462e+00 6.62872e-03
1.84353e+00 4.05652e+00 4.69688e-03
1.84353e+00 4.11690e+00 3.29576e-03
1.84353e+00 4.17571e+00 2.29301e-03
1.84353e+00 4.23287e+00 1.58392e-03
1.84353e+00 4.28835e+00 1.08782e-03
1.84353e+00 4.34207e+00 7.43927e-04
1.84353e+00 4.39400e+00 5.07380e-04
1.84353e+00 4.44407e+00 3.45683e-04
1.84353e+00 4.49224e+00 2.35668e-04
1.84353e+00 4.53847e+00 1.61048e-04
1.84353e+00 4.58271e+00 1.10513e-04
1.84353e+00 4.62491e+00 7.62868e-05
1.84353e+00 4.66504e+00 5.30699e-05
1.84353e+00 4.70305e+00 3.72727e-05
1.84353e+00 4.73890e+00 2.64758e-05
1.84353e+00 4.77257e+00 1.90539e-05
1.84353e+00 4.80402e+00 1.39168e-05
1.84353e+00 4.83322e+00 1.03331e-05
1.84353e+00 4.86014e+00 7.81177e-06
1.84353e+00 4.88475e+00 6.02211e-06
1.84353e+00 4.90703e+00 4.74071e-06
1.84353e+00 4.92696e+00 3.81596e-06
1.84353e+00 4.94452e+00 3.14449e-06
1.84353e+00 4.95969e+00 2.65552e-06
1.84353e+00 4.97246e+00 2.30046e-06
1.84353e+00 4.98281e+00 2.04594e-06
1.84353e+00 4.99074e+00 1.86929e-06
1.84353e+00 4.99623e+00 1.75542e-06
1.84353e+00 4.99928e+00 1.69496e-06
1.91924e+00 7.15683e-04 1.45744e-04
1.91924e+00 3.77012e-03 7.67763e-04
1.91924e+00 9.26216e-03 1.88620e-03
1.91924e+00 1.71877e-02 3.50030e-03
1.91924e+00 2.75390e-02 5.60872e-03
1.91924e+00 4.03061e-02 8.20991e-03
1.91924e+00 5.54766e-02 1.13022e-02
1.91924e+00 7.30356e-02 1.48841e-02
1.91924e+00 9.29659e-02 1.89543e-02
1.91924e+00 1.15248e-01 2.35121e-02
1.91924e+00 1.39860e-01 2.85578e-02
1.91924e+00 1.66779e-01 3.40924e-02
1.91924e+00 1.95977e-01 4.01185e-02
1.91924e+00 2.27426e-01 4.66403e-02
1.91924e+00 2.61096e-01 5.36637e-02
1.91924e+00 2.96953e-01 6.11969e-02
1.91924e+00 3.34963e-01 6.92503e-02
1.91924e+00 3.75089e-01 7.78367e-02
1.91924e+00 4.17290e-01 8.69717e-02
1.91924e+00 4.61527e-01 9.66730e-02
1.91924e+00 5.07755e-01 1.06961e-01
1.91924e+00 5.55930e-01 1.17858e-01
1.91924e+00 6.06005e-01 1.29388e-01
1.91924e+00 6.57930e-01 1.41576e-01
1.91924e+00 7.11655e-01 1.54446e-01
1.91924e+00 7.67127e-01 1.68020e-01
1.91924e+00 8.24292e-01 1.82317e-01
1.91924e+00 8.83095e-01 1.97350e-01
1.91924e+00 9.43478e-01 2.13121e-01
1.91924e+00 1.00538e+00 2.29618e-01
1.91924e+00 1.06875e+00 2.46810e-01
1.91924e+00 1.13351e+00 2.64640e-01
1.91924e+00 1.19960e+00 2.83018e-01
1.91924e+00 1.26697e+00 3.01811e-01
1.91924e+00 1.33555e+00 3.20835e-01
1.91924e+00 1.40526e+00 3.39843e-01
1.91924e+00 1.47604e+00 3.58520e-01
1.91924e+00 1.54782e+00 3.76473e-01
1.91924e+00 1.62053e+00 3.93240e-01
1.91924e+00 1.69410e+00 4.08301e-01
1.91924e+00 1.76846e+00 4.21103e-01
1.91924e+00 1.84353e+00 4.31106e-01
1.91924e+00 1.91924e+00 4.37828e-01
1.91924e+00 1.99553e+00 4.40889e-01
1.91924e+00 2.07230e+00 4.40041e-01
1.91924e+00 2.14949e+00 4.35175e-01
1.91924e+00 2.22703e+00 4.26318e-01
1.91924e+00 2.30483e+00 4.13621e-01
1.91924e+00 2.38282e+00 3.97353e-01
1.91924e+00 2.46093e+00 3.77897e-01
1.91924e+00 2.53907e+00 3.55728e-01
1.91924e+00 2.61718e+00 3.31397e-01
1.91924e+00 2.69517e+00 3.05484e-01
1.91924e+00 2.77297e+00 2.78562e-01
1.91924e+00 2.85051e+00 2.51165e-01
1.91924e+00 2.92770e+00 2.23776e-01
1.91924e+00 3.00447e+00 1.96841e-01
1.91924e+00 3.08076e+00 1.70789e-01
1.91924e+00 3.15647e+00 1.46035e-01
1.91924e+00 3.23154e+00 1.22970e-01
1.91924e+00 3.30590e+00 1.01925e-01
1.91924e+00 3.37947e+00 8.31389e-02
1.91924e+00 3.45218e+00 6.67349e-02
1.91924e+00 3.52396e+00 5.27202e-02
1.91924e+00 3.59474e+00 4.10000e-02
1.91924e+00 3.66445e+00 3.13997e-02
1.91924e+00 3.73303e+00 2.36924e-02
1.91924e+00 3.80040e+00 1.76232e-02
1.91924e+00 3.86649e+00 1.29316e-02
1.91924e+00 3.93125e+00 9.36839e-03
1.91924e+00 3.99462e+00 6.70687e-03
1.91924e+00 4.05652e+00 4.74965e-03
1.91924e+00 4.11690e+00 3.33106e-03
1.91924e+00 4.17571e+00 2.31642e-03
1.91924e+00 4.23287e+00 1.59935e-03
1.91924e+00 4.28835e+00 1.09793e-03
1.91924e+00 4.34207e+00 7.50526e-04
1.91924e+00 4.39400e+00 5.11678e-04
1.91924e+00 4.44407e+00 3.48481e-04
1.91924e+00 4.49224e+00 2.37492e-04
1.91924e+00 4.53847e+00 1.62241e-04
1.91924e+00 4.58271e+00 1.11297e-04
1.91924e+00 4.62491e+00 7.68060e-05
1.91924e+00 4.66504e+00 5.34167e-05
1.91924e+00 4.70305e+00 3.75068e-05
1.91924e+00 4.73890e+00 2.66359e-05
1.91924e+00 4.77257e+00 1.91650e-05
1.91924e+00 4.80402e+00 1.39951e-05
1.91924e+00 4.83322e+00 1.03894e-05
1.91924e+00 4.86014e+00 7.85303e-06
1.91924e+00 4.88475e+00 6.05302e-06
1.91924e+00 4.90703e+00 4.76440e-06
1.91924e+00 4.92696e+00 3.83457e-06
1.91924e+00 4.94452e+00 3.15950e-06
1.91924e+00 4.95969e+00 2.66796e-06
1.91924e+00 4.97246e+00 2.31106e-06
1.91924e+00 4.98281e+00 2.05525e-06
1.91924e+00 4.99074e+00 1.87771e-06
1.91924e+00 4.99623e+00 1.76327e-06
1.91924e+00 4.99928e+00 1.70251e-06
1.99553e+00 7.15683e-04 1.41149e-04
1.99553e+00 3.77012e-03 7.43555e-04
1.99553e+00 9.26216e-03 1.82673e-03
1.99553e+00 1.71877e-02 3.38995e-03
1.99553e+00 2.75390e-02 5.43193e-03
1.99553e+00 4.03061e-02 7.95122e-03
1.99553e+00 5.54766e-02 1.09463e-02
1.99553e+00 7.30356e-02 1.44158e-02
1.99553e+00 9.29659e-02 1.83587e-02
1.99553e+00 1.15248e-01 2.27747e-02
1.99553e+00 1.39860e-01 2.76643e-02
1.99553e+00 1.66779e-01 3.30293e-02
1.99553e+00 1.95977e-01 3.88728e-02
1.99553e+00 2.27426e-01 4.51997e-02
1.99553e+00 2.61096e-01 5.20170e-02
1.99553e+00 2.96953e-01 5.93339e-02
1.99553e+00 3.34963e-01 6.71622e-02
1.99553e+00 3.75089e-01 7.55162e-02
1.99553e+00 4.17290e-01 8.44132e-02
1.99553e+00 4.61527e-01 9.38729e-02
1.99553e+00 5.07755e-01 1.03918e-01
1.99553e+00 5.55930e-01 1.14573e-01
1.99553e+00 6.06005e-01 1.25865e-01
1.99553e+00 6.57930e-01 1.37822e-01
1.99553e+00 7.11655e-01 1.50471e-01
1.99553e+00 7.67127e-01 1.63839e-01
1.99553e+00 8.24292e-01 1.77948e-01
1.99553e+00 8.83095e-01 1.92816e-01
1.99553e+00 9.43478e-01 2.08451e-01
1.99553e+00 1.00538e+00 2.24847e-01
1.99553e+00 1.06875e+00 2.41982e-01
1.99553e+00 1.13351e+00 2.59808e-01
1.99553e+00 1.19960e+00 2.78248e-01
1.99553e+00 1.26697e+00 2.97183e-01
1.99553e+00 1.33555e+00 3.16447e-01
1.99553e+00 1.40526e+00 3.35817e-01
1.99553e+00 1.47604e+00 3.55000e-01
1.99553e+00 1.54782e+00 3.73629e-01
1.99553e+00 1.62053e+00 3.91261e-01
1.99553e+00 1.69410e+00 4.07378e-01
1.99553e+00 1.76846e+00 4.21412e-01
1.99553e+00 1.84353e+00 4.32771e-01
1.99553e+00 1.91924e+00 4.40889e-01
1.99553e+00 1.99553e+00 4.45280e-01
1.99553e+00 2.07230e+00 4.45589e-01
1.99553e+00 2.14949e+00 4.41621e-01
1.99553e+00 2.22703e+00 4.33355e-01
1.99553e+00 2.30483e+00 4.20938e-01
1.99553e+00 2.38282e+00 4.04666e-01
1.99553e+00 2.46093e+00 3.84967e-01
1.99553e+00 2.53907e+00 3.62376e-01
1.99553e+00 2.61718e+00 3.37496e-01
1.99553e+00 2.69517e+00 3.10958e-01
1.99553e+00 2.77297e+00 2.83378e-01
1.99553e+00 2.85051e+00 2.55321e-01
1.99553e+00 2.92770e+00 2.27297e-01
1.99553e+00 3.00447e+00 1.99771e-01
1.99553e+00 3.08076e+00 1.73182e-01
1.99553e+00 3.15647e+00 1.47954e-01
1.99553e+00 3.23154e+00 1.24480e-01
1.99553e+00 3.30590e+00 1.03091e-01
1.99553e+00 3.37947e+00 8.40210e-02
1.99553e+00 3.45218e+00 6.73895e-02
1.99553e+00 3.52396e+00 5.31966e-02
1.99553e+00 3.59474e+00 4.13397e-02
1.99553e+00 3.66445e+00 3.16373e-02
1.99553e+00 3.73303e+00 2.38552e-02
1.99553e+00 3.80040e+00 1.77326e-02
1.99553e+00 3.86649e+00 1.30037e-02
1.99553e+00 3.93125e+00 9.41492e-03
1.99553e+00 3.99462e+00 6.73629e-03
1.99553e+00 4.05652e+00 4.76786e-03
1.99553e+00 4.11690e+00 3.34208e-03
1.99553e+00 4.17571e+00 2.32293e-03
1.99553e+00 4.23287e+00 1.60309e-03
1.99553e+00 4.28835e+00 1.10000e-03
1.99553e+00 4.34207e+00 7.51623e-04
1.99553e+00 4.39400e+00 5.12220e-04
1.99553e+00 4.44407e+00 3.48719e-04
1.99553e+00 4.49224e+00 2.37570e-04
1.99553e+00 4.53847e+00 1.62240e-04
1.99553e+00 4.58271e+00 1.11261e-04
1.99553e+00 4.62491e+00 7.67587e-05
1.99553e+00 4.66504e+00 5.33692e-05
1.99553e+00 4.70305e+00 3.74639e-05
1.99553e+00 4.73890e+00 2.65991e-05
1.99553e+00 4.77257e+00 1.91343e-05
1.99553e+00 4.80402e+00 1.39699e-05
1.99553e+00 4.83322e+00 1.03688e-05
1.99553e+00 4.86014e+00 7.83613e-06
1.99553e+00 4.88475e+00 6.03907e-06
1.99553e+00 4.90703e+00 4.75278e-06
1.99553e+00 4.92696e+00 3.82476e-06
1.99553e+00 4.94452e+00 3.15108e-06
1.99553e+00 4.95969e+00 2.66061e-06
1.99553e+00 4.97246e+00 2.30453e-06
1.99553e+00 4.98281e+00 2.04931e-06
1.99553e+00 4.99074e+00 1.87219e-06
1.99553e+00 4.99623e+00 1.75804e-06
1.99553e+00 4.99928e+00 1.69743e-06
2.07230e+00 7.15683e-04 1.36668e-04
2.07230e+00 3.77012e-03 7.19951e-04
2.07230e+00 9.26216e-03 1.76874e-03
2.07230e+00 1.71877e-02 3.28234e-03
2.07230e+00 2.75390e-02 5.25954e-03
2.07230e+00 4.03061e-02 7.69895e-03
2.07230e+00 5.54766e-02 1.05992e-02
2.07230e+00 7.30356e-02 1.39590e-02
2.07230e+00 9.29659e-02 1.77776e-02
2.07230e+00 1.15248e-01 2.20550e-02
2.07230e+00 1.39860e-01 2.67920e-02
2.07230e+00 1.66779e-01 3.19907e-02
2.07230e+00 1.95977e-01 3.76549e-02
2.07230e+00 2.27426e-01 4.37900e-02
2.07230e+00 2.61096e-01 5.04037e-02
2.07230e+00 2.96953e-01 5.75062e-02
2.07230e+00 3.34963e-01 6.51102e-02
2.07230e+00 3.75089e-01 7.32311e-02
2.07230e+00 4.17290e-01 8.18874e-02
2.07230e+00 4.61527e-01 9.11005e-02
2.07230e+00 5.07755e-01 1.00895e-01
2.07230e+00 5.55930e-01 1.11296e-01
2.07230e+00 6.06005e-01 1.22334e-01
2.07230e+00 6.57930e-01 1.34037e-01
2.07230e+00 7.11655e-01 1.46437e-01
2.07230e+00 7.67127e-01 1.59561e-01
2.07230e+00 8.24292e-01 1.73436e-01
2.07230e+00 8.83095e-01 1.88082e-01
2.07230e+00 9.43478e-01 2.03510e-01
2.07230e+00 1.00538e+00 2.19719e-01
2.07230e+00 1.06875e+00 2.36691e-01
2.07230e+00 1.13351e+00 2.54386e-01
2.07230e+00 1.19960e+00 2.72733e-01
2.07230e+00 1.26697e+00 2.91625e-01
2.07230e+00 1.33555e+00 3.10910e-01
2.07230e+00 1.40526e+00 3.30381e-01
2.07230e+00 1.47604e+00 3.49767e-01
2.07230e+00 1.54782e+00 3.68724e-01
2.07230e+00 1.62053e+00 3.86834e-01
2.07230e+00 1.69410e+00 4.03601e-01
2.07230e+00 1.76846e+00 4.18462e-01
2.07230e+00 1.84353e+00 4.30812e-01
2.07230e+00 1.91924e+00 4.40041e-01
2.07230e+00 1.99553e+00 4.45589e-01
2.07230e+00 2.07230e+00 4.47005e-01
2.07230e+00 2.14949e+00 4.44000e-01
2.07230e+00 2.22703e+00 4.36478e-01
2.07230e+00 2.30483e+00 4.24550e-01
2.07230e+00 2.38282e+00 4.08511e-01
2.07230e+00 2.46093e+00 3.88822e-01
2.07230e+00 2.53907e+00 3.66060e-01
2.07230e+00 2.61718e+00 3.40881e-01
2.07230e+00 2.69517e+00 3.13962e-01
2.07230e+00 2.77297e+00 2.85961e-01
2.07230e+00 2.85051e+00 2.57476e-01
2.07230e+00 2.92770e+00 2.29041e-01
2.07230e+00 3.00447e+00 2.01140e-01
2.07230e+00 3.08076e+00 1.74222e-01
2.07230e+00 3.15647e+00 1.48715e-01
2.07230e+00 3.23154e+00 1.25014e-01
2.07230e+00 3.30590e+00 1.03447e-01
2.07230e+00 3.37947e+00 8.42427e-02
2.07230e+00 3.45218e+00 6.75138e-02
2.07230e+00 3.52396e+00 5.32538e-02
2.07230e+00 3.59474e+00 4.13536e-02
2.07230e+00 3.66445e+00 3.16253e-02
2.07230e+00 3.73303e+00 2.38298e-02
2.07230e+00 3.80040e+00 1.77019e-02
2.07230e+00 3.86649e+00 1.29730e-02
2.07230e+00 3.93125e+00 9.38699e-03
2.07230e+00 3.99462e+00 6.71241e-03
2.07230e+00 4.05652e+00 4.74834e-03
2.07230e+00 4.11690e+00 3.32665e-03
2.07230e+00 4.17571e+00 2.31104e-03
2.07230e+00 4.23287e+00 1.59412e-03
2.07230e+00 4.28835e+00 1.09336e-03
2.07230e+00 4.34207e+00 7.46764e-04
2.07230e+00 4.39400e+00 5.08704e-04
2.07230e+00 4.44407e+00 3.46193e-04
2.07230e+00 4.49224e+00 2.35764e-04
2.07230e+00 4.53847e+00 1.60952e-04
2.07230e+00 4.58271e+00 1.10343e-04
2.07230e+00 4.62491e+00 7.61028e-05
2.07230e+00 4.66504e+00 5.28985e-05
2.07230e+00 4.70305e+00 3.71238e-05
2.07230e+00 4.73890e+00 2.63514e-05
2.07230e+00 4.77257e+00 1.89519e-05
2.07230e+00 4.80402e+00 1.38339e-05
2.07230e+00 4.83322e+00 1.02659e-05
2.07230e+00 4.86014e+00 7.75707e-06
2.07230e+00 4.88475e+00 5.97722e-06
2.07230e+00 4.90703e+00 4.70346e-06
2.07230e+00 4.92696e+00 3.78460e-06
2.07230e+00 4.94452e+00 3.11766e-06
2.07230e+00 4.95969e+00 2.63216e-06
2.07230e+00 4.97246e+00 2.27970e-06
2.07230e+00 4.98281e+00 2.02711e-06
2.07230e+00 4.99074e+00 1.85182e-06
2.07230e+00 4.99623e+00 1.73886e-06
2.07230e+00 4.99928e+00 1.67888e-06
2.14949e+00 7.15683e-04 1.32146e-04
2.14949e+00 3.77012e-03 6.96127e-04
2.14949e+00 9.26216e-03 1.71022e-03
2.14949e+00 1.71877e-02 3.17373e-03
2.14949e+00 2.75390e-02 5.08553e-03
2.14949e+00 4.03061e-02 7.44430e-03
2.14949e+00 5.54766e-02 1.02487e-02
2.14949e+00 7.30356e-02 1.34977e-02
2.14949e+00 9.29659e-02 1.71908e-02
2.14949e+00 1.15248e-01 2.13279e-02
2.14949e+00 1.39860e-01 2.59102e-02
2.14949e+00 1.66779e-01 3.09402e-02
2.14949e+00 1.95977e-01 3.64220e-02
2.14949e+00 2.27426e-01 4.23614e-02
2.14949e+00 2.61096e-01 4.87668e-02
2.14949e+00 2.96953e-01 5.56487e-02
2.14949e+00 3.34963e-01 6.30207e-02
2.14949e+00 3.75089e-01 7.08988e-02
2.14949e+00 4.17290e-01 7.93026e-02
2.14949e+00 4.61527e-01 8.82542e-02
2.14949e+00 5.07755e-01 9.77787e-02
2.14949e+00 5.55930e-01 1.07904e-01
2.14949e+00 6.06005e-01 1.18660e-01
2.14949e+00 6.57930e-01 1.30077e-01
2.14949e+00 7.11655e-01 1.42187e-01
2.14949e+00 7.67127e-01 1.55020e-01
2.14949e+00 8.24292e-01 1.68604e-01
2.14949e+00 8.83095e-01 1.82959e-01
2.14949e+00 9.43478e-01 1.98100e-01
2.14949e+00 1.00538e+00 2.14029e-01
2.14949e+00 1.06875e+00 2.30728e-01
2.14949e+00 1.13351e+00 2.48163e-01
2.14949e+00 1.19960e+00 2.66268e-01
2.14949e+00 1.26697e+00 2.84942e-01
2.14949e+00 1.33555e+00 3.04044e-01
2.14949e+00 1.40526e+00 3.23379e-01
2.14949e+00 1.47604e+00 3.42694e-01
2.14949e+00 1.54782e+00 3.61667e-01
2.14949e+00 1.62053e+00 3.79904e-01
2.14949e+00 1.69410e+00 3.96937e-01
2.14949e+00 1.76846e+00 4.12226e-01
2.14949e+00 1.84353e+00 4.25178e-01
2.14949e+00 1.91924e+00 4.35175e-01
2.14949e+00 1.99553e+00 4.41621e-01
2.14949e+00 2.07230e+00 4.44000e-01
2.14949e+00 2.14949e+00 4.41938e-01
2.14949e+00 2.22703e+00 4.35257e-01
2.14949e+00 2.30483e+00 4.24003e-01
2.14949e+00 2.38282e+00 4.08444e-01
2.14949e+00 2.46093e+00 3.89040e-01
2.14949e+00 2.53907e+00 3.66397e-01
2.14949e+00 2.61718e+00 3.41209e-01
2.14949e+00 2.69517e+00 3.14196e-01
2.14949e+00 2.77297e+00 2.86051e-01
2.14949e+00 2.85051e+00 2.57405e-01
2.14949e+00 2.92770e+00 2.28818e-01
2.14949e+00 3.00447e+00 2.00787e-01
2.14949e+00 3.08076e+00 1.73772e-01
2.14949e+00 3.15647e+00 1.48207e-01
2.14949e+00 3.23154e+00 1.24482e-01
2.14949e+00 3.30590e+00 1.02921e-01
2.14949e+00 3.37947e+00 8.37468e-02
2.14949e+00 3.45218e+00 6.70635e-02
2.14949e+00 3.52396e+00 5.28582e-02
2.14949e+00 3.59474e+00 4.10160e-02
2.14949e+00 3.66445e+00 3.13447e-02
2.14949e+00 3.73303e+00 2.36021e-02
2.14949e+00 3.80040e+00 1.75213e-02
2.14949e+00 3.86649e+00 1.28324e-02
2.14949e+00 3.93125e+00 9.27966e-03
2.14949e+00 3.99462e+00 6.63181e-03
2.14949e+00 4.05652e+00 4.68872e-03
2.14949e+00 4.11690e+00 3.28315e-03
2.14949e+00 4.17571e+00 2.27968e-03
2.14949e+00 4.23287e+00 1.57174e-03
2.14949e+00 4.28835e+00 1.07752e-03
2.14949e+00 4.34207e+00 7.35627e-04
2.14949e+00 4.39400e+00 5.00913e-04
2.14949e+00 4.44407e+00 3.40760e-04
2.14949e+00 4.49224e+00 2.31980e-04
2.14949e+00 4.53847e+00 1.58315e-04
2.14949e+00 4.58271e+00 1.08501e-04
2.14949e+00 4.62491e+00 7.48097e-05
2.14949e+00 4.66504e+00 5.19851e-05
2.14949e+00 4.70305e+00 3.64734e-05
2.14949e+00 4.73890e+00 2.58834e-05
2.14949e+00 4.77257e+00 1.86112e-05
2.14949e+00 4.80402e+00 1.35824e-05
2.14949e+00 4.83322e+00 1.00773e-05
2.14949e+00 4.86014e+00 7.61328e-06
2.14949e+00 4.88475e+00 5.86551e-06
2.14949e+00 4.90703e+00 4.61491e-06
2.14949e+00 4.92696e+00 3.71289e-06
2.14949e+00 4.94452e+00 3.05826e-06
2.14949e+00 4.95969e+00 2.58176e-06
2.14949e+00 4.97246e+00 2.23588e-06
2.14949e+00 4.98281e+00 1.98803e-06
2.14949e+00 4.99074e+00 1.81603e-06
2.14949e+00 4.99623e+00 1.70519e-06
2.14949e+00 4.99928e+00 1.64634e-06
2.22703e+00 7.15683e-04 1.27443e-04
2.22703e+00 3.77012e-03 6.71354e-04
2.22703e+00 9.26216e-03 1.64935e-03
2.22703e+00 1.71877e-02 3.06080e-03
2.22703e+00 2.75390e-02 4.90458e-03
2.22703e+00 4.03061e-02 7.17947e-03
2.22703e+00 5.54766e-02 9.88424e-03
2.22703e+00 7.30356e-02 1.30179e-02
2.22703e+00 9.29659e-02 1.65801e-02
2.22703e+00 1.15248e-01 2.05710e-02
2.22703e+00 1.39860e-01 2.49919e-02
2.22703e+00 1.66779e-01 2.98455e-02
2.22703e+00 1.95977e-01 3.51361e-02
2.22703e+00 2.27426e-01 4.08699e-02
2.22703e+00 2.61096e-01 4.70555e-02
2.22703e+00 2.96953e-01 5.37038e-02
2.22703e+00 3.34963e-01 6.08287e-02
2.22703e+00 3.75089e-01 6.84467e-02
2.22703e+00 4.17290e-01 7.65776e-02
2.22703e+00 4.61527e-01 8.52441e-02
2.22703e+00 5.07755e-01 9.44719e-02
2.22703e+00 5.55930e-01 1.04289e-01
2.22703e+00 6.06005e-01 1.14726e-01
2.22703e+00 6.57930e-01 1.25813e-01
2.22703e+00 7.11655e-01 1.37584e-01
2.22703e+00 7.67127e-01 1.50068e-01
2.22703e+00 8.24292e-01 1.63294e-01
2.22703e+00 8.83095e-01 1.77283e-01
2.22703e+00 9.43478e-01 1.92050e-01
2.22703e+00 1.00538e+00 2.07597e-01
2.22703e+00 1.06875e+00 2.23910e-01
2.22703e+00 1.13351e+00 2.40954e-01
2.22703e+00 1.19960e+00 2.58668e-01
2.22703e+00 1.26697e+00 2.76956e-01
2.22703e+00 1.33555e+00 2.95683e-01
2.22703e+00 1.40526e+00 3.14664e-01
2.22703e+00 1.47604e+00 3.33661e-01
2.22703e+00 1.54782e+00 3.52372e-01
2.22703e+00 1.62053e+00 3.70425e-01
2.22703e+00 1.69410e+00 3.87381e-01
2.22703e+00 1.76846e+00 4.02731e-01
2.22703e+00 1.84353e+00 4.15910e-01
2.22703e+00 1.91924e+00 4.26318e-01
2.22703e+00 1.99553e+00 4.33355e-01
2.22703e+00 2.07230e+00 4.36478e-01
2.22703e+00 2.14949e+00 4.35257e-01
2.22703e+00 2.22703e+00 4.29440e-01
2.22703e+00 2.30483e+00 4.18997e-01
2.22703e+00 2.38282e+00 4.04140e-01
2.22703e+00 2.46093e+00 3.85302e-01
2.22703e+00 2.53907e+00 3.63089e-01
2.22703e+00 2.61718e+00 3.38213e-01
2.22703e+00 2.69517e+00 3.11423e-01
2.22703e+00 2.77297e+00 2.83445e-01
2.22703e+00 2.85051e+00 2.54937e-01
2.22703e+00 2.92770e+00 2.26481e-01
2.22703e+00 3.00447e+00 1.98591e-01
2.22703e+00 3.08076e+00 1.71736e-01
2.22703e+00 3.15647e+00 1.46349e-01
2.22703e+00 3.23154e+00 1.22819e-01
2.22703e+00 3.30590e+00 1.01463e-01
2.22703e+00 3.37947e+00 8.24939e-02
2.22703e+00 3.45218e+00 6.60084e-02
2.22703e+00 3.52396e+00 5.19870e-02
2.22703e+00 3.59474e+00 4.03102e-02
2.22703e+00 3.66445e+00 3.07835e-02
2.22703e+00 3.73303e+00 2.31637e-02
2.22703e+00 3.80040e+00 1.71845e-02
2.22703e+00 3.86649e+00 1.25778e-02
2.22703e+00 3.93125e+00 9.09003e-03
2.22703e+00 3.99462e+00 6.49252e-03
2.22703e+00 4.05652e+00 4.58771e-03
2.22703e+00 4.11690e+00 3.21071e-03
2.22703e+00 4.17571e+00 2.22826e-03
2.22703e+00 4.23287e+00 1.53555e-03
2.22703e+00 4.28835e+00 1.05223e-03
2.22703e+00 4.34207e+00 7.18057e-04
2.22703e+00 4.39400e+00 4.88750e-04
2.22703e+00 4.44407e+00 3.32358e-04
2.22703e+00 4.49224e+00 2.26178e-04
2.22703e+00 4.53847e+00 1.54303e-04
2.22703e+00 4.58271e+00 1.05717e-04
2.22703e+00 4.62491e+00 7.28683e-05
2.22703e+00 4.66504e+00 5.06218e-05
2.22703e+00 4.70305e+00 3.55075e-05
2.22703e+00 4.73890e+00 2.51918e-05
2.22703e+00 4.77257e+00 1.81098e-05
2.22703e+00 4.80402e+00 1.32138e-05
2.22703e+00 4.83322e+00 9.80198e-06
2.22703e+00 4.86014e+00 7.40396e-06
2.22703e+00 4.88475e+00 5.70335e-06
2.22703e+00 4.90703e+00 4.48669e-06
2.22703e+00 4.92696e+00 3.60928e-06
2.22703e+00 4.94452e+00 2.97260e-06
2.22703e+00 4.95969e+00 2.50921e-06
2.22703e+00 4.97246e+00 2.17288e-06
2.22703e+00 4.98281e+00 1.93189e-06
2.22703e+00 4.99074e+00 1.76466e-06
2.22703e+00 4.99623e+00 1.65690e-06
2.22703e+00 4.99928e+00 1.59969e-06
2.30483e+00 7.15683e-04 1.22448e-04
2.30483e+00 3.77012e-03 6.45043e-04
2.30483e+00 9.26216e-03 1.58472e-03
2.30483e+00 1.71877e-02 2.94085e-03
2.30483e+00 2.75390e-02 4.71239e-03
2.30483e+00 4.03061e-02 6.89816e-03
2.30483e+00 5.54766e-02 9.49703e-03
2.30483e+00 7.30356e-02 1.25081e-02
2.30483e+00 9.29659e-02 1.59311e-02
2.30483e+00 1.15248e-01 1.97663e-02
2.30483e+00 1.39860e-01 2.40152e-02
2.30483e+00 1.66779e-01 2.86805e-02
2.30483e+00 1.95977e-01 3.37667e-02
2.30483e+00 2.27426e-01 3.92800e-02
2.30483e+00 2.61096e-01 4.52292e-02
2.30483e+00 2.96953e-01 5.16252e-02
2.30483e+00 3.34963e-01 5.84820e-02
2.30483e+00 3.75089e-01 6.58162e-02
2.30483e+00 4.17290e-01 7.36476e-02
2.30483e+00 4.61527e-01 8.19989e-02
2.30483e+00 5.07755e-01 9.08955e-02
2.30483e+00 5.55930e-01 1.00365e-01
2.30483e+00 6.06005e-01 1.10439e-01
2.30483e+00 6.57930e-01 1.21147e-01
2.30483e+00 7.11655e-01 1.32521e-01
2.30483e+00 7.67127e-01 1.44592e-01
2.30483e+00 8.24292e-01 1.57386e-01
2.30483e+00 8.83095e-01 1.70926e-01
2.30483e+00 9.43478e-01 1.85225e-01
2.30483e+00 1.00538e+00 2.00286e-01
2.30483e+00 1.06875e+00 2.16095e-01
2.30483e+00 1.13351e+00 2.32618e-01
2.30483e+00 1.19960e+00 2.49796e-01
2.30483e+00 1.26697e+00 2.67535e-01
2.30483e+00 1.33555e+00 2.85708e-01
2.30483e+00 1.40526e+00 3.04137e-01
2.30483e+00 1.47604e+00 3.22595e-01
2.30483e+00 1.54782e+00 3.40797e-01
2.30483e+00 1.62053e+00 3.58396e-01
2.30483e+00 1.69410e+00 3.74979e-01
2.30483e+00 1.76846e+00 3.90070e-01
2.30483e+00 1.84353e+00 4.03139e-01
2.30483e+00 1.91924e+00 4.13621e-01
2.30483e+00 1.99553e+00 4.20938e-01
2.30483e+00 2.07230e+00 4.24550e-01
2.30483e+00 2.14949e+00 4.24003e-01
2.30483e+00 2.22703e+00 4.18997e-01
2.30483e+00 2.30483e+00 4.09433e-01
2.30483e+00 2.38282e+00 3.95455e-01
2.30483e+00 2.46093e+00 3.77439e-01
2.30483e+00 2.53907e+00 3.55962e-01
2.30483e+00 2.61718e+00 3.31730e-01
2.30483e+00 2.69517e+00 3.05502e-01
2.30483e+00 2.77297e+00 2.78022e-01
2.30483e+00 2.85051e+00 2.49970e-01
2.30483e+00 2.92770e+00 2.21948e-01
2.30483e+00 3.00447e+00 1.94485e-01
2.30483e+00 3.08076e+00 1.68057e-01
2.30483e+00 3.15647e+00 1.43099e-01
2.30483e+00 3.23154e+00 1.19994e-01
2.30483e+00 3.30590e+00 9.90484e-02
2.30483e+00 3.37947e+00 8.04664e-02
2.30483e+00 3.45218e+00 6.43360e-02
2.30483e+00 3.52396e+00 5.06316e-02
2.30483e+00 3.59474e+00 3.92307e-02
2.30483e+00 3.66445e+00 2.99379e-02
2.30483e+00 3.73303e+00 2.25121e-02
2.30483e+00 3.80040e+00 1.66901e-02
2.30483e+00 3.86649e+00 1.22083e-02
2.30483e+00 3.93125e+00 8.81767e-03
2.30483e+00 3.99462e+00 6.29436e-03
2.30483e+00 4.05652e+00 4.44523e-03
2.30483e+00 4.11690e+00 3.10936e-03
2.30483e+00 4.17571e+00 2.15684e-03
2.30483e+00 4.23287e+00 1.48563e-03
2.30483e+00 4.28835e+00 1.01756e-03
2.30483e+00 4.34207e+00 6.94096e-04
2.30483e+00 4.39400e+00 4.72248e-04
2.30483e+00 4.44407e+00 3.21012e-04
2.30483e+00 4.49224e+00 2.18378e-04
2.30483e+00 4.53847e+00 1.48930e-04
2.30483e+00 4.58271e+00 1.02003e-04
2.30483e+00 4.62491e+00 7.02873e-05
2.30483e+00 4.66504e+00 4.88150e-05
2.30483e+00 4.70305e+00 3.42311e-05
2.30483e+00 4.73890e+00 2.42803e-05
2.30483e+00 4.77257e+00 1.74506e-05
2.30483e+00 4.80402e+00 1.27301e-05
2.30483e+00 4.83322e+00 9.44141e-06
2.30483e+00 4.86014e+00 7.13035e-06
2.30483e+00 4.88475e+00 5.49172e-06
2.30483e+00 4.90703e+00 4.31959e-06
2.30483e+00 4.92696e+00 3.47443e-06
2.30483e+00 4.94452e+00 2.86122e-06
2.30483e+00 4.95969e+00 2.41497e-06
2.30483e+00 4.97246e+00 2.09111e-06
2.30483e+00 4.98281e+00 1.85906e-06
2.30483e+00 4.99074e+00 1.69806e-06
2.30483e+00 4.99623e+00 1.59431e-06
2.30483e+00 4.99928e+00 1.53923e-06
2.38282e+00 7.15683e-04 1.17084e-04
2.38282e+00 3.77012e-03 6.16786e-04
2.38282e+00 9.26216e-03 1.51530e-03
2.38282e+00 1.71877e-02 2.81202e-03
2.38282e+00 2.75390e-02 4.50597e-03
2.38282e+00 4.03061e-02 6.59602e-03
2.38282e+00 5.54766e-02 9.08112e-03
2.38282e+00 7.30356e-02 1.19605e-02
2.38282e+00 9.29659e-02 1.52338e-02
2.38282e+00 1.15248e-01 1.89015e-02
2.38282e+00 1.39860e-01 2.29650e-02
2.38282e+00 1.66779e-01 2.74273e-02
2.38282e+00 1.95977e-01 3.22926e-02
2.38282e+00 2.27426e-01 3.75673e-02
2.38282e+00 2.61096e-01 4.32598e-02
2.38282e+00 2.96953e-01 4.93812e-02
2.38282e+00 3.34963e-01 5.59451e-02
2.38282e+00 3.75089e-01 6.29679e-02
2.38282e+00 4.17290e-01 7.04689e-02
2.38282e+00 4.61527e-01 7.84704e-02
2.38282e+00 5.07755e-01 8.69972e-02
2.38282e+00 5.55930e-01 9.60767e-02
2.38282e+00 6.06005e-01 1.05738e-01
2.38282e+00 6.57930e-01 1.16012e-01
2.38282e+00 7.11655e-01 1.26929e-01
2.38282e+00 7.67127e-01 1.38517e-01
2.38282e+00 8.24292e-01 1.50804e-01
2.38282e+00 8.83095e-01 1.63810e-01
2.38282e+00 9.43478e-01 1.77547e-01
2.38282e+00 1.00538e+00 1.92018e-01
2.38282e+00 1.06875e+00 2.07207e-01
2.38282e+00 1.13351e+00 2.23082e-01
2.38282e+00 1.19960e+00 2.39584e-01
2.38282e+00 1.26697e+00 2.56623e-01
2.38282e+00 1.33555e+00 2.74075e-01
2.38282e+00 1.40526e+00 2.91771e-01
2.38282e+00 1.47604e+00 3.09494e-01
2.38282e+00 1.54782e+00 3.26976e-01
2.38282e+00 1.62053e+00 3.43890e-01
2.38282e+00 1.69410e+00 3.59849e-01
2.38282e+00 1.76846e+00 3.74413e-01
2.38282e+00 1.84353e+00 3.87090e-01
2.38282e+00 1.91924e+00 3.97353e-01
2.38282e+00 1.99553e+00 4.04666e-01
2.38282e+00 2.07230e+00 4.08511e-01
2.38282e+00 2.14949e+00 4.08444e-01
2.38282e+00 2.22703e+00 4.04140e-01
2.38282e+00 2.30483e+00 3.95455e-01
2.38282e+00 2.38282e+00 3.82464e-01
2.38282e+00 2.46093e+00 3.65476e-01
2.38282e+00 2.53907e+00 3.45011e-01
2.38282e+00 2.61718e+00 3.21738e-01
2.38282e+00 2.69517e+00 2.96405e-01
2.38282e+00 2.77297e+00 2.69757e-01
2.38282e+00 2.85051e+00 2.42486e-01
2.38282e+00 2.92770e+00 2.15208e-01
2.38282e+00 3.00447e+00 1.88465e-01
2.38282e+00 3.08076e+00 1.62738e-01
2.38282e+00 3.15647e+00 1.38462e-01
2.38282e+00 3.23154e+00 1.16013e-01
2.38282e+00 3.30590e+00 9.56853e-02
2.38282e+00 3.37947e+00 7.76729e-02
2.38282e+00 3.45218e+00 6.20547e-02
2.38282e+00 3.52396e+00 4.87998e-02
2.38282e+00 3.59474e+00 3.77839e-02
2.38282e+00 3.66445e+00 2.88138e-02
2.38282e+00 3.73303e+00 2.16521e-02
2.38282e+00 3.80040e+00 1.60422e-02
2.38282e+00 3.86649e+00 1.17270e-02
2.38282e+00 3.93125e+00 8.46498e-03
2.38282e+00 3.99462e+00 6.03913e-03
2.38282e+00 4.05652e+00 4.26264e-03
2.38282e+00 4.11690e+00 2.98008e-03
2.38282e+00 4.17571e+00 2.06613e-03
2.38282e+00 4.23287e+00 1.42247e-03
2.38282e+00 4.28835e+00 9.73861e-04
2.38282e+00 4.34207e+00 6.64003e-04
2.38282e+00 4.39400e+00 4.51590e-04
2.38282e+00 4.44407e+00 3.06852e-04
2.38282e+00 4.49224e+00 2.08669e-04
2.38282e+00 4.53847e+00 1.42260e-04
2.38282e+00 4.58271e+00 9.74035e-05
2.38282e+00 4.62491e+00 6.70975e-05
2.38282e+00 4.66504e+00 4.65865e-05
2.38282e+00 4.70305e+00 3.26598e-05
2.38282e+00 4.73890e+00 2.31601e-05
2.38282e+00 4.77257e+00 1.66417e-05
2.38282e+00 4.80402e+00 1.21375e-05
2.38282e+00 4.83322e+00 9.00016e-06
2.38282e+00 4.86014e+00 6.79592e-06
2.38282e+00 4.88475e+00 5.23332e-06
2.38282e+00 4.90703e+00 4.11576e-06
2.38282e+00 4.92696e+00 3.31006e-06
2.38282e+00 4.94452e+00 2.72556e-06
2.38282e+00 4.95969e+00 2.30025e-06
2.38282e+00 4.97246e+00 1.99161e-06
2.38282e+00 4.98281e+00 1.77050e-06
2.38282e+00 4.99074e+00 1.61709e-06
2.38282e+00 4.99623e+00 1.51824e-06
2.38282e+00 4.99928e+00 1.46576e-06
2.46093e+00 7.15683e-04 1.11313e-04
2.46093e+00 3.77012e-03 5.86382e-04
2.46093e+00 9.26216e-03 1.44060e-03
2.46093e+00 1.71877e-02 2.67341e-03
2.46093e+00 2.75390e-02 4.28386e-03
2.46093e+00 4.03061e-02 6.27090e-03
2.46093e+00 5.54766e-02 8.63354e-03
2.46093e+00 7.30356e-02 1.13710e-02
2.46093e+00 9.29659e-02 1.44832e-02
2.46093e+00 1.15248e-01 1.79703e-02
2.46093e+00 1.39860e-01 2.18341e-02
2.46093e+00 1.66779e-01 2.60771e-02
2.46093e+00 1.95977e-01 3.07036e-02
2.46093e+00 2.27426e-01 3.57199e-02
2.46093e+00 2.61096e-01 4.11341e-02
2.46093e+00 2.96953e-01 4.69569e-02
2.46093e+00 3.34963e-01 5.32014e-02
2.46093e+00 3.75089e-01 5.98834e-02
2.46093e+00 4.17290e-01 6.70215e-02
2.46093e+00 4.61527e-01 7.46372e-02
2.46093e+00 5.07755e-01 8.27543e-02
2.46093e+00 5.55930e-01 9.13991e-02
2.46093e+00 6.06005e-01 1.00599e-01
2.46093e+00 6.57930e-01 1.10384e-01
2.46093e+00 7.11655e-01 1.20782e-01
2.46093e+00 7.67127e-01 1.31821e-01
2.46093e+00 8.24292e-01 1.43525e-01
2.46093e+00 8.83095e-01 1.55914e-01
2.46093e+00 9.43478e-01 1.68998e-01
2.46093e+00 1.00538e+00 1.82778e-01
2.46093e+00 1.06875e+00 1.97239e-01
2.46093e+00 1.13351e+00 2.12347e-01
2.46093e+00 1.19960e+00 2.28045e-01
2.46093e+00 1.26697e+00 2.44246e-01
2.46093e+00 1.33555e+00 2.60829e-01
2.46093e+00 1.40526e+00 2.77633e-01
2.46093e+00 1.47604e+00 2.94453e-01
2.46093e+00 1.54782e+00 3.11036e-01
2.46093e+00 1.62053e+00 3.27073e-01
2.46093e+00 1.69410e+00 3.42207e-01
2.46093e+00 1.76846e+00 3.56028e-01
2.46093e+00 1.84353e+00 3.68086e-01
2.46093e+00 1.91924e+00 3.77897e-01
2.46093e+00 1.99553e+00 3.84967e-01
2.46093e+00 2.07230e+00 3.88822e-01
2.46093e+00 2.14949e+00 3.89040e-01
2.46093e+00 2.22703e+00 3.85302e-01
2.46093e+00 2.30483e+00 3.77439e-01
2.46093e+00 2.38282e+00 3.65476e-01
2.46093e+00 2.46093e+00 3.49652e-01
2.46093e+00 2.53907e+00 3.30415e-01
2.46093e+00 2.61718e+00 3.08377e-01
2.46093e+00 2.69517e+00 2.84244e-01
2.46093e+00 2.77297e+00 2.58744e-01
2.46093e+00 2.85051e+00 2.32567e-01
2.46093e+00 2.92770e+00 2.06335e-01
2.46093e+00 3.00447e+00 1.80597e-01
2.46093e+00 3.08076e+00 1.55840e-01
2.46093e+00 3.15647e+00 1.32494e-01
2.46093e+00 3.23154e+00 1.10925e-01
2.46093e+00 3.30590e+00 9.14164e-02
2.46093e+00 3.37947e+00 7.41499e-02
2.46093e+00 3.45218e+00 5.91951e-02
2.46093e+00 3.52396e+00 4.65166e-02
2.46093e+00 3.59474e+00 3.59904e-02
2.46093e+00 3.66445e+00 2.74270e-02
2.46093e+00 3.73303e+00 2.05963e-02
2.46093e+00 3.80040e+00 1.52501e-02
2.46093e+00 3.86649e+00 1.11411e-02
2.46093e+00 3.93125e+00 8.03730e-03
2.46093e+00 3.99462e+00 5.73075e-03
2.46093e+00 4.05652e+00 4.04277e-03
2.46093e+00 4.11690e+00 2.82490e-03
2.46093e+00 4.17571e+00 1.95757e-03
2.46093e+00 4.23287e+00 1.34709e-03
2.46093e+00 4.28835e+00 9.21840e-04
2.46093e+00 4.34207e+00 6.28266e-04
2.46093e+00 4.39400e+00 4.27112e-04
2.46093e+00 4.44407e+00 2.90108e-04
2.46093e+00 4.49224e+00 1.97211e-04
2.46093e+00 4.53847e+00 1.34403e-04
2.46093e+00 4.58271e+00 9.19943e-05
2.46093e+00 4.62491e+00 6.33523e-05
2.46093e+00 4.66504e+00 4.39737e-05
2.46093e+00 4.70305e+00 3.08200e-05
2.46093e+00 4.73890e+00 2.18501e-05
2.46093e+00 4.77257e+00 1.56969e-05
2.46093e+00 4.80402e+00 1.14460e-05
2.46093e+00 4.83322e+00 8.48575e-06
2.46093e+00 4.86014e+00 6.40638e-06
2.46093e+00 4.88475e+00 4.93256e-06
2.46093e+00 4.90703e+00 3.87868e-06
2.46093e+00 4.92696e+00 3.11900e-06
2.46093e+00 4.94452e+00 2.56795e-06
2.46093e+00 4.95969e+00 2.16703e-06
2.46093e+00 4.97246e+00 1.87612e-06
2.46093e+00 4.98281e+00 1.66772e-06
2.46093e+00 4.99074e+00 1.52314e-06
2.46093e+00 4.99623e+00 1.42998e-06
2.46093e+00 4.99928e+00 1.38053e-06
2.53907e+00 7.15683e-04 1.05134e-04
2.53907e+00 3.77012e-03 5.53835e-04
2.53907e+00 9.26216e-03 1.36064e-03
2.53907e+00 1.71877e-02 2.52502e-03
2.53907e+00 2.75390e-02 4.04609e-03
2.53907e+00 4.03061e-02 5.92285e-03
2.53907e+00 5.54766e-02 8.15436e-03
2.53907e+00 7.30356e-02 1.07399e-02
2.53907e+00 9.29659e-02 1.36794e-02
2.53907e+00 1.15248e-01 1.69731e-02
2.53907e+00 1.39860e-01 2.06225e-02
2.53907e+00 1.66779e-01 2.46303e-02
2.53907e+00 1.95977e-01 2.90004e-02
2.53907e+00 2.27426e-01 3.37388e-02
2.53907e+00 2.61096e-01 3.88532e-02
2.53907e+00 2.96953e-01 4.43538e-02
2.53907e+00 3.34963e-01 5.02529e-02
2.53907e+00 3.75089e-01 5.65656e-02
2.53907e+00 4.17290e-01 6.33094e-02
2.53907e+00 4.61527e-01 7.05046e-02
2.53907e+00 5.07755e-01 7.81737e-02
2.53907e+00 5.55930e-01 8.63412e-02
2.53907e+00 6.06005e-01 9.50334e-02
2.53907e+00 6.57930e-01 1.04277e-01
2.53907e+00 7.11655e-01 1.14100e-01
2.53907e+00 7.67127e-01 1.24526e-01
2.53907e+00 8.24292e-01 1.35579e-01
2.53907e+00 8.83095e-01 1.47274e-01
2.53907e+00 9.43478e-01 1.59622e-01
2.53907e+00 1.00538e+00 1.72622e-01
2.53907e+00 1.06875e+00 1.86256e-01
2.53907e+00 1.13351e+00 2.00493e-01
2.53907e+00 1.19960e+00 2.15274e-01
2.53907e+00 1.26697e+00 2.30516e-01
2.53907e+00 1.33555e+00 2.46104e-01
2.53907e+00 1.40526e+00 2.61884e-01
2.53907e+00 1.47604e+00 2.77663e-01
2.53907e+00 1.54782e+00 2.93200e-01
2.53907e+00 1.62053e+00 3.08211e-01
2.53907e+00 1.69410e+00 3.22363e-01
2.53907e+00 1.76846e+00 3.35279e-01
2.53907e+00 1.84353e+00 3.46547e-01
2.53907e+00 1.91924e+00 3.55728e-01
2.53907e+00 1.99553e+00 3.62376e-01
2.53907e+00 2.07230e+00 3.66060e-01
2.53907e+00 2.14949e+00 3.66397e-01
2.53907e+00 2.22703e+00 3.63089e-01
2.53907e+00 2.30483e+00 3.55962e-01
2.53907e+00 2.38282e+00 3.45011e-01
2.53907e+00 2.46093e+00 3.30415e-01
2.53907e+00 2.53907e+00 3.12550e-01
2.53907e+00 2.61718e+00 2.91955e-01
2.53907e+00 2.69517e+00 2.69275e-01
2.53907e+00 2.77297e+00 2.45199e-01
2.53907e+00 2.85051e+00 2.20399e-01
2.53907e+00 2.92770e+00 1.95491e-01
2.53907e+00 3.00447e+00 1.71025e-01
2.53907e+00 3.08076e+00 1.47487e-01
2.53907e+00 3.15647e+00 1.25301e-01
2.53907e+00 3.23154e+00 1.04823e-01
2.53907e+00 3.30590e+00 8.63205e-02
2.53907e+00 3.37947e+00 6.99628e-02
2.53907e+00 3.45218e+00 5.58107e-02
2.53907e+00 3.52396e+00 4.38251e-02
2.53907e+00 3.59474e+00 3.38840e-02
2.53907e+00 3.66445e+00 2.58042e-02
2.53907e+00 3.73303e+00 1.93649e-02
2.53907e+00 3.80040e+00 1.43292e-02
2.53907e+00 3.86649e+00 1.04620e-02
2.53907e+00 3.93125e+00 7.54293e-03
2.53907e+00 3.99462e+00 5.37523e-03
2.53907e+00 4.05652e+00 3.78993e-03
2.53907e+00 4.11690e+00 2.64686e-03
2.53907e+00 4.17571e+00 1.83329e-03
2.53907e+00 4.23287e+00 1.26098e-03
2.53907e+00 4.28835e+00 8.62528e-04
2.53907e+00 4.34207e+00 5.87593e-04
2.53907e+00 4.39400e+00 3.99301e-04
2.53907e+00 4.44407e+00 2.71115e-04
2.53907e+00 4.49224e+00 1.84234e-04
2.53907e+00 4.53847e+00 1.25516e-04
2.53907e+00 4.58271e+00 8.58840e-05
2.53907e+00 4.62491e+00 5.91266e-05
2.53907e+00 4.66504e+00 4.10291e-05
2.53907e+00 4.70305e+00 2.87487e-05
2.53907e+00 4.73890e+00 2.03766e-05
2.53907e+00 4.77257e+00 1.46350e-05
2.53907e+00 4.80402e+00 1.06695e-05
2.53907e+00 4.83322e+00 7.90857e-06
2.53907e+00 4.86014e+00 5.96959e-06
2.53907e+00 4.88475e+00 4.59553e-06
2.53907e+00 4.90703e+00 3.61314e-06
2.53907e+00 4.92696e+00 2.90511e-06
2.53907e+00 4.94452e+00 2.39158e-06
2.53907e+00 4.95969e+00 2.01801e-06
2.53907e+00 4.97246e+00 1.74697e-06
2.53907e+00 4.98281e+00 1.55281e-06
2.53907e+00 4.99074e+00 1.41813e-06
2.53907e+00 4.99623e+00 1.33135e-06
2.53907e+00 4.99928e+00 1.28528e-06
2.61718e+00 7.15683e-04 9.85823e-05
2.61718e+00 3.77012e-03 5.19320e-04
2.61718e+00 9.26216e-03 1.27584e-03
2.61718e+00 1.71877e-02 2.36766e-03
2.61718e+00 2.75390e-02 3.79393e-03
2.61718e+00 4.03061e-02 5.55373e-03
2.61718e+00 5.54766e-02 7.64616e-03
2.61718e+00 7.30356e-02 1.00706e-02
2.61718e+00 9.29659e-02 1.28268e-02
2.61718e+00 1.15248e-01 1.59152e-02
2.61718e+00 1.39860e-01 1.93371e-02
2.61718e+00 1.66779e-01 2.30949e-02
2.61718e+00 1.95977e-01 2.71924e-02
2.61718e+00 2.27426e-01 3.16351e-02
2.61718e+00 2.61096e-01 3.64302e-02
2.61718e+00 2.96953e-01 4.15871e-02
2.61718e+00 3.34963e-01 4.71174e-02
2.61718e+00 3.75089e-01 5.30350e-02
2.61718e+00 4.17290e-01 5.93563e-02
2.61718e+00 4.61527e-01 6.60999e-02
2.61718e+00 5.07755e-01 7.32867e-02
2.61718e+00 5.55930e-01 8.09395e-02
2.61718e+00 6.06005e-01 8.90822e-02
2.61718e+00 6.57930e-01 9.77397e-02
2.61718e+00 7.11655e-01 1.06936e-01
2.61718e+00 7.67127e-01 1.16695e-01
2.61718e+00 8.24292e-01 1.27036e-01
2.61718e+00 8.83095e-01 1.37974e-01
2.61718e+00 9.43478e-01 1.49515e-01
2.61718e+00 1.00538e+00 1.61657e-01
2.61718e+00 1.06875e+00 1.74384e-01
2.61718e+00 1.13351e+00 1.87661e-01
2.61718e+00 1.19960e+00 2.01434e-01
2.61718e+00 1.26697e+00 2.15621e-01
2.61718e+00 1.33555e+00 2.30113e-01
2.61718e+00 1.40526e+00 2.44765e-01
2.61718e+00 1.47604e+00 2.59395e-01
2.61718e+00 1.54782e+00 2.73779e-01
2.61718e+00 1.62053e+00 2.87652e-01
2.61718e+00 1.69410e+00 3.00709e-01
2.61718e+00 1.76846e+00 3.12606e-01
2.61718e+00 1.84353e+00 3.22967e-01
2.61718e+00 1.91924e+00 3.31397e-01
2.61718e+00 1.99553e+00 3.37496e-01
2.61718e+00 2.07230e+00 3.40881e-01
2.61718e+00 2.14949e+00 3.41209e-01
2.61718e+00 2.22703e+00 3.38213e-01
2.61718e+00 2.30483e+00 3.31730e-01
2.61718e+00 2.38282e+00 3.21738e-01
2.61718e+00 2.46093e+00 3.08377e-01
2.61718e+00 2.53907e+00 2.91955e-01
2.61718e+00 2.61718e+00 2.72934e-01
2.61718e+00 2.69517e+00 2.51890e-01
2.61718e+00 2.77297e+00 2.29456e-01
2.61718e+00 2.85051e+00 2.06267e-01
2.61718e+00 2.92770e+00 1.82922e-01
2.61718e+00 3.00447e+00 1.59961e-01
2.61718e+00 3.08076e+00 1.37864e-01
2.61718e+00 3.15647e+00 1.17044e-01
2.61718e+00 3.23154e+00 9.78416e-02
2.61718e+00 3.30590e+00 8.05104e-02
2.61718e+00 3.37947e+00 6.52045e-02
2.61718e+00 3.45218e+00 5.19765e-02
2.61718e+00 3.52396e+00 4.07851e-02
2.61718e+00 3.59474e+00 3.15117e-02
2.61718e+00 3.66445e+00 2.39814e-02
2.61718e+00 3.73303e+00 1.79853e-02
2.61718e+00 3.80040e+00 1.33001e-02
2.61718e+00 3.86649e+00 9.70472e-03
2.61718e+00 3.93125e+00 6.99290e-03
2.61718e+00 3.99462e+00 4.98050e-03
2.61718e+00 4.05652e+00 3.50975e-03
2.61718e+00 4.11690e+00 2.44994e-03
2.61718e+00 4.17571e+00 1.69607e-03
2.61718e+00 4.23287e+00 1.16606e-03
2.61718e+00 4.28835e+00 7.97246e-04
2.61718e+00 4.34207e+00 5.42893e-04
2.61718e+00 4.39400e+00 3.68778e-04
2.61718e+00 4.44407e+00 2.50296e-04
2.61718e+00 4.49224e+00 1.70026e-04
2.61718e+00 4.53847e+00 1.15797e-04
2.61718e+00 4.58271e+00 7.92088e-05
2.61718e+00 4.62491e+00 5.45149e-05
2.61718e+00 4.66504e+00 3.78184e-05
2.61718e+00 4.70305e+00 2.64921e-05
2.61718e+00 4.73890e+00 1.87726e-05
2.61718e+00 4.77257e+00 1.34800e-05
2.61718e+00 4.80402e+00 9.82536e-06
2.61718e+00 4.83322e+00 7.28149e-06
2.61718e+00 4.86014e+00 5.49530e-06
2.61718e+00 4.88475e+00 4.22975e-06
2.61718e+00 4.90703e+00 3.32508e-06
2.61718e+00 4.92696e+00 2.67316e-06
2.61718e+00 4.94452e+00 2.20040e-06
2.61718e+00 4.95969e+00 1.85651e-06
2.61718e+00 4.97246e+00 1.60703e-06
2.61718e+00 4.98281e+00 1.42834e-06
2.61718e+00 4.99074e+00 1.30439e-06
2.61718e+00 4.99623e+00 1.22453e-06
2.61718e+00 4.99928e+00 1.18213e-06
2.69517e+00 7.15683e-04 9.17118e-05
2.69517e+00 3.77012e-03 4.83127e-04
2.69517e+00 9.26216e-03 1.18693e-03
2.69517e+00 1.71877e-02 2.20265e-03
2.69517e+00 2.75390e-02 3.52951e-03
2.69517e+00 4.03061e-02 5.16665e-03
2.69517e+00 5.54766e-02 7.11323e-03
2.69517e+00 7.30356e-02 9.36864e-03
2.69517e+00 9.29659e-02 1.19326e-02
2.69517e+00 1.15248e-01 1.48056e-02
2.69517e+00 1.39860e-01 1.79887e-02
2.69517e+00 1.66779e-01 2.14841e-02
2.69517e+00 1.95977e-01 2.52953e-02
2.69517e+00 2.27426e-01 2.94272e-02
2.69517e+00 2.61096e-01 3.38866e-02
2.69517e+00 2.96953e-01 3.86818e-02
2.69517e+00 3.34963e-01 4.38235e-02
2.69517e+00 3.75089e-01 4.93245e-02
2.69517e+00 4.17290e-01 5.51995e-02
2.69517e+00 4.61527e-01 6.14657e-02
2.69517e+00 5.07755e-01 6.81419e-02
2.69517e+00 5.55930e-01 7.52488e-02
2.69517e+00 6.06005e-01 8.28081e-02
2.69517e+00 6.57930e-01 9.08421e-02
2.69517e+00 7.11655e-01 9.93726e-02
2.69517e+00 7.67127e-01 1.08420e-01
2.69517e+00 8.24292e-01 1.18001e-01
2.69517e+00 8.83095e-01 1.28129e-01
2.69517e+00 9.43478e-01 1.38808e-01
2.69517e+00 1.00538e+00 1.50033e-01
2.69517e+00 1.06875e+00 1.61789e-01
2.69517e+00 1.13351e+00 1.74040e-01
2.69517e+00 1.19960e+00 1.86735e-01
2.69517e+00 1.26697e+00 1.99796e-01
2.69517e+00 1.33555e+00 2.13119e-01
2.69517e+00 1.40526e+00 2.26568e-01
2.69517e+00 1.47604e+00 2.39974e-01
2.69517e+00 1.54782e+00 2.53131e-01
2.69517e+00 1.62053e+00 2.65795e-01
2.69517e+00 1.69410e+00 2.77687e-01
2.69517e+00 1.76846e+00 2.88494e-01
2.69517e+00 1.84353e+00 2.97877e-01
2.69517e+00 1.91924e+00 3.05484e-01
2.69517e+00 1.99553e+00 3.10958e-01
2.69517e+00 2.07230e+00 3.13962e-01
2.69517e+00 2.14949e+00 3.14196e-01
2.69517e+00 2.22703e+00 3.11423e-01
2.69517e+00 2.30483e+00 3.05502e-01
2.69517e+00 2.38282e+00 2.96405e-01
2.69517e+00 2.46093e+00 2.84244e-01
2.69517e+00 2.53907e+00 2.69275e-01
2.69517e+00 2.61718e+00 2.51890e-01
2.69517e+00 2.69517e+00 2.32592e-01
2.69517e+00 2.77297e+00 2.11949e-01
2.69517e+00 2.85051e+00 1.90546e-01
2.69517e+00 2.92770e+00 1.68951e-01
2.69517e+00 3.00447e+00 1.47685e-01
2.69517e+00 3.08076e+00 1.27210e-01
2.69517e+00 3.15647e+00 1.07926e-01
2.69517e+00 3.23154e+00 9.01535e-02
2.69517e+00 3.30590e+00 7.41286e-02
2.69517e+00 3.37947e+00 5.99915e-02
2.69517e+00 3.45218e+00 4.77863e-02
2.69517e+00 3.52396e+00 3.74707e-02
2.69517e+00 3.59474e+00 2.89311e-02
2.69517e+00 3.66445e+00 2.20030e-02
2.69517e+00 3.73303e+00 1.64910e-02
2.69517e+00 3.80040e+00 1.21875e-02
2.69517e+00 3.86649e+00 8.88766e-03
2.69517e+00 3.93125e+00 6.40050e-03
2.69517e+00 3.99462e+00 4.55609e-03
2.69517e+00 4.05652e+00 3.20898e-03
2.69517e+00 4.11690e+00 2.23887e-03
2.69517e+00 4.17571e+00 1.54921e-03
2.69517e+00 4.23287e+00 1.06460e-03
2.69517e+00 4.28835e+00 7.27560e-04
2.69517e+00 4.34207e+00 4.95233e-04
2.69517e+00 4.39400e+00 3.36271e-04
2.69517e+00 4.44407e+00 2.28148e-04
2.69517e+00 4.49224e+00 1.54926e-04
2.69517e+00 4.53847e+00 1.05478e-04
2.69517e+00 4.58271e+00 7.21277e-05
2.69517e+00 4.62491e+00 4.96267e-05
2.69517e+00 4.66504e+00 3.44178e-05
2.69517e+00 4.70305e+00 2.41037e-05
2.69517e+00 4.73890e+00 1.70761e-05
2.69517e+00 4.77257e+00 1.22590e-05
2.69517e+00 4.80402e+00 8.93358e-06
2.69517e+00 4.83322e+00 6.61935e-06
2.69517e+00 4.86014e+00 4.99472e-06
2.69517e+00 4.88475e+00 3.84385e-06
2.69517e+00 4.90703e+00 3.02130e-06
2.69517e+00 4.92696e+00 2.42863e-06
2.69517e+00 4.94452e+00 1.99890e-06
2.69517e+00 4.95969e+00 1.68635e-06
2.69517e+00 4.97246e+00 1.45962e-06
2.69517e+00 4.98281e+00 1.29724e-06
2.69517e+00 4.99074e+00 1.18460e-06
2.69517e+00 4.99623e+00 1.11204e-06
2.69517e+00 4.99928e+00 1.07352e-06
2.77297e+00 7.15683e-04 8.45879e-05
2.77297e+00 3.77012e-03 4.45599e-04
2.77297e+00 9.26216e-03 1.09473e-03
2.77297e+00 1.71877e-02 2.03155e-03
2.77297e+00 2.75390e-02 3.25534e-03
2.77297e+00 4.03061e-02 4.76530e-03
2.77297e+00 5.54766e-02 6.56063e-03
2.77297e+00 7.30356e-02 8.64076e-03
2.77297e+00 9.29659e-02 1.10054e-02
2.77297e+00 1.15248e-01 1.36550e-02
2.77297e+00 1.39860e-01 1.65903e-02
2.77297e+00 1.66779e-01 1.98135e-02
2.77297e+00 1.95977e-01 2.33275e-02
2.77297e+00 2.27426e-01 2.71368e-02
2.77297e+00 2.61096e-01 3.12473e-02
2.77297e+00 2.96953e-01 3.56667e-02
2.77297e+00 3.34963e-01 4.04045e-02
2.77297e+00 3.75089e-01 4.54720e-02
2.77297e+00 4.17290e-01 5.08826e-02
2.77297e+00 4.61527e-01 5.66514e-02
2.77297e+00 5.07755e-01 6.27954e-02
2.77297e+00 5.55930e-01 6.93329e-02
2.77297e+00 6.06005e-01 7.62832e-02
2.77297e+00 6.57930e-01 8.36658e-02
2.77297e+00 7.11655e-01 9.15001e-02
2.77297e+00 7.67127e-01 9.98033e-02
2.77297e+00 8.24292e-01 1.08590e-01
2.77297e+00 8.83095e-01 1.17870e-01
2.77297e+00 9.43478e-01 1.27647e-01
2.77297e+00 1.00538e+00 1.37915e-01
2.77297e+00 1.06875e+00 1.48656e-01
2.77297e+00 1.13351e+00 1.59837e-01
2.77297e+00 1.19960e+00 1.71408e-01
2.77297e+00 1.26697e+00 1.83296e-01
2.77297e+00 1.33555e+00 1.95404e-01
2.77297e+00 1.40526e+00 2.07607e-01
2.77297e+00 1.47604e+00 2.19748e-01
2.77297e+00 1.54782e+00 2.31638e-01
2.77297e+00 1.62053e+00 2.43056e-01
2.77297e+00 1.69410e+00 2.53748e-01
2.77297e+00 1.76846e+00 2.63433e-01
2.77297e+00 1.84353e+00 2.71810e-01
2.77297e+00 1.91924e+00 2.78562e-01
2.77297e+00 1.99553e+00 2.83378e-01
2.77297e+00 2.07230e+00 2.85961e-01
2.77297e+00 2.14949e+00 2.86051e-01
2.77297e+00 2.22703e+00 2.83445e-01
2.77297e+00 2.30483e+00 2.78022e-01
2.77297e+00 2.38282e+00 2.69757e-01
2.77297e+00 2.46093e+00 2.58744e-01
2.77297e+00 2.53907e+00 2.45199e-01
2.77297e+00 2.61718e+00 2.29456e-01
2.77297e+00 2.69517e+00 2.11949e-01
2.77297e+00 2.77297e+00 1.93178e-01
2.77297e+00 2.85051e+00 1.73673e-01
2.77297e+00 2.92770e+00 1.53958e-01
2.77297e+00 3.00447e+00 1.34524e-01
2.77297e+00 3.08076e+00 1.15808e-01
2.77297e+00 3.15647e+00 9.81861e-02
2.77297e+00 3.23154e+00 8.19586e-02
2.77297e+00 3.30590e+00 6.73409e-02
2.77297e+00 3.37947e+00 5.44586e-02
2.77297e+00 3.45218e+00 4.33482e-02
2.77297e+00 3.52396e+00 3.39672e-02
2.77297e+00 3.59474e+00 2.62084e-02
2.77297e+00 3.66445e+00 1.99194e-02
2.77297e+00 3.73303e+00 1.49200e-02
2.77297e+00 3.80040e+00 1.10198e-02
2.77297e+00 3.86649e+00 8.03142e-03
2.77297e+00 3.93125e+00 5.78063e-03
2.77297e+00 3.99462e+00 4.11263e-03
2.77297e+00 4.05652e+00 2.89514e-03
2.77297e+00 4.11690e+00 2.01891e-03
2.77297e+00 4.17571e+00 1.39634e-03
2.77297e+00 4.23287e+00 9.59118e-04
2.77297e+00 4.28835e+00 6.55193e-04
2.77297e+00 4.34207e+00 4.45792e-04
2.77297e+00 4.39400e+00 3.02582e-04
2.77297e+00 4.44407e+00 2.05215e-04
2.77297e+00 4.49224e+00 1.39305e-04
2.77297e+00 4.53847e+00 9.48118e-05
2.77297e+00 4.58271e+00 6.48136e-05
2.77297e+00 4.62491e+00 4.45813e-05
2.77297e+00 4.66504e+00 3.09102e-05
2.77297e+00 4.70305e+00 2.16417e-05
2.77297e+00 4.73890e+00 1.53282e-05
2.77297e+00 4.77257e+00 1.10018e-05
2.77297e+00 4.80402e+00 8.01577e-06
2.77297e+00 4.83322e+00 5.93818e-06
2.77297e+00 4.86014e+00 4.47997e-06
2.77297e+00 4.88475e+00 3.44717e-06
2.77297e+00 4.90703e+00 2.70913e-06
2.77297e+00 4.92696e+00 2.17743e-06
2.77297e+00 4.94452e+00 1.79195e-06
2.77297e+00 4.95969e+00 1.51162e-06
2.77297e+00 4.97246e+00 1.30828e-06
2.77297e+00 4.98281e+00 1.16266e-06
2.77297e+00 4.99074e+00 1.06166e-06
2.77297e+00 4.99623e+00 9.96597e-07
2.77297e+00 4.99928e+00 9.62060e-07
2.85051e+00 7.15683e-04 7.72782e-05
2.85051e+00 3.77012e-03 4.07092e-04
2.85051e+00 9.26216e-03 1.00013e-03
2.85051e+00 1.71877e-02 1.85599e-03
2.85051e+00 2.75390e-02 2.97402e-03
2.85051e+00 4.03061e-02 4.35347e-03
2.85051e+00 5.54766e-02 5.99361e-03
2.85051e+00 7.30356e-02 7.89388e-03
2.85051e+00 9.29659e-02 1.00540e-02
2.85051e+00 1.15248e-01 1.24742e-02
2.85051e+00 1.39860e-01 1.51554e-02
2.85051e+00 1.66779e-01 1.80991e-02
2.85051e+00 1.95977e-01 2.13081e-02
2.85051e+00 2.27426e-01 2.47862e-02
2.85051e+00 2.61096e-01 2.85386e-02
2.85051e+00 2.96953e-01 3.25721e-02
2.85051e+00 3.34963e-01 3.68949e-02
2.85051e+00 3.75089e-01 4.15172e-02
2.85051e+00 4.17290e-01 4.64505e-02
2.85051e+00 4.61527e-01 5.17082e-02
2.85051e+00 5.07755e-01 5.73052e-02
2.85051e+00 5.55930e-01 6.32574e-02
2.85051e+00 6.06005e-01 6.95816e-02
2.85051e+00 6.57930e-01 7.62948e-02
2.85051e+00 7.11655e-01 8.34133e-02
2.85051e+00 7.67127e-01 9.09520e-02
2.85051e+00 8.24292e-01 9.89228e-02
2.85051e+00 8.83095e-01 1.07333e-01
2.85051e+00 9.43478e-01 1.16185e-01
2.85051e+00 1.00538e+00 1.25471e-01
2.85051e+00 1.06875e+00 1.35173e-01
2.85051e+00 1.13351e+00 1.45260e-01
2.85051e+00 1.19960e+00 1.55684e-01
2.85051e+00 1.26697e+00 1.66378e-01
2.85051e+00 1.33555e+00 1.77253e-01
2.85051e+00 1.40526e+00 1.88192e-01
2.85051e+00 1.47604e+00 1.99055e-01
2.85051e+00 1.54782e+00 2.09669e-01
2.85051e+00 1.62053e+00 2.19835e-01
2.85051e+00 1.69410e+00 2.29326e-01
2.85051e+00 1.76846e+00 2.37892e-01
2.85051e+00 1.84353e+00 2.45264e-01
2.85051e+00 1.91924e+00 2.51165e-01
2.85051e+00 1.99553e+00 2.55321e-01
2.85051e+00 2.07230e+00 2.57476e-01
2.85051e+00 2.14949e+00 2.57405e-01
2.85051e+00 2.22703e+00 2.54937e-01
2.85051e+00 2.30483e+00 2.49970e-01
2.85051e+00 2.38282e+00 2.42486e-01
2.85051e+00 2.46093e+00 2.32567e-01
2.85051e+00 2.53907e+00 2.20399e-01
2.85051e+00 2.61718e+00 2.06267e-01
2.85051e+00 2.69517e+00 1.90546e-01
2.85051e+00 2.77297e+00 1.73673e-01
2.85051e+00 2.85051e+00 1.56119e-01
2.85051e+00 2.92770e+00 1.38356e-01
2.85051e+00 3.00447e+00 1.20836e-01
2.85051e+00 3.08076e+00 1.03964e-01
2.85051e+00 3.15647e+00 8.80855e-02
2.85051e+00 3.23154e+00 7.34750e-02
2.85051e+00 3.30590e+00 6.03269e-02
2.85051e+00 3.37947e+00 4.87515e-02
2.85051e+00 3.45218e+00 3.87784e-02
2.85051e+00 3.52396e+00 3.03657e-02
2.85051e+00 3.59474e+00 2.34142e-02
2.85051e+00 3.66445e+00 1.77843e-02
2.85051e+00 3.73303e+00 1.33126e-02
2.85051e+00 3.80040e+00 9.82675e-03
2.85051e+00 3.86649e+00 7.15781e-03
2.85051e+00 3.93125e+00 5.14901e-03
2.85051e+00 3.99462e+00 3.66133e-03
2.85051e+00 4.05652e+00 2.57614e-03
2.85051e+00 4.11690e+00 1.79558e-03
2.85051e+00 4.17571e+00 1.24130e-03
2.85051e+00 4.23287e+00 8.52245e-04
2.85051e+00 4.28835e+00 5.81940e-04
2.85051e+00 4.34207e+00 3.95792e-04
2.85051e+00 4.39400e+00 2.68541e-04
2.85051e+00 4.44407e+00 1.82062e-04
2.85051e+00 4.49224e+00 1.23545e-04
2.85051e+00 4.53847e+00 8.40585e-05
2.85051e+00 4.58271e+00 5.74450e-05
2.85051e+00 4.62491e+00 3.95015e-05
2.85051e+00 4.66504e+00 2.73808e-05
2.85051e+00 4.70305e+00 1.91657e-05
2.85051e+00 4.73890e+00 1.35714e-05
2.85051e+00 4.77257e+00 9.73870e-06
2.85051e+00 4.80402e+00 7.09406e-06
2.85051e+00 4.83322e+00 5.25439e-06
2.85051e+00 4.86014e+00 3.96343e-06
2.85051e+00 4.88475e+00 3.04924e-06
2.85051e+00 4.90703e+00 2.39607e-06
2.85051e+00 4.92696e+00 1.92558e-06
2.85051e+00 4.94452e+00 1.58451e-06
2.85051e+00 4.95969e+00 1.33651e-06
2.85051e+00 4.97246e+00 1.15664e-06
2.85051e+00 4.98281e+00 1.02783e-06
2.85051e+00 4.99074e+00 9.38502e-07
2.85051e+00 4.99623e+00 8.80956e-07
2.85051e+00 4.99928e+00 8.50411e-07
2.92770e+00 7.15683e-04 6.98525e-05
2.92770e+00 3.77012e-03 3.67974e-04
2.92770e+00 9.26216e-03 9.04024e-04
2.92770e+00 1.71877e-02 1.67765e-03
2.92770e+00 2.75390e-02 2.68824e-03
2.92770e+00 4.03061e-02 3.93511e-03
2.92770e+00 5.54766e-02 5.41759e-03
2.92770e+00 7.30356e-02 7.13516e-03
2.92770e+00 9.29659e-02 9.08752e-03
2.92770e+00 1.15248e-01 1.12748e-02
2.92770e+00 1.39860e-01 1.36977e-02
2.92770e+00 1.66779e-01 1.63576e-02
2.92770e+00 1.95977e-01 1.92567e-02
2.92770e+00 2.27426e-01 2.23984e-02
2.92770e+00 2.61096e-01 2.57872e-02
2.92770e+00 2.96953e-01 2.94288e-02
2.92770e+00 3.34963e-01 3.33303e-02
2.92770e+00 3.75089e-01 3.75005e-02
2.92770e+00 4.17290e-01 4.19495e-02
2.92770e+00 4.61527e-01 4.66886e-02
2.92770e+00 5.07755e-01 5.17307e-02
2.92770e+00 5.55930e-01 5.70894e-02
2.92770e+00 6.06005e-01 6.27790e-02
2.92770e+00 6.57930e-01 6.88140e-02
2.92770e+00 7.11655e-01 7.52080e-02
2.92770e+00 7.67127e-01 8.19734e-02
2.92770e+00 8.24292e-01 8.91196e-02
2.92770e+00 8.83095e-01 9.66521e-02
2.92770e+00 9.43478e-01 1.04571e-01
2.92770e+00 1.00538e+00 1.12868e-01
2.92770e+00 1.06875e+00 1.21526e-01
2.92770e+00 1.13351e+00 1.30516e-01
2.92770e+00 1.19960e+00 1.39792e-01
2.92770e+00 1.26697e+00 1.49294e-01
2.92770e+00 1.33555e+00 1.58939e-01
2.92770e+00 1.40526e+00 1.68624e-01
2.92770e+00 1.47604e+00 1.78221e-01
2.92770e+00 1.54782e+00 1.87576e-01
2.92770e+00 1.62053e+00 1.96512e-01
2.92770e+00 1.69410e+00 2.04827e-01
2.92770e+00 1.76846e+00 2.12301e-01
2.92770e+00 1.84353e+00 2.18697e-01
2.92770e+00 1.91924e+00 2.23776e-01
2.92770e+00 1.99553e+00 2.27297e-01
2.92770e+00 2.07230e+00 2.29041e-01
2.92770e+00 2.14949e+00 2.28818e-01
2.92770e+00 2.22703e+00 2.26481e-01
2.92770e+00 2.30483e+00 2.21948e-01
2.92770e+00 2.38282e+00 2.15208e-01
2.92770e+00 2.46093e+00 2.06335e-01
2.92770e+00 2.53907e+00 1.95491e-01
2.92770e+00 2.61718e+00 1.82922e-01
2.92770e+00 2.69517e+00 1.68951e-01
2.92770e+00 2.77297e+00 1.53958e-01
2.92770e+00 2.85051e+00 1.38356e-01
2.92770e+00 2.92770e+00 1.22566e-01
2.92770e+00 3.00447e+00 1.06990e-01
2.92770e+00 3.08076e+00 9.19945e-02
2.92770e+00 3.15647e+00 7.78915e-02
2.92770e+00 3.23154e+00 6.49261e-02
2.92770e+00 3.30590e+00 5.32700e-02
2.92770e+00 3.37947e+00 4.30185e-02
2.92770e+00 3.45218e+00 3.41949e-02
2.92770e+00 3.52396e+00 2.67587e-02
2.92770e+00 3.59474e+00 2.06197e-02
2.92770e+00 3.66445e+00 1.56520e-02
2.92770e+00 3.73303e+00 1.17093e-02
2.92770e+00 3.80040e+00 8.63827e-03
2.92770e+00 3.86649e+00 6.28859e-03
2.92770e+00 3.93125e+00 4.52129e-03
2.92770e+00 3.99462e+00 3.21331e-03
2.92770e+00 4.05652e+00 2.25978e-03
2.92770e+00 4.11690e+00 1.57432e-03
2.92770e+00 4.17571e+00 1.08785e-03
2.92770e+00 4.23287e+00 7.46565e-04
2.92770e+00 4.28835e+00 5.09566e-04
2.92770e+00 4.34207e+00 3.46431e-04
2.92770e+00 4.39400e+00 2.34962e-04
2.92770e+00 4.44407e+00 1.59240e-04
2.92770e+00 4.49224e+00 1.08022e-04
2.92770e+00 4.53847e+00 7.34728e-05
2.92770e+00 4.58271e+00 5.01957e-05
2.92770e+00 4.62491e+00 3.45068e-05
2.92770e+00 4.66504e+00 2.39123e-05
2.92770e+00 4.70305e+00 1.67337e-05
2.92770e+00 4.73890e+00 1.18465e-05
2.92770e+00 4.77257e+00 8.49911e-06
2.92770e+00 4.80402e+00 6.18986e-06
2.92770e+00 4.83322e+00 4.58384e-06
2.92770e+00 4.86014e+00 3.45704e-06
2.92770e+00 4.88475e+00 2.65926e-06
2.92770e+00 4.90703e+00 2.08934e-06
2.92770e+00 4.92696e+00 1.67887e-06
2.92770e+00 4.94452e+00 1.38136e-06
2.92770e+00 4.95969e+00 1.16505e-06
2.92770e+00 4.97246e+00 1.00818e-06
2.92770e+00 4.98281e+00 8.95850e-07
2.92770e+00 4.99074e+00 8.17950e-07
2.92770e+00 4.99623e+00 7.67771e-07
2.92770e+00 4.99928e+00 7.41137e-07
3.00447e+00 7.15683e-04 6.23898e-05
3.00447e+00 3.77012e-03 3.28662e-04
3.00447e+00 9.26216e-03 8.07443e-04
3.00447e+00 1.71877e-02 1.49841e-03
3.00447e+00 2.75390e-02 2.40103e-03
3.00447e+00 4.03061e-02 3.51467e-03
3.00447e+00 5.54766e-02 4.83872e-03
3.00447e+00 7.30356e-02 6.37268e-03
3.00447e+00 9.29659e-02 8.11625e-03
3.00447e+00 1.15248e-01 1.00695e-02
3.00447e+00 1.39860e-01 1.22329e-02
3.00447e+00 1.66779e-01 1.46077e-02
3.00447e+00 1.95977e-01 1.71956e-02
3.00447e+00 2.27426e-01 1.99995e-02
3.00447e+00 2.61096e-01 2.30232e-02
3.00447e+00 2.96953e-01 2.62714e-02
3.00447e+00 3.34963e-01 2.97503e-02
3.00447e+00 3.75089e-01 3.34672e-02
3.00447e+00 4.17290e-01 3.74307e-02
3.00447e+00 4.61527e-01 4.16503e-02
3.00447e+00 5.07755e-01 4.61369e-02
3.00447e+00 5.55930e-01 5.09019e-02
3.00447e+00 6.06005e-01 5.59574e-02
3.00447e+00 6.57930e-01 6.13152e-02
3.00447e+00 7.11655e-01 6.69867e-02
3.00447e+00 7.67127e-01 7.29817e-02
3.00447e+00 8.24292e-01 7.93076e-02
3.00447e+00 8.83095e-01 8.59681e-02
3.00447e+00 9.43478e-01 9.29618e-02
3.00447e+00 1.00538e+00 1.00281e-01
3.00447e+00 1.06875e+00 1.07907e-01
3.00447e+00 1.13351e+00 1.15815e-01
3.00447e+00 1.19960e+00 1.23963e-01
3.00447e+00 1.26697e+00 1.32294e-01
3.00447e+00 1.33555e+00 1.40737e-01
3.00447e+00 1.40526e+00 1.49198e-01
3.00447e+00 1.47604e+00 1.57564e-01
3.00447e+00 1.54782e+00 1.65700e-01
3.00447e+00 1.62053e+00 1.73450e-01
3.00447e+00 1.69410e+00 1.80636e-01
3.00447e+00 1.76846e+00 1.87067e-01
3.00447e+00 1.84353e+00 1.92538e-01
3.00447e+00 1.91924e+00 1.96841e-01
3.00447e+00 1.99553e+00 1.99771e-01
3.00447e+00 2.07230e+00 2.01140e-01
3.00447e+00 2.14949e+00 2.00787e-01
3.00447e+00 2.22703e+00 1.98591e-01
3.00447e+00 2.30483e+00 1.94485e-01
3.00447e+00 2.38282e+00 1.88465e-01
3.00447e+00 2.46093e+00 1.80597e-01
3.00447e+00 2.53907e+00 1.71025e-01
3.00447e+00 2.61718e+00 1.59961e-01
3.00447e+00 2.69517e+00 1.47685e-01
3.00447e+00 2.77297e+00 1.34524e-01
3.00447e+00 2.85051e+00 1.20836e-01
3.00447e+00 2.92770e+00 1.06990e-01
3.00447e+00 3.00447e+00 9.33385e-02
3.00447e+00 3.08076e+00 8.02047e-02
3.00447e+00 3.15647e+00 6.78627e-02
3.00447e+00 3.23154e+00 5.65272e-02
3.00447e+00 3.30590e+00 4.63466e-02
3.00447e+00 3.37947e+00 3.74018e-02
3.00447e+00 3.45218e+00 2.97104e-02
3.00447e+00 3.52396e+00 2.32343e-02
3.00447e+00 3.59474e+00 1.78926e-02
3.00447e+00 3.66445e+00 1.35736e-02
3.00447e+00 3.73303e+00 1.01485e-02
3.00447e+00 3.80040e+00 7.48255e-03
3.00447e+00 3.86649e+00 5.44425e-03
3.00447e+00 3.93125e+00 3.91217e-03
3.00447e+00 3.99462e+00 2.77899e-03
3.00447e+00 4.05652e+00 1.95339e-03
3.00447e+00 4.11690e+00 1.36024e-03
3.00447e+00 4.17571e+00 9.39497e-04
3.00447e+00 4.23287e+00 6.44477e-04
3.00447e+00 4.28835e+00 4.39706e-04
3.00447e+00 4.34207e+00 2.98820e-04
3.00447e+00 4.39400e+00 2.02596e-04
3.00447e+00 4.44407e+00 1.37256e-04
3.00447e+00 4.49224e+00 9.30778e-05
3.00447e+00 4.53847e+00 6.32887e-05
3.00447e+00 4.58271e+00 4.32252e-05
3.00447e+00 4.62491e+00 2.97066e-05
3.00447e+00 4.66504e+00 2.05805e-05
3.00447e+00 4.70305e+00 1.43986e-05
3.00447e+00 4.73890e+00 1.01911e-05
3.00447e+00 4.77257e+00 7.30989e-06
3.00447e+00 4.80402e+00 5.32272e-06
3.00447e+00 4.83322e+00 3.94097e-06
3.00447e+00 4.86014e+00 2.97172e-06
3.00447e+00 4.88475e+00 2.28559e-06
3.00447e+00 4.90703e+00 1.79551e-06
3.00447e+00 4.92696e+00 1.44260e-06
3.00447e+00 4.94452e+00 1.18683e-06
3.00447e+00 4.95969e+00 1.00089e-06
3.00447e+00 4.97246e+00 8.66059e-07
3.00447e+00 4.98281e+00 7.69520e-07
3.00447e+00 4.99074e+00 7.02573e-07
3.00447e+00 4.99623e+00 6.59451e-07
3.00447e+00 4.99928e+00 6.36563e-07
3.08076e+00 7.15683e-04 5.49874e-05
3.08076e+00 3.77012e-03 2.89667e-04
3.08076e+00 9.26216e-03 7.11642e-04
3.08076e+00 1.71877e-02 1.32063e-03
3.08076e+00 2.75390e-02 2.11614e-03
3.08076e+00 4.03061e-02 3.09763e-03
3.08076e+00 5.54766e-02 4.26454e-03
3.08076e+00 7.30356e-02 5.61639e-03
3.08076e+00 9.29659e-02 7.15290e-03
3.08076e+00 1.15248e-01 8.87405e-03
3.08076e+00 1.39860e-01 1.07802e-02
3.08076e+00 1.66779e-01 1.28723e-02
3.08076e+00 1.95977e-01 1.51518e-02
3.08076e+00 2.27426e-01 1.76211e-02
3.08076e+00 2.61096e-01 2.02831e-02
3.08076e+00 2.96953e-01 2.31420e-02
3.08076e+00 3.34963e-01 2.62027e-02
3.08076e+00 3.75089e-01 2.94714e-02
3.08076e+00 4.17290e-01 3.29551e-02
3.08076e+00 4.61527e-01 3.66618e-02
3.08076e+00 5.07755e-01 4.06005e-02
3.08076e+00 5.55930e-01 4.47806e-02
3.08076e+00 6.06005e-01 4.92120e-02
3.08076e+00 6.57930e-01 5.39042e-02
3.08076e+00 7.11655e-01 5.88665e-02
3.08076e+00 7.67127e-01 6.41066e-02
3.08076e+00 8.24292e-01 6.96298e-02
3.08076e+00 8.83095e-01 7.54384e-02
3.08076e+00 9.43478e-01 8.15302e-02
3.08076e+00 1.00538e+00 8.78969e-02
3.08076e+00 1.06875e+00 9.45225e-02
3.08076e+00 1.13351e+00 1.01382e-01
3.08076e+00 1.19960e+00 1.08439e-01
3.08076e+00 1.26697e+00 1.15643e-01
3.08076e+00 1.33555e+00 1.22930e-01
3.08076e+00 1.40526e+00 1.30219e-01
3.08076e+00 1.47604e+00 1.37411e-01
3.08076e+00 1.54782e+00 1.44387e-01
3.08076e+00 1.62053e+00 1.51013e-01
3.08076e+00 1.69410e+00 1.57135e-01
3.08076e+00 1.76846e+00 1.62590e-01
3.08076e+00 1.84353e+00 1.67200e-01
3.08076e+00 1.91924e+00 1.70789e-01
3.08076e+00 1.99553e+00 1.73182e-01
3.08076e+00 2.07230e+00 1.74222e-01
3.08076e+00 2.14949e+00 1.73772e-01
3.08076e+00 2.22703e+00 1.71736e-01
3.08076e+00 2.30483e+00 1.68057e-01
3.08076e+00 2.38282e+00 1.62738e-01
3.08076e+00 2.46093e+00 1.55840e-01
3.08076e+00 2.53907e+00 1.47487e-01
3.08076e+00 2.61718e+00 1.37864e-01
3.08076e+00 2.69517e+00 1.27210e-01
3.08076e+00 2.77297e+00 1.15808e-01
3.08076e+00 2.85051e+00 1.03964e-01
3.08076e+00 2.92770e+00 9.19945e-02
3.08076e+00 3.00447e+00 8.02047e-02
3.08076e+00 3.08076e+00 6.88727e-02
3.08076e+00 3.15647e+00 5.82343e-02
3.08076e+00 3.23154e+00 4.84735e-02
3.08076e+00 3.30590e+00 3.97161e-02
3.08076e+00 3.37947e+00 3.20296e-02
3.08076e+00 3.45218e+00 2.54262e-02
3.08076e+00 3.52396e+00 1.98714e-02
3.08076e+00 3.59474e+00 1.52934e-02
3.08076e+00 3.66445e+00 1.15949e-02
3.08076e+00 3.73303e+00 8.66413e-03
3.08076e+00 3.80040e+00 6.38456e-03
3.08076e+00 3.86649e+00 4.64287e-03
3.08076e+00 3.93125e+00 3.33459e-03
3.08076e+00 3.99462e+00 2.36753e-03
3.08076e+00 4.05652e+00 1.66337e-03
3.08076e+00 4.11690e+00 1.15775e-03
3.08076e+00 4.17571e+00 7.99295e-04
3.08076e+00 4.23287e+00 5.48072e-04
3.08076e+00 4.28835e+00 3.73783e-04
3.08076e+00 4.34207e+00 2.53922e-04
3.08076e+00 4.39400e+00 1.72093e-04
3.08076e+00 4.44407e+00 1.16551e-04
3.08076e+00 4.49224e+00 7.90112e-05
3.08076e+00 4.53847e+00 5.37074e-05
3.08076e+00 4.58271e+00 3.66706e-05
3.08076e+00 4.62491e+00 2.51951e-05
3.08076e+00 4.66504e+00 1.74504e-05
3.08076e+00 4.70305e+00 1.22058e-05
3.08076e+00 4.73890e+00 8.63712e-06
3.08076e+00 4.77257e+00 6.19397e-06
3.08076e+00 4.80402e+00 4.50928e-06
3.08076e+00 4.83322e+00 3.33811e-06
3.08076e+00 4.86014e+00 2.51672e-06
3.08076e+00 4.88475e+00 1.93536e-06
3.08076e+00 4.90703e+00 1.52018e-06
3.08076e+00 4.92696e+00 1.22124e-06
3.08076e+00 4.94452e+00 1.00462e-06
3.08076e+00 4.95969e+00 8.47148e-07
3.08076e+00 4.97246e+00 7.32972e-07
3.08076e+00 4.98281e+00 6.51229e-07
3.08076e+00 4.99074e+00 5.94546e-07
3.08076e+00 4.99623e+00 5.58037e-07
3.08076e+00 4.99928e+00 5.38660e-07
3.15647e+00 7.15683e-04 4.77637e-05
3.15647e+00 3.77012e-03 2.51613e-04
3.15647e+00 9.26216e-03 6.18152e-04
3.15647e+00 1.71877e-02 1.14713e-03
3.15647e+00 2.75390e-02 1.83814e-03
3.15647e+00 4.03061e-02 2.69067e-03
3.15647e+00 5.54766e-02 3.70423e-03
3.15647e+00 7.30356e-02 4.87840e-03
3.15647e+00 9.29659e-02 6.21288e-03
3.15647e+00 1.15248e-01 7.70761e-03
3.15647e+00 1.39860e-01 9.36287e-03
3.15647e+00 1.66779e-01 1.11793e-02
3.15647e+00 1.95977e-01 1.31582e-02
3.15647e+00 2.27426e-01 1.53012e-02
3.15647e+00 2.61096e-01 1.76110e-02
3.15647e+00 2.96953e-01 2.00908e-02
3.15647e+00 3.34963e-01 2.27447e-02
3.15647e+00 3.75089e-01 2.55776e-02
3.15647e+00 4.17290e-01 2.85952e-02
3.15647e+00 4.61527e-01 3.18042e-02
3.15647e+00 5.07755e-01 3.52117e-02
3.15647e+00 5.55930e-01 3.88254e-02
3.15647e+00 6.06005e-01 4.26532e-02
3.15647e+00 6.57930e-01 4.67028e-02
3.15647e+00 7.11655e-01 5.09813e-02
3.15647e+00 7.67127e-01 5.54946e-02
3.15647e+00 8.24292e-01 6.02466e-02
3.15647e+00 8.83095e-01 6.52384e-02
3.15647e+00 9.43478e-01 7.04669e-02
3.15647e+00 1.00538e+00 7.59242e-02
3.15647e+00 1.06875e+00 8.15956e-02
3.15647e+00 1.13351e+00 8.74586e-02
3.15647e+00 1.19960e+00 9.34808e-02
3.15647e+00 1.26697e+00 9.96188e-02
3.15647e+00 1.33555e+00 1.05816e-01
3.15647e+00 1.40526e+00 1.12003e-01
3.15647e+00 1.47604e+00 1.18094e-01
3.15647e+00 1.54782e+00 1.23988e-01
3.15647e+00 1.62053e+00 1.29569e-01
3.15647e+00 1.69410e+00 1.34708e-01
3.15647e+00 1.76846e+00 1.39264e-01
3.15647e+00 1.84353e+00 1.43090e-01
3.15647e+00 1.91924e+00 1.46035e-01
3.15647e+00 1.99553e+00 1.47954e-01
3.15647e+00 2.07230e+00 1.48715e-01
3.15647e+00 2.14949e+00 1.48207e-01
3.15647e+00 2.22703e+00 1.46349e-01
3.15647e+00 2.30483e+00 1.43099e-01
3.15647e+00 2.38282e+00 1.38462e-01
3.15647e+00 2.46093e+00 1.32494e-01
3.15647e+00 2.53907e+00 1.25301e-01
3.15647e+00 2.61718e+00 1.17044e-01
3.15647e+00 2.69517e+00 1.07926e-01
3.15647e+00 2.77297e+00 9.81861e-02
3.15647e+00 2.85051e+00 8.80855e-02
3.15647e+00 2.92770e+00 7.78915e-02
3.15647e+00 3.00447e+00 6.78627e-02
3.15647e+00 3.08076e+00 5.82343e-02
3.15647e+00 3.15647e+00 4.92053e-02
3.15647e+00 3.23154e+00 4.09298e-02
3.15647e+00 3.30590e+00 3.35129e-02
3.15647e+00 3.37947e+00 2.70092e-02
3.15647e+00 3.45218e+00 2.14272e-02
3.15647e+00 3.52396e+00 1.67357e-02
3.15647e+00 3.59474e+00 1.28723e-02
3.15647e+00 3.66445e+00 9.75368e-03
3.15647e+00 3.73303e+00 7.28420e-03
3.15647e+00 3.80040e+00 5.36478e-03
3.15647e+00 3.86649e+00 3.89924e-03
3.15647e+00 3.93125e+00 2.79909e-03
3.15647e+00 3.99462e+00 1.98636e-03
3.15647e+00 4.05652e+00 1.39493e-03
3.15647e+00 4.11690e+00 9.70473e-04
3.15647e+00 4.17571e+00 6.69713e-04
3.15647e+00 4.23287e+00 4.59029e-04
3.15647e+00 4.28835e+00 3.12934e-04
3.15647e+00 4.34207e+00 2.12507e-04
3.15647e+00 4.39400e+00 1.43973e-04
3.15647e+00 4.44407e+00 9.74735e-05
3.15647e+00 4.49224e+00 6.60573e-05
3.15647e+00 4.53847e+00 4.48885e-05
3.15647e+00 4.58271e+00 3.06404e-05
3.15647e+00 4.62491e+00 2.10463e-05
3.15647e+00 4.66504e+00 1.45733e-05
3.15647e+00 4.70305e+00 1.01910e-05
3.15647e+00 4.73890e+00 7.20976e-06
3.15647e+00 4.77257e+00 5.16930e-06
3.15647e+00 4.80402e+00 3.76260e-06
3.15647e+00 4.83322e+00 2.78488e-06
3.15647e+00 4.86014e+00 2.09928e-06
3.15647e+00 4.88475e+00 1.61412e-06
3.15647e+00 4.90703e+00 1.26768e-06
3.15647e+00 4.92696e+00 1.01828e-06
3.15647e+00 4.94452e+00 8.37574e-07
3.15647e+00 4.95969e+00 7.06228e-07
3.15647e+00 4.97246e+00 6.11000e-07
3.15647e+00 4.98281e+00 5.42828e-07
3.15647e+00 4.99074e+00 4.95558e-07
3.15647e+00 4.99623e+00 4.65113e-07
3.15647e+00 4.99928e+00 4.48955e-07
3.23154e+00 7.15683e-04 4.08507e-05
3.23154e+00 3.77012e-03 2.15197e-04
3.23154e+00 9.26216e-03 5.28685e-04
3.23154e+00 1.71877e-02 9.81105e-04
3.23154e+00 2.75390e-02 1.57209e-03
3.23154e+00 4.03061e-02 2.30122e-03
3.23154e+00 5.54766e-02 3.16805e-03
3.23154e+00 7.30356e-02 4.17220e-03
3.23154e+00 9.29659e-02 5.31339e-03
3.23154e+00 1.15248e-01 6.59153e-03
3.23154e+00 1.39860e-01 8.00678e-03
3.23154e+00 1.66779e-01 9.55966e-03
3.23154e+00 1.95977e-01 1.12511e-02
3.23154e+00 2.27426e-01 1.30825e-02
3.23154e+00 2.61096e-01 1.50558e-02
3.23154e+00 2.96953e-01 1.71737e-02
3.23154e+00 3.34963e-01 1.94394e-02
3.23154e+00 3.75089e-01 2.18569e-02
3.23154e+00 4.17290e-01 2.44307e-02
3.23154e+00 4.61527e-01 2.71661e-02
3.23154e+00 5.07755e-01 3.00688e-02
3.23154e+00 5.55930e-01 3.31449e-02
3.23154e+00 6.06005e-01 3.64005e-02
3.23154e+00 6.57930e-01 3.98418e-02
3.23154e+00 7.11655e-01 4.34742e-02
3.23154e+00 7.67127e-01 4.73019e-02
3.23154e+00 8.24292e-01 5.13276e-02
3.23154e+00 8.83095e-01 5.55515e-02
3.23154e+00 9.43478e-01 5.99703e-02
3.23154e+00 1.00538e+00 6.45764e-02
3.23154e+00 1.06875e+00 6.93567e-02
3.23154e+00 1.13351e+00 7.42912e-02
3.23154e+00 1.19960e+00 7.93518e-02
3.23154e+00 1.26697e+00 8.45012e-02
3.23154e+00 1.33555e+00 8.96913e-02
3.23154e+00 1.40526e+00 9.48622e-02
3.23154e+00 1.47604e+00 9.99417e-02
3.23154e+00 1.54782e+00 1.04845e-01
3.23154e+00 1.62053e+00 1.09474e-01
3.23154e+00 1.69410e+00 1.13721e-01
3.23154e+00 1.76846e+00 1.17468e-01
3.23154e+00 1.84353e+00 1.20593e-01
3.23154e+00 1.91924e+00 1.22970e-01
3.23154e+00 1.99553e+00 1.24480e-01
3.23154e+00 2.07230e+00 1.25014e-01
3.23154e+00 2.14949e+00 1.24482e-01
3.23154e+00 2.22703e+00 1.22819e-01
3.23154e+00 2.30483e+00 1.19994e-01
3.23154e+00 2.38282e+00 1.16013e-01
3.23154e+00 2.46093e+00 1.10925e-01
3.23154e+00 2.53907e+00 1.04823e-01
3.23154e+00 2.61718e+00 9.78416e-02
3.23154e+00 2.69517e+00 9.01535e-02
3.23154e+00 2.77297e+00 8.19586e-02
3.23154e+00 2.85051e+00 7.34750e-02
3.23154e+00 2.92770e+00 6.49261e-02
3.23154e+00 3.00447e+00 5.65272e-02
3.23154e+00 3.08076e+00 4.84735e-02
3.23154e+00 3.15647e+00 4.09298e-02
3.23154e+00 3.23154e+00 3.40234e-02
3.23154e+00 3.30590e+00 2.78396e-02
3.23154e+00 3.37947e+00 2.24226e-02
3.23154e+00 3.45218e+00 1.77775e-02
3.23154e+00 3.52396e+00 1.38767e-02
3.23154e+00 3.59474e+00 1.06671e-02
3.23154e+00 3.66445e+00 8.07813e-03
3.23154e+00 3.73303e+00 6.02957e-03
3.23154e+00 3.80040e+00 4.43840e-03
3.23154e+00 3.86649e+00 3.22428e-03
3.23154e+00 3.93125e+00 2.31343e-03
3.23154e+00 3.99462e+00 1.64094e-03
3.23154e+00 4.05652e+00 1.15183e-03
3.23154e+00 4.11690e+00 8.00996e-04
3.23154e+00 4.17571e+00 5.52527e-04
3.23154e+00 4.23287e+00 3.78558e-04
3.23154e+00 4.28835e+00 2.57975e-04
3.23154e+00 4.34207e+00 1.75122e-04
3.23154e+00 4.39400e+00 1.18604e-04
3.23154e+00 4.44407e+00 8.02712e-05
3.23154e+00 4.49224e+00 5.43824e-05
3.23154e+00 4.53847e+00 3.69440e-05
3.23154e+00 4.58271e+00 2.52106e-05
3.23154e+00 4.62491e+00 1.73121e-05
3.23154e+00 4.66504e+00 1.19846e-05
3.23154e+00 4.70305e+00 8.37877e-06
3.23154e+00 4.73890e+00 5.92642e-06
3.23154e+00 4.77257e+00 4.24831e-06
3.23154e+00 4.80402e+00 3.09167e-06
3.23154e+00 4.83322e+00 2.28789e-06
3.23154e+00 4.86014e+00 1.72438e-06
3.23154e+00 4.88475e+00 1.32567e-06
3.23154e+00 4.90703e+00 1.04101e-06
3.23154e+00 4.92696e+00 8.36111e-07
3.23154e+00 4.94452e+00 6.87665e-07
3.23154e+00 4.95969e+00 5.79777e-07
3.23154e+00 4.97246e+00 5.01564e-07
3.23154e+00 4.98281e+00 4.45577e-07
3.23154e+00 4.99074e+00 4.06758e-07
3.23154e+00 4.99623e+00 3.81757e-07
3.23154e+00 4.99928e+00 3.68488e-07
3.30590e+00 7.15683e-04 3.43791e-05
3.30590e+00 3.77012e-03 1.81105e-04
3.30590e+00 9.26216e-03 4.44930e-04
3.30590e+00 1.71877e-02 8.25675e-04
3.30590e+00 2.75390e-02 1.32303e-03
3.30590e+00 4.03061e-02 1.93664e-03
3.30590e+00 5.54766e-02 2.66611e-03
3.30590e+00 7.30356e-02 3.51112e-03
3.30590e+00 9.29659e-02 4.47140e-03
3.30590e+00 1.15248e-01 5.54684e-03
3.30590e+00 1.39860e-01 6.73754e-03
3.30590e+00 1.66779e-01 8.04385e-03
3.30590e+00 1.95977e-01 9.46647e-03
3.30590e+00 2.27426e-01 1.10065e-02
3.30590e+00 2.61096e-01 1.26654e-02
3.30590e+00 2.96953e-01 1.44454e-02
3.30590e+00 3.34963e-01 1.63488e-02
3.30590e+00 3.75089e-01 1.83788e-02
3.30590e+00 4.17290e-01 2.05391e-02
3.30590e+00 4.61527e-01 2.28336e-02
3.30590e+00 5.07755e-01 2.52669e-02
3.30590e+00 5.55930e-01 2.78437e-02
3.30590e+00 6.06005e-01 3.05688e-02
3.30590e+00 6.57930e-01 3.34467e-02
3.30590e+00 7.11655e-01 3.64815e-02
3.30590e+00 7.67127e-01 3.96764e-02
3.30590e+00 8.24292e-01 4.30329e-02
3.30590e+00 8.83095e-01 4.65505e-02
3.30590e+00 9.43478e-01 5.02260e-02
3.30590e+00 1.00538e+00 5.40524e-02
3.30590e+00 1.06875e+00 5.80180e-02
3.30590e+00 1.13351e+00 6.21056e-02
3.30590e+00 1.19960e+00 6.62914e-02
3.30590e+00 1.26697e+00 7.05435e-02
3.30590e+00 1.33555e+00 7.48216e-02
3.30590e+00 1.40526e+00 7.90757e-02
3.30590e+00 1.47604e+00 8.32455e-02
3.30590e+00 1.54782e+00 8.72604e-02
3.30590e+00 1.62053e+00 9.10399e-02
3.30590e+00 1.69410e+00 9.44945e-02
3.30590e+00 1.76846e+00 9.75276e-02
3.30590e+00 1.84353e+00 1.00038e-01
3.30590e+00 1.91924e+00 1.01925e-01
3.30590e+00 1.99553e+00 1.03091e-01
3.30590e+00 2.07230e+00 1.03447e-01
3.30590e+00 2.14949e+00 1.02921e-01
3.30590e+00 2.22703e+00 1.01463e-01
3.30590e+00 2.30483e+00 9.90484e-02
3.30590e+00 2.38282e+00 9.56853e-02
3.30590e+00 2.46093e+00 9.14164e-02
3.30590e+00 2.53907e+00 8.63205e-02
3.30590e+00 2.61718e+00 8.05104e-02
3.30590e+00 2.69517e+00 7.41286e-02
3.30590e+00 2.77297e+00 6.73409e-02
3.30590e+00 2.85051e+00 6.03269e-02
3.30590e+00 2.92770e+00 5.32700e-02
3.30590e+00 3.00447e+00 4.63466e-02
3.30590e+00 3.08076e+00 3.97161e-02
3.30590e+00 3.15647e+00 3.35129e-02
3.30590e+00 3.23154e+00 2.78396e-02
3.30590e+00 3.30590e+00 2.27652e-02
3.30590e+00 3.37947e+00 1.83241e-02
3.30590e+00 3.45218e+00 1.45193e-02
3.30590e+00 3.52396e+00 1.13268e-02
3.30590e+00 3.59474e+00 8.70199e-03
3.30590e+00 3.66445e+00 6.58634e-03
3.30590e+00 3.73303e+00 4.91346e-03
3.30590e+00 3.80040e+00 3.61496e-03
3.30590e+00 3.86649e+00 2.62479e-03
3.30590e+00 3.93125e+00 1.88239e-03
3.30590e+00 3.99462e+00 1.33458e-03
3.30590e+00 4.05652e+00 9.36372e-04
3.30590e+00 4.11690e+00 6.50889e-04
3.30590e+00 4.17571e+00 4.48800e-04
3.30590e+00 4.23287e+00 3.07370e-04
3.30590e+00 4.28835e+00 2.09385e-04
3.30590e+00 4.34207e+00 1.42087e-04
3.30590e+00 4.39400e+00 9.61976e-05
3.30590e+00 4.44407e+00 6.50858e-05
3.30590e+00 4.49224e+00 4.40811e-05
3.30590e+00 4.53847e+00 2.99373e-05
3.30590e+00 4.58271e+00 2.04236e-05
3.30590e+00 4.62491e+00 1.40213e-05
3.30590e+00 4.66504e+00 9.70411e-06
3.30590e+00 4.70305e+00 6.78290e-06
3.30590e+00 4.73890e+00 4.79662e-06
3.30590e+00 4.77257e+00 3.43775e-06
3.30590e+00 4.80402e+00 2.50133e-06
3.30590e+00 4.83322e+00 1.85072e-06
3.30590e+00 4.86014e+00 1.39467e-06
3.30590e+00 4.88475e+00 1.07205e-06
3.30590e+00 4.90703e+00 8.41748e-07
3.30590e+00 4.92696e+00 6.75991e-07
3.30590e+00 4.94452e+00 5.55919e-07
3.30590e+00 4.95969e+00 4.68662e-07
3.30590e+00 4.97246e+00 4.05411e-07
3.30590e+00 4.98281e+00 3.60136e-07
3.30590e+00 4.99074e+00 3.28747e-07
3.30590e+00 4.99623e+00 3.08531e-07
3.30590e+00 4.99928e+00 2.97803e-07
3.37947e+00 7.15683e-04 2.84601e-05
3.37947e+00 3.77012e-03 1.49924e-04
3.37947e+00 9.26216e-03 3.68327e-04
3.37947e+00 1.71877e-02 6.83519e-04
3.37947e+00 2.75390e-02 1.09524e-03
3.37947e+00 4.03061e-02 1.60319e-03
3.37947e+00 5.54766e-02 2.20705e-03
3.37947e+00 7.30356e-02 2.90653e-03
3.37947e+00 9.29659e-02 3.70138e-03
3.37947e+00 1.15248e-01 4.59150e-03
3.37947e+00 1.39860e-01 5.57691e-03
3.37947e+00 1.66779e-01 6.65787e-03
3.37947e+00 1.95977e-01 7.83489e-03
3.37947e+00 2.27426e-01 9.10878e-03
3.37947e+00 2.61096e-01 1.04807e-02
3.37947e+00 2.96953e-01 1.19522e-02
3.37947e+00 3.34963e-01 1.35253e-02
3.37947e+00 3.75089e-01 1.52022e-02
3.37947e+00 4.17290e-01 1.69859e-02
3.37947e+00 4.61527e-01 1.88794e-02
3.37947e+00 5.07755e-01 2.08862e-02
3.37947e+00 5.55930e-01 2.30098e-02
3.37947e+00 6.06005e-01 2.52538e-02
3.37947e+00 6.57930e-01 2.76218e-02
3.37947e+00 7.11655e-01 3.01165e-02
3.37947e+00 7.67127e-01 3.27402e-02
3.37947e+00 8.24292e-01 3.54937e-02
3.37947e+00 8.83095e-01 3.83762e-02
3.37947e+00 9.43478e-01 4.13845e-02
3.37947e+00 1.00538e+00 4.45122e-02
3.37947e+00 1.06875e+00 4.77495e-02
3.37947e+00 1.13351e+00 5.10816e-02
3.37947e+00 1.19960e+00 5.44886e-02
3.37947e+00 1.26697e+00 5.79440e-02
3.37947e+00 1.33555e+00 6.14144e-02
3.37947e+00 1.40526e+00 6.48587e-02
3.37947e+00 1.47604e+00 6.82274e-02
3.37947e+00 1.54782e+00 7.14630e-02
3.37947e+00 1.62053e+00 7.44999e-02
3.37947e+00 1.69410e+00 7.72654e-02
3.37947e+00 1.76846e+00 7.96813e-02
3.37947e+00 1.84353e+00 8.16664e-02
3.37947e+00 1.91924e+00 8.31389e-02
3.37947e+00 1.99553e+00 8.40210e-02
3.37947e+00 2.07230e+00 8.42427e-02
3.37947e+00 2.14949e+00 8.37468e-02
3.37947e+00 2.22703e+00 8.24939e-02
3.37947e+00 2.30483e+00 8.04664e-02
3.37947e+00 2.38282e+00 7.76729e-02
3.37947e+00 2.46093e+00 7.41499e-02
3.37947e+00 2.53907e+00 6.99628e-02
3.37947e+00 2.61718e+00 6.52045e-02
3.37947e+00 2.69517e+00 5.99915e-02
3.37947e+00 2.77297e+00 5.44586e-02
3.37947e+00 2.85051e+00 4.87515e-02
3.37947e+00 2.92770e+00 4.30185e-02
3.37947e+00 3.00447e+00 3.74018e-02
3.37947e+00 3.08076e+00 3.20296e-02
3.37947e+00 3.15647e+00 2.70092e-02
3.37947e+00 3.23154e+00 2.24226e-02
3.37947e+00 3.30590e+00 1.83241e-02
3.37947e+00 3.37947e+00 1.47405e-02
3.37947e+00 3.45218e+00 1.16729e-02
3.37947e+00 3.52396e+00 9.10102e-03
3.37947e+00 3.59474e+00 6.98815e-03
3.37947e+00 3.66445e+00 5.28634e-03
3.37947e+00 3.73303e+00 3.94161e-03
3.37947e+00 3.80040e+00 2.89849e-03
3.37947e+00 3.86649e+00 2.10355e-03
3.37947e+00 3.93125e+00 1.50787e-03
3.37947e+00 3.99462e+00 1.06858e-03
3.37947e+00 4.05652e+00 7.49414e-04
3.37947e+00 4.11690e+00 5.20715e-04
3.37947e+00 4.17571e+00 3.58901e-04
3.37947e+00 4.23287e+00 2.45707e-04
3.37947e+00 4.28835e+00 1.67319e-04
3.37947e+00 4.34207e+00 1.13501e-04
3.37947e+00 4.39400e+00 7.68190e-05
3.37947e+00 4.44407e+00 5.19582e-05
3.37947e+00 4.49224e+00 3.51796e-05
3.37947e+00 4.53847e+00 2.38852e-05
3.37947e+00 4.58271e+00 1.62904e-05
3.37947e+00 4.62491e+00 1.11809e-05
3.37947e+00 4.66504e+00 7.73650e-06
3.37947e+00 4.70305e+00 5.40639e-06
3.37947e+00 4.73890e+00 3.82242e-06
3.37947e+00 4.77257e+00 2.73901e-06
3.37947e+00 4.80402e+00 1.99257e-06
3.37947e+00 4.83322e+00 1.47405e-06
3.37947e+00 4.86014e+00 1.11065e-06
3.37947e+00 4.88475e+00 8.53616e-07
3.37947e+00 4.90703e+00 6.70157e-07
3.37947e+00 4.92696e+00 5.38132e-07
3.37947e+00 4.94452e+00 4.42505e-07
3.37947e+00 4.95969e+00 3.73019e-07
3.37947e+00 4.97246e+00 3.22654e-07
3.37947e+00 4.98281e+00 2.86605e-07
3.37947e+00 4.99074e+00 2.61614e-07
3.37947e+00 4.99623e+00 2.45519e-07
3.37947e+00 4.99928e+00 2.36978e-07
3.45218e+00 7.15683e-04 2.31732e-05
3.45218e+00 3.77012e-03 1.22073e-04
3.45218e+00 9.26216e-03 2.99904e-04
3.45218e+00 1.71877e-02 5.56543e-04
3.45218e+00 2.75390e-02 8.91779e-04
3.45218e+00 4.03061e-02 1.30536e-03
3.45218e+00 5.54766e-02 1.79702e-03
3.45218e+00 7.30356e-02 2.36652e-03
3.45218e+00 9.29659e-02 3.01364e-03
3.45218e+00 1.15248e-01 3.73827e-03
3.45218e+00 1.39860e-01 4.54040e-03
3.45218e+00 1.66779e-01 5.42021e-03
3.45218e+00 1.95977e-01 6.37805e-03
3.45218e+00 2.27426e-01 7.41452e-03
3.45218e+00 2.61096e-01 8.53049e-03
3.45218e+00 2.96953e-01 9.72711e-03
3.45218e+00 3.34963e-01 1.10059e-02
3.45218e+00 3.75089e-01 1.23685e-02
3.45218e+00 4.17290e-01 1.38172e-02
3.45218e+00 4.61527e-01 1.53543e-02
3.45218e+00 5.07755e-01 1.69823e-02
3.45218e+00 5.55930e-01 1.87040e-02
3.45218e+00 6.06005e-01 2.05219e-02
3.45218e+00 6.57930e-01 2.24387e-02
3.45218e+00 7.11655e-01 2.44563e-02
3.45218e+00 7.67127e-01 2.65761e-02
3.45218e+00 8.24292e-01 2.87986e-02
3.45218e+00 8.83095e-01 3.11226e-02
3.45218e+00 9.43478e-01 3.35452e-02
3.45218e+00 1.00538e+00 3.60609e-02
3.45218e+00 1.06875e+00 3.86614e-02
3.45218e+00 1.13351e+00 4.13343e-02
3.45218e+00 1.19960e+00 4.40631e-02
3.45218e+00 1.26697e+00 4.68265e-02
3.45218e+00 1.33555e+00 4.95970e-02
3.45218e+00 1.40526e+00 5.23414e-02
3.45218e+00 1.47604e+00 5.50199e-02
3.45218e+00 1.54782e+00 5.75863e-02
3.45218e+00 1.62053e+00 5.99878e-02
3.45218e+00 1.69410e+00 6.21667e-02
3.45218e+00 1.76846e+00 6.40605e-02
3.45218e+00 1.84353e+00 6.56047e-02
3.45218e+00 1.91924e+00 6.67349e-02
3.45218e+00 1.99553e+00 6.73895e-02
3.45218e+00 2.07230e+00 6.75138e-02
3.45218e+00 2.14949e+00 6.70635e-02
3.45218e+00 2.22703e+00 6.60084e-02
3.45218e+00 2.30483e+00 6.43360e-02
3.45218e+00 2.38282e+00 6.20547e-02
3.45218e+00 2.46093e+00 5.91951e-02
3.45218e+00 2.53907e+00 5.58107e-02
3.45218e+00 2.61718e+00 5.19765e-02
3.45218e+00 2.69517e+00 4.77863e-02
3.45218e+00 2.77297e+00 4.33482e-02
3.45218e+00 2.85051e+00 3.87784e-02
3.45218e+00 2.92770e+00 3.41949e-02
3.45218e+00 3.00447e+00 2.97104e-02
3.45218e+00 3.08076e+00 2.54262e-02
3.45218e+00 3.15647e+00 2.14272e-02
3.45218e+00 3.23154e+00 1.77775e-02
3.45218e+00 3.30590e+00 1.45193e-02
3.45218e+00 3.37947e+00 1.16729e-02
3.45218e+00 3.45218e+00 9.23836e-03
3.45218e+00 3.52396e+00 7.19890e-03
3.45218e+00 3.59474e+00 5.52465e-03
3.45218e+00 3.66445e+00 4.17706e-03
3.45218e+00 3.73303e+00 3.11294e-03
3.45218e+00 3.80040e+00 2.28801e-03
3.45218e+00 3.86649e+00 1.65972e-03
3.45218e+00 3.93125e+00 1.18919e-03
3.45218e+00 3.99462e+00 8.42368e-04
3.45218e+00 4.05652e+00 5.90521e-04
3.45218e+00 4.11690e+00 4.10146e-04
3.45218e+00 4.17571e+00 2.82582e-04
3.45218e+00 4.23287e+00 1.93387e-04
3.45218e+00 4.28835e+00 1.31644e-04
3.45218e+00 4.34207e+00 8.92711e-05
3.45218e+00 4.39400e+00 6.04003e-05
3.45218e+00 4.44407e+00 4.08406e-05
3.45218e+00 4.49224e+00 2.76441e-05
3.45218e+00 4.53847e+00 1.87638e-05
3.45218e+00 4.58271e+00 1.27942e-05
3.45218e+00 4.62491e+00 8.77912e-06
3.45218e+00 4.66504e+00 6.07319e-06
3.45218e+00 4.70305e+00 4.24313e-06
3.45218e+00 4.73890e+00 2.99937e-06
3.45218e+00 4.77257e+00 2.14884e-06
3.45218e+00 4.80402e+00 1.56296e-06
3.45218e+00 4.83322e+00 1.15606e-06
3.45218e+00 4.86014e+00 8.70926e-07
3.45218e+00 4.88475e+00 6.69280e-07
3.45218e+00 4.90703e+00 5.25376e-07
3.45218e+00 4.92696e+00 4.21829e-07
3.45218e+00 4.94452e+00 3.46837e-07
3.45218e+00 4.95969e+00 2.92350e-07
3.45218e+00 4.97246e+00 2.52860e-07
3.45218e+00 4.98281e+00 2.24597e-07
3.45218e+00 4.99074e+00 2.05004e-07
3.45218e+00 4.99623e+00 1.92387e-07
3.45218e+00 4.99928e+00 1.85691e-07
3.52396e+00 7.15683e-04 1.85599e-05
3.52396e+00 3.77012e-03 9.77712e-05
3.52396e+00 9.26216e-03 2.40199e-04
3.52396e+00 1.71877e-02 4.45746e-04
3.52396e+00 2.75390e-02 7.14242e-04
3.52396e+00 4.03061e-02 1.04548e-03
3.52396e+00 5.54766e-02 1.43925e-03
3.52396e+00 7.30356e-02 1.89534e-03
3.52396e+00 9.29659e-02 2.41358e-03
3.52396e+00 1.15248e-01 2.99385e-03
3.52396e+00 1.39860e-01 3.63613e-03
3.52396e+00 1.66779e-01 4.34052e-03
3.52396e+00 1.95977e-01 5.10727e-03
3.52396e+00 2.27426e-01 5.93681e-03
3.52396e+00 2.61096e-01 6.82977e-03
3.52396e+00 2.96953e-01 7.78700e-03
3.52396e+00 3.34963e-01 8.80960e-03
3.52396e+00 3.75089e-01 9.89888e-03
3.52396e+00 4.17290e-01 1.10564e-02
3.52396e+00 4.61527e-01 1.22839e-02
3.52396e+00 5.07755e-01 1.35833e-02
3.52396e+00 5.55930e-01 1.49565e-02
3.52396e+00 6.06005e-01 1.64055e-02
3.52396e+00 6.57930e-01 1.79320e-02
3.52396e+00 7.11655e-01 1.95375e-02
3.52396e+00 7.67127e-01 2.12228e-02
3.52396e+00 8.24292e-01 2.29879e-02
3.52396e+00 8.83095e-01 2.48317e-02
3.52396e+00 9.43478e-01 2.67516e-02
3.52396e+00 1.00538e+00 2.87429e-02
3.52396e+00 1.06875e+00 3.07985e-02
3.52396e+00 1.13351e+00 3.29087e-02
3.52396e+00 1.19960e+00 3.50599e-02
3.52396e+00 1.26697e+00 3.72349e-02
3.52396e+00 1.33555e+00 3.94119e-02
3.52396e+00 1.40526e+00 4.15643e-02
3.52396e+00 1.47604e+00 4.36607e-02
3.52396e+00 1.54782e+00 4.56643e-02
3.52396e+00 1.62053e+00 4.75338e-02
3.52396e+00 1.69410e+00 4.92236e-02
3.52396e+00 1.76846e+00 5.06848e-02
3.52396e+00 1.84353e+00 5.18671e-02
3.52396e+00 1.91924e+00 5.27202e-02
3.52396e+00 1.99553e+00 5.31966e-02
3.52396e+00 2.07230e+00 5.32538e-02
3.52396e+00 2.14949e+00 5.28582e-02
3.52396e+00 2.22703e+00 5.19870e-02
3.52396e+00 2.30483e+00 5.06316e-02
3.52396e+00 2.38282e+00 4.87998e-02
3.52396e+00 2.46093e+00 4.65166e-02
3.52396e+00 2.53907e+00 4.38251e-02
3.52396e+00 2.61718e+00 4.07851e-02
3.52396e+00 2.69517e+00 3.74707e-02
3.52396e+00 2.77297e+00 3.39672e-02
3.52396e+00 2.85051e+00 3.03657e-02
3.52396e+00 2.92770e+00 2.67587e-02
3.52396e+00 3.00447e+00 2.32343e-02
3.52396e+00 3.08076e+00 1.98714e-02
3.52396e+00 3.15647e+00 1.67357e-02
3.52396e+00 3.23154e+00 1.38767e-02
3.52396e+00 3.30590e+00 1.13268e-02
3.52396e+00 3.37947e+00 9.10102e-03
3.52396e+00 3.45218e+00 7.19890e-03
3.52396e+00 3.52396e+00 5.60665e-03
3.52396e+00 3.59474e+00 4.30046e-03
3.52396e+00 3.66445e+00 3.24984e-03
3.52396e+00 3.73303e+00 2.42074e-03
3.52396e+00 3.80040e+00 1.77840e-03
3.52396e+00 3.86649e+00 1.28946e-03
3.52396e+00 3.93125e+00 9.23492e-04
3.52396e+00 3.99462e+00 6.53885e-04
3.52396e+00 4.05652e+00 4.58203e-04
3.52396e+00 4.11690e+00 3.18120e-04
3.52396e+00 4.17571e+00 2.19096e-04
3.52396e+00 4.23287e+00 1.49886e-04
3.52396e+00 4.28835e+00 1.01997e-04
3.52396e+00 4.34207e+00 6.91438e-05
3.52396e+00 4.39400e+00 4.67676e-05
3.52396e+00 4.44407e+00 3.16132e-05
3.52396e+00 4.49224e+00 2.13923e-05
3.52396e+00 4.53847e+00 1.45164e-05
3.52396e+00 4.58271e+00 9.89556e-06
3.52396e+00 4.62491e+00 6.78854e-06
3.52396e+00 4.66504e+00 4.69510e-06
3.52396e+00 4.70305e+00 3.27961e-06
3.52396e+00 4.73890e+00 2.31783e-06
3.52396e+00 4.77257e+00 1.66026e-06
3.52396e+00 4.80402e+00 1.20739e-06
3.52396e+00 4.83322e+00 8.92914e-07
3.52396e+00 4.86014e+00 6.72590e-07
3.52396e+00 4.88475e+00 5.16798e-07
3.52396e+00 4.90703e+00 4.05632e-07
3.52396e+00 4.92696e+00 3.25652e-07
3.52396e+00 4.94452e+00 2.67734e-07
3.52396e+00 4.95969e+00 2.25657e-07
3.52396e+00 4.97246e+00 1.95163e-07
3.52396e+00 4.98281e+00 1.73340e-07
3.52396e+00 4.99074e+00 1.58212e-07
3.52396e+00 4.99623e+00 1.48470e-07
3.52396e+00 4.99928e+00 1.43301e-07
3.59474e+00 7.15683e-04 1.46252e-05
3.59474e+00 3.77012e-03 7.70440e-05
3.59474e+00 9.26216e-03 1.89278e-04
3.59474e+00 1.71877e-02 3.51249e-04
3.59474e+00 2.75390e-02 5.62823e-04
3.59474e+00 4.03061e-02 8.23836e-04
3.59474e+00 5.54766e-02 1.13412e-03
3.59474e+00 7.30356e-02 1.49349e-03
3.59474e+00 9.29659e-02 1.90182e-03
3.59474e+00 1.15248e-01 2.35900e-03
3.59474e+00 1.39860e-01 2.86499e-03
3.59474e+00 1.66779e-01 3.41986e-03
3.59474e+00 1.95977e-01 4.02376e-03
3.59474e+00 2.27426e-01 4.67700e-03
3.59474e+00 2.61096e-01 5.38002e-03
3.59474e+00 2.96953e-01 6.13345e-03
3.59474e+00 3.34963e-01 6.93807e-03
3.59474e+00 3.75089e-01 7.79484e-03
3.59474e+00 4.17290e-01 8.70489e-03
3.59474e+00 4.61527e-01 9.66949e-03
3.59474e+00 5.07755e-01 1.06900e-02
3.59474e+00 5.55930e-01 1.17678e-02
3.59474e+00 6.06005e-01 1.29044e-02
3.59474e+00 6.57930e-01 1.41008e-02
3.59474e+00 7.11655e-01 1.53581e-02
3.59474e+00 7.67127e-01 1.66767e-02
3.59474e+00 8.24292e-01 1.80565e-02
3.59474e+00 8.83095e-01 1.94963e-02
3.59474e+00 9.43478e-01 2.09939e-02
3.59474e+00 1.00538e+00 2.25453e-02
3.59474e+00 1.06875e+00 2.41450e-02
3.59474e+00 1.13351e+00 2.57849e-02
3.59474e+00 1.19960e+00 2.74544e-02
3.59474e+00 1.26697e+00 2.91398e-02
3.59474e+00 1.33555e+00 3.08239e-02
3.59474e+00 1.40526e+00 3.24860e-02
3.59474e+00 1.47604e+00 3.41014e-02
3.59474e+00 1.54782e+00 3.56417e-02
3.59474e+00 1.62053e+00 3.70746e-02
3.59474e+00 1.69410e+00 3.83650e-02
3.59474e+00 1.76846e+00 3.94752e-02
3.59474e+00 1.84353e+00 4.03663e-02
3.59474e+00 1.91924e+00 4.10000e-02
3.59474e+00 1.99553e+00 4.13397e-02
3.59474e+00 2.07230e+00 4.13536e-02
3.59474e+00 2.14949e+00 4.10160e-02
3.59474e+00 2.22703e+00 4.03102e-02
3.59474e+00 2.30483e+00 3.92307e-02
3.59474e+00 2.38282e+00 3.77839e-02
3.59474e+00 2.46093e+00 3.59904e-02
3.59474e+00 2.53907e+00 3.38840e-02
3.59474e+00 2.61718e+00 3.15117e-02
3.59474e+00 2.69517e+00 2.89311e-02
3.59474e+00 2.77297e+00 2.62084e-02
3.59474e+00 2.85051e+00 2.34142e-02
3.59474e+00 2.92770e+00 2.06197e-02
3.59474e+00 3.00447e+00 1.78926e-02
3.59474e+00 3.08076e+00 1.52934e-02
3.59474e+00 3.15647e+00 1.28723e-02
3.59474e+00 3.23154e+00 1.06671e-02
3.59474e+00 3.30590e+00 8.70199e-03
3.59474e+00 3.37947e+00 6.98815e-03
3.59474e+00 3.45218e+00 5.52465e-03
3.59474e+00 3.52396e+00 4.30046e-03
3.59474e+00 3.59474e+00 3.29691e-03
3.59474e+00 3.66445e+00 2.49024e-03
3.59474e+00 3.73303e+00 1.85405e-03
3.59474e+00 3.80040e+00 1.36146e-03
3.59474e+00 3.86649e+00 9.86713e-04
3.59474e+00 3.93125e+00 7.06366e-04
3.59474e+00 3.99462e+00 4.99942e-04
3.59474e+00 4.05652e+00 3.50191e-04
3.59474e+00 4.11690e+00 2.43037e-04
3.59474e+00 4.17571e+00 1.67324e-04
3.59474e+00 4.23287e+00 1.14428e-04
3.59474e+00 4.28835e+00 7.78418e-05
3.59474e+00 4.34207e+00 5.27524e-05
3.59474e+00 4.39400e+00 3.56699e-05
3.59474e+00 4.44407e+00 2.41046e-05
3.59474e+00 4.49224e+00 1.63068e-05
3.59474e+00 4.53847e+00 1.10626e-05
3.59474e+00 4.58271e+00 7.53933e-06
3.59474e+00 4.62491e+00 5.17092e-06
3.59474e+00 4.66504e+00 3.57554e-06
3.59474e+00 4.70305e+00 2.49707e-06
3.59474e+00 4.73890e+00 1.76444e-06
3.59474e+00 4.77257e+00 1.26364e-06
3.59474e+00 4.80402e+00 9.18805e-07
3.59474e+00 4.83322e+00 6.79392e-07
3.59474e+00 4.86014e+00 5.11683e-07
3.59474e+00 4.88475e+00 3.93112e-07
3.59474e+00 4.90703e+00 3.08517e-07
3.59474e+00 4.92696e+00 2.47661e-07
3.59474e+00 4.94452e+00 2.03596e-07
3.59474e+00 4.95969e+00 1.71585e-07
3.59474e+00 4.97246e+00 1.48389e-07
3.59474e+00 4.98281e+00 1.31789e-07
3.59474e+00 4.99074e+00 1.20283e-07
3.59474e+00 4.99623e+00 1.12874e-07
3.59474e+00 4.99928e+00 1.08942e-07
3.66445e+00 7.15683e-04 1.13428e-05
3.66445e+00 3.77012e-03 5.97523e-05
3.66445e+00 9.26216e-03 1.46796e-04
3.66445e+00 1.71877e-02 2.72415e-04
3.66445e+00 2.75390e-02 4.36502e-04
3.66445e+00 4.03061e-02 6.38930e-04
3.66445e+00 5.54766e-02 8.79563e-04
3.66445e+00 7.30356e-02 1.15827e-03
3.66445e+00 9.29659e-02 1.47492e-03
3.66445e+00 1.15248e-01 1.82943e-03
3.66445e+00 1.39860e-01 2.22177e-03
3.66445e+00 1.66779e-01 2.65195e-03
3.66445e+00 1.95977e-01 3.12009e-03
3.66445e+00 2.27426e-01 3.62639e-03
3.66445e+00 2.61096e-01 4.17117e-03
3.66445e+00 2.96953e-01 4.75485e-03
3.66445e+00 3.34963e-01 5.37801e-03
3.66445e+00 3.75089e-01 6.04132e-03
3.66445e+00 4.17290e-01 6.74560e-03
3.66445e+00 4.61527e-01 7.49174e-03
3.66445e+00 5.07755e-01 8.28071e-03
3.66445e+00 5.55930e-01 9.11350e-03
3.66445e+00 6.06005e-01 9.99107e-03
3.66445e+00 6.57930e-01 1.09142e-02
3.66445e+00 7.11655e-01 1.18836e-02
3.66445e+00 7.67127e-01 1.28993e-02
3.66445e+00 8.24292e-01 1.39612e-02
3.66445e+00 8.83095e-01 1.50683e-02
3.66445e+00 9.43478e-01 1.62185e-02
3.66445e+00 1.00538e+00 1.74088e-02
3.66445e+00 1.06875e+00 1.86346e-02
3.66445e+00 1.13351e+00 1.98897e-02
3.66445e+00 1.19960e+00 2.11656e-02
3.66445e+00 1.26697e+00 2.24518e-02
3.66445e+00 1.33555e+00 2.37350e-02
3.66445e+00 1.40526e+00 2.49991e-02
3.66445e+00 1.47604e+00 2.62252e-02
3.66445e+00 1.54782e+00 2.73915e-02
3.66445e+00 1.62053e+00 2.84734e-02
3.66445e+00 1.69410e+00 2.94441e-02
3.66445e+00 1.76846e+00 3.02749e-02
3.66445e+00 1.84353e+00 3.09365e-02
3.66445e+00 1.91924e+00 3.13997e-02
3.66445e+00 1.99553e+00 3.16373e-02
3.66445e+00 2.07230e+00 3.16253e-02
3.66445e+00 2.14949e+00 3.13447e-02
3.66445e+00 2.22703e+00 3.07835e-02
3.66445e+00 2.30483e+00 2.99379e-02
3.66445e+00 2.38282e+00 2.88138e-02
3.66445e+00 2.46093e+00 2.74270e-02
3.66445e+00 2.53907e+00 2.58042e-02
3.66445e+00 2.61718e+00 2.39814e-02
3.66445e+00 2.69517e+00 2.20030e-02
3.66445e+00 2.77297e+00 1.99194e-02
3.66445e+00 2.85051e+00 1.77843e-02
3.66445e+00 2.92770e+00 1.56520e-02
3.66445e+00 3.00447e+00 1.35736e-02
3.66445e+00 3.08076e+00 1.15949e-02
3.66445e+00 3.15647e+00 9.75368e-03
3.66445e+00 3.23154e+00 8.07813e-03
3.66445e+00 3.30590e+00 6.58634e-03
3.66445e+00 3.37947e+00 5.28634e-03
3.66445e+00 3.45218e+00 4.17706e-03
3.66445e+00 3.52396e+00 3.24984e-03
3.66445e+00 3.59474e+00 2.49024e-03
3.66445e+00 3.66445e+00 1.88005e-03
3.66445e+00 3.73303e+00 1.39910e-03
3.66445e+00 3.80040e+00 1.02693e-03
3.66445e+00 3.86649e+00 7.43942e-04
3.66445e+00 3.93125e+00 5.32352e-04
3.66445e+00 3.99462e+00 3.76631e-04
3.66445e+00 4.05652e+00 2.63715e-04
3.66445e+00 4.11690e+00 1.82955e-04
3.66445e+00 4.17571e+00 1.25914e-04
3.66445e+00 4.23287e+00 8.60803e-05
3.66445e+00 4.28835e+00 5.85385e-05
3.66445e+00 4.34207e+00 3.96586e-05
3.66445e+00 4.39400e+00 2.68083e-05
3.66445e+00 4.44407e+00 1.81111e-05
3.66445e+00 4.49224e+00 1.22489e-05
3.66445e+00 4.53847e+00 8.30764e-06
3.66445e+00 4.58271e+00 5.66042e-06
3.66445e+00 4.62491e+00 3.88138e-06
3.66445e+00 4.66504e+00 2.68329e-06
3.66445e+00 4.70305e+00 1.87357e-06
3.66445e+00 4.73890e+00 1.32363e-06
3.66445e+00 4.77257e+00 9.47781e-07
3.66445e+00 4.80402e+00 6.89030e-07
3.66445e+00 4.83322e+00 5.09415e-07
3.66445e+00 4.86014e+00 3.83613e-07
3.66445e+00 4.88475e+00 2.94684e-07
3.66445e+00 4.90703e+00 2.31244e-07
3.66445e+00 4.92696e+00 1.85612e-07
3.66445e+00 4.94452e+00 1.52574e-07
3.66445e+00 4.95969e+00 1.28576e-07
3.66445e+00 4.97246e+00 1.11187e-07
3.66445e+00 4.98281e+00 9.87441e-08
3.66445e+00 4.99074e+00 9.01194e-08
3.66445e+00 4.99623e+00 8.45660e-08
3.66445e+00 4.99928e+00 8.16190e-08
3.73303e+00 7.15683e-04 8.66215e-06
3.73303e+00 3.77012e-03 4.56311e-05
3.73303e+00 9.26216e-03 1.12104e-04
3.73303e+00 1.71877e-02 2.08035e-04
3.73303e+00 2.75390e-02 3.33343e-04
3.73303e+00 4.03061e-02 4.87929e-04
3.73303e+00 5.54766e-02 6.71688e-04
3.73303e+00 7.30356e-02 8.84512e-04
3.73303e+00 9.29659e-02 1.12631e-03
3.73303e+00 1.15248e-01 1.39700e-03
3.73303e+00 1.39860e-01 1.69655e-03
3.73303e+00 1.66779e-01 2.02496e-03
3.73303e+00 1.95977e-01 2.38231e-03
3.73303e+00 2.27426e-01 2.76872e-03
3.73303e+00 2.61096e-01 3.18441e-03
3.73303e+00 2.96953e-01 3.62969e-03
3.73303e+00 3.34963e-01 4.10495e-03
3.73303e+00 3.75089e-01 4.61066e-03
3.73303e+00 4.17290e-01 5.14739e-03
3.73303e+00 4.61527e-01 5.71577e-03
3.73303e+00 5.07755e-01 6.31648e-03
3.73303e+00 5.55930e-01 6.95020e-03
3.73303e+00 6.06005e-01 7.61757e-03
3.73303e+00 6.57930e-01 8.31913e-03
3.73303e+00 7.11655e-01 9.05524e-03
3.73303e+00 7.67127e-01 9.82597e-03
3.73303e+00 8.24292e-01 1.06310e-02
3.73303e+00 8.83095e-01 1.14694e-02
3.73303e+00 9.43478e-01 1.23397e-02
3.73303e+00 1.00538e+00 1.32394e-02
3.73303e+00 1.06875e+00 1.41648e-02
3.73303e+00 1.13351e+00 1.51111e-02
3.73303e+00 1.19960e+00 1.60720e-02
3.73303e+00 1.26697e+00 1.70391e-02
3.73303e+00 1.33555e+00 1.80025e-02
3.73303e+00 1.40526e+00 1.89499e-02
3.73303e+00 1.47604e+00 1.98670e-02
3.73303e+00 1.54782e+00 2.07373e-02
3.73303e+00 1.62053e+00 2.15424e-02
3.73303e+00 1.69410e+00 2.22620e-02
3.73303e+00 1.76846e+00 2.28748e-02
3.73303e+00 1.84353e+00 2.33588e-02
3.73303e+00 1.91924e+00 2.36924e-02
3.73303e+00 1.99553e+00 2.38552e-02
3.73303e+00 2.07230e+00 2.38298e-02
3.73303e+00 2.14949e+00 2.36021e-02
3.73303e+00 2.22703e+00 2.31637e-02
3.73303e+00 2.30483e+00 2.25121e-02
3.73303e+00 2.38282e+00 2.16521e-02
3.73303e+00 2.46093e+00 2.05963e-02
3.73303e+00 2.53907e+00 1.93649e-02
3.73303e+00 2.61718e+00 1.79853e-02
3.73303e+00 2.69517e+00 1.64910e-02
3.73303e+00 2.77297e+00 1.49200e-02
3.73303e+00 2.85051e+00 1.33126e-02
3.73303e+00 2.92770e+00 1.17093e-02
3.73303e+00 3.00447e+00 1.01485e-02
3.73303e+00 3.08076e+00 8.66413e-03
3.73303e+00 3.15647e+00 7.28420e-03
3.73303e+00 3.23154e+00 6.02957e-03
3.73303e+00 3.30590e+00 4.91346e-03
3.73303e+00 3.37947e+00 3.94161e-03
3.73303e+00 3.45218e+00 3.11294e-03
3.73303e+00 3.52396e+00 2.42074e-03
3.73303e+00 3.59474e+00 1.85405e-03
3.73303e+00 3.66445e+00 1.39910e-03
3.73303e+00 3.73303e+00 1.04073e-03
3.73303e+00 3.80040e+00 7.63557e-04
3.73303e+00 3.86649e+00 5.52918e-04
3.73303e+00 3.93125e+00 3.95500e-04
3.73303e+00 3.99462e+00 2.79703e-04
3.73303e+00 4.05652e+00 1.95774e-04
3.73303e+00 4.11690e+00 1.35771e-04
3.73303e+00 4.17571e+00 9.34095e-05
3.73303e+00 4.23287e+00 6.38378e-05
3.73303e+00 4.28835e+00 4.33990e-05
3.73303e+00 4.34207e+00 2.93931e-05
3.73303e+00 4.39400e+00 1.98634e-05
3.73303e+00 4.44407e+00 1.34156e-05
3.73303e+00 4.49224e+00 9.07092e-06
3.73303e+00 4.53847e+00 6.15070e-06
3.73303e+00 4.58271e+00 4.18981e-06
3.73303e+00 4.62491e+00 2.87235e-06
3.73303e+00 4.66504e+00 1.98532e-06
3.73303e+00 4.70305e+00 1.38595e-06
3.73303e+00 4.73890e+00 9.78961e-07
3.73303e+00 4.77257e+00 7.00867e-07
3.73303e+00 4.80402e+00 5.09446e-07
3.73303e+00 4.83322e+00 3.76591e-07
3.73303e+00 4.86014e+00 2.83553e-07
3.73303e+00 4.88475e+00 2.17794e-07
3.73303e+00 4.90703e+00 1.70889e-07
3.73303e+00 4.92696e+00 1.37154e-07
3.73303e+00 4.94452e+00 1.12732e-07
3.73303e+00 4.95969e+00 9.49937e-08
3.73303e+00 4.97246e+00 8.21415e-08
3.73303e+00 4.98281e+00 7.29455e-08
3.73303e+00 4.99074e+00 6.65717e-08
3.73303e+00 4.99623e+00 6.24677e-08
3.73303e+00 4.99928e+00 6.02900e-08
3.80040e+00 7.15683e-04 6.51743e-06
3.80040e+00 3.77012e-03 3.43330e-05
3.80040e+00 9.26216e-03 8.43474e-05
3.80040e+00 1.71877e-02 1.56526e-04
3.80040e+00 2.75390e-02 2.50807e-04
3.80040e+00 4.03061e-02 3.67117e-04
3.80040e+00 5.54766e-02 5.05373e-04
3.80040e+00 7.30356e-02 6.65494e-04
3.80040e+00 9.29659e-02 8.47405e-04
3.80040e+00 1.15248e-01 1.05105e-03
3.80040e+00 1.39860e-01 1.27638e-03
3.80040e+00 1.66779e-01 1.52341e-03
3.80040e+00 1.95977e-01 1.79216e-03
3.80040e+00 2.27426e-01 2.08273e-03
3.80040e+00 2.61096e-01 2.39526e-03
3.80040e+00 2.96953e-01 2.72996e-03
3.80040e+00 3.34963e-01 3.08709e-03
3.80040e+00 3.75089e-01 3.46699e-03
3.80040e+00 4.17290e-01 3.87005e-03
3.80040e+00 4.61527e-01 4.29669e-03
3.80040e+00 5.07755e-01 4.74738e-03
3.80040e+00 5.55930e-01 5.22259e-03
3.80040e+00 6.06005e-01 5.72273e-03
3.80040e+00 6.57930e-01 6.24814e-03
3.80040e+00 7.11655e-01 6.79904e-03
3.80040e+00 7.67127e-01 7.37541e-03
3.80040e+00 8.24292e-01 7.97691e-03
3.80040e+00 8.83095e-01 8.60282e-03
3.80040e+00 9.43478e-01 9.25188e-03
3.80040e+00 1.00538e+00 9.92213e-03
3.80040e+00 1.06875e+00 1.06108e-02
3.80040e+00 1.13351e+00 1.13143e-02
3.80040e+00 1.19960e+00 1.20276e-02
3.80040e+00 1.26697e+00 1.27446e-02
3.80040e+00 1.33555e+00 1.34577e-02
3.80040e+00 1.40526e+00 1.41578e-02
3.80040e+00 1.47604e+00 1.48342e-02
3.80040e+00 1.54782e+00 1.54746e-02
3.80040e+00 1.62053e+00 1.60654e-02
3.80040e+00 1.69410e+00 1.65916e-02
3.80040e+00 1.76846e+00 1.70373e-02
3.80040e+00 1.84353e+00 1.73865e-02
3.80040e+00 1.91924e+00 1.76232e-02
3.80040e+00 1.99553e+00 1.77326e-02
3.80040e+00 2.07230e+00 1.77019e-02
3.80040e+00 2.14949e+00 1.75213e-02
3.80040e+00 2.22703e+00 1.71845e-02
3.80040e+00 2.30483e+00 1.66901e-02
3.80040e+00 2.38282e+00 1.60422e-02
3.80040e+00 2.46093e+00 1.52501e-02
3.80040e+00 2.53907e+00 1.43292e-02
3.80040e+00 2.61718e+00 1.33001e-02
3.80040e+00 2.69517e+00 1.21875e-02
3.80040e+00 2.77297e+00 1.10198e-02
3.80040e+00 2.85051e+00 9.82675e-03
3.80040e+00 2.92770e+00 8.63827e-03
3.80040e+00 3.00447e+00 7.48255e-03
3.80040e+00 3.08076e+00 6.38456e-03
3.80040e+00 3.15647e+00 5.36478e-03
3.80040e+00 3.23154e+00 4.43840e-03
3.80040e+00 3.30590e+00 3.61496e-03
3.80040e+00 3.37947e+00 2.89849e-03
3.80040e+00 3.45218e+00 2.28801e-03
3.80040e+00 3.52396e+00 1.77840e-03
3.80040e+00 3.59474e+00 1.36146e-03
3.80040e+00 3.66445e+00 1.02693e-03
3.80040e+00 3.73303e+00 7.63557e-04
3.80040e+00 3.80040e+00 5.59969e-04
3.80040e+00 3.86649e+00 4.05331e-04
3.80040e+00 3.93125e+00 2.89819e-04
3.80040e+00 3.99462e+00 2.04887e-04
3.80040e+00 4.05652e+00 1.43356e-04
3.80040e+00 4.11690e+00 9.93851e-05
3.80040e+00 4.17571e+00 6.83535e-05
3.80040e+00 4.23287e+00 4.66992e-05
3.80040e+00 4.28835e+00 3.17380e-05
3.80040e+00 4.34207e+00 2.14891e-05
3.80040e+00 4.39400e+00 1.45180e-05
3.80040e+00 4.44407e+00 9.80282e-06
3.80040e+00 4.49224e+00 6.62647e-06
3.80040e+00 4.53847e+00 4.49213e-06
3.80040e+00 4.58271e+00 3.05932e-06
3.80040e+00 4.62491e+00 2.09689e-06
3.80040e+00 4.66504e+00 1.44904e-06
3.80040e+00 4.70305e+00 1.01139e-06
3.80040e+00 4.73890e+00 7.14267e-07
3.80040e+00 4.77257e+00 5.11281e-07
3.80040e+00 4.80402e+00 3.71585e-07
3.80040e+00 4.83322e+00 2.74643e-07
3.80040e+00 4.86014e+00 2.06766e-07
3.80040e+00 4.88475e+00 1.58796e-07
3.80040e+00 4.90703e+00 1.24584e-07
3.80040e+00 4.92696e+00 9.99809e-08
3.80040e+00 4.94452e+00 8.21713e-08
3.80040e+00 4.95969e+00 6.92370e-08
3.80040e+00 4.97246e+00 5.98660e-08
3.80040e+00 4.98281e+00 5.31614e-08
3.80040e+00 4.99074e+00 4.85145e-08
3.80040e+00 4.99623e+00 4.55226e-08
3.80040e+00 4.99928e+00 4.39350e-08
3.86649e+00 7.15683e-04 4.83476e-06
3.86649e+00 3.77012e-03 2.54689e-05
3.86649e+00 9.26216e-03 6.25707e-05
3.86649e+00 1.71877e-02 1.16114e-04
3.86649e+00 2.75390e-02 1.86053e-04
3.86649e+00 4.03061e-02 2.72333e-04
3.86649e+00 5.54766e-02 3.74892e-04
3.86649e+00 7.30356e-02 4.93667e-04
3.86649e+00 9.29659e-02 6.28601e-04
3.86649e+00 1.15248e-01 7.79646e-04
3.86649e+00 1.39860e-01 9.46770e-04
3.86649e+00 1.66779e-01 1.12997e-03
3.86649e+00 1.95977e-01 1.32925e-03
3.86649e+00 2.27426e-01 1.54469e-03
3.86649e+00 2.61096e-01 1.77636e-03
3.86649e+00 2.96953e-01 2.02442e-03
3.86649e+00 3.34963e-01 2.28903e-03
3.86649e+00 3.75089e-01 2.57043e-03
3.86649e+00 4.17290e-01 2.86888e-03
3.86649e+00 4.61527e-01 3.18467e-03
3.86649e+00 5.07755e-01 3.51810e-03
3.86649e+00 5.55930e-01 3.86949e-03
3.86649e+00 6.06005e-01 4.23912e-03
3.86649e+00 6.57930e-01 4.62718e-03
3.86649e+00 7.11655e-01 5.03379e-03
3.86649e+00 7.67127e-01 5.45887e-03
3.86649e+00 8.24292e-01 5.90215e-03
3.86649e+00 8.83095e-01 6.36301e-03
3.86649e+00 9.43478e-01 6.84047e-03
3.86649e+00 1.00538e+00 7.33305e-03
3.86649e+00 1.06875e+00 7.83865e-03
3.86649e+00 1.13351e+00 8.35447e-03
3.86649e+00 1.19960e+00 8.87688e-03
3.86649e+00 1.26697e+00 9.40130e-03
3.86649e+00 1.33555e+00 9.92211e-03
3.86649e+00 1.40526e+00 1.04326e-02
3.86649e+00 1.47604e+00 1.09249e-02
3.86649e+00 1.54782e+00 1.13899e-02
3.86649e+00 1.62053e+00 1.18177e-02
3.86649e+00 1.69410e+00 1.21974e-02
3.86649e+00 1.76846e+00 1.25174e-02
3.86649e+00 1.84353e+00 1.27659e-02
3.86649e+00 1.91924e+00 1.29316e-02
3.86649e+00 1.99553e+00 1.30037e-02
3.86649e+00 2.07230e+00 1.29730e-02
3.86649e+00 2.14949e+00 1.28324e-02
3.86649e+00 2.22703e+00 1.25778e-02
3.86649e+00 2.30483e+00 1.22083e-02
3.86649e+00 2.38282e+00 1.17270e-02
3.86649e+00 2.46093e+00 1.11411e-02
3.86649e+00 2.53907e+00 1.04620e-02
3.86649e+00 2.61718e+00 9.70472e-03
3.86649e+00 2.69517e+00 8.88766e-03
3.86649e+00 2.77297e+00 8.03142e-03
3.86649e+00 2.85051e+00 7.15781e-03
3.86649e+00 2.92770e+00 6.28859e-03
3.86649e+00 3.00447e+00 5.44425e-03
3.86649e+00 3.08076e+00 4.64287e-03
3.86649e+00 3.15647e+00 3.89924e-03
3.86649e+00 3.23154e+00 3.22428e-03
3.86649e+00 3.30590e+00 2.62479e-03
3.86649e+00 3.37947e+00 2.10355e-03
3.86649e+00 3.45218e+00 1.65972e-03
3.86649e+00 3.52396e+00 1.28946e-03
3.86649e+00 3.59474e+00 9.86713e-04
3.86649e+00 3.66445e+00 7.43942e-04
3.86649e+00 3.73303e+00 5.52918e-04
3.86649e+00 3.80040e+00 4.05331e-04
3.86649e+00 3.86649e+00 2.93283e-04
3.86649e+00 3.93125e+00 2.09625e-04
3.86649e+00 3.99462e+00 1.48141e-04
3.86649e+00 4.05652e+00 1.03616e-04
3.86649e+00 4.11690e+00 7.18100e-05
3.86649e+00 4.17571e+00 4.93725e-05
3.86649e+00 4.23287e+00 3.37211e-05
3.86649e+00 4.28835e+00 2.29110e-05
3.86649e+00 4.34207e+00 1.55082e-05
3.86649e+00 4.39400e+00 1.04745e-05
3.86649e+00 4.44407e+00 7.07077e-06
3.86649e+00 4.49224e+00 4.77852e-06
3.86649e+00 4.53847e+00 3.23865e-06
3.86649e+00 4.58271e+00 2.20517e-06
3.86649e+00 4.62491e+00 1.51114e-06
3.86649e+00 4.66504e+00 1.04406e-06
3.86649e+00 4.70305e+00 7.28594e-07
3.86649e+00 4.73890e+00 5.14461e-07
3.86649e+00 4.77257e+00 3.68200e-07
3.86649e+00 4.80402e+00 2.67558e-07
3.86649e+00 4.83322e+00 1.97729e-07
3.86649e+00 4.86014e+00 1.48843e-07
3.86649e+00 4.88475e+00 1.14298e-07
3.86649e+00 4.90703e+00 8.96643e-08
3.86649e+00 4.92696e+00 7.19507e-08
3.86649e+00 4.94452e+00 5.91295e-08
3.86649e+00 4.95969e+00 4.98187e-08
3.86649e+00 4.97246e+00 4.30735e-08
3.86649e+00 4.98281e+00 3.82478e-08
3.86649e+00 4.99074e+00 3.49033e-08
3.86649e+00 4.99623e+00 3.27500e-08
3.86649e+00 4.99928e+00 3.16074e-08
3.93125e+00 7.15683e-04 3.53898e-06
3.93125e+00 3.77012e-03 1.86429e-05
3.93125e+00 9.26216e-03 4.58008e-05
3.93125e+00 1.71877e-02 8.49938e-05
3.93125e+00 2.75390e-02 1.36188e-04
3.93125e+00 4.03061e-02 1.99343e-04
3.93125e+00 5.54766e-02 2.74412e-04
3.93125e+00 7.30356e-02 3.61350e-04
3.93125e+00 9.29659e-02 4.60112e-04
3.93125e+00 1.15248e-01 5.70661e-04
3.93125e+00 1.39860e-01 6.92970e-04
3.93125e+00 1.66779e-01 8.27031e-04
3.93125e+00 1.95977e-01 9.72852e-04
3.93125e+00 2.27426e-01 1.13047e-03
3.93125e+00 2.61096e-01 1.29994e-03
3.93125e+00 2.96953e-01 1.48135e-03
3.93125e+00 3.34963e-01 1.67483e-03
3.93125e+00 3.75089e-01 1.88052e-03
3.93125e+00 4.17290e-01 2.09860e-03
3.93125e+00 4.61527e-01 2.32926e-03
3.93125e+00 5.07755e-01 2.57272e-03
3.93125e+00 5.55930e-01 2.82915e-03
3.93125e+00 6.06005e-01 3.09875e-03
3.93125e+00 6.57930e-01 3.38164e-03
3.93125e+00 7.11655e-01 3.67785e-03
3.93125e+00 7.67127e-01 3.98730e-03
3.93125e+00 8.24292e-01 4.30975e-03
3.93125e+00 8.83095e-01 4.64472e-03
3.93125e+00 9.43478e-01 4.99145e-03
3.93125e+00 1.00538e+00 5.34881e-03
3.93125e+00 1.06875e+00 5.71526e-03
3.93125e+00 1.13351e+00 6.08870e-03
3.93125e+00 1.19960e+00 6.46647e-03
3.93125e+00 1.26697e+00 6.84520e-03
3.93125e+00 1.33555e+00 7.22080e-03
3.93125e+00 1.40526e+00 7.58836e-03
3.93125e+00 1.47604e+00 7.94216e-03
3.93125e+00 1.54782e+00 8.27568e-03
3.93125e+00 1.62053e+00 8.58167e-03
3.93125e+00 1.69410e+00 8.85225e-03
3.93125e+00 1.76846e+00 9.07914e-03
3.93125e+00 1.84353e+00 9.25393e-03
3.93125e+00 1.91924e+00 9.36839e-03
3.93125e+00 1.99553e+00 9.41492e-03
3.93125e+00 2.07230e+00 9.38699e-03
3.93125e+00 2.14949e+00 9.27966e-03
3.93125e+00 2.22703e+00 9.09003e-03
3.93125e+00 2.30483e+00 8.81767e-03
3.93125e+00 2.38282e+00 8.46498e-03
3.93125e+00 2.46093e+00 8.03730e-03
3.93125e+00 2.53907e+00 7.54293e-03
3.93125e+00 2.61718e+00 6.99290e-03
3.93125e+00 2.69517e+00 6.40050e-03
3.93125e+00 2.77297e+00 5.78063e-03
3.93125e+00 2.85051e+00 5.14901e-03
3.93125e+00 2.92770e+00 4.52129e-03
3.93125e+00 3.00447e+00 3.91217e-03
3.93125e+00 3.08076e+00 3.33459e-03
3.93125e+00 3.15647e+00 2.79909e-03
3.93125e+00 3.23154e+00 2.31343e-03
3.93125e+00 3.30590e+00 1.88239e-03
3.93125e+00 3.37947e+00 1.50787e-03
3.93125e+00 3.45218e+00 1.18919e-03
3.93125e+00 3.52396e+00 9.23492e-04
3.93125e+00 3.59474e+00 7.06366e-04
3.93125e+00 3.66445e+00 5.32352e-04
3.93125e+00 3.73303e+00 3.95500e-04
3.93125e+00 3.80040e+00 2.89819e-04
3.93125e+00 3.86649e+00 2.09625e-04
3.93125e+00 3.93125e+00 1.49776e-04
3.93125e+00 3.99462e+00 1.05809e-04
3.93125e+00 4.05652e+00 7.39823e-05
3.93125e+00 4.11690e+00 5.12564e-05
3.93125e+00 4.17571e+00 3.52302e-05
3.93125e+00 4.23287e+00 2.40548e-05
3.93125e+00 4.28835e+00 1.63389e-05
3.93125e+00 4.34207e+00 1.10566e-05
3.93125e+00 4.39400e+00 7.46589e-06
3.93125e+00 4.44407e+00 5.03858e-06
3.93125e+00 4.49224e+00 3.40434e-06
3.93125e+00 4.53847e+00 2.30678e-06
3.93125e+00 4.58271e+00 1.57034e-06
3.93125e+00 4.62491e+00 1.07590e-06
3.93125e+00 4.66504e+00 7.43210e-07
3.93125e+00 4.70305e+00 5.18555e-07
3.93125e+00 4.73890e+00 3.66093e-07
3.93125e+00 4.77257e+00 2.61973e-07
3.93125e+00 4.80402e+00 1.90340e-07
3.93125e+00 4.83322e+00 1.40645e-07
3.93125e+00 4.86014e+00 1.05860e-07
3.93125e+00 4.88475e+00 8.12823e-08
3.93125e+00 4.90703e+00 6.37579e-08
3.93125e+00 4.92696e+00 5.11577e-08
3.93125e+00 4.94452e+00 4.20385e-08
3.93125e+00 4.95969e+00 3.54167e-08
3.93125e+00 4.97246e+00 3.06198e-08
3.93125e+00 4.98281e+00 2.71881e-08
3.93125e+00 4.99074e+00 2.48099e-08
3.93125e+00 4.99623e+00 2.32787e-08
3.93125e+00 4.99928e+00 2.24663e-08
3.99462e+00 7.15683e-04 2.55852e-06
3.99462e+00 3.77012e-03 1.34780e-05
3.99462e+00 9.26216e-03 3.31119e-05
3.99462e+00 1.71877e-02 6.14465e-05
3.99462e+00 2.75390e-02 9.84575e-05
3.99462e+00 4.03061e-02 1.44115e-04
3.99462e+00 5.54766e-02 1.98385e-04
3.99462e+00 7.30356e-02 2.61234e-04
3.99462e+00 9.29659e-02 3.32629e-04
3.99462e+00 1.15248e-01 4.12541e-04
3.99462e+00 1.39860e-01 5.00950e-04
3.99462e+00 1.66779e-01 5.97845e-04
3.99462e+00 1.95977e-01 7.03230e-04
3.99462e+00 2.27426e-01 8.17123e-04
3.99462e+00 2.61096e-01 9.39563e-04
3.99462e+00 2.96953e-01 1.07061e-03
3.99462e+00 3.34963e-01 1.21034e-03
3.99462e+00 3.75089e-01 1.35885e-03
3.99462e+00 4.17290e-01 1.51625e-03
3.99462e+00 4.61527e-01 1.68268e-03
3.99462e+00 5.07755e-01 1.85826e-03
3.99462e+00 5.55930e-01 2.04313e-03
3.99462e+00 6.06005e-01 2.23739e-03
3.99462e+00 6.57930e-01 2.44110e-03
3.99462e+00 7.11655e-01 2.65428e-03
3.99462e+00 7.67127e-01 2.87684e-03
3.99462e+00 8.24292e-01 3.10859e-03
3.99462e+00 8.83095e-01 3.34914e-03
3.99462e+00 9.43478e-01 3.59793e-03
3.99462e+00 1.00538e+00 3.85412e-03
3.99462e+00 1.06875e+00 4.11656e-03
3.99462e+00 1.13351e+00 4.38374e-03
3.99462e+00 1.19960e+00 4.65371e-03
3.99462e+00 1.26697e+00 4.92403e-03
3.99462e+00 1.33555e+00 5.19175e-03
3.99462e+00 1.40526e+00 5.45334e-03
3.99462e+00 1.47604e+00 5.70468e-03
3.99462e+00 1.54782e+00 5.94113e-03
3.99462e+00 1.62053e+00 6.15748e-03
3.99462e+00 1.69410e+00 6.34814e-03
3.99462e+00 1.76846e+00 6.50721e-03
3.99462e+00 1.84353e+00 6.62872e-03
3.99462e+00 1.91924e+00 6.70687e-03
3.99462e+00 1.99553e+00 6.73629e-03
3.99462e+00 2.07230e+00 6.71241e-03
3.99462e+00 2.14949e+00 6.63181e-03
3.99462e+00 2.22703e+00 6.49252e-03
3.99462e+00 2.30483e+00 6.29436e-03
3.99462e+00 2.38282e+00 6.03913e-03
3.99462e+00 2.46093e+00 5.73075e-03
3.99462e+00 2.53907e+00 5.37523e-03
3.99462e+00 2.61718e+00 4.98050e-03
3.99462e+00 2.69517e+00 4.55609e-03
3.99462e+00 2.77297e+00 4.11263e-03
3.99462e+00 2.85051e+00 3.66133e-03
3.99462e+00 2.92770e+00 3.21331e-03
3.99462e+00 3.00447e+00 2.77899e-03
3.99462e+00 3.08076e+00 2.36753e-03
3.99462e+00 3.15647e+00 1.98636e-03
3.99462e+00 3.23154e+00 1.64094e-03
3.99462e+00 3.30590e+00 1.33458e-03
3.99462e+00 3.37947e+00 1.06858e-03
3.99462e+00 3.45218e+00 8.42368e-04
3.99462e+00 3.52396e+00 6.53885e-04
3.99462e+00 3.59474e+00 4.99942e-04
3.99462e+00 3.66445e+00 3.76631e-04
3.99462e+00 3.73303e+00 2.79703e-04
3.99462e+00 3.80040e+00 2.04887e-04
3.99462e+00 3.86649e+00 1.48141e-04
3.99462e+00 3.93125e+00 1.05809e-04
3.99462e+00 3.99462e+00 7.47235e-05
3.99462e+00 4.05652e+00 5.22304e-05
3.99462e+00 4.11690e+00 3.61750e-05
3.99462e+00 4.17571e+00 2.48569e-05
3.99462e+00 4.23287e+00 1.69672e-05
3.99462e+00 4.28835e+00 1.15216e-05
3.99462e+00 4.34207e+00 7.79467e-06
3.99462e+00 4.39400e+00 5.26198e-06
3.99462e+00 4.44407e+00 3.55036e-06
3.99462e+00 4.49224e+00 2.39828e-06
3.99462e+00 4.53847e+00 1.62473e-06
3.99462e+00 4.58271e+00 1.10581e-06
3.99462e+00 4.62491e+00 7.57482e-07
3.99462e+00 4.66504e+00 5.23161e-07
3.99462e+00 4.70305e+00 3.64961e-07
3.99462e+00 4.73890e+00 2.57616e-07
3.99462e+00 4.77257e+00 1.84321e-07
3.99462e+00 4.80402e+00 1.33903e-07
3.99462e+00 4.83322e+00 9.89305e-08
3.99462e+00 4.86014e+00 7.44536e-08
3.99462e+00 4.88475e+00 5.71618e-08
3.99462e+00 4.90703e+00 4.48335e-08
3.99462e+00 4.92696e+00 3.59703e-08
3.99462e+00 4.94452e+00 2.95562e-08
3.99462e+00 4.95969e+00 2.48990e-08
3.99462e+00 4.97246e+00 2.15255e-08
3.99462e+00 4.98281e+00 1.91122e-08
3.99462e+00 4.99074e+00 1.74398e-08
3.99462e+00 4.99623e+00 1.63631e-08
3.99462e+00 4.99928e+00 1.57919e-08
4.05652e+00 7.15683e-04 1.82877e-06
4.05652e+00 3.77012e-03 9.63374e-06
4.05652e+00 9.26216e-03 2.36676e-05
4.05652e+00 1.71877e-02 4.39205e-05
4.05652e+00 2.75390e-02 7.03750e-05
4.05652e+00 4.03061e-02 1.03009e-04
4.05652e+00 5.54766e-02 1.41800e-04
4.05652e+00 7.30356e-02 1.86721e-04
4.05652e+00 9.29659e-02 2.37749e-04
4.05652e+00 1.15248e-01 2.94862e-04
4.05652e+00 1.39860e-01 3.58044e-04
4.05652e+00 1.66779e-01 4.27286e-04
4.05652e+00 1.95977e-01 5.02587e-04
4.05652e+00 2.27426e-01 5.83959e-04
4.05652e+00 2.61096e-01 6.71424e-04
4.05652e+00 2.96953e-01 7.65019e-04
4.05652e+00 3.34963e-01 8.64795e-04
4.05652e+00 3.75089e-01 9.70814e-04
4.05652e+00 4.17290e-01 1.08315e-03
4.05652e+00 4.61527e-01 1.20189e-03
4.05652e+00 5.07755e-01 1.32711e-03
4.05652e+00 5.55930e-01 1.45890e-03
4.05652e+00 6.06005e-01 1.59731e-03
4.05652e+00 6.57930e-01 1.74238e-03
4.05652e+00 7.11655e-01 1.89411e-03
4.05652e+00 7.67127e-01 2.05242e-03
4.05652e+00 8.24292e-01 2.21714e-03
4.05652e+00 8.83095e-01 2.38800e-03
4.05652e+00 9.43478e-01 2.56456e-03
4.05652e+00 1.00538e+00 2.74623e-03
4.05652e+00 1.06875e+00 2.93215e-03
4.05652e+00 1.13351e+00 3.12125e-03
4.05652e+00 1.19960e+00 3.31211e-03
4.05652e+00 1.26697e+00 3.50299e-03
4.05652e+00 1.33555e+00 3.69179e-03
4.05652e+00 1.40526e+00 3.87599e-03
4.05652e+00 1.47604e+00 4.05267e-03
4.05652e+00 1.54782e+00 4.21854e-03
4.05652e+00 1.62053e+00 4.36993e-03
4.05652e+00 1.69410e+00 4.50289e-03
4.05652e+00 1.76846e+00 4.61327e-03
4.05652e+00 1.84353e+00 4.69688e-03
4.05652e+00 1.91924e+00 4.74965e-03
4.05652e+00 1.99553e+00 4.76786e-03
4.05652e+00 2.07230e+00 4.74834e-03
4.05652e+00 2.14949e+00 4.68872e-03
4.05652e+00 2.22703e+00 4.58771e-03
4.05652e+00 2.30483e+00 4.44523e-03
4.05652e+00 2.38282e+00 4.26264e-03
4.05652e+00 2.46093e+00 4.04277e-03
4.05652e+00 2.53907e+00 3.78993e-03
4.05652e+00 2.61718e+00 3.50975e-03
4.05652e+00 2.69517e+00 3.20898e-03
4.05652e+00 2.77297e+00 2.89514e-03
4.05652e+00 2.85051e+00 2.57614e-03
4.05652e+00 2.92770e+00 2.25978e-03
4.05652e+00 3.00447e+00 1.95339e-03
4.05652e+00 3.08076e+00 1.66337e-03
4.05652e+00 3.15647e+00 1.39493e-03
4.05652e+00 3.23154e+00 1.15183e-03
4.05652e+00 3.30590e+00 9.36372e-04
4.05652e+00 3.37947e+00 7.49414e-04
4.05652e+00 3.45218e+00 5.90521e-04
4.05652e+00 3.52396e+00 4.58203e-04
4.05652e+00 3.59474e+00 3.50191e-04
4.05652e+00 3.66445e+00 2.63715e-04
4.05652e+00 3.73303e+00 1.95774e-04
4.05652e+00 3.80040e+00 1.43356e-04
4.05652e+00 3.86649e+00 1.03616e-04
4.05652e+00 3.93125e+00 7.39823e-05
4.05652e+00 3.99462e+00 5.22304e-05
4.05652e+00 4.05652e+00 3.64968e-05
4.05652e+00 4.11690e+00 2.52703e-05
4.05652e+00 4.17571e+00 1.73590e-05
4.05652e+00 4.23287e+00 1.18459e-05
4.05652e+00 4.28835e+00 8.04183e-06
4.05652e+00 4.34207e+00 5.43916e-06
4.05652e+00 4.39400e+00 3.67096e-06
4.05652e+00 4.44407e+00 2.47630e-06
4.05652e+00 4.49224e+00 1.67238e-06
4.05652e+00 4.53847e+00 1.13273e-06
4.05652e+00 4.58271e+00 7.70801e-07
4.05652e+00 4.62491e+00 5.27903e-07
4.05652e+00 4.66504e+00 3.64537e-07
4.05652e+00 4.70305e+00 2.54262e-07
4.05652e+00 4.73890e+00 1.79450e-07
4.05652e+00 4.77257e+00 1.28376e-07
4.05652e+00 4.80402e+00 9.32481e-08
4.05652e+00 4.83322e+00 6.88857e-08
4.05652e+00 4.86014e+00 5.18365e-08
4.05652e+00 4.88475e+00 3.97935e-08
4.05652e+00 4.90703e+00 3.12083e-08
4.05652e+00 4.92696e+00 2.50367e-08
4.05652e+00 4.94452e+00 2.05707e-08
4.05652e+00 4.95969e+00 1.73283e-08
4.05652e+00 4.97246e+00 1.49798e-08
4.05652e+00 4.98281e+00 1.32998e-08
4.05652e+00 4.99074e+00 1.21357e-08
4.05652e+00 4.99623e+00 1.13862e-08
4.05652e+00 4.99928e+00 1.09885e-08
4.11690e+00 7.15683e-04 1.29386e-06
4.11690e+00 3.77012e-03 6.81592e-06
4.11690e+00 9.26216e-03 1.67450e-05
4.11690e+00 1.71877e-02 3.10740e-05
4.11690e+00 2.75390e-02 4.97905e-05
4.11690e+00 4.03061e-02 7.28793e-05
4.11690e+00 5.54766e-02 1.00323e-04
4.11690e+00 7.30356e-02 1.32104e-04
4.11690e+00 9.29659e-02 1.68204e-04
4.11690e+00 1.15248e-01 2.08607e-04
4.11690e+00 1.39860e-01 2.53302e-04
4.11690e+00 1.66779e-01 3.02280e-04
4.11690e+00 1.95977e-01 3.55540e-04
4.11690e+00 2.27426e-01 4.13086e-04
4.11690e+00 2.61096e-01 4.74933e-04
4.11690e+00 2.96953e-01 5.41104e-04
4.11690e+00 3.34963e-01 6.11630e-04
4.11690e+00 3.75089e-01 6.86552e-04
4.11690e+00 4.17290e-01 7.65916e-04
4.11690e+00 4.61527e-01 8.49776e-04
4.11690e+00 5.07755e-01 9.38184e-04
4.11690e+00 5.55930e-01 1.03119e-03
4.11690e+00 6.06005e-01 1.12882e-03
4.11690e+00 6.57930e-01 1.23111e-03
4.11690e+00 7.11655e-01 1.33803e-03
4.11690e+00 7.67127e-01 1.44951e-03
4.11690e+00 8.24292e-01 1.56544e-03
4.11690e+00 8.83095e-01 1.68561e-03
4.11690e+00 9.43478e-01 1.80969e-03
4.11690e+00 1.00538e+00 1.93726e-03
4.11690e+00 1.06875e+00 2.06770e-03
4.11690e+00 1.13351e+00 2.20023e-03
4.11690e+00 1.19960e+00 2.33387e-03
4.11690e+00 1.26697e+00 2.46737e-03
4.11690e+00 1.33555e+00 2.59925e-03
4.11690e+00 1.40526e+00 2.72773e-03
4.11690e+00 1.47604e+00 2.85077e-03
4.11690e+00 1.54782e+00 2.96604e-03
4.11690e+00 1.62053e+00 3.07099e-03
4.11690e+00 1.69410e+00 3.16286e-03
4.11690e+00 1.76846e+00 3.23875e-03
4.11690e+00 1.84353e+00 3.29576e-03
4.11690e+00 1.91924e+00 3.33106e-03
4.11690e+00 1.99553e+00 3.34208e-03
4.11690e+00 2.07230e+00 3.32665e-03
4.11690e+00 2.14949e+00 3.28315e-03
4.11690e+00 2.22703e+00 3.21071e-03
4.11690e+00 2.30483e+00 3.10936e-03
4.11690e+00 2.38282e+00 2.98008e-03
4.11690e+00 2.46093e+00 2.82490e-03
4.11690e+00 2.53907e+00 2.64686e-03
4.11690e+00 2.61718e+00 2.44994e-03
4.11690e+00 2.69517e+00 2.23887e-03
4.11690e+00 2.77297e+00 2.01891e-03
4.11690e+00 2.85051e+00 1.79558e-03
4.11690e+00 2.92770e+00 1.57432e-03
4.11690e+00 3.00447e+00 1.36024e-03
4.11690e+00 3.08076e+00 1.15775e-03
4.11690e+00 3.15647e+00 9.70473e-04
4.11690e+00 3.23154e+00 8.00996e-04
4.11690e+00 3.30590e+00 6.50889e-04
4.11690e+00 3.37947e+00 5.20715e-04
4.11690e+00 3.45218e+00 4.10146e-04
4.11690e+00 3.52396e+00 3.18120e-04
4.11690e+00 3.59474e+00 2.43037e-04
4.11690e+00 3.66445e+00 1.82955e-04
4.11690e+00 3.73303e+00 1.35771e-04
4.11690e+00 3.80040e+00 9.93851e-05
4.11690e+00 3.86649e+00 7.18100e-05
4.11690e+00 3.93125e+00 5.12564e-05
4.11690e+00 3.99462e+00 3.61750e-05
4.11690e+00 4.05652e+00 2.52703e-05
4.11690e+00 4.11690e+00 1.74921e-05
4.11690e+00 4.17571e+00 1.20126e-05
4.11690e+00 4.23287e+00 8.19530e-06
4.11690e+00 4.28835e+00 5.56214e-06
4.11690e+00 4.34207e+00 3.76109e-06
4.11690e+00 4.39400e+00 2.53782e-06
4.11690e+00 4.44407e+00 1.71155e-06
4.11690e+00 4.49224e+00 1.15566e-06
4.11690e+00 4.53847e+00 7.82594e-07
4.11690e+00 4.58271e+00 5.32439e-07
4.11690e+00 4.62491e+00 3.64590e-07
4.11690e+00 4.66504e+00 2.51721e-07
4.11690e+00 4.70305e+00 1.75546e-07
4.11690e+00 4.73890e+00 1.23877e-07
4.11690e+00 4.77257e+00 8.86073e-08
4.11690e+00 4.80402e+00 6.43534e-08
4.11690e+00 4.83322e+00 4.75346e-08
4.11690e+00 4.86014e+00 3.57660e-08
4.11690e+00 4.88475e+00 2.74540e-08
4.11690e+00 4.90703e+00 2.15290e-08
4.11690e+00 4.92696e+00 1.72702e-08
4.11690e+00 4.94452e+00 1.41886e-08
4.11690e+00 4.95969e+00 1.19515e-08
4.11690e+00 4.97246e+00 1.03312e-08
4.11690e+00 4.98281e+00 9.17218e-09
4.11690e+00 4.99074e+00 8.36907e-09
4.11690e+00 4.99623e+00 7.85206e-09
4.11690e+00 4.99928e+00 7.57774e-09
4.17571e+00 7.15683e-04 9.07235e-07
4.17571e+00 3.77012e-03 4.77920e-06
4.17571e+00 9.26216e-03 1.17413e-05
4.17571e+00 1.71877e-02 2.17885e-05
4.17571e+00 2.75390e-02 3.49122e-05
4.17571e+00 4.03061e-02 5.11015e-05
4.17571e+00 5.54766e-02 7.03441e-05
4.17571e+00 7.30356e-02 9.26274e-05
4.17571e+00 9.29659e-02 1.17939e-04
4.17571e+00 1.15248e-01 1.46266e-04
4.17571e+00 1.39860e-01 1.77601e-04
4.17571e+00 1.66779e-01 2.11936e-04
4.17571e+00 1.95977e-01 2.49270e-04
4.17571e+00 2.27426e-01 2.89604e-04
4.17571e+00 2.61096e-01 3.32947e-04
4.17571e+00 2.96953e-01 3.79313e-04
4.17571e+00 3.34963e-01 4.28722e-04
4.17571e+00 3.75089e-01 4.81198e-04
4.17571e+00 4.17290e-01 5.36772e-04
4.17571e+00 4.61527e-01 5.95476e-04
4.17571e+00 5.07755e-01 6.57343e-04
4.17571e+00 5.55930e-01 7.22401e-04
4.17571e+00 6.06005e-01 7.90672e-04
4.17571e+00 6.57930e-01 8.62159e-04
4.17571e+00 7.11655e-01 9.36844e-04
4.17571e+00 7.67127e-01 1.01468e-03
4.17571e+00 8.24292e-01 1.09556e-03
4.17571e+00 8.83095e-01 1.17935e-03
4.17571e+00 9.43478e-01 1.26580e-03
4.17571e+00 1.00538e+00 1.35461e-03
4.17571e+00 1.06875e+00 1.44535e-03
4.17571e+00 1.13351e+00 1.53747e-03
4.17571e+00 1.19960e+00 1.63025e-03
4.17571e+00 1.26697e+00 1.72284e-03
4.17571e+00 1.33555e+00 1.81420e-03
4.17571e+00 1.40526e+00 1.90308e-03
4.17571e+00 1.47604e+00 1.98806e-03
4.17571e+00 1.54782e+00 2.06752e-03
4.17571e+00 1.62053e+00 2.13970e-03
4.17571e+00 1.69410e+00 2.20267e-03
4.17571e+00 1.76846e+00 2.25444e-03
4.17571e+00 1.84353e+00 2.29301e-03
4.17571e+00 1.91924e+00 2.31642e-03
4.17571e+00 1.99553e+00 2.32293e-03
4.17571e+00 2.07230e+00 2.31104e-03
4.17571e+00 2.14949e+00 2.27968e-03
4.17571e+00 2.22703e+00 2.22826e-03
4.17571e+00 2.30483e+00 2.15684e-03
4.17571e+00 2.38282e+00 2.06613e-03
4.17571e+00 2.46093e+00 1.95757e-03
4.17571e+00 2.53907e+00 1.83329e-03
4.17571e+00 2.61718e+00 1.69607e-03
4.17571e+00 2.69517e+00 1.54921e-03
4.17571e+00 2.77297e+00 1.39634e-03
4.17571e+00 2.85051e+00 1.24130e-03
4.17571e+00 2.92770e+00 1.08785e-03
4.17571e+00 3.00447e+00 9.39497e-04
4.17571e+00 3.08076e+00 7.99295e-04
4.17571e+00 3.15647e+00 6.69713e-04
4.17571e+00 3.23154e+00 5.52527e-04
4.17571e+00 3.30590e+00 4.48800e-04
4.17571e+00 3.37947e+00 3.58901e-04
4.17571e+00 3.45218e+00 2.82582e-04
4.17571e+00 3.52396e+00 2.19096e-04
4.17571e+00 3.59474e+00 1.67324e-04
4.17571e+00 3.66445e+00 1.25914e-04
4.17571e+00 3.73303e+00 9.34095e-05
4.17571e+00 3.80040e+00 6.83535e-05
4.17571e+00 3.86649e+00 4.93725e-05
4.17571e+00 3.93125e+00 3.52302e-05
4.17571e+00 3.99462e+00 2.48569e-05
4.17571e+00 4.05652e+00 1.73590e-05
4.17571e+00 4.11690e+00 1.20126e-05
4.17571e+00 4.17571e+00 8.24734e-06
4.17571e+00 4.23287e+00 5.62514e-06
4.17571e+00 4.28835e+00 3.81685e-06
4.17571e+00 4.34207e+00 2.58033e-06
4.17571e+00 4.39400e+00 1.74071e-06
4.17571e+00 4.44407e+00 1.17372e-06
4.17571e+00 4.49224e+00 7.92351e-07
4.17571e+00 4.53847e+00 5.36463e-07
4.17571e+00 4.58271e+00 3.64917e-07
4.17571e+00 4.62491e+00 2.49836e-07
4.17571e+00 4.66504e+00 1.72465e-07
4.17571e+00 4.70305e+00 1.20256e-07
4.17571e+00 4.73890e+00 8.48483e-08
4.17571e+00 4.77257e+00 6.06829e-08
4.17571e+00 4.80402e+00 4.40672e-08
4.17571e+00 4.83322e+00 3.25466e-08
4.17571e+00 4.86014e+00 2.44862e-08
4.17571e+00 4.88475e+00 1.87938e-08
4.17571e+00 4.90703e+00 1.47366e-08
4.17571e+00 4.92696e+00 1.18206e-08
4.17571e+00 4.94452e+00 9.71077e-09
4.17571e+00 4.95969e+00 8.17919e-09
4.17571e+00 4.97246e+00 7.06997e-09
4.17571e+00 4.98281e+00 6.27659e-09
4.17571e+00 4.99074e+00 5.72685e-09
4.17571e+00 4.99623e+00 5.37295e-09
4.17571e+00 4.99928e+00 5.18519e-09
4.23287e+00 7.15683e-04 6.31302e-07
4.23287e+00 3.77012e-03 3.32562e-06
4.23287e+00 9.26216e-03 8.17019e-06
4.23287e+00 1.71877e-02 1.51616e-05
4.23287e+00 2.75390e-02 2.42937e-05
4.23287e+00 4.03061e-02 3.55589e-05
4.23287e+00 5.54766e-02 4.89487e-05
4.23287e+00 7.30356e-02 6.44541e-05
4.23287e+00 9.29659e-02 8.20659e-05
4.23287e+00 1.15248e-01 1.01776e-04
4.23287e+00 1.39860e-01 1.23577e-04
4.23287e+00 1.66779e-01 1.47465e-04
4.23287e+00 1.95977e-01 1.73436e-04
4.23287e+00 2.27426e-01 2.01493e-04
4.23287e+00 2.61096e-01 2.31638e-04
4.23287e+00 2.96953e-01 2.63882e-04
4.23287e+00 3.34963e-01 2.98234e-04
4.23287e+00 3.75089e-01 3.34713e-04
4.23287e+00 4.17290e-01 3.73335e-04
4.23287e+00 4.61527e-01 4.14121e-04
4.23287e+00 5.07755e-01 4.57091e-04
4.23287e+00 5.55930e-01 5.02261e-04
4.23287e+00 6.06005e-01 5.49643e-04
4.23287e+00 6.57930e-01 5.99235e-04
4.23287e+00 7.11655e-01 6.51021e-04
4.23287e+00 7.67127e-01 7.04960e-04
4.23287e+00 8.24292e-01 7.60983e-04
4.23287e+00 8.83095e-01 8.18976e-04
4.23287e+00 9.43478e-01 8.78778e-04
4.23287e+00 1.00538e+00 9.40164e-04
4.23287e+00 1.06875e+00 1.00283e-03
4.23287e+00 1.13351e+00 1.06640e-03
4.23287e+00 1.19960e+00 1.13036e-03
4.23287e+00 1.26697e+00 1.19413e-03
4.23287e+00 1.33555e+00 1.25697e-03
4.23287e+00 1.40526e+00 1.31803e-03
4.23287e+00 1.47604e+00 1.37632e-03
4.23287e+00 1.54782e+00 1.43073e-03
4.23287e+00 1.62053e+00 1.48004e-03
4.23287e+00 1.69410e+00 1.52292e-03
4.23287e+00 1.76846e+00 1.55800e-03
4.23287e+00 1.84353e+00 1.58392e-03
4.23287e+00 1.91924e+00 1.59935e-03
4.23287e+00 1.99553e+00 1.60309e-03
4.23287e+00 2.07230e+00 1.59412e-03
4.23287e+00 2.14949e+00 1.57174e-03
4.23287e+00 2.22703e+00 1.53555e-03
4.23287e+00 2.30483e+00 1.48563e-03
4.23287e+00 2.38282e+00 1.42247e-03
4.23287e+00 2.46093e+00 1.34709e-03
4.23287e+00 2.53907e+00 1.26098e-03
4.23287e+00 2.61718e+00 1.16606e-03
4.23287e+00 2.69517e+00 1.06460e-03
4.23287e+00 2.77297e+00 9.59118e-04
4.23287e+00 2.85051e+00 8.52245e-04
4.23287e+00 2.92770e+00 7.46565e-04
4.23287e+00 3.00447e+00 6.44477e-04
4.23287e+00 3.08076e+00 5.48072e-04
4.23287e+00 3.15647e+00 4.59029e-04
4.23287e+00 3.23154e+00 3.78558e-04
4.23287e+00 3.30590e+00 3.07370e-04
4.23287e+00 3.37947e+00 2.45707e-04
4.23287e+00 3.45218e+00 1.93387e-04
4.23287e+00 3.52396e+00 1.49886e-04
4.23287e+00 3.59474e+00 1.14428e-04
4.23287e+00 3.66445e+00 8.60803e-05
4.23287e+00 3.73303e+00 6.38378e-05
4.23287e+00 3.80040e+00 4.66992e-05
4.23287e+00 3.86649e+00 3.37211e-05
4.23287e+00 3.93125e+00 2.40548e-05
4.23287e+00 3.99462e+00 1.69672e-05
4.23287e+00 4.05652e+00 1.18459e-05
4.23287e+00 4.11690e+00 8.19530e-06
4.23287e+00 4.17571e+00 5.62514e-06
4.23287e+00 4.23287e+00 3.83572e-06
4.23287e+00 4.28835e+00 2.60206e-06
4.23287e+00 4.34207e+00 1.75870e-06
4.23287e+00 4.39400e+00 1.18618e-06
4.23287e+00 4.44407e+00 7.99646e-07
4.23287e+00 4.49224e+00 5.39720e-07
4.23287e+00 4.53847e+00 3.65351e-07
4.23287e+00 4.58271e+00 2.48479e-07
4.23287e+00 4.62491e+00 1.70090e-07
4.23287e+00 4.66504e+00 1.17397e-07
4.23287e+00 4.70305e+00 8.18468e-08
4.23287e+00 4.73890e+00 5.77403e-08
4.23287e+00 4.77257e+00 4.12903e-08
4.23287e+00 4.80402e+00 2.99810e-08
4.23287e+00 4.83322e+00 2.21406e-08
4.23287e+00 4.86014e+00 1.66557e-08
4.23287e+00 4.88475e+00 1.27825e-08
4.23287e+00 4.90703e+00 1.00222e-08
4.23287e+00 4.92696e+00 8.03847e-09
4.23287e+00 4.94452e+00 6.60331e-09
4.23287e+00 4.95969e+00 5.56154e-09
4.23287e+00 4.97246e+00 4.80709e-09
4.23287e+00 4.98281e+00 4.26749e-09
4.23287e+00 4.99074e+00 3.89360e-09
4.23287e+00 4.99623e+00 3.65293e-09
4.23287e+00 4.99928e+00 3.52523e-09
4.28835e+00 7.15683e-04 4.36580e-07
4.28835e+00 3.77012e-03 2.29985e-06
4.28835e+00 9.26216e-03 5.65014e-06
4.28835e+00 1.71877e-02 1.04851e-05
4.28835e+00 2.75390e-02 1.68004e-05
4.28835e+00 4.03061e-02 2.45909e-05
4.28835e+00 5.54766e-02 3.38505e-05
4.28835e+00 7.30356e-02 4.45729e-05
4.28835e+00 9.29659e-02 5.67518e-05
4.28835e+00 1.15248e-01 7.03812e-05
4.28835e+00 1.39860e-01 8.54561e-05
4.28835e+00 1.66779e-01 1.01973e-04
4.28835e+00 1.95977e-01 1.19929e-04
4.28835e+00 2.27426e-01 1.39325e-04
4.28835e+00 2.61096e-01 1.60162e-04
4.28835e+00 2.96953e-01 1.82447e-04
4.28835e+00 3.34963e-01 2.06185e-04
4.28835e+00 3.75089e-01 2.31388e-04
4.28835e+00 4.17290e-01 2.58066e-04
4.28835e+00 4.61527e-01 2.86231e-04
4.28835e+00 5.07755e-01 3.15895e-04
4.28835e+00 5.55930e-01 3.47067e-04
4.28835e+00 6.06005e-01 3.79754e-04
4.28835e+00 6.57930e-01 4.13951e-04
4.28835e+00 7.11655e-01 4.49644e-04
4.28835e+00 7.67127e-01 4.86803e-04
4.28835e+00 8.24292e-01 5.25376e-04
4.28835e+00 8.83095e-01 5.65283e-04
4.28835e+00 9.43478e-01 6.06407e-04
4.28835e+00 1.00538e+00 6.48591e-04
4.28835e+00 1.06875e+00 6.91625e-04
4.28835e+00 1.13351e+00 7.35236e-04
4.28835e+00 1.19960e+00 7.79086e-04
4.28835e+00 1.26697e+00 8.22756e-04
4.28835e+00 1.33555e+00 8.65745e-04
4.28835e+00 1.40526e+00 9.07463e-04
4.28835e+00 1.47604e+00 9.47231e-04
4.28835e+00 1.54782e+00 9.84285e-04
4.28835e+00 1.62053e+00 1.01779e-03
4.28835e+00 1.69410e+00 1.04683e-03
4.28835e+00 1.76846e+00 1.07049e-03
4.28835e+00 1.84353e+00 1.08782e-03
4.28835e+00 1.91924e+00 1.09793e-03
4.28835e+00 1.99553e+00 1.10000e-03
4.28835e+00 2.07230e+00 1.09336e-03
4.28835e+00 2.14949e+00 1.07752e-03
4.28835e+00 2.22703e+00 1.05223e-03
4.28835e+00 2.30483e+00 1.01756e-03
4.28835e+00 2.38282e+00 9.73861e-04
4.28835e+00 2.46093e+00 9.21840e-04
4.28835e+00 2.53907e+00 8.62528e-04
4.28835e+00 2.61718e+00 7.97246e-04
4.28835e+00 2.69517e+00 7.27560e-04
4.28835e+00 2.77297e+00 6.55193e-04
4.28835e+00 2.85051e+00 5.81940e-04
4.28835e+00 2.92770e+00 5.09566e-04
4.28835e+00 3.00447e+00 4.39706e-04
4.28835e+00 3.08076e+00 3.73783e-04
4.28835e+00 3.15647e+00 3.12934e-04
4.28835e+00 3.23154e+00 2.57975e-04
4.28835e+00 3.30590e+00 2.09385e-04
4.28835e+00 3.37947e+00 1.67319e-04
4.28835e+00 3.45218e+00 1.31644e-04
4.28835e+00 3.52396e+00 1.01997e-04
4.28835e+00 3.59474e+00 7.78418e-05
4.28835e+00 3.66445e+00 5.85385e-05
4.28835e+00 3.73303e+00 4.33990e-05
4.28835e+00 3.80040e+00 3.17380e-05
4.28835e+00 3.86649e+00 2.29110e-05
4.28835e+00 3.93125e+00 1.63389e-05
4.28835e+00 3.99462e+00 1.15216e-05
4.28835e+00 4.05652e+00 8.04183e-06
4.28835e+00 4.11690e+00 5.56214e-06
4.28835e+00 4.17571e+00 3.81685e-06
4.28835e+00 4.23287e+00 2.60206e-06
4.28835e+00 4.28835e+00 1.76478e-06
4.28835e+00 4.34207e+00 1.19254e-06
4.28835e+00 4.39400e+00 8.04157e-07
4.28835e+00 4.44407e+00 5.42007e-07
4.28835e+00 4.49224e+00 3.65759e-07
4.28835e+00 4.53847e+00 2.47549e-07
4.28835e+00 4.58271e+00 1.68333e-07
4.28835e+00 4.62491e+00 1.15210e-07
4.28835e+00 4.66504e+00 7.95068e-08
4.28835e+00 4.70305e+00 5.54226e-08
4.28835e+00 4.73890e+00 3.90938e-08
4.28835e+00 4.77257e+00 2.79527e-08
4.28835e+00 4.80402e+00 2.02943e-08
4.28835e+00 4.83322e+00 1.49855e-08
4.28835e+00 4.86014e+00 1.12721e-08
4.28835e+00 4.88475e+00 8.65010e-09
4.28835e+00 4.90703e+00 6.78165e-09
4.28835e+00 4.92696e+00 5.43894e-09
4.28835e+00 4.94452e+00 4.46762e-09
4.28835e+00 4.95969e+00 3.76259e-09
4.28835e+00 4.97246e+00 3.25203e-09
4.28835e+00 4.98281e+00 2.88689e-09
4.28835e+00 4.99074e+00 2.63389e-09
4.28835e+00 4.99623e+00 2.47103e-09
4.28835e+00 4.99928e+00 2.38463e-09
4.34207e+00 7.15683e-04 3.00511e-07
4.34207e+00 3.77012e-03 1.58305e-06
4.34207e+00 9.26216e-03 3.88915e-06
4.34207e+00 1.71877e-02 7.21716e-06
4.34207e+00 2.75390e-02 1.15642e-05
4.34207e+00 4.03061e-02 1.69265e-05
4.34207e+00 5.54766e-02 2.33001e-05
4.34207e+00 7.30356e-02 3.06804e-05
4.34207e+00 9.29659e-02 3.90630e-05
4.34207e+00 1.15248e-01 4.84438e-05
4.34207e+00 1.39860e-01 5.88190e-05
4.34207e+00 1.66779e-01 7.01859e-05
4.34207e+00 1.95977e-01 8.25426e-05
4.34207e+00 2.27426e-01 9.58889e-05
4.34207e+00 2.61096e-01 1.10226e-04
4.34207e+00 2.96953e-01 1.25556e-04
4.34207e+00 3.34963e-01 1.41885e-04
4.34207e+00 3.75089e-01 1.59216e-04
4.34207e+00 4.17290e-01 1.77559e-04
4.34207e+00 4.61527e-01 1.96919e-04
4.34207e+00 5.07755e-01 2.17305e-04
4.34207e+00 5.55930e-01 2.38720e-04
4.34207e+00 6.06005e-01 2.61167e-04
4.34207e+00 6.57930e-01 2.84642e-04
4.34207e+00 7.11655e-01 3.09134e-04
4.34207e+00 7.67127e-01 3.34620e-04
4.34207e+00 8.24292e-01 3.61061e-04
4.34207e+00 8.83095e-01 3.88402e-04
4.34207e+00 9.43478e-01 4.16560e-04
4.34207e+00 1.00538e+00 4.45424e-04
4.34207e+00 1.06875e+00 4.74849e-04
4.34207e+00 1.13351e+00 5.04646e-04
4.34207e+00 1.19960e+00 5.34580e-04
4.34207e+00 1.26697e+00 5.64363e-04
4.34207e+00 1.33555e+00 5.93652e-04
4.34207e+00 1.40526e+00 6.22040e-04
4.34207e+00 1.47604e+00 6.49063e-04
4.34207e+00 1.54782e+00 6.74200e-04
4.34207e+00 1.62053e+00 6.96877e-04
4.34207e+00 1.69410e+00 7.16480e-04
4.34207e+00 1.76846e+00 7.32376e-04
4.34207e+00 1.84353e+00 7.43927e-04
4.34207e+00 1.91924e+00 7.50526e-04
4.34207e+00 1.99553e+00 7.51623e-04
4.34207e+00 2.07230e+00 7.46764e-04
4.34207e+00 2.14949e+00 7.35627e-04
4.34207e+00 2.22703e+00 7.18057e-04
4.34207e+00 2.30483e+00 6.94096e-04
4.34207e+00 2.38282e+00 6.64003e-04
4.34207e+00 2.46093e+00 6.28266e-04
4.34207e+00 2.53907e+00 5.87593e-04
4.34207e+00 2.61718e+00 5.42893e-04
4.34207e+00 2.69517e+00 4.95233e-04
4.34207e+00 2.77297e+00 4.45792e-04
4.34207e+00 2.85051e+00 3.95792e-04
4.34207e+00 2.92770e+00 3.46431e-04
4.34207e+00 3.00447e+00 2.98820e-04
4.34207e+00 3.08076e+00 2.53922e-04
4.34207e+00 3.15647e+00 2.12507e-04
4.34207e+00 3.23154e+00 1.75122e-04
4.34207e+00 3.30590e+00 1.42087e-04
4.34207e+00 3.37947e+00 1.13501e-04
4.34207e+00 3.45218e+00 8.92711e-05
4.34207e+00 3.52396e+00 6.91438e-05
4.34207e+00 3.59474e+00 5.27524e-05
4.34207e+00 3.66445e+00 3.96586e-05
4.34207e+00 3.73303e+00 2.93931e-05
4.34207e+00 3.80040e+00 2.14891e-05
4.34207e+00 3.86649e+00 1.55082e-05
4.34207e+00 3.93125e+00 1.10566e-05
4.34207e+00 3.99462e+00 7.79467e-06
4.34207e+00 4.05652e+00 5.43916e-06
4.34207e+00 4.11690e+00 3.76109e-06
4.34207e+00 4.17571e+00 2.58033e-06
4.34207e+00 4.23287e+00 1.75870e-06
4.34207e+00 4.28835e+00 1.19254e-06
4.34207e+00 4.34207e+00 8.05683e-07
4.34207e+00 4.39400e+00 5.43186e-07
4.34207e+00 4.44407e+00 3.66043e-07
4.34207e+00 4.49224e+00 2.46971e-07
4.34207e+00 4.53847e+00 1.67124e-07
4.34207e+00 4.58271e+00 1.13626e-07
4.34207e+00 4.62491e+00 7.77558e-08
4.34207e+00 4.66504e+00 5.36519e-08
4.34207e+00 4.70305e+00 3.73947e-08
4.34207e+00 4.73890e+00 2.63741e-08
4.34207e+00 4.77257e+00 1.88557e-08
4.34207e+00 4.80402e+00 1.36882e-08
4.34207e+00 4.83322e+00 1.01065e-08
4.34207e+00 4.86014e+00 7.60140e-09
4.34207e+00 4.88475e+00 5.83278e-09
4.34207e+00 4.90703e+00 4.57254e-09
4.34207e+00 4.92696e+00 3.66697e-09
4.34207e+00 4.94452e+00 3.01193e-09
4.34207e+00 4.95969e+00 2.53649e-09
4.34207e+00 4.97246e+00 2.19221e-09
4.34207e+00 4.98281e+00 1.94600e-09
4.34207e+00 4.99074e+00 1.77541e-09
4.34207e+00 4.99623e+00 1.66561e-09
4.34207e+00 4.99928e+00 1.60735e-09
4.39400e+00 7.15683e-04 2.06212e-07
4.39400e+00 3.77012e-03 1.08630e-06
4.39400e+00 9.26216e-03 2.66876e-06
4.39400e+00 1.71877e-02 4.95246e-06
4.39400e+00 2.75390e-02 7.93539e-06
4.39400e+00 4.03061e-02 1.16150e-05
4.39400e+00 5.54766e-02 1.59886e-05
4.39400e+00 7.30356e-02 2.10528e-05
4.39400e+00 9.29659e-02 2.68048e-05
4.39400e+00 1.15248e-01 3.32415e-05
4.39400e+00 1.39860e-01 4.03602e-05
4.39400e+00 1.66779e-01 4.81590e-05
4.39400e+00 1.95977e-01 5.66363e-05
4.39400e+00 2.27426e-01 6.57919e-05
4.39400e+00 2.61096e-01 7.56260e-05
4.39400e+00 2.96953e-01 8.61403e-05
4.39400e+00 3.34963e-01 9.73373e-05
4.39400e+00 3.75089e-01 1.09221e-04
4.39400e+00 4.17290e-01 1.21794e-04
4.39400e+00 4.61527e-01 1.35063e-04
4.39400e+00 5.07755e-01 1.49030e-04
4.39400e+00 5.55930e-01 1.63698e-04
4.39400e+00 6.06005e-01 1.79068e-04
4.39400e+00 6.57930e-01 1.95136e-04
4.39400e+00 7.11655e-01 2.11893e-04
4.39400e+00 7.67127e-01 2.29323e-04
4.39400e+00 8.24292e-01 2.47397e-04
4.39400e+00 8.83095e-01 2.66076e-04
4.39400e+00 9.43478e-01 2.85303e-04
4.39400e+00 1.00538e+00 3.04999e-04
4.39400e+00 1.06875e+00 3.25065e-04
4.39400e+00 1.13351e+00 3.45369e-04
4.39400e+00 1.19960e+00 3.65751e-04
4.39400e+00 1.26697e+00 3.86012e-04
4.39400e+00 1.33555e+00 4.05916e-04
4.39400e+00 1.40526e+00 4.25187e-04
4.39400e+00 1.47604e+00 4.43506e-04
4.39400e+00 1.54782e+00 4.60519e-04
4.39400e+00 1.62053e+00 4.75835e-04
4.39400e+00 1.69410e+00 4.89037e-04
4.39400e+00 1.76846e+00 4.99696e-04
4.39400e+00 1.84353e+00 5.07380e-04
4.39400e+00 1.91924e+00 5.11678e-04
4.39400e+00 1.99553e+00 5.12220e-04
4.39400e+00 2.07230e+00 5.08704e-04
4.39400e+00 2.14949e+00 5.00913e-04
4.39400e+00 2.22703e+00 4.88750e-04
4.39400e+00 2.30483e+00 4.72248e-04
4.39400e+00 2.38282e+00 4.51590e-04
4.39400e+00 2.46093e+00 4.27112e-04
4.39400e+00 2.53907e+00 3.99301e-04
4.39400e+00 2.61718e+00 3.68778e-04
4.39400e+00 2.69517e+00 3.36271e-04
4.39400e+00 2.77297e+00 3.02582e-04
4.39400e+00 2.85051e+00 2.68541e-04
4.39400e+00 2.92770e+00 2.34962e-04
4.39400e+00 3.00447e+00 2.02596e-04
4.39400e+00 3.08076e+00 1.72093e-04
4.39400e+00 3.15647e+00 1.43973e-04
4.39400e+00 3.23154e+00 1.18604e-04
4.39400e+00 3.30590e+00 9.61976e-05
4.39400e+00 3.37947e+00 7.68190e-05
4.39400e+00 3.45218e+00 6.04003e-05
4.39400e+00 3.52396e+00 4.67676e-05
4.39400e+00 3.59474e+00 3.56699e-05
4.39400e+00 3.66445e+00 2.68083e-05
4.39400e+00 3.73303e+00 1.98634e-05
4.39400e+00 3.80040e+00 1.45180e-05
4.39400e+00 3.86649e+00 1.04745e-05
4.39400e+00 3.93125e+00 7.46589e-06
4.39400e+00 3.99462e+00 5.26198e-06
4.39400e+00 4.05652e+00 3.67096e-06
4.39400e+00 4.11690e+00 2.53782e-06
4.39400e+00 4.17571e+00 1.74071e-06
4.39400e+00 4.23287e+00 1.18618e-06
4.39400e+00 4.28835e+00 8.04157e-07
4.39400e+00 4.34207e+00 5.43186e-07
4.39400e+00 4.39400e+00 3.66144e-07
4.39400e+00 4.44407e+00 2.46694e-07
4.39400e+00 4.49224e+00 1.66417e-07
4.39400e+00 4.53847e+00 1.12596e-07
4.39400e+00 4.58271e+00 7.65409e-08
4.39400e+00 4.62491e+00 5.23706e-08
4.39400e+00 4.66504e+00 3.61311e-08
4.39400e+00 4.70305e+00 2.51797e-08
4.39400e+00 4.73890e+00 1.77569e-08
4.39400e+00 4.77257e+00 1.26936e-08
4.39400e+00 4.80402e+00 9.21388e-09
4.39400e+00 4.83322e+00 6.80231e-09
4.39400e+00 4.86014e+00 5.11577e-09
4.39400e+00 4.88475e+00 3.92517e-09
4.39400e+00 4.90703e+00 3.07688e-09
4.39400e+00 4.92696e+00 2.46736e-09
4.39400e+00 4.94452e+00 2.02649e-09
4.39400e+00 4.95969e+00 1.70653e-09
4.39400e+00 4.97246e+00 1.47484e-09
4.39400e+00 4.98281e+00 1.30916e-09
4.39400e+00 4.99074e+00 1.19437e-09
4.39400e+00 4.99623e+00 1.12048e-09
4.39400e+00 4.99928e+00 1.08128e-09
4.44407e+00 7.15683e-04 1.41302e-07
4.44407e+00 3.77012e-03 7.44361e-07
4.44407e+00 9.26216e-03 1.82870e-06
4.44407e+00 1.71877e-02 3.39355e-06
4.44407e+00 2.75390e-02 5.43752e-06
4.44407e+00 4.03061e-02 7.95889e-06
4.44407e+00 5.54766e-02 1.09557e-05
4.44407e+00 7.30356e-02 1.44258e-05
4.44407e+00 9.29659e-02 1.83670e-05
4.44407e+00 1.15248e-01 2.27772e-05
4.44407e+00 1.39860e-01 2.76547e-05
4.44407e+00 1.66779e-01 3.29978e-05
4.44407e+00 1.95977e-01 3.88055e-05
4.44407e+00 2.27426e-01 4.50773e-05
4.44407e+00 2.61096e-01 5.18133e-05
4.44407e+00 2.96953e-01 5.90144e-05
4.44407e+00 3.34963e-01 6.66821e-05
4.44407e+00 3.75089e-01 7.48184e-05
4.44407e+00 4.17290e-01 8.34258e-05
4.44407e+00 4.61527e-01 9.25067e-05
4.44407e+00 5.07755e-01 1.02064e-04
4.44407e+00 5.55930e-01 1.12097e-04
4.44407e+00 6.06005e-01 1.22608e-04
4.44407e+00 6.57930e-01 1.33592e-04
4.44407e+00 7.11655e-01 1.45043e-04
4.44407e+00 7.67127e-01 1.56949e-04
4.44407e+00 8.24292e-01 1.69289e-04
4.44407e+00 8.83095e-01 1.82036e-04
4.44407e+00 9.43478e-01 1.95149e-04
4.44407e+00 1.00538e+00 2.08575e-04
4.44407e+00 1.06875e+00 2.22244e-04
4.44407e+00 1.13351e+00 2.36066e-04
4.44407e+00 1.19960e+00 2.49930e-04
4.44407e+00 1.26697e+00 2.63700e-04
4.44407e+00 1.33555e+00 2.77216e-04
4.44407e+00 1.40526e+00 2.90286e-04
4.44407e+00 1.47604e+00 3.02696e-04
4.44407e+00 1.54782e+00 3.14203e-04
4.44407e+00 1.62053e+00 3.24541e-04
4.44407e+00 1.69410e+00 3.33429e-04
4.44407e+00 1.76846e+00 3.40573e-04
4.44407e+00 1.84353e+00 3.45683e-04
4.44407e+00 1.91924e+00 3.48481e-04
4.44407e+00 1.99553e+00 3.48719e-04
4.44407e+00 2.07230e+00 3.46193e-04
4.44407e+00 2.14949e+00 3.40760e-04
4.44407e+00 2.22703e+00 3.32358e-04
4.44407e+00 2.30483e+00 3.21012e-04
4.44407e+00 2.38282e+00 3.06852e-04
4.44407e+00 2.46093e+00 2.90108e-04
4.44407e+00 2.53907e+00 2.71115e-04
4.44407e+00 2.61718e+00 2.50296e-04
4.44407e+00 2.69517e+00 2.28148e-04
4.44407e+00 2.77297e+00 2.05215e-04
4.44407e+00 2.85051e+00 1.82062e-04
4.44407e+00 2.92770e+00 1.59240e-04
4.44407e+00 3.00447e+00 1.37256e-04
4.44407e+00 3.08076e+00 1.16551e-04
4.44407e+00 3.15647e+00 9.74735e-05
4.44407e+00 3.23154e+00 8.02712e-05
4.44407e+00 3.30590e+00 6.50858e-05
4.44407e+00 3.37947e+00 5.19582e-05
4.44407e+00 3.45218e+00 4.08406e-05
4.44407e+00 3.52396e+00 3.16132e-05
4.44407e+00 3.59474e+00 2.41046e-05
4.44407e+00 3.66445e+00 1.81111e-05
4.44407e+00 3.73303e+00 1.34156e-05
4.44407e+00 3.80040e+00 9.80282e-06
4.44407e+00 3.86649e+00 7.07077e-06
4.44407e+00 3.93125e+00 5.03858e-06
4.44407e+00 3.99462e+00 3.55036e-06
4.44407e+00 4.05652e+00 2.47630e-06
4.44407e+00 4.11690e+00 1.71155e-06
4.44407e+00 4.17571e+00 1.17372e-06
4.44407e+00 4.23287e+00 7.99646e-07
4.44407e+00 4.28835e+00 5.42007e-07
4.44407e+00 4.34207e+00 3.66043e-07
4.44407e+00 4.39400e+00 2.46694e-07
4.44407e+00 4.44407e+00 1.66185e-07
4.44407e+00 4.49224e+00 1.12088e-07
4.44407e+00 4.53847e+00 7.58259e-08
4.44407e+00 4.58271e+00 5.15379e-08
4.44407e+00 4.62491e+00 3.52583e-08
4.44407e+00 4.66504e+00 2.43220e-08
4.44407e+00 4.70305e+00 1.69479e-08
4.44407e+00 4.73890e+00 1.19504e-08
4.44407e+00 4.77257e+00 8.54188e-09
4.44407e+00 4.80402e+00 6.19968e-09
4.44407e+00 4.83322e+00 4.57661e-09
4.44407e+00 4.86014e+00 3.44162e-09
4.44407e+00 4.88475e+00 2.64045e-09
4.44407e+00 4.90703e+00 2.06966e-09
4.44407e+00 4.92696e+00 1.65957e-09
4.44407e+00 4.94452e+00 1.36297e-09
4.44407e+00 4.95969e+00 1.14771e-09
4.44407e+00 4.97246e+00 9.91859e-10
4.44407e+00 4.98281e+00 8.80406e-10
4.44407e+00 4.99074e+00 8.03190e-10
4.44407e+00 4.99623e+00 7.53489e-10
4.44407e+00 4.99928e+00 7.27122e-10
4.49224e+00 7.15683e-04 9.68505e-08
4.49224e+00 3.77012e-03 5.10196e-07
4.49224e+00 9.26216e-03 1.25342e-06
4.49224e+00 1.71877e-02 2.32599e-06
4.49224e+00 2.75390e-02 3.72696e-06
4.49224e+00 4.03061e-02 5.45513e-06
4.49224e+00 5.54766e-02 7.50915e-06
4.49224e+00 7.30356e-02 9.88754e-06
4.49224e+00 9.29659e-02 1.25888e-05
4.49224e+00 1.15248e-01 1.56115e-05
4.49224e+00 1.39860e-01 1.89542e-05
4.49224e+00 1.66779e-01 2.26159e-05
4.49224e+00 1.95977e-01 2.65958e-05
4.49224e+00 2.27426e-01 3.08935e-05
4.49224e+00 2.61096e-01 3.55088e-05
4.49224e+00 2.96953e-01 4.04423e-05
4.49224e+00 3.34963e-01 4.56948e-05
4.49224e+00 3.75089e-01 5.12674e-05
4.49224e+00 4.17290e-01 5.71617e-05
4.49224e+00 4.61527e-01 6.33790e-05
4.49224e+00 5.07755e-01 6.99206e-05
4.49224e+00 5.55930e-01 7.67871e-05
4.49224e+00 6.06005e-01 8.39776e-05
4.49224e+00 6.57930e-01 9.14898e-05
4.49224e+00 7.11655e-01 9.93183e-05
4.49224e+00 7.67127e-01 1.07454e-04
4.49224e+00 8.24292e-01 1.15884e-04
4.49224e+00 8.83095e-01 1.24587e-04
4.49224e+00 9.43478e-01 1.33536e-04
4.49224e+00 1.00538e+00 1.42694e-04
4.49224e+00 1.06875e+00 1.52011e-04
4.49224e+00 1.13351e+00 1.61427e-04
4.49224e+00 1.19960e+00 1.70864e-04
4.49224e+00 1.26697e+00 1.80230e-04
4.49224e+00 1.33555e+00 1.89415e-04
4.49224e+00 1.40526e+00 1.98288e-04
4.49224e+00 1.47604e+00 2.06703e-04
4.49224e+00 1.54782e+00 2.14493e-04
4.49224e+00 1.62053e+00 2.21480e-04
4.49224e+00 1.69410e+00 2.27469e-04
4.49224e+00 1.76846e+00 2.32264e-04
4.49224e+00 1.84353e+00 2.35668e-04
4.49224e+00 1.91924e+00 2.37492e-04
4.49224e+00 1.99553e+00 2.37570e-04
4.49224e+00 2.07230e+00 2.35764e-04
4.49224e+00 2.14949e+00 2.31980e-04
4.49224e+00 2.22703e+00 2.26178e-04
4.49224e+00 2.30483e+00 2.18378e-04
4.49224e+00 2.38282e+00 2.08669e-04
4.49224e+00 2.46093e+00 1.97211e-04
4.49224e+00 2.53907e+00 1.84234e-04
4.49224e+00 2.61718e+00 1.70026e-04
4.49224e+00 2.69517e+00 1.54926e-04
4.49224e+00 2.77297e+00 1.39305e-04
4.49224e+00 2.85051e+00 1.23545e-04
4.49224e+00 2.92770e+00 1.08022e-04
4.49224e+00 3.00447e+00 9.30778e-05
4.49224e+00 3.08076e+00 7.90112e-05
4.49224e+00 3.15647e+00 6.60573e-05
4.49224e+00 3.23154e+00 5.43824e-05
4.49224e+00 3.30590e+00 4.40811e-05
4.49224e+00 3.37947e+00 3.51796e-05
4.49224e+00 3.45218e+00 2.76441e-05
4.49224e+00 3.52396e+00 2.13923e-05
4.49224e+00 3.59474e+00 1.63068e-05
4.49224e+00 3.66445e+00 1.22489e-05
4.49224e+00 3.73303e+00 9.07092e-06
4.49224e+00 3.80040e+00 6.62647e-06
4.49224e+00 3.86649e+00 4.77852e-06
4.49224e+00 3.93125e+00 3.40434e-06
4.49224e+00 3.99462e+00 2.39828e-06
4.49224e+00 4.05652e+00 1.67238e-06
4.49224e+00 4.11690e+00 1.15566e-06
4.49224e+00 4.17571e+00 7.92351e-07
4.49224e+00 4.23287e+00 5.39720e-07
4.49224e+00 4.28835e+00 3.65759e-07
4.49224e+00 4.34207e+00 2.46971e-07
4.49224e+00 4.39400e+00 1.66417e-07
4.49224e+00 4.44407e+00 1.12088e-07
4.49224e+00 4.49224e+00 7.55899e-08
4.49224e+00 4.53847e+00 5.11278e-08
4.49224e+00 4.58271e+00 3.47461e-08
4.49224e+00 4.62491e+00 2.37675e-08
4.49224e+00 4.66504e+00 1.63934e-08
4.49224e+00 4.70305e+00 1.14218e-08
4.49224e+00 4.73890e+00 8.05294e-09
4.49224e+00 4.77257e+00 5.75550e-09
4.49224e+00 4.80402e+00 4.17694e-09
4.49224e+00 4.83322e+00 3.08315e-09
4.49224e+00 4.86014e+00 2.31836e-09
4.49224e+00 4.88475e+00 1.77854e-09
4.49224e+00 4.90703e+00 1.39398e-09
4.49224e+00 4.92696e+00 1.11771e-09
4.49224e+00 4.94452e+00 9.17903e-10
4.49224e+00 4.95969e+00 7.72905e-10
4.49224e+00 4.97246e+00 6.67923e-10
4.49224e+00 4.98281e+00 5.92852e-10
4.49224e+00 4.99074e+00 5.40844e-10
4.49224e+00 4.99623e+00 5.07369e-10
4.49224e+00 4.99928e+00 4.89610e-10
4.53847e+00 7.15683e-04 6.65178e-08
4.53847e+00 3.77012e-03 3.50407e-07
4.53847e+00 9.26216e-03 8.60859e-07
4.53847e+00 1.71877e-02 1.59751e-06
4.53847e+00 2.75390e-02 2.55970e-06
4.53847e+00 4.03061e-02 3.74662e-06
4.53847e+00 5.54766e-02 5.15732e-06
4.53847e+00 7.30356e-02 6.79078e-06
4.53847e+00 9.29659e-02 8.64595e-06
4.53847e+00 1.15248e-01 1.07218e-05
4.53847e+00 1.39860e-01 1.30174e-05
4.53847e+00 1.66779e-01 1.55320e-05
4.53847e+00 1.95977e-01 1.82649e-05
4.53847e+00 2.27426e-01 2.12159e-05
4.53847e+00 2.61096e-01 2.43847e-05
4.53847e+00 2.96953e-01 2.77716e-05
4.53847e+00 3.34963e-01 3.13771e-05
4.53847e+00 3.75089e-01 3.52018e-05
4.53847e+00 4.17290e-01 3.92466e-05
4.53847e+00 4.61527e-01 4.35123e-05
4.53847e+00 5.07755e-01 4.79995e-05
4.53847e+00 5.55930e-01 5.27084e-05
4.53847e+00 6.06005e-01 5.76383e-05
4.53847e+00 6.57930e-01 6.27870e-05
4.53847e+00 7.11655e-01 6.81509e-05
4.53847e+00 7.67127e-01 7.37233e-05
4.53847e+00 8.24292e-01 7.94946e-05
4.53847e+00 8.83095e-01 8.54506e-05
4.53847e+00 9.43478e-01 9.15718e-05
4.53847e+00 1.00538e+00 9.78324e-05
4.53847e+00 1.06875e+00 1.04199e-04
4.53847e+00 1.13351e+00 1.10628e-04
4.53847e+00 1.19960e+00 1.17068e-04
4.53847e+00 1.26697e+00 1.23455e-04
4.53847e+00 1.33555e+00 1.29713e-04
4.53847e+00 1.40526e+00 1.35752e-04
4.53847e+00 1.47604e+00 1.41473e-04
4.53847e+00 1.54782e+00 1.46762e-04
4.53847e+00 1.62053e+00 1.51497e-04
4.53847e+00 1.69410e+00 1.55545e-04
4.53847e+00 1.76846e+00 1.58774e-04
4.53847e+00 1.84353e+00 1.61048e-04
4.53847e+00 1.91924e+00 1.62241e-04
4.53847e+00 1.99553e+00 1.62240e-04
4.53847e+00 2.07230e+00 1.60952e-04
4.53847e+00 2.14949e+00 1.58315e-04
4.53847e+00 2.22703e+00 1.54303e-04
4.53847e+00 2.30483e+00 1.48930e-04
4.53847e+00 2.38282e+00 1.42260e-04
4.53847e+00 2.46093e+00 1.34403e-04
4.53847e+00 2.53907e+00 1.25516e-04
4.53847e+00 2.61718e+00 1.15797e-04
4.53847e+00 2.69517e+00 1.05478e-04
4.53847e+00 2.77297e+00 9.48118e-05
4.53847e+00 2.85051e+00 8.40585e-05
4.53847e+00 2.92770e+00 7.34728e-05
4.53847e+00 3.00447e+00 6.32887e-05
4.53847e+00 3.08076e+00 5.37074e-05
4.53847e+00 3.15647e+00 4.48885e-05
4.53847e+00 3.23154e+00 3.69440e-05
4.53847e+00 3.30590e+00 2.99373e-05
4.53847e+00 3.37947e+00 2.38852e-05
4.53847e+00 3.45218e+00 1.87638e-05
4.53847e+00 3.52396e+00 1.45164e-05
4.53847e+00 3.59474e+00 1.10626e-05
4.53847e+00 3.66445e+00 8.30764e-06
4.53847e+00 3.73303e+00 6.15070e-06
4.53847e+00 3.80040e+00 4.49213e-06
4.53847e+00 3.86649e+00 3.23865e-06
4.53847e+00 3.93125e+00 2.30678e-06
4.53847e+00 3.99462e+00 1.62473e-06
4.53847e+00 4.05652e+00 1.13273e-06
4.53847e+00 4.11690e+00 7.82594e-07
4.53847e+00 4.17571e+00 5.36463e-07
4.53847e+00 4.23287e+00 3.65351e-07
4.53847e+00 4.28835e+00 2.47549e-07
4.53847e+00 4.34207e+00 1.67124e-07
4.53847e+00 4.39400e+00 1.12596e-07
4.53847e+00 4.44407e+00 7.58259e-08
4.53847e+00 4.49224e+00 5.11278e-08
4.53847e+00 4.53847e+00 3.45773e-08
4.53847e+00 4.58271e+00 2.34954e-08
4.53847e+00 4.62491e+00 1.60697e-08
4.53847e+00 4.66504e+00 1.10826e-08
4.53847e+00 4.70305e+00 7.72076e-09
4.53847e+00 4.73890e+00 5.44295e-09
4.53847e+00 4.77257e+00 3.88975e-09
4.53847e+00 4.80402e+00 2.82266e-09
4.53847e+00 4.83322e+00 2.08334e-09
4.53847e+00 4.86014e+00 1.56643e-09
4.53847e+00 4.88475e+00 1.20162e-09
4.53847e+00 4.90703e+00 9.41744e-10
4.53847e+00 4.92696e+00 7.55059e-10
4.53847e+00 4.94452e+00 6.20052e-10
4.53847e+00 4.95969e+00 5.22083e-10
4.53847e+00 4.97246e+00 4.51154e-10
4.53847e+00 4.98281e+00 4.00435e-10
4.53847e+00 4.99074e+00 3.65299e-10
4.53847e+00 4.99623e+00 3.42684e-10
4.53847e+00 4.99928e+00 3.30687e-10
4.58271e+00 7.15683e-04 4.58596e-08
4.58271e+00 3.77012e-03 2.41583e-07
4.58271e+00 9.26216e-03 5.93506e-07
4.58271e+00 1.71877e-02 1.10138e-06
4.58271e+00 2.75390e-02 1.76474e-06
4.58271e+00 4.03061e-02 2.58304e-06
4.58271e+00 5.54766e-02 3.55561e-06
4.58271e+00 7.30356e-02 4.68175e-06
4.58271e+00 9.29659e-02 5.96073e-06
4.58271e+00 1.15248e-01 7.39182e-06
4.58271e+00 1.39860e-01 8.97436e-06
4.58271e+00 1.66779e-01 1.07078e-05
4.58271e+00 1.95977e-01 1.25916e-05
4.58271e+00 2.27426e-01 1.46256e-05
4.58271e+00 2.61096e-01 1.68097e-05
4.58271e+00 2.96953e-01 1.91438e-05
4.58271e+00 3.34963e-01 2.16283e-05
4.58271e+00 3.75089e-01 2.42635e-05
4.58271e+00 4.17290e-01 2.70499e-05
4.58271e+00 4.61527e-01 2.99880e-05
4.58271e+00 5.07755e-01 3.30780e-05
4.58271e+00 5.55930e-01 3.63200e-05
4.58271e+00 6.06005e-01 3.97132e-05
4.58271e+00 6.57930e-01 4.32562e-05
4.58271e+00 7.11655e-01 4.69459e-05
4.58271e+00 7.67127e-01 5.07779e-05
4.58271e+00 8.24292e-01 5.47451e-05
4.58271e+00 8.83095e-01 5.88376e-05
4.58271e+00 9.43478e-01 6.30417e-05
4.58271e+00 1.00538e+00 6.73395e-05
4.58271e+00 1.06875e+00 7.17076e-05
4.58271e+00 1.13351e+00 7.61166e-05
4.58271e+00 1.19960e+00 8.05300e-05
4.58271e+00 1.26697e+00 8.49037e-05
4.58271e+00 1.33555e+00 8.91855e-05
4.58271e+00 1.40526e+00 9.33144e-05
4.58271e+00 1.47604e+00 9.72211e-05
4.58271e+00 1.54782e+00 1.00828e-04
4.58271e+00 1.62053e+00 1.04051e-04
4.58271e+00 1.69410e+00 1.06801e-04
4.58271e+00 1.76846e+00 1.08985e-04
4.58271e+00 1.84353e+00 1.10513e-04
4.58271e+00 1.91924e+00 1.11297e-04
4.58271e+00 1.99553e+00 1.11261e-04
4.58271e+00 2.07230e+00 1.10343e-04
4.58271e+00 2.14949e+00 1.08501e-04
4.58271e+00 2.22703e+00 1.05717e-04
4.58271e+00 2.30483e+00 1.02003e-04
4.58271e+00 2.38282e+00 9.74035e-05
4.58271e+00 2.46093e+00 9.19943e-05
4.58271e+00 2.53907e+00 8.58840e-05
4.58271e+00 2.61718e+00 7.92088e-05
4.58271e+00 2.69517e+00 7.21277e-05
4.58271e+00 2.77297e+00 6.48136e-05
4.58271e+00 2.85051e+00 5.74450e-05
4.58271e+00 2.92770e+00 5.01957e-05
4.58271e+00 3.00447e+00 4.32252e-05
4.58271e+00 3.08076e+00 3.66706e-05
4.58271e+00 3.15647e+00 3.06404e-05
4.58271e+00 3.23154e+00 2.52106e-05
4.58271e+00 3.30590e+00 2.04236e-05
4.58271e+00 3.37947e+00 1.62904e-05
4.58271e+00 3.45218e+00 1.27942e-05
4.58271e+00 3.52396e+00 9.89556e-06
4.58271e+00 3.59474e+00 7.53933e-06
4.58271e+00 3.66445e+00 5.66042e-06
4.58271e+00 3.73303e+00 4.18981e-06
4.58271e+00 3.80040e+00 3.05932e-06
4.58271e+00 3.86649e+00 2.20517e-06
4.58271e+00 3.93125e+00 1.57034e-06
4.58271e+00 3.99462e+00 1.10581e-06
4.58271e+00 4.05652e+00 7.70801e-07
4.58271e+00 4.11690e+00 5.32439e-07
4.58271e+00 4.17571e+00 3.64917e-07
4.58271e+00 4.23287e+00 2.48479e-07
4.58271e+00 4.28835e+00 1.68333e-07
4.58271e+00 4.34207e+00 1.13626e-07
4.58271e+00 4.39400e+00 7.65409e-08
4.58271e+00 4.44407e+00 5.15379e-08
4.58271e+00 4.49224e+00 3.47461e-08
4.58271e+00 4.53847e+00 2.34954e-08
4.58271e+00 4.58271e+00 1.59632e-08
4.58271e+00 4.62491e+00 1.09168e-08
4.58271e+00 4.66504e+00 7.52800e-09
4.58271e+00 4.70305e+00 5.24389e-09
4.58271e+00 4.73890e+00 3.69646e-09
4.58271e+00 4.77257e+00 2.64139e-09
4.58271e+00 4.80402e+00 1.91661e-09
4.58271e+00 4.83322e+00 1.41450e-09
4.58271e+00 4.86014e+00 1.06346e-09
4.58271e+00 4.88475e+00 8.15735e-10
4.58271e+00 4.90703e+00 6.39280e-10
4.58271e+00 4.92696e+00 5.12526e-10
4.58271e+00 4.94452e+00 4.20866e-10
4.58271e+00 4.95969e+00 3.54355e-10
4.58271e+00 4.97246e+00 3.06203e-10
4.58271e+00 4.98281e+00 2.71772e-10
4.58271e+00 4.99074e+00 2.47921e-10
4.58271e+00 4.99623e+00 2.32569e-10
4.58271e+00 4.99928e+00 2.24425e-10
4.62491e+00 7.15683e-04 3.17954e-08
4.62491e+00 3.77012e-03 1.67494e-07
4.62491e+00 9.26216e-03 4.11490e-07
4.62491e+00 1.71877e-02 7.63606e-07
4.62491e+00 2.75390e-02 1.22353e-06
4.62491e+00 4.03061e-02 1.79087e-06
4.62491e+00 5.54766e-02 2.46517e-06
4.62491e+00 7.30356e-02 3.24593e-06
4.62491e+00 9.29659e-02 4.13264e-06
4.62491e+00 1.15248e-01 5.12479e-06
4.62491e+00 1.39860e-01 6.22191e-06
4.62491e+00 1.66779e-01 7.42360e-06
4.62491e+00 1.95977e-01 8.72951e-06
4.62491e+00 2.27426e-01 1.01394e-05
4.62491e+00 2.61096e-01 1.16532e-05
4.62491e+00 2.96953e-01 1.32709e-05
4.62491e+00 3.34963e-01 1.49926e-05
4.62491e+00 3.75089e-01 1.68186e-05
4.62491e+00 4.17290e-01 1.87491e-05
4.62491e+00 4.61527e-01 2.07843e-05
4.62491e+00 5.07755e-01 2.29244e-05
4.62491e+00 5.55930e-01 2.51692e-05
4.62491e+00 6.06005e-01 2.75182e-05
4.62491e+00 6.57930e-01 2.99702e-05
4.62491e+00 7.11655e-01 3.25231e-05
4.62491e+00 7.67127e-01 3.51735e-05
4.62491e+00 8.24292e-01 3.79165e-05
4.62491e+00 8.83095e-01 4.07450e-05
4.62491e+00 9.43478e-01 4.36496e-05
4.62491e+00 1.00538e+00 4.66175e-05
4.62491e+00 1.06875e+00 4.96324e-05
4.62491e+00 1.13351e+00 5.26739e-05
4.62491e+00 1.19960e+00 5.57166e-05
4.62491e+00 1.26697e+00 5.87300e-05
4.62491e+00 1.33555e+00 6.16778e-05
4.62491e+00 1.40526e+00 6.45180e-05
4.62491e+00 1.47604e+00 6.72025e-05
4.62491e+00 1.54782e+00 6.96780e-05
4.62491e+00 1.62053e+00 7.18864e-05
4.62491e+00 1.69410e+00 7.37661e-05
4.62491e+00 1.76846e+00 7.52537e-05
4.62491e+00 1.84353e+00 7.62868e-05
4.62491e+00 1.91924e+00 7.68060e-05
4.62491e+00 1.99553e+00 7.67587e-05
4.62491e+00 2.07230e+00 7.61028e-05
4.62491e+00 2.14949e+00 7.48097e-05
4.62491e+00 2.22703e+00 7.28683e-05
4.62491e+00 2.30483e+00 7.02873e-05
4.62491e+00 2.38282e+00 6.70975e-05
4.62491e+00 2.46093e+00 6.33523e-05
4.62491e+00 2.53907e+00 5.91266e-05
4.62491e+00 2.61718e+00 5.45149e-05
4.62491e+00 2.69517e+00 4.96267e-05
4.62491e+00 2.77297e+00 4.45813e-05
4.62491e+00 2.85051e+00 3.95015e-05
4.62491e+00 2.92770e+00 3.45068e-05
4.62491e+00 3.00447e+00 2.97066e-05
4.62491e+00 3.08076e+00 2.51951e-05
4.62491e+00 3.15647e+00 2.10463e-05
4.62491e+00 3.23154e+00 1.73121e-05
4.62491e+00 3.30590e+00 1.40213e-05
4.62491e+00 3.37947e+00 1.11809e-05
4.62491e+00 3.45218e+00 8.77912e-06
4.62491e+00 3.52396e+00 6.78854e-06
4.62491e+00 3.59474e+00 5.17092e-06
4.62491e+00 3.66445e+00 3.88138e-06
4.62491e+00 3.73303e+00 2.87235e-06
4.62491e+00 3.80040e+00 2.09689e-06
4.62491e+00 3.86649e+00 1.51114e-06
4.62491e+00 3.93125e+00 1.07590e-06
4.62491e+00 3.99462e+00 7.57482e-07
4.62491e+00 4.05652e+00 5.27903e-07
4.62491e+00 4.11690e+00 3.64590e-07
4.62491e+00 4.17571e+00 2.49836e-07
4.62491e+00 4.23287e+00 1.70090e-07
4.62491e+00 4.28835e+00 1.15210e-07
4.62491e+00 4.34207e+00 7.77558e-08
4.62491e+00 4.39400e+00 5.23706e-08
4.62491e+00 4.44407e+00 3.52583e-08
4.62491e+00 4.49224e+00 2.37675e-08
4.62491e+00 4.53847e+00 1.60697e-08
4.62491e+00 4.58271e+00 1.09168e-08
4.62491e+00 4.62491e+00 7.46481e-09
4.62491e+00 4.66504e+00 5.14705e-09
4.62491e+00 4.70305e+00 3.58501e-09
4.62491e+00 4.73890e+00 2.52687e-09
4.62491e+00 4.77257e+00 1.80548e-09
4.62491e+00 4.80402e+00 1.30996e-09
4.62491e+00 4.83322e+00 9.66707e-10
4.62491e+00 4.86014e+00 7.26753e-10
4.62491e+00 4.88475e+00 5.57425e-10
4.62491e+00 4.90703e+00 4.36822e-10
4.62491e+00 4.92696e+00 3.50194e-10
4.62491e+00 4.94452e+00 2.87553e-10
4.62491e+00 4.95969e+00 2.42101e-10
4.62491e+00 4.97246e+00 2.09196e-10
4.62491e+00 4.98281e+00 1.85669e-10
4.62491e+00 4.99074e+00 1.69371e-10
4.62491e+00 4.99623e+00 1.58881e-10
4.62491e+00 4.99928e+00 1.53316e-10
4.66504e+00 7.15683e-04 2.22089e-08
4.66504e+00 3.77012e-03 1.16994e-07
4.66504e+00 9.26216e-03 2.87423e-07
4.66504e+00 1.71877e-02 5.33375e-07
4.66504e+00 2.75390e-02 8.54629e-07
4.66504e+00 4.03061e-02 1.25091e-06
4.66504e+00 5.54766e-02 1.72190e-06
4.66504e+00 7.30356e-02 2.26724e-06
4.66504e+00 9.29659e-02 2.88659e-06
4.66504e+00 1.15248e-01 3.57957e-06
4.66504e+00 1.39860e-01 4.34585e-06
4.66504e+00 1.66779e-01 5.18513e-06
4.66504e+00 1.95977e-01 6.09717e-06
4.66504e+00 2.27426e-01 7.08179e-06
4.66504e+00 2.61096e-01 8.13889e-06
4.66504e+00 2.96953e-01 9.26846e-06
4.66504e+00 3.34963e-01 1.04706e-05
4.66504e+00 3.75089e-01 1.17453e-05
4.66504e+00 4.17290e-01 1.30928e-05
4.66504e+00 4.61527e-01 1.45132e-05
4.66504e+00 5.07755e-01 1.60065e-05
4.66504e+00 5.55930e-01 1.75727e-05
4.66504e+00 6.06005e-01 1.92111e-05
4.66504e+00 6.57930e-01 2.09210e-05
4.66504e+00 7.11655e-01 2.27007e-05
4.66504e+00 7.67127e-01 2.45479e-05
4.66504e+00 8.24292e-01 2.64590e-05
4.66504e+00 8.83095e-01 2.84290e-05
4.66504e+00 9.43478e-01 3.04511e-05
4.66504e+00 1.00538e+00 3.25165e-05
4.66504e+00 1.06875e+00 3.46136e-05
4.66504e+00 1.13351e+00 3.67282e-05
4.66504e+00 1.19960e+00 3.88424e-05
4.66504e+00 1.26697e+00 4.09350e-05
4.66504e+00 1.33555e+00 4.29805e-05
4.66504e+00 1.40526e+00 4.49498e-05
4.66504e+00 1.47604e+00 4.68094e-05
4.66504e+00 1.54782e+00 4.85221e-05
4.66504e+00 1.62053e+00 5.00477e-05
4.66504e+00 1.69410e+00 5.13433e-05
4.66504e+00 1.76846e+00 5.23652e-05
4.66504e+00 1.84353e+00 5.30699e-05
4.66504e+00 1.91924e+00 5.34167e-05
4.66504e+00 1.99553e+00 5.33692e-05
4.66504e+00 2.07230e+00 5.28985e-05
4.66504e+00 2.14949e+00 5.19851e-05
4.66504e+00 2.22703e+00 5.06218e-05
4.66504e+00 2.30483e+00 4.88150e-05
4.66504e+00 2.38282e+00 4.65865e-05
4.66504e+00 2.46093e+00 4.39737e-05
4.66504e+00 2.53907e+00 4.10291e-05
4.66504e+00 2.61718e+00 3.78184e-05
4.66504e+00 2.69517e+00 3.44178e-05
4.66504e+00 2.77297e+00 3.09102e-05
4.66504e+00 2.85051e+00 2.73808e-05
4.66504e+00 2.92770e+00 2.39123e-05
4.66504e+00 3.00447e+00 2.05805e-05
4.66504e+00 3.08076e+00 1.74504e-05
4.66504e+00 3.15647e+00 1.45733e-05
4.66504e+00 3.23154e+00 1.19846e-05
4.66504e+00 3.30590e+00 9.70411e-06
4.66504e+00 3.37947e+00 7.73650e-06
4.66504e+00 3.45218e+00 6.07319e-06
4.66504e+00 3.52396e+00 4.69510e-06
4.66504e+00 3.59474e+00 3.57554e-06
4.66504e+00 3.66445e+00 2.68329e-06
4.66504e+00 3.73303e+00 1.98532e-06
4.66504e+00 3.80040e+00 1.44904e-06
4.66504e+00 3.86649e+00 1.04406e-06
4.66504e+00 3.93125e+00 7.43210e-07
4.66504e+00 3.99462e+00 5.23161e-07
4.66504e+00 4.05652e+00 3.64537e-07
4.66504e+00 4.11690e+00 2.51721e-07
4.66504e+00 4.17571e+00 1.72465e-07
4.66504e+00 4.23287e+00 1.17397e-07
4.66504e+00 4.28835e+00 7.95068e-08
4.66504e+00 4.34207e+00 5.36519e-08
4.66504e+00 4.39400e+00 3.61311e-08
4.66504e+00 4.44407e+00 2.43220e-08
4.66504e+00 4.49224e+00 1.63934e-08
4.66504e+00 4.53847e+00 1.10826e-08
4.66504e+00 4.58271e+00 7.52800e-09
4.66504e+00 4.62491e+00 5.14705e-09
4.66504e+00 4.66504e+00 3.54859e-09
4.66504e+00 4.70305e+00 2.47143e-09
4.66504e+00 4.73890e+00 1.74182e-09
4.66504e+00 4.77257e+00 1.24445e-09
4.66504e+00 4.80402e+00 9.02839e-10
4.66504e+00 4.83322e+00 6.66219e-10
4.66504e+00 4.86014e+00 5.00820e-10
4.66504e+00 4.88475e+00 3.84110e-10
4.66504e+00 4.90703e+00 3.00990e-10
4.66504e+00 4.92696e+00 2.41288e-10
4.66504e+00 4.94452e+00 1.98119e-10
4.66504e+00 4.95969e+00 1.66798e-10
4.66504e+00 4.97246e+00 1.44123e-10
4.66504e+00 4.98281e+00 1.27912e-10
4.66504e+00 4.99074e+00 1.16681e-10
4.66504e+00 4.99623e+00 1.09453e-10
4.66504e+00 4.99928e+00 1.05619e-10
4.70305e+00 7.15683e-04 1.56569e-08
4.70305e+00 3.77012e-03 8.24785e-08
4.70305e+00 9.26216e-03 2.02628e-07
4.70305e+00 1.71877e-02 3.76019e-07
4.70305e+00 2.75390e-02 6.02497e-07
4.70305e+00 4.03061e-02 8.81867e-07
4.70305e+00 5.54766e-02 1.21390e-06
4.70305e+00 7.30356e-02 1.59835e-06
4.70305e+00 9.29659e-02 2.03497e-06
4.70305e+00 1.15248e-01 2.52348e-06
4.70305e+00 1.39860e-01 3.06366e-06
4.70305e+00 1.66779e-01 3.65528e-06
4.70305e+00 1.95977e-01 4.29816e-06
4.70305e+00 2.27426e-01 4.99218e-06
4.70305e+00 2.61096e-01 5.73723e-06
4.70305e+00 2.96953e-01 6.53331e-06
4.70305e+00 3.34963e-01 7.38042e-06
4.70305e+00 3.75089e-01 8.27862e-06
4.70305e+00 4.17290e-01 9.22799e-06
4.70305e+00 4.61527e-01 1.02286e-05
4.70305e+00 5.07755e-01 1.12804e-05
4.70305e+00 5.55930e-01 1.23833e-05
4.70305e+00 6.06005e-01 1.35368e-05
4.70305e+00 6.57930e-01 1.47404e-05
4.70305e+00 7.11655e-01 1.59928e-05
4.70305e+00 7.67127e-01 1.72924e-05
4.70305e+00 8.24292e-01 1.86365e-05
4.70305e+00 8.83095e-01 2.00216e-05
4.70305e+00 9.43478e-01 2.14428e-05
4.70305e+00 1.00538e+00 2.28938e-05
4.70305e+00 1.06875e+00 2.43666e-05
4.70305e+00 1.13351e+00 2.58508e-05
4.70305e+00 1.19960e+00 2.73341e-05
4.70305e+00 1.26697e+00 2.88013e-05
4.70305e+00 1.33555e+00 3.02346e-05
4.70305e+00 1.40526e+00 3.16134e-05
4.70305e+00 1.47604e+00 3.29143e-05
4.70305e+00 1.54782e+00 3.41111e-05
4.70305e+00 1.62053e+00 3.51755e-05
4.70305e+00 1.69410e+00 3.60776e-05
4.70305e+00 1.76846e+00 3.67868e-05
4.70305e+00 1.84353e+00 3.72727e-05
4.70305e+00 1.91924e+00 3.75068e-05
4.70305e+00 1.99553e+00 3.74639e-05
4.70305e+00 2.07230e+00 3.71238e-05
4.70305e+00 2.14949e+00 3.64734e-05
4.70305e+00 2.22703e+00 3.55075e-05
4.70305e+00 2.30483e+00 3.42311e-05
4.70305e+00 2.38282e+00 3.26598e-05
4.70305e+00 2.46093e+00 3.08200e-05
4.70305e+00 2.53907e+00 2.87487e-05
4.70305e+00 2.61718e+00 2.64921e-05
4.70305e+00 2.69517e+00 2.41037e-05
4.70305e+00 2.77297e+00 2.16417e-05
4.70305e+00 2.85051e+00 1.91657e-05
4.70305e+00 2.92770e+00 1.67337e-05
4.70305e+00 3.00447e+00 1.43986e-05
4.70305e+00 3.08076e+00 1.22058e-05
4.70305e+00 3.15647e+00 1.01910e-05
4.70305e+00 3.23154e+00 8.37877e-06
4.70305e+00 3.30590e+00 6.78290e-06
4.70305e+00 3.37947e+00 5.40639e-06
4.70305e+00 3.45218e+00 4.24313e-06
4.70305e+00 3.52396e+00 3.27961e-06
4.70305e+00 3.59474e+00 2.49707e-06
4.70305e+00 3.66445e+00 1.87357e-06
4.70305e+00 3.73303e+00 1.38595e-06
4.70305e+00 3.80040e+00 1.01139e-06
4.70305e+00 3.86649e+00 7.28594e-07
4.70305e+00 3.93125e+00 5.18555e-07
4.70305e+00 3.99462e+00 3.64961e-07
4.70305e+00 4.05652e+00 2.54262e-07
4.70305e+00 4.11690e+00 1.75546e-07
4.70305e+00 4.17571e+00 1.20256e-07
4.70305e+00 4.23287e+00 8.18468e-08
4.70305e+00 4.28835e+00 5.54226e-08
4.70305e+00 4.34207e+00 3.73947e-08
4.70305e+00 4.39400e+00 2.51797e-08
4.70305e+00 4.44407e+00 1.69479e-08
4.70305e+00 4.49224e+00 1.14218e-08
4.70305e+00 4.53847e+00 7.72076e-09
4.70305e+00 4.58271e+00 5.24389e-09
4.70305e+00 4.62491e+00 3.58501e-09
4.70305e+00 4.66504e+00 2.47143e-09
4.70305e+00 4.70305e+00 1.72108e-09
4.70305e+00 4.73890e+00 1.21289e-09
4.70305e+00 4.77257e+00 8.66488e-10
4.70305e+00 4.80402e+00 6.28587e-10
4.70305e+00 4.83322e+00 4.63814e-10
4.70305e+00 4.86014e+00 3.48644e-10
4.70305e+00 4.88475e+00 2.67383e-10
4.70305e+00 4.90703e+00 2.09511e-10
4.70305e+00 4.92696e+00 1.67947e-10
4.70305e+00 4.94452e+00 1.37895e-10
4.70305e+00 4.95969e+00 1.16090e-10
4.70305e+00 4.97246e+00 1.00307e-10
4.70305e+00 4.98281e+00 8.90215e-11
4.70305e+00 4.99074e+00 8.12043e-11
4.70305e+00 4.99623e+00 7.61732e-11
4.70305e+00 4.99928e+00 7.35043e-11
4.73890e+00 7.15683e-04 1.11603e-08
4.73890e+00 3.77012e-03 5.87911e-08
4.73890e+00 9.26216e-03 1.44434e-07
4.73890e+00 1.71877e-02 2.68028e-07
4.73890e+00 2.75390e-02 4.29463e-07
4.73890e+00 4.03061e-02 6.28598e-07
4.73890e+00 5.54766e-02 8.65272e-07
4.73890e+00 7.30356e-02 1.13931e-06
4.73890e+00 9.29659e-02 1.45052e-06
4.73890e+00 1.15248e-01 1.79872e-06
4.73890e+00 1.39860e-01 2.18374e-06
4.73890e+00 1.66779e-01 2.60541e-06
4.73890e+00 1.95977e-01 3.06361e-06
4.73890e+00 2.27426e-01 3.55822e-06
4.73890e+00 2.61096e-01 4.08918e-06
4.73890e+00 2.96953e-01 4.65646e-06
4.73890e+00 3.34963e-01 5.26006e-06
4.73890e+00 3.75089e-01 5.90000e-06
4.73890e+00 4.17290e-01 6.57633e-06
4.73890e+00 4.61527e-01 7.28905e-06
4.73890e+00 5.07755e-01 8.03814e-06
4.73890e+00 5.55930e-01 8.82346e-06
4.73890e+00 6.06005e-01 9.64474e-06
4.73890e+00 6.57930e-01 1.05014e-05
4.73890e+00 7.11655e-01 1.13927e-05
4.73890e+00 7.67127e-01 1.23173e-05
4.73890e+00 8.24292e-01 1.32733e-05
4.73890e+00 8.83095e-01 1.42581e-05
4.73890e+00 9.43478e-01 1.52683e-05
4.73890e+00 1.00538e+00 1.62993e-05
4.73890e+00 1.06875e+00 1.73454e-05
4.73890e+00 1.13351e+00 1.83991e-05
4.73890e+00 1.19960e+00 1.94516e-05
4.73890e+00 1.26697e+00 2.04922e-05
4.73890e+00 1.33555e+00 2.15081e-05
4.73890e+00 1.40526e+00 2.24847e-05
4.73890e+00 1.47604e+00 2.34053e-05
4.73890e+00 1.54782e+00 2.42514e-05
4.73890e+00 1.62053e+00 2.50028e-05
4.73890e+00 1.69410e+00 2.56385e-05
4.73890e+00 1.76846e+00 2.61366e-05
4.73890e+00 1.84353e+00 2.64758e-05
4.73890e+00 1.91924e+00 2.66359e-05
4.73890e+00 1.99553e+00 2.65991e-05
4.73890e+00 2.07230e+00 2.63514e-05
4.73890e+00 2.14949e+00 2.58834e-05
4.73890e+00 2.22703e+00 2.51918e-05
4.73890e+00 2.30483e+00 2.42803e-05
4.73890e+00 2.38282e+00 2.31601e-05
4.73890e+00 2.46093e+00 2.18501e-05
4.73890e+00 2.53907e+00 2.03766e-05
4.73890e+00 2.61718e+00 1.87726e-05
4.73890e+00 2.69517e+00 1.70761e-05
4.73890e+00 2.77297e+00 1.53282e-05
4.73890e+00 2.85051e+00 1.35714e-05
4.73890e+00 2.92770e+00 1.18465e-05
4.73890e+00 3.00447e+00 1.01911e-05
4.73890e+00 3.08076e+00 8.63712e-06
4.73890e+00 3.15647e+00 7.20976e-06
4.73890e+00 3.23154e+00 5.92642e-06
4.73890e+00 3.30590e+00 4.79662e-06
4.73890e+00 3.37947e+00 3.82242e-06
4.73890e+00 3.45218e+00 2.99937e-06
4.73890e+00 3.52396e+00 2.31783e-06
4.73890e+00 3.59474e+00 1.76444e-06
4.73890e+00 3.66445e+00 1.32363e-06
4.73890e+00 3.73303e+00 9.78961e-07
4.73890e+00 3.80040e+00 7.14267e-07
4.73890e+00 3.86649e+00 5.14461e-07
4.73890e+00 3.93125e+00 3.66093e-07
4.73890e+00 3.99462e+00 2.57616e-07
4.73890e+00 4.05652e+00 1.79450e-07
4.73890e+00 4.11690e+00 1.23877e-07
4.73890e+00 4.17571e+00 8.48483e-08
4.73890e+00 4.23287e+00 5.77403e-08
4.73890e+00 4.28835e+00 3.90938e-08
4.73890e+00 4.34207e+00 2.63741e-08
4.73890e+00 4.39400e+00 1.77569e-08
4.73890e+00 4.44407e+00 1.19504e-08
4.73890e+00 4.49224e+00 8.05294e-09
4.73890e+00 4.53847e+00 5.44295e-09
4.73890e+00 4.58271e+00 3.69646e-09
4.73890e+00 4.62491e+00 2.52687e-09
4.73890e+00 4.66504e+00 1.74182e-09
4.73890e+00 4.70305e+00 1.21289e-09
4.73890e+00 4.73890e+00 8.54687e-10
4.73890e+00 4.77257e+00 6.10546e-10
4.73890e+00 4.80402e+00 4.42886e-10
4.73890e+00 4.83322e+00 3.26771e-10
4.73890e+00 4.86014e+00 2.45617e-10
4.73890e+00 4.88475e+00 1.88360e-10
4.73890e+00 4.90703e+00 1.47585e-10
4.73890e+00 4.92696e+00 1.18301e-10
4.73890e+00 4.94452e+00 9.71290e-11
4.73890e+00 4.95969e+00 8.17683e-11
4.73890e+00 4.97246e+00 7.06491e-11
4.73890e+00 4.98281e+00 6.26994e-11
4.73890e+00 4.99074e+00 5.71927e-11
4.73890e+00 4.99623e+00 5.36486e-11
4.73890e+00 4.99928e+00 5.17686e-11
4.77257e+00 7.15683e-04 8.05759e-09
4.77257e+00 3.77012e-03 4.24464e-08
4.77257e+00 9.26216e-03 1.04280e-07
4.77257e+00 1.71877e-02 1.93513e-07
4.77257e+00 2.75390e-02 3.10066e-07
4.77257e+00 4.03061e-02 4.53838e-07
4.77257e+00 5.54766e-02 6.24712e-07
4.77257e+00 7.30356e-02 8.22559e-07
4.77257e+00 9.29659e-02 1.04724e-06
4.77257e+00 1.15248e-01 1.29863e-06
4.77257e+00 1.39860e-01 1.57659e-06
4.77257e+00 1.66779e-01 1.88101e-06
4.77257e+00 1.95977e-01 2.21178e-06
4.77257e+00 2.27426e-01 2.56883e-06
4.77257e+00 2.61096e-01 2.95210e-06
4.77257e+00 2.96953e-01 3.36156e-06
4.77257e+00 3.34963e-01 3.79720e-06
4.77257e+00 3.75089e-01 4.25903e-06
4.77257e+00 4.17290e-01 4.74707e-06
4.77257e+00 4.61527e-01 5.26131e-06
4.77257e+00 5.07755e-01 5.80171e-06
4.77257e+00 5.55930e-01 6.36818e-06
4.77257e+00 6.06005e-01 6.96046e-06
4.77257e+00 6.57930e-01 7.57818e-06
4.77257e+00 7.11655e-01 8.22070e-06
4.77257e+00 7.67127e-01 8.88706e-06
4.77257e+00 8.24292e-01 9.57588e-06
4.77257e+00 8.83095e-01 1.02853e-05
4.77257e+00 9.43478e-01 1.10128e-05
4.77257e+00 1.00538e+00 1.17550e-05
4.77257e+00 1.06875e+00 1.25077e-05
4.77257e+00 1.13351e+00 1.32657e-05
4.77257e+00 1.19960e+00 1.40224e-05
4.77257e+00 1.26697e+00 1.47702e-05
4.77257e+00 1.33555e+00 1.54999e-05
4.77257e+00 1.40526e+00 1.62009e-05
4.77257e+00 1.47604e+00 1.68611e-05
4.77257e+00 1.54782e+00 1.74673e-05
4.77257e+00 1.62053e+00 1.80050e-05
4.77257e+00 1.69410e+00 1.84590e-05
4.77257e+00 1.76846e+00 1.88138e-05
4.77257e+00 1.84353e+00 1.90539e-05
4.77257e+00 1.91924e+00 1.91650e-05
4.77257e+00 1.99553e+00 1.91343e-05
4.77257e+00 2.07230e+00 1.89519e-05
4.77257e+00 2.14949e+00 1.86112e-05
4.77257e+00 2.22703e+00 1.81098e-05
4.77257e+00 2.30483e+00 1.74506e-05
4.77257e+00 2.38282e+00 1.66417e-05
4.77257e+00 2.46093e+00 1.56969e-05
4.77257e+00 2.53907e+00 1.46350e-05
4.77257e+00 2.61718e+00 1.34800e-05
4.77257e+00 2.69517e+00 1.22590e-05
4.77257e+00 2.77297e+00 1.10018e-05
4.77257e+00 2.85051e+00 9.73870e-06
4.77257e+00 2.92770e+00 8.49911e-06
4.77257e+00 3.00447e+00 7.30989e-06
4.77257e+00 3.08076e+00 6.19397e-06
4.77257e+00 3.15647e+00 5.16930e-06
4.77257e+00 3.23154e+00 4.24831e-06
4.77257e+00 3.30590e+00 3.43775e-06
4.77257e+00 3.37947e+00 2.73901e-06
4.77257e+00 3.45218e+00 2.14884e-06
4.77257e+00 3.52396e+00 1.66026e-06
4.77257e+00 3.59474e+00 1.26364e-06
4.77257e+00 3.66445e+00 9.47781e-07
4.77257e+00 3.73303e+00 7.00867e-07
4.77257e+00 3.80040e+00 5.11281e-07
4.77257e+00 3.86649e+00 3.68200e-07
4.77257e+00 3.93125e+00 2.61973e-07
4.77257e+00 3.99462e+00 1.84321e-07
4.77257e+00 4.05652e+00 1.28376e-07
4.77257e+00 4.11690e+00 8.86073e-08
4.77257e+00 4.17571e+00 6.06829e-08
4.77257e+00 4.23287e+00 4.12903e-08
4.77257e+00 4.28835e+00 2.79527e-08
4.77257e+00 4.34207e+00 1.88557e-08
4.77257e+00 4.39400e+00 1.26936e-08
4.77257e+00 4.44407e+00 8.54188e-09
4.77257e+00 4.49224e+00 5.75550e-09
4.77257e+00 4.53847e+00 3.88975e-09
4.77257e+00 4.58271e+00 2.64139e-09
4.77257e+00 4.62491e+00 1.80548e-09
4.77257e+00 4.66504e+00 1.24445e-09
4.77257e+00 4.70305e+00 8.66488e-10
4.77257e+00 4.73890e+00 6.10546e-10
4.77257e+00 4.77257e+00 4.36115e-10
4.77257e+00 4.80402e+00 3.16336e-10
4.77257e+00 4.83322e+00 2.33386e-10
4.77257e+00 4.86014e+00 1.75415e-10
4.77257e+00 4.88475e+00 1.34517e-10
4.77257e+00 4.90703e+00 1.05393e-10
4.77257e+00 4.92696e+00 8.44779e-11
4.77257e+00 4.94452e+00 6.93566e-11
4.77257e+00 4.95969e+00 5.83863e-11
4.77257e+00 4.97246e+00 5.04455e-11
4.77257e+00 4.98281e+00 4.47683e-11
4.77257e+00 4.99074e+00 4.08358e-11
4.77257e+00 4.99623e+00 3.83050e-11
4.77257e+00 4.99928e+00 3.69624e-11
4.80402e+00 7.15683e-04 5.90254e-09
4.80402e+00 3.77012e-03 3.10938e-08
4.80402e+00 9.26216e-03 7.63893e-08
4.80402e+00 1.71877e-02 1.41756e-07
4.80402e+00 2.75390e-02 2.27137e-07
4.80402e+00 4.03061e-02 3.32456e-07
4.80402e+00 5.54766e-02 4.57627e-07
4.80402e+00 7.30356e-02 6.02557e-07
4.80402e+00 9.29659e-02 7.67145e-07
4.80402e+00 1.15248e-01 9.51291e-07
4.80402e+00 1.39860e-01 1.15490e-06
4.80402e+00 1.66779e-01 1.37788e-06
4.80402e+00 1.95977e-01 1.62016e-06
4.80402e+00 2.27426e-01 1.88168e-06
4.80402e+00 2.61096e-01 2.16238e-06
4.80402e+00 2.96953e-01 2.46226e-06
4.80402e+00 3.34963e-01 2.78128e-06
4.80402e+00 3.75089e-01 3.11946e-06
4.80402e+00 4.17290e-01 3.47680e-06
4.80402e+00 4.61527e-01 3.85328e-06
4.80402e+00 5.07755e-01 4.24886e-06
4.80402e+00 5.55930e-01 4.66346e-06
4.80402e+00 6.06005e-01 5.09690e-06
4.80402e+00 6.57930e-01 5.54886e-06
4.80402e+00 7.11655e-01 6.01888e-06
4.80402e+00 7.67127e-01 6.50623e-06
4.80402e+00 8.24292e-01 7.00990e-06
4.80402e+00 8.83095e-01 7.52849e-06
4.80402e+00 9.43478e-01 8.06011e-06
4.80402e+00 1.00538e+00 8.60235e-06
4.80402e+00 1.06875e+00 9.15208e-06
4.80402e+00 1.13351e+00 9.70545e-06
4.80402e+00 1.19960e+00 1.02577e-05
4.80402e+00 1.26697e+00 1.08032e-05
4.80402e+00 1.33555e+00 1.13351e-05
4.80402e+00 1.40526e+00 1.18458e-05
4.80402e+00 1.47604e+00 1.23265e-05
4.80402e+00 1.54782e+00 1.27675e-05
4.80402e+00 1.62053e+00 1.31582e-05
4.80402e+00 1.69410e+00 1.34875e-05
4.80402e+00 1.76846e+00 1.37441e-05
4.80402e+00 1.84353e+00 1.39168e-05
4.80402e+00 1.91924e+00 1.39951e-05
4.80402e+00 1.99553e+00 1.39699e-05
4.80402e+00 2.07230e+00 1.38339e-05
4.80402e+00 2.14949e+00 1.35824e-05
4.80402e+00 2.22703e+00 1.32138e-05
4.80402e+00 2.30483e+00 1.27301e-05
4.80402e+00 2.38282e+00 1.21375e-05
4.80402e+00 2.46093e+00 1.14460e-05
4.80402e+00 2.53907e+00 1.06695e-05
4.80402e+00 2.61718e+00 9.82536e-06
4.80402e+00 2.69517e+00 8.93358e-06
4.80402e+00 2.77297e+00 8.01577e-06
4.80402e+00 2.85051e+00 7.09406e-06
4.80402e+00 2.92770e+00 6.18986e-06
4.80402e+00 3.00447e+00 5.32272e-06
4.80402e+00 3.08076e+00 4.50928e-06
4.80402e+00 3.15647e+00 3.76260e-06
4.80402e+00 3.23154e+00 3.09167e-06
4.80402e+00 3.30590e+00 2.50133e-06
4.80402e+00 3.37947e+00 1.99257e-06
4.80402e+00 3.45218e+00 1.56296e-06
4.80402e+00 3.52396e+00 1.20739e-06
4.80402e+00 3.59474e+00 9.18805e-07
4.80402e+00 3.66445e+00 6.89030e-07
4.80402e+00 3.73303e+00 5.09446e-07
4.80402e+00 3.80040e+00 3.71585e-07
4.80402e+00 3.86649e+00 2.67558e-07
4.80402e+00 3.93125e+00 1.90340e-07
4.80402e+00 3.99462e+00 1.33903e-07
4.80402e+00 4.05652e+00 9.32481e-08
4.80402e+00 4.11690e+00 6.43534e-08
4.80402e+00 4.17571e+00 4.40672e-08
4.80402e+00 4.23287e+00 2.99810e-08
4.80402e+00 4.28835e+00 2.02943e-08
4.80402e+00 4.34207e+00 1.36882e-08
4.80402e+00 4.39400e+00 9.21388e-09
4.80402e+00 4.44407e+00 6.19968e-09
4.80402e+00 4.49224e+00 4.17694e-09
4.80402e+00 4.53847e+00 2.82266e-09
4.80402e+00 4.58271e+00 1.91661e-09
4.80402e+00 4.62491e+00 1.30996e-09
4.80402e+00 4.66504e+00 9.02839e-10
4.80402e+00 4.70305e+00 6.28587e-10
4.80402e+00 4.73890e+00 4.42886e-10
4.80402e+00 4.77257e+00 3.16336e-10
4.80402e+00 4.80402e+00 2.29441e-10
4.80402e+00 4.83322e+00 1.69268e-10
4.80402e+00 4.86014e+00 1.27217e-10
4.80402e+00 4.88475e+00 9.75519e-11
4.80402e+00 4.90703e+00 7.64284e-11
4.80402e+00 4.92696e+00 6.12591e-11
4.80402e+00 4.94452e+00 5.02924e-11
4.80402e+00 4.95969e+00 4.23364e-11
4.80402e+00 4.97246e+00 3.65776e-11
4.80402e+00 4.98281e+00 3.24605e-11
4.80402e+00 4.99074e+00 2.96088e-11
4.80402e+00 4.99623e+00 2.77735e-11
4.80402e+00 4.99928e+00 2.67999e-11
4.83322e+00 7.15683e-04 4.39439e-09
4.83322e+00 3.77012e-03 2.31491e-08
4.83322e+00 9.26216e-03 5.68713e-08
4.83322e+00 1.71877e-02 1.05537e-07
4.83322e+00 2.75390e-02 1.69101e-07
4.83322e+00 4.03061e-02 2.47510e-07
4.83322e+00 5.54766e-02 3.40699e-07
4.83322e+00 7.30356e-02 4.48597e-07
4.83322e+00 9.29659e-02 5.71129e-07
4.83322e+00 1.15248e-01 7.08220e-07
4.83322e+00 1.39860e-01 8.59797e-07
4.83322e+00 1.66779e-01 1.02579e-06
4.83322e+00 1.95977e-01 1.20615e-06
4.83322e+00 2.27426e-01 1.40082e-06
4.83322e+00 2.61096e-01 1.60977e-06
4.83322e+00 2.96953e-01 1.83297e-06
4.83322e+00 3.34963e-01 2.07042e-06
4.83322e+00 3.75089e-01 2.32210e-06
4.83322e+00 4.17290e-01 2.58802e-06
4.83322e+00 4.61527e-01 2.86815e-06
4.83322e+00 5.07755e-01 3.16247e-06
4.83322e+00 5.55930e-01 3.47089e-06
4.83322e+00 6.06005e-01 3.79328e-06
4.83322e+00 6.57930e-01 4.12940e-06
4.83322e+00 7.11655e-01 4.47888e-06
4.83322e+00 7.67127e-01 4.84118e-06
4.83322e+00 8.24292e-01 5.21553e-06
4.83322e+00 8.83095e-01 5.60087e-06
4.83322e+00 9.43478e-01 5.99580e-06
4.83322e+00 1.00538e+00 6.39850e-06
4.83322e+00 1.06875e+00 6.80664e-06
4.83322e+00 1.13351e+00 7.21734e-06
4.83322e+00 1.19960e+00 7.62706e-06
4.83322e+00 1.26697e+00 8.03156e-06
4.83322e+00 1.33555e+00 8.42587e-06
4.83322e+00 1.40526e+00 8.80421e-06
4.83322e+00 1.47604e+00 9.16008e-06
4.83322e+00 1.54782e+00 9.48626e-06
4.83322e+00 1.62053e+00 9.77493e-06
4.83322e+00 1.69410e+00 1.00179e-05
4.83322e+00 1.76846e+00 1.02067e-05
4.83322e+00 1.84353e+00 1.03331e-05
4.83322e+00 1.91924e+00 1.03894e-05
4.83322e+00 1.99553e+00 1.03688e-05
4.83322e+00 2.07230e+00 1.02659e-05
4.83322e+00 2.14949e+00 1.00773e-05
4.83322e+00 2.22703e+00 9.80198e-06
4.83322e+00 2.30483e+00 9.44141e-06
4.83322e+00 2.38282e+00 9.00016e-06
4.83322e+00 2.46093e+00 8.48575e-06
4.83322e+00 2.53907e+00 7.90857e-06
4.83322e+00 2.61718e+00 7.28149e-06
4.83322e+00 2.69517e+00 6.61935e-06
4.83322e+00 2.77297e+00 5.93818e-06
4.83322e+00 2.85051e+00 5.25439e-06
4.83322e+00 2.92770e+00 4.58384e-06
4.83322e+00 3.00447e+00 3.94097e-06
4.83322e+00 3.08076e+00 3.33811e-06
4.83322e+00 3.15647e+00 2.78488e-06
4.83322e+00 3.23154e+00 2.28789e-06
4.83322e+00 3.30590e+00 1.85072e-06
4.83322e+00 3.37947e+00 1.47405e-06
4.83322e+00 3.45218e+00 1.15606e-06
4.83322e+00 3.52396e+00 8.92914e-07
4.83322e+00 3.59474e+00 6.79392e-07
4.83322e+00 3.66445e+00 5.09415e-07
4.83322e+00 3.73303e+00 3.76591e-07
4.83322e+00 3.80040e+00 2.74643e-07
4.83322e+00 3.86649e+00 1.97729e-07
4.83322e+00 3.93125e+00 1.40645e-07
4.83322e+00 3.99462e+00 9.89305e-08
4.83322e+00 4.05652e+00 6.88857e-08
4.83322e+00 4.11690e+00 4.75346e-08
4.83322e+00 4.17571e+00 3.25466e-08
4.83322e+00 4.23287e+00 2.21406e-08
4.83322e+00 4.28835e+00 1.49855e-08
4.83322e+00 4.34207e+00 1.01065e-08
4.83322e+00 4.39400e+00 6.80231e-09
4.83322e+00 4.44407e+00 4.57661e-09
4.83322e+00 4.49224e+00 3.08315e-09
4.83322e+00 4.53847e+00 2.08334e-09
4.83322e+00 4.58271e+00 1.41450e-09
4.83322e+00 4.62491e+00 9.66707e-10
4.83322e+00 4.66504e+00 6.66219e-10
4.83322e+00 4.70305e+00 4.63814e-10
4.83322e+00 4.73890e+00 3.26771e-10
4.83322e+00 4.77257e+00 2.33386e-10
4.83322e+00 4.80402e+00 1.69268e-10
4.83322e+00 4.83322e+00 1.24870e-10
4.83322e+00 4.86014e+00 9.38449e-11
4.83322e+00 4.88475e+00 7.19585e-11
4.83322e+00 4.90703e+00 5.63749e-11
4.83322e+00 4.92696e+00 4.51843e-11
4.83322e+00 4.94452e+00 3.70942e-11
4.83322e+00 4.95969e+00 3.12254e-11
4.83322e+00 4.97246e+00 2.69774e-11
4.83322e+00 4.98281e+00 2.39405e-11
4.83322e+00 4.99074e+00 2.18370e-11
4.83322e+00 4.99623e+00 2.04832e-11
4.83322e+00 4.99928e+00 1.97651e-11
4.86014e+00 7.15683e-04 3.33026e-09
4.86014e+00 3.77012e-03 1.75434e-08
4.86014e+00 9.26216e-03 4.30995e-08
4.86014e+00 1.71877e-02 7.99801e-08
4.86014e+00 2.75390e-02 1.28152e-07
4.86014e+00 4.03061e-02 1.87574e-07
4.86014e+00 5.54766e-02 2.58196e-07
4.86014e+00 7.30356e-02 3.39964e-07
4.86014e+00 9.29659e-02 4.32823e-07
4.86014e+00 1.15248e-01 5.36713e-07
4.86014e+00 1.39860e-01 6.51580e-07
4.86014e+00 1.66779e-01 7.77372e-07
4.86014e+00 1.95977e-01 9.14044e-07
4.86014e+00 2.27426e-01 1.06156e-06
4.86014e+00 2.61096e-01 1.21988e-06
4.86014e+00 2.96953e-01 1.38900e-06
4.86014e+00 3.34963e-01 1.56890e-06
4.86014e+00 3.75089e-01 1.75957e-06
4.86014e+00 4.17290e-01 1.96101e-06
4.86014e+00 4.61527e-01 2.17321e-06
4.86014e+00 5.07755e-01 2.39612e-06
4.86014e+00 5.55930e-01 2.62969e-06
4.86014e+00 6.06005e-01 2.87381e-06
4.86014e+00 6.57930e-01 3.12828e-06
4.86014e+00 7.11655e-01 3.39283e-06
4.86014e+00 7.67127e-01 3.66703e-06
4.86014e+00 8.24292e-01 3.95029e-06
4.86014e+00 8.83095e-01 4.24181e-06
4.86014e+00 9.43478e-01 4.54052e-06
4.86014e+00 1.00538e+00 4.84502e-06
4.86014e+00 1.06875e+00 5.15355e-06
4.86014e+00 1.13351e+00 5.46392e-06
4.86014e+00 1.19960e+00 5.77344e-06
4.86014e+00 1.26697e+00 6.07890e-06
4.86014e+00 1.33555e+00 6.37653e-06
4.86014e+00 1.40526e+00 6.66197e-06
4.86014e+00 1.47604e+00 6.93029e-06
4.86014e+00 1.54782e+00 7.17603e-06
4.86014e+00 1.62053e+00 7.39330e-06
4.86014e+00 1.69410e+00 7.57588e-06
4.86014e+00 1.76846e+00 7.71745e-06
4.86014e+00 1.84353e+00 7.81177e-06
4.86014e+00 1.91924e+00 7.85303e-06
4.86014e+00 1.99553e+00 7.83613e-06
4.86014e+00 2.07230e+00 7.75707e-06
4.86014e+00 2.14949e+00 7.61328e-06
4.86014e+00 2.22703e+00 7.40396e-06
4.86014e+00 2.30483e+00 7.13035e-06
4.86014e+00 2.38282e+00 6.79592e-06
4.86014e+00 2.46093e+00 6.40638e-06
4.86014e+00 2.53907e+00 5.96959e-06
4.86014e+00 2.61718e+00 5.49530e-06
4.86014e+00 2.69517e+00 4.99472e-06
4.86014e+00 2.77297e+00 4.47997e-06
4.86014e+00 2.85051e+00 3.96343e-06
4.86014e+00 2.92770e+00 3.45704e-06
4.86014e+00 3.00447e+00 2.97172e-06
4.86014e+00 3.08076e+00 2.51672e-06
4.86014e+00 3.15647e+00 2.09928e-06
4.86014e+00 3.23154e+00 1.72438e-06
4.86014e+00 3.30590e+00 1.39467e-06
4.86014e+00 3.37947e+00 1.11065e-06
4.86014e+00 3.45218e+00 8.70926e-07
4.86014e+00 3.52396e+00 6.72590e-07
4.86014e+00 3.59474e+00 5.11683e-07
4.86014e+00 3.66445e+00 3.83613e-07
4.86014e+00 3.73303e+00 2.83553e-07
4.86014e+00 3.80040e+00 2.06766e-07
4.86014e+00 3.86649e+00 1.48843e-07
4.86014e+00 3.93125e+00 1.05860e-07
4.86014e+00 3.99462e+00 7.44536e-08
4.86014e+00 4.05652e+00 5.18365e-08
4.86014e+00 4.11690e+00 3.57660e-08
4.86014e+00 4.17571e+00 2.44862e-08
4.86014e+00 4.23287e+00 1.66557e-08
4.86014e+00 4.28835e+00 1.12721e-08
4.86014e+00 4.34207e+00 7.60140e-09
4.86014e+00 4.39400e+00 5.11577e-09
4.86014e+00 4.44407e+00 3.44162e-09
4.86014e+00 4.49224e+00 2.31836e-09
4.86014e+00 4.53847e+00 1.56643e-09
4.86014e+00 4.58271e+00 1.06346e-09
4.86014e+00 4.62491e+00 7.26753e-10
4.86014e+00 4.66504e+00 5.00820e-10
4.86014e+00 4.70305e+00 3.48644e-10
4.86014e+00 4.73890e+00 2.45617e-10
4.86014e+00 4.77257e+00 1.75415e-10
4.86014e+00 4.80402e+00 1.27217e-10
4.86014e+00 4.83322e+00 9.38449e-11
4.86014e+00 4.86014e+00 7.05253e-11
4.86014e+00 4.88475e+00 5.40755e-11
4.86014e+00 4.90703e+00 4.23633e-11
4.86014e+00 4.92696e+00 3.39530e-11
4.86014e+00 4.94452e+00 2.78731e-11
4.86014e+00 4.95969e+00 2.34627e-11
4.86014e+00 4.97246e+00 2.02704e-11
4.86014e+00 4.98281e+00 1.79882e-11
4.86014e+00 4.99074e+00 1.64075e-11
4.86014e+00 4.99623e+00 1.53902e-11
4.86014e+00 4.99928e+00 1.48506e-11
4.88475e+00 7.15683e-04 2.57297e-09
4.88475e+00 3.77012e-03 1.35541e-08
4.88475e+00 9.26216e-03 3.32988e-08
4.88475e+00 1.71877e-02 6.17928e-08
4.88475e+00 2.75390e-02 9.90106e-08
4.88475e+00 4.03061e-02 1.44920e-07
4.88475e+00 5.54766e-02 1.99482e-07
4.88475e+00 7.30356e-02 2.62656e-07
4.88475e+00 9.29659e-02 3.34397e-07
4.88475e+00 1.15248e-01 4.14661e-07
4.88475e+00 1.39860e-01 5.03405e-07
4.88475e+00 1.66779e-01 6.00586e-07
4.88475e+00 1.95977e-01 7.06170e-07
4.88475e+00 2.27426e-01 8.20127e-07
4.88475e+00 2.61096e-01 9.42433e-07
4.88475e+00 2.96953e-01 1.07307e-06
4.88475e+00 3.34963e-01 1.21203e-06
4.88475e+00 3.75089e-01 1.35930e-06
4.88475e+00 4.17290e-01 1.51488e-06
4.88475e+00 4.61527e-01 1.67874e-06
4.88475e+00 5.07755e-01 1.85088e-06
4.88475e+00 5.55930e-01 2.03122e-06
4.88475e+00 6.06005e-01 2.21968e-06
4.88475e+00 6.57930e-01 2.41611e-06
4.88475e+00 7.11655e-01 2.62029e-06
4.88475e+00 7.67127e-01 2.83188e-06
4.88475e+00 8.24292e-01 3.05043e-06
4.88475e+00 8.83095e-01 3.27531e-06
4.88475e+00 9.43478e-01 3.50568e-06
4.88475e+00 1.00538e+00 3.74047e-06
4.88475e+00 1.06875e+00 3.97830e-06
4.88475e+00 1.13351e+00 4.21748e-06
4.88475e+00 1.19960e+00 4.45593e-06
4.88475e+00 1.26697e+00 4.69118e-06
4.88475e+00 1.33555e+00 4.92030e-06
4.88475e+00 1.40526e+00 5.13993e-06
4.88475e+00 1.47604e+00 5.34628e-06
4.88475e+00 1.54782e+00 5.53513e-06
4.88475e+00 1.62053e+00 5.70195e-06
4.88475e+00 1.69410e+00 5.84195e-06
4.88475e+00 1.76846e+00 5.95027e-06
4.88475e+00 1.84353e+00 6.02211e-06
4.88475e+00 1.91924e+00 6.05302e-06
4.88475e+00 1.99553e+00 6.03907e-06
4.88475e+00 2.07230e+00 5.97722e-06
4.88475e+00 2.14949e+00 5.86551e-06
4.88475e+00 2.22703e+00 5.70335e-06
4.88475e+00 2.30483e+00 5.49172e-06
4.88475e+00 2.38282e+00 5.23332e-06
4.88475e+00 2.46093e+00 4.93256e-06
4.88475e+00 2.53907e+00 4.59553e-06
4.88475e+00 2.61718e+00 4.22975e-06
4.88475e+00 2.69517e+00 3.84385e-06
4.88475e+00 2.77297e+00 3.44717e-06
4.88475e+00 2.85051e+00 3.04924e-06
4.88475e+00 2.92770e+00 2.65926e-06
4.88475e+00 3.00447e+00 2.28559e-06
4.88475e+00 3.08076e+00 1.93536e-06
4.88475e+00 3.15647e+00 1.61412e-06
4.88475e+00 3.23154e+00 1.32567e-06
4.88475e+00 3.30590e+00 1.07205e-06
4.88475e+00 3.37947e+00 8.53616e-07
4.88475e+00 3.45218e+00 6.69280e-07
4.88475e+00 3.52396e+00 5.16798e-07
4.88475e+00 3.59474e+00 3.93112e-07
4.88475e+00 3.66445e+00 2.94684e-07
4.88475e+00 3.73303e+00 2.17794e-07
4.88475e+00 3.80040e+00 1.58796e-07
4.88475e+00 3.86649e+00 1.14298e-07
4.88475e+00 3.93125e+00 8.12823e-08
4.88475e+00 3.99462e+00 5.71618e-08
4.88475e+00 4.05652e+00 3.97935e-08
4.88475e+00 4.11690e+00 2.74540e-08
4.88475e+00 4.17571e+00 1.87938e-08
4.88475e+00 4.23287e+00 1.27825e-08
4.88475e+00 4.28835e+00 8.65010e-09
4.88475e+00 4.34207e+00 5.83278e-09
4.88475e+00 4.39400e+00 3.92517e-09
4.88475e+00 4.44407e+00 2.64045e-09
4.88475e+00 4.49224e+00 1.77854e-09
4.88475e+00 4.53847e+00 1.20162e-09
4.88475e+00 4.58271e+00 8.15735e-10
4.88475e+00 4.62491e+00 5.57425e-10
4.88475e+00 4.66504e+00 3.84110e-10
4.88475e+00 4.70305e+00 2.67383e-10
4.88475e+00 4.73890e+00 1.88360e-10
4.88475e+00 4.77257e+00 1.34517e-10
4.88475e+00 4.80402e+00 9.75519e-11
4.88475e+00 4.83322e+00 7.19585e-11
4.88475e+00 4.86014e+00 5.40755e-11
4.88475e+00 4.88475e+00 4.14612e-11
4.88475e+00 4.90703e+00 3.24801e-11
4.88475e+00 4.92696e+00 2.60312e-11
4.88475e+00 4.94452e+00 2.13694e-11
4.88475e+00 4.95969e+00 1.79877e-11
4.88475e+00 4.97246e+00 1.55400e-11
4.88475e+00 4.98281e+00 1.37902e-11
4.88475e+00 4.99074e+00 1.25783e-11
4.88475e+00 4.99623e+00 1.17983e-11
4.88475e+00 4.99928e+00 1.13846e-11
4.90703e+00 7.15683e-04 2.02948e-09
4.90703e+00 3.77012e-03 1.06910e-08
4.90703e+00 9.26216e-03 2.62650e-08
4.90703e+00 1.71877e-02 4.87402e-08
4.90703e+00 2.75390e-02 7.80964e-08
4.90703e+00 4.03061e-02 1.14308e-07
4.90703e+00 5.54766e-02 1.57345e-07
4.90703e+00 7.30356e-02 2.07174e-07
4.90703e+00 9.29659e-02 2.63761e-07
4.90703e+00 1.15248e-01 3.27069e-07
4.90703e+00 1.39860e-01 3.97064e-07
4.90703e+00 1.66779e-01 4.73714e-07
4.90703e+00 1.95977e-01 5.56990e-07
4.90703e+00 2.27426e-01 6.46867e-07
4.90703e+00 2.61096e-01 7.43326e-07
4.90703e+00 2.96953e-01 8.46352e-07
4.90703e+00 3.34963e-01 9.55935e-07
4.90703e+00 3.75089e-01 1.07207e-06
4.90703e+00 4.17290e-01 1.19474e-06
4.90703e+00 4.61527e-01 1.32394e-06
4.90703e+00 5.07755e-01 1.45965e-06
4.90703e+00 5.55930e-01 1.60182e-06
4.90703e+00 6.06005e-01 1.75037e-06
4.90703e+00 6.57930e-01 1.90519e-06
4.90703e+00 7.11655e-01 2.06609e-06
4.90703e+00 7.67127e-01 2.23281e-06
4.90703e+00 8.24292e-01 2.40498e-06
4.90703e+00 8.83095e-01 2.58211e-06
4.90703e+00 9.43478e-01 2.76353e-06
4.90703e+00 1.00538e+00 2.94839e-06
4.90703e+00 1.06875e+00 3.13560e-06
4.90703e+00 1.13351e+00 3.32383e-06
4.90703e+00 1.19960e+00 3.51143e-06
4.90703e+00 1.26697e+00 3.69646e-06
4.90703e+00 1.33555e+00 3.87660e-06
4.90703e+00 1.40526e+00 4.04921e-06
4.90703e+00 1.47604e+00 4.21130e-06
4.90703e+00 1.54782e+00 4.35955e-06
4.90703e+00 1.62053e+00 4.49040e-06
4.90703e+00 1.69410e+00 4.60008e-06
4.90703e+00 1.76846e+00 4.68477e-06
4.90703e+00 1.84353e+00 4.74071e-06
4.90703e+00 1.91924e+00 4.76440e-06
4.90703e+00 1.99553e+00 4.75278e-06
4.90703e+00 2.07230e+00 4.70346e-06
4.90703e+00 2.14949e+00 4.61491e-06
4.90703e+00 2.22703e+00 4.48669e-06
4.90703e+00 2.30483e+00 4.31959e-06
4.90703e+00 2.38282e+00 4.11576e-06
4.90703e+00 2.46093e+00 3.87868e-06
4.90703e+00 2.53907e+00 3.61314e-06
4.90703e+00 2.61718e+00 3.32508e-06
4.90703e+00 2.69517e+00 3.02130e-06
4.90703e+00 2.77297e+00 2.70913e-06
4.90703e+00 2.85051e+00 2.39607e-06
4.90703e+00 2.92770e+00 2.08934e-06
4.90703e+00 3.00447e+00 1.79551e-06
4.90703e+00 3.08076e+00 1.52018e-06
4.90703e+00 3.15647e+00 1.26768e-06
4.90703e+00 3.23154e+00 1.04101e-06
4.90703e+00 3.30590e+00 8.41748e-07
4.90703e+00 3.37947e+00 6.70157e-07
4.90703e+00 3.45218e+00 5.25376e-07
4.90703e+00 3.52396e+00 4.05632e-07
4.90703e+00 3.59474e+00 3.08517e-07
4.90703e+00 3.66445e+00 2.31244e-07
4.90703e+00 3.73303e+00 1.70889e-07
4.90703e+00 3.80040e+00 1.24584e-07
4.90703e+00 3.86649e+00 8.96643e-08
4.90703e+00 3.93125e+00 6.37579e-08
4.90703e+00 3.99462e+00 4.48335e-08
4.90703e+00 4.05652e+00 3.12083e-08
4.90703e+00 4.11690e+00 2.15290e-08
4.90703e+00 4.17571e+00 1.47366e-08
4.90703e+00 4.23287e+00 1.00222e-08
4.90703e+00 4.28835e+00 6.78165e-09
4.90703e+00 4.34207e+00 4.57254e-09
4.90703e+00 4.39400e+00 3.07688e-09
4.90703e+00 4.44407e+00 2.06966e-09
4.90703e+00 4.49224e+00 1.39398e-09
4.90703e+00 4.53847e+00 9.41744e-10
4.90703e+00 4.58271e+00 6.39280e-10
4.90703e+00 4.62491e+00 4.36822e-10
4.90703e+00 4.66504e+00 3.00990e-10
4.90703e+00 4.70305e+00 2.09511e-10
4.90703e+00 4.73890e+00 1.47585e-10
4.90703e+00 4.77257e+00 1.05393e-10
4.90703e+00 4.80402e+00 7.64284e-11
4.90703e+00 4.83322e+00 5.63749e-11
4.90703e+00 4.86014e+00 4.23633e-11
4.90703e+00 4.88475e+00 3.24801e-11
4.90703e+00 4.90703e+00 2.54438e-11
4.90703e+00 4.92696e+00 2.03914e-11
4.90703e+00 4.94452e+00 1.67392e-11
4.90703e+00 4.95969e+00 1.40900e-11
4.90703e+00 4.97246e+00 1.21725e-11
4.90703e+00 4.98281e+00 1.08018e-11
4.90703e+00 4.99074e+00 9.85238e-12
4.90703e+00 4.99623e+00 9.24140e-12
4.90703e+00 4.99928e+00 8.91729e-12
4.92696e+00 7.15683e-04 1.63644e-09
4.92696e+00 3.77012e-03 8.62055e-09
4.92696e+00 9.26216e-03 2.11784e-08
4.92696e+00 1.71877e-02 3.93010e-08
4.92696e+00 2.75390e-02 6.29719e-08
4.92696e+00 4.03061e-02 9.21705e-08
4.92696e+00 5.54766e-02 1.26873e-07
4.92696e+00 7.30356e-02 1.67051e-07
4.92696e+00 9.29659e-02 2.12679e-07
4.92696e+00 1.15248e-01 2.63725e-07
4.92696e+00 1.39860e-01 3.20163e-07
4.92696e+00 1.66779e-01 3.81966e-07
4.92696e+00 1.95977e-01 4.49110e-07
4.92696e+00 2.27426e-01 5.21575e-07
4.92696e+00 2.61096e-01 5.99345e-07
4.92696e+00 2.96953e-01 6.82406e-07
4.92696e+00 3.34963e-01 7.70751e-07
4.92696e+00 3.75089e-01 8.64371e-07
4.92696e+00 4.17290e-01 9.63260e-07
4.92696e+00 4.61527e-01 1.06740e-06
4.92696e+00 5.07755e-01 1.17678e-06
4.92696e+00 5.55930e-01 1.29136e-06
4.92696e+00 6.06005e-01 1.41107e-06
4.92696e+00 6.57930e-01 1.53582e-06
4.92696e+00 7.11655e-01 1.66545e-06
4.92696e+00 7.67127e-01 1.79976e-06
4.92696e+00 8.24292e-01 1.93844e-06
4.92696e+00 8.83095e-01 2.08108e-06
4.92696e+00 9.43478e-01 2.22716e-06
4.92696e+00 1.00538e+00 2.37598e-06
4.92696e+00 1.06875e+00 2.52667e-06
4.92696e+00 1.13351e+00 2.67814e-06
4.92696e+00 1.19960e+00 2.82907e-06
4.92696e+00 1.26697e+00 2.97788e-06
4.92696e+00 1.33555e+00 3.12272e-06
4.92696e+00 1.40526e+00 3.26146e-06
4.92696e+00 1.47604e+00 3.39167e-06
4.92696e+00 1.54782e+00 3.51071e-06
4.92696e+00 1.62053e+00 3.61570e-06
4.92696e+00 1.69410e+00 3.70361e-06
4.92696e+00 1.76846e+00 3.77137e-06
4.92696e+00 1.84353e+00 3.81596e-06
4.92696e+00 1.91924e+00 3.83457e-06
4.92696e+00 1.99553e+00 3.82476e-06
4.92696e+00 2.07230e+00 3.78460e-06
4.92696e+00 2.14949e+00 3.71289e-06
4.92696e+00 2.22703e+00 3.60928e-06
4.92696e+00 2.30483e+00 3.47443e-06
4.92696e+00 2.38282e+00 3.31006e-06
4.92696e+00 2.46093e+00 3.11900e-06
4.92696e+00 2.53907e+00 2.90511e-06
4.92696e+00 2.61718e+00 2.67316e-06
4.92696e+00 2.69517e+00 2.42863e-06
4.92696e+00 2.77297e+00 2.17743e-06
4.92696e+00 2.85051e+00 1.92558e-06
4.92696e+00 2.92770e+00 1.67887e-06
4.92696e+00 3.00447e+00 1.44260e-06
4.92696e+00 3.08076e+00 1.22124e-06
4.92696e+00 3.15647e+00 1.01828e-06
4.92696e+00 3.23154e+00 8.36111e-07
4.92696e+00 3.30590e+00 6.75991e-07
4.92696e+00 3.37947e+00 5.38132e-07
4.92696e+00 3.45218e+00 4.21829e-07
4.92696e+00 3.52396e+00 3.25652e-07
4.92696e+00 3.59474e+00 2.47661e-07
4.92696e+00 3.66445e+00 1.85612e-07
4.92696e+00 3.73303e+00 1.37154e-07
4.92696e+00 3.80040e+00 9.99809e-08
4.92696e+00 3.86649e+00 7.19507e-08
4.92696e+00 3.93125e+00 5.11577e-08
4.92696e+00 3.99462e+00 3.59703e-08
4.92696e+00 4.05652e+00 2.50367e-08
4.92696e+00 4.11690e+00 1.72702e-08
4.92696e+00 4.17571e+00 1.18206e-08
4.92696e+00 4.23287e+00 8.03847e-09
4.92696e+00 4.28835e+00 5.43894e-09
4.92696e+00 4.34207e+00 3.66697e-09
4.92696e+00 4.39400e+00 2.46736e-09
4.92696e+00 4.44407e+00 1.65957e-09
4.92696e+00 4.49224e+00 1.11771e-09
4.92696e+00 4.53847e+00 7.55059e-10
4.92696e+00 4.58271e+00 5.12526e-10
4.92696e+00 4.62491e+00 3.50194e-10
4.92696e+00 4.66504e+00 2.41288e-10
4.92696e+00 4.70305e+00 1.67947e-10
4.92696e+00 4.73890e+00 1.18301e-10
4.92696e+00 4.77257e+00 8.44779e-11
4.92696e+00 4.80402e+00 6.12591e-11
4.92696e+00 4.83322e+00 4.51843e-11
4.92696e+00 4.86014e+00 3.39530e-11
4.92696e+00 4.88475e+00 2.60312e-11
4.92696e+00 4.90703e+00 2.03914e-11
4.92696e+00 4.92696e+00 1.63420e-11
4.92696e+00 4.94452e+00 1.34148e-11
4.92696e+00 4.95969e+00 1.12915e-11
4.92696e+00 4.97246e+00 9.75476e-12
4.92696e+00 4.98281e+00 8.65619e-12
4.92696e+00 4.99074e+00 7.89530e-12
4.92696e+00 4.99623e+00 7.40564e-12
4.92696e+00 4.99928e+00 7.14589e-12
4.94452e+00 7.15683e-04 1.35053e-09
4.94452e+00 3.77012e-03 7.11444e-09
4.94452e+00 9.26216e-03 1.74783e-08
4.94452e+00 1.71877e-02 3.24346e-08
4.94452e+00 2.75390e-02 5.19699e-08
4.94452e+00 4.03061e-02 7.60672e-08
4.94452e+00 5.54766e-02 1.04706e-07
4.94452e+00 7.30356e-02 1.37865e-07
4.94452e+00 9.29659e-02 1.75520e-07
4.94452e+00 1.15248e-01 2.17648e-07
4.94452e+00 1.39860e-01 2.64224e-07
4.94452e+00 1.66779e-01 3.15227e-07
4.94452e+00 1.95977e-01 3.70638e-07
4.94452e+00 2.27426e-01 4.30438e-07
4.94452e+00 2.61096e-01 4.94614e-07
4.94452e+00 2.96953e-01 5.63155e-07
4.94452e+00 3.34963e-01 6.36053e-07
4.94452e+00 3.75089e-01 7.13301e-07
4.94452e+00 4.17290e-01 7.94892e-07
4.94452e+00 4.61527e-01 8.80815e-07
4.94452e+00 5.07755e-01 9.71051e-07
4.94452e+00 5.55930e-01 1.06557e-06
4.94452e+00 6.06005e-01 1.16431e-06
4.94452e+00 6.57930e-01 1.26720e-06
4.94452e+00 7.11655e-01 1.37411e-06
4.94452e+00 7.67127e-01 1.48486e-06
4.94452e+00 8.24292e-01 1.59920e-06
4.94452e+00 8.83095e-01 1.71680e-06
4.94452e+00 9.43478e-01 1.83721e-06
4.94452e+00 1.00538e+00 1.95986e-06
4.94452e+00 1.06875e+00 2.08403e-06
4.94452e+00 1.13351e+00 2.20881e-06
4.94452e+00 1.19960e+00 2.33313e-06
4.94452e+00 1.26697e+00 2.45567e-06
4.94452e+00 1.33555e+00 2.57490e-06
4.94452e+00 1.40526e+00 2.68908e-06
4.94452e+00 1.47604e+00 2.79620e-06
4.94452e+00 1.54782e+00 2.89408e-06
4.94452e+00 1.62053e+00 2.98035e-06
4.94452e+00 1.69410e+00 3.05252e-06
4.94452e+00 1.76846e+00 3.10806e-06
4.94452e+00 1.84353e+00 3.14449e-06
4.94452e+00 1.91924e+00 3.15950e-06
4.94452e+00 1.99553e+00 3.15108e-06
4.94452e+00 2.07230e+00 3.11766e-06
4.94452e+00 2.14949e+00 3.05826e-06
4.94452e+00 2.22703e+00 2.97260e-06
4.94452e+00 2.30483e+00 2.86122e-06
4.94452e+00 2.38282e+00 2.72556e-06
4.94452e+00 2.46093e+00 2.56795e-06
4.94452e+00 2.53907e+00 2.39158e-06
4.94452e+00 2.61718e+00 2.20040e-06
4.94452e+00 2.69517e+00 1.99890e-06
4.94452e+00 2.77297e+00 1.79195e-06
4.94452e+00 2.85051e+00 1.58451e-06
4.94452e+00 2.92770e+00 1.38136e-06
4.94452e+00 3.00447e+00 1.18683e-06
4.94452e+00 3.08076e+00 1.00462e-06
4.94452e+00 3.15647e+00 8.37574e-07
4.94452e+00 3.23154e+00 6.87665e-07
4.94452e+00 3.30590e+00 5.55919e-07
4.94452e+00 3.37947e+00 4.42505e-07
4.94452e+00 3.45218e+00 3.46837e-07
4.94452e+00 3.52396e+00 2.67734e-07
4.94452e+00 3.59474e+00 2.03596e-07
4.94452e+00 3.66445e+00 1.52574e-07
4.94452e+00 3.73303e+00 1.12732e-07
4.94452e+00 3.80040e+00 8.21713e-08
4.94452e+00 3.86649e+00 5.91295e-08
4.94452e+00 3.93125e+00 4.20385e-08
4.94452e+00 3.99462e+00 2.95562e-08
4.94452e+00 4.05652e+00 2.05707e-08
4.94452e+00 4.11690e+00 1.41886e-08
4.94452e+00 4.17571e+00 9.71077e-09
4.94452e+00 4.23287e+00 6.60331e-09
4.94452e+00 4.28835e+00 4.46762e-09
4.94452e+00 4.34207e+00 3.01193e-09
4.94452e+00 4.39400e+00 2.02649e-09
4.94452e+00 4.44407e+00 1.36297e-09
4.94452e+00 4.49224e+00 9.17903e-10
4.94452e+00 4.53847e+00 6.20052e-10
4.94452e+00 4.58271e+00 4.20866e-10
4.94452e+00 4.62491e+00 2.87553e-10
4.94452e+00 4.66504e+00 1.98119e-10
4.94452e+00 4.70305e+00 1.37895e-10
4.94452e+00 4.73890e+00 9.71290e-11
4.94452e+00 4.77257e+00 6.93566e-11
4.94452e+00 4.80402e+00 5.02924e-11
4.94452e+00 4.83322e+00 3.70942e-11
4.94452e+00 4.86014e+00 2.78731e-11
4.94452e+00 4.88475e+00 2.13694e-11
4.94452e+00 4.90703e+00 1.67392e-11
4.94452e+00 4.92696e+00 1.34148e-11
4.94452e+00 4.94452e+00 1.10118e-11
4.94452e+00 4.95969e+00 9.26869e-12
4.94452e+00 4.97246e+00 8.00714e-12
4.94452e+00 4.98281e+00 7.10532e-12
4.94452e+00 4.99074e+00 6.48070e-12
4.94452e+00 4.99623e+00 6.07874e-12
4.94452e+00 4.99928e+00 5.86552e-12
4.95969e+00 7.15683e-04 1.14201e-09
4.95969e+00 3.77012e-03 6.01596e-09
4.95969e+00 9.26216e-03 1.47796e-08
4.95969e+00 1.71877e-02 2.74267e-08
4.95969e+00 2.75390e-02 4.39457e-08
4.95969e+00 4.03061e-02 6.43223e-08
4.95969e+00 5.54766e-02 8.85394e-08
4.95969e+00 7.30356e-02 1.16578e-07
4.95969e+00 9.29659e-02 1.48419e-07
4.95969e+00 1.15248e-01 1.84042e-07
4.95969e+00 1.39860e-01 2.23426e-07
4.95969e+00 1.66779e-01 2.66553e-07
4.95969e+00 1.95977e-01 3.13405e-07
4.95969e+00 2.27426e-01 3.63969e-07
4.95969e+00 2.61096e-01 4.18232e-07
4.95969e+00 2.96953e-01 4.76184e-07
4.95969e+00 3.34963e-01 5.37818e-07
4.95969e+00 3.75089e-01 6.03128e-07
4.95969e+00 4.17290e-01 6.72107e-07
4.95969e+00 4.61527e-01 7.44744e-07
4.95969e+00 5.07755e-01 8.21024e-07
4.95969e+00 5.55930e-01 9.00917e-07
4.95969e+00 6.06005e-01 9.84378e-07
4.95969e+00 6.57930e-01 1.07133e-06
4.95969e+00 7.11655e-01 1.16168e-06
4.95969e+00 7.67127e-01 1.25527e-06
4.95969e+00 8.24292e-01 1.35188e-06
4.95969e+00 8.83095e-01 1.45122e-06
4.95969e+00 9.43478e-01 1.55294e-06
4.95969e+00 1.00538e+00 1.65653e-06
4.95969e+00 1.06875e+00 1.76138e-06
4.95969e+00 1.13351e+00 1.86674e-06
4.95969e+00 1.19960e+00 1.97168e-06
4.95969e+00 1.26697e+00 2.07511e-06
4.95969e+00 1.33555e+00 2.17572e-06
4.95969e+00 1.40526e+00 2.27203e-06
4.95969e+00 1.47604e+00 2.36236e-06
4.95969e+00 1.54782e+00 2.44487e-06
4.95969e+00 1.62053e+00 2.51754e-06
4.95969e+00 1.69410e+00 2.57829e-06
4.95969e+00 1.76846e+00 2.62498e-06
4.95969e+00 1.84353e+00 2.65552e-06
4.95969e+00 1.91924e+00 2.66796e-06
4.95969e+00 1.99553e+00 2.66061e-06
4.95969e+00 2.07230e+00 2.63216e-06
4.95969e+00 2.14949e+00 2.58176e-06
4.95969e+00 2.22703e+00 2.50921e-06
4.95969e+00 2.30483e+00 2.41497e-06
4.95969e+00 2.38282e+00 2.30025e-06
4.95969e+00 2.46093e+00 2.16703e-06
4.95969e+00 2.53907e+00 2.01801e-06
4.95969e+00 2.61718e+00 1.85651e-06
4.95969e+00 2.69517e+00 1.68635e-06
4.95969e+00 2.77297e+00 1.51162e-06
4.95969e+00 2.85051e+00 1.33651e-06
4.95969e+00 2.92770e+00 1.16505e-06
4.95969e+00 3.00447e+00 1.00089e-06
4.95969e+00 3.08076e+00 8.47148e-07
4.95969e+00 3.15647e+00 7.06228e-07
4.95969e+00 3.23154e+00 5.79777e-07
4.95969e+00 3.30590e+00 4.68662e-07
4.95969e+00 3.37947e+00 3.73019e-07
4.95969e+00 3.45218e+00 2.92350e-07
4.95969e+00 3.52396e+00 2.25657e-07
4.95969e+00 3.59474e+00 1.71585e-07
4.95969e+00 3.66445e+00 1.28576e-07
4.95969e+00 3.73303e+00 9.49937e-08
4.95969e+00 3.80040e+00 6.92370e-08
4.95969e+00 3.86649e+00 4.98187e-08
4.95969e+00 3.93125e+00 3.54167e-08
4.95969e+00 3.99462e+00 2.48990e-08
4.95969e+00 4.05652e+00 1.73283e-08
4.95969e+00 4.11690e+00 1.19515e-08
4.95969e+00 4.17571e+00 8.17919e-09
4.95969e+00 4.23287e+00 5.56154e-09
4.95969e+00 4.28835e+00 3.76259e-09
4.95969e+00 4.34207e+00 2.53649e-09
4.95969e+00 4.39400e+00 1.70653e-09
4.95969e+00 4.44407e+00 1.14771e-09
4.95969e+00 4.49224e+00 7.72905e-10
4.95969e+00 4.53847e+00 5.22083e-10
4.95969e+00 4.58271e+00 3.54355e-10
4.95969e+00 4.62491e+00 2.42101e-10
4.95969e+00 4.66504e+00 1.66798e-10
4.95969e+00 4.70305e+00 1.16090e-10
4.95969e+00 4.73890e+00 8.17683e-11
4.95969e+00 4.77257e+00 5.83863e-11
4.95969e+00 4.80402e+00 4.23364e-11
4.95969e+00 4.83322e+00 3.12254e-11
4.95969e+00 4.86014e+00 2.34627e-11
4.95969e+00 4.88475e+00 1.79877e-11
4.95969e+00 4.90703e+00 1.40900e-11
4.95969e+00 4.92696e+00 1.12915e-11
4.95969e+00 4.94452e+00 9.26869e-12
4.95969e+00 4.95969e+00 7.80143e-12
4.95969e+00 4.97246e+00 6.73952e-12
4.95969e+00 4.98281e+00 5.98041e-12
4.95969e+00 4.99074e+00 5.45465e-12
4.95969e+00 4.99623e+00 5.11631e-12
4.95969e+00 4.99928e+00 4.93683e-12
4.97246e+00 7.15683e-04 9.90390e-10
4.97246e+00 3.77012e-03 5.21725e-09
4.97246e+00 9.26216e-03 1.28174e-08
4.97246e+00 1.71877e-02 2.37854e-08
4.97246e+00 2.75390e-02 3.81112e-08
4.97246e+00 4.03061e-02 5.57824e-08
4.97246e+00 5.54766e-02 7.67843e-08
4.97246e+00 7.30356e-02 1.01100e-07
4.97246e+00 9.29659e-02 1.28714e-07
4.97246e+00 1.15248e-01 1.59606e-07
4.97246e+00 1.39860e-01 1.93761e-07
4.97246e+00 1.66779e-01 2.31161e-07
4.97246e+00 1.95977e-01 2.71792e-07
4.97246e+00 2.27426e-01 3.15640e-07
4.97246e+00 2.61096e-01 3.62695e-07
4.97246e+00 2.96953e-01 4.12949e-07
4.97246e+00 3.34963e-01 4.66394e-07
4.97246e+00 3.75089e-01 5.23025e-07
4.97246e+00 4.17290e-01 5.82835e-07
4.97246e+00 4.61527e-01 6.45815e-07
4.97246e+00 5.07755e-01 7.11949e-07
4.97246e+00 5.55930e-01 7.81214e-07
4.97246e+00 6.06005e-01 8.53567e-07
4.97246e+00 6.57930e-01 9.28946e-07
4.97246e+00 7.11655e-01 1.00726e-06
4.97246e+00 7.67127e-01 1.08837e-06
4.97246e+00 8.24292e-01 1.17210e-06
4.97246e+00 8.83095e-01 1.25819e-06
4.97246e+00 9.43478e-01 1.34632e-06
4.97246e+00 1.00538e+00 1.43607e-06
4.97246e+00 1.06875e+00 1.52690e-06
4.97246e+00 1.13351e+00 1.61815e-06
4.97246e+00 1.19960e+00 1.70904e-06
4.97246e+00 1.26697e+00 1.79859e-06
4.97246e+00 1.33555e+00 1.88568e-06
4.97246e+00 1.40526e+00 1.96904e-06
4.97246e+00 1.47604e+00 2.04720e-06
4.97246e+00 1.54782e+00 2.11856e-06
4.97246e+00 1.62053e+00 2.18139e-06
4.97246e+00 1.69410e+00 2.23388e-06
4.97246e+00 1.76846e+00 2.27417e-06
4.97246e+00 1.84353e+00 2.30046e-06
4.97246e+00 1.91924e+00 2.31106e-06
4.97246e+00 1.99553e+00 2.30453e-06
4.97246e+00 2.07230e+00 2.27970e-06
4.97246e+00 2.14949e+00 2.23588e-06
4.97246e+00 2.22703e+00 2.17288e-06
4.97246e+00 2.30483e+00 2.09111e-06
4.97246e+00 2.38282e+00 1.99161e-06
4.97246e+00 2.46093e+00 1.87612e-06
4.97246e+00 2.53907e+00 1.74697e-06
4.97246e+00 2.61718e+00 1.60703e-06
4.97246e+00 2.69517e+00 1.45962e-06
4.97246e+00 2.77297e+00 1.30828e-06
4.97246e+00 2.85051e+00 1.15664e-06
4.97246e+00 2.92770e+00 1.00818e-06
4.97246e+00 3.00447e+00 8.66059e-07
4.97246e+00 3.08076e+00 7.32972e-07
4.97246e+00 3.15647e+00 6.11000e-07
4.97246e+00 3.23154e+00 5.01564e-07
4.97246e+00 3.30590e+00 4.05411e-07
4.97246e+00 3.37947e+00 3.22654e-07
4.97246e+00 3.45218e+00 2.52860e-07
4.97246e+00 3.52396e+00 1.95163e-07
4.97246e+00 3.59474e+00 1.48389e-07
4.97246e+00 3.66445e+00 1.11187e-07
4.97246e+00 3.73303e+00 8.21415e-08
4.97246e+00 3.80040e+00 5.98660e-08
4.97246e+00 3.86649e+00 4.30735e-08
4.97246e+00 3.93125e+00 3.06198e-08
4.97246e+00 3.99462e+00 2.15255e-08
4.97246e+00 4.05652e+00 1.49798e-08
4.97246e+00 4.11690e+00 1.03312e-08
4.97246e+00 4.17571e+00 7.06997e-09
4.97246e+00 4.23287e+00 4.80709e-09
4.97246e+00 4.28835e+00 3.25203e-09
4.97246e+00 4.34207e+00 2.19221e-09
4.97246e+00 4.39400e+00 1.47484e-09
4.97246e+00 4.44407e+00 9.91859e-10
4.97246e+00 4.49224e+00 6.67923e-10
4.97246e+00 4.53847e+00 4.51154e-10
4.97246e+00 4.58271e+00 3.06203e-10
4.97246e+00 4.62491e+00 2.09196e-10
4.97246e+00 4.66504e+00 1.44123e-10
4.97246e+00 4.70305e+00 1.00307e-10
4.97246e+00 4.73890e+00 7.06491e-11
4.97246e+00 4.77257e+00 5.04455e-11
4.97246e+00 4.80402e+00 3.65776e-11
4.97246e+00 4.83322e+00 2.69774e-11
4.97246e+00 4.86014e+00 2.02704e-11
4.97246e+00 4.88475e+00 1.55400e-11
4.97246e+00 4.90703e+00 1.21725e-11
4.97246e+00 4.92696e+00 9.75476e-12
4.97246e+00 4.94452e+00 8.00714e-12
4.97246e+00 4.95969e+00 6.73952e-12
4.97246e+00 4.97246e+00 5.82210e-12
4.97246e+00 4.98281e+00 5.16629e-12
4.97246e+00 4.99074e+00 4.71208e-12
4.97246e+00 4.99623e+00 4.41978e-12
4.97246e+00 4.99928e+00 4.26473e-12
4.98281e+00 7.15683e-04 8.81588e-10
4.98281e+00 3.77012e-03 4.64409e-09
4.98281e+00 9.26216e-03 1.14093e-08
4.98281e+00 1.71877e-02 2.11724e-08
4.98281e+00 2.75390e-02 3.39244e-08
4.98281e+00 4.03061e-02 4.96543e-08
4.98281e+00 5.54766e-02 6.83489e-08
4.98281e+00 7.30356e-02 8.99937e-08
4.98281e+00 9.29659e-02 1.14573e-07
4.98281e+00 1.15248e-01 1.42072e-07
4.98281e+00 1.39860e-01 1.72474e-07
4.98281e+00 1.66779e-01 2.05765e-07
4.98281e+00 1.95977e-01 2.41931e-07
4.98281e+00 2.27426e-01 2.80960e-07
4.98281e+00 2.61096e-01 3.22844e-07
4.98281e+00 2.96953e-01 3.67573e-07
4.98281e+00 3.34963e-01 4.15143e-07
4.98281e+00 3.75089e-01 4.65546e-07
4.98281e+00 4.17290e-01 5.18778e-07
4.98281e+00 4.61527e-01 5.74830e-07
4.98281e+00 5.07755e-01 6.33686e-07
4.98281e+00 5.55930e-01 6.95326e-07
4.98281e+00 6.06005e-01 7.59711e-07
4.98281e+00 6.57930e-01 8.26786e-07
4.98281e+00 7.11655e-01 8.96466e-07
4.98281e+00 7.67127e-01 9.68633e-07
4.98281e+00 8.24292e-01 1.04312e-06
4.98281e+00 8.83095e-01 1.11971e-06
4.98281e+00 9.43478e-01 1.19810e-06
4.98281e+00 1.00538e+00 1.27792e-06
4.98281e+00 1.06875e+00 1.35870e-06
4.98281e+00 1.13351e+00 1.43985e-06
4.98281e+00 1.19960e+00 1.52066e-06
4.98281e+00 1.26697e+00 1.60027e-06
4.98281e+00 1.33555e+00 1.67769e-06
4.98281e+00 1.40526e+00 1.75177e-06
4.98281e+00 1.47604e+00 1.82121e-06
4.98281e+00 1.54782e+00 1.88460e-06
4.98281e+00 1.62053e+00 1.94038e-06
4.98281e+00 1.69410e+00 1.98696e-06
4.98281e+00 1.76846e+00 2.02268e-06
4.98281e+00 1.84353e+00 2.04594e-06
4.98281e+00 1.91924e+00 2.05525e-06
4.98281e+00 1.99553e+00 2.04931e-06
4.98281e+00 2.07230e+00 2.02711e-06
4.98281e+00 2.14949e+00 1.98803e-06
4.98281e+00 2.22703e+00 1.93189e-06
4.98281e+00 2.30483e+00 1.85906e-06
4.98281e+00 2.38282e+00 1.77050e-06
4.98281e+00 2.46093e+00 1.66772e-06
4.98281e+00 2.53907e+00 1.55281e-06
4.98281e+00 2.61718e+00 1.42834e-06
4.98281e+00 2.69517e+00 1.29724e-06
4.98281e+00 2.77297e+00 1.16266e-06
4.98281e+00 2.85051e+00 1.02783e-06
4.98281e+00 2.92770e+00 8.95850e-07
4.98281e+00 3.00447e+00 7.69520e-07
4.98281e+00 3.08076e+00 6.51229e-07
4.98281e+00 3.15647e+00 5.42828e-07
4.98281e+00 3.23154e+00 4.45577e-07
4.98281e+00 3.30590e+00 3.60136e-07
4.98281e+00 3.37947e+00 2.86605e-07
4.98281e+00 3.45218e+00 2.24597e-07
4.98281e+00 3.52396e+00 1.73340e-07
4.98281e+00 3.59474e+00 1.31789e-07
4.98281e+00 3.66445e+00 9.87441e-08
4.98281e+00 3.73303e+00 7.29455e-08
4.98281e+00 3.80040e+00 5.31614e-08
4.98281e+00 3.86649e+00 3.82478e-08
4.98281e+00 3.93125e+00 2.71881e-08
4.98281e+00 3.99462e+00 1.91122e-08
4.98281e+00 4.05652e+00 1.32998e-08
4.98281e+00 4.11690e+00 9.17218e-09
4.98281e+00 4.17571e+00 6.27659e-09
4.98281e+00 4.23287e+00 4.26749e-09
4.98281e+00 4.28835e+00 2.88689e-09
4.98281e+00 4.34207e+00 1.94600e-09
4.98281e+00 4.39400e+00 1.30916e-09
4.98281e+00 4.44407e+00 8.80406e-10
4.98281e+00 4.49224e+00 5.92852e-10
4.98281e+00 4.53847e+00 4.00435e-10
4.98281e+00 4.58271e+00 2.71772e-10
4.98281e+00 4.62491e+00 1.85669e-10
4.98281e+00 4.66504e+00 1.27912e-10
4.98281e+00 4.70305e+00 8.90215e-11
4.98281e+00 4.73890e+00 6.26994e-11
4.98281e+00 4.77257e+00 4.47683e-11
4.98281e+00 4.80402e+00 3.24605e-11
4.98281e+00 4.83322e+00 2.39405e-11
4.98281e+00 4.86014e+00 1.79882e-11
4.98281e+00 4.88475e+00 1.37902e-11
4.98281e+00 4.90703e+00 1.08018e-11
4.98281e+00 4.92696e+00 8.65619e-12
4.98281e+00 4.94452e+00 7.10532e-12
4.98281e+00 4.95969e+00 5.98041e-12
4.98281e+00 4.97246e+00 5.16629e-12
4.98281e+00 4.98281e+00 4.58433e-12
4.98281e+00 4.99074e+00 4.18126e-12
4.98281e+00 4.99623e+00 3.92188e-12
4.98281e+00 4.99928e+00 3.78429e-12
4.99074e+00 7.15683e-04 8.06004e-10
4.99074e+00 3.77012e-03 4.24593e-09
4.99074e+00 9.26216e-03 1.04311e-08
4.99074e+00 1.71877e-02 1.93571e-08
4.99074e+00 2.75390e-02 3.10159e-08
4.99074e+00 4.03061e-02 4.53971e-08
4.99074e+00 5.54766e-02 6.24889e-08
4.99074e+00 7.30356e-02 8.22779e-08
4.99074e+00 9.29659e-02 1.04750e-07
4.99074e+00 1.15248e-01 1.29891e-07
4.99074e+00 1.39860e-01 1.57686e-07
4.99074e+00 1.66779e-01 1.88122e-07
4.99074e+00 1.95977e-01 2.21186e-07
4.99074e+00 2.27426e-01 2.56869e-07
4.99074e+00 2.61096e-01 2.95160e-07
4.99074e+00 2.96953e-01 3.36052e-07
4.99074e+00 3.34963e-01 3.79540e-07
4.99074e+00 3.75089e-01 4.25618e-07
4.99074e+00 4.17290e-01 4.74281e-07
4.99074e+00 4.61527e-01 5.25520e-07
4.99074e+00 5.07755e-01 5.79322e-07
4.99074e+00 5.55930e-01 6.35666e-07
4.99074e+00 6.06005e-01 6.94517e-07
4.99074e+00 6.57930e-01 7.55825e-07
4.99074e+00 7.11655e-01 8.19511e-07
4.99074e+00 7.67127e-01 8.85466e-07
4.99074e+00 8.24292e-01 9.53539e-07
4.99074e+00 8.83095e-01 1.02353e-06
4.99074e+00 9.43478e-01 1.09516e-06
4.99074e+00 1.00538e+00 1.16810e-06
4.99074e+00 1.06875e+00 1.24190e-06
4.99074e+00 1.13351e+00 1.31603e-06
4.99074e+00 1.19960e+00 1.38985e-06
4.99074e+00 1.26697e+00 1.46256e-06
4.99074e+00 1.33555e+00 1.53326e-06
4.99074e+00 1.40526e+00 1.60091e-06
4.99074e+00 1.47604e+00 1.66431e-06
4.99074e+00 1.54782e+00 1.72216e-06
4.99074e+00 1.62053e+00 1.77307e-06
4.99074e+00 1.69410e+00 1.81555e-06
4.99074e+00 1.76846e+00 1.84811e-06
4.99074e+00 1.84353e+00 1.86929e-06
4.99074e+00 1.91924e+00 1.87771e-06
4.99074e+00 1.99553e+00 1.87219e-06
4.99074e+00 2.07230e+00 1.85182e-06
4.99074e+00 2.14949e+00 1.81603e-06
4.99074e+00 2.22703e+00 1.76466e-06
4.99074e+00 2.30483e+00 1.69806e-06
4.99074e+00 2.38282e+00 1.61709e-06
4.99074e+00 2.46093e+00 1.52314e-06
4.99074e+00 2.53907e+00 1.41813e-06
4.99074e+00 2.61718e+00 1.30439e-06
4.99074e+00 2.69517e+00 1.18460e-06
4.99074e+00 2.77297e+00 1.06166e-06
4.99074e+00 2.85051e+00 9.38502e-07
4.99074e+00 2.92770e+00 8.17950e-07
4.99074e+00 3.00447e+00 7.02573e-07
4.99074e+00 3.08076e+00 5.94546e-07
4.99074e+00 3.15647e+00 4.95558e-07
4.99074e+00 3.23154e+00 4.06758e-07
4.99074e+00 3.30590e+00 3.28747e-07
4.99074e+00 3.37947e+00 2.61614e-07
4.99074e+00 3.45218e+00 2.05004e-07
4.99074e+00 3.52396e+00 1.58212e-07
4.99074e+00 3.59474e+00 1.20283e-07
4.99074e+00 3.66445e+00 9.01194e-08
4.99074e+00 3.73303e+00 6.65717e-08
4.99074e+00 3.80040e+00 4.85145e-08
4.99074e+00 3.86649e+00 3.49033e-08
4.99074e+00 3.93125e+00 2.48099e-08
4.99074e+00 3.99462e+00 1.74398e-08
4.99074e+00 4.05652e+00 1.21357e-08
4.99074e+00 4.11690e+00 8.36907e-09
4.99074e+00 4.17571e+00 5.72685e-09
4.99074e+00 4.23287e+00 3.89360e-09
4.99074e+00 4.28835e+00 2.63389e-09
4.99074e+00 4.34207e+00 1.77541e-09
4.99074e+00 4.39400e+00 1.19437e-09
4.99074e+00 4.44407e+00 8.03190e-10
4.99074e+00 4.49224e+00 5.40844e-10
4.99074e+00 4.53847e+00 3.65299e-10
4.99074e+00 4.58271e+00 2.47921e-10
4.99074e+00 4.62491e+00 1.69371e-10
4.99074e+00 4.66504e+00 1.16681e-10
4.99074e+00 4.70305e+00 8.12043e-11
4.99074e+00 4.73890e+00 5.71927e-11
4.99074e+00 4.77257e+00 4.08358e-11
4.99074e+00 4.80402e+00 2.96088e-11
4.99074e+00 4.83322e+00 2.18370e-11
4.99074e+00 4.86014e+00 1.64075e-11
4.99074e+00 4.88475e+00 1.25783e-11
4.99074e+00 4.90703e+00 9.85238e-12
4.99074e+00 4.92696e+00 7.89530e-12
4.99074e+00 4.94452e+00 6.48070e-12
4.99074e+00 4.95969e+00 5.45465e-12
4.99074e+00 4.97246e+00 4.71208e-12
4.99074e+00 4.98281e+00 4.18126e-12
4.99074e+00 4.99074e+00 3.81362e-12
4.99074e+00 4.99623e+00 3.57704e-12
4.99074e+00 4.99928e+00 3.45154e-12
4.99623e+00 7.15683e-04 7.57256e-10
4.99623e+00 3.77012e-03 3.98913e-09
4.99623e+00 9.26216e-03 9.80024e-09
4.99623e+00 1.71877e-02 1.81864e-08
4.99623e+00 2.75390e-02 2.91400e-08
4.99623e+00 4.03061e-02 4.26514e-08
4.99623e+00 5.54766e-02 5.87095e-08
4.99623e+00 7.30356e-02 7.73016e-08
4.99623e+00 9.29659e-02 9.84145e-08
4.99623e+00 1.15248e-01 1.22035e-07
4.99623e+00 1.39860e-01 1.48148e-07
4.99623e+00 1.66779e-01 1.76743e-07
4.99623e+00 1.95977e-01 2.07807e-07
4.99623e+00 2.27426e-01 2.41331e-07
4.99623e+00 2.61096e-01 2.77305e-07
4.99623e+00 2.96953e-01 3.15723e-07
4.99623e+00 3.34963e-01 3.56579e-07
4.99623e+00 3.75089e-01 3.99867e-07
4.99623e+00 4.17290e-01 4.45583e-07
4.99623e+00 4.61527e-01 4.93719e-07
4.99623e+00 5.07755e-01 5.44261e-07
4.99623e+00 5.55930e-01 5.97190e-07
4.99623e+00 6.06005e-01 6.52474e-07
4.99623e+00 6.57930e-01 7.10063e-07
4.99623e+00 7.11655e-01 7.69884e-07
4.99623e+00 7.67127e-01 8.31835e-07
4.99623e+00 8.24292e-01 8.95773e-07
4.99623e+00 8.83095e-01 9.61506e-07
4.99623e+00 9.43478e-01 1.02878e-06
4.99623e+00 1.00538e+00 1.09728e-06
4.99623e+00 1.06875e+00 1.16658e-06
4.99623e+00 1.13351e+00 1.23620e-06
4.99623e+00 1.19960e+00 1.30551e-06
4.99623e+00 1.26697e+00 1.37378e-06
4.99623e+00 1.33555e+00 1.44015e-06
4.99623e+00 1.40526e+00 1.50365e-06
4.99623e+00 1.47604e+00 1.56316e-06
4.99623e+00 1.54782e+00 1.61745e-06
4.99623e+00 1.62053e+00 1.66522e-06
4.99623e+00 1.69410e+00 1.70507e-06
4.99623e+00 1.76846e+00 1.73559e-06
4.99623e+00 1.84353e+00 1.75542e-06
4.99623e+00 1.91924e+00 1.76327e-06
4.99623e+00 1.99553e+00 1.75804e-06
4.99623e+00 2.07230e+00 1.73886e-06
4.99623e+00 2.14949e+00 1.70519e-06
4.99623e+00 2.22703e+00 1.65690e-06
4.99623e+00 2.30483e+00 1.59431e-06
4.99623e+00 2.38282e+00 1.51824e-06
4.99623e+00 2.46093e+00 1.42998e-06
4.99623e+00 2.53907e+00 1.33135e-06
4.99623e+00 2.61718e+00 1.22453e-06
4.99623e+00 2.69517e+00 1.11204e-06
4.99623e+00 2.77297e+00 9.96597e-07
4.99623e+00 2.85051e+00 8.80956e-07
4.99623e+00 2.92770e+00 7.67771e-07
4.99623e+00 3.00447e+00 6.59451e-07
4.99623e+00 3.08076e+00 5.58037e-07
4.99623e+00 3.15647e+00 4.65113e-07
4.99623e+00 3.23154e+00 3.81757e-07
4.99623e+00 3.30590e+00 3.08531e-07
4.99623e+00 3.37947e+00 2.45519e-07
4.99623e+00 3.45218e+00 1.92387e-07
4.99623e+00 3.52396e+00 1.48470e-07
4.99623e+00 3.59474e+00 1.12874e-07
4.99623e+00 3.66445e+00 8.45660e-08
4.99623e+00 3.73303e+00 6.24677e-08
4.99623e+00 3.80040e+00 4.55226e-08
4.99623e+00 3.86649e+00 3.27500e-08
4.99623e+00 3.93125e+00 2.32787e-08
4.99623e+00 3.99462e+00 1.63631e-08
4.99623e+00 4.05652e+00 1.13862e-08
4.99623e+00 4.11690e+00 7.85206e-09
4.99623e+00 4.17571e+00 5.37295e-09
4.99623e+00 4.23287e+00 3.65293e-09
4.99623e+00 4.28835e+00 2.47103e-09
4.99623e+00 4.34207e+00 1.66561e-09
4.99623e+00 4.39400e+00 1.12048e-09
4.99623e+00 4.44407e+00 7.53489e-10
4.99623e+00 4.49224e+00 5.07369e-10
4.99623e+00 4.53847e+00 3.42684e-10
4.99623e+00 4.58271e+00 2.32569e-10
4.99623e+00 4.62491e+00 1.58881e-10
4.99623e+00 4.66504e+00 1.09453e-10
4.99623e+00 4.70305e+00 7.61732e-11
4.99623e+00 4.73890e+00 5.36486e-11
4.99623e+00 4.77257e+00 3.83050e-11
4.99623e+00 4.80402e+00 2.77735e-11
4.99623e+00 4.83322e+00 2.04832e-11
4.99623e+00 4.86014e+00 1.53902e-11
4.99623e+00 4.88475e+00 1.17983e-11
4.99623e+00 4.90703e+00 9.24140e-12
4.99623e+00 4.92696e+00 7.40564e-12
4.99623e+00 4.94452e+00 6.07874e-12
4.99623e+00 4.95969e+00 5.11631e-12
4.99623e+00 4.97246e+00 4.41978e-12
4.99623e+00 4.98281e+00 3.92188e-12
4.99623e+00 4.99074e+00 3.57704e-12
4.99623e+00 4.99623e+00 3.35512e-12
4.99623e+00 4.99928e+00 3.23741e-12
4.99928e+00 7.15683e-04 7.31361e-10
4.99928e+00 3.77012e-03 3.85272e-09
4.99928e+00 9.26216e-03 9.46511e-09
4.99928e+00 1.71877e-02 1.75645e-08
4.99928e+00 2.75390e-02 2.81435e-08
4.99928e+00 4.03061e-02 4.11929e-08
4.99928e+00 5.54766e-02 5.67018e-08
4.99928e+00 7.30356e-02 7.46582e-08
4.99928e+00 9.29659e-02 9.50490e-08
4.99928e+00 1.15248e-01 1.17861e-07
4.99928e+00 1.39860e-01 1.43082e-07
4.99928e+00 1.66779e-01 1.70699e-07
4.99928e+00 1.95977e-01 2.00701e-07
4.99928e+00 2.27426e-01 2.33077e-07
4.99928e+00 2.61096e-01 2.67821e-07
4.99928e+00 2.96953e-01 3.04924e-07
4.99928e+00 3.34963e-01 3.44382e-07
4.99928e+00 3.75089e-01 3.86189e-07
4.99928e+00 4.17290e-01 4.30339e-07
4.99928e+00 4.61527e-01 4.76826e-07
4.99928e+00 5.07755e-01 5.25638e-07
4.99928e+00 5.55930e-01 5.76753e-07
4.99928e+00 6.06005e-01 6.30141e-07
4.99928e+00 6.57930e-01 6.85755e-07
4.99928e+00 7.11655e-01 7.43524e-07
4.99928e+00 7.67127e-01 8.03348e-07
4.99928e+00 8.24292e-01 8.65090e-07
4.99928e+00 8.83095e-01 9.28564e-07
4.99928e+00 9.43478e-01 9.93526e-07
4.99928e+00 1.00538e+00 1.05966e-06
4.99928e+00 1.06875e+00 1.12658e-06
4.99928e+00 1.13351e+00 1.19380e-06
4.99928e+00 1.19960e+00 1.26071e-06
4.99928e+00 1.26697e+00 1.32662e-06
4.99928e+00 1.33555e+00 1.39070e-06
4.99928e+00 1.40526e+00 1.45200e-06
4.99928e+00 1.47604e+00 1.50944e-06
4.99928e+00 1.54782e+00 1.56185e-06
4.99928e+00 1.62053e+00 1.60794e-06
4.99928e+00 1.69410e+00 1.64640e-06
4.99928e+00 1.76846e+00 1.67584e-06
4.99928e+00 1.84353e+00 1.69496e-06
4.99928e+00 1.91924e+00 1.70251e-06
4.99928e+00 1.99553e+00 1.69743e-06
4.99928e+00 2.07230e+00 1.67888e-06
4.99928e+00 2.14949e+00 1.64634e-06
4.99928e+00 2.22703e+00 1.59969e-06
4.99928e+00 2.30483e+00 1.53923e-06
4.99928e+00 2.38282e+00 1.46576e-06
4.99928e+00 2.46093e+00 1.38053e-06
4.99928e+00 2.53907e+00 1.28528e-06
4.99928e+00 2.61718e+00 1.18213e-06
4.99928e+00 2.69517e+00 1.07352e-06
4.99928e+00 2.77297e+00 9.62060e-07
4.99928e+00 2.85051e+00 8.50411e-07
4.99928e+00 2.92770e+00 7.41137e-07
4.99928e+00 3.00447e+00 6.36563e-07
4.99928e+00 3.08076e+00 5.38660e-07
4.99928e+00 3.15647e+00 4.48955e-07
4.99928e+00 3.23154e+00 3.68488e-07
4.99928e+00 3.30590e+00 2.97803e-07
4.99928e+00 3.37947e+00 2.36978e-07
4.99928e+00 3.45218e+00 1.85691e-07
4.99928e+00 3.52396e+00 1.43301e-07
4.99928e+00 3.59474e+00 1.08942e-07
4.99928e+00 3.66445e+00 8.16190e-08
4.99928e+00 3.73303e+00 6.02900e-08
4.99928e+00 3.80040e+00 4.39350e-08
4.99928e+00 3.86649e+00 3.16074e-08
4.99928e+00 3.93125e+00 2.24663e-08
4.99928e+00 3.99462e+00 1.57919e-08
4.99928e+00 4.05652e+00 1.09885e-08
4.99928e+00 4.11690e+00 7.57774e-09
4.99928e+00 4.17571e+00 5.18519e-09
4.99928e+00 4.23287e+00 3.52523e-09
4.99928e+00 4.28835e+00 2.38463e-09
4.99928e+00 4.34207e+00 1.60735e-09
4.99928e+00 4.39400e+00 1.08128e-09
4.99928e+00 4.44407e+00 7.27122e-10
4.99928e+00 4.49224e+00 4.89610e-10
4.99928e+00 4.53847e+00 3.30687e-10
4.99928e+00 4.58271e+00 2.24425e-10
4.99928e+00 4.62491e+00 1.53316e-10
4.99928e+00 4.66504e+00 1.05619e-10
4.99928e+00 4.70305e+00 7.35043e-11
4.99928e+00 4.73890e+00 5.17686e-11
4.99928e+00 4.77257e+00 3.69624e-11
4.99928e+00 4.80402e+00 2.67999e-11
4.99928e+00 4.83322e+00 1.97651e-11
4.99928e+00 4.86014e+00 1.48506e-11
4.99928e+00 4.88475e+00 1.13846e-11
4.99928e+00 4.90703e+00 8.91729e-12
4.99928e+00 4.92696e+00 7.14589e-12
4.99928e+00 4.94452e+00 5.86552e-12
4.99928e+00 4.95969e+00 4.93683e-12
4.99928e+00 4.97246e+00 4.26473e-12
4.99928e+00 4.98281e+00 3.78429e-12
4.99928e+00 4.99074e+00 3.45154e-12
4.99928e+00 4.99623e+00 3.23741e-12
4.99928e+00 4.99928e+00 3.12382e-12
