1.83659e-03 7.15683e-04
4.27348e-03 3.77012e-03
6.70981e-03 9.26216e-03
9.13990e-03 1.71877e-02
1.15611e-02 2.75390e-02
1.39711e-02 4.03061e-02
1.63674e-02 5.54766e-02
1.87477e-02 7.30356e-02
2.11097e-02 9.29659e-02
2.34510e-02 1.15248e-01
2.57695e-02 1.39860e-01
2.80628e-02 1.66779e-01
3.03286e-02 1.95977e-01
3.25649e-02 2.27426e-01
3.47693e-02 2.61096e-01
3.69397e-02 2.96953e-01
3.90741e-02 3.34963e-01
4.11702e-02 3.75089e-01
4.32262e-02 4.17290e-01
4.52399e-02 4.61527e-01
4.72093e-02 5.07755e-01
4.91327e-02 5.55930e-01
5.10081e-02 6.06005e-01
5.28336e-02 6.57930e-01
5.46075e-02 7.11655e-01
5.63281e-02 7.67127e-01
5.79936e-02 8.24292e-01
5.96024e-02 8.83095e-01
6.11530e-02 9.43478e-01
6.26439e-02 1.00538e+00
6.40735e-02 1.06875e+00
6.54405e-02 1.13351e+00
6.67436e-02 1.19960e+00
6.79815e-02 1.26697e+00
6.91530e-02 1.33555e+00
7.02569e-02 1.40526e+00
7.12921e-02 1.47604e+00
7.22577e-02 1.54782e+00
7.31527e-02 1.62053e+00
7.39762e-02 1.69410e+00
7.47274e-02 1.76846e+00
7.54057e-02 1.84353e+00
7.60102e-02 1.91924e+00
7.65405e-02 1.99553e+00
7.69959e-02 2.07230e+00
7.73762e-02 2.14949e+00
7.76808e-02 2.22703e+00
7.79096e-02 2.30483e+00
7.80622e-02 2.38282e+00
7.81386e-02 2.46093e+00
7.81386e-02 2.53907e+00
7.80622e-02 2.61718e+00
7.79096e-02 2.69517e+00
7.76808e-02 2.77297e+00
7.73762e-02 2.85051e+00
7.69959e-02 2.92770e+00
7.65405e-02 3.00447e+00
7.60102e-02 3.08076e+00
7.54057e-02 3.15647e+00
7.47274e-02 3.23154e+00
7.39762e-02 3.30590e+00
7.31527e-02 3.37947e+00
7.22577e-02 3.45218e+00
7.12921e-02 3.52396e+00
7.02569e-02 3.59474e+00
6.91530e-02 3.66445e+00
6.79815e-02 3.73303e+00
6.67436e-02 3.80040e+00
6.54405e-02 3.86649e+00
6.40735e-02 3.93125e+00
6.26439e-02 3.99462e+00
6.11530e-02 4.05652e+00
5.96024e-02 4.11690e+00
5.79936e-02 4.17571e+00
5.63281e-02 4.23287e+00
5.46075e-02 4.28835e+00
5.28336e-02 4.34207e+00
5.10081e-02 4.39400e+00
4.91327e-02 4.44407e+00
4.72093e-02 4.49224e+00
4.52399e-02 4.53847e+00
4.32262e-02 4.58271e+00
4.11702e-02 4.62491e+00
3.90741e-02 4.66504e+00
3.69397e-02 4.70305e+00
3.47693e-02 4.73890e+00
3.25649e-02 4.77257e+00
3.03286e-02 4.80402e+00
2.80628e-02 4.83322e+00
2.57695e-02 4.86014e+00
2.34510e-02 4.88475e+00
2.11097e-02 4.90703e+00
1.87477e-02 4.92696e+00
1.63674e-02 4.94452e+00
1.39711e-02 4.95969e+00
1.15611e-02 4.97246e+00
9.13990e-03 4.98281e+00
6.70981e-03 4.99074e+00
4.27348e-03 4.99623e+00
1.83659e-03 4.99928e+00
7.15683e-04 7.15683e-04 1.09728e-12
7.15683e-04 3.77012e-03 2.88787e-11
7.15683e-04 9.26216e-03 1.74223e-10
7.15683e-04 1.71877e-02 5.99321e-10
7.15683e-04 2.75390e-02 1.53503e-09
7.15683e-04 4.03061e-02 3.27405e-09
7.15683e-04 5.54766e-02 6.15772e-09
7.15683e-04 7.30356e-02 1.05538e-08
7.15683e-04 9.29659e-02 1.68230e-08
7.15683e-04 1.15248e-01 2.52741e-08
7.15683e-04 1.39860e-01 3.61097e-08
7.15683e-04 1.66779e-01 4.93694e-08
7.15683e-04 1.95977e-01 6.48812e-08
7.15683e-04 2.27426e-01 8.22324e-08
7.15683e-04 2.61096e-01 1.00775e-07
7.15683e-04 2.96953e-01 1.19668e-07
7.15683e-04 3.34963e-01 1.37961e-07
7.15683e-04 3.75089e-01 1.54697e-07
7.15683e-04 4.17290e-01 1.69026e-07
7.15683e-04 4.61527e-01 1.80294e-07
7.15683e-04 5.07755e-01 1.88101e-07
7.15683e-04 5.55930e-01 1.92317e-07
7.15683e-04 6.06005e-01 1.93056e-07
7.15683e-04 6.57930e-01 1.90627e-07
7.15683e-04 7.11655e-01 1.85468e-07
7.15683e-04 7.67127e-01 1.78084e-07
7.15683e-04 8.24292e-01 1.68993e-07
7.15683e-04 8.83095e-01 1.58688e-07
7.15683e-04 9.43478e-01 1.47608e-07
7.15683e-04 1.00538e+00 1.36132e-07
7.15683e-04 1.06875e+00 1.24569e-07
7.15683e-04 1.13351e+00 1.13168e-07
7.15683e-04 1.19960e+00 1.02121e-07
7.15683e-04 1.26697e+00 9.15689e-08
7.15683e-04 1.33555e+00 8.16150e-08
7.15683e-04 1.40526e+00 7.23267e-08
7.15683e-04 1.47604e+00 6.37432e-08
7.15683e-04 1.54782e+00 5.58797e-08
7.15683e-04 1.62053e+00 4.87301e-08
7.15683e-04 1.69410e+00 4.22699e-08
7.15683e-04 1.76846e+00 3.64579e-08
7.15683e-04 1.84353e+00 3.12393e-08
7.15683e-04 1.91924e+00 2.65481e-08
7.15683e-04 1.99553e+00 2.23125e-08
7.15683e-04 2.07230e+00 1.84602e-08
7.15683e-04 2.14949e+00 1.49273e-08
7.15683e-04 2.22703e+00 1.16666e-08
7.15683e-04 2.30483e+00 8.65708e-09
7.15683e-04 2.38282e+00 5.91014e-09
7.15683e-04 2.46093e+00 3.47004e-09
7.15683e-04 2.53907e+00 1.40601e-09
7.15683e-04 2.61718e+00 -2.05880e-10
7.15683e-04 2.69517e+00 -1.30845e-09
7.15683e-04 2.77297e+00 -1.88987e-09
7.15683e-04 2.85051e+00 -2.00031e-09
7.15683e-04 2.92770e+00 -1.74948e-09
7.15683e-04 3.00447e+00 -1.28300e-09
7.15683e-04 3.08076e+00 -7.46290e-10
7.15683e-04 3.15647e+00 -2.52017e-10
7.15683e-04 3.23154e+00 1.35776e-10
7.15683e-04 3.30590e+00 3.98031e-10
7.15683e-04 3.37947e+00 5.45468e-10
7.15683e-04 3.45218e+00 6.02353e-10
7.15683e-04 3.52396e+00 5.95373e-10
7.15683e-04 3.59474e+00 5.48156e-10
7.15683e-04 3.66445e+00 4.79416e-10
7.15683e-04 3.73303e+00 4.02801e-10
7.15683e-04 3.80040e+00 3.27465e-10
7.15683e-04 3.86649e+00 2.58900e-10
7.15683e-04 3.93125e+00 1.99829e-10
7.15683e-04 3.99462e+00 1.51039e-10
7.15683e-04 4.05652e+00 1.12094e-10
7.15683e-04 4.11690e+00 8.18797e-11
7.15683e-04 4.17571e+00 5.89967e-11
7.15683e-04 4.23287e+00 4.20200e-11
7.15683e-04 4.28835e+00 2.96450e-11
7.15683e-04 4.34207e+00 2.07583e-11
7.15683e-04 4.39400e+00 1.44560e-11
7.15683e-04 4.44407e+00 1.00320e-11
7.15683e-04 4.49224e+00 6.95152e-12
7.15683e-04 4.53847e+00 4.81939e-12
7.15683e-04 4.58271e+00 3.34957e-12
7.15683e-04 4.62491e+00 2.33848e-12
7.15683e-04 4.66504e+00 1.64316e-12
7.15683e-04 4.70305e+00 1.16431e-12
7.15683e-04 4.73890e+00 8.33545e-13
7.15683e-04 4.77257e+00 6.04045e-13
7.15683e-04 4.80402e+00 4.43888e-13
7.15683e-04 4.83322e+00 3.31356e-13
7.15683e-04 4.86014e+00 2.51683e-13
7.15683e-04 4.88475e+00 1.94820e-13
7.15683e-04 4.90703e+00 1.53912e-13
7.15683e-04 4.92696e+00 1.24268e-13
7.15683e-04 4.94452e+00 1.02668e-13
7.15683e-04 4.95969e+00 8.68920e-14
7.15683e-04 4.97246e+00 7.54082e-14
7.15683e-04 4.98281e+00 6.71603e-14
7.15683e-04 4.99074e+00 6.14266e-14
7.15683e-04 4.99623e+00 5.77269e-14
7.15683e-04 4.99928e+00 5.57610e-14
3.77012e-03 7.15683e-04 2.88787e-11
3.77012e-03 3.77012e-03 8.01290e-10
3.77012e-03 9.26216e-03 4.83444e-09
3.77012e-03 1.71877e-02 1.66303e-08
3.77012e-03 2.75390e-02 4.25949e-08
3.77012e-03 4.03061e-02 9.08501e-08
3.77012e-03 5.54766e-02 1.70868e-07
3.77012e-03 7.30356e-02 2.92853e-07
3.77012e-03 9.29659e-02 4.66815e-07
3.77012e-03 1.15248e-01 7.01322e-07
3.77012e-03 1.39860e-01 1.00200e-06
3.77012e-03 1.66779e-01 1.36994e-06
3.77012e-03 1.95977e-01 1.80037e-06
3.77012e-03 2.27426e-01 2.28186e-06
3.77012e-03 2.61096e-01 2.79640e-06
3.77012e-03 2.96953e-01 3.32068e-06
3.77012e-03 3.34963e-01 3.82830e-06
3.77012e-03 3.75089e-01 4.29274e-06
3.77012e-03 4.17290e-01 4.69037e-06
3.77012e-03 4.61527e-01 5.00306e-06
3.77012e-03 5.07755e-01 5.21972e-06
3.77012e-03 5.55930e-01 5.33673e-06
3.77012e-03 6.06005e-01 5.35726e-06
3.77012e-03 6.57930e-01 5.28987e-06
3.77012e-03 7.11655e-01 5.14672e-06
3.77012e-03 7.67127e-01 4.94183e-06
3.77012e-03 8.24292e-01 4.68958e-06
3.77012e-03 8.83095e-01 4.40361e-06
3.77012e-03 9.43478e-01 4.09616e-06
3.77012e-03 1.00538e+00 3.77769e-06
3.77012e-03 1.06875e+00 3.45683e-06
3.77012e-03 1.13351e+00 3.14045e-06
3.77012e-03 1.19960e+00 2.83388e-06
3.77012e-03 1.26697e+00 2.54106e-06
3.77012e-03 1.33555e+00 2.26484e-06
3.77012e-03 1.40526e+00 2.00709e-06
3.77012e-03 1.47604e+00 1.76890e-06
3.77012e-03 1.54782e+00 1.55068e-06
3.77012e-03 1.62053e+00 1.35228e-06
3.77012e-03 1.69410e+00 1.17300e-06
3.77012e-03 1.76846e+00 1.01172e-06
3.77012e-03 1.84353e+00 8.66902e-07
3.77012e-03 1.91924e+00 7.36722e-07
3.77012e-03 1.99553e+00 6.19181e-07
3.77012e-03 2.07230e+00 5.12280e-07
3.77012e-03 2.14949e+00 4.14239e-07
3.77012e-03 2.22703e+00 3.23753e-07
3.77012e-03 2.30483e+00 2.40238e-07
3.77012e-03 2.38282e+00 1.64010e-07
3.77012e-03 2.46093e+00 9.62961e-08
3.77012e-03 2.53907e+00 3.90183e-08
3.77012e-03 2.61718e+00 -5.71246e-09
3.77012e-03 2.69517e+00 -3.63093e-08
3.77012e-03 2.77297e+00 -5.24440e-08
3.77012e-03 2.85051e+00 -5.55089e-08
3.77012e-03 2.92770e+00 -4.85484e-08
3.77012e-03 3.00447e+00 -3.56033e-08
3.77012e-03 3.08076e+00 -2.07095e-08
3.77012e-03 3.15647e+00 -6.99331e-09
3.77012e-03 3.23154e+00 3.76806e-09
3.77012e-03 3.30590e+00 1.10457e-08
3.77012e-03 3.37947e+00 1.51371e-08
3.77012e-03 3.45218e+00 1.67156e-08
3.77012e-03 3.52396e+00 1.65219e-08
3.77012e-03 3.59474e+00 1.52116e-08
3.77012e-03 3.66445e+00 1.33040e-08
3.77012e-03 3.73303e+00 1.11779e-08
3.77012e-03 3.80040e+00 9.08732e-09
3.77012e-03 3.86649e+00 7.18461e-09
3.77012e-03 3.93125e+00 5.54534e-09
3.77012e-03 3.99462e+00 4.19141e-09
3.77012e-03 4.05652e+00 3.11067e-09
3.77012e-03 4.11690e+00 2.27220e-09
3.77012e-03 4.17571e+00 1.63719e-09
3.77012e-03 4.23287e+00 1.16607e-09
3.77012e-03 4.28835e+00 8.22663e-10
3.77012e-03 4.34207e+00 5.76052e-10
3.77012e-03 4.39400e+00 4.01160e-10
3.77012e-03 4.44407e+00 2.78393e-10
3.77012e-03 4.49224e+00 1.92908e-10
3.77012e-03 4.53847e+00 1.33740e-10
3.77012e-03 4.58271e+00 9.29521e-11
3.77012e-03 4.62491e+00 6.48938e-11
3.77012e-03 4.66504e+00 4.55983e-11
3.77012e-03 4.70305e+00 3.23101e-11
3.77012e-03 4.73890e+00 2.31312e-11
3.77012e-03 4.77257e+00 1.67625e-11
3.77012e-03 4.80402e+00 1.23181e-11
3.77012e-03 4.83322e+00 9.19527e-12
3.77012e-03 4.86014e+00 6.98432e-12
3.77012e-03 4.88475e+00 5.40635e-12
3.77012e-03 4.90703e+00 4.27112e-12
3.77012e-03 4.92696e+00 3.44849e-12
3.77012e-03 4.94452e+00 2.84908e-12
3.77012e-03 4.95969e+00 2.41129e-12
3.77012e-03 4.97246e+00 2.09261e-12
3.77012e-03 4.98281e+00 1.86373e-12
3.77012e-03 4.99074e+00 1.70461e-12
3.77012e-03 4.99623e+00 1.60195e-12
3.77012e-03 4.99928e+00 1.54739e-12
9.26216e-03 7.15683e-04 1.74223e-10
9.26216e-03 3.77012e-03 4.83444e-09
9.26216e-03 9.26216e-03 2.91678e-08
9.26216e-03 1.71877e-02 1.00336e-07
9.26216e-03 2.75390e-02 2.56990e-07
9.26216e-03 4.03061e-02 5.48131e-07
9.26216e-03 5.54766e-02 1.03091e-06
9.26216e-03 7.30356e-02 1.76690e-06
9.26216e-03 9.29659e-02 2.81649e-06
9.26216e-03 1.15248e-01 4.23140e-06
9.26216e-03 1.39860e-01 6.04555e-06
9.26216e-03 1.66779e-01 8.26563e-06
9.26216e-03 1.95977e-01 1.08628e-05
9.26216e-03 2.27426e-01 1.37682e-05
9.26216e-03 2.61096e-01 1.68731e-05
9.26216e-03 2.96953e-01 2.00369e-05
9.26216e-03 3.34963e-01 2.31003e-05
9.26216e-03 3.75089e-01 2.59033e-05
9.26216e-03 4.17290e-01 2.83033e-05
9.26216e-03 4.61527e-01 3.01908e-05
9.26216e-03 5.07755e-01 3.14989e-05
9.26216e-03 5.55930e-01 3.22055e-05
9.26216e-03 6.06005e-01 3.23300e-05
9.26216e-03 6.57930e-01 3.19237e-05
9.26216e-03 7.11655e-01 3.10603e-05
9.26216e-03 7.67127e-01 2.98241e-05
9.26216e-03 8.24292e-01 2.83021e-05
9.26216e-03 8.83095e-01 2.65765e-05
9.26216e-03 9.43478e-01 2.47212e-05
9.26216e-03 1.00538e+00 2.27993e-05
9.26216e-03 1.06875e+00 2.08629e-05
9.26216e-03 1.13351e+00 1.89536e-05
9.26216e-03 1.19960e+00 1.71034e-05
9.26216e-03 1.26697e+00 1.53362e-05
9.26216e-03 1.33555e+00 1.36692e-05
9.26216e-03 1.40526e+00 1.21136e-05
9.26216e-03 1.47604e+00 1.06760e-05
9.26216e-03 1.54782e+00 9.35903e-06
9.26216e-03 1.62053e+00 8.16160e-06
9.26216e-03 1.69410e+00 7.07962e-06
9.26216e-03 1.76846e+00 6.10621e-06
9.26216e-03 1.84353e+00 5.23217e-06
9.26216e-03 1.91924e+00 4.44648e-06
9.26216e-03 1.99553e+00 3.73708e-06
9.26216e-03 2.07230e+00 3.09188e-06
9.26216e-03 2.14949e+00 2.50016e-06
9.26216e-03 2.22703e+00 1.95404e-06
9.26216e-03 2.30483e+00 1.44999e-06
9.26216e-03 2.38282e+00 9.89908e-07
9.26216e-03 2.46093e+00 5.81223e-07
9.26216e-03 2.53907e+00 2.35522e-07
9.26216e-03 2.61718e+00 -3.44523e-08
9.26216e-03 2.69517e+00 -2.19122e-07
9.26216e-03 2.77297e+00 -3.16505e-07
9.26216e-03 2.85051e+00 -3.35006e-07
9.26216e-03 2.92770e+00 -2.92999e-07
9.26216e-03 3.00447e+00 -2.14871e-07
9.26216e-03 3.08076e+00 -1.24982e-07
9.26216e-03 3.15647e+00 -4.21999e-08
9.26216e-03 3.23154e+00 2.27485e-08
9.26216e-03 3.30590e+00 6.66713e-08
9.26216e-03 3.37947e+00 9.13637e-08
9.26216e-03 3.45218e+00 1.00890e-07
9.26216e-03 3.52396e+00 9.97201e-08
9.26216e-03 3.59474e+00 9.18113e-08
9.26216e-03 3.66445e+00 8.02976e-08
9.26216e-03 3.73303e+00 6.74651e-08
9.26216e-03 3.80040e+00 5.48471e-08
9.26216e-03 3.86649e+00 4.33631e-08
9.26216e-03 3.93125e+00 3.34691e-08
9.26216e-03 3.99462e+00 2.52974e-08
9.26216e-03 4.05652e+00 1.87746e-08
9.26216e-03 4.11690e+00 1.37139e-08
9.26216e-03 4.17571e+00 9.88129e-09
9.26216e-03 4.23287e+00 7.03788e-09
9.26216e-03 4.28835e+00 4.96520e-09
9.26216e-03 4.34207e+00 3.47678e-09
9.26216e-03 4.39400e+00 2.42121e-09
9.26216e-03 4.44407e+00 1.68024e-09
9.26216e-03 4.49224e+00 1.16430e-09
9.26216e-03 4.53847e+00 8.07191e-10
9.26216e-03 4.58271e+00 5.61014e-10
9.26216e-03 4.62491e+00 3.91668e-10
9.26216e-03 4.66504e+00 2.75209e-10
9.26216e-03 4.70305e+00 1.95008e-10
9.26216e-03 4.73890e+00 1.39609e-10
9.26216e-03 4.77257e+00 1.01170e-10
9.26216e-03 4.80402e+00 7.43460e-11
9.26216e-03 4.83322e+00 5.54982e-11
9.26216e-03 4.86014e+00 4.21540e-11
9.26216e-03 4.88475e+00 3.26301e-11
9.26216e-03 4.90703e+00 2.57784e-11
9.26216e-03 4.92696e+00 2.08134e-11
9.26216e-03 4.94452e+00 1.71956e-11
9.26216e-03 4.95969e+00 1.45534e-11
9.26216e-03 4.97246e+00 1.26300e-11
9.26216e-03 4.98281e+00 1.12485e-11
9.26216e-03 4.99074e+00 1.02882e-11
9.26216e-03 4.99623e+00 9.66856e-12
9.26216e-03 4.99928e+00 9.33930e-12
1.71877e-02 7.15683e-04 5.99321e-10
1.71877e-02 3.77012e-03 1.66303e-08
1.71877e-02 9.26216e-03 1.00336e-07
1.71877e-02 1.71877e-02 3.45152e-07
1.71877e-02 2.75390e-02 8.84037e-07
1.71877e-02 4.03061e-02 1.88556e-06
1.71877e-02 5.54766e-02 3.54633e-06
1.71877e-02 7.30356e-02 6.07819e-06
1.71877e-02 9.29659e-02 9.68898e-06
1.71877e-02 1.15248e-01 1.45567e-05
1.71877e-02 1.39860e-01 2.07981e-05
1.71877e-02 1.66779e-01 2.84366e-05
1.71877e-02 1.95977e-01 3.73734e-05
1.71877e-02 2.27426e-01 4.73712e-05
1.71877e-02 2.61096e-01 5.80569e-05
1.71877e-02 2.96953e-01 6.89468e-05
1.71877e-02 3.34963e-01 7.94928e-05
1.71877e-02 3.75089e-01 8.91438e-05
1.71877e-02 4.17290e-01 9.74092e-05
1.71877e-02 4.61527e-01 1.03912e-04
1.71877e-02 5.07755e-01 1.08420e-04
1.71877e-02 5.55930e-01 1.10858e-04
1.71877e-02 6.06005e-01 1.11292e-04
1.71877e-02 6.57930e-01 1.09899e-04
1.71877e-02 7.11655e-01 1.06930e-04
1.71877e-02 7.67127e-01 1.02678e-04
1.71877e-02 8.24292e-01 9.74410e-05
1.71877e-02 8.83095e-01 9.15024e-05
1.71877e-02 9.43478e-01 8.51164e-05
1.71877e-02 1.00538e+00 7.85008e-05
1.71877e-02 1.06875e+00 7.18348e-05
1.71877e-02 1.13351e+00 6.52617e-05
1.71877e-02 1.19960e+00 5.88917e-05
1.71877e-02 1.26697e+00 5.28075e-05
1.71877e-02 1.33555e+00 4.70677e-05
1.71877e-02 1.40526e+00 4.17116e-05
1.71877e-02 1.47604e+00 3.67619e-05
1.71877e-02 1.54782e+00 3.22272e-05
1.71877e-02 1.62053e+00 2.81041e-05
1.71877e-02 1.69410e+00 2.43785e-05
1.71877e-02 1.76846e+00 2.10268e-05
1.71877e-02 1.84353e+00 1.80171e-05
1.71877e-02 1.91924e+00 1.53117e-05
1.71877e-02 1.99553e+00 1.28689e-05
1.71877e-02 2.07230e+00 1.06472e-05
1.71877e-02 2.14949e+00 8.60966e-06
1.71877e-02 2.22703e+00 6.72908e-06
1.71877e-02 2.30483e+00 4.99338e-06
1.71877e-02 2.38282e+00 3.40909e-06
1.71877e-02 2.46093e+00 2.00175e-06
1.71877e-02 2.53907e+00 8.11303e-07
1.71877e-02 2.61718e+00 -1.18384e-07
1.71877e-02 2.69517e+00 -7.54325e-07
1.71877e-02 2.77297e+00 -1.08970e-06
1.71877e-02 2.85051e+00 -1.15343e-06
1.71877e-02 2.92770e+00 -1.00880e-06
1.71877e-02 3.00447e+00 -7.39793e-07
1.71877e-02 3.08076e+00 -4.30279e-07
1.71877e-02 3.15647e+00 -1.45235e-07
1.71877e-02 3.23154e+00 7.84007e-08
1.71877e-02 3.30590e+00 2.29636e-07
1.71877e-02 3.37947e+00 3.14654e-07
1.71877e-02 3.45218e+00 3.47449e-07
1.71877e-02 3.52396e+00 3.43413e-07
1.71877e-02 3.59474e+00 3.16173e-07
1.71877e-02 3.66445e+00 2.76520e-07
1.71877e-02 3.73303e+00 2.32328e-07
1.71877e-02 3.80040e+00 1.88874e-07
1.71877e-02 3.86649e+00 1.49327e-07
1.71877e-02 3.93125e+00 1.15255e-07
1.71877e-02 3.99462e+00 8.71148e-08
1.71877e-02 4.05652e+00 6.46525e-08
1.71877e-02 4.11690e+00 4.72255e-08
1.71877e-02 4.17571e+00 3.40273e-08
1.71877e-02 4.23287e+00 2.42357e-08
1.71877e-02 4.28835e+00 1.70982e-08
1.71877e-02 4.34207e+00 1.19726e-08
1.71877e-02 4.39400e+00 8.33768e-09
1.71877e-02 4.44407e+00 5.78608e-09
1.71877e-02 4.49224e+00 4.00937e-09
1.71877e-02 4.53847e+00 2.77964e-09
1.71877e-02 4.58271e+00 1.93190e-09
1.71877e-02 4.62491e+00 1.34874e-09
1.71877e-02 4.66504e+00 9.47707e-10
1.71877e-02 4.70305e+00 6.71527e-10
1.71877e-02 4.73890e+00 4.80755e-10
1.71877e-02 4.77257e+00 3.48389e-10
1.71877e-02 4.80402e+00 2.56016e-10
1.71877e-02 4.83322e+00 1.91113e-10
1.71877e-02 4.86014e+00 1.45161e-10
1.71877e-02 4.88475e+00 1.12364e-10
1.71877e-02 4.90703e+00 8.87701e-11
1.71877e-02 4.92696e+00 7.16727e-11
1.71877e-02 4.94452e+00 5.92146e-11
1.71877e-02 4.95969e+00 5.01157e-11
1.71877e-02 4.97246e+00 4.34923e-11
1.71877e-02 4.98281e+00 3.87353e-11
1.71877e-02 4.99074e+00 3.54283e-11
1.71877e-02 4.99623e+00 3.32945e-11
1.71877e-02 4.99928e+00 3.21606e-11
2.75390e-02 7.15683e-04 1.53503e-09
2.75390e-02 3.77012e-03 4.25949e-08
2.75390e-02 9.26216e-03 2.56990e-07
2.75390e-02 1.71877e-02 8.84037e-07
2.75390e-02 2.75390e-02 2.26429e-06
2.75390e-02 4.03061e-02 4.82954e-06
2.75390e-02 5.54766e-02 9.08344e-06
2.75390e-02 7.30356e-02 1.55688e-05
2.75390e-02 9.29659e-02 2.48183e-05
2.75390e-02 1.15248e-01 3.72884e-05
2.75390e-02 1.39860e-01 5.32796e-05
2.75390e-02 1.66779e-01 7.28525e-05
2.75390e-02 1.95977e-01 9.57558e-05
2.75390e-02 2.27426e-01 1.21384e-04
2.75390e-02 2.61096e-01 1.48781e-04
2.75390e-02 2.96953e-01 1.76710e-04
2.75390e-02 3.34963e-01 2.03766e-04
2.75390e-02 3.75089e-01 2.28536e-04
2.75390e-02 4.17290e-01 2.49759e-04
2.75390e-02 4.61527e-01 2.66467e-04
2.75390e-02 5.07755e-01 2.78063e-04
2.75390e-02 5.55930e-01 2.84350e-04
2.75390e-02 6.06005e-01 2.85494e-04
2.75390e-02 6.57930e-01 2.81947e-04
2.75390e-02 7.11655e-01 2.74356e-04
2.75390e-02 7.67127e-01 2.63466e-04
2.75390e-02 8.24292e-01 2.50045e-04
2.75390e-02 8.83095e-01 2.34819e-04
2.75390e-02 9.43478e-01 2.18442e-04
2.75390e-02 1.00538e+00 2.01472e-04
2.75390e-02 1.06875e+00 1.84371e-04
2.75390e-02 1.13351e+00 1.67505e-04
2.75390e-02 1.19960e+00 1.51160e-04
2.75390e-02 1.26697e+00 1.35547e-04
2.75390e-02 1.33555e+00 1.20816e-04
2.75390e-02 1.40526e+00 1.07070e-04
2.75390e-02 1.47604e+00 9.43661e-05
2.75390e-02 1.54782e+00 8.27272e-05
2.75390e-02 1.62053e+00 7.21444e-05
2.75390e-02 1.69410e+00 6.25816e-05
2.75390e-02 1.76846e+00 5.39782e-05
2.75390e-02 1.84353e+00 4.62528e-05
2.75390e-02 1.91924e+00 3.93082e-05
2.75390e-02 1.99553e+00 3.30376e-05
2.75390e-02 2.07230e+00 2.73345e-05
2.75390e-02 2.14949e+00 2.21040e-05
2.75390e-02 2.22703e+00 1.72763e-05
2.75390e-02 2.30483e+00 1.28206e-05
2.75390e-02 2.38282e+00 8.75341e-06
2.75390e-02 2.46093e+00 5.14050e-06
2.75390e-02 2.53907e+00 2.08431e-06
2.75390e-02 2.61718e+00 -3.02473e-07
2.75390e-02 2.69517e+00 -1.93519e-06
2.75390e-02 2.77297e+00 -2.79629e-06
2.75390e-02 2.85051e+00 -2.96007e-06
2.75390e-02 2.92770e+00 -2.58893e-06
2.75390e-02 3.00447e+00 -1.89848e-06
2.75390e-02 3.08076e+00 -1.10403e-06
2.75390e-02 3.15647e+00 -3.72380e-07
2.75390e-02 3.23154e+00 2.01638e-07
2.75390e-02 3.30590e+00 5.89807e-07
2.75390e-02 3.37947e+00 8.07997e-07
2.75390e-02 3.45218e+00 8.92135e-07
2.75390e-02 3.52396e+00 8.81730e-07
2.75390e-02 3.59474e+00 8.11767e-07
2.75390e-02 3.66445e+00 7.09946e-07
2.75390e-02 3.73303e+00 5.96477e-07
2.75390e-02 3.80040e+00 4.84910e-07
2.75390e-02 3.86649e+00 3.83374e-07
2.75390e-02 3.93125e+00 2.95899e-07
2.75390e-02 3.99462e+00 2.23651e-07
2.75390e-02 4.05652e+00 1.65983e-07
2.75390e-02 4.11690e+00 1.21242e-07
2.75390e-02 4.17571e+00 8.73580e-08
2.75390e-02 4.23287e+00 6.22198e-08
2.75390e-02 4.28835e+00 4.38958e-08
2.75390e-02 4.34207e+00 3.07370e-08
2.75390e-02 4.39400e+00 2.14051e-08
2.75390e-02 4.44407e+00 1.48544e-08
2.75390e-02 4.49224e+00 1.02931e-08
2.75390e-02 4.53847e+00 7.13605e-09
2.75390e-02 4.58271e+00 4.95969e-09
2.75390e-02 4.62491e+00 3.46257e-09
2.75390e-02 4.66504e+00 2.43301e-09
2.75390e-02 4.70305e+00 1.72398e-09
2.75390e-02 4.73890e+00 1.23422e-09
2.75390e-02 4.77257e+00 8.94401e-10
2.75390e-02 4.80402e+00 6.57258e-10
2.75390e-02 4.83322e+00 4.90633e-10
2.75390e-02 4.86014e+00 3.72663e-10
2.75390e-02 4.88475e+00 2.88467e-10
2.75390e-02 4.90703e+00 2.27894e-10
2.75390e-02 4.92696e+00 1.84001e-10
2.75390e-02 4.94452e+00 1.52018e-10
2.75390e-02 4.95969e+00 1.28659e-10
2.75390e-02 4.97246e+00 1.11655e-10
2.75390e-02 4.98281e+00 9.94428e-11
2.75390e-02 4.99074e+00 9.09530e-11
2.75390e-02 4.99623e+00 8.54749e-11
2.75390e-02 4.99928e+00 8.25640e-11
4.03061e-02 7.15683e-04 3.27405e-09
4.03061e-02 3.77012e-03 9.08501e-08
4.03061e-02 9.26216e-03 5.48131e-07
4.03061e-02 1.71877e-02 1.88556e-06
4.03061e-02 2.75390e-02 4.82954e-06
4.03061e-02 4.03061e-02 1.03012e-05
4.03061e-02 5.54766e-02 1.93750e-05
4.03061e-02 7.30356e-02 3.32096e-05
4.03061e-02 9.29659e-02 5.29427e-05
4.03061e-02 1.15248e-01 7.95505e-05
4.03061e-02 1.39860e-01 1.13677e-04
4.03061e-02 1.66779e-01 1.55459e-04
4.03061e-02 1.95977e-01 2.04364e-04
4.03061e-02 2.27426e-01 2.59106e-04
4.03061e-02 2.61096e-01 3.17656e-04
4.03061e-02 2.96953e-01 3.77371e-04
4.03061e-02 3.34963e-01 4.35256e-04
4.03061e-02 3.75089e-01 4.88288e-04
4.03061e-02 4.17290e-01 5.33769e-04
4.03061e-02 4.61527e-01 5.69616e-04
4.03061e-02 5.07755e-01 5.94546e-04
4.03061e-02 5.55930e-01 6.08124e-04
4.03061e-02 6.06005e-01 6.10695e-04
4.03061e-02 6.57930e-01 6.03218e-04
4.03061e-02 7.11655e-01 5.87073e-04
4.03061e-02 7.67127e-01 5.63852e-04
4.03061e-02 8.24292e-01 5.35195e-04
4.03061e-02 8.83095e-01 5.02660e-04
4.03061e-02 9.43478e-01 4.67646e-04
4.03061e-02 1.00538e+00 4.31352e-04
4.03061e-02 1.06875e+00 3.94765e-04
4.03061e-02 1.13351e+00 3.58675e-04
4.03061e-02 1.19960e+00 3.23692e-04
4.03061e-02 1.26697e+00 2.90271e-04
4.03061e-02 1.33555e+00 2.58736e-04
4.03061e-02 1.40526e+00 2.29306e-04
4.03061e-02 1.47604e+00 2.02106e-04
4.03061e-02 1.54782e+00 1.77184e-04
4.03061e-02 1.62053e+00 1.54522e-04
4.03061e-02 1.69410e+00 1.34044e-04
4.03061e-02 1.76846e+00 1.15620e-04
4.03061e-02 1.84353e+00 9.90751e-05
4.03061e-02 1.91924e+00 8.42019e-05
4.03061e-02 1.99553e+00 7.07720e-05
4.03061e-02 2.07230e+00 5.85571e-05
4.03061e-02 2.14949e+00 4.73539e-05
4.03061e-02 2.22703e+00 3.70134e-05
4.03061e-02 2.30483e+00 2.74691e-05
4.03061e-02 2.38282e+00 1.87571e-05
4.03061e-02 2.46093e+00 1.10178e-05
4.03061e-02 2.53907e+00 4.47097e-06
4.03061e-02 2.61718e+00 -6.42145e-07
4.03061e-02 2.69517e+00 -4.14007e-06
4.03061e-02 2.77297e+00 -5.98522e-06
4.03061e-02 2.85051e+00 -6.33666e-06
4.03061e-02 2.92770e+00 -5.54227e-06
4.03061e-02 3.00447e+00 -4.06383e-06
4.03061e-02 3.08076e+00 -2.36258e-06
4.03061e-02 3.15647e+00 -7.95797e-07
4.03061e-02 3.23154e+00 4.33402e-07
4.03061e-02 3.30590e+00 1.26456e-06
4.03061e-02 3.37947e+00 1.73168e-06
4.03061e-02 3.45218e+00 1.91169e-06
4.03061e-02 3.52396e+00 1.88923e-06
4.03061e-02 3.59474e+00 1.73924e-06
4.03061e-02 3.66445e+00 1.52103e-06
4.03061e-02 3.73303e+00 1.27789e-06
4.03061e-02 3.80040e+00 1.03885e-06
4.03061e-02 3.86649e+00 8.21313e-07
4.03061e-02 3.93125e+00 6.33905e-07
4.03061e-02 3.99462e+00 4.79124e-07
4.03061e-02 4.05652e+00 3.55579e-07
4.03061e-02 4.11690e+00 2.59731e-07
4.03061e-02 4.17571e+00 1.87142e-07
4.03061e-02 4.23287e+00 1.33289e-07
4.03061e-02 4.28835e+00 9.40345e-08
4.03061e-02 4.34207e+00 6.58453e-08
4.03061e-02 4.39400e+00 4.58541e-08
4.03061e-02 4.44407e+00 3.18211e-08
4.03061e-02 4.49224e+00 2.20499e-08
4.03061e-02 4.53847e+00 1.52868e-08
4.03061e-02 4.58271e+00 1.06246e-08
4.03061e-02 4.62491e+00 7.41746e-09
4.03061e-02 4.66504e+00 5.21194e-09
4.03061e-02 4.70305e+00 3.69307e-09
4.03061e-02 4.73890e+00 2.64391e-09
4.03061e-02 4.77257e+00 1.91596e-09
4.03061e-02 4.80402e+00 1.40796e-09
4.03061e-02 4.83322e+00 1.05102e-09
4.03061e-02 4.86014e+00 7.98307e-10
4.03061e-02 4.88475e+00 6.17944e-10
4.03061e-02 4.90703e+00 4.88188e-10
4.03061e-02 4.92696e+00 3.94161e-10
4.03061e-02 4.94452e+00 3.25648e-10
4.03061e-02 4.95969e+00 2.75609e-10
4.03061e-02 4.97246e+00 2.39184e-10
4.03061e-02 4.98281e+00 2.13022e-10
4.03061e-02 4.99074e+00 1.94836e-10
4.03061e-02 4.99623e+00 1.83101e-10
4.03061e-02 4.99928e+00 1.76865e-10
5.54766e-02 7.15683e-04 6.15772e-09
5.54766e-02 3.77012e-03 1.70868e-07
5.54766e-02 9.26216e-03 1.03091e-06
5.54766e-02 1.71877e-02 3.54633e-06
5.54766e-02 2.75390e-02 9.08344e-06
5.54766e-02 4.03061e-02 1.93750e-05
5.54766e-02 5.54766e-02 3.64433e-05
5.54766e-02 7.30356e-02 6.24695e-05
5.54766e-02 9.29659e-02 9.95984e-05
5.54766e-02 1.15248e-01 1.49674e-04
5.54766e-02 1.39860e-01 2.13920e-04
5.54766e-02 1.66779e-01 2.92608e-04
5.54766e-02 1.95977e-01 3.84759e-04
5.54766e-02 2.27426e-01 4.87973e-04
5.54766e-02 2.61096e-01 5.98447e-04
5.54766e-02 2.96953e-01 7.11219e-04
5.54766e-02 3.34963e-01 8.20646e-04
5.54766e-02 3.75089e-01 9.21021e-04
5.54766e-02 4.17290e-01 1.00723e-03
5.54766e-02 4.61527e-01 1.07532e-03
5.54766e-02 5.07755e-01 1.12283e-03
5.54766e-02 5.55930e-01 1.14890e-03
5.54766e-02 6.06005e-01 1.15415e-03
5.54766e-02 6.57930e-01 1.14037e-03
5.54766e-02 7.11655e-01 1.11016e-03
5.54766e-02 7.67127e-01 1.06650e-03
5.54766e-02 8.24292e-01 1.01251e-03
5.54766e-02 8.83095e-01 9.51132e-04
5.54766e-02 9.43478e-01 8.85017e-04
5.54766e-02 1.00538e+00 8.16439e-04
5.54766e-02 1.06875e+00 7.47276e-04
5.54766e-02 1.13351e+00 6.79027e-04
5.54766e-02 1.19960e+00 6.12852e-04
5.54766e-02 1.26697e+00 5.49617e-04
5.54766e-02 1.33555e+00 4.89941e-04
5.54766e-02 1.40526e+00 4.34238e-04
5.54766e-02 1.47604e+00 3.82750e-04
5.54766e-02 1.54782e+00 3.35570e-04
5.54766e-02 1.62053e+00 2.92666e-04
5.54766e-02 1.69410e+00 2.53892e-04
5.54766e-02 1.76846e+00 2.19005e-04
5.54766e-02 1.84353e+00 1.87676e-04
5.54766e-02 1.91924e+00 1.59510e-04
5.54766e-02 1.99553e+00 1.34076e-04
5.54766e-02 2.07230e+00 1.10941e-04
5.54766e-02 2.14949e+00 8.97219e-05
5.54766e-02 2.22703e+00 7.01357e-05
5.54766e-02 2.30483e+00 5.20567e-05
5.54766e-02 2.38282e+00 3.55534e-05
5.54766e-02 2.46093e+00 2.08922e-05
5.54766e-02 2.53907e+00 8.48928e-06
5.54766e-02 2.61718e+00 -1.19809e-06
5.54766e-02 2.69517e+00 -7.82606e-06
5.54766e-02 2.77297e+00 -1.13233e-05
5.54766e-02 2.85051e+00 -1.19910e-05
5.54766e-02 2.92770e+00 -1.04881e-05
5.54766e-02 3.00447e+00 -7.68925e-06
5.54766e-02 3.08076e+00 -4.46816e-06
5.54766e-02 3.15647e+00 -1.50158e-06
5.54766e-02 3.23154e+00 8.25710e-07
5.54766e-02 3.30590e+00 2.39918e-06
5.54766e-02 3.37947e+00 3.28320e-06
5.54766e-02 3.45218e+00 3.62353e-06
5.54766e-02 3.52396e+00 3.58045e-06
5.54766e-02 3.59474e+00 3.29589e-06
5.54766e-02 3.66445e+00 2.88221e-06
5.54766e-02 3.73303e+00 2.42138e-06
5.54766e-02 3.80040e+00 1.96838e-06
5.54766e-02 3.86649e+00 1.55616e-06
5.54766e-02 3.93125e+00 1.20105e-06
5.54766e-02 3.99462e+00 9.07772e-07
5.54766e-02 4.05652e+00 6.73688e-07
5.54766e-02 4.11690e+00 4.92086e-07
5.54766e-02 4.17571e+00 3.54556e-07
5.54766e-02 4.23287e+00 2.52526e-07
5.54766e-02 4.28835e+00 1.78154e-07
5.54766e-02 4.34207e+00 1.24747e-07
5.54766e-02 4.39400e+00 8.68722e-08
5.54766e-02 4.44407e+00 6.02860e-08
5.54766e-02 4.49224e+00 4.17739e-08
5.54766e-02 4.53847e+00 2.89610e-08
5.54766e-02 4.58271e+00 2.01284e-08
5.54766e-02 4.62491e+00 1.40524e-08
5.54766e-02 4.66504e+00 9.87400e-09
5.54766e-02 4.70305e+00 6.99649e-09
5.54766e-02 4.73890e+00 5.00886e-09
5.54766e-02 4.77257e+00 3.62976e-09
5.54766e-02 4.80402e+00 2.66735e-09
5.54766e-02 4.83322e+00 1.99114e-09
5.54766e-02 4.86014e+00 1.51238e-09
5.54766e-02 4.88475e+00 1.17068e-09
5.54766e-02 4.90703e+00 9.24859e-10
5.54766e-02 4.92696e+00 7.46727e-10
5.54766e-02 4.94452e+00 6.16930e-10
5.54766e-02 4.95969e+00 5.22133e-10
5.54766e-02 4.97246e+00 4.53127e-10
5.54766e-02 4.98281e+00 4.03564e-10
5.54766e-02 4.99074e+00 3.69111e-10
5.54766e-02 4.99623e+00 3.46879e-10
5.54766e-02 4.99928e+00 3.35066e-10
7.30356e-02 7.15683e-04 1.05538e-08
7.30356e-02 3.77012e-03 2.92853e-07
7.30356e-02 9.26216e-03 1.76690e-06
7.30356e-02 1.71877e-02 6.07819e-06
7.30356e-02 2.75390e-02 1.55688e-05
7.30356e-02 4.03061e-02 3.32096e-05
7.30356e-02 5.54766e-02 6.24695e-05
7.30356e-02 7.30356e-02 1.07093e-04
7.30356e-02 9.29659e-02 1.70770e-04
7.30356e-02 1.15248e-01 2.56680e-04
7.30356e-02 1.39860e-01 3.66955e-04
7.30356e-02 1.66779e-01 5.02101e-04
7.30356e-02 1.95977e-01 6.60494e-04
7.30356e-02 2.27426e-01 8.38072e-04
7.30356e-02 2.61096e-01 1.02836e-03
7.30356e-02 2.96953e-01 1.22286e-03
7.30356e-02 3.34963e-01 1.41189e-03
7.30356e-02 3.75089e-01 1.58561e-03
7.30356e-02 4.17290e-01 1.73517e-03
7.30356e-02 4.61527e-01 1.85365e-03
7.30356e-02 5.07755e-01 1.93674e-03
7.30356e-02 5.55930e-01 1.98285e-03
7.30356e-02 6.06005e-01 1.99296e-03
7.30356e-02 6.57930e-01 1.97011e-03
7.30356e-02 7.11655e-01 1.91872e-03
7.30356e-02 7.67127e-01 1.84396e-03
7.30356e-02 8.24292e-01 1.75118e-03
7.30356e-02 8.83095e-01 1.64549e-03
7.30356e-02 9.43478e-01 1.53148e-03
7.30356e-02 1.00538e+00 1.41311e-03
7.30356e-02 1.06875e+00 1.29363e-03
7.30356e-02 1.13351e+00 1.17566e-03
7.30356e-02 1.19960e+00 1.06123e-03
7.30356e-02 1.26697e+00 9.51845e-04
7.30356e-02 1.33555e+00 8.48586e-04
7.30356e-02 1.40526e+00 7.52180e-04
7.30356e-02 1.47604e+00 6.63050e-04
7.30356e-02 1.54782e+00 5.81366e-04
7.30356e-02 1.62053e+00 5.07075e-04
7.30356e-02 1.69410e+00 4.39928e-04
7.30356e-02 1.76846e+00 3.79506e-04
7.30356e-02 1.84353e+00 3.25241e-04
7.30356e-02 1.91924e+00 2.76451e-04
7.30356e-02 1.99553e+00 2.32389e-04
7.30356e-02 2.07230e+00 1.92308e-04
7.30356e-02 2.14949e+00 1.55543e-04
7.30356e-02 2.22703e+00 1.21604e-04
7.30356e-02 2.30483e+00 9.02747e-05
7.30356e-02 2.38282e+00 6.16739e-05
7.30356e-02 2.46093e+00 3.62638e-05
7.30356e-02 2.53907e+00 1.47658e-05
7.30356e-02 2.61718e+00 -2.02696e-06
7.30356e-02 2.69517e+00 -1.35184e-05
7.30356e-02 2.77297e+00 -1.95845e-05
7.30356e-02 2.85051e+00 -2.07469e-05
7.30356e-02 2.92770e+00 -1.81475e-05
7.30356e-02 3.00447e+00 -1.33018e-05
7.30356e-02 3.08076e+00 -7.72381e-06
7.30356e-02 3.15647e+00 -2.58638e-06
7.30356e-02 3.23154e+00 1.44367e-06
7.30356e-02 3.30590e+00 4.16784e-06
7.30356e-02 3.37947e+00 5.69765e-06
7.30356e-02 3.45218e+00 6.28564e-06
7.30356e-02 3.52396e+00 6.20952e-06
7.30356e-02 3.59474e+00 5.71522e-06
7.30356e-02 3.66445e+00 4.99741e-06
7.30356e-02 3.73303e+00 4.19812e-06
7.30356e-02 3.80040e+00 3.41255e-06
7.30356e-02 3.86649e+00 2.69778e-06
7.30356e-02 3.93125e+00 2.08209e-06
7.30356e-02 3.99462e+00 1.57364e-06
7.30356e-02 4.05652e+00 1.16783e-06
7.30356e-02 4.11690e+00 8.53009e-07
7.30356e-02 4.17571e+00 6.14597e-07
7.30356e-02 4.23287e+00 4.37730e-07
7.30356e-02 4.28835e+00 3.08810e-07
7.30356e-02 4.34207e+00 2.16233e-07
7.30356e-02 4.39400e+00 1.50581e-07
7.30356e-02 4.44407e+00 1.04497e-07
7.30356e-02 4.49224e+00 7.24082e-08
7.30356e-02 4.53847e+00 5.01989e-08
7.30356e-02 4.58271e+00 3.48889e-08
7.30356e-02 4.62491e+00 2.43572e-08
7.30356e-02 4.66504e+00 1.71147e-08
7.30356e-02 4.70305e+00 1.21270e-08
7.30356e-02 4.73890e+00 8.68184e-09
7.30356e-02 4.77257e+00 6.29143e-09
7.30356e-02 4.80402e+00 4.62329e-09
7.30356e-02 4.83322e+00 3.45120e-09
7.30356e-02 4.86014e+00 2.62137e-09
7.30356e-02 4.88475e+00 2.02911e-09
7.30356e-02 4.90703e+00 1.60303e-09
7.30356e-02 4.92696e+00 1.29428e-09
7.30356e-02 4.94452e+00 1.06931e-09
7.30356e-02 4.95969e+00 9.04996e-10
7.30356e-02 4.97246e+00 7.85389e-10
7.30356e-02 4.98281e+00 6.99484e-10
7.30356e-02 4.99074e+00 6.39766e-10
7.30356e-02 4.99623e+00 6.01233e-10
7.30356e-02 4.99928e+00 5.80758e-10
9.29659e-02 7.15683e-04 1.68230e-08
9.29659e-02 3.77012e-03 4.66815e-07
9.29659e-02 9.26216e-03 2.81649e-06
9.29659e-02 1.71877e-02 9.68898e-06
9.29659e-02 2.75390e-02 2.48183e-05
9.29659e-02 4.03061e-02 5.29427e-05
9.29659e-02 5.54766e-02 9.95984e-05
9.29659e-02 7.30356e-02 1.70770e-04
9.29659e-02 9.29659e-02 2.72365e-04
9.29659e-02 1.15248e-01 4.09505e-04
9.29659e-02 1.39860e-01 5.85660e-04
9.29659e-02 1.66779e-01 8.01737e-04
9.29659e-02 1.95977e-01 1.05527e-03
9.29659e-02 2.27426e-01 1.33989e-03
9.29659e-02 2.61096e-01 1.64539e-03
9.29659e-02 2.96953e-01 1.95827e-03
9.29659e-02 3.34963e-01 2.26303e-03
9.29659e-02 3.75089e-01 2.54388e-03
9.29659e-02 4.17290e-01 2.78647e-03
9.29659e-02 4.61527e-01 2.97954e-03
9.29659e-02 5.07755e-01 3.11588e-03
9.29659e-02 5.55930e-01 3.19275e-03
9.29659e-02 6.06005e-01 3.21152e-03
9.29659e-02 6.57930e-01 3.17692e-03
9.29659e-02 7.11655e-01 3.09598e-03
9.29659e-02 7.67127e-01 2.97699e-03
9.29659e-02 8.24292e-01 2.82855e-03
9.29659e-02 8.83095e-01 2.65893e-03
9.29659e-02 9.43478e-01 2.47559e-03
9.29659e-02 1.00538e+00 2.28494e-03
9.29659e-02 1.06875e+00 2.09230e-03
9.29659e-02 1.13351e+00 1.90194e-03
9.29659e-02 1.19960e+00 1.71716e-03
9.29659e-02 1.26697e+00 1.54043e-03
9.29659e-02 1.33555e+00 1.37353e-03
9.29659e-02 1.40526e+00 1.21766e-03
9.29659e-02 1.47604e+00 1.07351e-03
9.29659e-02 1.54782e+00 9.41368e-04
9.29659e-02 1.62053e+00 8.21166e-04
9.29659e-02 1.69410e+00 7.12506e-04
9.29659e-02 1.76846e+00 6.14714e-04
9.29659e-02 1.84353e+00 5.26874e-04
9.29659e-02 1.91924e+00 4.47888e-04
9.29659e-02 1.99553e+00 3.76547e-04
9.29659e-02 2.07230e+00 3.11645e-04
9.29659e-02 2.14949e+00 2.52103e-04
9.29659e-02 2.22703e+00 1.97133e-04
9.29659e-02 2.30483e+00 1.46385e-04
9.29659e-02 2.38282e+00 1.00051e-04
9.29659e-02 2.46093e+00 5.88825e-05
9.29659e-02 2.53907e+00 2.40481e-05
9.29659e-02 2.61718e+00 -3.16639e-06
9.29659e-02 2.69517e+00 -2.17942e-05
9.29659e-02 2.77297e+00 -3.16339e-05
9.29659e-02 2.85051e+00 -3.35298e-05
9.29659e-02 2.92770e+00 -2.93309e-05
9.29659e-02 3.00447e+00 -2.14921e-05
9.29659e-02 3.08076e+00 -1.24659e-05
9.29659e-02 3.15647e+00 -4.15218e-06
9.29659e-02 3.23154e+00 2.36889e-06
9.29659e-02 3.30590e+00 6.77564e-06
9.29659e-02 3.37947e+00 9.24863e-06
9.29659e-02 3.45218e+00 1.01969e-05
9.29659e-02 3.52396e+00 1.00701e-05
9.29659e-02 3.59474e+00 9.26662e-06
9.29659e-02 3.66445e+00 8.10167e-06
9.29659e-02 3.73303e+00 6.80521e-06
9.29659e-02 3.80040e+00 5.53138e-06
9.29659e-02 3.86649e+00 4.37257e-06
9.29659e-02 3.93125e+00 3.37451e-06
9.29659e-02 3.99462e+00 2.55036e-06
9.29659e-02 4.05652e+00 1.89261e-06
9.29659e-02 4.11690e+00 1.38237e-06
9.29659e-02 4.17571e+00 9.95985e-07
9.29659e-02 4.23287e+00 7.09350e-07
9.29659e-02 4.28835e+00 5.00424e-07
9.29659e-02 4.34207e+00 3.50399e-07
9.29659e-02 4.39400e+00 2.44009e-07
9.29659e-02 4.44407e+00 1.69330e-07
9.29659e-02 4.49224e+00 1.17332e-07
9.29659e-02 4.53847e+00 8.13428e-08
9.29659e-02 4.58271e+00 5.65338e-08
9.29659e-02 4.62491e+00 3.94681e-08
9.29659e-02 4.66504e+00 2.77322e-08
9.29659e-02 4.70305e+00 1.96503e-08
9.29659e-02 4.73890e+00 1.40677e-08
9.29659e-02 4.77257e+00 1.01944e-08
9.29659e-02 4.80402e+00 7.49135e-09
9.29659e-02 4.83322e+00 5.59214e-09
9.29659e-02 4.86014e+00 4.24751e-09
9.29659e-02 4.88475e+00 3.28785e-09
9.29659e-02 4.90703e+00 2.59745e-09
9.29659e-02 4.92696e+00 2.09716e-09
9.29659e-02 4.94452e+00 1.73263e-09
9.29659e-02 4.95969e+00 1.46639e-09
9.29659e-02 4.97246e+00 1.27259e-09
9.29659e-02 4.98281e+00 1.13339e-09
9.29659e-02 4.99074e+00 1.03663e-09
9.29659e-02 4.99623e+00 9.74191e-10
9.29659e-02 4.99928e+00 9.41014e-10
1.15248e-01 7.15683e-04 2.52741e-08
1.15248e-01 3.77012e-03 7.01322e-07
1.15248e-01 9.26216e-03 4.23140e-06
1.15248e-01 1.71877e-02 1.45567e-05
1.15248e-01 2.75390e-02 3.72884e-05
1.15248e-01 4.03061e-02 7.95505e-05
1.15248e-01 5.54766e-02 1.49674e-04
1.15248e-01 7.30356e-02 2.56680e-04
1.15248e-01 9.29659e-02 4.09505e-04
1.15248e-01 1.15248e-01 6.15941e-04
1.15248e-01 1.39860e-01 8.81358e-04
1.15248e-01 1.66779e-01 1.20733e-03
1.15248e-01 1.95977e-01 1.59038e-03
1.15248e-01 2.27426e-01 2.02124e-03
1.15248e-01 2.61096e-01 2.48473e-03
1.15248e-01 2.96953e-01 2.96069e-03
1.15248e-01 3.34963e-01 3.42577e-03
1.15248e-01 3.75089e-01 3.85595e-03
1.15248e-01 4.17290e-01 4.22925e-03
1.15248e-01 4.61527e-01 4.52817e-03
1.15248e-01 5.07755e-01 4.74130e-03
1.15248e-01 5.55930e-01 4.86398e-03
1.15248e-01 6.06005e-01 4.89788e-03
1.15248e-01 6.57930e-01 4.84986e-03
1.15248e-01 7.11655e-01 4.73043e-03
1.15248e-01 7.67127e-01 4.55212e-03
1.15248e-01 8.24292e-01 4.32805e-03
1.15248e-01 8.83095e-01 4.07088e-03
1.15248e-01 9.43478e-01 3.79207e-03
1.15248e-01 1.00538e+00 3.50155e-03
1.15248e-01 1.06875e+00 3.20754e-03
1.15248e-01 1.13351e+00 2.91664e-03
1.15248e-01 1.19960e+00 2.63401e-03
1.15248e-01 1.26697e+00 2.36350e-03
1.15248e-01 1.33555e+00 2.10788e-03
1.15248e-01 1.40526e+00 1.86904e-03
1.15248e-01 1.47604e+00 1.64807e-03
1.15248e-01 1.54782e+00 1.44545e-03
1.15248e-01 1.62053e+00 1.26108e-03
1.15248e-01 1.69410e+00 1.09438e-03
1.15248e-01 1.76846e+00 9.44319e-04
1.15248e-01 1.84353e+00 8.09505e-04
1.15248e-01 1.91924e+00 6.88258e-04
1.15248e-01 1.99553e+00 5.78729e-04
1.15248e-01 2.07230e+00 4.79067e-04
1.15248e-01 2.14949e+00 3.87622e-04
1.15248e-01 2.22703e+00 3.03186e-04
1.15248e-01 2.30483e+00 2.25222e-04
1.15248e-01 2.38282e+00 1.54030e-04
1.15248e-01 2.46093e+00 9.07643e-05
1.15248e-01 2.53907e+00 3.72246e-05
1.15248e-01 2.61718e+00 -4.61219e-06
1.15248e-01 2.69517e+00 -3.32592e-05
1.15248e-01 2.77297e+00 -4.84048e-05
1.15248e-01 2.85051e+00 -5.13452e-05
1.15248e-01 2.92770e+00 -4.49200e-05
1.15248e-01 3.00447e+00 -3.29001e-05
1.15248e-01 3.08076e+00 -1.90533e-05
1.15248e-01 3.15647e+00 -6.29844e-06
1.15248e-01 3.23154e+00 3.70474e-06
1.15248e-01 3.30590e+00 1.04619e-05
1.15248e-01 3.37947e+00 1.42502e-05
1.15248e-01 3.45218e+00 1.56979e-05
1.15248e-01 3.52396e+00 1.54957e-05
1.15248e-01 3.59474e+00 1.42553e-05
1.15248e-01 3.66445e+00 1.24608e-05
1.15248e-01 3.73303e+00 1.04653e-05
1.15248e-01 3.80040e+00 8.50552e-06
1.15248e-01 3.86649e+00 6.72310e-06
1.15248e-01 3.93125e+00 5.18819e-06
1.15248e-01 3.99462e+00 3.92089e-06
1.15248e-01 4.05652e+00 2.90955e-06
1.15248e-01 4.11690e+00 2.12508e-06
1.15248e-01 4.17571e+00 1.53105e-06
1.15248e-01 4.23287e+00 1.09040e-06
1.15248e-01 4.28835e+00 7.69228e-07
1.15248e-01 4.34207e+00 5.38607e-07
1.15248e-01 4.39400e+00 3.75066e-07
1.15248e-01 4.44407e+00 2.60273e-07
1.15248e-01 4.49224e+00 1.80346e-07
1.15248e-01 4.53847e+00 1.25027e-07
1.15248e-01 4.58271e+00 8.68938e-08
1.15248e-01 4.62491e+00 6.06628e-08
1.15248e-01 4.66504e+00 4.26244e-08
1.15248e-01 4.70305e+00 3.02022e-08
1.15248e-01 4.73890e+00 2.16218e-08
1.15248e-01 4.77257e+00 1.56684e-08
1.15248e-01 4.80402e+00 1.15139e-08
1.15248e-01 4.83322e+00 8.59487e-09
1.15248e-01 4.86014e+00 6.52821e-09
1.15248e-01 4.88475e+00 5.05324e-09
1.15248e-01 4.90703e+00 3.99212e-09
1.15248e-01 4.92696e+00 3.22321e-09
1.15248e-01 4.94452e+00 2.66293e-09
1.15248e-01 4.95969e+00 2.25374e-09
1.15248e-01 4.97246e+00 1.95587e-09
1.15248e-01 4.98281e+00 1.74194e-09
1.15248e-01 4.99074e+00 1.59322e-09
1.15248e-01 4.99623e+00 1.49726e-09
1.15248e-01 4.99928e+00 1.44626e-09
1.39860e-01 7.15683e-04 3.61097e-08
1.39860e-01 3.77012e-03 1.00200e-06
1.39860e-01 9.26216e-03 6.04555e-06
1.39860e-01 1.71877e-02 2.07981e-05
1.39860e-01 2.75390e-02 5.32796e-05
1.39860e-01 4.03061e-02 1.13677e-04
1.39860e-01 5.54766e-02 2.13920e-04
1.39860e-01 7.30356e-02 3.66955e-04
1.39860e-01 9.29659e-02 5.85660e-04
1.39860e-01 1.15248e-01 8.81358e-04
1.39860e-01 1.39860e-01 1.26201e-03
1.39860e-01 1.66779e-01 1.73025e-03
1.39860e-01 1.95977e-01 2.28162e-03
1.39860e-01 2.27426e-01 2.90333e-03
1.39860e-01 2.61096e-01 3.57412e-03
1.39860e-01 2.96953e-01 4.26539e-03
1.39860e-01 3.34963e-01 4.94368e-03
1.39860e-01 3.75089e-01 5.57415e-03
1.39860e-01 4.17290e-01 6.12458e-03
1.39860e-01 4.61527e-01 6.56889e-03
1.39860e-01 5.07755e-01 6.88962e-03
1.39860e-01 5.55930e-01 7.07907e-03
1.39860e-01 6.06005e-01 7.13882e-03
1.39860e-01 6.57930e-01 7.07820e-03
1.39860e-01 7.11655e-01 6.91206e-03
1.39860e-01 7.67127e-01 6.65844e-03
1.39860e-01 8.24292e-01 6.33646e-03
1.39860e-01 8.83095e-01 5.96465e-03
1.39860e-01 9.43478e-01 5.55993e-03
1.39860e-01 1.00538e+00 5.13697e-03
1.39860e-01 1.06875e+00 4.70801e-03
1.39860e-01 1.13351e+00 4.28290e-03
1.39860e-01 1.19960e+00 3.86934e-03
1.39860e-01 1.26697e+00 3.47311e-03
1.39860e-01 1.33555e+00 3.09840e-03
1.39860e-01 1.40526e+00 2.74805e-03
1.39860e-01 1.47604e+00 2.42375e-03
1.39860e-01 1.54782e+00 2.12625e-03
1.39860e-01 1.62053e+00 1.85545e-03
1.39860e-01 1.69410e+00 1.61051e-03
1.39860e-01 1.76846e+00 1.38997e-03
1.39860e-01 1.84353e+00 1.19178e-03
1.39860e-01 1.91924e+00 1.01350e-03
1.39860e-01 1.99553e+00 8.52405e-04
1.39860e-01 2.07230e+00 7.05791e-04
1.39860e-01 2.14949e+00 5.71236e-04
1.39860e-01 2.22703e+00 4.46967e-04
1.39860e-01 2.30483e+00 3.32200e-04
1.39860e-01 2.38282e+00 2.27382e-04
1.39860e-01 2.46093e+00 1.34216e-04
1.39860e-01 2.53907e+00 5.53549e-05
1.39860e-01 2.61718e+00 -6.28601e-06
1.39860e-01 2.69517e+00 -4.85142e-05
1.39860e-01 2.77297e+00 -7.08675e-05
1.39860e-01 2.85051e+00 -7.52513e-05
1.39860e-01 2.92770e+00 -6.58439e-05
1.39860e-01 3.00447e+00 -4.81954e-05
1.39860e-01 3.08076e+00 -2.78522e-05
1.39860e-01 3.15647e+00 -9.11113e-06
1.39860e-01 3.23154e+00 5.58399e-06
1.39860e-01 3.30590e+00 1.55051e-05
1.39860e-01 3.37947e+00 2.10600e-05
1.39860e-01 3.45218e+00 2.31728e-05
1.39860e-01 3.52396e+00 2.28603e-05
1.39860e-01 3.59474e+00 2.10224e-05
1.39860e-01 3.66445e+00 1.83714e-05
1.39860e-01 3.73303e+00 1.54266e-05
1.39860e-01 3.80040e+00 1.25359e-05
1.39860e-01 3.86649e+00 9.90783e-06
1.39860e-01 3.93125e+00 7.64518e-06
1.39860e-01 3.99462e+00 5.77732e-06
1.39860e-01 4.05652e+00 4.28690e-06
1.39860e-01 4.11690e+00 3.13092e-06
1.39860e-01 4.17571e+00 2.25564e-06
1.39860e-01 4.23287e+00 1.60639e-06
1.39860e-01 4.28835e+00 1.13320e-06
1.39860e-01 4.34207e+00 7.93437e-07
1.39860e-01 4.39400e+00 5.52508e-07
1.39860e-01 4.44407e+00 3.83400e-07
1.39860e-01 4.49224e+00 2.65657e-07
1.39860e-01 4.53847e+00 1.84167e-07
1.39860e-01 4.58271e+00 1.27995e-07
1.39860e-01 4.62491e+00 8.93553e-08
1.39860e-01 4.66504e+00 6.27843e-08
1.39860e-01 4.70305e+00 4.44864e-08
1.39860e-01 4.73890e+00 3.18476e-08
1.39860e-01 4.77257e+00 2.30785e-08
1.39860e-01 4.80402e+00 1.69591e-08
1.39860e-01 4.83322e+00 1.26595e-08
1.39860e-01 4.86014e+00 9.61543e-09
1.39860e-01 4.88475e+00 7.44290e-09
1.39860e-01 4.90703e+00 5.87997e-09
1.39860e-01 4.92696e+00 4.74742e-09
1.39860e-01 4.94452e+00 3.92218e-09
1.39860e-01 4.95969e+00 3.31948e-09
1.39860e-01 4.97246e+00 2.88075e-09
1.39860e-01 4.98281e+00 2.56565e-09
1.39860e-01 4.99074e+00 2.34660e-09
1.39860e-01 4.99623e+00 2.20526e-09
1.39860e-01 4.99928e+00 2.13016e-09
1.66779e-01 7.15683e-04 4.93694e-08
1.66779e-01 3.77012e-03 1.36994e-06
1.66779e-01 9.26216e-03 8.26563e-06
1.66779e-01 1.71877e-02 2.84366e-05
1.66779e-01 2.75390e-02 7.28525e-05
1.66779e-01 4.03061e-02 1.55459e-04
1.66779e-01 5.54766e-02 2.92608e-04
1.66779e-01 7.30356e-02 5.02101e-04
1.66779e-01 9.29659e-02 8.01737e-04
1.66779e-01 1.15248e-01 1.20733e-03
1.66779e-01 1.39860e-01 1.73025e-03
1.66779e-01 1.66779e-01 2.37482e-03
1.66779e-01 1.95977e-01 3.13575e-03
1.66779e-01 2.27426e-01 3.99646e-03
1.66779e-01 2.61096e-01 4.92864e-03
1.66779e-01 2.96953e-01 5.89360e-03
1.66779e-01 3.34963e-01 6.84543e-03
1.66779e-01 3.75089e-01 7.73572e-03
1.66779e-01 4.17290e-01 8.51897e-03
1.66779e-01 4.61527e-01 9.15759e-03
1.66779e-01 5.07755e-01 9.62569e-03
1.66779e-01 5.55930e-01 9.91078e-03
1.66779e-01 6.06005e-01 1.00135e-02
1.66779e-01 6.57930e-01 9.94571e-03
1.66779e-01 7.11655e-01 9.72735e-03
1.66779e-01 7.67127e-01 9.38330e-03
1.66779e-01 8.24292e-01 8.94025e-03
1.66779e-01 8.83095e-01 8.42441e-03
1.66779e-01 9.43478e-01 7.85984e-03
1.66779e-01 1.00538e+00 7.26754e-03
1.66779e-01 1.06875e+00 6.66510e-03
1.66779e-01 1.13351e+00 6.06678e-03
1.66779e-01 1.19960e+00 5.48371e-03
1.66779e-01 1.26697e+00 4.92433e-03
1.66779e-01 1.33555e+00 4.39476e-03
1.66779e-01 1.40526e+00 3.89919e-03
1.66779e-01 1.47604e+00 3.44015e-03
1.66779e-01 1.54782e+00 3.01879e-03
1.66779e-01 1.62053e+00 2.63506e-03
1.66779e-01 1.69410e+00 2.28785e-03
1.66779e-01 1.76846e+00 1.97509e-03
1.66779e-01 1.84353e+00 1.69394e-03
1.66779e-01 1.91924e+00 1.44094e-03
1.66779e-01 1.99553e+00 1.21228e-03
1.66779e-01 2.07230e+00 1.00410e-03
1.66779e-01 2.14949e+00 8.12987e-04
1.66779e-01 2.22703e+00 6.36434e-04
1.66779e-01 2.30483e+00 4.73336e-04
1.66779e-01 2.38282e+00 3.24339e-04
1.66779e-01 2.46093e+00 1.91871e-04
1.66779e-01 2.53907e+00 7.97112e-05
1.66779e-01 2.61718e+00 -7.99088e-06
1.66779e-01 2.69517e+00 -6.81114e-05
1.66779e-01 2.77297e+00 -9.99872e-05
1.66779e-01 2.85051e+00 -1.06321e-04
1.66779e-01 2.92770e+00 -9.30468e-05
1.66779e-01 3.00447e+00 -6.80513e-05
1.66779e-01 3.08076e+00 -3.92160e-05
1.66779e-01 3.15647e+00 -1.26479e-05
1.66779e-01 3.23154e+00 8.17931e-06
1.66779e-01 3.30590e+00 2.22303e-05
1.66779e-01 3.37947e+00 3.00836e-05
1.66779e-01 3.45218e+00 3.30524e-05
1.66779e-01 3.52396e+00 3.25805e-05
1.66779e-01 3.59474e+00 2.99462e-05
1.66779e-01 3.66445e+00 2.61610e-05
1.66779e-01 3.73303e+00 2.19623e-05
1.66779e-01 3.80040e+00 1.78437e-05
1.66779e-01 3.86649e+00 1.41009e-05
1.66779e-01 3.93125e+00 1.08795e-05
1.66779e-01 3.99462e+00 8.22065e-06
1.66779e-01 4.05652e+00 6.09945e-06
1.66779e-01 4.11690e+00 4.45443e-06
1.66779e-01 4.17571e+00 3.20898e-06
1.66779e-01 4.23287e+00 2.28522e-06
1.66779e-01 4.28835e+00 1.61201e-06
1.66779e-01 4.34207e+00 1.12865e-06
1.66779e-01 4.39400e+00 7.85909e-07
1.66779e-01 4.44407e+00 5.45349e-07
1.66779e-01 4.49224e+00 3.77863e-07
1.66779e-01 4.53847e+00 2.61949e-07
1.66779e-01 4.58271e+00 1.82049e-07
1.66779e-01 4.62491e+00 1.27090e-07
1.66779e-01 4.66504e+00 8.92967e-08
1.66779e-01 4.70305e+00 6.32712e-08
1.66779e-01 4.73890e+00 4.52951e-08
1.66779e-01 4.77257e+00 3.28229e-08
1.66779e-01 4.80402e+00 2.41195e-08
1.66779e-01 4.83322e+00 1.80044e-08
1.66779e-01 4.86014e+00 1.36750e-08
1.66779e-01 4.88475e+00 1.05852e-08
1.66779e-01 4.90703e+00 8.36237e-09
1.66779e-01 4.92696e+00 6.75165e-09
1.66779e-01 4.94452e+00 5.57801e-09
1.66779e-01 4.95969e+00 4.72084e-09
1.66779e-01 4.97246e+00 4.09689e-09
1.66779e-01 4.98281e+00 3.64876e-09
1.66779e-01 4.99074e+00 3.33723e-09
1.66779e-01 4.99623e+00 3.13622e-09
1.66779e-01 4.99928e+00 3.02941e-09
1.95977e-01 7.15683e-04 6.48812e-08
1.95977e-01 3.77012e-03 1.80037e-06
1.95977e-01 9.26216e-03 1.08628e-05
1.95977e-01 1.71877e-02 3.73734e-05
1.95977e-01 2.75390e-02 9.57558e-05
1.95977e-01 4.03061e-02 2.04364e-04
1.95977e-01 5.54766e-02 3.84759e-04
1.95977e-01 7.30356e-02 6.60494e-04
1.95977e-01 9.29659e-02 1.05527e-03
1.95977e-01 1.15248e-01 1.59038e-03
1.95977e-01 1.39860e-01 2.28162e-03
1.95977e-01 1.66779e-01 3.13575e-03
1.95977e-01 1.95977e-01 4.14723e-03
1.95977e-01 2.27426e-01 5.29575e-03
1.95977e-01 2.61096e-01 6.54543e-03
1.95977e-01 2.96953e-01 7.84618e-03
1.95977e-01 3.34963e-01 9.13757e-03
1.95977e-01 3.75089e-01 1.03548e-02
1.95977e-01 4.17290e-01 1.14358e-02
1.95977e-01 4.61527e-01 1.23280e-02
1.95977e-01 5.07755e-01 1.29939e-02
1.95977e-01 5.55930e-01 1.34138e-02
1.95977e-01 6.06005e-01 1.35858e-02
1.95977e-01 6.57930e-01 1.35237e-02
1.95977e-01 7.11655e-01 1.32531e-02
1.95977e-01 7.67127e-01 1.28069e-02
1.95977e-01 8.24292e-01 1.22210e-02
1.95977e-01 8.83095e-01 1.15313e-02
1.95977e-01 9.43478e-01 1.07710e-02
1.95977e-01 1.00538e+00 9.96926e-03
1.95977e-01 1.06875e+00 9.15074e-03
1.95977e-01 1.13351e+00 8.33548e-03
1.95977e-01 1.19960e+00 7.53924e-03
1.95977e-01 1.26697e+00 6.77402e-03
1.95977e-01 1.33555e+00 6.04857e-03
1.95977e-01 1.40526e+00 5.36894e-03
1.95977e-01 1.47604e+00 4.73883e-03
1.95977e-01 1.54782e+00 4.16002e-03
1.95977e-01 1.62053e+00 3.63256e-03
1.95977e-01 1.69410e+00 3.15503e-03
1.95977e-01 1.76846e+00 2.72468e-03
1.95977e-01 1.84353e+00 2.33766e-03
1.95977e-01 1.91924e+00 1.98925e-03
1.95977e-01 1.99553e+00 1.67422e-03
1.95977e-01 2.07230e+00 1.38731e-03
1.95977e-01 2.14949e+00 1.12381e-03
1.95977e-01 2.22703e+00 8.80305e-04
1.95977e-01 2.30483e+00 6.55276e-04
1.95977e-01 2.38282e+00 4.49634e-04
1.95977e-01 2.46093e+00 2.66744e-04
1.95977e-01 2.53907e+00 1.11835e-04
1.95977e-01 2.61718e+00 -9.35263e-06
1.95977e-01 2.69517e+00 -9.24965e-05
1.95977e-01 2.77297e+00 -1.36670e-04
1.95977e-01 2.85051e+00 -1.45593e-04
1.95977e-01 2.92770e+00 -1.27447e-04
1.95977e-01 3.00447e+00 -9.31118e-05
1.95977e-01 3.08076e+00 -5.34599e-05
1.95977e-01 3.15647e+00 -1.69188e-05
1.95977e-01 3.23154e+00 1.17171e-05
1.95977e-01 3.30590e+00 3.10182e-05
1.95977e-01 3.37947e+00 4.17815e-05
1.95977e-01 3.45218e+00 4.58175e-05
1.95977e-01 3.52396e+00 4.51172e-05
1.95977e-01 3.59474e+00 4.14429e-05
1.95977e-01 3.66445e+00 3.61889e-05
1.95977e-01 3.73303e+00 3.03713e-05
1.95977e-01 3.80040e+00 2.46701e-05
1.95977e-01 3.86649e+00 1.94919e-05
1.95977e-01 3.93125e+00 1.50367e-05
1.95977e-01 3.99462e+00 1.13606e-05
1.95977e-01 4.05652e+00 8.42838e-06
1.95977e-01 4.11690e+00 6.15475e-06
1.95977e-01 4.17571e+00 4.43359e-06
1.95977e-01 4.23287e+00 3.15714e-06
1.95977e-01 4.28835e+00 2.22695e-06
1.95977e-01 4.34207e+00 1.55913e-06
1.95977e-01 4.39400e+00 1.08563e-06
1.95977e-01 4.44407e+00 7.53301e-07
1.95977e-01 4.49224e+00 5.21934e-07
1.95977e-01 4.53847e+00 3.61816e-07
1.95977e-01 4.58271e+00 2.51449e-07
1.95977e-01 4.62491e+00 1.75534e-07
1.95977e-01 4.66504e+00 1.23333e-07
1.95977e-01 4.70305e+00 8.73864e-08
1.95977e-01 4.73890e+00 6.25579e-08
1.95977e-01 4.77257e+00 4.53318e-08
1.95977e-01 4.80402e+00 3.33111e-08
1.95977e-01 4.83322e+00 2.48654e-08
1.95977e-01 4.86014e+00 1.88861e-08
1.95977e-01 4.88475e+00 1.46187e-08
1.95977e-01 4.90703e+00 1.15488e-08
1.95977e-01 4.92696e+00 9.32425e-09
1.95977e-01 4.94452e+00 7.70337e-09
1.95977e-01 4.95969e+00 6.51958e-09
1.95977e-01 4.97246e+00 5.65787e-09
1.95977e-01 4.98281e+00 5.03898e-09
1.95977e-01 4.99074e+00 4.60875e-09
1.95977e-01 4.99623e+00 4.33114e-09
1.95977e-01 4.99928e+00 4.18363e-09
2.27426e-01 7.15683e-04 8.22324e-08
2.27426e-01 3.77012e-03 2.28186e-06
2.27426e-01 9.26216e-03 1.37682e-05
2.27426e-01 1.71877e-02 4.73712e-05
2.27426e-01 2.75390e-02 1.21384e-04
2.27426e-01 4.03061e-02 2.59106e-04
2.27426e-01 5.54766e-02 4.87973e-04
2.27426e-01 7.30356e-02 8.38072e-04
2.27426e-01 9.29659e-02 1.33989e-03
2.27426e-01 1.15248e-01 2.02124e-03
2.27426e-01 1.39860e-01 2.90333e-03
2.27426e-01 1.66779e-01 3.99646e-03
2.27426e-01 1.95977e-01 5.29575e-03
2.27426e-01 2.27426e-01 6.77782e-03
2.27426e-01 2.61096e-01 8.39932e-03
2.27426e-01 2.96953e-01 1.00982e-02
2.27426e-01 3.34963e-01 1.17979e-02
2.27426e-01 3.75089e-01 1.34147e-02
2.27426e-01 4.17290e-01 1.48667e-02
2.27426e-01 4.61527e-01 1.60824e-02
2.27426e-01 5.07755e-01 1.70087e-02
2.27426e-01 5.55930e-01 1.76152e-02
2.27426e-01 6.06005e-01 1.78952e-02
2.27426e-01 6.57930e-01 1.78628e-02
2.27426e-01 7.11655e-01 1.75491e-02
2.27426e-01 7.67127e-01 1.69958e-02
2.27426e-01 8.24292e-01 1.62499e-02
2.27426e-01 8.83095e-01 1.53588e-02
2.27426e-01 9.43478e-01 1.43671e-02
2.27426e-01 1.00538e+00 1.33145e-02
2.27426e-01 1.06875e+00 1.22347e-02
2.27426e-01 1.13351e+00 1.11551e-02
2.27426e-01 1.19960e+00 1.00978e-02
2.27426e-01 1.26697e+00 9.07943e-03
2.27426e-01 1.33555e+00 8.11227e-03
2.27426e-01 1.40526e+00 7.20488e-03
2.27426e-01 1.47604e+00 6.36264e-03
2.27426e-01 1.54782e+00 5.58822e-03
2.27426e-01 1.62053e+00 4.88194e-03
2.27426e-01 1.69410e+00 4.24208e-03
2.27426e-01 1.76846e+00 3.66509e-03
2.27426e-01 1.84353e+00 3.14591e-03
2.27426e-01 1.91924e+00 2.67827e-03
2.27426e-01 1.99553e+00 2.25523e-03
2.27426e-01 2.07230e+00 1.86975e-03
2.27426e-01 2.14949e+00 1.51557e-03
2.27426e-01 2.22703e+00 1.18809e-03
2.27426e-01 2.30483e+00 8.85343e-04
2.27426e-01 2.38282e+00 6.08558e-04
2.27426e-01 2.46093e+00 3.62294e-04
2.27426e-01 2.53907e+00 1.53612e-04
2.27426e-01 2.61718e+00 -9.74481e-06
2.27426e-01 2.69517e+00 -1.21936e-04
2.27426e-01 2.77297e+00 -1.81696e-04
2.27426e-01 2.85051e+00 -1.94013e-04
2.27426e-01 2.92770e+00 -1.69888e-04
2.27426e-01 3.00447e+00 -1.23949e-04
2.27426e-01 3.08076e+00 -7.08276e-05
2.27426e-01 3.15647e+00 -2.18619e-05
2.27426e-01 3.23154e+00 1.64954e-05
2.27426e-01 3.30590e+00 4.23180e-05
2.27426e-01 3.37947e+00 5.66766e-05
2.27426e-01 3.45218e+00 6.20048e-05
2.27426e-01 3.52396e+00 6.09793e-05
2.27426e-01 3.59474e+00 5.59688e-05
2.27426e-01 3.66445e+00 4.88470e-05
2.27426e-01 3.73303e+00 4.09786e-05
2.27426e-01 3.80040e+00 3.32766e-05
2.27426e-01 3.86649e+00 2.62859e-05
2.27426e-01 3.93125e+00 2.02742e-05
2.27426e-01 3.99462e+00 1.53154e-05
2.27426e-01 4.05652e+00 1.13611e-05
2.27426e-01 4.11690e+00 8.29552e-06
2.27426e-01 4.17571e+00 5.97520e-06
2.27426e-01 4.23287e+00 4.25460e-06
2.27426e-01 4.28835e+00 3.00088e-06
2.27426e-01 4.34207e+00 2.10086e-06
2.27426e-01 4.39400e+00 1.46277e-06
2.27426e-01 4.44407e+00 1.01495e-06
2.27426e-01 4.49224e+00 7.03196e-07
2.27426e-01 4.53847e+00 4.87455e-07
2.27426e-01 4.58271e+00 3.38754e-07
2.27426e-01 4.62491e+00 2.36475e-07
2.27426e-01 4.66504e+00 1.66147e-07
2.27426e-01 4.70305e+00 1.17720e-07
2.27426e-01 4.73890e+00 8.42714e-08
2.27426e-01 4.77257e+00 6.10652e-08
2.27426e-01 4.80402e+00 4.48719e-08
2.27426e-01 4.83322e+00 3.34946e-08
2.27426e-01 4.86014e+00 2.54399e-08
2.27426e-01 4.88475e+00 1.96915e-08
2.27426e-01 4.90703e+00 1.55562e-08
2.27426e-01 4.92696e+00 1.25597e-08
2.27426e-01 4.94452e+00 1.03763e-08
2.27426e-01 4.95969e+00 8.78169e-09
2.27426e-01 4.97246e+00 7.62096e-09
2.27426e-01 4.98281e+00 6.78730e-09
2.27426e-01 4.99074e+00 6.20778e-09
2.27426e-01 4.99623e+00 5.83385e-09
2.27426e-01 4.99928e+00 5.63515e-09
2.61096e-01 7.15683e-04 1.00775e-07
2.61096e-01 3.77012e-03 2.79640e-06
2.61096e-01 9.26216e-03 1.68731e-05
2.61096e-01 1.71877e-02 5.80569e-05
2.61096e-01 2.75390e-02 1.48781e-04
2.61096e-01 4.03061e-02 3.17656e-04
2.61096e-01 5.54766e-02 5.98447e-04
2.61096e-01 7.30356e-02 1.02836e-03
2.61096e-01 9.29659e-02 1.64539e-03
2.61096e-01 1.15248e-01 2.48473e-03
2.61096e-01 1.39860e-01 3.57412e-03
2.61096e-01 1.66779e-01 4.92864e-03
2.61096e-01 1.95977e-01 6.54543e-03
2.61096e-01 2.27426e-01 8.39932e-03
2.61096e-01 2.61096e-01 1.04405e-02
2.61096e-01 2.96953e-01 1.25953e-02
2.61096e-01 3.34963e-01 1.47705e-02
2.61096e-01 3.75089e-01 1.68618e-02
2.61096e-01 4.17290e-01 1.87640e-02
2.61096e-01 4.61527e-01 2.03830e-02
2.61096e-01 5.07755e-01 2.16453e-02
2.61096e-01 5.55930e-01 2.25053e-02
2.61096e-01 6.06005e-01 2.29474e-02
2.61096e-01 6.57930e-01 2.29837e-02
2.61096e-01 7.11655e-01 2.26495e-02
2.61096e-01 7.67127e-01 2.19955e-02
2.61096e-01 8.24292e-01 2.10809e-02
2.61096e-01 8.83095e-01 1.99668e-02
2.61096e-01 9.43478e-01 1.87117e-02
2.61096e-01 1.00538e+00 1.73680e-02
2.61096e-01 1.06875e+00 1.59811e-02
2.61096e-01 1.13351e+00 1.45882e-02
2.61096e-01 1.19960e+00 1.32190e-02
2.61096e-01 1.26697e+00 1.18965e-02
2.61096e-01 1.33555e+00 1.06377e-02
2.61096e-01 1.40526e+00 9.45457e-03
2.61096e-01 1.47604e+00 8.35480e-03
2.61096e-01 1.54782e+00 7.34238e-03
2.61096e-01 1.62053e+00 6.41811e-03
2.61096e-01 1.69410e+00 5.58003e-03
2.61096e-01 1.76846e+00 4.82373e-03
2.61096e-01 1.84353e+00 4.14272e-03
2.61096e-01 1.91924e+00 3.52893e-03
2.61096e-01 1.99553e+00 2.97332e-03
2.61096e-01 2.07230e+00 2.46674e-03
2.61096e-01 2.14949e+00 2.00101e-03
2.61096e-01 2.22703e+00 1.57015e-03
2.61096e-01 2.30483e+00 1.17160e-03
2.61096e-01 2.38282e+00 8.07043e-04
2.61096e-01 2.46093e+00 4.82519e-04
2.61096e-01 2.53907e+00 2.07361e-04
2.61096e-01 2.61718e+00 -8.19472e-06
2.61096e-01 2.69517e+00 -1.56426e-04
2.61096e-01 2.77297e+00 -2.35633e-04
2.61096e-01 2.85051e+00 -2.52361e-04
2.61096e-01 2.92770e+00 -2.21070e-04
2.61096e-01 3.00447e+00 -1.61015e-04
2.61096e-01 3.08076e+00 -9.14524e-05
2.61096e-01 3.15647e+00 -2.73129e-05
2.61096e-01 3.23154e+00 2.29054e-05
2.61096e-01 3.30590e+00 5.66629e-05
2.61096e-01 3.37947e+00 7.53657e-05
2.61096e-01 3.45218e+00 8.22140e-05
2.61096e-01 3.52396e+00 8.07282e-05
2.61096e-01 3.59474e+00 7.40230e-05
2.61096e-01 3.66445e+00 6.45613e-05
2.61096e-01 3.73303e+00 5.41359e-05
2.61096e-01 3.80040e+00 4.39451e-05
2.61096e-01 3.86649e+00 3.47036e-05
2.61096e-01 3.93125e+00 2.67608e-05
2.61096e-01 3.99462e+00 2.02119e-05
2.61096e-01 4.05652e+00 1.49911e-05
2.61096e-01 4.11690e+00 1.09447e-05
2.61096e-01 4.17571e+00 7.88256e-06
2.61096e-01 4.23287e+00 5.61222e-06
2.61096e-01 4.28835e+00 3.95815e-06
2.61096e-01 4.34207e+00 2.77085e-06
2.61096e-01 4.39400e+00 1.92914e-06
2.61096e-01 4.44407e+00 1.33848e-06
2.61096e-01 4.49224e+00 9.27309e-07
2.61096e-01 4.53847e+00 6.42784e-07
2.61096e-01 4.58271e+00 4.46684e-07
2.61096e-01 4.62491e+00 3.11809e-07
2.61096e-01 4.66504e+00 2.19071e-07
2.61096e-01 4.70305e+00 1.55213e-07
2.61096e-01 4.73890e+00 1.11109e-07
2.61096e-01 4.77257e+00 8.05111e-08
2.61096e-01 4.80402e+00 5.91600e-08
2.61096e-01 4.83322e+00 4.41593e-08
2.61096e-01 4.86014e+00 3.35396e-08
2.61096e-01 4.88475e+00 2.59607e-08
2.61096e-01 4.90703e+00 2.05085e-08
2.61096e-01 4.92696e+00 1.65579e-08
2.61096e-01 4.94452e+00 1.36794e-08
2.61096e-01 4.95969e+00 1.15771e-08
2.61096e-01 4.97246e+00 1.00468e-08
2.61096e-01 4.98281e+00 8.94777e-09
2.61096e-01 4.99074e+00 8.18376e-09
2.61096e-01 4.99623e+00 7.69078e-09
2.61096e-01 4.99928e+00 7.42883e-09
2.96953e-01 7.15683e-04 1.19668e-07
2.96953e-01 3.77012e-03 3.32068e-06
2.96953e-01 9.26216e-03 2.00369e-05
2.96953e-01 1.71877e-02 6.89468e-05
2.96953e-01 2.75390e-02 1.76710e-04
2.96953e-01 4.03061e-02 3.77371e-04
2.96953e-01 5.54766e-02 7.11219e-04
2.96953e-01 7.30356e-02 1.22286e-03
2.96953e-01 9.29659e-02 1.95827e-03
2.96953e-01 1.15248e-01 2.96069e-03
2.96953e-01 1.39860e-01 4.26539e-03
2.96953e-01 1.66779e-01 5.89360e-03
2.96953e-01 1.95977e-01 7.84618e-03
2.96953e-01 2.27426e-01 1.00982e-02
2.96953e-01 2.61096e-01 1.25953e-02
2.96953e-01 2.96953e-01 1.52538e-02
2.96953e-01 3.34963e-01 1.79647e-02
2.96953e-01 3.75089e-01 2.06024e-02
2.96953e-01 4.17290e-01 2.30363e-02
2.96953e-01 4.61527e-01 2.51457e-02
2.96953e-01 5.07755e-01 2.68318e-02
2.96953e-01 5.55930e-01 2.80281e-02
2.96953e-01 6.06005e-01 2.87048e-02
2.96953e-01 6.57930e-01 2.88678e-02
2.96953e-01 7.11655e-01 2.85539e-02
2.96953e-01 7.67127e-01 2.78218e-02
2.96953e-01 8.24292e-01 2.67434e-02
2.96953e-01 8.83095e-01 2.53953e-02
2.96953e-01 9.43478e-01 2.38522e-02
2.96953e-01 1.00538e+00 2.21823e-02
2.96953e-01 1.06875e+00 2.04451e-02
2.96953e-01 1.13351e+00 1.86901e-02
2.96953e-01 1.19960e+00 1.69572e-02
2.96953e-01 1.26697e+00 1.52776e-02
2.96953e-01 1.33555e+00 1.36744e-02
2.96953e-01 1.40526e+00 1.21642e-02
2.96953e-01 1.47604e+00 1.07579e-02
2.96953e-01 1.54782e+00 9.46136e-03
2.96953e-01 1.62053e+00 8.27623e-03
2.96953e-01 1.69410e+00 7.20046e-03
2.96953e-01 1.76846e+00 6.22875e-03
2.96953e-01 1.84353e+00 5.35303e-03
2.96953e-01 1.91924e+00 4.56312e-03
2.96953e-01 1.99553e+00 3.84753e-03
2.96953e-01 2.07230e+00 3.19458e-03
2.96953e-01 2.14949e+00 2.59385e-03
2.96953e-01 2.22703e+00 2.03771e-03
2.96953e-01 2.30483e+00 1.52293e-03
2.96953e-01 2.38282e+00 1.05176e-03
2.96953e-01 2.46093e+00 6.32061e-04
2.96953e-01 2.53907e+00 2.75957e-04
2.96953e-01 2.61718e+00 -3.26852e-06
2.96953e-01 2.69517e+00 -1.95583e-04
2.96953e-01 2.77297e+00 -2.98742e-04
2.96953e-01 2.85051e+00 -3.21156e-04
2.96953e-01 2.92770e+00 -2.81483e-04
2.96953e-01 3.00447e+00 -2.04576e-04
2.96953e-01 3.08076e+00 -1.15308e-04
2.96953e-01 3.15647e+00 -3.29694e-05
2.96953e-01 3.23154e+00 3.14583e-05
2.96953e-01 3.30590e+00 7.46884e-05
2.96953e-01 3.37947e+00 9.85315e-05
2.96953e-01 3.45218e+00 1.07116e-04
2.96953e-01 3.52396e+00 1.04983e-04
2.96953e-01 3.59474e+00 9.61509e-05
2.96953e-01 3.66445e+00 8.37939e-05
2.96953e-01 3.73303e+00 7.02224e-05
2.96953e-01 3.80040e+00 5.69788e-05
2.96953e-01 3.86649e+00 4.49812e-05
2.96953e-01 3.93125e+00 3.46769e-05
2.96953e-01 3.99462e+00 2.61851e-05
2.96953e-01 4.05652e+00 1.94179e-05
2.96953e-01 4.11690e+00 1.41745e-05
2.96953e-01 4.17571e+00 1.02074e-05
2.96953e-01 4.23287e+00 7.26669e-06
2.96953e-01 4.28835e+00 5.12453e-06
2.96953e-01 4.34207e+00 3.58706e-06
2.96953e-01 4.39400e+00 2.49724e-06
2.96953e-01 4.44407e+00 1.73254e-06
2.96953e-01 4.49224e+00 1.20025e-06
2.96953e-01 4.53847e+00 8.31938e-07
2.96953e-01 4.58271e+00 5.78105e-07
2.96953e-01 4.62491e+00 4.03533e-07
2.96953e-01 4.66504e+00 2.83505e-07
2.96953e-01 4.70305e+00 2.00859e-07
2.96953e-01 4.73890e+00 1.43781e-07
2.96953e-01 4.77257e+00 1.04183e-07
2.96953e-01 4.80402e+00 7.65528e-08
2.96953e-01 4.83322e+00 5.71408e-08
2.96953e-01 4.86014e+00 4.33985e-08
2.96953e-01 4.88475e+00 3.35913e-08
2.96953e-01 4.90703e+00 2.65363e-08
2.96953e-01 4.92696e+00 2.14243e-08
2.96953e-01 4.94452e+00 1.76996e-08
2.96953e-01 4.95969e+00 1.49793e-08
2.96953e-01 4.97246e+00 1.29993e-08
2.96953e-01 4.98281e+00 1.15772e-08
2.96953e-01 4.99074e+00 1.05886e-08
2.96953e-01 4.99623e+00 9.95073e-09
2.96953e-01 4.99928e+00 9.61179e-09
3.34963e-01 7.15683e-04 1.37961e-07
3.34963e-01 3.77012e-03 3.82830e-06
3.34963e-01 9.26216e-03 2.31003e-05
3.34963e-01 1.71877e-02 7.94928e-05
3.34963e-01 2.75390e-02 2.03766e-04
3.34963e-01 4.03061e-02 4.35256e-04
3.34963e-01 5.54766e-02 8.20646e-04
3.34963e-01 7.30356e-02 1.41189e-03
3.34963e-01 9.29659e-02 2.26303e-03
3.34963e-01 1.15248e-01 3.42577e-03
3.34963e-01 1.39860e-01 4.94368e-03
3.34963e-01 1.66779e-01 6.84543e-03
3.34963e-01 1.95977e-01 9.13757e-03
3.34963e-01 2.27426e-01 1.17979e-02
3.34963e-01 2.61096e-01 1.47705e-02
3.34963e-01 2.96953e-01 1.79647e-02
3.34963e-01 3.34963e-01 2.12580e-02
3.34963e-01 3.75089e-01 2.45045e-02
3.34963e-01 4.17290e-01 2.75478e-02
3.34963e-01 4.61527e-01 3.02374e-02
3.34963e-01 5.07755e-01 3.24443e-02
3.34963e-01 5.55930e-01 3.40749e-02
3.34963e-01 6.06005e-01 3.50783e-02
3.34963e-01 6.57930e-01 3.54482e-02
3.34963e-01 7.11655e-01 3.52181e-02
3.34963e-01 7.67127e-01 3.44521e-02
3.34963e-01 8.24292e-01 3.32341e-02
3.34963e-01 8.83095e-01 3.16570e-02
3.34963e-01 9.43478e-01 2.98141e-02
3.34963e-01 1.00538e+00 2.77920e-02
3.34963e-01 1.06875e+00 2.56676e-02
3.34963e-01 1.13351e+00 2.35056e-02
3.34963e-01 1.19960e+00 2.13590e-02
3.34963e-01 1.26697e+00 1.92692e-02
3.34963e-01 1.33555e+00 1.72677e-02
3.34963e-01 1.40526e+00 1.53772e-02
3.34963e-01 1.47604e+00 1.36127e-02
3.34963e-01 1.54782e+00 1.19830e-02
3.34963e-01 1.62053e+00 1.04910e-02
3.34963e-01 1.69410e+00 9.13499e-03
3.34963e-01 1.76846e+00 7.90870e-03
3.34963e-01 1.84353e+00 6.80240e-03
3.34963e-01 1.91924e+00 5.80353e-03
3.34963e-01 1.99553e+00 4.89777e-03
3.34963e-01 2.07230e+00 4.07056e-03
3.34963e-01 2.14949e+00 3.30882e-03
3.34963e-01 2.22703e+00 2.60301e-03
3.34963e-01 2.30483e+00 1.94916e-03
3.34963e-01 2.38282e+00 1.35024e-03
3.34963e-01 2.46093e+00 8.16344e-04
3.34963e-01 2.53907e+00 3.62964e-04
3.34963e-01 2.61718e+00 7.06666e-06
3.34963e-01 2.69517e+00 -2.38514e-04
3.34963e-01 2.77297e+00 -3.70849e-04
3.34963e-01 2.85051e+00 -4.00562e-04
3.34963e-01 2.92770e+00 -3.51310e-04
3.34963e-01 3.00447e+00 -2.54645e-04
3.34963e-01 3.08076e+00 -1.42155e-04
3.34963e-01 3.15647e+00 -3.83482e-05
3.34963e-01 3.23154e+00 4.28162e-05
3.34963e-01 3.30590e+00 9.71548e-05
3.34963e-01 3.37947e+00 1.26959e-04
3.34963e-01 3.45218e+00 1.37463e-04
3.34963e-01 3.52396e+00 1.34428e-04
3.34963e-01 3.59474e+00 1.22948e-04
3.34963e-01 3.66445e+00 1.07045e-04
3.34963e-01 3.73303e+00 8.96466e-05
3.34963e-01 3.80040e+00 7.27022e-05
3.34963e-01 3.86649e+00 5.73709e-05
3.34963e-01 3.93125e+00 4.42142e-05
3.34963e-01 3.99462e+00 3.33782e-05
3.34963e-01 4.05652e+00 2.47468e-05
3.34963e-01 4.11690e+00 1.80612e-05
3.34963e-01 4.17571e+00 1.30044e-05
3.34963e-01 4.23287e+00 9.25664e-06
3.34963e-01 4.28835e+00 6.52713e-06
3.34963e-01 4.34207e+00 4.56842e-06
3.34963e-01 4.39400e+00 3.18017e-06
3.34963e-01 4.44407e+00 2.20618e-06
3.34963e-01 4.49224e+00 1.52827e-06
3.34963e-01 4.53847e+00 1.05924e-06
3.34963e-01 4.58271e+00 7.36021e-07
3.34963e-01 4.62491e+00 5.13740e-07
3.34963e-01 4.66504e+00 3.60917e-07
3.34963e-01 4.70305e+00 2.55696e-07
3.34963e-01 4.73890e+00 1.83029e-07
3.34963e-01 4.77257e+00 1.32618e-07
3.34963e-01 4.80402e+00 9.74440e-08
3.34963e-01 4.83322e+00 7.27329e-08
3.34963e-01 4.86014e+00 5.52396e-08
3.34963e-01 4.88475e+00 4.27558e-08
3.34963e-01 4.90703e+00 3.37755e-08
3.34963e-01 4.92696e+00 2.72685e-08
3.34963e-01 4.94452e+00 2.25275e-08
3.34963e-01 4.95969e+00 1.90651e-08
3.34963e-01 4.97246e+00 1.65448e-08
3.34963e-01 4.98281e+00 1.47348e-08
3.34963e-01 4.99074e+00 1.34765e-08
3.34963e-01 4.99623e+00 1.26646e-08
3.34963e-01 4.99928e+00 1.22332e-08
3.75089e-01 7.15683e-04 1.54697e-07
3.75089e-01 3.77012e-03 4.29274e-06
3.75089e-01 9.26216e-03 2.59033e-05
3.75089e-01 1.71877e-02 8.91438e-05
3.75089e-01 2.75390e-02 2.28536e-04
3.75089e-01 4.03061e-02 4.88288e-04
3.75089e-01 5.54766e-02 9.21021e-04
3.75089e-01 7.30356e-02 1.58561e-03
3.75089e-01 9.29659e-02 2.54388e-03
3.75089e-01 1.15248e-01 3.85595e-03
3.75089e-01 1.39860e-01 5.57415e-03
3.75089e-01 1.66779e-01 7.73572e-03
3.75089e-01 1.95977e-01 1.03548e-02
3.75089e-01 2.27426e-01 1.34147e-02
3.75089e-01 2.61096e-01 1.68618e-02
3.75089e-01 2.96953e-01 2.06024e-02
3.75089e-01 3.34963e-01 2.45045e-02
3.75089e-01 3.75089e-01 2.84052e-02
3.75089e-01 4.17290e-01 3.21238e-02
3.75089e-01 4.61527e-01 3.54787e-02
3.75089e-01 5.07755e-01 3.83069e-02
3.75089e-01 5.55930e-01 4.04813e-02
3.75089e-01 6.06005e-01 4.19221e-02
3.75089e-01 6.57930e-01 4.26026e-02
3.75089e-01 7.11655e-01 4.25460e-02
3.75089e-01 7.67127e-01 4.18169e-02
3.75089e-01 8.24292e-01 4.05085e-02
3.75089e-01 8.83095e-01 3.87297e-02
3.75089e-01 9.43478e-01 3.65937e-02
3.75089e-01 1.00538e+00 3.42082e-02
3.75089e-01 1.06875e+00 3.16708e-02
3.75089e-01 1.13351e+00 2.90648e-02
3.75089e-01 1.19960e+00 2.64594e-02
3.75089e-01 1.26697e+00 2.39094e-02
3.75089e-01 1.33555e+00 2.14567e-02
3.75089e-01 1.40526e+00 1.91322e-02
3.75089e-01 1.47604e+00 1.69568e-02
3.75089e-01 1.54782e+00 1.49431e-02
3.75089e-01 1.62053e+00 1.30961e-02
3.75089e-01 1.69410e+00 1.14148e-02
3.75089e-01 1.76846e+00 9.89215e-03
3.75089e-01 1.84353e+00 8.51679e-03
3.75089e-01 1.91924e+00 7.27352e-03
3.75089e-01 1.99553e+00 6.14487e-03
3.75089e-01 2.07230e+00 5.11295e-03
3.75089e-01 2.14949e+00 4.16167e-03
3.75089e-01 2.22703e+00 3.27934e-03
3.75089e-01 2.30483e+00 2.46116e-03
3.75089e-01 2.38282e+00 1.71103e-03
3.75089e-01 2.46093e+00 1.04174e-03
3.75089e-01 2.53907e+00 4.72801e-04
3.75089e-01 2.61718e+00 2.56055e-05
3.75089e-01 2.69517e+00 -2.83659e-04
3.75089e-01 2.77297e+00 -4.51212e-04
3.75089e-01 2.85051e+00 -4.90255e-04
3.75089e-01 2.92770e+00 -4.30332e-04
3.75089e-01 3.00447e+00 -3.10896e-04
3.75089e-01 3.08076e+00 -1.71472e-04
3.75089e-01 3.15647e+00 -4.27364e-05
3.75089e-01 3.23154e+00 5.78282e-05
3.75089e-01 3.30590e+00 1.24973e-04
3.75089e-01 3.37947e+00 1.61551e-04
3.75089e-01 3.45218e+00 1.74101e-04
3.75089e-01 3.52396e+00 1.69819e-04
3.75089e-01 3.59474e+00 1.55064e-04
3.75089e-01 3.66445e+00 1.34857e-04
3.75089e-01 3.73303e+00 1.12847e-04
3.75089e-01 3.80040e+00 9.14621e-05
3.75089e-01 3.86649e+00 7.21407e-05
3.75089e-01 3.93125e+00 5.55760e-05
3.75089e-01 3.99462e+00 4.19426e-05
3.75089e-01 4.05652e+00 3.10887e-05
3.75089e-01 4.11690e+00 2.26849e-05
3.75089e-01 4.17571e+00 1.63306e-05
3.75089e-01 4.23287e+00 1.16225e-05
3.75089e-01 4.28835e+00 8.19432e-06
3.75089e-01 4.34207e+00 5.73466e-06
3.75089e-01 4.39400e+00 3.99162e-06
3.75089e-01 4.44407e+00 2.76886e-06
3.75089e-01 4.49224e+00 1.91791e-06
3.75089e-01 4.53847e+00 1.32921e-06
3.75089e-01 4.58271e+00 9.23554e-07
3.75089e-01 4.62491e+00 6.44603e-07
3.75089e-01 4.66504e+00 4.52830e-07
3.75089e-01 4.70305e+00 3.20799e-07
3.75089e-01 4.73890e+00 2.29622e-07
3.75089e-01 4.77257e+00 1.66373e-07
3.75089e-01 4.80402e+00 1.22242e-07
3.75089e-01 4.83322e+00 9.12401e-08
3.75089e-01 4.86014e+00 6.92939e-08
3.75089e-01 4.88475e+00 5.36328e-08
3.75089e-01 4.90703e+00 4.23672e-08
3.75089e-01 4.92696e+00 3.42045e-08
3.75089e-01 4.94452e+00 2.82572e-08
3.75089e-01 4.95969e+00 2.39138e-08
3.75089e-01 4.97246e+00 2.07524e-08
3.75089e-01 4.98281e+00 1.84819e-08
3.75089e-01 4.99074e+00 1.69035e-08
3.75089e-01 4.99623e+00 1.58851e-08
3.75089e-01 4.99928e+00 1.53440e-08
4.17290e-01 7.15683e-04 1.69026e-07
4.17290e-01 3.77012e-03 4.69037e-06
4.17290e-01 9.26216e-03 2.83033e-05
4.17290e-01 1.71877e-02 9.74092e-05
4.17290e-01 2.75390e-02 2.49759e-04
4.17290e-01 4.03061e-02 5.33769e-04
4.17290e-01 5.54766e-02 1.00723e-03
4.17290e-01 7.30356e-02 1.73517e-03
4.17290e-01 9.29659e-02 2.78647e-03
4.17290e-01 1.15248e-01 4.22925e-03
4.17290e-01 1.39860e-01 6.12458e-03
4.17290e-01 1.66779e-01 8.51897e-03
4.17290e-01 1.95977e-01 1.14358e-02
4.17290e-01 2.27426e-01 1.48667e-02
4.17290e-01 2.61096e-01 1.87640e-02
4.17290e-01 2.96953e-01 2.30363e-02
4.17290e-01 3.34963e-01 2.75478e-02
4.17290e-01 3.75089e-01 3.21238e-02
4.17290e-01 4.17290e-01 3.65628e-02
4.17290e-01 4.61527e-01 4.06541e-02
4.17290e-01 5.07755e-01 4.41988e-02
4.17290e-01 5.55930e-01 4.70306e-02
4.17290e-01 6.06005e-01 4.90332e-02
4.17290e-01 6.57930e-01 5.01497e-02
4.17290e-01 7.11655e-01 5.03838e-02
4.17290e-01 7.67127e-01 4.97925e-02
4.17290e-01 8.24292e-01 4.84731e-02
4.17290e-01 8.83095e-01 4.65483e-02
4.17290e-01 9.43478e-01 4.41508e-02
4.17290e-01 1.00538e+00 4.14117e-02
4.17290e-01 1.06875e+00 3.84521e-02
4.17290e-01 1.13351e+00 3.53780e-02
4.17290e-01 1.19960e+00 3.22780e-02
4.17290e-01 1.26697e+00 2.92238e-02
4.17290e-01 1.33555e+00 2.62711e-02
4.17290e-01 1.40526e+00 2.34613e-02
4.17290e-01 1.47604e+00 2.08229e-02
4.17290e-01 1.54782e+00 1.83740e-02
4.17290e-01 1.62053e+00 1.61229e-02
4.17290e-01 1.69410e+00 1.40697e-02
4.17290e-01 1.76846e+00 1.22072e-02
4.17290e-01 1.84353e+00 1.05223e-02
4.17290e-01 1.91924e+00 8.99697e-03
4.17290e-01 1.99553e+00 7.61042e-03
4.17290e-01 2.07230e+00 6.34102e-03
4.17290e-01 2.14949e+00 5.16932e-03
4.17290e-01 2.22703e+00 4.08120e-03
4.17290e-01 2.30483e+00 3.07105e-03
4.17290e-01 2.38282e+00 2.14389e-03
4.17290e-01 2.46093e+00 1.31574e-03
4.17290e-01 2.53907e+00 6.10943e-04
4.17290e-01 2.61718e+00 5.60927e-05
4.17290e-01 2.69517e+00 -3.28622e-04
4.17290e-01 2.77297e+00 -5.38361e-04
4.17290e-01 2.85051e+00 -5.89293e-04
4.17290e-01 2.92770e+00 -5.17807e-04
4.17290e-01 3.00447e+00 -3.72573e-04
4.17290e-01 3.08076e+00 -2.02386e-04
4.17290e-01 3.15647e+00 -4.51364e-05
4.17290e-01 3.23154e+00 7.75698e-05
4.17290e-01 3.30590e+00 1.59230e-04
4.17290e-01 3.37947e+00 2.03349e-04
4.17290e-01 3.45218e+00 2.17982e-04
4.17290e-01 3.52396e+00 2.11990e-04
4.17290e-01 3.59474e+00 1.93208e-04
4.17290e-01 3.66445e+00 1.67815e-04
4.17290e-01 3.73303e+00 1.40295e-04
4.17290e-01 3.80040e+00 1.13628e-04
4.17290e-01 3.86649e+00 8.95750e-05
4.17290e-01 3.93125e+00 6.89769e-05
4.17290e-01 3.99462e+00 5.20376e-05
4.17290e-01 4.05652e+00 3.85599e-05
4.17290e-01 4.11690e+00 2.81296e-05
4.17290e-01 4.17571e+00 2.02460e-05
4.17290e-01 4.23287e+00 1.44065e-05
4.17290e-01 4.28835e+00 1.01556e-05
4.17290e-01 4.34207e+00 7.10627e-06
4.17290e-01 4.39400e+00 4.94576e-06
4.17290e-01 4.44407e+00 3.43037e-06
4.17290e-01 4.49224e+00 2.37591e-06
4.17290e-01 4.53847e+00 1.64650e-06
4.17290e-01 4.58271e+00 1.14393e-06
4.17290e-01 4.62491e+00 7.98365e-07
4.17290e-01 4.66504e+00 5.60816e-07
4.17290e-01 4.70305e+00 3.97281e-07
4.17290e-01 4.73890e+00 2.84353e-07
4.17290e-01 4.77257e+00 2.06020e-07
4.17290e-01 4.80402e+00 1.51368e-07
4.17290e-01 4.83322e+00 1.12976e-07
4.17290e-01 4.86014e+00 8.57990e-08
4.17290e-01 4.88475e+00 6.64060e-08
4.17290e-01 4.90703e+00 5.24562e-08
4.17290e-01 4.92696e+00 4.23489e-08
4.17290e-01 4.94452e+00 3.49850e-08
4.17290e-01 4.95969e+00 2.96071e-08
4.17290e-01 4.97246e+00 2.56927e-08
4.17290e-01 4.98281e+00 2.28815e-08
4.17290e-01 4.99074e+00 2.09273e-08
4.17290e-01 4.99623e+00 1.96664e-08
4.17290e-01 4.99928e+00 1.89964e-08
4.61527e-01 7.15683e-04 1.80294e-07
4.61527e-01 3.77012e-03 5.00306e-06
4.61527e-01 9.26216e-03 3.01908e-05
4.61527e-01 1.71877e-02 1.03912e-04
4.61527e-01 2.75390e-02 2.66467e-04
4.61527e-01 4.03061e-02 5.69616e-04
4.61527e-01 5.54766e-02 1.07532e-03
4.61527e-01 7.30356e-02 1.85365e-03
4.61527e-01 9.29659e-02 2.97954e-03
4.61527e-01 1.15248e-01 4.52817e-03
4.61527e-01 1.39860e-01 6.56889e-03
4.61527e-01 1.66779e-01 9.15759e-03
4.61527e-01 1.95977e-01 1.23280e-02
4.61527e-01 2.27426e-01 1.60824e-02
4.61527e-01 2.61096e-01 2.03830e-02
4.61527e-01 2.96953e-01 2.51457e-02
4.61527e-01 3.34963e-01 3.02374e-02
4.61527e-01 3.75089e-01 3.54787e-02
4.61527e-01 4.17290e-01 4.06541e-02
4.61527e-01 4.61527e-01 4.55282e-02
4.61527e-01 5.07755e-01 4.98674e-02
4.61527e-01 5.55930e-01 5.34638e-02
4.61527e-01 6.06005e-01 5.61574e-02
4.61527e-01 6.57930e-01 5.78513e-02
4.61527e-01 7.11655e-01 5.85180e-02
4.61527e-01 7.67127e-01 5.81964e-02
4.61527e-01 8.24292e-01 5.69795e-02
4.61527e-01 8.83095e-01 5.49978e-02
4.61527e-01 9.43478e-01 5.24018e-02
4.61527e-01 1.00538e+00 4.93463e-02
4.61527e-01 1.06875e+00 4.59786e-02
4.61527e-01 1.13351e+00 4.24304e-02
4.61527e-01 1.19960e+00 3.88144e-02
4.61527e-01 1.26697e+00 3.52230e-02
4.61527e-01 1.33555e+00 3.17290e-02
4.61527e-01 1.40526e+00 2.83874e-02
4.61527e-01 1.47604e+00 2.52372e-02
4.61527e-01 1.54782e+00 2.23036e-02
4.61527e-01 1.62053e+00 1.95997e-02
4.61527e-01 1.69410e+00 1.71277e-02
4.61527e-01 1.76846e+00 1.48809e-02
4.61527e-01 1.84353e+00 1.28446e-02
4.61527e-01 1.91924e+00 1.09981e-02
4.61527e-01 1.99553e+00 9.31680e-03
4.61527e-01 2.07230e+00 7.77512e-03
4.61527e-01 2.14949e+00 6.34993e-03
4.61527e-01 2.22703e+00 5.02449e-03
4.61527e-01 2.30483e+00 3.79233e-03
4.61527e-01 2.38282e+00 2.65995e-03
4.61527e-01 2.46093e+00 1.64722e-03
4.61527e-01 2.53907e+00 7.84133e-04
4.61527e-01 2.61718e+00 1.03438e-04
4.61527e-01 2.69517e+00 -3.69961e-04
4.61527e-01 2.77297e+00 -6.29914e-04
4.61527e-01 2.85051e+00 -6.95953e-04
4.61527e-01 2.92770e+00 -6.12339e-04
4.61527e-01 3.00447e+00 -4.38382e-04
4.61527e-01 3.08076e+00 -2.33591e-04
4.61527e-01 3.15647e+00 -4.42055e-05
4.61527e-01 3.23154e+00 1.03387e-04
4.61527e-01 3.30590e+00 2.01226e-04
4.61527e-01 3.37947e+00 2.53556e-04
4.61527e-01 3.45218e+00 2.70175e-04
4.61527e-01 3.52396e+00 2.61866e-04
4.61527e-01 3.59474e+00 2.38155e-04
4.61527e-01 3.66445e+00 2.06550e-04
4.61527e-01 3.73303e+00 1.72493e-04
4.61527e-01 3.80040e+00 1.39593e-04
4.61527e-01 3.86649e+00 1.09974e-04
4.61527e-01 3.93125e+00 8.46423e-05
4.61527e-01 3.99462e+00 6.38297e-05
4.61527e-01 4.05652e+00 4.72818e-05
4.61527e-01 4.11690e+00 3.44825e-05
4.61527e-01 4.17571e+00 2.48124e-05
4.61527e-01 4.23287e+00 1.76523e-05
4.61527e-01 4.28835e+00 1.24414e-05
4.61527e-01 4.34207e+00 8.70440e-06
4.61527e-01 4.39400e+00 6.05720e-06
4.61527e-01 4.44407e+00 4.20077e-06
4.61527e-01 4.49224e+00 2.90919e-06
4.61527e-01 4.53847e+00 2.01588e-06
4.61527e-01 4.58271e+00 1.40045e-06
4.61527e-01 4.62491e+00 9.77322e-07
4.61527e-01 4.66504e+00 6.86482e-07
4.61527e-01 4.70305e+00 4.86274e-07
4.61527e-01 4.73890e+00 3.48032e-07
4.61527e-01 4.77257e+00 2.52145e-07
4.61527e-01 4.80402e+00 1.85250e-07
4.61527e-01 4.83322e+00 1.38259e-07
4.61527e-01 4.86014e+00 1.04997e-07
4.61527e-01 4.88475e+00 8.12624e-08
4.61527e-01 4.90703e+00 6.41902e-08
4.61527e-01 4.92696e+00 5.18209e-08
4.61527e-01 4.94452e+00 4.28091e-08
4.61527e-01 4.95969e+00 3.62280e-08
4.61527e-01 4.97246e+00 3.14378e-08
4.61527e-01 4.98281e+00 2.79977e-08
4.61527e-01 4.99074e+00 2.56063e-08
4.61527e-01 4.99623e+00 2.40634e-08
4.61527e-01 4.99928e+00 2.32435e-08
5.07755e-01 7.15683e-04 1.88101e-07
5.07755e-01 3.77012e-03 5.21972e-06
5.07755e-01 9.26216e-03 3.14989e-05
5.07755e-01 1.71877e-02 1.08420e-04
5.07755e-01 2.75390e-02 2.78063e-04
5.07755e-01 4.03061e-02 5.94546e-04
5.07755e-01 5.54766e-02 1.12283e-03
5.07755e-01 7.30356e-02 1.93674e-03
5.07755e-01 9.29659e-02 3.11588e-03
5.07755e-01 1.15248e-01 4.74130e-03
5.07755e-01 1.39860e-01 6.88962e-03
5.07755e-01 1.66779e-01 9.62569e-03
5.07755e-01 1.95977e-01 1.29939e-02
5.07755e-01 2.27426e-01 1.70087e-02
5.07755e-01 2.61096e-01 2.16453e-02
5.07755e-01 2.96953e-01 2.68318e-02
5.07755e-01 3.34963e-01 3.24443e-02
5.07755e-01 3.75089e-01 3.83069e-02
5.07755e-01 4.17290e-01 4.41988e-02
5.07755e-01 4.61527e-01 4.98674e-02
5.07755e-01 5.07755e-01 5.50498e-02
5.07755e-01 5.55930e-01 5.94978e-02
5.07755e-01 6.06005e-01 6.30033e-02
5.07755e-01 6.57930e-01 6.54207e-02
5.07755e-01 7.11655e-01 6.66797e-02
5.07755e-01 7.67127e-01 6.67873e-02
5.07755e-01 8.24292e-01 6.58202e-02
5.07755e-01 8.83095e-01 6.39079e-02
5.07755e-01 9.43478e-01 6.12131e-02
5.07755e-01 1.00538e+00 5.79124e-02
5.07755e-01 1.06875e+00 5.41801e-02
5.07755e-01 1.13351e+00 5.01770e-02
5.07755e-01 1.19960e+00 4.60438e-02
5.07755e-01 1.26697e+00 4.18977e-02
5.07755e-01 1.33555e+00 3.78330e-02
5.07755e-01 1.40526e+00 3.39219e-02
5.07755e-01 1.47604e+00 3.02171e-02
5.07755e-01 1.54782e+00 2.67534e-02
5.07755e-01 1.62053e+00 2.35505e-02
5.07755e-01 1.69410e+00 2.06142e-02
5.07755e-01 1.76846e+00 1.79390e-02
5.07755e-01 1.84353e+00 1.55091e-02
5.07755e-01 1.91924e+00 1.33012e-02
5.07755e-01 1.99553e+00 1.12871e-02
5.07755e-01 2.07230e+00 9.43668e-03
5.07755e-01 2.14949e+00 7.72303e-03
5.07755e-01 2.22703e+00 6.12660e-03
5.07755e-01 2.30483e+00 4.64014e-03
5.07755e-01 2.38282e+00 3.27201e-03
5.07755e-01 2.46093e+00 2.04664e-03
5.07755e-01 2.53907e+00 1.00064e-03
5.07755e-01 2.61718e+00 1.73955e-04
5.07755e-01 2.69517e+00 -4.02975e-04
5.07755e-01 2.77297e+00 -7.22384e-04
5.07755e-01 2.85051e+00 -8.07567e-04
5.07755e-01 2.92770e+00 -7.11743e-04
5.07755e-01 3.00447e+00 -5.06379e-04
5.07755e-01 3.08076e+00 -2.63258e-04
5.07755e-01 3.15647e+00 -3.81907e-05
5.07755e-01 3.23154e+00 1.36945e-04
5.07755e-01 3.30590e+00 2.52499e-04
5.07755e-01 3.37947e+00 3.13552e-04
5.07755e-01 3.45218e+00 3.31886e-04
5.07755e-01 3.52396e+00 3.20468e-04
5.07755e-01 3.59474e+00 2.90748e-04
5.07755e-01 3.66445e+00 2.51743e-04
5.07755e-01 3.73303e+00 2.09979e-04
5.07755e-01 3.80040e+00 1.69772e-04
5.07755e-01 3.86649e+00 1.33654e-04
5.07755e-01 3.93125e+00 1.02808e-04
5.07755e-01 3.99462e+00 7.74925e-05
5.07755e-01 4.05652e+00 5.73803e-05
5.07755e-01 4.11690e+00 4.18337e-05
5.07755e-01 4.17571e+00 3.00937e-05
5.07755e-01 4.23287e+00 2.14045e-05
5.07755e-01 4.28835e+00 1.50829e-05
5.07755e-01 4.34207e+00 1.05506e-05
5.07755e-01 4.39400e+00 7.34083e-06
5.07755e-01 4.44407e+00 5.09030e-06
5.07755e-01 4.49224e+00 3.52481e-06
5.07755e-01 4.53847e+00 2.44220e-06
5.07755e-01 4.58271e+00 1.69646e-06
5.07755e-01 4.62491e+00 1.18380e-06
5.07755e-01 4.66504e+00 8.31454e-07
5.07755e-01 4.70305e+00 5.88928e-07
5.07755e-01 4.73890e+00 4.21478e-07
5.07755e-01 4.77257e+00 3.05340e-07
5.07755e-01 4.80402e+00 2.24321e-07
5.07755e-01 4.83322e+00 1.67413e-07
5.07755e-01 4.86014e+00 1.27132e-07
5.07755e-01 4.88475e+00 9.83909e-08
5.07755e-01 4.90703e+00 7.77180e-08
5.07755e-01 4.92696e+00 6.27404e-08
5.07755e-01 4.94452e+00 5.18286e-08
5.07755e-01 4.95969e+00 4.38601e-08
5.07755e-01 4.97246e+00 3.80602e-08
5.07755e-01 4.98281e+00 3.38950e-08
5.07755e-01 4.99074e+00 3.09997e-08
5.07755e-01 4.99623e+00 2.91315e-08
5.07755e-01 4.99928e+00 2.81389e-08
5.55930e-01 7.15683e-04 1.92317e-07
5.55930e-01 3.77012e-03 5.33673e-06
5.55930e-01 9.26216e-03 3.22055e-05
5.55930e-01 1.71877e-02 1.10858e-04
5.55930e-01 2.75390e-02 2.84350e-04
5.55930e-01 4.03061e-02 6.08124e-04
5.55930e-01 5.54766e-02 1.14890e-03
5.55930e-01 7.30356e-02 1.98285e-03
5.55930e-01 9.29659e-02 3.19275e-03
5.55930e-01 1.15248e-01 4.86398e-03
5.55930e-01 1.39860e-01 7.07907e-03
5.55930e-01 1.66779e-01 9.91078e-03
5.55930e-01 1.95977e-01 1.34138e-02
5.55930e-01 2.27426e-01 1.76152e-02
5.55930e-01 2.61096e-01 2.25053e-02
5.55930e-01 2.96953e-01 2.80281e-02
5.55930e-01 3.34963e-01 3.40749e-02
5.55930e-01 3.75089e-01 4.04813e-02
5.55930e-01 4.17290e-01 4.70306e-02
5.55930e-01 4.61527e-01 5.34638e-02
5.55930e-01 5.07755e-01 5.94978e-02
5.55930e-01 5.55930e-01 6.48492e-02
5.55930e-01 6.06005e-01 6.92633e-02
5.55930e-01 6.57930e-01 7.25401e-02
5.55930e-01 7.11655e-01 7.45554e-02
5.55930e-01 7.67127e-01 7.52706e-02
5.55930e-01 8.24292e-01 7.47307e-02
5.55930e-01 8.83095e-01 7.30510e-02
5.55930e-01 9.43478e-01 7.03968e-02
5.55930e-01 1.00538e+00 6.69612e-02
5.55930e-01 1.06875e+00 6.29442e-02
5.55930e-01 1.13351e+00 5.85371e-02
5.55930e-01 1.19960e+00 5.39117e-02
5.55930e-01 1.26697e+00 4.92149e-02
5.55930e-01 1.33555e+00 4.45670e-02
5.55930e-01 1.40526e+00 4.00619e-02
5.55930e-01 1.47604e+00 3.57692e-02
5.55930e-01 1.54782e+00 3.17370e-02
5.55930e-01 1.62053e+00 2.79936e-02
5.55930e-01 1.69410e+00 2.45507e-02
5.55930e-01 1.76846e+00 2.14047e-02
5.55930e-01 1.84353e+00 1.85400e-02
5.55930e-01 1.91924e+00 1.59307e-02
5.55930e-01 1.99553e+00 1.35449e-02
5.55930e-01 2.07230e+00 1.13483e-02
5.55930e-01 2.14949e+00 9.30965e-03
5.55930e-01 2.22703e+00 7.40669e-03
5.55930e-01 2.30483e+00 5.63151e-03
5.55930e-01 2.38282e+00 3.99479e-03
5.55930e-01 2.46093e+00 2.52634e-03
5.55930e-01 2.53907e+00 1.27053e-03
5.55930e-01 2.61718e+00 2.75627e-04
5.55930e-01 2.69517e+00 -4.21453e-04
5.55930e-01 2.77297e+00 -8.10958e-04
5.55930e-01 2.85051e+00 -9.20329e-04
5.55930e-01 2.92770e+00 -8.12883e-04
5.55930e-01 3.00447e+00 -5.73852e-04
5.55930e-01 3.08076e+00 -2.88946e-04
5.55930e-01 3.15647e+00 -2.48612e-05
5.55930e-01 3.23154e+00 1.80270e-04
5.55930e-01 3.30590e+00 3.14861e-04
5.55930e-01 3.37947e+00 3.84921e-04
5.55930e-01 3.45218e+00 4.04463e-04
5.55930e-01 3.52396e+00 3.88918e-04
5.55930e-01 3.59474e+00 3.51901e-04
5.55930e-01 3.66445e+00 3.04124e-04
5.55930e-01 3.73303e+00 2.53323e-04
5.55930e-01 3.80040e+00 2.04604e-04
5.55930e-01 3.86649e+00 1.60944e-04
5.55930e-01 3.93125e+00 1.23720e-04
5.55930e-01 3.99462e+00 9.32054e-05
5.55930e-01 4.05652e+00 6.89848e-05
5.55930e-01 4.11690e+00 5.02755e-05
5.55930e-01 4.17571e+00 3.61552e-05
5.55930e-01 4.23287e+00 2.57089e-05
5.55930e-01 4.28835e+00 1.81119e-05
5.55930e-01 4.34207e+00 1.26669e-05
5.55930e-01 4.39400e+00 8.81172e-06
5.55930e-01 4.44407e+00 6.10931e-06
5.55930e-01 4.49224e+00 4.22985e-06
5.55930e-01 4.53847e+00 2.93035e-06
5.55930e-01 4.58271e+00 2.03534e-06
5.55930e-01 4.62491e+00 1.42014e-06
5.55930e-01 4.66504e+00 9.97364e-07
5.55930e-01 4.70305e+00 7.06390e-07
5.55930e-01 4.73890e+00 5.05509e-07
5.55930e-01 4.77257e+00 3.66195e-07
5.55930e-01 4.80402e+00 2.69015e-07
5.55930e-01 4.83322e+00 2.00758e-07
5.55930e-01 4.86014e+00 1.52448e-07
5.55930e-01 4.88475e+00 1.17979e-07
5.55930e-01 4.90703e+00 9.31877e-08
5.55930e-01 4.92696e+00 7.52267e-08
5.55930e-01 4.94452e+00 6.21417e-08
5.55930e-01 4.95969e+00 5.25866e-08
5.55930e-01 4.97246e+00 4.56320e-08
5.55930e-01 4.98281e+00 4.06376e-08
5.55930e-01 4.99074e+00 3.71660e-08
5.55930e-01 4.99623e+00 3.49260e-08
5.55930e-01 4.99928e+00 3.37358e-08
6.06005e-01 7.15683e-04 1.93056e-07
6.06005e-01 3.77012e-03 5.35726e-06
6.06005e-01 9.26216e-03 3.23300e-05
6.06005e-01 1.71877e-02 1.11292e-04
6.06005e-01 2.75390e-02 2.85494e-04
6.06005e-01 4.03061e-02 6.10695e-04
6.06005e-01 5.54766e-02 1.15415e-03
6.06005e-01 7.30356e-02 1.99296e-03
6.06005e-01 9.29659e-02 3.21152e-03
6.06005e-01 1.15248e-01 4.89788e-03
6.06005e-01 1.39860e-01 7.13882e-03
6.06005e-01 1.66779e-01 1.00135e-02
6.06005e-01 1.95977e-01 1.35858e-02
6.06005e-01 2.27426e-01 1.78952e-02
6.06005e-01 2.61096e-01 2.29474e-02
6.06005e-01 2.96953e-01 2.87048e-02
6.06005e-01 3.34963e-01 3.50783e-02
6.06005e-01 3.75089e-01 4.19221e-02
6.06005e-01 4.17290e-01 4.90332e-02
6.06005e-01 4.61527e-01 5.61574e-02
6.06005e-01 5.07755e-01 6.30033e-02
6.06005e-01 5.55930e-01 6.92633e-02
6.06005e-01 6.06005e-01 7.46417e-02
6.06005e-01 6.57930e-01 7.88847e-02
6.06005e-01 7.11655e-01 8.18072e-02
6.06005e-01 7.67127e-01 8.33122e-02
6.06005e-01 8.24292e-01 8.33965e-02
6.06005e-01 8.83095e-01 8.21444e-02
6.06005e-01 9.43478e-01 7.97096e-02
6.06005e-01 1.00538e+00 7.62915e-02
6.06005e-01 1.06875e+00 7.21109e-02
6.06005e-01 1.13351e+00 6.73883e-02
6.06005e-01 1.19960e+00 6.23290e-02
6.06005e-01 1.26697e+00 5.71135e-02
6.06005e-01 1.33555e+00 5.18925e-02
6.06005e-01 1.40526e+00 4.67864e-02
6.06005e-01 1.47604e+00 4.18867e-02
6.06005e-01 1.54782e+00 3.72579e-02
6.06005e-01 1.62053e+00 3.29405e-02
6.06005e-01 1.69410e+00 2.89539e-02
6.06005e-01 1.76846e+00 2.52987e-02
6.06005e-01 1.84353e+00 2.19600e-02
6.06005e-01 1.91924e+00 1.89104e-02
6.06005e-01 1.99553e+00 1.61145e-02
6.06005e-01 2.07230e+00 1.35336e-02
6.06005e-01 2.14949e+00 1.11325e-02
6.06005e-01 2.22703e+00 8.88585e-03
6.06005e-01 2.30483e+00 6.78556e-03
6.06005e-01 2.38282e+00 4.84518e-03
6.06005e-01 2.46093e+00 3.10087e-03
6.06005e-01 2.53907e+00 1.60596e-03
6.06005e-01 2.61718e+00 4.18384e-04
6.06005e-01 2.69517e+00 -4.17425e-04
6.06005e-01 2.77297e+00 -8.89270e-04
6.06005e-01 2.85051e+00 -1.02911e-03
6.06005e-01 2.92770e+00 -9.11519e-04
6.06005e-01 3.00447e+00 -6.37189e-04
6.06005e-01 3.08076e+00 -3.07507e-04
6.06005e-01 3.15647e+00 -1.44044e-06
6.06005e-01 3.23154e+00 2.35804e-04
6.06005e-01 3.30590e+00 3.90429e-04
6.06005e-01 3.37947e+00 4.69465e-04
6.06005e-01 3.45218e+00 4.89413e-04
6.06005e-01 3.52396e+00 4.68450e-04
6.06005e-01 3.59474e+00 4.22604e-04
6.06005e-01 3.66445e+00 3.64471e-04
6.06005e-01 3.73303e+00 3.03128e-04
6.06005e-01 3.80040e+00 2.44547e-04
6.06005e-01 3.86649e+00 1.92189e-04
6.06005e-01 3.93125e+00 1.47631e-04
6.06005e-01 3.99462e+00 1.11152e-04
6.06005e-01 4.05652e+00 8.22273e-05
6.06005e-01 4.11690e+00 5.99017e-05
6.06005e-01 4.17571e+00 4.30627e-05
6.06005e-01 4.23287e+00 3.06114e-05
6.06005e-01 4.28835e+00 2.15601e-05
6.06005e-01 4.34207e+00 1.50751e-05
6.06005e-01 4.39400e+00 1.04849e-05
6.06005e-01 4.44407e+00 7.26809e-06
6.06005e-01 4.49224e+00 5.03138e-06
6.06005e-01 4.53847e+00 3.48516e-06
6.06005e-01 4.58271e+00 2.42040e-06
6.06005e-01 4.62491e+00 1.68863e-06
6.06005e-01 4.66504e+00 1.18582e-06
6.06005e-01 4.70305e+00 8.39793e-07
6.06005e-01 4.73890e+00 6.00930e-07
6.06005e-01 4.77257e+00 4.35289e-07
6.06005e-01 4.80402e+00 3.19754e-07
6.06005e-01 4.83322e+00 2.38611e-07
6.06005e-01 4.86014e+00 1.81184e-07
6.06005e-01 4.88475e+00 1.40212e-07
6.06005e-01 4.90703e+00 1.10744e-07
6.06005e-01 4.92696e+00 8.93965e-08
6.06005e-01 4.94452e+00 7.38449e-08
6.06005e-01 4.95969e+00 6.24888e-08
6.06005e-01 4.97246e+00 5.42236e-08
6.06005e-01 4.98281e+00 4.82881e-08
6.06005e-01 4.99074e+00 4.41624e-08
6.06005e-01 4.99623e+00 4.15004e-08
6.06005e-01 4.99928e+00 4.00860e-08
6.57930e-01 7.15683e-04 1.90627e-07
6.57930e-01 3.77012e-03 5.28987e-06
6.57930e-01 9.26216e-03 3.19237e-05
6.57930e-01 1.71877e-02 1.09899e-04
6.57930e-01 2.75390e-02 2.81947e-04
6.57930e-01 4.03061e-02 6.03218e-04
6.57930e-01 5.54766e-02 1.14037e-03
6.57930e-01 7.30356e-02 1.97011e-03
6.57930e-01 9.29659e-02 3.17692e-03
6.57930e-01 1.15248e-01 4.84986e-03
6.57930e-01 1.39860e-01 7.07820e-03
6.57930e-01 1.66779e-01 9.94571e-03
6.57930e-01 1.95977e-01 1.35237e-02
6.57930e-01 2.27426e-01 1.78628e-02
6.57930e-01 2.61096e-01 2.29837e-02
6.57930e-01 2.96953e-01 2.88678e-02
6.57930e-01 3.34963e-01 3.54482e-02
6.57930e-01 3.75089e-01 4.26026e-02
6.57930e-01 4.17290e-01 5.01497e-02
6.57930e-01 4.61527e-01 5.78513e-02
6.57930e-01 5.07755e-01 6.54207e-02
6.57930e-01 5.55930e-01 7.25401e-02
6.57930e-01 6.06005e-01 7.88847e-02
6.57930e-01 6.57930e-01 8.41534e-02
6.57930e-01 7.11655e-01 8.81003e-02
6.57930e-01 7.67127e-01 9.05609e-02
6.57930e-01 8.24292e-01 9.14692e-02
6.57930e-01 8.83095e-01 9.08598e-02
6.57930e-01 9.43478e-01 8.88561e-02
6.57930e-01 1.00538e+00 8.56491e-02
6.57930e-01 1.06875e+00 8.14697e-02
6.57930e-01 1.13351e+00 7.65631e-02
6.57930e-01 1.19960e+00 7.11676e-02
6.57930e-01 1.26697e+00 6.54993e-02
6.57930e-01 1.33555e+00 5.97440e-02
6.57930e-01 1.40526e+00 5.40537e-02
6.57930e-01 1.47604e+00 4.85463e-02
6.57930e-01 1.54782e+00 4.33075e-02
6.57930e-01 1.62053e+00 3.83936e-02
6.57930e-01 1.69410e+00 3.38346e-02
6.57930e-01 1.76846e+00 2.96376e-02
6.57930e-01 1.84353e+00 2.57900e-02
6.57930e-01 1.91924e+00 2.22638e-02
6.57930e-01 1.99553e+00 1.90206e-02
6.57930e-01 2.07230e+00 1.60178e-02
6.57930e-01 2.14949e+00 1.32159e-02
6.57930e-01 2.22703e+00 1.05873e-02
6.57930e-01 2.30483e+00 8.12380e-03
6.57930e-01 2.38282e+00 5.84255e-03
6.57930e-01 2.46093e+00 3.78721e-03
6.57930e-01 2.53907e+00 2.02147e-03
6.57930e-01 2.61718e+00 6.14392e-04
6.57930e-01 2.69517e+00 -3.80887e-04
6.57930e-01 2.77297e+00 -9.49168e-04
6.57930e-01 2.85051e+00 -1.12725e-03
6.57930e-01 2.92770e+00 -1.00215e-03
6.57930e-01 3.00447e+00 -6.91762e-04
6.57930e-01 3.08076e+00 -3.14991e-04
6.57930e-01 3.15647e+00 3.54585e-05
6.57930e-01 3.23154e+00 3.06441e-04
6.57930e-01 3.30590e+00 4.81651e-04
6.57930e-01 3.37947e+00 5.69224e-04
6.57930e-01 3.45218e+00 5.88404e-04
6.57930e-01 3.52396e+00 5.60405e-04
6.57930e-01 3.59474e+00 5.03919e-04
6.57930e-01 3.66445e+00 4.33610e-04
6.57930e-01 3.73303e+00 3.60025e-04
6.57930e-01 3.80040e+00 2.90076e-04
6.57930e-01 3.86649e+00 2.27740e-04
6.57930e-01 3.93125e+00 1.74798e-04
6.57930e-01 3.99462e+00 1.31519e-04
6.57930e-01 4.05652e+00 9.72408e-05
6.57930e-01 4.11690e+00 7.08061e-05
6.57930e-01 4.17571e+00 5.08817e-05
6.57930e-01 4.23287e+00 3.61575e-05
6.57930e-01 4.28835e+00 2.54589e-05
6.57930e-01 4.34207e+00 1.77967e-05
6.57930e-01 4.39400e+00 1.23751e-05
6.57930e-01 4.44407e+00 8.57670e-06
6.57930e-01 4.49224e+00 5.93626e-06
6.57930e-01 4.53847e+00 4.11134e-06
6.57930e-01 4.58271e+00 2.85489e-06
6.57930e-01 4.62491e+00 1.99152e-06
6.57930e-01 4.66504e+00 1.39837e-06
6.57930e-01 4.70305e+00 9.90227e-07
6.57930e-01 4.73890e+00 7.08516e-07
6.57930e-01 4.77257e+00 5.13182e-07
6.57930e-01 4.80402e+00 3.76947e-07
6.57930e-01 4.83322e+00 2.81273e-07
6.57930e-01 4.86014e+00 2.13567e-07
6.57930e-01 4.88475e+00 1.65264e-07
6.57930e-01 4.90703e+00 1.30527e-07
6.57930e-01 4.92696e+00 1.05362e-07
6.57930e-01 4.94452e+00 8.70301e-08
6.57930e-01 4.95969e+00 7.36444e-08
6.57930e-01 4.97246e+00 6.39024e-08
6.57930e-01 4.98281e+00 5.69065e-08
6.57930e-01 4.99074e+00 5.20437e-08
6.57930e-01 4.99623e+00 4.89062e-08
6.57930e-01 4.99928e+00 4.72392e-08
7.11655e-01 7.15683e-04 1.85468e-07
7.11655e-01 3.77012e-03 5.14672e-06
7.11655e-01 9.26216e-03 3.10603e-05
7.11655e-01 1.71877e-02 1.06930e-04
7.11655e-01 2.75390e-02 2.74356e-04
7.11655e-01 4.03061e-02 5.87073e-04
7.11655e-01 5.54766e-02 1.11016e-03
7.11655e-01 7.30356e-02 1.91872e-03
7.11655e-01 9.29659e-02 3.09598e-03
7.11655e-01 1.15248e-01 4.73043e-03
7.11655e-01 1.39860e-01 6.91206e-03
7.11655e-01 1.66779e-01 9.72735e-03
7.11655e-01 1.95977e-01 1.32531e-02
7.11655e-01 2.27426e-01 1.75491e-02
7.11655e-01 2.61096e-01 2.26495e-02
7.11655e-01 2.96953e-01 2.85539e-02
7.11655e-01 3.34963e-01 3.52181e-02
7.11655e-01 3.75089e-01 4.25460e-02
7.11655e-01 4.17290e-01 5.03838e-02
7.11655e-01 4.61527e-01 5.85180e-02
7.11655e-01 5.07755e-01 6.66797e-02
7.11655e-01 5.55930e-01 7.45554e-02
7.11655e-01 6.06005e-01 8.18072e-02
7.11655e-01 6.57930e-01 8.81003e-02
7.11655e-01 7.11655e-01 9.31346e-02
7.11655e-01 7.67127e-01 9.66777e-02
7.11655e-01 8.24292e-01 9.85902e-02
7.11655e-01 8.83095e-01 9.88398e-02
7.11655e-01 9.43478e-01 9.74994e-02
7.11655e-01 1.00538e+00 9.47310e-02
7.11655e-01 1.06875e+00 9.07602e-02
7.11655e-01 1.13351e+00 8.58465e-02
7.11655e-01 1.19960e+00 8.02562e-02
7.11655e-01 1.26697e+00 7.42414e-02
7.11655e-01 1.33555e+00 6.80258e-02
7.11655e-01 1.40526e+00 6.17973e-02
7.11655e-01 1.47604e+00 5.57056e-02
7.11655e-01 1.54782e+00 4.98625e-02
7.11655e-01 1.62053e+00 4.43445e-02
7.11655e-01 1.69410e+00 3.91961e-02
7.11655e-01 1.76846e+00 3.44332e-02
7.11655e-01 1.84353e+00 3.00479e-02
7.11655e-01 1.91924e+00 2.60130e-02
7.11655e-01 1.99553e+00 2.22880e-02
7.11655e-01 2.07230e+00 1.88267e-02
7.11655e-01 2.14949e+00 1.55863e-02
7.11655e-01 2.22703e+00 1.25367e-02
7.11655e-01 2.30483e+00 9.67036e-03
7.11655e-01 2.38282e+00 7.00905e-03
7.11655e-01 2.46093e+00 4.60515e-03
7.11655e-01 2.53907e+00 2.53431e-03
7.11655e-01 2.61718e+00 8.78340e-04
7.11655e-01 2.69517e+00 -2.99549e-04
7.11655e-01 2.77297e+00 -9.80487e-04
7.11655e-01 2.85051e+00 -1.20636e-03
7.11655e-01 2.92770e+00 -1.07784e-03
7.11655e-01 3.00447e+00 -7.31804e-04
7.11655e-01 3.08076e+00 -3.06567e-04
7.11655e-01 3.15647e+00 8.98898e-05
7.11655e-01 3.23154e+00 3.95566e-04
7.11655e-01 3.30590e+00 5.91325e-04
7.11655e-01 3.37947e+00 6.86478e-04
7.11655e-01 3.45218e+00 7.03269e-04
7.11655e-01 3.52396e+00 6.66234e-04
7.11655e-01 3.59474e+00 5.96974e-04
7.11655e-01 3.66445e+00 5.12407e-04
7.11655e-01 3.73303e+00 4.24668e-04
7.11655e-01 3.80040e+00 3.41678e-04
7.11655e-01 3.86649e+00 2.67955e-04
7.11655e-01 3.93125e+00 2.05480e-04
7.11655e-01 3.99462e+00 1.54492e-04
7.11655e-01 4.05652e+00 1.14157e-04
7.11655e-01 4.11690e+00 8.30808e-05
7.11655e-01 4.17571e+00 5.96765e-05
7.11655e-01 4.23287e+00 4.23914e-05
7.11655e-01 4.28835e+00 2.98386e-05
7.11655e-01 4.34207e+00 2.08524e-05
7.11655e-01 4.39400e+00 1.44963e-05
7.11655e-01 4.44407e+00 1.00447e-05
7.11655e-01 4.49224e+00 6.95101e-06
7.11655e-01 4.53847e+00 4.81333e-06
7.11655e-01 4.58271e+00 3.34185e-06
7.11655e-01 4.62491e+00 2.33091e-06
7.11655e-01 4.66504e+00 1.63648e-06
7.11655e-01 4.70305e+00 1.15872e-06
7.11655e-01 4.73890e+00 8.28996e-07
7.11655e-01 4.77257e+00 6.00395e-07
7.11655e-01 4.80402e+00 4.40975e-07
7.11655e-01 4.83322e+00 3.29028e-07
7.11655e-01 4.86014e+00 2.49812e-07
7.11655e-01 4.88475e+00 1.93302e-07
7.11655e-01 4.90703e+00 1.52664e-07
7.11655e-01 4.92696e+00 1.23226e-07
7.11655e-01 4.94452e+00 1.01783e-07
7.11655e-01 4.95969e+00 8.61257e-08
7.11655e-01 4.97246e+00 7.47308e-08
7.11655e-01 4.98281e+00 6.65481e-08
7.11655e-01 4.99074e+00 6.08606e-08
7.11655e-01 4.99623e+00 5.71910e-08
7.11655e-01 4.99928e+00 5.52413e-08
7.67127e-01 7.15683e-04 1.78084e-07
7.67127e-01 3.77012e-03 4.94183e-06
7.67127e-01 9.26216e-03 2.98241e-05
7.67127e-01 1.71877e-02 1.02678e-04
7.67127e-01 2.75390e-02 2.63466e-04
7.67127e-01 4.03061e-02 5.63852e-04
7.67127e-01 5.54766e-02 1.06650e-03
7.67127e-01 7.30356e-02 1.84396e-03
7.67127e-01 9.29659e-02 2.97699e-03
7.67127e-01 1.15248e-01 4.55212e-03
7.67127e-01 1.39860e-01 6.65844e-03
7.67127e-01 1.66779e-01 9.38330e-03
7.67127e-01 1.95977e-01 1.28069e-02
7.67127e-01 2.27426e-01 1.69958e-02
7.67127e-01 2.61096e-01 2.19955e-02
7.67127e-01 2.96953e-01 2.78218e-02
7.67127e-01 3.34963e-01 3.44521e-02
7.67127e-01 3.75089e-01 4.18169e-02
7.67127e-01 4.17290e-01 4.97925e-02
7.67127e-01 4.61527e-01 5.81964e-02
7.67127e-01 5.07755e-01 6.67873e-02
7.67127e-01 5.55930e-01 7.52706e-02
7.67127e-01 6.06005e-01 8.33122e-02
7.67127e-01 6.57930e-01 9.05609e-02
7.67127e-01 7.11655e-01 9.66777e-02
7.67127e-01 7.67127e-01 1.01370e-01
7.67127e-01 8.24292e-01 1.04422e-01
7.67127e-01 8.83095e-01 1.05725e-01
7.67127e-01 9.43478e-01 1.05279e-01
7.67127e-01 1.00538e+00 1.03197e-01
7.67127e-01 1.06875e+00 9.96771e-02
7.67127e-01 1.13351e+00 9.49763e-02
7.67127e-01 1.19960e+00 8.93790e-02
7.67127e-01 1.26697e+00 8.31687e-02
7.67127e-01 1.33555e+00 7.66075e-02
7.67127e-01 1.40526e+00 6.99224e-02
7.67127e-01 1.47604e+00 6.32997e-02
7.67127e-01 1.54782e+00 5.68825e-02
7.67127e-01 1.62053e+00 5.07723e-02
7.67127e-01 1.69410e+00 4.50323e-02
7.67127e-01 1.76846e+00 3.96912e-02
7.67127e-01 1.84353e+00 3.47481e-02
7.67127e-01 1.91924e+00 3.01785e-02
7.67127e-01 1.99553e+00 2.59413e-02
7.67127e-01 2.07230e+00 2.19877e-02
7.67127e-01 2.14949e+00 1.82718e-02
7.67127e-01 2.22703e+00 1.47620e-02
7.67127e-01 2.30483e+00 1.14522e-02
7.67127e-01 2.38282e+00 8.36980e-03
7.67127e-01 2.46093e+00 5.57750e-03
7.67127e-01 2.53907e+00 3.16466e-03
7.67127e-01 2.61718e+00 1.22769e-03
7.67127e-01 2.69517e+00 -1.58592e-04
7.67127e-01 2.77297e+00 -9.70835e-04
7.67127e-01 2.85051e+00 -1.25619e-03
7.67127e-01 2.92770e+00 -1.13011e-03
7.67127e-01 3.00447e+00 -7.50308e-04
7.67127e-01 3.08076e+00 -2.76449e-04
7.67127e-01 3.15647e+00 1.66619e-04
7.67127e-01 3.23154e+00 5.07078e-04
7.67127e-01 3.30590e+00 7.22608e-04
7.67127e-01 3.37947e+00 8.23751e-04
7.67127e-01 3.45218e+00 8.35999e-04
7.67127e-01 3.52396e+00 7.87484e-04
7.67127e-01 3.59474e+00 7.02955e-04
7.67127e-01 3.66445e+00 6.01757e-04
7.67127e-01 3.73303e+00 4.97724e-04
7.67127e-01 3.80040e+00 3.99843e-04
7.67127e-01 3.86649e+00 3.13190e-04
7.67127e-01 3.93125e+00 2.39934e-04
7.67127e-01 3.99462e+00 1.80252e-04
7.67127e-01 4.05652e+00 1.33102e-04
7.67127e-01 4.11690e+00 9.68142e-05
7.67127e-01 4.17571e+00 6.95078e-05
7.67127e-01 4.23287e+00 4.93548e-05
7.67127e-01 4.28835e+00 3.47277e-05
7.67127e-01 4.34207e+00 2.42616e-05
7.67127e-01 4.39400e+00 1.68618e-05
7.67127e-01 4.44407e+00 1.16810e-05
7.67127e-01 4.49224e+00 8.08165e-06
7.67127e-01 4.53847e+00 5.59522e-06
7.67127e-01 4.58271e+00 3.88407e-06
7.67127e-01 4.62491e+00 2.70871e-06
7.67127e-01 4.66504e+00 1.90147e-06
7.67127e-01 4.70305e+00 1.34619e-06
7.67127e-01 4.73890e+00 9.63021e-07
7.67127e-01 4.77257e+00 6.97397e-07
7.67127e-01 4.80402e+00 5.12178e-07
7.67127e-01 4.83322e+00 3.82128e-07
7.67127e-01 4.86014e+00 2.90109e-07
7.67127e-01 4.88475e+00 2.24470e-07
7.67127e-01 4.90703e+00 1.77270e-07
7.67127e-01 4.92696e+00 1.43082e-07
7.67127e-01 4.94452e+00 1.18179e-07
7.67127e-01 4.95969e+00 9.99962e-08
7.67127e-01 4.97246e+00 8.67639e-08
7.67127e-01 4.98281e+00 7.72621e-08
7.67127e-01 4.99074e+00 7.06578e-08
7.67127e-01 4.99623e+00 6.63968e-08
7.67127e-01 4.99928e+00 6.41328e-08
8.24292e-01 7.15683e-04 1.68993e-07
8.24292e-01 3.77012e-03 4.68958e-06
8.24292e-01 9.26216e-03 2.83021e-05
8.24292e-01 1.71877e-02 9.74410e-05
8.24292e-01 2.75390e-02 2.50045e-04
8.24292e-01 4.03061e-02 5.35195e-04
8.24292e-01 5.54766e-02 1.01251e-03
8.24292e-01 7.30356e-02 1.75118e-03
8.24292e-01 9.29659e-02 2.82855e-03
8.24292e-01 1.15248e-01 4.32805e-03
8.24292e-01 1.39860e-01 6.33646e-03
8.24292e-01 1.66779e-01 8.94025e-03
8.24292e-01 1.95977e-01 1.22210e-02
8.24292e-01 2.27426e-01 1.62499e-02
8.24292e-01 2.61096e-01 2.10809e-02
8.24292e-01 2.96953e-01 2.67434e-02
8.24292e-01 3.34963e-01 3.32341e-02
8.24292e-01 3.75089e-01 4.05085e-02
8.24292e-01 4.17290e-01 4.84731e-02
8.24292e-01 4.61527e-01 5.69795e-02
8.24292e-01 5.07755e-01 6.58202e-02
8.24292e-01 5.55930e-01 7.47307e-02
8.24292e-01 6.06005e-01 8.33965e-02
8.24292e-01 6.57930e-01 9.14692e-02
8.24292e-01 7.11655e-01 9.85902e-02
8.24292e-01 7.67127e-01 1.04422e-01
8.24292e-01 8.24292e-01 1.08684e-01
8.24292e-01 8.83095e-01 1.11183e-01
8.24292e-01 9.43478e-01 1.11839e-01
8.24292e-01 1.00538e+00 1.10690e-01
8.24292e-01 1.06875e+00 1.07882e-01
8.24292e-01 1.13351e+00 1.03650e-01
8.24292e-01 1.19960e+00 9.82769e-02
8.24292e-01 1.26697e+00 9.20689e-02
8.24292e-01 1.33555e+00 8.53217e-02
8.24292e-01 1.40526e+00 7.83027e-02
8.24292e-01 1.47604e+00 7.12377e-02
8.24292e-01 1.54782e+00 6.43063e-02
8.24292e-01 1.62053e+00 5.76402e-02
8.24292e-01 1.69410e+00 5.13262e-02
8.24292e-01 1.76846e+00 4.54097e-02
8.24292e-01 1.84353e+00 3.99002e-02
8.24292e-01 1.91924e+00 3.47784e-02
8.24292e-01 1.99553e+00 3.00045e-02
8.24292e-01 2.07230e+00 2.55283e-02
8.24292e-01 2.14949e+00 2.13020e-02
8.24292e-01 2.22703e+00 1.72935e-02
8.24292e-01 2.30483e+00 1.34990e-02
8.24292e-01 2.38282e+00 9.95304e-03
8.24292e-01 2.46093e+00 6.73028e-03
8.24292e-01 2.53907e+00 3.93587e-03
8.24292e-01 2.61718e+00 1.68291e-03
8.24292e-01 2.69517e+00 5.95265e-05
8.24292e-01 2.77297e+00 -9.05424e-04
8.24292e-01 2.85051e+00 -1.26442e-03
8.24292e-01 2.92770e+00 -1.14882e-03
8.24292e-01 3.00447e+00 -7.38954e-04
8.24292e-01 3.08076e+00 -2.17851e-04
8.24292e-01 3.15647e+00 2.71144e-04
8.24292e-01 3.23154e+00 6.45394e-04
8.24292e-01 3.30590e+00 8.79008e-04
8.24292e-01 3.37947e+00 9.83797e-04
8.24292e-01 3.45218e+00 9.88723e-04
8.24292e-01 3.52396e+00 9.25781e-04
8.24292e-01 3.59474e+00 8.23086e-04
8.24292e-01 3.66445e+00 7.02569e-04
8.24292e-01 3.73303e+00 5.79861e-04
8.24292e-01 3.80040e+00 4.65054e-04
8.24292e-01 3.86649e+00 3.63790e-04
8.24292e-01 3.93125e+00 2.78402e-04
8.24292e-01 3.99462e+00 2.08969e-04
8.24292e-01 4.05652e+00 1.54195e-04
8.24292e-01 4.11690e+00 1.12088e-04
8.24292e-01 4.17571e+00 8.04313e-05
8.24292e-01 4.23287e+00 5.70855e-05
8.24292e-01 4.28835e+00 4.01517e-05
8.24292e-01 4.34207e+00 2.80414e-05
8.24292e-01 4.39400e+00 1.94830e-05
8.24292e-01 4.44407e+00 1.34933e-05
8.24292e-01 4.49224e+00 9.33337e-06
8.24292e-01 4.53847e+00 6.46051e-06
8.24292e-01 4.58271e+00 4.48392e-06
8.24292e-01 4.62491e+00 3.12653e-06
8.24292e-01 4.66504e+00 2.19446e-06
8.24292e-01 4.70305e+00 1.55342e-06
8.24292e-01 4.73890e+00 1.11114e-06
8.24292e-01 4.77257e+00 8.04580e-07
8.24292e-01 4.80402e+00 5.90841e-07
8.24292e-01 4.83322e+00 4.40781e-07
8.24292e-01 4.86014e+00 3.34614e-07
8.24292e-01 4.88475e+00 2.58889e-07
8.24292e-01 4.90703e+00 2.04441e-07
8.24292e-01 4.92696e+00 1.65004e-07
8.24292e-01 4.94452e+00 1.36280e-07
8.24292e-01 4.95969e+00 1.15308e-07
8.24292e-01 4.97246e+00 1.00047e-07
8.24292e-01 4.98281e+00 8.90884e-08
8.24292e-01 4.99074e+00 8.14718e-08
8.24292e-01 4.99623e+00 7.65577e-08
8.24292e-01 4.99928e+00 7.39468e-08
8.83095e-01 7.15683e-04 1.58688e-07
8.83095e-01 3.77012e-03 4.40361e-06
8.83095e-01 9.26216e-03 2.65765e-05
8.83095e-01 1.71877e-02 9.15024e-05
8.83095e-01 2.75390e-02 2.34819e-04
8.83095e-01 4.03061e-02 5.02660e-04
8.83095e-01 5.54766e-02 9.51132e-04
8.83095e-01 7.30356e-02 1.64549e-03
8.83095e-01 9.29659e-02 2.65893e-03
8.83095e-01 1.15248e-01 4.07088e-03
8.83095e-01 1.39860e-01 5.96465e-03
8.83095e-01 1.66779e-01 8.42441e-03
8.83095e-01 1.95977e-01 1.15313e-02
8.83095e-01 2.27426e-01 1.53588e-02
8.83095e-01 2.61096e-01 1.99668e-02
8.83095e-01 2.96953e-01 2.53953e-02
8.83095e-01 3.34963e-01 3.16570e-02
8.83095e-01 3.75089e-01 3.87297e-02
8.83095e-01 4.17290e-01 4.65483e-02
8.83095e-01 4.61527e-01 5.49978e-02
8.83095e-01 5.07755e-01 6.39079e-02
8.83095e-01 5.55930e-01 7.30510e-02
8.83095e-01 6.06005e-01 8.21444e-02
8.83095e-01 6.57930e-01 9.08598e-02
8.83095e-01 7.11655e-01 9.88398e-02
8.83095e-01 7.67127e-01 1.05725e-01
8.83095e-01 8.24292e-01 1.11183e-01
8.83095e-01 8.83095e-01 1.14951e-01
8.83095e-01 9.43478e-01 1.16860e-01
8.83095e-01 1.00538e+00 1.16860e-01
8.83095e-01 1.06875e+00 1.15025e-01
8.83095e-01 1.13351e+00 1.11535e-01
8.83095e-01 1.19960e+00 1.06653e-01
8.83095e-01 1.26697e+00 1.00689e-01
8.83095e-01 1.33555e+00 9.39628e-02
8.83095e-01 1.40526e+00 8.67773e-02
8.83095e-01 1.47604e+00 7.93998e-02
8.83095e-01 1.54782e+00 7.20494e-02
8.83095e-01 1.62053e+00 6.48934e-02
8.83095e-01 1.69410e+00 5.80470e-02
8.83095e-01 1.76846e+00 5.15769e-02
8.83095e-01 1.84353e+00 4.55073e-02
8.83095e-01 1.91924e+00 3.98270e-02
8.83095e-01 1.99553e+00 3.44999e-02
8.83095e-01 2.07230e+00 2.94764e-02
8.83095e-01 2.14949e+00 2.47082e-02
8.83095e-01 2.22703e+00 2.01637e-02
8.83095e-01 2.30483e+00 1.58433e-02
8.83095e-01 2.38282e+00 1.17901e-02
8.83095e-01 2.46093e+00 8.09278e-03
8.83095e-01 2.53907e+00 4.87453e-03
8.83095e-01 2.61718e+00 2.26752e-03
8.83095e-01 2.69517e+00 3.75184e-04
8.83095e-01 2.77297e+00 -7.66967e-04
8.83095e-01 2.85051e+00 -1.21664e-03
8.83095e-01 2.92770e+00 -1.12209e-03
8.83095e-01 3.00447e+00 -6.88073e-04
8.83095e-01 3.08076e+00 -1.22978e-04
8.83095e-01 3.15647e+00 4.09689e-04
8.83095e-01 3.23154e+00 8.15427e-04
8.83095e-01 3.30590e+00 1.06436e-03
8.83095e-01 3.37947e+00 1.16956e-03
8.83095e-01 3.45218e+00 1.16368e-03
8.83095e-01 3.52396e+00 1.08280e-03
8.83095e-01 3.59474e+00 9.58603e-04
8.83095e-01 3.66445e+00 8.15744e-04
8.83095e-01 3.73303e+00 6.71724e-04
8.83095e-01 3.80040e+00 5.37771e-04
8.83095e-01 3.86649e+00 4.20079e-04
8.83095e-01 3.93125e+00 3.21110e-04
8.83095e-01 3.99462e+00 2.40798e-04
8.83095e-01 4.05652e+00 1.77541e-04
8.83095e-01 4.11690e+00 1.28972e-04
8.83095e-01 4.17571e+00 9.24947e-05
8.83095e-01 4.23287e+00 6.56154e-05
8.83095e-01 4.28835e+00 4.61317e-05
8.83095e-01 4.34207e+00 3.22059e-05
8.83095e-01 4.39400e+00 2.23692e-05
8.83095e-01 4.44407e+00 1.54878e-05
8.83095e-01 4.49224e+00 1.07103e-05
8.83095e-01 4.53847e+00 7.41195e-06
8.83095e-01 4.58271e+00 5.14325e-06
8.83095e-01 4.62491e+00 3.58564e-06
8.83095e-01 4.66504e+00 2.51630e-06
8.83095e-01 4.70305e+00 1.78100e-06
8.83095e-01 4.73890e+00 1.27376e-06
8.83095e-01 4.77257e+00 9.22233e-07
8.83095e-01 4.80402e+00 6.77171e-07
8.83095e-01 4.83322e+00 5.05140e-07
8.83095e-01 4.86014e+00 3.83442e-07
8.83095e-01 4.88475e+00 2.96646e-07
8.83095e-01 4.90703e+00 2.34243e-07
8.83095e-01 4.92696e+00 1.89047e-07
8.83095e-01 4.94452e+00 1.56131e-07
8.83095e-01 4.95969e+00 1.32099e-07
8.83095e-01 4.97246e+00 1.14612e-07
8.83095e-01 4.98281e+00 1.02055e-07
8.83095e-01 4.99074e+00 9.33284e-08
8.83095e-01 4.99623e+00 8.76980e-08
8.83095e-01 4.99928e+00 8.47065e-08
9.43478e-01 7.15683e-04 1.47608e-07
9.43478e-01 3.77012e-03 4.09616e-06
9.43478e-01 9.26216e-03 2.47212e-05
9.43478e-01 1.71877e-02 8.51164e-05
9.43478e-01 2.75390e-02 2.18442e-04
9.43478e-01 4.03061e-02 4.67646e-04
9.43478e-01 5.54766e-02 8.85017e-04
9.43478e-01 7.30356e-02 1.53148e-03
9.43478e-01 9.29659e-02 2.47559e-03
9.43478e-01 1.15248e-01 3.79207e-03
9.43478e-01 1.39860e-01 5.55993e-03
9.43478e-01 1.66779e-01 7.85984e-03
9.43478e-01 1.95977e-01 1.07710e-02
9.43478e-01 2.27426e-01 1.43671e-02
9.43478e-01 2.61096e-01 1.87117e-02
9.43478e-01 2.96953e-01 2.38522e-02
9.43478e-01 3.34963e-01 2.98141e-02
9.43478e-01 3.75089e-01 3.65937e-02
9.43478e-01 4.17290e-01 4.41508e-02
9.43478e-01 4.61527e-01 5.24018e-02
9.43478e-01 5.07755e-01 6.12131e-02
9.43478e-01 5.55930e-01 7.03968e-02
9.43478e-01 6.06005e-01 7.97096e-02
9.43478e-01 6.57930e-01 8.88561e-02
9.43478e-01 7.11655e-01 9.74994e-02
9.43478e-01 7.67127e-01 1.05279e-01
9.43478e-01 8.24292e-01 1.11839e-01
9.43478e-01 8.83095e-01 1.16860e-01
9.43478e-01 9.43478e-01 1.20096e-01
9.43478e-01 1.00538e+00 1.21405e-01
9.43478e-01 1.06875e+00 1.20768e-01
9.43478e-01 1.13351e+00 1.18291e-01
9.43478e-01 1.19960e+00 1.14186e-01
9.43478e-01 1.26697e+00 1.08743e-01
9.43478e-01 1.33555e+00 1.02288e-01
9.43478e-01 1.40526e+00 9.51502e-02
9.43478e-01 1.47604e+00 8.76345e-02
9.43478e-01 1.54782e+00 8.00009e-02
9.43478e-01 1.62053e+00 7.24556e-02
9.43478e-01 1.69410e+00 6.51472e-02
9.43478e-01 1.76846e+00 5.81691e-02
9.43478e-01 1.84353e+00 5.15640e-02
9.43478e-01 1.91924e+00 4.53332e-02
9.43478e-01 1.99553e+00 3.94470e-02
9.43478e-01 2.07230e+00 3.38589e-02
9.43478e-01 2.14949e+00 2.85219e-02
9.43478e-01 2.22703e+00 2.34069e-02
9.43478e-01 2.30483e+00 1.85201e-02
9.43478e-01 2.38282e+00 1.39152e-02
9.43478e-01 2.46093e+00 9.69737e-03
9.43478e-01 2.53907e+00 6.01041e-03
9.43478e-01 2.61718e+00 3.00815e-03
9.43478e-01 2.69517e+00 8.11590e-04
9.43478e-01 2.77297e+00 -5.35667e-04
9.43478e-01 2.85051e+00 -1.09628e-03
9.43478e-01 2.92770e+00 -1.03632e-03
9.43478e-01 3.00447e+00 -5.86670e-04
9.43478e-01 3.08076e+00 1.69432e-05
9.43478e-01 3.15647e+00 5.89156e-04
9.43478e-01 3.23154e+00 1.02253e-03
9.43478e-01 3.30590e+00 1.28275e-03
9.43478e-01 3.37947e+00 1.38414e-03
9.43478e-01 3.45218e+00 1.36316e-03
9.43478e-01 3.52396e+00 1.26022e-03
9.43478e-01 3.59474e+00 1.11072e-03
9.43478e-01 3.66445e+00 9.42141e-04
9.43478e-01 3.73303e+00 7.73917e-04
9.43478e-01 3.80040e+00 6.18411e-04
9.43478e-01 3.86649e+00 4.82340e-04
9.43478e-01 3.93125e+00 3.68250e-04
9.43478e-01 3.99462e+00 2.75867e-04
9.43478e-01 4.05652e+00 2.03225e-04
9.43478e-01 4.11690e+00 1.47524e-04
9.43478e-01 4.17571e+00 1.05735e-04
9.43478e-01 4.23287e+00 7.49680e-05
9.43478e-01 4.28835e+00 5.26830e-05
9.43478e-01 4.34207e+00 3.67649e-05
9.43478e-01 4.39400e+00 2.55268e-05
9.43478e-01 4.44407e+00 1.76686e-05
9.43478e-01 4.49224e+00 1.22150e-05
9.43478e-01 4.53847e+00 8.45124e-06
9.43478e-01 4.58271e+00 5.86317e-06
9.43478e-01 4.62491e+00 4.08675e-06
9.43478e-01 4.66504e+00 2.86748e-06
9.43478e-01 4.70305e+00 2.02925e-06
9.43478e-01 4.73890e+00 1.45111e-06
9.43478e-01 4.77257e+00 1.05051e-06
9.43478e-01 4.80402e+00 7.71277e-07
9.43478e-01 4.83322e+00 5.75284e-07
9.43478e-01 4.86014e+00 4.36649e-07
9.43478e-01 4.88475e+00 3.37784e-07
9.43478e-01 4.90703e+00 2.66709e-07
9.43478e-01 4.92696e+00 2.15237e-07
9.43478e-01 4.94452e+00 1.77752e-07
9.43478e-01 4.95969e+00 1.50386e-07
9.43478e-01 4.97246e+00 1.30473e-07
9.43478e-01 4.98281e+00 1.16176e-07
9.43478e-01 4.99074e+00 1.06239e-07
9.43478e-01 4.99623e+00 9.98285e-08
9.43478e-01 4.99928e+00 9.64225e-08
1.00538e+00 7.15683e-04 1.36132e-07
1.00538e+00 3.77012e-03 3.77769e-06
1.00538e+00 9.26216e-03 2.27993e-05
1.00538e+00 1.71877e-02 7.85008e-05
1.00538e+00 2.75390e-02 2.01472e-04
1.00538e+00 4.03061e-02 4.31352e-04
1.00538e+00 5.54766e-02 8.16439e-04
1.00538e+00 7.30356e-02 1.41311e-03
1.00538e+00 9.29659e-02 2.28494e-03
1.00538e+00 1.15248e-01 3.50155e-03
1.00538e+00 1.39860e-01 5.13697e-03
1.00538e+00 1.66779e-01 7.26754e-03
1.00538e+00 1.95977e-01 9.96926e-03
1.00538e+00 2.27426e-01 1.33145e-02
1.00538e+00 2.61096e-01 1.73680e-02
1.00538e+00 2.96953e-01 2.21823e-02
1.00538e+00 3.34963e-01 2.77920e-02
1.00538e+00 3.75089e-01 3.42082e-02
1.00538e+00 4.17290e-01 4.14117e-02
1.00538e+00 4.61527e-01 4.93463e-02
1.00538e+00 5.07755e-01 5.79124e-02
1.00538e+00 5.55930e-01 6.69612e-02
1.00538e+00 6.06005e-01 7.62915e-02
1.00538e+00 6.57930e-01 8.56491e-02
1.00538e+00 7.11655e-01 9.47310e-02
1.00538e+00 7.67127e-01 1.03197e-01
1.00538e+00 8.24292e-01 1.10690e-01
1.00538e+00 8.83095e-01 1.16860e-01
1.00538e+00 9.43478e-01 1.21405e-01
1.00538e+00 1.00538e+00 1.24098e-01
1.00538e+00 1.06875e+00 1.24825e-01
1.00538e+00 1.13351e+00 1.23597e-01
1.00538e+00 1.19960e+00 1.20549e-01
1.00538e+00 1.26697e+00 1.15922e-01
1.00538e+00 1.33555e+00 1.10023e-01
1.00538e+00 1.40526e+00 1.03191e-01
1.00538e+00 1.47604e+00 9.57571e-02
1.00538e+00 1.54782e+00 8.80199e-02
1.00538e+00 1.62053e+00 8.02255e-02
1.00538e+00 1.69410e+00 7.25598e-02
1.00538e+00 1.76846e+00 6.51471e-02
1.00538e+00 1.84353e+00 5.80540e-02
1.00538e+00 1.91924e+00 5.12983e-02
1.00538e+00 1.99553e+00 4.48604e-02
1.00538e+00 2.07230e+00 3.86999e-02
1.00538e+00 2.14949e+00 3.27738e-02
1.00538e+00 2.22703e+00 2.70577e-02
1.00538e+00 2.30483e+00 2.15657e-02
1.00538e+00 2.38282e+00 1.63648e-02
1.00538e+00 2.46093e+00 1.15791e-02
1.00538e+00 2.53907e+00 7.37608e-03
1.00538e+00 2.61718e+00 3.93422e-03
1.00538e+00 2.69517e+00 1.39461e-03
1.00538e+00 2.77297e+00 -1.89360e-04
1.00538e+00 2.85051e+00 -8.84806e-04
1.00538e+00 2.92770e+00 -8.76303e-04
1.00538e+00 3.00447e+00 -4.22522e-04
1.00538e+00 3.08076e+00 2.11556e-04
1.00538e+00 3.15647e+00 8.17027e-04
1.00538e+00 3.23154e+00 1.27242e-03
1.00538e+00 3.30590e+00 1.53847e-03
1.00538e+00 3.37947e+00 1.63068e-03
1.00538e+00 3.45218e+00 1.58945e-03
1.00538e+00 3.52396e+00 1.45966e-03
1.00538e+00 3.59474e+00 1.28056e-03
1.00538e+00 3.66445e+00 1.08254e-03
1.00538e+00 3.73303e+00 8.86967e-04
1.00538e+00 3.80040e+00 7.07323e-04
1.00538e+00 3.86649e+00 5.50803e-04
1.00538e+00 3.93125e+00 4.19969e-04
1.00538e+00 3.99462e+00 3.14270e-04
1.00538e+00 4.05652e+00 2.31304e-04
1.00538e+00 4.11690e+00 1.67779e-04
1.00538e+00 4.17571e+00 1.20172e-04
1.00538e+00 4.23287e+00 8.51562e-05
1.00538e+00 4.28835e+00 5.98132e-05
1.00538e+00 4.34207e+00 4.17227e-05
1.00538e+00 4.39400e+00 2.89583e-05
1.00538e+00 4.44407e+00 2.00370e-05
1.00538e+00 4.49224e+00 1.38483e-05
1.00538e+00 4.53847e+00 9.57878e-06
1.00538e+00 4.58271e+00 6.64387e-06
1.00538e+00 4.62491e+00 4.62995e-06
1.00538e+00 4.66504e+00 3.24802e-06
1.00538e+00 4.70305e+00 2.29817e-06
1.00538e+00 4.73890e+00 1.64317e-06
1.00538e+00 4.77257e+00 1.18939e-06
1.00538e+00 4.80402e+00 8.73142e-07
1.00538e+00 4.83322e+00 6.51196e-07
1.00538e+00 4.86014e+00 4.94222e-07
1.00538e+00 4.88475e+00 3.82290e-07
1.00538e+00 4.90703e+00 3.01829e-07
1.00538e+00 4.92696e+00 2.43564e-07
1.00538e+00 4.94452e+00 2.01134e-07
1.00538e+00 4.95969e+00 1.70161e-07
1.00538e+00 4.97246e+00 1.47624e-07
1.00538e+00 4.98281e+00 1.31444e-07
1.00538e+00 4.99074e+00 1.20198e-07
1.00538e+00 4.99623e+00 1.12943e-07
1.00538e+00 4.99928e+00 1.09089e-07
1.06875e+00 7.15683e-04 1.24569e-07
1.06875e+00 3.77012e-03 3.45683e-06
1.06875e+00 9.26216e-03 2.08629e-05
1.06875e+00 1.71877e-02 7.18348e-05
1.06875e+00 2.75390e-02 1.84371e-04
1.06875e+00 4.03061e-02 3.94765e-04
1.06875e+00 5.54766e-02 7.47276e-04
1.06875e+00 7.30356e-02 1.29363e-03
1.06875e+00 9.29659e-02 2.09230e-03
1.06875e+00 1.15248e-01 3.20754e-03
1.06875e+00 1.39860e-01 4.70801e-03
1.06875e+00 1.66779e-01 6.66510e-03
1.06875e+00 1.95977e-01 9.15074e-03
1.06875e+00 2.27426e-01 1.22347e-02
1.06875e+00 2.61096e-01 1.59811e-02
1.06875e+00 2.96953e-01 2.04451e-02
1.06875e+00 3.34963e-01 2.56676e-02
1.06875e+00 3.75089e-01 3.16708e-02
1.06875e+00 4.17290e-01 3.84521e-02
1.06875e+00 4.61527e-01 4.59786e-02
1.06875e+00 5.07755e-01 5.41801e-02
1.06875e+00 5.55930e-01 6.29442e-02
1.06875e+00 6.06005e-01 7.21109e-02
1.06875e+00 6.57930e-01 8.14697e-02
1.06875e+00 7.11655e-01 9.07602e-02
1.06875e+00 7.67127e-01 9.96771e-02
1.06875e+00 8.24292e-01 1.07882e-01
1.06875e+00 8.83095e-01 1.15025e-01
1.06875e+00 9.43478e-01 1.20768e-01
1.06875e+00 1.00538e+00 1.24825e-01
1.06875e+00 1.06875e+00 1.26993e-01
1.06875e+00 1.13351e+00 1.27185e-01
1.06875e+00 1.19960e+00 1.25438e-01
1.06875e+00 1.26697e+00 1.21915e-01
1.06875e+00 1.33555e+00 1.16875e-01
1.06875e+00 1.40526e+00 1.10640e-01
1.06875e+00 1.47604e+00 1.03551e-01
1.06875e+00 1.54782e+00 9.59344e-02
1.06875e+00 1.62053e+00 8.80739e-02
1.06875e+00 1.69410e+00 8.01936e-02
1.06875e+00 1.76846e+00 7.24527e-02
1.06875e+00 1.84353e+00 6.49462e-02
1.06875e+00 1.91924e+00 5.77126e-02
1.06875e+00 1.99553e+00 5.07471e-02
1.06875e+00 2.07230e+00 4.40189e-02
1.06875e+00 2.14949e+00 3.74921e-02
1.06875e+00 2.22703e+00 3.11498e-02
1.06875e+00 2.30483e+00 2.50169e-02
1.06875e+00 2.38282e+00 1.91764e-02
1.06875e+00 2.46093e+00 1.37747e-02
1.06875e+00 2.53907e+00 9.00628e-03
1.06875e+00 2.61718e+00 5.07745e-03
1.06875e+00 2.69517e+00 2.15235e-03
1.06875e+00 2.77297e+00 2.96168e-04
1.06875e+00 2.85051e+00 -5.61899e-04
1.06875e+00 2.92770e+00 -6.25449e-04
1.06875e+00 3.00447e+00 -1.82382e-04
1.06875e+00 3.08076e+00 4.71199e-04
1.06875e+00 3.15647e+00 1.10120e-03
1.06875e+00 3.23154e+00 1.57099e-03
1.06875e+00 3.30590e+00 1.83584e-03
1.06875e+00 3.37947e+00 1.91227e-03
1.06875e+00 3.45218e+00 1.84472e-03
1.06875e+00 3.52396e+00 1.68260e-03
1.06875e+00 3.59474e+00 1.46912e-03
1.06875e+00 3.66445e+00 1.23759e-03
1.06875e+00 3.73303e+00 1.01128e-03
1.06875e+00 3.80040e+00 8.04758e-04
1.06875e+00 3.86649e+00 6.25615e-04
1.06875e+00 3.93125e+00 4.76349e-04
1.06875e+00 3.99462e+00 3.56050e-04
1.06875e+00 4.05652e+00 2.61802e-04
1.06875e+00 4.11690e+00 1.89744e-04
1.06875e+00 4.17571e+00 1.35809e-04
1.06875e+00 4.23287e+00 9.61786e-05
1.06875e+00 4.28835e+00 6.75197e-05
1.06875e+00 4.34207e+00 4.70766e-05
1.06875e+00 4.39400e+00 3.26610e-05
1.06875e+00 4.44407e+00 2.25910e-05
1.06875e+00 4.49224e+00 1.56085e-05
1.06875e+00 4.53847e+00 1.07933e-05
1.06875e+00 4.58271e+00 7.48437e-06
1.06875e+00 4.62491e+00 5.21452e-06
1.06875e+00 4.66504e+00 3.65738e-06
1.06875e+00 4.70305e+00 2.58735e-06
1.06875e+00 4.73890e+00 1.84965e-06
1.06875e+00 4.77257e+00 1.33866e-06
1.06875e+00 4.80402e+00 9.82593e-07
1.06875e+00 4.83322e+00 7.32743e-07
1.06875e+00 4.86014e+00 5.56055e-07
1.06875e+00 4.88475e+00 4.30082e-07
1.06875e+00 4.90703e+00 3.39535e-07
1.06875e+00 4.92696e+00 2.73973e-07
1.06875e+00 4.94452e+00 2.26233e-07
1.06875e+00 4.95969e+00 1.91385e-07
1.06875e+00 4.97246e+00 1.66031e-07
1.06875e+00 4.98281e+00 1.47828e-07
1.06875e+00 4.99074e+00 1.35178e-07
1.06875e+00 4.99623e+00 1.27017e-07
1.06875e+00 4.99928e+00 1.22681e-07
1.13351e+00 7.15683e-04 1.13168e-07
1.13351e+00 3.77012e-03 3.14045e-06
1.13351e+00 9.26216e-03 1.89536e-05
1.13351e+00 1.71877e-02 6.52617e-05
1.13351e+00 2.75390e-02 1.67505e-04
1.13351e+00 4.03061e-02 3.58675e-04
1.13351e+00 5.54766e-02 6.79027e-04
1.13351e+00 7.30356e-02 1.17566e-03
1.13351e+00 9.29659e-02 1.90194e-03
1.13351e+00 1.15248e-01 2.91664e-03
1.13351e+00 1.39860e-01 4.28290e-03
1.13351e+00 1.66779e-01 6.06678e-03
1.13351e+00 1.95977e-01 8.33548e-03
1.13351e+00 2.27426e-01 1.11551e-02
1.13351e+00 2.61096e-01 1.45882e-02
1.13351e+00 2.96953e-01 1.86901e-02
1.13351e+00 3.34963e-01 2.35056e-02
1.13351e+00 3.75089e-01 2.90648e-02
1.13351e+00 4.17290e-01 3.53780e-02
1.13351e+00 4.61527e-01 4.24304e-02
1.13351e+00 5.07755e-01 5.01770e-02
1.13351e+00 5.55930e-01 5.85371e-02
1.13351e+00 6.06005e-01 6.73883e-02
1.13351e+00 6.57930e-01 7.65631e-02
1.13351e+00 7.11655e-01 8.58465e-02
1.13351e+00 7.67127e-01 9.49763e-02
1.13351e+00 8.24292e-01 1.03650e-01
1.13351e+00 8.83095e-01 1.11535e-01
1.13351e+00 9.43478e-01 1.18291e-01
1.13351e+00 1.00538e+00 1.23597e-01
1.13351e+00 1.06875e+00 1.27185e-01
1.13351e+00 1.13351e+00 1.28876e-01
1.13351e+00 1.19960e+00 1.28605e-01
1.13351e+00 1.26697e+00 1.26435e-01
1.13351e+00 1.33555e+00 1.22549e-01
1.13351e+00 1.40526e+00 1.17218e-01
1.13351e+00 1.47604e+00 1.10770e-01
1.13351e+00 1.54782e+00 1.03541e-01
1.13351e+00 1.62053e+00 9.58409e-02
1.13351e+00 1.69410e+00 8.79304e-02
1.13351e+00 1.76846e+00 8.00044e-02
1.13351e+00 1.84353e+00 7.21901e-02
1.13351e+00 1.91924e+00 6.45515e-02
1.13351e+00 1.99553e+00 5.71028e-02
1.13351e+00 2.07230e+00 4.98269e-02
1.13351e+00 2.14949e+00 4.26990e-02
1.13351e+00 2.22703e+00 3.57132e-02
1.13351e+00 2.30483e+00 2.89084e-02
1.13351e+00 2.38282e+00 2.23871e-02
1.13351e+00 2.46093e+00 1.63215e-02
1.13351e+00 2.53907e+00 1.09367e-02
1.13351e+00 2.61718e+00 6.47092e-03
1.13351e+00 2.69517e+00 3.11444e-03
1.13351e+00 2.77297e+00 9.46598e-04
1.13351e+00 2.85051e+00 -1.05978e-04
1.13351e+00 2.92770e+00 -2.66147e-04
1.13351e+00 3.00447e+00 1.47702e-04
1.13351e+00 3.08076e+00 8.06624e-04
1.13351e+00 3.15647e+00 1.44973e-03
1.13351e+00 3.23154e+00 1.92413e-03
1.13351e+00 3.30590e+00 2.17904e-03
1.13351e+00 3.37947e+00 2.23181e-03
1.13351e+00 3.45218e+00 2.13089e-03
1.13351e+00 3.52396e+00 1.93030e-03
1.13351e+00 3.59474e+00 1.67718e-03
1.13351e+00 3.66445e+00 1.40773e-03
1.13351e+00 3.73303e+00 1.14710e-03
1.13351e+00 3.80040e+00 9.10830e-04
1.13351e+00 3.86649e+00 7.06815e-04
1.13351e+00 3.93125e+00 5.37390e-04
1.13351e+00 3.99462e+00 4.01188e-04
1.13351e+00 4.05652e+00 2.94690e-04
1.13351e+00 4.11690e+00 2.13394e-04
1.13351e+00 4.17571e+00 1.52623e-04
1.13351e+00 4.23287e+00 1.08016e-04
1.13351e+00 4.28835e+00 7.57873e-05
1.13351e+00 4.34207e+00 5.28151e-05
1.13351e+00 4.39400e+00 3.66264e-05
1.13351e+00 4.44407e+00 2.53241e-05
1.13351e+00 4.49224e+00 1.74910e-05
1.13351e+00 4.53847e+00 1.20914e-05
1.13351e+00 4.58271e+00 8.38227e-06
1.13351e+00 4.62491e+00 5.83871e-06
1.13351e+00 4.66504e+00 4.09431e-06
1.13351e+00 4.70305e+00 2.89590e-06
1.13351e+00 4.73890e+00 2.06987e-06
1.13351e+00 4.77257e+00 1.49781e-06
1.13351e+00 4.80402e+00 1.09927e-06
1.13351e+00 4.83322e+00 8.19649e-07
1.13351e+00 4.86014e+00 6.21939e-07
1.13351e+00 4.88475e+00 4.80994e-07
1.13351e+00 4.90703e+00 3.79697e-07
1.13351e+00 4.92696e+00 3.06358e-07
1.13351e+00 4.94452e+00 2.52959e-07
1.13351e+00 4.95969e+00 2.13983e-07
1.13351e+00 4.97246e+00 1.85627e-07
1.13351e+00 4.98281e+00 1.65270e-07
1.13351e+00 4.99074e+00 1.51123e-07
1.13351e+00 4.99623e+00 1.41997e-07
1.13351e+00 4.99928e+00 1.37148e-07
1.19960e+00 7.15683e-04 1.02121e-07
1.19960e+00 3.77012e-03 2.83388e-06
1.19960e+00 9.26216e-03 1.71034e-05
1.19960e+00 1.71877e-02 5.88917e-05
1.19960e+00 2.75390e-02 1.51160e-04
1.19960e+00 4.03061e-02 3.23692e-04
1.19960e+00 5.54766e-02 6.12852e-04
1.19960e+00 7.30356e-02 1.06123e-03
1.19960e+00 9.29659e-02 1.71716e-03
1.19960e+00 1.15248e-01 2.63401e-03
1.19960e+00 1.39860e-01 3.86934e-03
1.19960e+00 1.66779e-01 5.48371e-03
1.19960e+00 1.95977e-01 7.53924e-03
1.19960e+00 2.27426e-01 1.00978e-02
1.19960e+00 2.61096e-01 1.32190e-02
1.19960e+00 2.96953e-01 1.69572e-02
1.19960e+00 3.34963e-01 2.13590e-02
1.19960e+00 3.75089e-01 2.64594e-02
1.19960e+00 4.17290e-01 3.22780e-02
1.19960e+00 4.61527e-01 3.88144e-02
1.19960e+00 5.07755e-01 4.60438e-02
1.19960e+00 5.55930e-01 5.39117e-02
1.19960e+00 6.06005e-01 6.23290e-02
1.19960e+00 6.57930e-01 7.11676e-02
1.19960e+00 7.11655e-01 8.02562e-02
1.19960e+00 7.67127e-01 8.93790e-02
1.19960e+00 8.24292e-01 9.82769e-02
1.19960e+00 8.83095e-01 1.06653e-01
1.19960e+00 9.43478e-01 1.14186e-01
1.19960e+00 1.00538e+00 1.20549e-01
1.19960e+00 1.06875e+00 1.25438e-01
1.19960e+00 1.13351e+00 1.28605e-01
1.19960e+00 1.19960e+00 1.29892e-01
1.19960e+00 1.26697e+00 1.29255e-01
1.19960e+00 1.33555e+00 1.26775e-01
1.19960e+00 1.40526e+00 1.22648e-01
1.19960e+00 1.47604e+00 1.17152e-01
1.19960e+00 1.54782e+00 1.10607e-01
1.19960e+00 1.62053e+00 1.03335e-01
1.19960e+00 1.69410e+00 9.56201e-02
1.19960e+00 1.76846e+00 8.76921e-02
1.19960e+00 1.84353e+00 7.97109e-02
1.19960e+00 1.91924e+00 7.17699e-02
1.19960e+00 1.99553e+00 6.39066e-02
1.19960e+00 2.07230e+00 5.61222e-02
1.19960e+00 2.14949e+00 4.84073e-02
1.19960e+00 2.22703e+00 4.07709e-02
1.19960e+00 2.30483e+00 3.32700e-02
1.19960e+00 2.38282e+00 2.60305e-02
1.19960e+00 2.46093e+00 1.92546e-02
1.19960e+00 2.53907e+00 1.32024e-02
1.19960e+00 2.61718e+00 8.14768e-03
1.19960e+00 2.69517e+00 4.31088e-03
1.19960e+00 2.77297e+00 1.78819e-03
1.19960e+00 2.85051e+00 5.05119e-04
1.19960e+00 2.92770e+00 2.19648e-04
1.19960e+00 3.00447e+00 5.81915e-04
1.19960e+00 3.08076e+00 1.22860e-03
1.19960e+00 3.15647e+00 1.87053e-03
1.19960e+00 3.23154e+00 2.33745e-03
1.19960e+00 3.30590e+00 2.57189e-03
1.19960e+00 3.37947e+00 2.59179e-03
1.19960e+00 3.45218e+00 2.44952e-03
1.19960e+00 3.52396e+00 2.20364e-03
1.19960e+00 3.59474e+00 1.90518e-03
1.19960e+00 3.66445e+00 1.59315e-03
1.19960e+00 3.73303e+00 1.29445e-03
1.19960e+00 3.80040e+00 1.02547e-03
1.19960e+00 3.86649e+00 7.94305e-04
1.19960e+00 3.93125e+00 6.02986e-04
1.19960e+00 3.99462e+00 4.49585e-04
1.19960e+00 4.05652e+00 3.29884e-04
1.19960e+00 4.11690e+00 2.38660e-04
1.19960e+00 4.17571e+00 1.70559e-04
1.19960e+00 4.23287e+00 1.20628e-04
1.19960e+00 4.28835e+00 8.45856e-05
1.19960e+00 4.34207e+00 5.89158e-05
1.19960e+00 4.39400e+00 4.08385e-05
1.19960e+00 4.44407e+00 2.82250e-05
1.19960e+00 4.49224e+00 1.94876e-05
1.19960e+00 4.53847e+00 1.34673e-05
1.19960e+00 4.58271e+00 9.33346e-06
1.19960e+00 4.62491e+00 6.49962e-06
1.19960e+00 4.66504e+00 4.55672e-06
1.19960e+00 4.70305e+00 3.22231e-06
1.19960e+00 4.73890e+00 2.30275e-06
1.19960e+00 4.77257e+00 1.66606e-06
1.19960e+00 4.80402e+00 1.22257e-06
1.19960e+00 4.83322e+00 9.11471e-07
1.19960e+00 4.86014e+00 6.91534e-07
1.19960e+00 4.88475e+00 5.34763e-07
1.19960e+00 4.90703e+00 4.22105e-07
1.19960e+00 4.92696e+00 3.40548e-07
1.19960e+00 4.94452e+00 2.81171e-07
1.19960e+00 4.95969e+00 2.37835e-07
1.19960e+00 4.97246e+00 2.06309e-07
1.19960e+00 4.98281e+00 1.83677e-07
1.19960e+00 4.99074e+00 1.67949e-07
1.19960e+00 4.99623e+00 1.57804e-07
1.19960e+00 4.99928e+00 1.52414e-07
1.26697e+00 7.15683e-04 9.15689e-08
1.26697e+00 3.77012e-03 2.54106e-06
1.26697e+00 9.26216e-03 1.53362e-05
1.26697e+00 1.71877e-02 5.28075e-05
1.26697e+00 2.75390e-02 1.35547e-04
1.26697e+00 4.03061e-02 2.90271e-04
1.26697e+00 5.54766e-02 5.49617e-04
1.26697e+00 7.30356e-02 9.51845e-04
1.26697e+00 9.29659e-02 1.54043e-03
1.26697e+00 1.15248e-01 2.36350e-03
1.26697e+00 1.39860e-01 3.47311e-03
1.26697e+00 1.66779e-01 4.92433e-03
1.26697e+00 1.95977e-01 6.77402e-03
1.26697e+00 2.27426e-01 9.07943e-03
1.26697e+00 2.61096e-01 1.18965e-02
1.26697e+00 2.96953e-01 1.52776e-02
1.26697e+00 3.34963e-01 1.92692e-02
1.26697e+00 3.75089e-01 2.39094e-02
1.26697e+00 4.17290e-01 2.92238e-02
1.26697e+00 4.61527e-01 3.52230e-02
1.26697e+00 5.07755e-01 4.18977e-02
1.26697e+00 5.55930e-01 4.92149e-02
1.26697e+00 6.06005e-01 5.71135e-02
1.26697e+00 6.57930e-01 6.54993e-02
1.26697e+00 7.11655e-01 7.42414e-02
1.26697e+00 7.67127e-01 8.31687e-02
1.26697e+00 8.24292e-01 9.20689e-02
1.26697e+00 8.83095e-01 1.00689e-01
1.26697e+00 9.43478e-01 1.08743e-01
1.26697e+00 1.00538e+00 1.15922e-01
1.26697e+00 1.06875e+00 1.21915e-01
1.26697e+00 1.13351e+00 1.26435e-01
1.26697e+00 1.19960e+00 1.29255e-01
1.26697e+00 1.26697e+00 1.30232e-01
1.26697e+00 1.33555e+00 1.29341e-01
1.26697e+00 1.40526e+00 1.26674e-01
1.26697e+00 1.47604e+00 1.22430e-01
1.26697e+00 1.54782e+00 1.16882e-01
1.26697e+00 1.62053e+00 1.10333e-01
1.26697e+00 1.69410e+00 1.03079e-01
1.26697e+00 1.76846e+00 9.53722e-02
1.26697e+00 1.84353e+00 8.74032e-02
1.26697e+00 1.91924e+00 7.92960e-02
1.26697e+00 1.99553e+00 7.11150e-02
1.26697e+00 2.07230e+00 6.28843e-02
1.26697e+00 2.14949e+00 5.46143e-02
1.26697e+00 2.22703e+00 4.63338e-02
1.26697e+00 2.30483e+00 3.81223e-02
1.26697e+00 2.38282e+00 3.01337e-02
1.26697e+00 2.46093e+00 2.26045e-02
1.26697e+00 2.53907e+00 1.58348e-02
1.26697e+00 2.61718e+00 1.01387e-02
1.26697e+00 2.69517e+00 5.77048e-03
1.26697e+00 2.77297e+00 2.84653e-03
1.26697e+00 2.85051e+00 1.29313e-03
1.26697e+00 2.92770e+00 8.49624e-04
1.26697e+00 3.00447e+00 1.13404e-03
1.26697e+00 3.08076e+00 1.74741e-03
1.26697e+00 3.15647e+00 2.37092e-03
1.26697e+00 3.23154e+00 2.81589e-03
1.26697e+00 3.30590e+00 3.01756e-03
1.26697e+00 3.37947e+00 2.99408e-03
1.26697e+00 3.45218e+00 2.80156e-03
1.26697e+00 3.52396e+00 2.50299e-03
1.26697e+00 3.59474e+00 2.15313e-03
1.26697e+00 3.66445e+00 1.79366e-03
1.26697e+00 3.73303e+00 1.45305e-03
1.26697e+00 3.80040e+00 1.14840e-03
1.26697e+00 3.86649e+00 8.87809e-04
1.26697e+00 3.93125e+00 6.72897e-04
1.26697e+00 3.99462e+00 5.01043e-04
1.26697e+00 4.05652e+00 3.67227e-04
1.26697e+00 4.11690e+00 2.65422e-04
1.26697e+00 4.17571e+00 1.89527e-04
1.26697e+00 4.23287e+00 1.33946e-04
1.26697e+00 4.28835e+00 9.38660e-05
1.26697e+00 4.34207e+00 6.53439e-05
1.26697e+00 4.39400e+00 4.52722e-05
1.26697e+00 4.44407e+00 3.12759e-05
1.26697e+00 4.49224e+00 2.15858e-05
1.26697e+00 4.53847e+00 1.49123e-05
1.26697e+00 4.58271e+00 1.03318e-05
1.26697e+00 4.62491e+00 7.19290e-06
1.26697e+00 4.66504e+00 5.04156e-06
1.26697e+00 4.70305e+00 3.56439e-06
1.26697e+00 4.73890e+00 2.54672e-06
1.26697e+00 4.77257e+00 1.84226e-06
1.26697e+00 4.80402e+00 1.35166e-06
1.26697e+00 4.83322e+00 1.00757e-06
1.26697e+00 4.86014e+00 7.64352e-07
1.26697e+00 4.88475e+00 5.91010e-07
1.26697e+00 4.90703e+00 4.66458e-07
1.26697e+00 4.92696e+00 3.76301e-07
1.26697e+00 4.94452e+00 3.10668e-07
1.26697e+00 4.95969e+00 2.62770e-07
1.26697e+00 4.97246e+00 2.27927e-07
1.26697e+00 4.98281e+00 2.02916e-07
1.26697e+00 4.99074e+00 1.85535e-07
1.26697e+00 4.99623e+00 1.74324e-07
1.26697e+00 4.99928e+00 1.68368e-07
1.33555e+00 7.15683e-04 8.16150e-08
1.33555e+00 3.77012e-03 2.26484e-06
1.33555e+00 9.26216e-03 1.36692e-05
1.33555e+00 1.71877e-02 4.70677e-05
1.33555e+00 2.75390e-02 1.20816e-04
1.33555e+00 4.03061e-02 2.58736e-04
1.33555e+00 5.54766e-02 4.89941e-04
1.33555e+00 7.30356e-02 8.48586e-04
1.33555e+00 9.29659e-02 1.37353e-03
1.33555e+00 1.15248e-01 2.10788e-03
1.33555e+00 1.39860e-01 3.09840e-03
1.33555e+00 1.66779e-01 4.39476e-03
1.33555e+00 1.95977e-01 6.04857e-03
1.33555e+00 2.27426e-01 8.11227e-03
1.33555e+00 2.61096e-01 1.06377e-02
1.33555e+00 2.96953e-01 1.36744e-02
1.33555e+00 3.34963e-01 1.72677e-02
1.33555e+00 3.75089e-01 2.14567e-02
1.33555e+00 4.17290e-01 2.62711e-02
1.33555e+00 4.61527e-01 3.17290e-02
1.33555e+00 5.07755e-01 3.78330e-02
1.33555e+00 5.55930e-01 4.45670e-02
1.33555e+00 6.06005e-01 5.18925e-02
1.33555e+00 6.57930e-01 5.97440e-02
1.33555e+00 7.11655e-01 6.80258e-02
1.33555e+00 7.67127e-01 7.66075e-02
1.33555e+00 8.24292e-01 8.53217e-02
1.33555e+00 8.83095e-01 9.39628e-02
1.33555e+00 9.43478e-01 1.02288e-01
1.33555e+00 1.00538e+00 1.10023e-01
1.33555e+00 1.06875e+00 1.16875e-01
1.33555e+00 1.13351e+00 1.22549e-01
1.33555e+00 1.19960e+00 1.26775e-01
1.33555e+00 1.26697e+00 1.29341e-01
1.33555e+00 1.33555e+00 1.30120e-01
1.33555e+00 1.40526e+00 1.29095e-01
1.33555e+00 1.47604e+00 1.26359e-01
1.33555e+00 1.54782e+00 1.22106e-01
1.33555e+00 1.62053e+00 1.16590e-01
1.33555e+00 1.69410e+00 1.10090e-01
1.33555e+00 1.76846e+00 1.02864e-01
1.33555e+00 1.84353e+00 9.51244e-02
1.33555e+00 1.91924e+00 8.70234e-02
1.33555e+00 1.99553e+00 7.86538e-02
1.33555e+00 2.07230e+00 7.00660e-02
1.33555e+00 2.14949e+00 6.12950e-02
1.33555e+00 2.22703e+00 5.23944e-02
1.33555e+00 2.30483e+00 4.34709e-02
1.33555e+00 2.38282e+00 3.47116e-02
1.33555e+00 2.46093e+00 2.63928e-02
1.33555e+00 2.53907e+00 1.88591e-02
1.33555e+00 2.61718e+00 1.24701e-02
1.33555e+00 2.69517e+00 7.51863e-03
1.33555e+00 2.77297e+00 4.14480e-03
1.33555e+00 2.85051e+00 2.27805e-03
1.33555e+00 2.92770e+00 1.64008e-03
1.33555e+00 3.00447e+00 1.81662e-03
1.33555e+00 3.08076e+00 2.37215e-03
1.33555e+00 3.15647e+00 2.95707e-03
1.33555e+00 3.23154e+00 3.36334e-03
1.33555e+00 3.30590e+00 3.51819e-03
1.33555e+00 3.37947e+00 3.43961e-03
1.33555e+00 3.45218e+00 3.18718e-03
1.33555e+00 3.52396e+00 2.82805e-03
1.33555e+00 3.59474e+00 2.42050e-03
1.33555e+00 3.66445e+00 2.00863e-03
1.33555e+00 3.73303e+00 1.62228e-03
1.33555e+00 3.80040e+00 1.27903e-03
1.33555e+00 3.86649e+00 9.86840e-04
1.33555e+00 3.93125e+00 7.46725e-04
1.33555e+00 3.99462e+00 5.55247e-04
1.33555e+00 4.05652e+00 4.06478e-04
1.33555e+00 4.11690e+00 2.93496e-04
1.33555e+00 4.17571e+00 2.09392e-04
1.33555e+00 4.23287e+00 1.47875e-04
1.33555e+00 4.28835e+00 1.03558e-04
1.33555e+00 4.34207e+00 7.20495e-05
1.33555e+00 4.39400e+00 4.98927e-05
1.33555e+00 4.44407e+00 3.44524e-05
1.33555e+00 4.49224e+00 2.37686e-05
1.33555e+00 4.53847e+00 1.64144e-05
1.33555e+00 4.58271e+00 1.13689e-05
1.33555e+00 4.62491e+00 7.91267e-06
1.33555e+00 4.66504e+00 5.54463e-06
1.33555e+00 4.70305e+00 3.91918e-06
1.33555e+00 4.73890e+00 2.79964e-06
1.33555e+00 4.77257e+00 2.02485e-06
1.33555e+00 4.80402e+00 1.48538e-06
1.33555e+00 4.83322e+00 1.10709e-06
1.33555e+00 4.86014e+00 8.39740e-07
1.33555e+00 4.88475e+00 6.49227e-07
1.33555e+00 4.90703e+00 5.12355e-07
1.33555e+00 4.92696e+00 4.13291e-07
1.33555e+00 4.94452e+00 3.41181e-07
1.33555e+00 4.95969e+00 2.88561e-07
1.33555e+00 4.97246e+00 2.50285e-07
1.33555e+00 4.98281e+00 2.22810e-07
1.33555e+00 4.99074e+00 2.03719e-07
1.33555e+00 4.99623e+00 1.91405e-07
1.33555e+00 4.99928e+00 1.84863e-07
1.40526e+00 7.15683e-04 7.23267e-08
1.40526e+00 3.77012e-03 2.00709e-06
1.40526e+00 9.26216e-03 1.21136e-05
1.40526e+00 1.71877e-02 4.17116e-05
1.40526e+00 2.75390e-02 1.07070e-04
1.40526e+00 4.03061e-02 2.29306e-04
1.40526e+00 5.54766e-02 4.34238e-04
1.40526e+00 7.30356e-02 7.52180e-04
1.40526e+00 9.29659e-02 1.21766e-03
1.40526e+00 1.15248e-01 1.86904e-03
1.40526e+00 1.39860e-01 2.74805e-03
1.40526e+00 1.66779e-01 3.89919e-03
1.40526e+00 1.95977e-01 5.36894e-03
1.40526e+00 2.27426e-01 7.20488e-03
1.40526e+00 2.61096e-01 9.45457e-03
1.40526e+00 2.96953e-01 1.21642e-02
1.40526e+00 3.34963e-01 1.53772e-02
1.40526e+00 3.75089e-01 1.91322e-02
1.40526e+00 4.17290e-01 2.34613e-02
1.40526e+00 4.61527e-01 2.83874e-02
1.40526e+00 5.07755e-01 3.39219e-02
1.40526e+00 5.55930e-01 4.00619e-02
1.40526e+00 6.06005e-01 4.67864e-02
1.40526e+00 6.57930e-01 5.40537e-02
1.40526e+00 7.11655e-01 6.17973e-02
1.40526e+00 7.67127e-01 6.99224e-02
1.40526e+00 8.24292e-01 7.83027e-02
1.40526e+00 8.83095e-01 8.67773e-02
1.40526e+00 9.43478e-01 9.51502e-02
1.40526e+00 1.00538e+00 1.03191e-01
1.40526e+00 1.06875e+00 1.10640e-01
1.40526e+00 1.13351e+00 1.17218e-01
1.40526e+00 1.19960e+00 1.22648e-01
1.40526e+00 1.26697e+00 1.26674e-01
1.40526e+00 1.33555e+00 1.29095e-01
1.40526e+00 1.40526e+00 1.29790e-01
1.40526e+00 1.47604e+00 1.28742e-01
1.40526e+00 1.54782e+00 1.26037e-01
1.40526e+00 1.62053e+00 1.21849e-01
1.40526e+00 1.69410e+00 1.16406e-01
1.40526e+00 1.76846e+00 1.09947e-01
1.40526e+00 1.84353e+00 1.02689e-01
1.40526e+00 1.91924e+00 9.48035e-02
1.40526e+00 1.99553e+00 8.64092e-02
1.40526e+00 2.07230e+00 7.75848e-02
1.40526e+00 2.14949e+00 6.83936e-02
1.40526e+00 2.22703e+00 5.89186e-02
1.40526e+00 2.30483e+00 4.92993e-02
1.40526e+00 2.38282e+00 3.97615e-02
1.40526e+00 2.46093e+00 3.06264e-02
1.40526e+00 2.53907e+00 2.22890e-02
1.40526e+00 2.61718e+00 1.51596e-02
1.40526e+00 2.69517e+00 9.57453e-03
1.40526e+00 2.77297e+00 5.70162e-03
1.40526e+00 2.85051e+00 3.47643e-03
1.40526e+00 2.92770e+00 2.60460e-03
1.40526e+00 3.00447e+00 2.63997e-03
1.40526e+00 3.08076e+00 3.10997e-03
1.40526e+00 3.15647e+00 3.63342e-03
1.40526e+00 3.23154e+00 3.98208e-03
1.40526e+00 3.30590e+00 4.07454e-03
1.40526e+00 3.37947e+00 3.92814e-03
1.40526e+00 3.45218e+00 3.60551e-03
1.40526e+00 3.52396e+00 3.17765e-03
1.40526e+00 3.59474e+00 2.70603e-03
1.40526e+00 3.66445e+00 2.23686e-03
1.40526e+00 3.73303e+00 1.80107e-03
1.40526e+00 3.80040e+00 1.41648e-03
1.40526e+00 3.86649e+00 1.09066e-03
1.40526e+00 3.93125e+00 8.23885e-04
1.40526e+00 3.99462e+00 6.11747e-04
1.40526e+00 4.05652e+00 4.47296e-04
1.40526e+00 4.11690e+00 3.22632e-04
1.40526e+00 4.17571e+00 2.29972e-04
1.40526e+00 4.23287e+00 1.62280e-04
1.40526e+00 4.28835e+00 1.13569e-04
1.40526e+00 4.34207e+00 7.89665e-05
1.40526e+00 4.39400e+00 5.46534e-05
1.40526e+00 4.44407e+00 3.77220e-05
1.40526e+00 4.49224e+00 2.60134e-05
1.40526e+00 4.53847e+00 1.79579e-05
1.40526e+00 4.58271e+00 1.24338e-05
1.40526e+00 4.62491e+00 8.65123e-06
1.40526e+00 4.66504e+00 6.06054e-06
1.40526e+00 4.70305e+00 4.28281e-06
1.40526e+00 4.73890e+00 3.05875e-06
1.40526e+00 4.77257e+00 2.21182e-06
1.40526e+00 4.80402e+00 1.62226e-06
1.40526e+00 4.83322e+00 1.20893e-06
1.40526e+00 4.86014e+00 9.16858e-07
1.40526e+00 4.88475e+00 7.08764e-07
1.40526e+00 4.90703e+00 5.59282e-07
1.40526e+00 4.92696e+00 4.51102e-07
1.40526e+00 4.94452e+00 3.72365e-07
1.40526e+00 4.95969e+00 3.14915e-07
1.40526e+00 4.97246e+00 2.73128e-07
1.40526e+00 4.98281e+00 2.43135e-07
1.40526e+00 4.99074e+00 2.22295e-07
1.40526e+00 4.99623e+00 2.08853e-07
1.40526e+00 4.99928e+00 2.01713e-07
1.47604e+00 7.15683e-04 6.37432e-08
1.47604e+00 3.77012e-03 1.76890e-06
1.47604e+00 9.26216e-03 1.06760e-05
1.47604e+00 1.71877e-02 3.67619e-05
1.47604e+00 2.75390e-02 9.43661e-05
1.47604e+00 4.03061e-02 2.02106e-04
1.47604e+00 5.54766e-02 3.82750e-04
1.47604e+00 7.30356e-02 6.63050e-04
1.47604e+00 9.29659e-02 1.07351e-03
1.47604e+00 1.15248e-01 1.64807e-03
1.47604e+00 1.39860e-01 2.42375e-03
1.47604e+00 1.66779e-01 3.44015e-03
1.47604e+00 1.95977e-01 4.73883e-03
1.47604e+00 2.27426e-01 6.36264e-03
1.47604e+00 2.61096e-01 8.35480e-03
1.47604e+00 2.96953e-01 1.07579e-02
1.47604e+00 3.34963e-01 1.36127e-02
1.47604e+00 3.75089e-01 1.69568e-02
1.47604e+00 4.17290e-01 2.08229e-02
1.47604e+00 4.61527e-01 2.52372e-02
1.47604e+00 5.07755e-01 3.02171e-02
1.47604e+00 5.55930e-01 3.57692e-02
1.47604e+00 6.06005e-01 4.18867e-02
1.47604e+00 6.57930e-01 4.85463e-02
1.47604e+00 7.11655e-01 5.57056e-02
1.47604e+00 7.67127e-01 6.32997e-02
1.47604e+00 8.24292e-01 7.12377e-02
1.47604e+00 8.83095e-01 7.93998e-02
1.47604e+00 9.43478e-01 8.76345e-02
1.47604e+00 1.00538e+00 9.57571e-02
1.47604e+00 1.06875e+00 1.03551e-01
1.47604e+00 1.13351e+00 1.10770e-01
1.47604e+00 1.19960e+00 1.17152e-01
1.47604e+00 1.26697e+00 1.22430e-01
1.47604e+00 1.33555e+00 1.26359e-01
1.47604e+00 1.40526e+00 1.28742e-01
1.47604e+00 1.47604e+00 1.29456e-01
1.47604e+00 1.54782e+00 1.28474e-01
1.47604e+00 1.62053e+00 1.25862e-01
1.47604e+00 1.69410e+00 1.21763e-01
1.47604e+00 1.76846e+00 1.16366e-01
1.47604e+00 1.84353e+00 1.09866e-01
1.47604e+00 1.91924e+00 1.02438e-01
1.47604e+00 1.99553e+00 9.42186e-02
1.47604e+00 2.07230e+00 8.53123e-02
1.47604e+00 2.14949e+00 7.58126e-02
1.47604e+00 2.22703e+00 6.58361e-02
1.47604e+00 2.30483e+00 5.55603e-02
1.47604e+00 2.38282e+00 4.52547e-02
1.47604e+00 2.46093e+00 3.52915e-02
1.47604e+00 2.53907e+00 2.61218e-02
1.47604e+00 2.61718e+00 1.82122e-02
1.47604e+00 2.69517e+00 1.19477e-02
1.47604e+00 2.77297e+00 7.52834e-03
1.47604e+00 2.85051e+00 4.89935e-03
1.47604e+00 2.92770e+00 3.75256e-03
1.47604e+00 3.00447e+00 3.61096e-03
1.47604e+00 3.08076e+00 3.96514e-03
1.47604e+00 3.15647e+00 4.40192e-03
1.47604e+00 3.23154e+00 4.67226e-03
1.47604e+00 3.30590e+00 4.68552e-03
1.47604e+00 3.37947e+00 4.45784e-03
1.47604e+00 3.45218e+00 4.05440e-03
1.47604e+00 3.52396e+00 3.54960e-03
1.47604e+00 3.59474e+00 3.00765e-03
1.47604e+00 3.66445e+00 2.47651e-03
1.47604e+00 3.73303e+00 1.98785e-03
1.47604e+00 3.80040e+00 1.55944e-03
1.47604e+00 3.86649e+00 1.19824e-03
1.47604e+00 3.93125e+00 9.03581e-04
1.47604e+00 3.99462e+00 6.69938e-04
1.47604e+00 4.05652e+00 4.89230e-04
1.47604e+00 4.11690e+00 3.52498e-04
1.47604e+00 4.17571e+00 2.51026e-04
1.47604e+00 4.23287e+00 1.76993e-04
1.47604e+00 4.28835e+00 1.23777e-04
1.47604e+00 4.34207e+00 8.60104e-05
1.47604e+00 4.39400e+00 5.94954e-05
1.47604e+00 4.44407e+00 4.10437e-05
1.47604e+00 4.49224e+00 2.82917e-05
1.47604e+00 4.53847e+00 1.95230e-05
1.47604e+00 4.58271e+00 1.35127e-05
1.47604e+00 4.62491e+00 9.39900e-06
1.47604e+00 4.66504e+00 6.58254e-06
1.47604e+00 4.70305e+00 4.65053e-06
1.47604e+00 4.73890e+00 3.32061e-06
1.47604e+00 4.77257e+00 2.40069e-06
1.47604e+00 4.80402e+00 1.76047e-06
1.47604e+00 4.83322e+00 1.31171e-06
1.47604e+00 4.86014e+00 9.94670e-07
1.47604e+00 4.88475e+00 7.68818e-07
1.47604e+00 4.90703e+00 6.06603e-07
1.47604e+00 4.92696e+00 4.89223e-07
1.47604e+00 4.94452e+00 4.03799e-07
1.47604e+00 4.95969e+00 3.41474e-07
1.47604e+00 4.97246e+00 2.96146e-07
1.47604e+00 4.98281e+00 2.63613e-07
1.47604e+00 4.99074e+00 2.41010e-07
1.47604e+00 4.99623e+00 2.26431e-07
1.47604e+00 4.99928e+00 2.18686e-07
1.54782e+00 7.15683e-04 5.58797e-08
1.54782e+00 3.77012e-03 1.55068e-06
1.54782e+00 9.26216e-03 9.35903e-06
1.54782e+00 1.71877e-02 3.22272e-05
1.54782e+00 2.75390e-02 8.27272e-05
1.54782e+00 4.03061e-02 1.77184e-04
1.54782e+00 5.54766e-02 3.35570e-04
1.54782e+00 7.30356e-02 5.81366e-04
1.54782e+00 9.29659e-02 9.41368e-04
1.54782e+00 1.15248e-01 1.44545e-03
1.54782e+00 1.39860e-01 2.12625e-03
1.54782e+00 1.66779e-01 3.01879e-03
1.54782e+00 1.95977e-01 4.16002e-03
1.54782e+00 2.27426e-01 5.58822e-03
1.54782e+00 2.61096e-01 7.34238e-03
1.54782e+00 2.96953e-01 9.46136e-03
1.54782e+00 3.34963e-01 1.19830e-02
1.54782e+00 3.75089e-01 1.49431e-02
1.54782e+00 4.17290e-01 1.83740e-02
1.54782e+00 4.61527e-01 2.23036e-02
1.54782e+00 5.07755e-01 2.67534e-02
1.54782e+00 5.55930e-01 3.17370e-02
1.54782e+00 6.06005e-01 3.72579e-02
1.54782e+00 6.57930e-01 4.33075e-02
1.54782e+00 7.11655e-01 4.98625e-02
1.54782e+00 7.67127e-01 5.68825e-02
1.54782e+00 8.24292e-01 6.43063e-02
1.54782e+00 8.83095e-01 7.20494e-02
1.54782e+00 9.43478e-01 8.00009e-02
1.54782e+00 1.00538e+00 8.80199e-02
1.54782e+00 1.06875e+00 9.59344e-02
1.54782e+00 1.13351e+00 1.03541e-01
1.54782e+00 1.19960e+00 1.10607e-01
1.54782e+00 1.26697e+00 1.16882e-01
1.54782e+00 1.33555e+00 1.22106e-01
1.54782e+00 1.40526e+00 1.26037e-01
1.54782e+00 1.47604e+00 1.28474e-01
1.54782e+00 1.54782e+00 1.29282e-01
1.54782e+00 1.62053e+00 1.28411e-01
1.54782e+00 1.69410e+00 1.25895e-01
1.54782e+00 1.76846e+00 1.21837e-01
1.54782e+00 1.84353e+00 1.16380e-01
1.54782e+00 1.91924e+00 1.09675e-01
1.54782e+00 1.99553e+00 1.01863e-01
1.54782e+00 2.07230e+00 9.30644e-02
1.54782e+00 2.14949e+00 8.34028e-02
1.54782e+00 2.22703e+00 7.30300e-02
1.54782e+00 2.30483e+00 6.21653e-02
1.54782e+00 2.38282e+00 5.11277e-02
1.54782e+00 2.46093e+00 4.03455e-02
1.54782e+00 2.53907e+00 3.03318e-02
1.54782e+00 2.61718e+00 2.16148e-02
1.54782e+00 2.69517e+00 1.46338e-02
1.54782e+00 2.77297e+00 9.62592e-03
1.54782e+00 2.85051e+00 6.55003e-03
1.54782e+00 2.92770e+00 5.08726e-03
1.54782e+00 3.00447e+00 4.73170e-03
1.54782e+00 3.08076e+00 4.93803e-03
1.54782e+00 3.15647e+00 5.26128e-03
1.54782e+00 3.23154e+00 5.43133e-03
1.54782e+00 3.30590e+00 5.34778e-03
1.54782e+00 3.37947e+00 5.02500e-03
1.54782e+00 3.45218e+00 4.53015e-03
1.54782e+00 3.52396e+00 3.94044e-03
1.54782e+00 3.59474e+00 3.32231e-03
1.54782e+00 3.66445e+00 2.72498e-03
1.54782e+00 3.73303e+00 2.18047e-03
1.54782e+00 3.80040e+00 1.70620e-03
1.54782e+00 3.86649e+00 1.30824e-03
1.54782e+00 3.93125e+00 9.84786e-04
1.54782e+00 3.99462e+00 7.29048e-04
1.54782e+00 4.05652e+00 5.31712e-04
1.54782e+00 4.11690e+00 3.82682e-04
1.54782e+00 4.17571e+00 2.72259e-04
1.54782e+00 4.23287e+00 1.91803e-04
1.54782e+00 4.28835e+00 1.34035e-04
1.54782e+00 4.34207e+00 9.30775e-05
1.54782e+00 4.39400e+00 6.43468e-05
1.54782e+00 4.44407e+00 4.43678e-05
1.54782e+00 4.49224e+00 3.05690e-05
1.54782e+00 4.53847e+00 2.10859e-05
1.54782e+00 4.58271e+00 1.45892e-05
1.54782e+00 4.62491e+00 1.01444e-05
1.54782e+00 4.66504e+00 7.10251e-06
1.54782e+00 4.70305e+00 5.01656e-06
1.54782e+00 4.73890e+00 3.58113e-06
1.54782e+00 4.77257e+00 2.58849e-06
1.54782e+00 4.80402e+00 1.89783e-06
1.54782e+00 4.83322e+00 1.41382e-06
1.54782e+00 4.86014e+00 1.07194e-06
1.54782e+00 4.88475e+00 8.28431e-07
1.54782e+00 4.90703e+00 6.53562e-07
1.54782e+00 4.92696e+00 5.27042e-07
1.54782e+00 4.94452e+00 4.34976e-07
1.54782e+00 4.95969e+00 3.67812e-07
1.54782e+00 4.97246e+00 3.18968e-07
1.54782e+00 4.98281e+00 2.83914e-07
1.54782e+00 4.99074e+00 2.59561e-07
1.54782e+00 4.99623e+00 2.43853e-07
1.54782e+00 4.99928e+00 2.35509e-07
1.62053e+00 7.15683e-04 4.87301e-08
1.62053e+00 3.77012e-03 1.35228e-06
1.62053e+00 9.26216e-03 8.16160e-06
1.62053e+00 1.71877e-02 2.81041e-05
1.62053e+00 2.75390e-02 7.21444e-05
1.62053e+00 4.03061e-02 1.54522e-04
1.62053e+00 5.54766e-02 2.92666e-04
1.62053e+00 7.30356e-02 5.07075e-04
1.62053e+00 9.29659e-02 8.21166e-04
1.62053e+00 1.15248e-01 1.26108e-03
1.62053e+00 1.39860e-01 1.85545e-03
1.62053e+00 1.66779e-01 2.63506e-03
1.62053e+00 1.95977e-01 3.63256e-03
1.62053e+00 2.27426e-01 4.88194e-03
1.62053e+00 2.61096e-01 6.41811e-03
1.62053e+00 2.96953e-01 8.27623e-03
1.62053e+00 3.34963e-01 1.04910e-02
1.62053e+00 3.75089e-01 1.30961e-02
1.62053e+00 4.17290e-01 1.61229e-02
1.62053e+00 4.61527e-01 1.95997e-02
1.62053e+00 5.07755e-01 2.35505e-02
1.62053e+00 5.55930e-01 2.79936e-02
1.62053e+00 6.06005e-01 3.29405e-02
1.62053e+00 6.57930e-01 3.83936e-02
1.62053e+00 7.11655e-01 4.43445e-02
1.62053e+00 7.67127e-01 5.07723e-02
1.62053e+00 8.24292e-01 5.76402e-02
1.62053e+00 8.83095e-01 6.48934e-02
1.62053e+00 9.43478e-01 7.24556e-02
1.62053e+00 1.00538e+00 8.02255e-02
1.62053e+00 1.06875e+00 8.80739e-02
1.62053e+00 1.13351e+00 9.58409e-02
1.62053e+00 1.19960e+00 1.03335e-01
1.62053e+00 1.26697e+00 1.10333e-01
1.62053e+00 1.33555e+00 1.16590e-01
1.62053e+00 1.40526e+00 1.21849e-01
1.62053e+00 1.47604e+00 1.25862e-01
1.62053e+00 1.54782e+00 1.28411e-01
1.62053e+00 1.62053e+00 1.29339e-01
1.62053e+00 1.69410e+00 1.28560e-01
1.62053e+00 1.76846e+00 1.26068e-01
1.62053e+00 1.84353e+00 1.21919e-01
1.62053e+00 1.91924e+00 1.16210e-01
1.62053e+00 1.99553e+00 1.09059e-01
1.62053e+00 2.07230e+00 1.00592e-01
1.62053e+00 2.14949e+00 9.09522e-02
1.62053e+00 2.22703e+00 8.03251e-02
1.62053e+00 2.30483e+00 6.89746e-02
1.62053e+00 2.38282e+00 5.72724e-02
1.62053e+00 2.46093e+00 4.57085e-02
1.62053e+00 2.53907e+00 3.48626e-02
1.62053e+00 2.61718e+00 2.53303e-02
1.62053e+00 2.69517e+00 1.76101e-02
1.62053e+00 2.77297e+00 1.19814e-02
1.62053e+00 2.85051e+00 8.42124e-03
1.62053e+00 2.92770e+00 6.60407e-03
1.62053e+00 3.00447e+00 5.99811e-03
1.62053e+00 3.08076e+00 6.02408e-03
1.62053e+00 3.15647e+00 6.20617e-03
1.62053e+00 3.23154e+00 6.25337e-03
1.62053e+00 3.30590e+00 6.05523e-03
1.62053e+00 3.37947e+00 5.62371e-03
1.62053e+00 3.45218e+00 5.02731e-03
1.62053e+00 3.52396e+00 4.34534e-03
1.62053e+00 3.59474e+00 3.64586e-03
1.62053e+00 3.66445e+00 2.97884e-03
1.62053e+00 3.73303e+00 2.37618e-03
1.62053e+00 3.80040e+00 1.85457e-03
1.62053e+00 3.86649e+00 1.41898e-03
1.62053e+00 3.93125e+00 1.06622e-03
1.62053e+00 3.99462e+00 7.88131e-04
1.62053e+00 4.05652e+00 5.74047e-04
1.62053e+00 4.11690e+00 4.12683e-04
1.62053e+00 4.17571e+00 2.93312e-04
1.62053e+00 4.23287e+00 2.06456e-04
1.62053e+00 4.28835e+00 1.44165e-04
1.62053e+00 4.34207e+00 1.00045e-04
1.62053e+00 4.39400e+00 6.91223e-05
1.62053e+00 4.44407e+00 4.76353e-05
1.62053e+00 4.49224e+00 3.28048e-05
1.62053e+00 4.53847e+00 2.26185e-05
1.62053e+00 4.58271e+00 1.56436e-05
1.62053e+00 4.62491e+00 1.08740e-05
1.62053e+00 4.66504e+00 7.61097e-06
1.62053e+00 4.70305e+00 5.37422e-06
1.62053e+00 4.73890e+00 3.83551e-06
1.62053e+00 4.77257e+00 2.77175e-06
1.62053e+00 4.80402e+00 2.03179e-06
1.62053e+00 4.83322e+00 1.51335e-06
1.62053e+00 4.86014e+00 1.14722e-06
1.62053e+00 4.88475e+00 8.86491e-07
1.62053e+00 4.90703e+00 6.99281e-07
1.62053e+00 4.92696e+00 5.63851e-07
1.62053e+00 4.94452e+00 4.65313e-07
1.62053e+00 4.95969e+00 3.93435e-07
1.62053e+00 4.97246e+00 3.41166e-07
1.62053e+00 4.98281e+00 3.03657e-07
1.62053e+00 4.99074e+00 2.77600e-07
1.62053e+00 4.99623e+00 2.60794e-07
1.62053e+00 4.99928e+00 2.51866e-07
1.69410e+00 7.15683e-04 4.22699e-08
1.69410e+00 3.77012e-03 1.17300e-06
1.69410e+00 9.26216e-03 7.07962e-06
1.69410e+00 1.71877e-02 2.43785e-05
1.69410e+00 2.75390e-02 6.25816e-05
1.69410e+00 4.03061e-02 1.34044e-04
1.69410e+00 5.54766e-02 2.53892e-04
1.69410e+00 7.30356e-02 4.39928e-04
1.69410e+00 9.29659e-02 7.12506e-04
1.69410e+00 1.15248e-01 1.09438e-03
1.69410e+00 1.39860e-01 1.61051e-03
1.69410e+00 1.66779e-01 2.28785e-03
1.69410e+00 1.95977e-01 3.15503e-03
1.69410e+00 2.27426e-01 4.24208e-03
1.69410e+00 2.61096e-01 5.58003e-03
1.69410e+00 2.96953e-01 7.20046e-03
1.69410e+00 3.34963e-01 9.13499e-03
1.69410e+00 3.75089e-01 1.14148e-02
1.69410e+00 4.17290e-01 1.40697e-02
1.69410e+00 4.61527e-01 1.71277e-02
1.69410e+00 5.07755e-01 2.06142e-02
1.69410e+00 5.55930e-01 2.45507e-02
1.69410e+00 6.06005e-01 2.89539e-02
1.69410e+00 6.57930e-01 3.38346e-02
1.69410e+00 7.11655e-01 3.91961e-02
1.69410e+00 7.67127e-01 4.50323e-02
1.69410e+00 8.24292e-01 5.13262e-02
1.69410e+00 8.83095e-01 5.80470e-02
1.69410e+00 9.43478e-01 6.51472e-02
1.69410e+00 1.00538e+00 7.25598e-02
1.69410e+00 1.06875e+00 8.01936e-02
1.69410e+00 1.13351e+00 8.79304e-02
1.69410e+00 1.19960e+00 9.56201e-02
1.69410e+00 1.26697e+00 1.03079e-01
1.69410e+00 1.33555e+00 1.10090e-01
1.69410e+00 1.40526e+00 1.16406e-01
1.69410e+00 1.47604e+00 1.21763e-01
1.69410e+00 1.54782e+00 1.25895e-01
1.69410e+00 1.62053e+00 1.28560e-01
1.69410e+00 1.69410e+00 1.29564e-01
1.69410e+00 1.76846e+00 1.28780e-01
1.69410e+00 1.84353e+00 1.26152e-01
1.69410e+00 1.91924e+00 1.21693e-01
1.69410e+00 1.99553e+00 1.15467e-01
1.69410e+00 2.07230e+00 1.07579e-01
1.69410e+00 2.14949e+00 9.81785e-02
1.69410e+00 2.22703e+00 8.74791e-02
1.69410e+00 2.30483e+00 7.57864e-02
1.69410e+00 2.38282e+00 6.35268e-02
1.69410e+00 2.46093e+00 5.12546e-02
1.69410e+00 2.53907e+00 3.96206e-02
1.69410e+00 2.61718e+00 2.92918e-02
1.69410e+00 2.69517e+00 2.08308e-02
1.69410e+00 2.77297e+00 1.45642e-02
1.69410e+00 2.85051e+00 1.04926e-02
1.69410e+00 2.92770e+00 8.28846e-03
1.69410e+00 3.00447e+00 7.39853e-03
1.69410e+00 3.08076e+00 7.21277e-03
1.69410e+00 3.15647e+00 7.22652e-03
1.69410e+00 3.23154e+00 7.12867e-03
1.69410e+00 3.30590e+00 6.79869e-03
1.69410e+00 3.37947e+00 6.24562e-03
1.69410e+00 3.45218e+00 5.53848e-03
1.69410e+00 3.52396e+00 4.75796e-03
1.69410e+00 3.59474e+00 3.97304e-03
1.69410e+00 3.66445e+00 3.23379e-03
1.69410e+00 3.73303e+00 2.57156e-03
1.69410e+00 3.80040e+00 2.00192e-03
1.69410e+00 3.86649e+00 1.52843e-03
1.69410e+00 3.93125e+00 1.14638e-03
1.69410e+00 3.99462e+00 8.46064e-04
1.69410e+00 4.05652e+00 6.15420e-04
1.69410e+00 4.11690e+00 4.41913e-04
1.69410e+00 4.17571e+00 3.13770e-04
1.69410e+00 4.23287e+00 2.20660e-04
1.69410e+00 4.28835e+00 1.53963e-04
1.69410e+00 4.34207e+00 1.06771e-04
1.69410e+00 4.39400e+00 7.37240e-05
1.69410e+00 4.44407e+00 5.07787e-05
1.69410e+00 4.49224e+00 3.49525e-05
1.69410e+00 4.53847e+00 2.40888e-05
1.69410e+00 4.58271e+00 1.66540e-05
1.69410e+00 4.62491e+00 1.15722e-05
1.69410e+00 4.66504e+00 8.09715e-06
1.69410e+00 4.70305e+00 5.71590e-06
1.69410e+00 4.73890e+00 4.07833e-06
1.69410e+00 4.77257e+00 2.94655e-06
1.69410e+00 4.80402e+00 2.15949e-06
1.69410e+00 4.83322e+00 1.60817e-06
1.69410e+00 4.86014e+00 1.21890e-06
1.69410e+00 4.88475e+00 9.41746e-07
1.69410e+00 4.90703e+00 7.42774e-07
1.69410e+00 4.92696e+00 5.98854e-07
1.69410e+00 4.94452e+00 4.94152e-07
1.69410e+00 4.95969e+00 4.17785e-07
1.69410e+00 4.97246e+00 3.62258e-07
1.69410e+00 4.98281e+00 3.22413e-07
1.69410e+00 4.99074e+00 2.94734e-07
1.69410e+00 4.99623e+00 2.76883e-07
1.69410e+00 4.99928e+00 2.67401e-07
1.76846e+00 7.15683e-04 3.64579e-08
1.76846e+00 3.77012e-03 1.01172e-06
1.76846e+00 9.26216e-03 6.10621e-06
1.76846e+00 1.71877e-02 2.10268e-05
1.76846e+00 2.75390e-02 5.39782e-05
1.76846e+00 4.03061e-02 1.15620e-04
1.76846e+00 5.54766e-02 2.19005e-04
1.76846e+00 7.30356e-02 3.79506e-04
1.76846e+00 9.29659e-02 6.14714e-04
1.76846e+00 1.15248e-01 9.44319e-04
1.76846e+00 1.39860e-01 1.38997e-03
1.76846e+00 1.66779e-01 1.97509e-03
1.76846e+00 1.95977e-01 2.72468e-03
1.76846e+00 2.27426e-01 3.66509e-03
1.76846e+00 2.61096e-01 4.82373e-03
1.76846e+00 2.96953e-01 6.22875e-03
1.76846e+00 3.34963e-01 7.90870e-03
1.76846e+00 3.75089e-01 9.89215e-03
1.76846e+00 4.17290e-01 1.22072e-02
1.76846e+00 4.61527e-01 1.48809e-02
1.76846e+00 5.07755e-01 1.79390e-02
1.76846e+00 5.55930e-01 2.14047e-02
1.76846e+00 6.06005e-01 2.52987e-02
1.76846e+00 6.57930e-01 2.96376e-02
1.76846e+00 7.11655e-01 3.44332e-02
1.76846e+00 7.67127e-01 3.96912e-02
1.76846e+00 8.24292e-01 4.54097e-02
1.76846e+00 8.83095e-01 5.15769e-02
1.76846e+00 9.43478e-01 5.81691e-02
1.76846e+00 1.00538e+00 6.51471e-02
1.76846e+00 1.06875e+00 7.24527e-02
1.76846e+00 1.13351e+00 8.00044e-02
1.76846e+00 1.19960e+00 8.76921e-02
1.76846e+00 1.26697e+00 9.53722e-02
1.76846e+00 1.33555e+00 1.02864e-01
1.76846e+00 1.40526e+00 1.09947e-01
1.76846e+00 1.47604e+00 1.16366e-01
1.76846e+00 1.54782e+00 1.21837e-01
1.76846e+00 1.62053e+00 1.26068e-01
1.76846e+00 1.69410e+00 1.28780e-01
1.76846e+00 1.76846e+00 1.29735e-01
1.76846e+00 1.84353e+00 1.28758e-01
1.76846e+00 1.91924e+00 1.25751e-01
1.76846e+00 1.99553e+00 1.20694e-01
1.76846e+00 2.07230e+00 1.13642e-01
1.76846e+00 2.14949e+00 1.04727e-01
1.76846e+00 2.22703e+00 9.41766e-02
1.76846e+00 2.30483e+00 8.23302e-02
1.76846e+00 2.38282e+00 6.96665e-02
1.76846e+00 2.46093e+00 5.68044e-02
1.76846e+00 2.53907e+00 4.44672e-02
1.76846e+00 2.61718e+00 3.33964e-02
1.76846e+00 2.69517e+00 2.42221e-02
1.76846e+00 2.77297e+00 1.73228e-02
1.76846e+00 2.85051e+00 1.27279e-02
1.76846e+00 2.92770e+00 1.01142e-02
1.76846e+00 3.00447e+00 8.91246e-03
1.76846e+00 3.08076e+00 8.48678e-03
1.76846e+00 3.15647e+00 8.30688e-03
1.76846e+00 3.23154e+00 8.04327e-03
1.76846e+00 3.30590e+00 7.56565e-03
1.76846e+00 3.37947e+00 6.87970e-03
1.76846e+00 3.45218e+00 6.05424e-03
1.76846e+00 3.52396e+00 5.17042e-03
1.76846e+00 3.59474e+00 4.29738e-03
1.76846e+00 3.66445e+00 3.48467e-03
1.76846e+00 3.73303e+00 2.76254e-03
1.76846e+00 3.80040e+00 2.14510e-03
1.76846e+00 3.86649e+00 1.63422e-03
1.76846e+00 3.93125e+00 1.22349e-03
1.76846e+00 3.99462e+00 9.01560e-04
1.76846e+00 4.05652e+00 6.54900e-04
1.76846e+00 4.11690e+00 4.69709e-04
1.76846e+00 4.17571e+00 3.33163e-04
1.76846e+00 4.23287e+00 2.34086e-04
1.76846e+00 4.28835e+00 1.63200e-04
1.76846e+00 4.34207e+00 1.13097e-04
1.76846e+00 4.39400e+00 7.80428e-05
1.76846e+00 4.44407e+00 5.37232e-05
1.76846e+00 4.49224e+00 3.69607e-05
1.76846e+00 4.53847e+00 2.54614e-05
1.76846e+00 4.58271e+00 1.75959e-05
1.76846e+00 4.62491e+00 1.22223e-05
1.76846e+00 4.66504e+00 8.54921e-06
1.76846e+00 4.70305e+00 6.03326e-06
1.76846e+00 4.73890e+00 4.30363e-06
1.76846e+00 4.77257e+00 3.10860e-06
1.76846e+00 4.80402e+00 2.27777e-06
1.76846e+00 4.83322e+00 1.69593e-06
1.76846e+00 4.86014e+00 1.28521e-06
1.76846e+00 4.88475e+00 9.92826e-07
1.76846e+00 4.90703e+00 7.82959e-07
1.76846e+00 4.92696e+00 6.31181e-07
1.76846e+00 4.94452e+00 5.20776e-07
1.76846e+00 4.95969e+00 4.40258e-07
1.76846e+00 4.97246e+00 3.81718e-07
1.76846e+00 4.98281e+00 3.39714e-07
1.76846e+00 4.99074e+00 3.10536e-07
1.76846e+00 4.99623e+00 2.91720e-07
1.76846e+00 4.99928e+00 2.81725e-07
1.84353e+00 7.15683e-04 3.12393e-08
1.84353e+00 3.77012e-03 8.66902e-07
1.84353e+00 9.26216e-03 5.23217e-06
1.84353e+00 1.71877e-02 1.80171e-05
1.84353e+00 2.75390e-02 4.62528e-05
1.84353e+00 4.03061e-02 9.90751e-05
1.84353e+00 5.54766e-02 1.87676e-04
1.84353e+00 7.30356e-02 3.25241e-04
1.84353e+00 9.29659e-02 5.26874e-04
1.84353e+00 1.15248e-01 8.09505e-04
1.84353e+00 1.39860e-01 1.19178e-03
1.84353e+00 1.66779e-01 1.69394e-03
1.84353e+00 1.95977e-01 2.33766e-03
1.84353e+00 2.27426e-01 3.14591e-03
1.84353e+00 2.61096e-01 4.14272e-03
1.84353e+00 2.96953e-01 5.35303e-03
1.84353e+00 3.34963e-01 6.80240e-03
1.84353e+00 3.75089e-01 8.51679e-03
1.84353e+00 4.17290e-01 1.05223e-02
1.84353e+00 4.61527e-01 1.28446e-02
1.84353e+00 5.07755e-01 1.55091e-02
1.84353e+00 5.55930e-01 1.85400e-02
1.84353e+00 6.06005e-01 2.19600e-02
1.84353e+00 6.57930e-01 2.57900e-02
1.84353e+00 7.11655e-01 3.00479e-02
1.84353e+00 7.67127e-01 3.47481e-02
1.84353e+00 8.24292e-01 3.99002e-02
1.84353e+00 8.83095e-01 4.55073e-02
1.84353e+00 9.43478e-01 5.15640e-02
1.84353e+00 1.00538e+00 5.80540e-02
1.84353e+00 1.06875e+00 6.49462e-02
1.84353e+00 1.13351e+00 7.21901e-02
1.84353e+00 1.19960e+00 7.97109e-02
1.84353e+00 1.26697e+00 8.74032e-02
1.84353e+00 1.33555e+00 9.51244e-02
1.84353e+00 1.40526e+00 1.02689e-01
1.84353e+00 1.47604e+00 1.09866e-01
1.84353e+00 1.54782e+00 1.16380e-01
1.84353e+00 1.62053e+00 1.21919e-01
1.84353e+00 1.69410e+00 1.26152e-01
1.84353e+00 1.76846e+00 1.28758e-01
1.84353e+00 1.84353e+00 1.29452e-01
1.84353e+00 1.91924e+00 1.28017e-01
1.84353e+00 1.99553e+00 1.24324e-01
1.84353e+00 2.07230e+00 1.18349e-01
1.84353e+00 2.14949e+00 1.10180e-01
1.84353e+00 2.22703e+00 1.00032e-01
1.84353e+00 2.30483e+00 8.82655e-02
1.84353e+00 2.38282e+00 7.54020e-02
1.84353e+00 2.46093e+00 6.21206e-02
1.84353e+00 2.53907e+00 4.92153e-02
1.84353e+00 2.61718e+00 3.75017e-02
1.84353e+00 2.69517e+00 2.76794e-02
1.84353e+00 2.77297e+00 2.01821e-02
1.84353e+00 2.85051e+00 1.50737e-02
1.84353e+00 2.92770e+00 1.20420e-02
1.84353e+00 3.00447e+00 1.05096e-02
1.84353e+00 3.08076e+00 9.82135e-03
1.84353e+00 3.15647e+00 9.42613e-03
1.84353e+00 3.23154e+00 8.97878e-03
1.84353e+00 3.30590e+00 8.34014e-03
1.84353e+00 3.37947e+00 7.51233e-03
1.84353e+00 3.45218e+00 6.56313e-03
1.84353e+00 3.52396e+00 5.57331e-03
1.84353e+00 3.59474e+00 4.61131e-03
1.84353e+00 3.66445e+00 3.72549e-03
1.84353e+00 3.73303e+00 2.94450e-03
1.84353e+00 3.80040e+00 2.28059e-03
1.84353e+00 3.86649e+00 1.73372e-03
1.84353e+00 3.93125e+00 1.29560e-03
1.84353e+00 3.99462e+00 9.53191e-04
1.84353e+00 4.05652e+00 6.91460e-04
1.84353e+00 4.11690e+00 4.95340e-04
1.84353e+00 4.17571e+00 3.50976e-04
1.84353e+00 4.23287e+00 2.46375e-04
1.84353e+00 4.28835e+00 1.71629e-04
1.84353e+00 4.34207e+00 1.18851e-04
1.84353e+00 4.39400e+00 8.19613e-05
1.84353e+00 4.44407e+00 5.63882e-05
1.84353e+00 4.49224e+00 3.87743e-05
1.84353e+00 4.53847e+00 2.66985e-05
1.84353e+00 4.58271e+00 1.84432e-05
1.84353e+00 4.62491e+00 1.28060e-05
1.84353e+00 4.66504e+00 8.95452e-06
1.84353e+00 4.70305e+00 6.31739e-06
1.84353e+00 4.73890e+00 4.50509e-06
1.84353e+00 4.77257e+00 3.25333e-06
1.84353e+00 4.80402e+00 2.38329e-06
1.84353e+00 4.83322e+00 1.77416e-06
1.84353e+00 4.86014e+00 1.34426e-06
1.84353e+00 4.88475e+00 1.03828e-06
1.84353e+00 4.90703e+00 8.18696e-07
1.84353e+00 4.92696e+00 6.59913e-07
1.84353e+00 4.94452e+00 5.44427e-07
1.84353e+00 4.95969e+00 4.60213e-07
1.84353e+00 4.97246e+00 3.98990e-07
1.84353e+00 4.98281e+00 3.55065e-07
1.84353e+00 4.99074e+00 3.24556e-07
1.84353e+00 4.99623e+00 3.04881e-07
1.84353e+00 4.99928e+00 2.94430e-07
1.91924e+00 7.15683e-04 2.65481e-08
1.91924e+00 3.77012e-03 7.36722e-07
1.91924e+00 9.26216e-03 4.44648e-06
1.91924e+00 1.71877e-02 1.53117e-05
1.91924e+00 2.75390e-02 3.93082e-05
1.91924e+00 4.03061e-02 8.42019e-05
1.91924e+00 5.54766e-02 1.59510e-04
1.91924e+00 7.30356e-02 2.76451e-04
1.91924e+00 9.29659e-02 4.47888e-04
1.91924e+00 1.15248e-01 6.88258e-04
1.91924e+00 1.39860e-01 1.01350e-03
1.91924e+00 1.66779e-01 1.44094e-03
1.91924e+00 1.95977e-01 1.98925e-03
1.91924e+00 2.27426e-01 2.67827e-03
1.91924e+00 2.61096e-01 3.52893e-03
1.91924e+00 2.96953e-01 4.56312e-03
1.91924e+00 3.34963e-01 5.80353e-03
1.91924e+00 3.75089e-01 7.27352e-03
1.91924e+00 4.17290e-01 8.99697e-03
1.91924e+00 4.61527e-01 1.09981e-02
1.91924e+00 5.07755e-01 1.33012e-02
1.91924e+00 5.55930e-01 1.59307e-02
1.91924e+00 6.06005e-01 1.89104e-02
1.91924e+00 6.57930e-01 2.22638e-02
1.91924e+00 7.11655e-01 2.60130e-02
1.91924e+00 7.67127e-01 3.01785e-02
1.91924e+00 8.24292e-01 3.47784e-02
1.91924e+00 8.83095e-01 3.98270e-02
1.91924e+00 9.43478e-01 4.53332e-02
1.91924e+00 1.00538e+00 5.12983e-02
1.91924e+00 1.06875e+00 5.77126e-02
1.91924e+00 1.13351e+00 6.45515e-02
1.91924e+00 1.19960e+00 7.17699e-02
1.91924e+00 1.26697e+00 7.92960e-02
1.91924e+00 1.33555e+00 8.70234e-02
1.91924e+00 1.40526e+00 9.48035e-02
1.91924e+00 1.47604e+00 1.02438e-01
1.91924e+00 1.54782e+00 1.09675e-01
1.91924e+00 1.62053e+00 1.16210e-01
1.91924e+00 1.69410e+00 1.21693e-01
1.91924e+00 1.76846e+00 1.25751e-01
1.91924e+00 1.84353e+00 1.28017e-01
1.91924e+00 1.91924e+00 1.28165e-01
1.91924e+00 1.99553e+00 1.25953e-01
1.91924e+00 2.07230e+00 1.21253e-01
1.91924e+00 2.14949e+00 1.14078e-01
1.91924e+00 2.22703e+00 1.04604e-01
1.91924e+00 2.30483e+00 9.31901e-02
1.91924e+00 2.38282e+00 8.03826e-02
1.91924e+00 2.46093e+00 6.69095e-02
1.91924e+00 2.53907e+00 5.36283e-02
1.91924e+00 2.61718e+00 4.14246e-02
1.91924e+00 2.69517e+00 3.10656e-02
1.91924e+00 2.77297e+00 2.30420e-02
1.91924e+00 2.85051e+00 1.74575e-02
1.91924e+00 2.92770e+00 1.40189e-02
1.91924e+00 3.00447e+00 1.21497e-02
1.91924e+00 3.08076e+00 1.11842e-02
1.91924e+00 3.15647e+00 1.05574e-02
1.91924e+00 3.23154e+00 9.91242e-03
1.91924e+00 3.30590e+00 9.10290e-03
1.91924e+00 3.37947e+00 8.12736e-03
1.91924e+00 3.45218e+00 7.05187e-03
1.91924e+00 3.52396e+00 5.95588e-03
1.91924e+00 3.59474e+00 4.90629e-03
1.91924e+00 3.66445e+00 3.94959e-03
1.91924e+00 3.73303e+00 3.11231e-03
1.91924e+00 3.80040e+00 2.40451e-03
1.91924e+00 3.86649e+00 1.82403e-03
1.91924e+00 3.93125e+00 1.36059e-03
1.91924e+00 3.99462e+00 9.99429e-04
1.91924e+00 4.05652e+00 7.24007e-04
1.91924e+00 4.11690e+00 5.18034e-04
1.91924e+00 4.17571e+00 3.66669e-04
1.91924e+00 4.23287e+00 2.57151e-04
1.91924e+00 4.28835e+00 1.78988e-04
1.91924e+00 4.34207e+00 1.23856e-04
1.91924e+00 4.39400e+00 8.53569e-05
1.91924e+00 4.44407e+00 5.86900e-05
1.91924e+00 4.49224e+00 4.03359e-05
1.91924e+00 4.53847e+00 2.77607e-05
1.91924e+00 4.58271e+00 1.91688e-05
1.91924e+00 4.62491e+00 1.33048e-05
1.91924e+00 4.66504e+00 9.30011e-06
1.91924e+00 4.70305e+00 6.55918e-06
1.91924e+00 4.73890e+00 4.67622e-06
1.91924e+00 4.77257e+00 3.37607e-06
1.91924e+00 4.80402e+00 2.47266e-06
1.91924e+00 4.83322e+00 1.84031e-06
1.91924e+00 4.86014e+00 1.39413e-06
1.91924e+00 4.88475e+00 1.07663e-06
1.91924e+00 4.90703e+00 8.48819e-07
1.91924e+00 4.92696e+00 6.84111e-07
1.91924e+00 4.94452e+00 5.64331e-07
1.91924e+00 4.95969e+00 4.76996e-07
1.91924e+00 4.97246e+00 4.13511e-07
1.91924e+00 4.98281e+00 3.67966e-07
1.91924e+00 4.99074e+00 3.36333e-07
1.91924e+00 4.99623e+00 3.15934e-07
1.91924e+00 4.99928e+00 3.05100e-07
1.99553e+00 7.15683e-04 2.23125e-08
1.99553e+00 3.77012e-03 6.19181e-07
1.99553e+00 9.26216e-03 3.73708e-06
1.99553e+00 1.71877e-02 1.28689e-05
1.99553e+00 2.75390e-02 3.30376e-05
1.99553e+00 4.03061e-02 7.07720e-05
1.99553e+00 5.54766e-02 1.34076e-04
1.99553e+00 7.30356e-02 2.32389e-04
1.99553e+00 9.29659e-02 3.76547e-04
1.99553e+00 1.15248e-01 5.78729e-04
1.99553e+00 1.39860e-01 8.52405e-04
1.99553e+00 1.66779e-01 1.21228e-03
1.99553e+00 1.95977e-01 1.67422e-03
1.99553e+00 2.27426e-01 2.25523e-03
1.99553e+00 2.61096e-01 2.97332e-03
1.99553e+00 2.96953e-01 3.84753e-03
1.99553e+00 3.34963e-01 4.89777e-03
1.99553e+00 3.75089e-01 6.14487e-03
1.99553e+00 4.17290e-01 7.61042e-03
1.99553e+00 4.61527e-01 9.31680e-03
1.99553e+00 5.07755e-01 1.12871e-02
1.99553e+00 5.55930e-01 1.35449e-02
1.99553e+00 6.06005e-01 1.61145e-02
1.99553e+00 6.57930e-01 1.90206e-02
1.99553e+00 7.11655e-01 2.22880e-02
1.99553e+00 7.67127e-01 2.59413e-02
1.99553e+00 8.24292e-01 3.00045e-02
1.99553e+00 8.83095e-01 3.44999e-02
1.99553e+00 9.43478e-01 3.94470e-02
1.99553e+00 1.00538e+00 4.48604e-02
1.99553e+00 1.06875e+00 5.07471e-02
1.99553e+00 1.13351e+00 5.71028e-02
1.99553e+00 1.19960e+00 6.39066e-02
1.99553e+00 1.26697e+00 7.11150e-02
1.99553e+00 1.33555e+00 7.86538e-02
1.99553e+00 1.40526e+00 8.64092e-02
1.99553e+00 1.47604e+00 9.42186e-02
1.99553e+00 1.54782e+00 1.01863e-01
1.99553e+00 1.62053e+00 1.09059e-01
1.99553e+00 1.69410e+00 1.15467e-01
1.99553e+00 1.76846e+00 1.20694e-01
1.99553e+00 1.84353e+00 1.24324e-01
1.99553e+00 1.91924e+00 1.25953e-01
1.99553e+00 1.99553e+00 1.25234e-01
1.99553e+00 2.07230e+00 1.21931e-01
1.99553e+00 2.14949e+00 1.15960e-01
1.99553e+00 2.22703e+00 1.07430e-01
1.99553e+00 2.30483e+00 9.66641e-02
1.99553e+00 2.38282e+00 8.42127e-02
1.99553e+00 2.46093e+00 7.08320e-02
1.99553e+00 2.53907e+00 5.74279e-02
1.99553e+00 2.61718e+00 4.49455e-02
1.99553e+00 2.69517e+00 3.42137e-02
1.99553e+00 2.77297e+00 2.57793e-02
1.99553e+00 2.85051e+00 1.97894e-02
1.99553e+00 2.92770e+00 1.59786e-02
1.99553e+00 3.00447e+00 1.37824e-02
1.99553e+00 3.08076e+00 1.25358e-02
1.99553e+00 3.15647e+00 1.16685e-02
1.99553e+00 3.23154e+00 1.08175e-02
1.99553e+00 3.30590e+00 9.83177e-03
1.99553e+00 3.37947e+00 8.70658e-03
1.99553e+00 3.45218e+00 7.50568e-03
1.99553e+00 3.52396e+00 6.30634e-03
1.99553e+00 3.59474e+00 5.17307e-03
1.99553e+00 3.66445e+00 4.14981e-03
1.99553e+00 3.73303e+00 3.26053e-03
1.99553e+00 3.80040e+00 2.51279e-03
1.99553e+00 3.86649e+00 1.90214e-03
1.99553e+00 3.93125e+00 1.41629e-03
1.99553e+00 3.99462e+00 1.03870e-03
1.99553e+00 4.05652e+00 7.51422e-04
1.99553e+00 4.11690e+00 5.37001e-04
1.99553e+00 4.17571e+00 3.79691e-04
1.99553e+00 4.23287e+00 2.66034e-04
1.99553e+00 4.28835e+00 1.85016e-04
1.99553e+00 4.34207e+00 1.27933e-04
1.99553e+00 4.39400e+00 8.81076e-05
1.99553e+00 4.44407e+00 6.05453e-05
1.99553e+00 4.49224e+00 4.15888e-05
1.99553e+00 4.53847e+00 2.86092e-05
1.99553e+00 4.58271e+00 1.97462e-05
1.99553e+00 4.62491e+00 1.37002e-05
1.99553e+00 4.66504e+00 9.57319e-06
1.99553e+00 4.70305e+00 6.74964e-06
1.99553e+00 4.73890e+00 4.81064e-06
1.99553e+00 4.77257e+00 3.47223e-06
1.99553e+00 4.80402e+00 2.54250e-06
1.99553e+00 4.83322e+00 1.89191e-06
1.99553e+00 4.86014e+00 1.43296e-06
1.99553e+00 4.88475e+00 1.10644e-06
1.99553e+00 4.90703e+00 8.72194e-07
1.99553e+00 4.92696e+00 7.02862e-07
1.99553e+00 4.94452e+00 5.79737e-07
1.99553e+00 4.95969e+00 4.89973e-07
1.99553e+00 4.97246e+00 4.24729e-07
1.99553e+00 4.98281e+00 3.77926e-07
1.99553e+00 4.99074e+00 3.45420e-07
1.99553e+00 4.99623e+00 3.24460e-07
1.99553e+00 4.99928e+00 3.13328e-07
2.07230e+00 7.15683e-04 1.84602e-08
2.07230e+00 3.77012e-03 5.12280e-07
2.07230e+00 9.26216e-03 3.09188e-06
2.07230e+00 1.71877e-02 1.06472e-05
2.07230e+00 2.75390e-02 2.73345e-05
2.07230e+00 4.03061e-02 5.85571e-05
2.07230e+00 5.54766e-02 1.10941e-04
2.07230e+00 7.30356e-02 1.92308e-04
2.07230e+00 9.29659e-02 3.11645e-04
2.07230e+00 1.15248e-01 4.79067e-04
2.07230e+00 1.39860e-01 7.05791e-04
2.07230e+00 1.66779e-01 1.00410e-03
2.07230e+00 1.95977e-01 1.38731e-03
2.07230e+00 2.27426e-01 1.86975e-03
2.07230e+00 2.61096e-01 2.46674e-03
2.07230e+00 2.96953e-01 3.19458e-03
2.07230e+00 3.34963e-01 4.07056e-03
2.07230e+00 3.75089e-01 5.11295e-03
2.07230e+00 4.17290e-01 6.34102e-03
2.07230e+00 4.61527e-01 7.77512e-03
2.07230e+00 5.07755e-01 9.43668e-03
2.07230e+00 5.55930e-01 1.13483e-02
2.07230e+00 6.06005e-01 1.35336e-02
2.07230e+00 6.57930e-01 1.60178e-02
2.07230e+00 7.11655e-01 1.88267e-02
2.07230e+00 7.67127e-01 2.19877e-02
2.07230e+00 8.24292e-01 2.55283e-02
2.07230e+00 8.83095e-01 2.94764e-02
2.07230e+00 9.43478e-01 3.38589e-02
2.07230e+00 1.00538e+00 3.86999e-02
2.07230e+00 1.06875e+00 4.40189e-02
2.07230e+00 1.13351e+00 4.98269e-02
2.07230e+00 1.19960e+00 5.61222e-02
2.07230e+00 1.26697e+00 6.28843e-02
2.07230e+00 1.33555e+00 7.00660e-02
2.07230e+00 1.40526e+00 7.75848e-02
2.07230e+00 1.47604e+00 8.53123e-02
2.07230e+00 1.54782e+00 9.30644e-02
2.07230e+00 1.62053e+00 1.00592e-01
2.07230e+00 1.69410e+00 1.07579e-01
2.07230e+00 1.76846e+00 1.13642e-01
2.07230e+00 1.84353e+00 1.18349e-01
2.07230e+00 1.91924e+00 1.21253e-01
2.07230e+00 1.99553e+00 1.21931e-01
2.07230e+00 2.07230e+00 1.20050e-01
2.07230e+00 2.14949e+00 1.15424e-01
2.07230e+00 2.22703e+00 1.08071e-01
2.07230e+00 2.30483e+00 9.82515e-02
2.07230e+00 2.38282e+00 8.64847e-02
2.07230e+00 2.46093e+00 7.35275e-02
2.07230e+00 2.53907e+00 6.03106e-02
2.07230e+00 2.61718e+00 4.78202e-02
2.07230e+00 2.69517e+00 3.69349e-02
2.07230e+00 2.77297e+00 2.82522e-02
2.07230e+00 2.85051e+00 2.19650e-02
2.07230e+00 2.92770e+00 1.78441e-02
2.07230e+00 3.00447e+00 1.53497e-02
2.07230e+00 3.08076e+00 1.38307e-02
2.07230e+00 3.15647e+00 1.27229e-02
2.07230e+00 3.23154e+00 1.16643e-02
2.07230e+00 3.30590e+00 1.05024e-02
2.07230e+00 3.37947e+00 9.23029e-03
2.07230e+00 3.45218e+00 7.90883e-03
2.07230e+00 3.52396e+00 6.61229e-03
2.07230e+00 3.59474e+00 5.40202e-03
2.07230e+00 3.66445e+00 4.31881e-03
2.07230e+00 3.73303e+00 3.38364e-03
2.07230e+00 3.80040e+00 2.60134e-03
2.07230e+00 3.86649e+00 1.96507e-03
2.07230e+00 3.93125e+00 1.46051e-03
2.07230e+00 3.99462e+00 1.06945e-03
2.07230e+00 4.05652e+00 7.72609e-04
2.07230e+00 4.11690e+00 5.51477e-04
2.07230e+00 4.17571e+00 3.89511e-04
2.07230e+00 4.23287e+00 2.72657e-04
2.07230e+00 4.28835e+00 1.89462e-04
2.07230e+00 4.34207e+00 1.30909e-04
2.07230e+00 4.39400e+00 9.00971e-05
2.07230e+00 4.44407e+00 6.18752e-05
2.07230e+00 4.49224e+00 4.24793e-05
2.07230e+00 4.53847e+00 2.92076e-05
2.07230e+00 4.58271e+00 2.01504e-05
2.07230e+00 4.62491e+00 1.39751e-05
2.07230e+00 4.66504e+00 9.76179e-06
2.07230e+00 4.70305e+00 6.88041e-06
2.07230e+00 4.73890e+00 4.90242e-06
2.07230e+00 4.77257e+00 3.53755e-06
2.07230e+00 4.80402e+00 2.58973e-06
2.07230e+00 4.83322e+00 1.92665e-06
2.07230e+00 4.86014e+00 1.45900e-06
2.07230e+00 4.88475e+00 1.12636e-06
2.07230e+00 4.90703e+00 8.87767e-07
2.07230e+00 4.92696e+00 7.15322e-07
2.07230e+00 4.94452e+00 5.89949e-07
2.07230e+00 4.95969e+00 4.98558e-07
2.07230e+00 4.97246e+00 4.32137e-07
2.07230e+00 4.98281e+00 3.84494e-07
2.07230e+00 4.99074e+00 3.51407e-07
2.07230e+00 4.99623e+00 3.30073e-07
2.07230e+00 4.99928e+00 3.18743e-07
2.14949e+00 7.15683e-04 1.49273e-08
2.14949e+00 3.77012e-03 4.14239e-07
2.14949e+00 9.26216e-03 2.50016e-06
2.14949e+00 1.71877e-02 8.60966e-06
2.14949e+00 2.75390e-02 2.21040e-05
2.14949e+00 4.03061e-02 4.73539e-05
2.14949e+00 5.54766e-02 8.97219e-05
2.14949e+00 7.30356e-02 1.55543e-04
2.14949e+00 9.29659e-02 2.52103e-04
2.14949e+00 1.15248e-01 3.87622e-04
2.14949e+00 1.39860e-01 5.71236e-04
2.14949e+00 1.66779e-01 8.12987e-04
2.14949e+00 1.95977e-01 1.12381e-03
2.14949e+00 2.27426e-01 1.51557e-03
2.14949e+00 2.61096e-01 2.00101e-03
2.14949e+00 2.96953e-01 2.59385e-03
2.14949e+00 3.34963e-01 3.30882e-03
2.14949e+00 3.75089e-01 4.16167e-03
2.14949e+00 4.17290e-01 5.16932e-03
2.14949e+00 4.61527e-01 6.34993e-03
2.14949e+00 5.07755e-01 7.72303e-03
2.14949e+00 5.55930e-01 9.30965e-03
2.14949e+00 6.06005e-01 1.11325e-02
2.14949e+00 6.57930e-01 1.32159e-02
2.14949e+00 7.11655e-01 1.55863e-02
2.14949e+00 7.67127e-01 1.82718e-02
2.14949e+00 8.24292e-01 2.13020e-02
2.14949e+00 8.83095e-01 2.47082e-02
2.14949e+00 9.43478e-01 2.85219e-02
2.14949e+00 1.00538e+00 3.27738e-02
2.14949e+00 1.06875e+00 3.74921e-02
2.14949e+00 1.13351e+00 4.26990e-02
2.14949e+00 1.19960e+00 4.84073e-02
2.14949e+00 1.26697e+00 5.46143e-02
2.14949e+00 1.33555e+00 6.12950e-02
2.14949e+00 1.40526e+00 6.83936e-02
2.14949e+00 1.47604e+00 7.58126e-02
2.14949e+00 1.54782e+00 8.34028e-02
2.14949e+00 1.62053e+00 9.09522e-02
2.14949e+00 1.69410e+00 9.81785e-02
2.14949e+00 1.76846e+00 1.04727e-01
2.14949e+00 1.84353e+00 1.10180e-01
2.14949e+00 1.91924e+00 1.14078e-01
2.14949e+00 1.99553e+00 1.15960e-01
2.14949e+00 2.07230e+00 1.15424e-01
2.14949e+00 2.14949e+00 1.12193e-01
2.14949e+00 2.22703e+00 1.06187e-01
2.14949e+00 2.30483e+00 9.75813e-02
2.14949e+00 2.38282e+00 8.68295e-02
2.14949e+00 2.46093e+00 7.46540e-02
2.14949e+00 2.53907e+00 6.19778e-02
2.14949e+00 2.61718e+00 4.98013e-02
2.14949e+00 2.69517e+00 3.90329e-02
2.14949e+00 2.77297e+00 3.03105e-02
2.14949e+00 2.85051e+00 2.38715e-02
2.14949e+00 2.92770e+00 1.95309e-02
2.14949e+00 3.00447e+00 1.67875e-02
2.14949e+00 3.08076e+00 1.50194e-02
2.14949e+00 3.15647e+00 1.36814e-02
2.14949e+00 3.23154e+00 1.24213e-02
2.14949e+00 3.30590e+00 1.10895e-02
2.14949e+00 3.37947e+00 9.67823e-03
2.14949e+00 3.45218e+00 8.24535e-03
2.14949e+00 3.52396e+00 6.86134e-03
2.14949e+00 3.59474e+00 5.58367e-03
2.14949e+00 3.66445e+00 4.44944e-03
2.14949e+00 3.73303e+00 3.47631e-03
2.14949e+00 3.80040e+00 2.66624e-03
2.14949e+00 3.86649e+00 2.00997e-03
2.14949e+00 3.93125e+00 1.49122e-03
2.14949e+00 3.99462e+00 1.09025e-03
2.14949e+00 4.05652e+00 7.86560e-04
2.14949e+00 4.11690e+00 5.60760e-04
2.14949e+00 4.17571e+00 3.95646e-04
2.14949e+00 4.23287e+00 2.76689e-04
2.14949e+00 4.28835e+00 1.92102e-04
2.14949e+00 4.34207e+00 1.32633e-04
2.14949e+00 4.39400e+00 9.12219e-05
2.14949e+00 4.44407e+00 6.26097e-05
2.14949e+00 4.49224e+00 4.29601e-05
2.14949e+00 4.53847e+00 2.95236e-05
2.14949e+00 4.58271e+00 2.03594e-05
2.14949e+00 4.62491e+00 1.41144e-05
2.14949e+00 4.66504e+00 9.85552e-06
2.14949e+00 4.70305e+00 6.94421e-06
2.14949e+00 4.73890e+00 4.94643e-06
2.14949e+00 4.77257e+00 3.56836e-06
2.14949e+00 4.80402e+00 2.61167e-06
2.14949e+00 4.83322e+00 1.94256e-06
2.14949e+00 4.86014e+00 1.47076e-06
2.14949e+00 4.88475e+00 1.13525e-06
2.14949e+00 4.90703e+00 8.94642e-07
2.14949e+00 4.92696e+00 7.20767e-07
2.14949e+00 4.94452e+00 5.94374e-07
2.14949e+00 4.95969e+00 5.02249e-07
2.14949e+00 4.97246e+00 4.35303e-07
2.14949e+00 4.98281e+00 3.87286e-07
2.14949e+00 4.99074e+00 3.53942e-07
2.14949e+00 4.99623e+00 3.32443e-07
2.14949e+00 4.99928e+00 3.21026e-07
2.22703e+00 7.15683e-04 1.16666e-08
2.22703e+00 3.77012e-03 3.23753e-07
2.22703e+00 9.26216e-03 1.95404e-06
2.22703e+00 1.71877e-02 6.72908e-06
2.22703e+00 2.75390e-02 1.72763e-05
2.22703e+00 4.03061e-02 3.70134e-05
2.22703e+00 5.54766e-02 7.01357e-05
2.22703e+00 7.30356e-02 1.21604e-04
2.22703e+00 9.29659e-02 1.97133e-04
2.22703e+00 1.15248e-01 3.03186e-04
2.22703e+00 1.39860e-01 4.46967e-04
2.22703e+00 1.66779e-01 6.36434e-04
2.22703e+00 1.95977e-01 8.80305e-04
2.22703e+00 2.27426e-01 1.18809e-03
2.22703e+00 2.61096e-01 1.57015e-03
2.22703e+00 2.96953e-01 2.03771e-03
2.22703e+00 3.34963e-01 2.60301e-03
2.22703e+00 3.75089e-01 3.27934e-03
2.22703e+00 4.17290e-01 4.08120e-03
2.22703e+00 4.61527e-01 5.02449e-03
2.22703e+00 5.07755e-01 6.12660e-03
2.22703e+00 5.55930e-01 7.40669e-03
2.22703e+00 6.06005e-01 8.88585e-03
2.22703e+00 6.57930e-01 1.05873e-02
2.22703e+00 7.11655e-01 1.25367e-02
2.22703e+00 7.67127e-01 1.47620e-02
2.22703e+00 8.24292e-01 1.72935e-02
2.22703e+00 8.83095e-01 2.01637e-02
2.22703e+00 9.43478e-01 2.34069e-02
2.22703e+00 1.00538e+00 2.70577e-02
2.22703e+00 1.06875e+00 3.11498e-02
2.22703e+00 1.13351e+00 3.57132e-02
2.22703e+00 1.19960e+00 4.07709e-02
2.22703e+00 1.26697e+00 4.63338e-02
2.22703e+00 1.33555e+00 5.23944e-02
2.22703e+00 1.40526e+00 5.89186e-02
2.22703e+00 1.47604e+00 6.58361e-02
2.22703e+00 1.54782e+00 7.30300e-02
2.22703e+00 1.62053e+00 8.03251e-02
2.22703e+00 1.69410e+00 8.74791e-02
2.22703e+00 1.76846e+00 9.41766e-02
2.22703e+00 1.84353e+00 1.00032e-01
2.22703e+00 1.91924e+00 1.04604e-01
2.22703e+00 1.99553e+00 1.07430e-01
2.22703e+00 2.07230e+00 1.08071e-01
2.22703e+00 2.14949e+00 1.06187e-01
2.22703e+00 2.22703e+00 1.01613e-01
2.22703e+00 2.30483e+00 9.44230e-02
2.22703e+00 2.38282e+00 8.49831e-02
2.22703e+00 2.46093e+00 7.39431e-02
2.22703e+00 2.53907e+00 6.21791e-02
2.22703e+00 2.61718e+00 5.06701e-02
2.22703e+00 2.69517e+00 4.03269e-02
2.22703e+00 2.77297e+00 3.18104e-02
2.22703e+00 2.85051e+00 2.53979e-02
2.22703e+00 2.92770e+00 2.09544e-02
2.22703e+00 3.00447e+00 1.80308e-02
2.22703e+00 3.08076e+00 1.60512e-02
2.22703e+00 3.15647e+00 1.45039e-02
2.22703e+00 3.23154e+00 1.30565e-02
2.22703e+00 3.30590e+00 1.15679e-02
2.22703e+00 3.37947e+00 1.00307e-02
2.22703e+00 3.45218e+00 8.49997e-03
2.22703e+00 3.52396e+00 7.04181e-03
2.22703e+00 3.59474e+00 5.70919e-03
2.22703e+00 3.66445e+00 4.53513e-03
2.22703e+00 3.73303e+00 3.53372e-03
2.22703e+00 3.80040e+00 2.70400e-03
2.22703e+00 3.86649e+00 2.03435e-03
2.22703e+00 3.93125e+00 1.50667e-03
2.22703e+00 3.99462e+00 1.09985e-03
2.22703e+00 4.05652e+00 7.92416e-04
2.22703e+00 4.11690e+00 5.64261e-04
2.22703e+00 4.17571e+00 3.97694e-04
2.22703e+00 4.23287e+00 2.77859e-04
2.22703e+00 4.28835e+00 1.92752e-04
2.22703e+00 4.34207e+00 1.32981e-04
2.22703e+00 4.39400e+00 9.13989e-05
2.22703e+00 4.44407e+00 6.26928e-05
2.22703e+00 4.49224e+00 4.29935e-05
2.22703e+00 4.53847e+00 2.95319e-05
2.22703e+00 4.58271e+00 2.03560e-05
2.22703e+00 4.62491e+00 1.41064e-05
2.22703e+00 4.66504e+00 9.84629e-06
2.22703e+00 4.70305e+00 6.93541e-06
2.22703e+00 4.73890e+00 4.93869e-06
2.22703e+00 4.77257e+00 3.56183e-06
2.22703e+00 4.80402e+00 2.60625e-06
2.22703e+00 4.83322e+00 1.93811e-06
2.22703e+00 4.86014e+00 1.46711e-06
2.22703e+00 4.88475e+00 1.13224e-06
2.22703e+00 4.90703e+00 8.92135e-07
2.22703e+00 4.92696e+00 7.18653e-07
2.22703e+00 4.94452e+00 5.92563e-07
2.22703e+00 4.95969e+00 5.00671e-07
2.22703e+00 4.97246e+00 4.33900e-07
2.22703e+00 4.98281e+00 3.86013e-07
2.22703e+00 4.99074e+00 3.52762e-07
2.22703e+00 4.99623e+00 3.31324e-07
2.22703e+00 4.99928e+00 3.19938e-07
2.30483e+00 7.15683e-04 8.65708e-09
2.30483e+00 3.77012e-03 2.40238e-07
2.30483e+00 9.26216e-03 1.44999e-06
2.30483e+00 1.71877e-02 4.99338e-06
2.30483e+00 2.75390e-02 1.28206e-05
2.30483e+00 4.03061e-02 2.74691e-05
2.30483e+00 5.54766e-02 5.20567e-05
2.30483e+00 7.30356e-02 9.02747e-05
2.30483e+00 9.29659e-02 1.46385e-04
2.30483e+00 1.15248e-01 2.25222e-04
2.30483e+00 1.39860e-01 3.32200e-04
2.30483e+00 1.66779e-01 4.73336e-04
2.30483e+00 1.95977e-01 6.55276e-04
2.30483e+00 2.27426e-01 8.85343e-04
2.30483e+00 2.61096e-01 1.17160e-03
2.30483e+00 2.96953e-01 1.52293e-03
2.30483e+00 3.34963e-01 1.94916e-03
2.30483e+00 3.75089e-01 2.46116e-03
2.30483e+00 4.17290e-01 3.07105e-03
2.30483e+00 4.61527e-01 3.79233e-03
2.30483e+00 5.07755e-01 4.64014e-03
2.30483e+00 5.55930e-01 5.63151e-03
2.30483e+00 6.06005e-01 6.78556e-03
2.30483e+00 6.57930e-01 8.12380e-03
2.30483e+00 7.11655e-01 9.67036e-03
2.30483e+00 7.67127e-01 1.14522e-02
2.30483e+00 8.24292e-01 1.34990e-02
2.30483e+00 8.83095e-01 1.58433e-02
2.30483e+00 9.43478e-01 1.85201e-02
2.30483e+00 1.00538e+00 2.15657e-02
2.30483e+00 1.06875e+00 2.50169e-02
2.30483e+00 1.13351e+00 2.89084e-02
2.30483e+00 1.19960e+00 3.32700e-02
2.30483e+00 1.26697e+00 3.81223e-02
2.30483e+00 1.33555e+00 4.34709e-02
2.30483e+00 1.40526e+00 4.92993e-02
2.30483e+00 1.47604e+00 5.55603e-02
2.30483e+00 1.54782e+00 6.21653e-02
2.30483e+00 1.62053e+00 6.89746e-02
2.30483e+00 1.69410e+00 7.57864e-02
2.30483e+00 1.76846e+00 8.23302e-02
2.30483e+00 1.84353e+00 8.82655e-02
2.30483e+00 1.91924e+00 9.31901e-02
2.30483e+00 1.99553e+00 9.66641e-02
2.30483e+00 2.07230e+00 9.82515e-02
2.30483e+00 2.14949e+00 9.75813e-02
2.30483e+00 2.22703e+00 9.44230e-02
2.30483e+00 2.30483e+00 8.87630e-02
2.30483e+00 2.38282e+00 8.08611e-02
2.30483e+00 2.46093e+00 7.12654e-02
2.30483e+00 2.53907e+00 6.07652e-02
2.30483e+00 2.61718e+00 5.02772e-02
2.30483e+00 2.69517e+00 4.06801e-02
2.30483e+00 2.77297e+00 3.26346e-02
2.30483e+00 2.85051e+00 2.64476e-02
2.30483e+00 2.92770e+00 2.20370e-02
2.30483e+00 3.00447e+00 1.90183e-02
2.30483e+00 3.08076e+00 1.68778e-02
2.30483e+00 3.15647e+00 1.51525e-02
2.30483e+00 3.23154e+00 1.35404e-02
2.30483e+00 3.30590e+00 1.19143e-02
2.30483e+00 3.37947e+00 1.02698e-02
2.30483e+00 3.45218e+00 8.65909e-03
2.30483e+00 3.52396e+00 7.14350e-03
2.30483e+00 3.59474e+00 5.77107e-03
2.30483e+00 3.66445e+00 4.57040e-03
2.30483e+00 3.73303e+00 3.55194e-03
2.30483e+00 3.80040e+00 2.71183e-03
2.30483e+00 3.86649e+00 2.03624e-03
2.30483e+00 3.93125e+00 1.50548e-03
2.30483e+00 3.99462e+00 1.09732e-03
2.30483e+00 4.05652e+00 7.89540e-04
2.30483e+00 4.11690e+00 5.61548e-04
2.30483e+00 4.17571e+00 3.95365e-04
2.30483e+00 4.23287e+00 2.75972e-04
2.30483e+00 4.28835e+00 1.91282e-04
2.30483e+00 4.34207e+00 1.31867e-04
2.30483e+00 4.39400e+00 9.05717e-05
2.30483e+00 4.44407e+00 6.20874e-05
2.30483e+00 4.49224e+00 4.25548e-05
2.30483e+00 4.53847e+00 2.92160e-05
2.30483e+00 4.58271e+00 2.01292e-05
2.30483e+00 4.62491e+00 1.39435e-05
2.30483e+00 4.66504e+00 9.72901e-06
2.30483e+00 4.70305e+00 6.85053e-06
2.30483e+00 4.73890e+00 4.87677e-06
2.30483e+00 4.77257e+00 3.51622e-06
2.30483e+00 4.80402e+00 2.57225e-06
2.30483e+00 4.83322e+00 1.91241e-06
2.30483e+00 4.86014e+00 1.44738e-06
2.30483e+00 4.88475e+00 1.11681e-06
2.30483e+00 4.90703e+00 8.79845e-07
2.30483e+00 4.92696e+00 7.08658e-07
2.30483e+00 4.94452e+00 5.84254e-07
2.30483e+00 4.95969e+00 4.93602e-07
2.30483e+00 4.97246e+00 4.27739e-07
2.30483e+00 4.98281e+00 3.80507e-07
2.30483e+00 4.99074e+00 3.47713e-07
2.30483e+00 4.99623e+00 3.26571e-07
2.30483e+00 4.99928e+00 3.15343e-07
2.38282e+00 7.15683e-04 5.91014e-09
2.38282e+00 3.77012e-03 1.64010e-07
2.38282e+00 9.26216e-03 9.89908e-07
2.38282e+00 1.71877e-02 3.40909e-06
2.38282e+00 2.75390e-02 8.75341e-06
2.38282e+00 4.03061e-02 1.87571e-05
2.38282e+00 5.54766e-02 3.55534e-05
2.38282e+00 7.30356e-02 6.16739e-05
2.38282e+00 9.29659e-02 1.00051e-04
2.38282e+00 1.15248e-01 1.54030e-04
2.38282e+00 1.39860e-01 2.27382e-04
2.38282e+00 1.66779e-01 3.24339e-04
2.38282e+00 1.95977e-01 4.49634e-04
2.38282e+00 2.27426e-01 6.08558e-04
2.38282e+00 2.61096e-01 8.07043e-04
2.38282e+00 2.96953e-01 1.05176e-03
2.38282e+00 3.34963e-01 1.35024e-03
2.38282e+00 3.75089e-01 1.71103e-03
2.38282e+00 4.17290e-01 2.14389e-03
2.38282e+00 4.61527e-01 2.65995e-03
2.38282e+00 5.07755e-01 3.27201e-03
2.38282e+00 5.55930e-01 3.99479e-03
2.38282e+00 6.06005e-01 4.84518e-03
2.38282e+00 6.57930e-01 5.84255e-03
2.38282e+00 7.11655e-01 7.00905e-03
2.38282e+00 7.67127e-01 8.36980e-03
2.38282e+00 8.24292e-01 9.95304e-03
2.38282e+00 8.83095e-01 1.17901e-02
2.38282e+00 9.43478e-01 1.39152e-02
2.38282e+00 1.00538e+00 1.63648e-02
2.38282e+00 1.06875e+00 1.91764e-02
2.38282e+00 1.13351e+00 2.23871e-02
2.38282e+00 1.19960e+00 2.60305e-02
2.38282e+00 1.26697e+00 3.01337e-02
2.38282e+00 1.33555e+00 3.47116e-02
2.38282e+00 1.40526e+00 3.97615e-02
2.38282e+00 1.47604e+00 4.52547e-02
2.38282e+00 1.54782e+00 5.11277e-02
2.38282e+00 1.62053e+00 5.72724e-02
2.38282e+00 1.69410e+00 6.35268e-02
2.38282e+00 1.76846e+00 6.96665e-02
2.38282e+00 1.84353e+00 7.54020e-02
2.38282e+00 1.91924e+00 8.03826e-02
2.38282e+00 1.99553e+00 8.42127e-02
2.38282e+00 2.07230e+00 8.64847e-02
2.38282e+00 2.14949e+00 8.68295e-02
2.38282e+00 2.22703e+00 8.49831e-02
2.38282e+00 2.30483e+00 8.08611e-02
2.38282e+00 2.38282e+00 7.46212e-02
2.38282e+00 2.46093e+00 6.66914e-02
2.38282e+00 2.53907e+00 5.77410e-02
2.38282e+00 2.61718e+00 4.85852e-02
2.38282e+00 2.69517e+00 4.00325e-02
2.38282e+00 2.77297e+00 3.27148e-02
2.38282e+00 2.85051e+00 2.69536e-02
2.38282e+00 2.92770e+00 2.27187e-02
2.38282e+00 3.00447e+00 1.96990e-02
2.38282e+00 3.08076e+00 1.74575e-02
2.38282e+00 3.15647e+00 1.55940e-02
2.38282e+00 3.23154e+00 1.38471e-02
2.38282e+00 3.30590e+00 1.21092e-02
2.38282e+00 3.37947e+00 1.03808e-02
2.38282e+00 3.45218e+00 8.71187e-03
2.38282e+00 3.52396e+00 7.15855e-03
2.38282e+00 3.59474e+00 5.76368e-03
2.38282e+00 3.66445e+00 4.55130e-03
2.38282e+00 3.73303e+00 3.52822e-03
2.38282e+00 3.80040e+00 2.68784e-03
2.38282e+00 3.86649e+00 2.01437e-03
2.38282e+00 3.93125e+00 1.48681e-03
2.38282e+00 3.99462e+00 1.08211e-03
2.38282e+00 4.05652e+00 7.77574e-04
2.38282e+00 4.11690e+00 5.52391e-04
2.38282e+00 4.17571e+00 3.88512e-04
2.38282e+00 4.23287e+00 2.70936e-04
2.38282e+00 4.28835e+00 1.87634e-04
2.38282e+00 4.34207e+00 1.29255e-04
2.38282e+00 4.39400e+00 8.87174e-05
2.38282e+00 4.44407e+00 6.07791e-05
2.38282e+00 4.49224e+00 4.16350e-05
2.38282e+00 4.53847e+00 2.85703e-05
2.38282e+00 4.58271e+00 1.96753e-05
2.38282e+00 4.62491e+00 1.36235e-05
2.38282e+00 4.66504e+00 9.50225e-06
2.38282e+00 4.70305e+00 6.68861e-06
2.38282e+00 4.73890e+00 4.76007e-06
2.38282e+00 4.77257e+00 3.43113e-06
2.38282e+00 4.80402e+00 2.50939e-06
2.38282e+00 4.83322e+00 1.86526e-06
2.38282e+00 4.86014e+00 1.41142e-06
2.38282e+00 4.88475e+00 1.08888e-06
2.38282e+00 4.90703e+00 8.57702e-07
2.38282e+00 4.92696e+00 6.90730e-07
2.38282e+00 4.94452e+00 5.69407e-07
2.38282e+00 4.95969e+00 4.81011e-07
2.38282e+00 4.97246e+00 4.16794e-07
2.38282e+00 4.98281e+00 3.70747e-07
2.38282e+00 4.99074e+00 3.38777e-07
2.38282e+00 4.99623e+00 3.18167e-07
2.38282e+00 4.99928e+00 3.07222e-07
2.46093e+00 7.15683e-04 3.47004e-09
2.46093e+00 3.77012e-03 9.62961e-08
2.46093e+00 9.26216e-03 5.81223e-07
2.46093e+00 1.71877e-02 2.00175e-06
2.46093e+00 2.75390e-02 5.14050e-06
2.46093e+00 4.03061e-02 1.10178e-05
2.46093e+00 5.54766e-02 2.08922e-05
2.46093e+00 7.30356e-02 3.62638e-05
2.46093e+00 9.29659e-02 5.88825e-05
2.46093e+00 1.15248e-01 9.07643e-05
2.46093e+00 1.39860e-01 1.34216e-04
2.46093e+00 1.66779e-01 1.91871e-04
2.46093e+00 1.95977e-01 2.66744e-04
2.46093e+00 2.27426e-01 3.62294e-04
2.46093e+00 2.61096e-01 4.82519e-04
2.46093e+00 2.96953e-01 6.32061e-04
2.46093e+00 3.34963e-01 8.16344e-04
2.46093e+00 3.75089e-01 1.04174e-03
2.46093e+00 4.17290e-01 1.31574e-03
2.46093e+00 4.61527e-01 1.64722e-03
2.46093e+00 5.07755e-01 2.04664e-03
2.46093e+00 5.55930e-01 2.52634e-03
2.46093e+00 6.06005e-01 3.10087e-03
2.46093e+00 6.57930e-01 3.78721e-03
2.46093e+00 7.11655e-01 4.60515e-03
2.46093e+00 7.67127e-01 5.57750e-03
2.46093e+00 8.24292e-01 6.73028e-03
2.46093e+00 8.83095e-01 8.09278e-03
2.46093e+00 9.43478e-01 9.69737e-03
2.46093e+00 1.00538e+00 1.15791e-02
2.46093e+00 1.06875e+00 1.37747e-02
2.46093e+00 1.13351e+00 1.63215e-02
2.46093e+00 1.19960e+00 1.92546e-02
2.46093e+00 1.26697e+00 2.26045e-02
2.46093e+00 1.33555e+00 2.63928e-02
2.46093e+00 1.40526e+00 3.06264e-02
2.46093e+00 1.47604e+00 3.52915e-02
2.46093e+00 1.54782e+00 4.03455e-02
2.46093e+00 1.62053e+00 4.57085e-02
2.46093e+00 1.69410e+00 5.12546e-02
2.46093e+00 1.76846e+00 5.68044e-02
2.46093e+00 1.84353e+00 6.21206e-02
2.46093e+00 1.91924e+00 6.69095e-02
2.46093e+00 1.99553e+00 7.08320e-02
2.46093e+00 2.07230e+00 7.35275e-02
2.46093e+00 2.14949e+00 7.46540e-02
2.46093e+00 2.22703e+00 7.39431e-02
2.46093e+00 2.30483e+00 7.12654e-02
2.46093e+00 2.38282e+00 6.66914e-02
2.46093e+00 2.46093e+00 6.05271e-02
2.46093e+00 2.53907e+00 5.33034e-02
2.46093e+00 2.61718e+00 4.57019e-02
2.46093e+00 2.69517e+00 3.84267e-02
2.46093e+00 2.77297e+00 3.20511e-02
2.46093e+00 2.85051e+00 2.68924e-02
2.46093e+00 2.92770e+00 2.29656e-02
2.46093e+00 3.00447e+00 2.00381e-02
2.46093e+00 3.08076e+00 1.77595e-02
2.46093e+00 3.15647e+00 1.58033e-02
2.46093e+00 3.23154e+00 1.39573e-02
2.46093e+00 3.30590e+00 1.21382e-02
2.46093e+00 3.37947e+00 1.03536e-02
2.46093e+00 3.45218e+00 8.65118e-03
2.46093e+00 3.52396e+00 7.08214e-03
2.46093e+00 3.59474e+00 5.68385e-03
2.46093e+00 3.66445e+00 4.47581e-03
2.46093e+00 3.73303e+00 3.46133e-03
2.46093e+00 3.80040e+00 2.63131e-03
2.46093e+00 3.86649e+00 1.96836e-03
2.46093e+00 3.93125e+00 1.45047e-03
2.46093e+00 3.99462e+00 1.05413e-03
2.46093e+00 4.05652e+00 7.56492e-04
2.46093e+00 4.11690e+00 5.36796e-04
2.46093e+00 4.17571e+00 3.77155e-04
2.46093e+00 4.23287e+00 2.62773e-04
2.46093e+00 4.28835e+00 1.81830e-04
2.46093e+00 4.34207e+00 1.25163e-04
2.46093e+00 4.39400e+00 8.58509e-05
2.46093e+00 4.44407e+00 5.87794e-05
2.46093e+00 4.49224e+00 4.02430e-05
2.46093e+00 4.53847e+00 2.76012e-05
2.46093e+00 4.58271e+00 1.89994e-05
2.46093e+00 4.62491e+00 1.31501e-05
2.46093e+00 4.66504e+00 9.16864e-06
2.46093e+00 4.70305e+00 6.45161e-06
2.46093e+00 4.73890e+00 4.59000e-06
2.46093e+00 4.77257e+00 3.30764e-06
2.46093e+00 4.80402e+00 2.41848e-06
2.46093e+00 4.83322e+00 1.79729e-06
2.46093e+00 4.86014e+00 1.35971e-06
2.46093e+00 4.88475e+00 1.04880e-06
2.46093e+00 4.90703e+00 8.26005e-07
2.46093e+00 4.92696e+00 6.65113e-07
2.46093e+00 4.94452e+00 5.48225e-07
2.46093e+00 4.95969e+00 4.63071e-07
2.46093e+00 4.97246e+00 4.01216e-07
2.46093e+00 4.98281e+00 3.56866e-07
2.46093e+00 4.99074e+00 3.26077e-07
2.46093e+00 4.99623e+00 3.06229e-07
2.46093e+00 4.99928e+00 2.95689e-07
2.53907e+00 7.15683e-04 1.40601e-09
2.53907e+00 3.77012e-03 3.90183e-08
2.53907e+00 9.26216e-03 2.35522e-07
2.53907e+00 1.71877e-02 8.11303e-07
2.53907e+00 2.75390e-02 2.08431e-06
2.53907e+00 4.03061e-02 4.47097e-06
2.53907e+00 5.54766e-02 8.48928e-06
2.53907e+00 7.30356e-02 1.47658e-05
2.53907e+00 9.29659e-02 2.40481e-05
2.53907e+00 1.15248e-01 3.72246e-05
2.53907e+00 1.39860e-01 5.53549e-05
2.53907e+00 1.66779e-01 7.97112e-05
2.53907e+00 1.95977e-01 1.11835e-04
2.53907e+00 2.27426e-01 1.53612e-04
2.53907e+00 2.61096e-01 2.07361e-04
2.53907e+00 2.96953e-01 2.75957e-04
2.53907e+00 3.34963e-01 3.62964e-04
2.53907e+00 3.75089e-01 4.72801e-04
2.53907e+00 4.17290e-01 6.10943e-04
2.53907e+00 4.61527e-01 7.84133e-04
2.53907e+00 5.07755e-01 1.00064e-03
2.53907e+00 5.55930e-01 1.27053e-03
2.53907e+00 6.06005e-01 1.60596e-03
2.53907e+00 6.57930e-01 2.02147e-03
2.53907e+00 7.11655e-01 2.53431e-03
2.53907e+00 7.67127e-01 3.16466e-03
2.53907e+00 8.24292e-01 3.93587e-03
2.53907e+00 8.83095e-01 4.87453e-03
2.53907e+00 9.43478e-01 6.01041e-03
2.53907e+00 1.00538e+00 7.37608e-03
2.53907e+00 1.06875e+00 9.00628e-03
2.53907e+00 1.13351e+00 1.09367e-02
2.53907e+00 1.19960e+00 1.32024e-02
2.53907e+00 1.26697e+00 1.58348e-02
2.53907e+00 1.33555e+00 1.88591e-02
2.53907e+00 1.40526e+00 2.22890e-02
2.53907e+00 1.47604e+00 2.61218e-02
2.53907e+00 1.54782e+00 3.03318e-02
2.53907e+00 1.62053e+00 3.48626e-02
2.53907e+00 1.69410e+00 3.96206e-02
2.53907e+00 1.76846e+00 4.44672e-02
2.53907e+00 1.84353e+00 4.92153e-02
2.53907e+00 1.91924e+00 5.36283e-02
2.53907e+00 1.99553e+00 5.74279e-02
2.53907e+00 2.07230e+00 6.03106e-02
2.53907e+00 2.14949e+00 6.19778e-02
2.53907e+00 2.22703e+00 6.21791e-02
2.53907e+00 2.30483e+00 6.07652e-02
2.53907e+00 2.38282e+00 5.77410e-02
2.53907e+00 2.46093e+00 5.33034e-02
2.53907e+00 2.53907e+00 4.78419e-02
2.53907e+00 2.61718e+00 4.18891e-02
2.53907e+00 2.69517e+00 3.60195e-02
2.53907e+00 2.77297e+00 3.07226e-02
2.53907e+00 2.85051e+00 2.62917e-02
2.53907e+00 2.92770e+00 2.27769e-02
2.53907e+00 3.00447e+00 2.00218e-02
2.53907e+00 3.08076e+00 1.77669e-02
2.53907e+00 3.15647e+00 1.57656e-02
2.53907e+00 3.23154e+00 1.38598e-02
2.53907e+00 3.30590e+00 1.19938e-02
2.53907e+00 3.37947e+00 1.01833e-02
2.53907e+00 3.45218e+00 8.47448e-03
2.53907e+00 3.52396e+00 6.91312e-03
2.53907e+00 3.59474e+00 5.53133e-03
2.53907e+00 3.66445e+00 4.34417e-03
2.53907e+00 3.73303e+00 3.35175e-03
2.53907e+00 3.80040e+00 2.54283e-03
2.53907e+00 3.86649e+00 1.89875e-03
2.53907e+00 3.93125e+00 1.39695e-03
2.53907e+00 3.99462e+00 1.01380e-03
2.53907e+00 4.05652e+00 7.26630e-04
2.53907e+00 4.11690e+00 5.15024e-04
2.53907e+00 4.17571e+00 3.61492e-04
2.53907e+00 4.23287e+00 2.51631e-04
2.53907e+00 4.28835e+00 1.73977e-04
2.53907e+00 4.34207e+00 1.19669e-04
2.53907e+00 4.39400e+00 8.20273e-05
2.53907e+00 4.44407e+00 5.61275e-05
2.53907e+00 4.49224e+00 3.84063e-05
2.53907e+00 4.53847e+00 2.63284e-05
2.53907e+00 4.58271e+00 1.81150e-05
2.53907e+00 4.62491e+00 1.25329e-05
2.53907e+00 4.66504e+00 8.73504e-06
2.53907e+00 4.70305e+00 6.14444e-06
2.53907e+00 4.73890e+00 4.37013e-06
2.53907e+00 4.77257e+00 3.14833e-06
2.53907e+00 4.80402e+00 2.30142e-06
2.53907e+00 4.83322e+00 1.70992e-06
2.53907e+00 4.86014e+00 1.29335e-06
2.53907e+00 4.88475e+00 9.97439e-07
2.53907e+00 4.90703e+00 7.85432e-07
2.53907e+00 4.92696e+00 6.32357e-07
2.53907e+00 4.94452e+00 5.21164e-07
2.53907e+00 4.95969e+00 4.40169e-07
2.53907e+00 4.97246e+00 3.81341e-07
2.53907e+00 4.98281e+00 3.39165e-07
2.53907e+00 4.99074e+00 3.09887e-07
2.53907e+00 4.99623e+00 2.91015e-07
2.53907e+00 4.99928e+00 2.80993e-07
2.61718e+00 7.15683e-04 -2.05880e-10
2.61718e+00 3.77012e-03 -5.71246e-09
2.61718e+00 9.26216e-03 -3.44523e-08
2.61718e+00 1.71877e-02 -1.18384e-07
2.61718e+00 2.75390e-02 -3.02473e-07
2.61718e+00 4.03061e-02 -6.42145e-07
2.61718e+00 5.54766e-02 -1.19809e-06
2.61718e+00 7.30356e-02 -2.02696e-06
2.61718e+00 9.29659e-02 -3.16639e-06
2.61718e+00 1.15248e-01 -4.61219e-06
2.61718e+00 1.39860e-01 -6.28601e-06
2.61718e+00 1.66779e-01 -7.99088e-06
2.61718e+00 1.95977e-01 -9.35263e-06
2.61718e+00 2.27426e-01 -9.74481e-06
2.61718e+00 2.61096e-01 -8.19472e-06
2.61718e+00 2.96953e-01 -3.26852e-06
2.61718e+00 3.34963e-01 7.06666e-06
2.61718e+00 3.75089e-01 2.56055e-05
2.61718e+00 4.17290e-01 5.60927e-05
2.61718e+00 4.61527e-01 1.03438e-04
2.61718e+00 5.07755e-01 1.73955e-04
2.61718e+00 5.55930e-01 2.75627e-04
2.61718e+00 6.06005e-01 4.18384e-04
2.61718e+00 6.57930e-01 6.14392e-04
2.61718e+00 7.11655e-01 8.78340e-04
2.61718e+00 7.67127e-01 1.22769e-03
2.61718e+00 8.24292e-01 1.68291e-03
2.61718e+00 8.83095e-01 2.26752e-03
2.61718e+00 9.43478e-01 3.00815e-03
2.61718e+00 1.00538e+00 3.93422e-03
2.61718e+00 1.06875e+00 5.07745e-03
2.61718e+00 1.13351e+00 6.47092e-03
2.61718e+00 1.19960e+00 8.14768e-03
2.61718e+00 1.26697e+00 1.01387e-02
2.61718e+00 1.33555e+00 1.24701e-02
2.61718e+00 1.40526e+00 1.51596e-02
2.61718e+00 1.47604e+00 1.82122e-02
2.61718e+00 1.54782e+00 2.16148e-02
2.61718e+00 1.62053e+00 2.53303e-02
2.61718e+00 1.69410e+00 2.92918e-02
2.61718e+00 1.76846e+00 3.33964e-02
2.61718e+00 1.84353e+00 3.75017e-02
2.61718e+00 1.91924e+00 4.14246e-02
2.61718e+00 1.99553e+00 4.49455e-02
2.61718e+00 2.07230e+00 4.78202e-02
2.61718e+00 2.14949e+00 4.98013e-02
2.61718e+00 2.22703e+00 5.06701e-02
2.61718e+00 2.30483e+00 5.02772e-02
2.61718e+00 2.38282e+00 4.85852e-02
2.61718e+00 2.46093e+00 4.57019e-02
2.61718e+00 2.53907e+00 4.18891e-02
2.61718e+00 2.61718e+00 3.75315e-02
2.61718e+00 2.69517e+00 3.30654e-02
2.61718e+00 2.77297e+00 2.88806e-02
2.61718e+00 2.85051e+00 2.52300e-02
2.61718e+00 2.92770e+00 2.21856e-02
2.61718e+00 3.00447e+00 1.96592e-02
2.61718e+00 3.08076e+00 1.74791e-02
2.61718e+00 3.15647e+00 1.54782e-02
2.61718e+00 3.23154e+00 1.35531e-02
2.61718e+00 3.30590e+00 1.16762e-02
2.61718e+00 3.37947e+00 9.87187e-03
2.61718e+00 3.45218e+00 8.18431e-03
2.61718e+00 3.52396e+00 6.65440e-03
2.61718e+00 3.59474e+00 5.30900e-03
2.61718e+00 3.66445e+00 4.15905e-03
2.61718e+00 3.73303e+00 3.20181e-03
2.61718e+00 3.80040e+00 2.42432e-03
2.61718e+00 3.86649e+00 1.80712e-03
2.61718e+00 3.93125e+00 1.32749e-03
2.61718e+00 3.99462e+00 9.62063e-04
2.61718e+00 4.05652e+00 6.88697e-04
2.61718e+00 4.11690e+00 4.87598e-04
2.61718e+00 4.17571e+00 3.41902e-04
2.61718e+00 4.23287e+00 2.37781e-04
2.61718e+00 4.28835e+00 1.64268e-04
2.61718e+00 4.34207e+00 1.12908e-04
2.61718e+00 4.39400e+00 7.73418e-05
2.61718e+00 4.44407e+00 5.28896e-05
2.61718e+00 4.49224e+00 3.61710e-05
2.61718e+00 4.53847e+00 2.47838e-05
2.61718e+00 4.58271e+00 1.70446e-05
2.61718e+00 4.62491e+00 1.17875e-05
2.61718e+00 4.66504e+00 8.21250e-06
2.61718e+00 4.70305e+00 5.77493e-06
2.61718e+00 4.73890e+00 4.10608e-06
2.61718e+00 4.77257e+00 2.95728e-06
2.61718e+00 4.80402e+00 2.16123e-06
2.61718e+00 4.83322e+00 1.60540e-06
2.61718e+00 4.86014e+00 1.21405e-06
2.61718e+00 4.88475e+00 9.36118e-07
2.61718e+00 4.90703e+00 7.37030e-07
2.61718e+00 4.92696e+00 5.93306e-07
2.61718e+00 4.94452e+00 4.88922e-07
2.61718e+00 4.95969e+00 4.12896e-07
2.61718e+00 4.97246e+00 3.57683e-07
2.61718e+00 4.98281e+00 3.18103e-07
2.61718e+00 4.99074e+00 2.90628e-07
2.61718e+00 4.99623e+00 2.72919e-07
2.61718e+00 4.99928e+00 2.63516e-07
2.69517e+00 7.15683e-04 -1.30845e-09
2.69517e+00 3.77012e-03 -3.63093e-08
2.69517e+00 9.26216e-03 -2.19122e-07
2.69517e+00 1.71877e-02 -7.54325e-07
2.69517e+00 2.75390e-02 -1.93519e-06
2.69517e+00 4.03061e-02 -4.14007e-06
2.69517e+00 5.54766e-02 -7.82606e-06
2.69517e+00 7.30356e-02 -1.35184e-05
2.69517e+00 9.29659e-02 -2.17942e-05
2.69517e+00 1.15248e-01 -3.32592e-05
2.69517e+00 1.39860e-01 -4.85142e-05
2.69517e+00 1.66779e-01 -6.81114e-05
2.69517e+00 1.95977e-01 -9.24965e-05
2.69517e+00 2.27426e-01 -1.21936e-04
2.69517e+00 2.61096e-01 -1.56426e-04
2.69517e+00 2.96953e-01 -1.95583e-04
2.69517e+00 3.34963e-01 -2.38514e-04
2.69517e+00 3.75089e-01 -2.83659e-04
2.69517e+00 4.17290e-01 -3.28622e-04
2.69517e+00 4.61527e-01 -3.69961e-04
2.69517e+00 5.07755e-01 -4.02975e-04
2.69517e+00 5.55930e-01 -4.21453e-04
2.69517e+00 6.06005e-01 -4.17425e-04
2.69517e+00 6.57930e-01 -3.80887e-04
2.69517e+00 7.11655e-01 -2.99549e-04
2.69517e+00 7.67127e-01 -1.58592e-04
2.69517e+00 8.24292e-01 5.95265e-05
2.69517e+00 8.83095e-01 3.75184e-04
2.69517e+00 9.43478e-01 8.11590e-04
2.69517e+00 1.00538e+00 1.39461e-03
2.69517e+00 1.06875e+00 2.15235e-03
2.69517e+00 1.13351e+00 3.11444e-03
2.69517e+00 1.19960e+00 4.31088e-03
2.69517e+00 1.26697e+00 5.77048e-03
2.69517e+00 1.33555e+00 7.51863e-03
2.69517e+00 1.40526e+00 9.57453e-03
2.69517e+00 1.47604e+00 1.19477e-02
2.69517e+00 1.54782e+00 1.46338e-02
2.69517e+00 1.62053e+00 1.76101e-02
2.69517e+00 1.69410e+00 2.08308e-02
2.69517e+00 1.76846e+00 2.42221e-02
2.69517e+00 1.84353e+00 2.76794e-02
2.69517e+00 1.91924e+00 3.10656e-02
2.69517e+00 1.99553e+00 3.42137e-02
2.69517e+00 2.07230e+00 3.69349e-02
2.69517e+00 2.14949e+00 3.90329e-02
2.69517e+00 2.22703e+00 4.03269e-02
2.69517e+00 2.30483e+00 4.06801e-02
2.69517e+00 2.38282e+00 4.00325e-02
2.69517e+00 2.46093e+00 3.84267e-02
2.69517e+00 2.53907e+00 3.60195e-02
2.69517e+00 2.61718e+00 3.30654e-02
2.69517e+00 2.69517e+00 2.98698e-02
2.69517e+00 2.77297e+00 2.67208e-02
2.69517e+00 2.85051e+00 2.38213e-02
2.69517e+00 2.92770e+00 2.12520e-02
2.69517e+00 3.00447e+00 1.89804e-02
2.69517e+00 3.08076e+00 1.69119e-02
2.69517e+00 3.15647e+00 1.49513e-02
2.69517e+00 3.23154e+00 1.30460e-02
2.69517e+00 3.30590e+00 1.11941e-02
2.69517e+00 3.37947e+00 9.42746e-03
2.69517e+00 3.45218e+00 7.78848e-03
2.69517e+00 3.52396e+00 6.31298e-03
2.69517e+00 3.59474e+00 5.02292e-03
2.69517e+00 3.66445e+00 3.92552e-03
2.69517e+00 3.73303e+00 3.01564e-03
2.69517e+00 3.80040e+00 2.27907e-03
2.69517e+00 3.86649e+00 1.69600e-03
2.69517e+00 3.93125e+00 1.24400e-03
2.69517e+00 3.99462e+00 9.00356e-04
2.69517e+00 4.05652e+00 6.43750e-04
2.69517e+00 4.11690e+00 4.55284e-04
2.69517e+00 4.17571e+00 3.18932e-04
2.69517e+00 4.23287e+00 2.21611e-04
2.69517e+00 4.28835e+00 1.52976e-04
2.69517e+00 4.34207e+00 1.05070e-04
2.69517e+00 4.39400e+00 7.19262e-05
2.69517e+00 4.44407e+00 4.91570e-05
2.69517e+00 4.49224e+00 3.36001e-05
2.69517e+00 4.53847e+00 2.30110e-05
2.69517e+00 4.58271e+00 1.58184e-05
2.69517e+00 4.62491e+00 1.09350e-05
2.69517e+00 4.66504e+00 7.61576e-06
2.69517e+00 4.70305e+00 5.35352e-06
2.69517e+00 4.73890e+00 3.80529e-06
2.69517e+00 4.77257e+00 2.73990e-06
2.69517e+00 4.80402e+00 2.00187e-06
2.69517e+00 4.83322e+00 1.48669e-06
2.69517e+00 4.86014e+00 1.12406e-06
2.69517e+00 4.88475e+00 8.66572e-07
2.69517e+00 4.90703e+00 6.82167e-07
2.69517e+00 4.92696e+00 5.49067e-07
2.69517e+00 4.94452e+00 4.52412e-07
2.69517e+00 4.95969e+00 3.82025e-07
2.69517e+00 4.97246e+00 3.30912e-07
2.69517e+00 4.98281e+00 2.94275e-07
2.69517e+00 4.99074e+00 2.68845e-07
2.69517e+00 4.99623e+00 2.52454e-07
2.69517e+00 4.99928e+00 2.43751e-07
2.77297e+00 7.15683e-04 -1.88987e-09
2.77297e+00 3.77012e-03 -5.24440e-08
2.77297e+00 9.26216e-03 -3.16505e-07
2.77297e+00 1.71877e-02 -1.08970e-06
2.77297e+00 2.75390e-02 -2.79629e-06
2.77297e+00 4.03061e-02 -5.98522e-06
2.77297e+00 5.54766e-02 -1.13233e-05
2.77297e+00 7.30356e-02 -1.95845e-05
2.77297e+00 9.29659e-02 -3.16339e-05
2.77297e+00 1.15248e-01 -4.84048e-05
2.77297e+00 1.39860e-01 -7.08675e-05
2.77297e+00 1.66779e-01 -9.99872e-05
2.77297e+00 1.95977e-01 -1.36670e-04
2.77297e+00 2.27426e-01 -1.81696e-04
2.77297e+00 2.61096e-01 -2.35633e-04
2.77297e+00 2.96953e-01 -2.98742e-04
2.77297e+00 3.34963e-01 -3.70849e-04
2.77297e+00 3.75089e-01 -4.51212e-04
2.77297e+00 4.17290e-01 -5.38361e-04
2.77297e+00 4.61527e-01 -6.29914e-04
2.77297e+00 5.07755e-01 -7.22384e-04
2.77297e+00 5.55930e-01 -8.10958e-04
2.77297e+00 6.06005e-01 -8.89270e-04
2.77297e+00 6.57930e-01 -9.49168e-04
2.77297e+00 7.11655e-01 -9.80487e-04
2.77297e+00 7.67127e-01 -9.70835e-04
2.77297e+00 8.24292e-01 -9.05424e-04
2.77297e+00 8.83095e-01 -7.66967e-04
2.77297e+00 9.43478e-01 -5.35667e-04
2.77297e+00 1.00538e+00 -1.89360e-04
2.77297e+00 1.06875e+00 2.96168e-04
2.77297e+00 1.13351e+00 9.46598e-04
2.77297e+00 1.19960e+00 1.78819e-03
2.77297e+00 1.26697e+00 2.84653e-03
2.77297e+00 1.33555e+00 4.14480e-03
2.77297e+00 1.40526e+00 5.70162e-03
2.77297e+00 1.47604e+00 7.52834e-03
2.77297e+00 1.54782e+00 9.62592e-03
2.77297e+00 1.62053e+00 1.19814e-02
2.77297e+00 1.69410e+00 1.45642e-02
2.77297e+00 1.76846e+00 1.73228e-02
2.77297e+00 1.84353e+00 2.01821e-02
2.77297e+00 1.91924e+00 2.30420e-02
2.77297e+00 1.99553e+00 2.57793e-02
2.77297e+00 2.07230e+00 2.82522e-02
2.77297e+00 2.14949e+00 3.03105e-02
2.77297e+00 2.22703e+00 3.18104e-02
2.77297e+00 2.30483e+00 3.26346e-02
2.77297e+00 2.38282e+00 3.27148e-02
2.77297e+00 2.46093e+00 3.20511e-02
2.77297e+00 2.53907e+00 3.07226e-02
2.77297e+00 2.61718e+00 2.88806e-02
2.77297e+00 2.69517e+00 2.67208e-02
2.77297e+00 2.77297e+00 2.44401e-02
2.77297e+00 2.85051e+00 2.21907e-02
2.77297e+00 2.92770e+00 2.00516e-02
2.77297e+00 3.00447e+00 1.80308e-02
2.77297e+00 3.08076e+00 1.60946e-02
2.77297e+00 3.15647e+00 1.42070e-02
2.77297e+00 3.23154e+00 1.23571e-02
2.77297e+00 3.30590e+00 1.05639e-02
2.77297e+00 3.37947e+00 8.86483e-03
2.77297e+00 3.45218e+00 7.29979e-03
2.77297e+00 3.52396e+00 5.89974e-03
2.77297e+00 3.59474e+00 4.68210e-03
2.77297e+00 3.66445e+00 3.65086e-03
2.77297e+00 3.73303e+00 2.79898e-03
2.77297e+00 3.80040e+00 2.11152e-03
2.77297e+00 3.86649e+00 1.56880e-03
2.77297e+00 3.93125e+00 1.14904e-03
2.77297e+00 3.99462e+00 8.30551e-04
2.77297e+00 4.05652e+00 5.93148e-04
2.77297e+00 4.11690e+00 4.19055e-04
2.77297e+00 4.17571e+00 2.93274e-04
2.77297e+00 4.23287e+00 2.03607e-04
2.77297e+00 4.28835e+00 1.40438e-04
2.77297e+00 4.34207e+00 9.63909e-05
2.77297e+00 4.39400e+00 6.59421e-05
2.77297e+00 4.44407e+00 4.50409e-05
2.77297e+00 4.49224e+00 3.07703e-05
2.77297e+00 4.53847e+00 2.10627e-05
2.77297e+00 4.58271e+00 1.44727e-05
2.77297e+00 4.62491e+00 1.00008e-05
2.77297e+00 4.66504e+00 6.96254e-06
2.77297e+00 4.70305e+00 4.89271e-06
2.77297e+00 4.73890e+00 3.47671e-06
2.77297e+00 4.77257e+00 2.50263e-06
2.77297e+00 4.80402e+00 1.82806e-06
2.77297e+00 4.83322e+00 1.35731e-06
2.77297e+00 4.86014e+00 1.02603e-06
2.77297e+00 4.88475e+00 7.90861e-07
2.77297e+00 4.90703e+00 6.22470e-07
2.77297e+00 4.92696e+00 5.00948e-07
2.77297e+00 4.94452e+00 4.12715e-07
2.77297e+00 4.95969e+00 3.48469e-07
2.77297e+00 4.97246e+00 3.01821e-07
2.77297e+00 4.98281e+00 2.68386e-07
2.77297e+00 4.99074e+00 2.45181e-07
2.77297e+00 4.99623e+00 2.30225e-07
2.77297e+00 4.99928e+00 2.22284e-07
2.85051e+00 7.15683e-04 -2.00031e-09
2.85051e+00 3.77012e-03 -5.55089e-08
2.85051e+00 9.26216e-03 -3.35006e-07
2.85051e+00 1.71877e-02 -1.15343e-06
2.85051e+00 2.75390e-02 -2.96007e-06
2.85051e+00 4.03061e-02 -6.33666e-06
2.85051e+00 5.54766e-02 -1.19910e-05
2.85051e+00 7.30356e-02 -2.07469e-05
2.85051e+00 9.29659e-02 -3.35298e-05
2.85051e+00 1.15248e-01 -5.13452e-05
2.85051e+00 1.39860e-01 -7.52513e-05
2.85051e+00 1.66779e-01 -1.06321e-04
2.85051e+00 1.95977e-01 -1.45593e-04
2.85051e+00 2.27426e-01 -1.94013e-04
2.85051e+00 2.61096e-01 -2.52361e-04
2.85051e+00 2.96953e-01 -3.21156e-04
2.85051e+00 3.34963e-01 -4.00562e-04
2.85051e+00 3.75089e-01 -4.90255e-04
2.85051e+00 4.17290e-01 -5.89293e-04
2.85051e+00 4.61527e-01 -6.95953e-04
2.85051e+00 5.07755e-01 -8.07567e-04
2.85051e+00 5.55930e-01 -9.20329e-04
2.85051e+00 6.06005e-01 -1.02911e-03
2.85051e+00 6.57930e-01 -1.12725e-03
2.85051e+00 7.11655e-01 -1.20636e-03
2.85051e+00 7.67127e-01 -1.25619e-03
2.85051e+00 8.24292e-01 -1.26442e-03
2.85051e+00 8.83095e-01 -1.21664e-03
2.85051e+00 9.43478e-01 -1.09628e-03
2.85051e+00 1.00538e+00 -8.84806e-04
2.85051e+00 1.06875e+00 -5.61899e-04
2.85051e+00 1.13351e+00 -1.05978e-04
2.85051e+00 1.19960e+00 5.05119e-04
2.85051e+00 1.26697e+00 1.29313e-03
2.85051e+00 1.33555e+00 2.27805e-03
2.85051e+00 1.40526e+00 3.47643e-03
2.85051e+00 1.47604e+00 4.89935e-03
2.85051e+00 1.54782e+00 6.55003e-03
2.85051e+00 1.62053e+00 8.42124e-03
2.85051e+00 1.69410e+00 1.04926e-02
2.85051e+00 1.76846e+00 1.27279e-02
2.85051e+00 1.84353e+00 1.50737e-02
2.85051e+00 1.91924e+00 1.74575e-02
2.85051e+00 1.99553e+00 1.97894e-02
2.85051e+00 2.07230e+00 2.19650e-02
2.85051e+00 2.14949e+00 2.38715e-02
2.85051e+00 2.22703e+00 2.53979e-02
2.85051e+00 2.30483e+00 2.64476e-02
2.85051e+00 2.38282e+00 2.69536e-02
2.85051e+00 2.46093e+00 2.68924e-02
2.85051e+00 2.53907e+00 2.62917e-02
2.85051e+00 2.61718e+00 2.52300e-02
2.85051e+00 2.69517e+00 2.38213e-02
2.85051e+00 2.77297e+00 2.21907e-02
2.85051e+00 2.85051e+00 2.04461e-02
2.85051e+00 2.92770e+00 1.86592e-02
2.85051e+00 3.00447e+00 1.68631e-02
2.85051e+00 3.08076e+00 1.50669e-02
2.85051e+00 3.15647e+00 1.32774e-02
2.85051e+00 3.23154e+00 1.15137e-02
2.85051e+00 3.30590e+00 9.80924e-03
2.85051e+00 3.37947e+00 8.20423e-03
2.85051e+00 3.45218e+00 6.73533e-03
2.85051e+00 3.52396e+00 5.42879e-03
2.85051e+00 3.59474e+00 4.29796e-03
2.85051e+00 3.66445e+00 3.34413e-03
2.85051e+00 3.73303e+00 2.55890e-03
2.85051e+00 3.80040e+00 1.92710e-03
2.85051e+00 3.86649e+00 1.42957e-03
2.85051e+00 3.93125e+00 1.04561e-03
2.85051e+00 3.99462e+00 7.54843e-04
2.85051e+00 4.05652e+00 5.38471e-04
2.85051e+00 4.11690e+00 3.80038e-04
2.85051e+00 4.17571e+00 2.65722e-04
2.85051e+00 4.23287e+00 1.84324e-04
2.85051e+00 4.28835e+00 1.27041e-04
2.85051e+00 4.34207e+00 8.71348e-05
2.85051e+00 4.39400e+00 5.95723e-05
2.85051e+00 4.44407e+00 4.06666e-05
2.85051e+00 4.49224e+00 2.77674e-05
2.85051e+00 4.53847e+00 1.89981e-05
2.85051e+00 4.58271e+00 1.30484e-05
2.85051e+00 4.62491e+00 9.01297e-06
2.85051e+00 4.66504e+00 6.27257e-06
2.85051e+00 4.70305e+00 4.40640e-06
2.85051e+00 4.73890e+00 3.13021e-06
2.85051e+00 4.77257e+00 2.25260e-06
2.85051e+00 4.80402e+00 1.64502e-06
2.85051e+00 4.83322e+00 1.22114e-06
2.85051e+00 4.86014e+00 9.22914e-07
2.85051e+00 4.88475e+00 7.11252e-07
2.85051e+00 4.90703e+00 5.59725e-07
2.85051e+00 4.92696e+00 4.50391e-07
2.85051e+00 4.94452e+00 3.71019e-07
2.85051e+00 4.95969e+00 3.13232e-07
2.85051e+00 4.97246e+00 2.71278e-07
2.85051e+00 4.98281e+00 2.41211e-07
2.85051e+00 4.99074e+00 2.20344e-07
2.85051e+00 4.99623e+00 2.06896e-07
2.85051e+00 4.99928e+00 1.99756e-07
2.92770e+00 7.15683e-04 -1.74948e-09
2.92770e+00 3.77012e-03 -4.85484e-08
2.92770e+00 9.26216e-03 -2.92999e-07
2.92770e+00 1.71877e-02 -1.00880e-06
2.92770e+00 2.75390e-02 -2.58893e-06
2.92770e+00 4.03061e-02 -5.54227e-06
2.92770e+00 5.54766e-02 -1.04881e-05
2.92770e+00 7.30356e-02 -1.81475e-05
2.92770e+00 9.29659e-02 -2.93309e-05
2.92770e+00 1.15248e-01 -4.49200e-05
2.92770e+00 1.39860e-01 -6.58439e-05
2.92770e+00 1.66779e-01 -9.30468e-05
2.92770e+00 1.95977e-01 -1.27447e-04
2.92770e+00 2.27426e-01 -1.69888e-04
2.92770e+00 2.61096e-01 -2.21070e-04
2.92770e+00 2.96953e-01 -2.81483e-04
2.92770e+00 3.34963e-01 -3.51310e-04
2.92770e+00 3.75089e-01 -4.30332e-04
2.92770e+00 4.17290e-01 -5.17807e-04
2.92770e+00 4.61527e-01 -6.12339e-04
2.92770e+00 5.07755e-01 -7.11743e-04
2.92770e+00 5.55930e-01 -8.12883e-04
2.92770e+00 6.06005e-01 -9.11519e-04
2.92770e+00 6.57930e-01 -1.00215e-03
2.92770e+00 7.11655e-01 -1.07784e-03
2.92770e+00 7.67127e-01 -1.13011e-03
2.92770e+00 8.24292e-01 -1.14882e-03
2.92770e+00 8.83095e-01 -1.12209e-03
2.92770e+00 9.43478e-01 -1.03632e-03
2.92770e+00 1.00538e+00 -8.76303e-04
2.92770e+00 1.06875e+00 -6.25449e-04
2.92770e+00 1.13351e+00 -2.66147e-04
2.92770e+00 1.19960e+00 2.19648e-04
2.92770e+00 1.26697e+00 8.49624e-04
2.92770e+00 1.33555e+00 1.64008e-03
2.92770e+00 1.40526e+00 2.60460e-03
2.92770e+00 1.47604e+00 3.75256e-03
2.92770e+00 1.54782e+00 5.08726e-03
2.92770e+00 1.62053e+00 6.60407e-03
2.92770e+00 1.69410e+00 8.28846e-03
2.92770e+00 1.76846e+00 1.01142e-02
2.92770e+00 1.84353e+00 1.20420e-02
2.92770e+00 1.91924e+00 1.40189e-02
2.92770e+00 1.99553e+00 1.59786e-02
2.92770e+00 2.07230e+00 1.78441e-02
2.92770e+00 2.14949e+00 1.95309e-02
2.92770e+00 2.22703e+00 2.09544e-02
2.92770e+00 2.30483e+00 2.20370e-02
2.92770e+00 2.38282e+00 2.27187e-02
2.92770e+00 2.46093e+00 2.29656e-02
2.92770e+00 2.53907e+00 2.27769e-02
2.92770e+00 2.61718e+00 2.21856e-02
2.92770e+00 2.69517e+00 2.12520e-02
2.92770e+00 2.77297e+00 2.00516e-02
2.92770e+00 2.85051e+00 1.86592e-02
2.92770e+00 2.92770e+00 1.71369e-02
2.92770e+00 3.00447e+00 1.55303e-02
2.92770e+00 3.08076e+00 1.38744e-02
2.92770e+00 3.15647e+00 1.22018e-02
2.92770e+00 3.23154e+00 1.05497e-02
2.92770e+00 3.30590e+00 8.95915e-03
2.92770e+00 3.37947e+00 7.47013e-03
2.92770e+00 3.45218e+00 6.11538e-03
2.92770e+00 3.52396e+00 4.91661e-03
2.92770e+00 3.59474e+00 3.88365e-03
2.92770e+00 3.66445e+00 3.01563e-03
2.92770e+00 3.73303e+00 2.30333e-03
2.92770e+00 3.80040e+00 1.73179e-03
2.92770e+00 3.86649e+00 1.28278e-03
2.92770e+00 3.93125e+00 9.37002e-04
2.92770e+00 3.99462e+00 6.75621e-04
2.92770e+00 4.05652e+00 4.81432e-04
2.92770e+00 4.11690e+00 3.39445e-04
2.92770e+00 4.17571e+00 2.37126e-04
2.92770e+00 4.23287e+00 1.64353e-04
2.92770e+00 4.28835e+00 1.13192e-04
2.92770e+00 4.34207e+00 7.75834e-05
2.92770e+00 4.39400e+00 5.30094e-05
2.92770e+00 4.44407e+00 3.61661e-05
2.92770e+00 4.49224e+00 2.46817e-05
2.92770e+00 4.53847e+00 1.68790e-05
2.92770e+00 4.58271e+00 1.15879e-05
2.92770e+00 4.62491e+00 8.00105e-06
2.92770e+00 4.66504e+00 5.56633e-06
2.92770e+00 4.70305e+00 3.90901e-06
2.92770e+00 4.73890e+00 2.77605e-06
2.92770e+00 4.77257e+00 1.99720e-06
2.92770e+00 4.80402e+00 1.45816e-06
2.92770e+00 4.83322e+00 1.08219e-06
2.92770e+00 4.86014e+00 8.17739e-07
2.92770e+00 4.88475e+00 6.30088e-07
2.92770e+00 4.90703e+00 4.95776e-07
2.92770e+00 4.92696e+00 3.98880e-07
2.92770e+00 4.94452e+00 3.28547e-07
2.92770e+00 4.95969e+00 2.77348e-07
2.92770e+00 4.97246e+00 2.40180e-07
2.92770e+00 4.98281e+00 2.13545e-07
2.92770e+00 4.99074e+00 1.95062e-07
2.92770e+00 4.99623e+00 1.83151e-07
2.92770e+00 4.99928e+00 1.76826e-07
3.00447e+00 7.15683e-04 -1.28300e-09
3.00447e+00 3.77012e-03 -3.56033e-08
3.00447e+00 9.26216e-03 -2.14871e-07
3.00447e+00 1.71877e-02 -7.39793e-07
3.00447e+00 2.75390e-02 -1.89848e-06
3.00447e+00 4.03061e-02 -4.06383e-06
3.00447e+00 5.54766e-02 -7.68925e-06
3.00447e+00 7.30356e-02 -1.33018e-05
3.00447e+00 9.29659e-02 -2.14921e-05
3.00447e+00 1.15248e-01 -3.29001e-05
3.00447e+00 1.39860e-01 -4.81954e-05
3.00447e+00 1.66779e-01 -6.80513e-05
3.00447e+00 1.95977e-01 -9.31118e-05
3.00447e+00 2.27426e-01 -1.23949e-04
3.00447e+00 2.61096e-01 -1.61015e-04
3.00447e+00 2.96953e-01 -2.04576e-04
3.00447e+00 3.34963e-01 -2.54645e-04
3.00447e+00 3.75089e-01 -3.10896e-04
3.00447e+00 4.17290e-01 -3.72573e-04
3.00447e+00 4.61527e-01 -4.38382e-04
3.00447e+00 5.07755e-01 -5.06379e-04
3.00447e+00 5.55930e-01 -5.73852e-04
3.00447e+00 6.06005e-01 -6.37189e-04
3.00447e+00 6.57930e-01 -6.91762e-04
3.00447e+00 7.11655e-01 -7.31804e-04
3.00447e+00 7.67127e-01 -7.50308e-04
3.00447e+00 8.24292e-01 -7.38954e-04
3.00447e+00 8.83095e-01 -6.88073e-04
3.00447e+00 9.43478e-01 -5.86670e-04
3.00447e+00 1.00538e+00 -4.22522e-04
3.00447e+00 1.06875e+00 -1.82382e-04
3.00447e+00 1.13351e+00 1.47702e-04
3.00447e+00 1.19960e+00 5.81915e-04
3.00447e+00 1.26697e+00 1.13404e-03
3.00447e+00 1.33555e+00 1.81662e-03
3.00447e+00 1.40526e+00 2.63997e-03
3.00447e+00 1.47604e+00 3.61096e-03
3.00447e+00 1.54782e+00 4.73170e-03
3.00447e+00 1.62053e+00 5.99811e-03
3.00447e+00 1.69410e+00 7.39853e-03
3.00447e+00 1.76846e+00 8.91246e-03
3.00447e+00 1.84353e+00 1.05096e-02
3.00447e+00 1.91924e+00 1.21497e-02
3.00447e+00 1.99553e+00 1.37824e-02
3.00447e+00 2.07230e+00 1.53497e-02
3.00447e+00 2.14949e+00 1.67875e-02
3.00447e+00 2.22703e+00 1.80308e-02
3.00447e+00 2.30483e+00 1.90183e-02
3.00447e+00 2.38282e+00 1.96990e-02
3.00447e+00 2.46093e+00 2.00381e-02
3.00447e+00 2.53907e+00 2.00218e-02
3.00447e+00 2.61718e+00 1.96592e-02
3.00447e+00 2.69517e+00 1.89804e-02
3.00447e+00 2.77297e+00 1.80308e-02
3.00447e+00 2.85051e+00 1.68631e-02
3.00447e+00 2.92770e+00 1.55303e-02
3.00447e+00 3.00447e+00 1.40822e-02
3.00447e+00 3.08076e+00 1.25650e-02
3.00447e+00 3.15647e+00 1.10238e-02
3.00447e+00 3.23154e+00 9.50321e-03
3.00447e+00 3.30590e+00 8.04605e-03
3.00447e+00 3.37947e+00 6.68955e-03
3.00447e+00 3.45218e+00 5.46200e-03
3.00447e+00 3.52396e+00 4.38093e-03
3.00447e+00 3.59474e+00 3.45315e-03
3.00447e+00 3.66445e+00 2.67621e-03
3.00447e+00 3.73303e+00 2.04056e-03
3.00447e+00 3.80040e+00 1.53182e-03
3.00447e+00 3.86649e+00 1.13307e-03
3.00447e+00 3.93125e+00 8.26584e-04
3.00447e+00 3.99462e+00 5.95314e-04
3.00447e+00 4.05652e+00 4.23760e-04
3.00447e+00 4.11690e+00 2.98496e-04
3.00447e+00 4.17571e+00 2.08338e-04
3.00447e+00 4.23287e+00 1.44286e-04
3.00447e+00 4.28835e+00 9.92988e-05
3.00447e+00 4.34207e+00 6.80160e-05
3.00447e+00 4.39400e+00 4.64443e-05
3.00447e+00 4.44407e+00 3.16695e-05
3.00447e+00 4.49224e+00 2.16020e-05
3.00447e+00 4.53847e+00 1.47661e-05
3.00447e+00 4.58271e+00 1.01331e-05
3.00447e+00 4.62491e+00 6.99385e-06
3.00447e+00 4.66504e+00 4.86391e-06
3.00447e+00 4.70305e+00 3.41464e-06
3.00447e+00 4.73890e+00 2.42426e-06
3.00447e+00 4.77257e+00 1.74365e-06
3.00447e+00 4.80402e+00 1.27273e-06
3.00447e+00 4.83322e+00 9.44370e-07
3.00447e+00 4.86014e+00 7.13460e-07
3.00447e+00 4.88475e+00 5.49644e-07
3.00447e+00 4.90703e+00 4.32413e-07
3.00447e+00 4.92696e+00 3.47854e-07
3.00447e+00 4.94452e+00 2.86485e-07
3.00447e+00 4.95969e+00 2.41817e-07
3.00447e+00 4.97246e+00 2.09394e-07
3.00447e+00 4.98281e+00 1.86161e-07
3.00447e+00 4.99074e+00 1.70039e-07
3.00447e+00 4.99623e+00 1.59650e-07
3.00447e+00 4.99928e+00 1.54135e-07
3.08076e+00 7.15683e-04 -7.46290e-10
3.08076e+00 3.77012e-03 -2.07095e-08
3.08076e+00 9.26216e-03 -1.24982e-07
3.08076e+00 1.71877e-02 -4.30279e-07
3.08076e+00 2.75390e-02 -1.10403e-06
3.08076e+00 4.03061e-02 -2.36258e-06
3.08076e+00 5.54766e-02 -4.46816e-06
3.08076e+00 7.30356e-02 -7.72381e-06
3.08076e+00 9.29659e-02 -1.24659e-05
3.08076e+00 1.15248e-01 -1.90533e-05
3.08076e+00 1.39860e-01 -2.78522e-05
3.08076e+00 1.66779e-01 -3.92160e-05
3.08076e+00 1.95977e-01 -5.34599e-05
3.08076e+00 2.27426e-01 -7.08276e-05
3.08076e+00 2.61096e-01 -9.14524e-05
3.08076e+00 2.96953e-01 -1.15308e-04
3.08076e+00 3.34963e-01 -1.42155e-04
3.08076e+00 3.75089e-01 -1.71472e-04
3.08076e+00 4.17290e-01 -2.02386e-04
3.08076e+00 4.61527e-01 -2.33591e-04
3.08076e+00 5.07755e-01 -2.63258e-04
3.08076e+00 5.55930e-01 -2.88946e-04
3.08076e+00 6.06005e-01 -3.07507e-04
3.08076e+00 6.57930e-01 -3.14991e-04
3.08076e+00 7.11655e-01 -3.06567e-04
3.08076e+00 7.67127e-01 -2.76449e-04
3.08076e+00 8.24292e-01 -2.17851e-04
3.08076e+00 8.83095e-01 -1.22978e-04
3.08076e+00 9.43478e-01 1.69432e-05
3.08076e+00 1.00538e+00 2.11556e-04
3.08076e+00 1.06875e+00 4.71199e-04
3.08076e+00 1.13351e+00 8.06624e-04
3.08076e+00 1.19960e+00 1.22860e-03
3.08076e+00 1.26697e+00 1.74741e-03
3.08076e+00 1.33555e+00 2.37215e-03
3.08076e+00 1.40526e+00 3.10997e-03
3.08076e+00 1.47604e+00 3.96514e-03
3.08076e+00 1.54782e+00 4.93803e-03
3.08076e+00 1.62053e+00 6.02408e-03
3.08076e+00 1.69410e+00 7.21277e-03
3.08076e+00 1.76846e+00 8.48678e-03
3.08076e+00 1.84353e+00 9.82135e-03
3.08076e+00 1.91924e+00 1.11842e-02
3.08076e+00 1.99553e+00 1.25358e-02
3.08076e+00 2.07230e+00 1.38307e-02
3.08076e+00 2.14949e+00 1.50194e-02
3.08076e+00 2.22703e+00 1.60512e-02
3.08076e+00 2.30483e+00 1.68778e-02
3.08076e+00 2.38282e+00 1.74575e-02
3.08076e+00 2.46093e+00 1.77595e-02
3.08076e+00 2.53907e+00 1.77669e-02
3.08076e+00 2.61718e+00 1.74791e-02
3.08076e+00 2.69517e+00 1.69119e-02
3.08076e+00 2.77297e+00 1.60946e-02
3.08076e+00 2.85051e+00 1.50669e-02
3.08076e+00 2.92770e+00 1.38744e-02
3.08076e+00 3.00447e+00 1.25650e-02
3.08076e+00 3.08076e+00 1.11873e-02
3.08076e+00 3.15647e+00 9.78860e-03
3.08076e+00 3.23154e+00 8.41393e-03
3.08076e+00 3.30590e+00 7.10348e-03
3.08076e+00 3.37947e+00 5.89014e-03
3.08076e+00 3.45218e+00 4.79756e-03
3.08076e+00 3.52396e+00 3.83951e-03
3.08076e+00 3.59474e+00 3.02035e-03
3.08076e+00 3.66445e+00 2.33657e-03
3.08076e+00 3.73303e+00 1.77867e-03
3.08076e+00 3.80040e+00 1.33325e-03
3.08076e+00 3.86649e+00 9.84861e-04
3.08076e+00 3.93125e+00 7.17588e-04
3.08076e+00 3.99462e+00 5.16240e-04
3.08076e+00 4.05652e+00 3.67100e-04
3.08076e+00 4.11690e+00 2.58345e-04
3.08076e+00 4.17571e+00 1.80163e-04
3.08076e+00 4.23287e+00 1.24677e-04
3.08076e+00 4.28835e+00 8.57432e-05
3.08076e+00 4.34207e+00 5.86931e-05
3.08076e+00 4.39400e+00 4.00545e-05
3.08076e+00 4.44407e+00 2.72977e-05
3.08076e+00 4.49224e+00 1.86108e-05
3.08076e+00 4.53847e+00 1.27157e-05
3.08076e+00 4.58271e+00 8.72241e-06
3.08076e+00 4.62491e+00 6.01793e-06
3.08076e+00 4.66504e+00 4.18376e-06
3.08076e+00 4.70305e+00 2.93623e-06
3.08076e+00 4.73890e+00 2.08400e-06
3.08076e+00 4.77257e+00 1.49853e-06
3.08076e+00 4.80402e+00 1.09356e-06
3.08076e+00 4.83322e+00 8.11249e-07
3.08076e+00 4.86014e+00 6.12772e-07
3.08076e+00 4.88475e+00 4.71994e-07
3.08076e+00 4.90703e+00 3.71269e-07
3.08076e+00 4.92696e+00 2.98627e-07
3.08076e+00 4.94452e+00 2.45915e-07
3.08076e+00 4.95969e+00 2.07552e-07
3.08076e+00 4.97246e+00 1.79709e-07
3.08076e+00 4.98281e+00 1.59759e-07
3.08076e+00 4.99074e+00 1.45916e-07
3.08076e+00 4.99623e+00 1.36997e-07
3.08076e+00 4.99928e+00 1.32261e-07
3.15647e+00 7.15683e-04 -2.52017e-10
3.15647e+00 3.77012e-03 -6.99331e-09
3.15647e+00 9.26216e-03 -4.21999e-08
3.15647e+00 1.71877e-02 -1.45235e-07
3.15647e+00 2.75390e-02 -3.72380e-07
3.15647e+00 4.03061e-02 -7.95797e-07
3.15647e+00 5.54766e-02 -1.50158e-06
3.15647e+00 7.30356e-02 -2.58638e-06
3.15647e+00 9.29659e-02 -4.15218e-06
3.15647e+00 1.15248e-01 -6.29844e-06
3.15647e+00 1.39860e-01 -9.11113e-06
3.15647e+00 1.66779e-01 -1.26479e-05
3.15647e+00 1.95977e-01 -1.69188e-05
3.15647e+00 2.27426e-01 -2.18619e-05
3.15647e+00 2.61096e-01 -2.73129e-05
3.15647e+00 2.96953e-01 -3.29694e-05
3.15647e+00 3.34963e-01 -3.83482e-05
3.15647e+00 3.75089e-01 -4.27364e-05
3.15647e+00 4.17290e-01 -4.51364e-05
3.15647e+00 4.61527e-01 -4.42055e-05
3.15647e+00 5.07755e-01 -3.81907e-05
3.15647e+00 5.55930e-01 -2.48612e-05
3.15647e+00 6.06005e-01 -1.44044e-06
3.15647e+00 6.57930e-01 3.54585e-05
3.15647e+00 7.11655e-01 8.98898e-05
3.15647e+00 7.67127e-01 1.66619e-04
3.15647e+00 8.24292e-01 2.71144e-04
3.15647e+00 8.83095e-01 4.09689e-04
3.15647e+00 9.43478e-01 5.89156e-04
3.15647e+00 1.00538e+00 8.17027e-04
3.15647e+00 1.06875e+00 1.10120e-03
3.15647e+00 1.13351e+00 1.44973e-03
3.15647e+00 1.19960e+00 1.87053e-03
3.15647e+00 1.26697e+00 2.37092e-03
3.15647e+00 1.33555e+00 2.95707e-03
3.15647e+00 1.40526e+00 3.63342e-03
3.15647e+00 1.47604e+00 4.40192e-03
3.15647e+00 1.54782e+00 5.26128e-03
3.15647e+00 1.62053e+00 6.20617e-03
3.15647e+00 1.69410e+00 7.22652e-03
3.15647e+00 1.76846e+00 8.30688e-03
3.15647e+00 1.84353e+00 9.42613e-03
3.15647e+00 1.91924e+00 1.05574e-02
3.15647e+00 1.99553e+00 1.16685e-02
3.15647e+00 2.07230e+00 1.27229e-02
3.15647e+00 2.14949e+00 1.36814e-02
3.15647e+00 2.22703e+00 1.45039e-02
3.15647e+00 2.30483e+00 1.51525e-02
3.15647e+00 2.38282e+00 1.55940e-02
3.15647e+00 2.46093e+00 1.58033e-02
3.15647e+00 2.53907e+00 1.57656e-02
3.15647e+00 2.61718e+00 1.54782e-02
3.15647e+00 2.69517e+00 1.49513e-02
3.15647e+00 2.77297e+00 1.42070e-02
3.15647e+00 2.85051e+00 1.32774e-02
3.15647e+00 2.92770e+00 1.22018e-02
3.15647e+00 3.00447e+00 1.10238e-02
3.15647e+00 3.08076e+00 9.78860e-03
3.15647e+00 3.15647e+00 8.54051e-03
3.15647e+00 3.23154e+00 7.32046e-03
3.15647e+00 3.30590e+00 6.16378e-03
3.15647e+00 3.37947e+00 5.09828e-03
3.15647e+00 3.45218e+00 4.14319e-03
3.15647e+00 3.52396e+00 3.30899e-03
3.15647e+00 3.59474e+00 2.59816e-03
3.15647e+00 3.66445e+00 2.00655e-03
3.15647e+00 3.73303e+00 1.52509e-03
3.15647e+00 3.80040e+00 1.14157e-03
3.15647e+00 3.86649e+00 8.42187e-04
3.15647e+00 3.93125e+00 6.12917e-04
3.15647e+00 3.99462e+00 4.40468e-04
3.15647e+00 4.05652e+00 3.12914e-04
3.15647e+00 4.11690e+00 2.20016e-04
3.15647e+00 4.17571e+00 1.53308e-04
3.15647e+00 4.23287e+00 1.06013e-04
3.15647e+00 4.28835e+00 7.28582e-05
3.15647e+00 4.34207e+00 4.98418e-05
3.15647e+00 4.39400e+00 3.39946e-05
3.15647e+00 4.44407e+00 2.31556e-05
3.15647e+00 4.49224e+00 1.57792e-05
3.15647e+00 4.53847e+00 1.07763e-05
3.15647e+00 4.58271e+00 7.38907e-06
3.15647e+00 4.62491e+00 5.09611e-06
3.15647e+00 4.66504e+00 3.54170e-06
3.15647e+00 4.70305e+00 2.48485e-06
3.15647e+00 4.73890e+00 1.76314e-06
3.15647e+00 4.77257e+00 1.26749e-06
3.15647e+00 4.80402e+00 9.24740e-07
3.15647e+00 4.83322e+00 6.85868e-07
3.15647e+00 4.86014e+00 5.17969e-07
3.15647e+00 4.88475e+00 3.98904e-07
3.15647e+00 4.90703e+00 3.13730e-07
3.15647e+00 4.92696e+00 2.52313e-07
3.15647e+00 4.94452e+00 2.07753e-07
3.15647e+00 4.95969e+00 1.75326e-07
3.15647e+00 4.97246e+00 1.51794e-07
3.15647e+00 4.98281e+00 1.34934e-07
3.15647e+00 4.99074e+00 1.23237e-07
3.15647e+00 4.99623e+00 1.15699e-07
3.15647e+00 4.99928e+00 1.11698e-07
3.23154e+00 7.15683e-04 1.35776e-10
3.23154e+00 3.77012e-03 3.76806e-09
3.23154e+00 9.26216e-03 2.27485e-08
3.23154e+00 1.71877e-02 7.84007e-08
3.23154e+00 2.75390e-02 2.01638e-07
3.23154e+00 4.03061e-02 4.33402e-07
3.23154e+00 5.54766e-02 8.25710e-07
3.23154e+00 7.30356e-02 1.44367e-06
3.23154e+00 9.29659e-02 2.36889e-06
3.23154e+00 1.15248e-01 3.70474e-06
3.23154e+00 1.39860e-01 5.58399e-06
3.23154e+00 1.66779e-01 8.17931e-06
3.23154e+00 1.95977e-01 1.17171e-05
3.23154e+00 2.27426e-01 1.64954e-05
3.23154e+00 2.61096e-01 2.29054e-05
3.23154e+00 2.96953e-01 3.14583e-05
3.23154e+00 3.34963e-01 4.28162e-05
3.23154e+00 3.75089e-01 5.78282e-05
3.23154e+00 4.17290e-01 7.75698e-05
3.23154e+00 4.61527e-01 1.03387e-04
3.23154e+00 5.07755e-01 1.36945e-04
3.23154e+00 5.55930e-01 1.80270e-04
3.23154e+00 6.06005e-01 2.35804e-04
3.23154e+00 6.57930e-01 3.06441e-04
3.23154e+00 7.11655e-01 3.95566e-04
3.23154e+00 7.67127e-01 5.07078e-04
3.23154e+00 8.24292e-01 6.45394e-04
3.23154e+00 8.83095e-01 8.15427e-04
3.23154e+00 9.43478e-01 1.02253e-03
3.23154e+00 1.00538e+00 1.27242e-03
3.23154e+00 1.06875e+00 1.57099e-03
3.23154e+00 1.13351e+00 1.92413e-03
3.23154e+00 1.19960e+00 2.33745e-03
3.23154e+00 1.26697e+00 2.81589e-03
3.23154e+00 1.33555e+00 3.36334e-03
3.23154e+00 1.40526e+00 3.98208e-03
3.23154e+00 1.47604e+00 4.67226e-03
3.23154e+00 1.54782e+00 5.43133e-03
3.23154e+00 1.62053e+00 6.25337e-03
3.23154e+00 1.69410e+00 7.12867e-03
3.23154e+00 1.76846e+00 8.04327e-03
3.23154e+00 1.84353e+00 8.97878e-03
3.23154e+00 1.91924e+00 9.91242e-03
3.23154e+00 1.99553e+00 1.08175e-02
3.23154e+00 2.07230e+00 1.16643e-02
3.23154e+00 2.14949e+00 1.24213e-02
3.23154e+00 2.22703e+00 1.30565e-02
3.23154e+00 2.30483e+00 1.35404e-02
3.23154e+00 2.38282e+00 1.38471e-02
3.23154e+00 2.46093e+00 1.39573e-02
3.23154e+00 2.53907e+00 1.38598e-02
3.23154e+00 2.61718e+00 1.35531e-02
3.23154e+00 2.69517e+00 1.30460e-02
3.23154e+00 2.77297e+00 1.23571e-02
3.23154e+00 2.85051e+00 1.15137e-02
3.23154e+00 2.92770e+00 1.05497e-02
3.23154e+00 3.00447e+00 9.50321e-03
3.23154e+00 3.08076e+00 8.41393e-03
3.23154e+00 3.15647e+00 7.32046e-03
3.23154e+00 3.23154e+00 6.25793e-03
3.23154e+00 3.30590e+00 5.25600e-03
3.23154e+00 3.37947e+00 4.33745e-03
3.23154e+00 3.45218e+00 3.51750e-03
3.23154e+00 3.52396e+00 2.80390e-03
3.23154e+00 3.59474e+00 2.19772e-03
3.23154e+00 3.66445e+00 1.69459e-03
3.23154e+00 3.73303e+00 1.28611e-03
3.23154e+00 3.80040e+00 9.61404e-04
3.23154e+00 3.86649e+00 7.08408e-04
3.23154e+00 3.93125e+00 5.14983e-04
3.23154e+00 3.99462e+00 3.69711e-04
3.23154e+00 4.05652e+00 2.62402e-04
3.23154e+00 4.11690e+00 1.84342e-04
3.23154e+00 4.17571e+00 1.28350e-04
3.23154e+00 4.23287e+00 8.86906e-05
3.23154e+00 4.28835e+00 6.09129e-05
3.23154e+00 4.34207e+00 4.16448e-05
3.23154e+00 4.39400e+00 2.83880e-05
3.23154e+00 4.44407e+00 1.93268e-05
3.23154e+00 4.49224e+00 1.31639e-05
3.23154e+00 4.53847e+00 8.98632e-06
3.23154e+00 4.58271e+00 6.15930e-06
3.23154e+00 4.62491e+00 4.24643e-06
3.23154e+00 4.66504e+00 2.95021e-06
3.23154e+00 4.70305e+00 2.06924e-06
3.23154e+00 4.73890e+00 1.46784e-06
3.23154e+00 4.77257e+00 1.05493e-06
3.23154e+00 4.80402e+00 7.69487e-07
3.23154e+00 4.83322e+00 5.70603e-07
3.23154e+00 4.86014e+00 4.30840e-07
3.23154e+00 4.88475e+00 3.31749e-07
3.23154e+00 4.90703e+00 2.60876e-07
3.23154e+00 4.92696e+00 2.09779e-07
3.23154e+00 4.94452e+00 1.72711e-07
3.23154e+00 4.95969e+00 1.45740e-07
3.23154e+00 4.97246e+00 1.26169e-07
3.23154e+00 4.98281e+00 1.12148e-07
3.23154e+00 4.99074e+00 1.02421e-07
3.23154e+00 4.99623e+00 9.61538e-08
3.23154e+00 4.99928e+00 9.28267e-08
3.30590e+00 7.15683e-04 3.98031e-10
3.30590e+00 3.77012e-03 1.10457e-08
3.30590e+00 9.26216e-03 6.66713e-08
3.30590e+00 1.71877e-02 2.29636e-07
3.30590e+00 2.75390e-02 5.89807e-07
3.30590e+00 4.03061e-02 1.26456e-06
3.30590e+00 5.54766e-02 2.39918e-06
3.30590e+00 7.30356e-02 4.16784e-06
3.30590e+00 9.29659e-02 6.77564e-06
3.30590e+00 1.15248e-01 1.04619e-05
3.30590e+00 1.39860e-01 1.55051e-05
3.30590e+00 1.66779e-01 2.22303e-05
3.30590e+00 1.95977e-01 3.10182e-05
3.30590e+00 2.27426e-01 4.23180e-05
3.30590e+00 2.61096e-01 5.66629e-05
3.30590e+00 2.96953e-01 7.46884e-05
3.30590e+00 3.34963e-01 9.71548e-05
3.30590e+00 3.75089e-01 1.24973e-04
3.30590e+00 4.17290e-01 1.59230e-04
3.30590e+00 4.61527e-01 2.01226e-04
3.30590e+00 5.07755e-01 2.52499e-04
3.30590e+00 5.55930e-01 3.14861e-04
3.30590e+00 6.06005e-01 3.90429e-04
3.30590e+00 6.57930e-01 4.81651e-04
3.30590e+00 7.11655e-01 5.91325e-04
3.30590e+00 7.67127e-01 7.22608e-04
3.30590e+00 8.24292e-01 8.79008e-04
3.30590e+00 8.83095e-01 1.06436e-03
3.30590e+00 9.43478e-01 1.28275e-03
3.30590e+00 1.00538e+00 1.53847e-03
3.30590e+00 1.06875e+00 1.83584e-03
3.30590e+00 1.13351e+00 2.17904e-03
3.30590e+00 1.19960e+00 2.57189e-03
3.30590e+00 1.26697e+00 3.01756e-03
3.30590e+00 1.33555e+00 3.51819e-03
3.30590e+00 1.40526e+00 4.07454e-03
3.30590e+00 1.47604e+00 4.68552e-03
3.30590e+00 1.54782e+00 5.34778e-03
3.30590e+00 1.62053e+00 6.05523e-03
3.30590e+00 1.69410e+00 6.79869e-03
3.30590e+00 1.76846e+00 7.56565e-03
3.30590e+00 1.84353e+00 8.34014e-03
3.30590e+00 1.91924e+00 9.10290e-03
3.30590e+00 1.99553e+00 9.83177e-03
3.30590e+00 2.07230e+00 1.05024e-02
3.30590e+00 2.14949e+00 1.10895e-02
3.30590e+00 2.22703e+00 1.15679e-02
3.30590e+00 2.30483e+00 1.19143e-02
3.30590e+00 2.38282e+00 1.21092e-02
3.30590e+00 2.46093e+00 1.21382e-02
3.30590e+00 2.53907e+00 1.19938e-02
3.30590e+00 2.61718e+00 1.16762e-02
3.30590e+00 2.69517e+00 1.11941e-02
3.30590e+00 2.77297e+00 1.05639e-02
3.30590e+00 2.85051e+00 9.80924e-03
3.30590e+00 2.92770e+00 8.95915e-03
3.30590e+00 3.00447e+00 8.04605e-03
3.30590e+00 3.08076e+00 7.10348e-03
3.30590e+00 3.15647e+00 6.16378e-03
3.30590e+00 3.23154e+00 5.25600e-03
3.30590e+00 3.30590e+00 4.40432e-03
3.30590e+00 3.37947e+00 3.62691e-03
3.30590e+00 3.45218e+00 2.93556e-03
3.30590e+00 3.52396e+00 2.33585e-03
3.30590e+00 3.59474e+00 1.82787e-03
3.30590e+00 3.66445e+00 1.40730e-03
3.30590e+00 3.73303e+00 1.06661e-03
3.30590e+00 3.80040e+00 7.96319e-04
3.30590e+00 3.86649e+00 5.86088e-04
3.30590e+00 3.93125e+00 4.25610e-04
3.30590e+00 3.99462e+00 3.05253e-04
3.30590e+00 4.05652e+00 2.16459e-04
3.30590e+00 4.11690e+00 1.51942e-04
3.30590e+00 4.17571e+00 1.05711e-04
3.30590e+00 4.23287e+00 7.29963e-05
3.30590e+00 4.28835e+00 5.01021e-05
3.30590e+00 4.34207e+00 3.42336e-05
3.30590e+00 4.39400e+00 2.33234e-05
3.30590e+00 4.44407e+00 1.58709e-05
3.30590e+00 4.49224e+00 1.08051e-05
3.30590e+00 4.53847e+00 7.37299e-06
3.30590e+00 4.58271e+00 5.05157e-06
3.30590e+00 4.62491e+00 3.48149e-06
3.30590e+00 4.66504e+00 2.41799e-06
3.30590e+00 4.70305e+00 1.69544e-06
3.30590e+00 4.73890e+00 1.20236e-06
3.30590e+00 4.77257e+00 8.63922e-07
3.30590e+00 4.80402e+00 6.30021e-07
3.30590e+00 4.83322e+00 4.67089e-07
3.30590e+00 4.86014e+00 3.52617e-07
3.30590e+00 4.88475e+00 2.71473e-07
3.30590e+00 4.90703e+00 2.13446e-07
3.30590e+00 4.92696e+00 1.71617e-07
3.30590e+00 4.94452e+00 1.41277e-07
3.30590e+00 4.95969e+00 1.19204e-07
3.30590e+00 4.97246e+00 1.03188e-07
3.30590e+00 4.98281e+00 9.17157e-08
3.30590e+00 4.99074e+00 8.37568e-08
3.30590e+00 4.99623e+00 7.86291e-08
3.30590e+00 4.99928e+00 7.59070e-08
3.37947e+00 7.15683e-04 5.45468e-10
3.37947e+00 3.77012e-03 1.51371e-08
3.37947e+00 9.26216e-03 9.13637e-08
3.37947e+00 1.71877e-02 3.14654e-07
3.37947e+00 2.75390e-02 8.07997e-07
3.37947e+00 4.03061e-02 1.73168e-06
3.37947e+00 5.54766e-02 3.28320e-06
3.37947e+00 7.30356e-02 5.69765e-06
3.37947e+00 9.29659e-02 9.24863e-06
3.37947e+00 1.15248e-01 1.42502e-05
3.37947e+00 1.39860e-01 2.10600e-05
3.37947e+00 1.66779e-01 3.00836e-05
3.37947e+00 1.95977e-01 4.17815e-05
3.37947e+00 2.27426e-01 5.66766e-05
3.37947e+00 2.61096e-01 7.53657e-05
3.37947e+00 2.96953e-01 9.85315e-05
3.37947e+00 3.34963e-01 1.26959e-04
3.37947e+00 3.75089e-01 1.61551e-04
3.37947e+00 4.17290e-01 2.03349e-04
3.37947e+00 4.61527e-01 2.53556e-04
3.37947e+00 5.07755e-01 3.13552e-04
3.37947e+00 5.55930e-01 3.84921e-04
3.37947e+00 6.06005e-01 4.69465e-04
3.37947e+00 6.57930e-01 5.69224e-04
3.37947e+00 7.11655e-01 6.86478e-04
3.37947e+00 7.67127e-01 8.23751e-04
3.37947e+00 8.24292e-01 9.83797e-04
3.37947e+00 8.83095e-01 1.16956e-03
3.37947e+00 9.43478e-01 1.38414e-03
3.37947e+00 1.00538e+00 1.63068e-03
3.37947e+00 1.06875e+00 1.91227e-03
3.37947e+00 1.13351e+00 2.23181e-03
3.37947e+00 1.19960e+00 2.59179e-03
3.37947e+00 1.26697e+00 2.99408e-03
3.37947e+00 1.33555e+00 3.43961e-03
3.37947e+00 1.40526e+00 3.92814e-03
3.37947e+00 1.47604e+00 4.45784e-03
3.37947e+00 1.54782e+00 5.02500e-03
3.37947e+00 1.62053e+00 5.62371e-03
3.37947e+00 1.69410e+00 6.24562e-03
3.37947e+00 1.76846e+00 6.87970e-03
3.37947e+00 1.84353e+00 7.51233e-03
3.37947e+00 1.91924e+00 8.12736e-03
3.37947e+00 1.99553e+00 8.70658e-03
3.37947e+00 2.07230e+00 9.23029e-03
3.37947e+00 2.14949e+00 9.67823e-03
3.37947e+00 2.22703e+00 1.00307e-02
3.37947e+00 2.30483e+00 1.02698e-02
3.37947e+00 2.38282e+00 1.03808e-02
3.37947e+00 2.46093e+00 1.03536e-02
3.37947e+00 2.53907e+00 1.01833e-02
3.37947e+00 2.61718e+00 9.87187e-03
3.37947e+00 2.69517e+00 9.42746e-03
3.37947e+00 2.77297e+00 8.86483e-03
3.37947e+00 2.85051e+00 8.20423e-03
3.37947e+00 2.92770e+00 7.47013e-03
3.37947e+00 3.00447e+00 6.68955e-03
3.37947e+00 3.08076e+00 5.89014e-03
3.37947e+00 3.15647e+00 5.09828e-03
3.37947e+00 3.23154e+00 4.33745e-03
3.37947e+00 3.30590e+00 3.62691e-03
3.37947e+00 3.37947e+00 2.98089e-03
3.37947e+00 3.45218e+00 2.40834e-03
3.37947e+00 3.52396e+00 1.91316e-03
3.37947e+00 3.59474e+00 1.49483e-03
3.37947e+00 3.66445e+00 1.14927e-03
3.37947e+00 3.73303e+00 8.69924e-04
3.37947e+00 3.80040e+00 6.48704e-04
3.37947e+00 3.86649e+00 4.76923e-04
3.37947e+00 3.93125e+00 3.45987e-04
3.37947e+00 3.99462e+00 2.47916e-04
3.37947e+00 4.05652e+00 1.75651e-04
3.37947e+00 4.11690e+00 1.23200e-04
3.37947e+00 4.17571e+00 8.56522e-05
3.37947e+00 4.23287e+00 5.91058e-05
3.37947e+00 4.28835e+00 4.05432e-05
3.37947e+00 4.34207e+00 2.76866e-05
3.37947e+00 4.39400e+00 1.88531e-05
3.37947e+00 4.44407e+00 1.28228e-05
3.37947e+00 4.49224e+00 8.72607e-06
3.37947e+00 4.53847e+00 5.95191e-06
3.37947e+00 4.58271e+00 4.07640e-06
3.37947e+00 4.62491e+00 2.80845e-06
3.37947e+00 4.66504e+00 1.94993e-06
3.37947e+00 4.70305e+00 1.36686e-06
3.37947e+00 4.73890e+00 9.69081e-07
3.37947e+00 4.77257e+00 6.96140e-07
3.37947e+00 4.80402e+00 5.07554e-07
3.37947e+00 4.83322e+00 3.76220e-07
3.37947e+00 4.86014e+00 2.83967e-07
3.37947e+00 4.88475e+00 2.18586e-07
3.37947e+00 4.90703e+00 1.71839e-07
3.37947e+00 4.92696e+00 1.38147e-07
3.37947e+00 4.94452e+00 1.13712e-07
3.37947e+00 4.95969e+00 9.59368e-08
3.37947e+00 4.97246e+00 8.30409e-08
3.37947e+00 4.98281e+00 7.38039e-08
3.37947e+00 4.99074e+00 6.73963e-08
3.37947e+00 4.99623e+00 6.32681e-08
3.37947e+00 4.99928e+00 6.10767e-08
3.45218e+00 7.15683e-04 6.02353e-10
3.45218e+00 3.77012e-03 1.67156e-08
3.45218e+00 9.26216e-03 1.00890e-07
3.45218e+00 1.71877e-02 3.47449e-07
3.45218e+00 2.75390e-02 8.92135e-07
3.45218e+00 4.03061e-02 1.91169e-06
3.45218e+00 5.54766e-02 3.62353e-06
3.45218e+00 7.30356e-02 6.28564e-06
3.45218e+00 9.29659e-02 1.01969e-05
3.45218e+00 1.15248e-01 1.56979e-05
3.45218e+00 1.39860e-01 2.31728e-05
3.45218e+00 1.66779e-01 3.30524e-05
3.45218e+00 1.95977e-01 4.58175e-05
3.45218e+00 2.27426e-01 6.20048e-05
3.45218e+00 2.61096e-01 8.22140e-05
3.45218e+00 2.96953e-01 1.07116e-04
3.45218e+00 3.34963e-01 1.37463e-04
3.45218e+00 3.75089e-01 1.74101e-04
3.45218e+00 4.17290e-01 2.17982e-04
3.45218e+00 4.61527e-01 2.70175e-04
3.45218e+00 5.07755e-01 3.31886e-04
3.45218e+00 5.55930e-01 4.04463e-04
3.45218e+00 6.06005e-01 4.89413e-04
3.45218e+00 6.57930e-01 5.88404e-04
3.45218e+00 7.11655e-01 7.03269e-04
3.45218e+00 7.67127e-01 8.35999e-04
3.45218e+00 8.24292e-01 9.88723e-04
3.45218e+00 8.83095e-01 1.16368e-03
3.45218e+00 9.43478e-01 1.36316e-03
3.45218e+00 1.00538e+00 1.58945e-03
3.45218e+00 1.06875e+00 1.84472e-03
3.45218e+00 1.13351e+00 2.13089e-03
3.45218e+00 1.19960e+00 2.44952e-03
3.45218e+00 1.26697e+00 2.80156e-03
3.45218e+00 1.33555e+00 3.18718e-03
3.45218e+00 1.40526e+00 3.60551e-03
3.45218e+00 1.47604e+00 4.05440e-03
3.45218e+00 1.54782e+00 4.53015e-03
3.45218e+00 1.62053e+00 5.02731e-03
3.45218e+00 1.69410e+00 5.53848e-03
3.45218e+00 1.76846e+00 6.05424e-03
3.45218e+00 1.84353e+00 6.56313e-03
3.45218e+00 1.91924e+00 7.05187e-03
3.45218e+00 1.99553e+00 7.50568e-03
3.45218e+00 2.07230e+00 7.90883e-03
3.45218e+00 2.14949e+00 8.24535e-03
3.45218e+00 2.22703e+00 8.49997e-03
3.45218e+00 2.30483e+00 8.65909e-03
3.45218e+00 2.38282e+00 8.71187e-03
3.45218e+00 2.46093e+00 8.65118e-03
3.45218e+00 2.53907e+00 8.47448e-03
3.45218e+00 2.61718e+00 8.18431e-03
3.45218e+00 2.69517e+00 7.78848e-03
3.45218e+00 2.77297e+00 7.29979e-03
3.45218e+00 2.85051e+00 6.73533e-03
3.45218e+00 2.92770e+00 6.11538e-03
3.45218e+00 3.00447e+00 5.46200e-03
3.45218e+00 3.08076e+00 4.79756e-03
3.45218e+00 3.15647e+00 4.14319e-03
3.45218e+00 3.23154e+00 3.51750e-03
3.45218e+00 3.30590e+00 2.93556e-03
3.45218e+00 3.37947e+00 2.40834e-03
3.45218e+00 3.45218e+00 1.94253e-03
3.45218e+00 3.52396e+00 1.54075e-03
3.45218e+00 3.59474e+00 1.20214e-03
3.45218e+00 3.66445e+00 9.23033e-04
3.45218e+00 3.73303e+00 6.97828e-04
3.45218e+00 3.80040e+00 5.19790e-04
3.45218e+00 3.86649e+00 3.81750e-04
3.45218e+00 3.93125e+00 2.76679e-04
3.45218e+00 3.99462e+00 1.98079e-04
3.45218e+00 4.05652e+00 1.40227e-04
3.45218e+00 4.11690e+00 9.82800e-05
3.45218e+00 4.17571e+00 6.82797e-05
3.45218e+00 4.23287e+00 4.70875e-05
3.45218e+00 4.28835e+00 3.22802e-05
3.45218e+00 4.34207e+00 2.20318e-05
3.45218e+00 4.39400e+00 1.49950e-05
3.45218e+00 4.44407e+00 1.01940e-05
3.45218e+00 4.49224e+00 6.93417e-06
3.45218e+00 4.53847e+00 4.72783e-06
3.45218e+00 4.58271e+00 3.23686e-06
3.45218e+00 4.62491e+00 2.22931e-06
3.45218e+00 4.66504e+00 1.54736e-06
3.45218e+00 4.70305e+00 1.08436e-06
3.45218e+00 4.73890e+00 7.68594e-07
3.45218e+00 4.77257e+00 5.51991e-07
3.45218e+00 4.80402e+00 4.02370e-07
3.45218e+00 4.83322e+00 2.98196e-07
3.45218e+00 4.86014e+00 2.25037e-07
3.45218e+00 4.88475e+00 1.73197e-07
3.45218e+00 4.90703e+00 1.36139e-07
3.45218e+00 4.92696e+00 1.09433e-07
3.45218e+00 4.94452e+00 9.00673e-08
3.45218e+00 4.95969e+00 7.59813e-08
3.45218e+00 4.97246e+00 6.57630e-08
3.45218e+00 4.98281e+00 5.84444e-08
3.45218e+00 4.99074e+00 5.33678e-08
3.45218e+00 4.99623e+00 5.00974e-08
3.45218e+00 4.99928e+00 4.83613e-08
3.52396e+00 7.15683e-04 5.95373e-10
3.52396e+00 3.77012e-03 1.65219e-08
3.52396e+00 9.26216e-03 9.97201e-08
3.52396e+00 1.71877e-02 3.43413e-07
3.52396e+00 2.75390e-02 8.81730e-07
3.52396e+00 4.03061e-02 1.88923e-06
3.52396e+00 5.54766e-02 3.58045e-06
3.52396e+00 7.30356e-02 6.20952e-06
3.52396e+00 9.29659e-02 1.00701e-05
3.52396e+00 1.15248e-01 1.54957e-05
3.52396e+00 1.39860e-01 2.28603e-05
3.52396e+00 1.66779e-01 3.25805e-05
3.52396e+00 1.95977e-01 4.51172e-05
3.52396e+00 2.27426e-01 6.09793e-05
3.52396e+00 2.61096e-01 8.07282e-05
3.52396e+00 2.96953e-01 1.04983e-04
3.52396e+00 3.34963e-01 1.34428e-04
3.52396e+00 3.75089e-01 1.69819e-04
3.52396e+00 4.17290e-01 2.11990e-04
3.52396e+00 4.61527e-01 2.61866e-04
3.52396e+00 5.07755e-01 3.20468e-04
3.52396e+00 5.55930e-01 3.88918e-04
3.52396e+00 6.06005e-01 4.68450e-04
3.52396e+00 6.57930e-01 5.60405e-04
3.52396e+00 7.11655e-01 6.66234e-04
3.52396e+00 7.67127e-01 7.87484e-04
3.52396e+00 8.24292e-01 9.25781e-04
3.52396e+00 8.83095e-01 1.08280e-03
3.52396e+00 9.43478e-01 1.26022e-03
3.52396e+00 1.00538e+00 1.45966e-03
3.52396e+00 1.06875e+00 1.68260e-03
3.52396e+00 1.13351e+00 1.93030e-03
3.52396e+00 1.19960e+00 2.20364e-03
3.52396e+00 1.26697e+00 2.50299e-03
3.52396e+00 1.33555e+00 2.82805e-03
3.52396e+00 1.40526e+00 3.17765e-03
3.52396e+00 1.47604e+00 3.54960e-03
3.52396e+00 1.54782e+00 3.94044e-03
3.52396e+00 1.62053e+00 4.34534e-03
3.52396e+00 1.69410e+00 4.75796e-03
3.52396e+00 1.76846e+00 5.17042e-03
3.52396e+00 1.84353e+00 5.57331e-03
3.52396e+00 1.91924e+00 5.95588e-03
3.52396e+00 1.99553e+00 6.30634e-03
3.52396e+00 2.07230e+00 6.61229e-03
3.52396e+00 2.14949e+00 6.86134e-03
3.52396e+00 2.22703e+00 7.04181e-03
3.52396e+00 2.30483e+00 7.14350e-03
3.52396e+00 2.38282e+00 7.15855e-03
3.52396e+00 2.46093e+00 7.08214e-03
3.52396e+00 2.53907e+00 6.91312e-03
3.52396e+00 2.61718e+00 6.65440e-03
3.52396e+00 2.69517e+00 6.31298e-03
3.52396e+00 2.77297e+00 5.89974e-03
3.52396e+00 2.85051e+00 5.42879e-03
3.52396e+00 2.92770e+00 4.91661e-03
3.52396e+00 3.00447e+00 4.38093e-03
3.52396e+00 3.08076e+00 3.83951e-03
3.52396e+00 3.15647e+00 3.30899e-03
3.52396e+00 3.23154e+00 2.80390e-03
3.52396e+00 3.30590e+00 2.33585e-03
3.52396e+00 3.37947e+00 1.91316e-03
3.52396e+00 3.45218e+00 1.54075e-03
3.52396e+00 3.52396e+00 1.22034e-03
3.52396e+00 3.59474e+00 9.50882e-04
3.52396e+00 3.66445e+00 7.29214e-04
3.52396e+00 3.73303e+00 5.50671e-04
3.52396e+00 3.80040e+00 4.09745e-04
3.52396e+00 3.86649e+00 3.00636e-04
3.52396e+00 3.93125e+00 2.17694e-04
3.52396e+00 3.99462e+00 1.55720e-04
3.52396e+00 4.05652e+00 1.10154e-04
3.52396e+00 4.11690e+00 7.71477e-05
3.52396e+00 4.17571e+00 5.35626e-05
3.52396e+00 4.23287e+00 3.69155e-05
3.52396e+00 4.28835e+00 2.52926e-05
3.52396e+00 4.34207e+00 1.72536e-05
3.52396e+00 4.39400e+00 1.17372e-05
3.52396e+00 4.44407e+00 7.97570e-06
3.52396e+00 4.49224e+00 5.42300e-06
3.52396e+00 4.53847e+00 3.69608e-06
3.52396e+00 4.58271e+00 2.52960e-06
3.52396e+00 4.62491e+00 1.74164e-06
3.52396e+00 4.66504e+00 1.20851e-06
3.52396e+00 4.70305e+00 8.46667e-07
3.52396e+00 4.73890e+00 5.99970e-07
3.52396e+00 4.77257e+00 4.30790e-07
3.52396e+00 4.80402e+00 3.13957e-07
3.52396e+00 4.83322e+00 2.32629e-07
3.52396e+00 4.86014e+00 1.75527e-07
3.52396e+00 4.88475e+00 1.35072e-07
3.52396e+00 4.90703e+00 1.06157e-07
3.52396e+00 4.92696e+00 8.53224e-08
3.52396e+00 4.94452e+00 7.02162e-08
3.52396e+00 4.95969e+00 5.92297e-08
3.52396e+00 4.97246e+00 5.12604e-08
3.52396e+00 4.98281e+00 4.55531e-08
3.52396e+00 4.99074e+00 4.15945e-08
3.52396e+00 4.99623e+00 3.90443e-08
3.52396e+00 4.99928e+00 3.76907e-08
3.59474e+00 7.15683e-04 5.48156e-10
3.59474e+00 3.77012e-03 1.52116e-08
3.59474e+00 9.26216e-03 9.18113e-08
3.59474e+00 1.71877e-02 3.16173e-07
3.59474e+00 2.75390e-02 8.11767e-07
3.59474e+00 4.03061e-02 1.73924e-06
3.59474e+00 5.54766e-02 3.29589e-06
3.59474e+00 7.30356e-02 5.71522e-06
3.59474e+00 9.29659e-02 9.26662e-06
3.59474e+00 1.15248e-01 1.42553e-05
3.59474e+00 1.39860e-01 2.10224e-05
3.59474e+00 1.66779e-01 2.99462e-05
3.59474e+00 1.95977e-01 4.14429e-05
3.59474e+00 2.27426e-01 5.59688e-05
3.59474e+00 2.61096e-01 7.40230e-05
3.59474e+00 2.96953e-01 9.61509e-05
3.59474e+00 3.34963e-01 1.22948e-04
3.59474e+00 3.75089e-01 1.55064e-04
3.59474e+00 4.17290e-01 1.93208e-04
3.59474e+00 4.61527e-01 2.38155e-04
3.59474e+00 5.07755e-01 2.90748e-04
3.59474e+00 5.55930e-01 3.51901e-04
3.59474e+00 6.06005e-01 4.22604e-04
3.59474e+00 6.57930e-01 5.03919e-04
3.59474e+00 7.11655e-01 5.96974e-04
3.59474e+00 7.67127e-01 7.02955e-04
3.59474e+00 8.24292e-01 8.23086e-04
3.59474e+00 8.83095e-01 9.58603e-04
3.59474e+00 9.43478e-01 1.11072e-03
3.59474e+00 1.00538e+00 1.28056e-03
3.59474e+00 1.06875e+00 1.46912e-03
3.59474e+00 1.13351e+00 1.67718e-03
3.59474e+00 1.19960e+00 1.90518e-03
3.59474e+00 1.26697e+00 2.15313e-03
3.59474e+00 1.33555e+00 2.42050e-03
3.59474e+00 1.40526e+00 2.70603e-03
3.59474e+00 1.47604e+00 3.00765e-03
3.59474e+00 1.54782e+00 3.32231e-03
3.59474e+00 1.62053e+00 3.64586e-03
3.59474e+00 1.69410e+00 3.97304e-03
3.59474e+00 1.76846e+00 4.29738e-03
3.59474e+00 1.84353e+00 4.61131e-03
3.59474e+00 1.91924e+00 4.90629e-03
3.59474e+00 1.99553e+00 5.17307e-03
3.59474e+00 2.07230e+00 5.40202e-03
3.59474e+00 2.14949e+00 5.58367e-03
3.59474e+00 2.22703e+00 5.70919e-03
3.59474e+00 2.30483e+00 5.77107e-03
3.59474e+00 2.38282e+00 5.76368e-03
3.59474e+00 2.46093e+00 5.68385e-03
3.59474e+00 2.53907e+00 5.53133e-03
3.59474e+00 2.61718e+00 5.30900e-03
3.59474e+00 2.69517e+00 5.02292e-03
3.59474e+00 2.77297e+00 4.68210e-03
3.59474e+00 2.85051e+00 4.29796e-03
3.59474e+00 2.92770e+00 3.88365e-03
3.59474e+00 3.00447e+00 3.45315e-03
3.59474e+00 3.08076e+00 3.02035e-03
3.59474e+00 3.15647e+00 2.59816e-03
3.59474e+00 3.23154e+00 2.19772e-03
3.59474e+00 3.30590e+00 1.82787e-03
3.59474e+00 3.37947e+00 1.49483e-03
3.59474e+00 3.45218e+00 1.20214e-03
3.59474e+00 3.52396e+00 9.50882e-04
3.59474e+00 3.59474e+00 7.40011e-04
3.59474e+00 3.66445e+00 5.66850e-04
3.59474e+00 3.73303e+00 4.27604e-04
3.59474e+00 3.80040e+00 3.17858e-04
3.59474e+00 3.86649e+00 2.33002e-04
3.59474e+00 3.93125e+00 1.68575e-04
3.59474e+00 3.99462e+00 1.20489e-04
3.59474e+00 4.05652e+00 8.51696e-05
3.59474e+00 4.11690e+00 5.96087e-05
3.59474e+00 4.17571e+00 4.13593e-05
3.59474e+00 4.23287e+00 2.84882e-05
3.59474e+00 4.28835e+00 1.95081e-05
3.59474e+00 4.34207e+00 1.33009e-05
3.59474e+00 4.39400e+00 9.04408e-06
3.59474e+00 4.44407e+00 6.14302e-06
3.59474e+00 4.49224e+00 4.17523e-06
3.59474e+00 4.53847e+00 2.84461e-06
3.59474e+00 4.58271e+00 1.94619e-06
3.59474e+00 4.62491e+00 1.33954e-06
3.59474e+00 4.66504e+00 9.29227e-07
3.59474e+00 4.70305e+00 6.50836e-07
3.59474e+00 4.73890e+00 4.61088e-07
3.59474e+00 4.77257e+00 3.30997e-07
3.59474e+00 4.80402e+00 2.41180e-07
3.59474e+00 4.83322e+00 1.78672e-07
3.59474e+00 4.86014e+00 1.34792e-07
3.59474e+00 4.88475e+00 1.03710e-07
3.59474e+00 4.90703e+00 8.14981e-08
3.59474e+00 4.92696e+00 6.54959e-08
3.59474e+00 4.94452e+00 5.38945e-08
3.59474e+00 4.95969e+00 4.54579e-08
3.59474e+00 4.97246e+00 3.93389e-08
3.59474e+00 4.98281e+00 3.49569e-08
3.59474e+00 4.99074e+00 3.19178e-08
3.59474e+00 4.99623e+00 2.99600e-08
3.59474e+00 4.99928e+00 2.89208e-08
3.66445e+00 7.15683e-04 4.79416e-10
3.66445e+00 3.77012e-03 1.33040e-08
3.66445e+00 9.26216e-03 8.02976e-08
3.66445e+00 1.71877e-02 2.76520e-07
3.66445e+00 2.75390e-02 7.09946e-07
3.66445e+00 4.03061e-02 1.52103e-06
3.66445e+00 5.54766e-02 2.88221e-06
3.66445e+00 7.30356e-02 4.99741e-06
3.66445e+00 9.29659e-02 8.10167e-06
3.66445e+00 1.15248e-01 1.24608e-05
3.66445e+00 1.39860e-01 1.83714e-05
3.66445e+00 1.66779e-01 2.61610e-05
3.66445e+00 1.95977e-01 3.61889e-05
3.66445e+00 2.27426e-01 4.88470e-05
3.66445e+00 2.61096e-01 6.45613e-05
3.66445e+00 2.96953e-01 8.37939e-05
3.66445e+00 3.34963e-01 1.07045e-04
3.66445e+00 3.75089e-01 1.34857e-04
3.66445e+00 4.17290e-01 1.67815e-04
3.66445e+00 4.61527e-01 2.06550e-04
3.66445e+00 5.07755e-01 2.51743e-04
3.66445e+00 5.55930e-01 3.04124e-04
3.66445e+00 6.06005e-01 3.64471e-04
3.66445e+00 6.57930e-01 4.33610e-04
3.66445e+00 7.11655e-01 5.12407e-04
3.66445e+00 7.67127e-01 6.01757e-04
3.66445e+00 8.24292e-01 7.02569e-04
3.66445e+00 8.83095e-01 8.15744e-04
3.66445e+00 9.43478e-01 9.42141e-04
3.66445e+00 1.00538e+00 1.08254e-03
3.66445e+00 1.06875e+00 1.23759e-03
3.66445e+00 1.13351e+00 1.40773e-03
3.66445e+00 1.19960e+00 1.59315e-03
3.66445e+00 1.26697e+00 1.79366e-03
3.66445e+00 1.33555e+00 2.00863e-03
3.66445e+00 1.40526e+00 2.23686e-03
3.66445e+00 1.47604e+00 2.47651e-03
3.66445e+00 1.54782e+00 2.72498e-03
3.66445e+00 1.62053e+00 2.97884e-03
3.66445e+00 1.69410e+00 3.23379e-03
3.66445e+00 1.76846e+00 3.48467e-03
3.66445e+00 1.84353e+00 3.72549e-03
3.66445e+00 1.91924e+00 3.94959e-03
3.66445e+00 1.99553e+00 4.14981e-03
3.66445e+00 2.07230e+00 4.31881e-03
3.66445e+00 2.14949e+00 4.44944e-03
3.66445e+00 2.22703e+00 4.53513e-03
3.66445e+00 2.30483e+00 4.57040e-03
3.66445e+00 2.38282e+00 4.55130e-03
3.66445e+00 2.46093e+00 4.47581e-03
3.66445e+00 2.53907e+00 4.34417e-03
3.66445e+00 2.61718e+00 4.15905e-03
3.66445e+00 2.69517e+00 3.92552e-03
3.66445e+00 2.77297e+00 3.65086e-03
3.66445e+00 2.85051e+00 3.34413e-03
3.66445e+00 2.92770e+00 3.01563e-03
3.66445e+00 3.00447e+00 2.67621e-03
3.66445e+00 3.08076e+00 2.33657e-03
3.66445e+00 3.15647e+00 2.00655e-03
3.66445e+00 3.23154e+00 1.69459e-03
3.66445e+00 3.30590e+00 1.40730e-03
3.66445e+00 3.37947e+00 1.14927e-03
3.66445e+00 3.45218e+00 9.23033e-04
3.66445e+00 3.52396e+00 7.29214e-04
3.66445e+00 3.59474e+00 5.66850e-04
3.66445e+00 3.66445e+00 4.33743e-04
3.66445e+00 3.73303e+00 3.26868e-04
3.66445e+00 3.80040e+00 2.42750e-04
3.66445e+00 3.86649e+00 1.77791e-04
3.66445e+00 3.93125e+00 1.28527e-04
3.66445e+00 3.99462e+00 9.17954e-05
3.66445e+00 4.05652e+00 6.48416e-05
3.66445e+00 4.11690e+00 4.53521e-05
3.66445e+00 4.17571e+00 3.14484e-05
3.66445e+00 4.23287e+00 2.16495e-05
3.66445e+00 4.28835e+00 1.48174e-05
3.66445e+00 4.34207e+00 1.00979e-05
3.66445e+00 4.39400e+00 6.86306e-06
3.66445e+00 4.44407e+00 4.65967e-06
3.66445e+00 4.49224e+00 3.16583e-06
3.66445e+00 4.53847e+00 2.15613e-06
3.66445e+00 4.58271e+00 1.47468e-06
3.66445e+00 4.62491e+00 1.01470e-06
3.66445e+00 4.66504e+00 7.03690e-07
3.66445e+00 4.70305e+00 4.92743e-07
3.66445e+00 4.73890e+00 3.49004e-07
3.66445e+00 4.77257e+00 2.50483e-07
3.66445e+00 4.80402e+00 1.82478e-07
3.66445e+00 4.83322e+00 1.35161e-07
3.66445e+00 4.86014e+00 1.01950e-07
3.66445e+00 4.88475e+00 7.84304e-08
3.66445e+00 4.90703e+00 6.16247e-08
3.66445e+00 4.92696e+00 4.95191e-08
3.66445e+00 4.94452e+00 4.07438e-08
3.66445e+00 4.95969e+00 3.43630e-08
3.66445e+00 4.97246e+00 2.97354e-08
3.66445e+00 4.98281e+00 2.64217e-08
3.66445e+00 4.99074e+00 2.41236e-08
3.66445e+00 4.99623e+00 2.26432e-08
3.66445e+00 4.99928e+00 2.18575e-08
3.73303e+00 7.15683e-04 4.02801e-10
3.73303e+00 3.77012e-03 1.11779e-08
3.73303e+00 9.26216e-03 6.74651e-08
3.73303e+00 1.71877e-02 2.32328e-07
3.73303e+00 2.75390e-02 5.96477e-07
3.73303e+00 4.03061e-02 1.27789e-06
3.73303e+00 5.54766e-02 2.42138e-06
3.73303e+00 7.30356e-02 4.19812e-06
3.73303e+00 9.29659e-02 6.80521e-06
3.73303e+00 1.15248e-01 1.04653e-05
3.73303e+00 1.39860e-01 1.54266e-05
3.73303e+00 1.66779e-01 2.19623e-05
3.73303e+00 1.95977e-01 3.03713e-05
3.73303e+00 2.27426e-01 4.09786e-05
3.73303e+00 2.61096e-01 5.41359e-05
3.73303e+00 2.96953e-01 7.02224e-05
3.73303e+00 3.34963e-01 8.96466e-05
3.73303e+00 3.75089e-01 1.12847e-04
3.73303e+00 4.17290e-01 1.40295e-04
3.73303e+00 4.61527e-01 1.72493e-04
3.73303e+00 5.07755e-01 2.09979e-04
3.73303e+00 5.55930e-01 2.53323e-04
3.73303e+00 6.06005e-01 3.03128e-04
3.73303e+00 6.57930e-01 3.60025e-04
3.73303e+00 7.11655e-01 4.24668e-04
3.73303e+00 7.67127e-01 4.97724e-04
3.73303e+00 8.24292e-01 5.79861e-04
3.73303e+00 8.83095e-01 6.71724e-04
3.73303e+00 9.43478e-01 7.73917e-04
3.73303e+00 1.00538e+00 8.86967e-04
3.73303e+00 1.06875e+00 1.01128e-03
3.73303e+00 1.13351e+00 1.14710e-03
3.73303e+00 1.19960e+00 1.29445e-03
3.73303e+00 1.26697e+00 1.45305e-03
3.73303e+00 1.33555e+00 1.62228e-03
3.73303e+00 1.40526e+00 1.80107e-03
3.73303e+00 1.47604e+00 1.98785e-03
3.73303e+00 1.54782e+00 2.18047e-03
3.73303e+00 1.62053e+00 2.37618e-03
3.73303e+00 1.69410e+00 2.57156e-03
3.73303e+00 1.76846e+00 2.76254e-03
3.73303e+00 1.84353e+00 2.94450e-03
3.73303e+00 1.91924e+00 3.11231e-03
3.73303e+00 1.99553e+00 3.26053e-03
3.73303e+00 2.07230e+00 3.38364e-03
3.73303e+00 2.14949e+00 3.47631e-03
3.73303e+00 2.22703e+00 3.53372e-03
3.73303e+00 2.30483e+00 3.55194e-03
3.73303e+00 2.38282e+00 3.52822e-03
3.73303e+00 2.46093e+00 3.46133e-03
3.73303e+00 2.53907e+00 3.35175e-03
3.73303e+00 2.61718e+00 3.20181e-03
3.73303e+00 2.69517e+00 3.01564e-03
3.73303e+00 2.77297e+00 2.79898e-03
3.73303e+00 2.85051e+00 2.55890e-03
3.73303e+00 2.92770e+00 2.30333e-03
3.73303e+00 3.00447e+00 2.04056e-03
3.73303e+00 3.08076e+00 1.77867e-03
3.73303e+00 3.15647e+00 1.52509e-03
3.73303e+00 3.23154e+00 1.28611e-03
3.73303e+00 3.30590e+00 1.06661e-03
3.73303e+00 3.37947e+00 8.69924e-04
3.73303e+00 3.45218e+00 6.97828e-04
3.73303e+00 3.52396e+00 5.50671e-04
3.73303e+00 3.59474e+00 4.27604e-04
3.73303e+00 3.66445e+00 3.26868e-04
3.73303e+00 3.73303e+00 2.46097e-04
3.73303e+00 3.80040e+00 1.82606e-04
3.73303e+00 3.86649e+00 1.33632e-04
3.73303e+00 3.93125e+00 9.65301e-05
3.73303e+00 3.99462e+00 6.88941e-05
3.73303e+00 4.05652e+00 4.86326e-05
3.73303e+00 4.11690e+00 3.39941e-05
3.73303e+00 4.17571e+00 2.35589e-05
3.73303e+00 4.23287e+00 1.62096e-05
3.73303e+00 4.28835e+00 1.10887e-05
3.73303e+00 4.34207e+00 7.55333e-06
3.73303e+00 4.39400e+00 5.13145e-06
3.73303e+00 4.44407e+00 3.48262e-06
3.73303e+00 4.49224e+00 2.36525e-06
3.73303e+00 4.53847e+00 1.61034e-06
3.73303e+00 4.58271e+00 1.10104e-06
3.73303e+00 4.62491e+00 7.57383e-07
3.73303e+00 4.66504e+00 5.25104e-07
3.73303e+00 4.70305e+00 3.67601e-07
3.73303e+00 4.73890e+00 2.60309e-07
3.73303e+00 4.77257e+00 1.86787e-07
3.73303e+00 4.80402e+00 1.36050e-07
3.73303e+00 4.83322e+00 1.00754e-07
3.73303e+00 4.86014e+00 7.59862e-08
3.73303e+00 4.88475e+00 5.84481e-08
3.73303e+00 4.90703e+00 4.59185e-08
3.73303e+00 4.92696e+00 3.68943e-08
3.73303e+00 4.94452e+00 3.03533e-08
3.73303e+00 4.95969e+00 2.55977e-08
3.73303e+00 4.97246e+00 2.21490e-08
3.73303e+00 4.98281e+00 1.96797e-08
3.73303e+00 4.99074e+00 1.79672e-08
3.73303e+00 4.99623e+00 1.68642e-08
3.73303e+00 4.99928e+00 1.62787e-08
3.80040e+00 7.15683e-04 3.27465e-10
3.80040e+00 3.77012e-03 9.08732e-09
3.80040e+00 9.26216e-03 5.48471e-08
3.80040e+00 1.71877e-02 1.88874e-07
3.80040e+00 2.75390e-02 4.84910e-07
3.80040e+00 4.03061e-02 1.03885e-06
3.80040e+00 5.54766e-02 1.96838e-06
3.80040e+00 7.30356e-02 3.41255e-06
3.80040e+00 9.29659e-02 5.53138e-06
3.80040e+00 1.15248e-01 8.50552e-06
3.80040e+00 1.39860e-01 1.25359e-05
3.80040e+00 1.66779e-01 1.78437e-05
3.80040e+00 1.95977e-01 2.46701e-05
3.80040e+00 2.27426e-01 3.32766e-05
3.80040e+00 2.61096e-01 4.39451e-05
3.80040e+00 2.96953e-01 5.69788e-05
3.80040e+00 3.34963e-01 7.27022e-05
3.80040e+00 3.75089e-01 9.14621e-05
3.80040e+00 4.17290e-01 1.13628e-04
3.80040e+00 4.61527e-01 1.39593e-04
3.80040e+00 5.07755e-01 1.69772e-04
3.80040e+00 5.55930e-01 2.04604e-04
3.80040e+00 6.06005e-01 2.44547e-04
3.80040e+00 6.57930e-01 2.90076e-04
3.80040e+00 7.11655e-01 3.41678e-04
3.80040e+00 7.67127e-01 3.99843e-04
3.80040e+00 8.24292e-01 4.65054e-04
3.80040e+00 8.83095e-01 5.37771e-04
3.80040e+00 9.43478e-01 6.18411e-04
3.80040e+00 1.00538e+00 7.07323e-04
3.80040e+00 1.06875e+00 8.04758e-04
3.80040e+00 1.13351e+00 9.10830e-04
3.80040e+00 1.19960e+00 1.02547e-03
3.80040e+00 1.26697e+00 1.14840e-03
3.80040e+00 1.33555e+00 1.27903e-03
3.80040e+00 1.40526e+00 1.41648e-03
3.80040e+00 1.47604e+00 1.55944e-03
3.80040e+00 1.54782e+00 1.70620e-03
3.80040e+00 1.62053e+00 1.85457e-03
3.80040e+00 1.69410e+00 2.00192e-03
3.80040e+00 1.76846e+00 2.14510e-03
3.80040e+00 1.84353e+00 2.28059e-03
3.80040e+00 1.91924e+00 2.40451e-03
3.80040e+00 1.99553e+00 2.51279e-03
3.80040e+00 2.07230e+00 2.60134e-03
3.80040e+00 2.14949e+00 2.66624e-03
3.80040e+00 2.22703e+00 2.70400e-03
3.80040e+00 2.30483e+00 2.71183e-03
3.80040e+00 2.38282e+00 2.68784e-03
3.80040e+00 2.46093e+00 2.63131e-03
3.80040e+00 2.53907e+00 2.54283e-03
3.80040e+00 2.61718e+00 2.42432e-03
3.80040e+00 2.69517e+00 2.27907e-03
3.80040e+00 2.77297e+00 2.11152e-03
3.80040e+00 2.85051e+00 1.92710e-03
3.80040e+00 2.92770e+00 1.73179e-03
3.80040e+00 3.00447e+00 1.53182e-03
3.80040e+00 3.08076e+00 1.33325e-03
3.80040e+00 3.15647e+00 1.14157e-03
3.80040e+00 3.23154e+00 9.61404e-04
3.80040e+00 3.30590e+00 7.96319e-04
3.80040e+00 3.37947e+00 6.48704e-04
3.80040e+00 3.45218e+00 5.19790e-04
3.80040e+00 3.52396e+00 4.09745e-04
3.80040e+00 3.59474e+00 3.17858e-04
3.80040e+00 3.66445e+00 2.42750e-04
3.80040e+00 3.73303e+00 1.82606e-04
3.80040e+00 3.80040e+00 1.35383e-04
3.80040e+00 3.86649e+00 9.89985e-05
3.80040e+00 3.93125e+00 7.14610e-05
3.80040e+00 3.99462e+00 5.09679e-05
3.80040e+00 4.05652e+00 3.59559e-05
3.80040e+00 4.11690e+00 2.51184e-05
3.80040e+00 4.17571e+00 1.73983e-05
3.80040e+00 4.23287e+00 1.19648e-05
3.80040e+00 4.28835e+00 8.18099e-06
3.80040e+00 4.34207e+00 5.57023e-06
3.80040e+00 4.39400e+00 3.78266e-06
3.80040e+00 4.44407e+00 2.56624e-06
3.80040e+00 4.49224e+00 1.74227e-06
3.80040e+00 4.53847e+00 1.18581e-06
3.80040e+00 4.58271e+00 8.10528e-07
3.80040e+00 4.62491e+00 5.57391e-07
3.80040e+00 4.66504e+00 3.86347e-07
3.80040e+00 4.70305e+00 2.70400e-07
3.80040e+00 4.73890e+00 1.91436e-07
3.80040e+00 4.77257e+00 1.37340e-07
3.80040e+00 4.80402e+00 1.00016e-07
3.80040e+00 4.83322e+00 7.40561e-08
3.80040e+00 4.86014e+00 5.58428e-08
3.80040e+00 4.88475e+00 4.29482e-08
3.80040e+00 4.90703e+00 3.37373e-08
3.80040e+00 4.92696e+00 2.71042e-08
3.80040e+00 4.94452e+00 2.22969e-08
3.80040e+00 4.95969e+00 1.88020e-08
3.80040e+00 4.97246e+00 1.62679e-08
3.80040e+00 4.98281e+00 1.44535e-08
3.80040e+00 4.99074e+00 1.31952e-08
3.80040e+00 4.99623e+00 1.23848e-08
3.80040e+00 4.99928e+00 1.19547e-08
3.86649e+00 7.15683e-04 2.58900e-10
3.86649e+00 3.77012e-03 7.18461e-09
3.86649e+00 9.26216e-03 4.33631e-08
3.86649e+00 1.71877e-02 1.49327e-07
3.86649e+00 2.75390e-02 3.83374e-07
3.86649e+00 4.03061e-02 8.21313e-07
3.86649e+00 5.54766e-02 1.55616e-06
3.86649e+00 7.30356e-02 2.69778e-06
3.86649e+00 9.29659e-02 4.37257e-06
3.86649e+00 1.15248e-01 6.72310e-06
3.86649e+00 1.39860e-01 9.90783e-06
3.86649e+00 1.66779e-01 1.41009e-05
3.86649e+00 1.95977e-01 1.94919e-05
3.86649e+00 2.27426e-01 2.62859e-05
3.86649e+00 2.61096e-01 3.47036e-05
3.86649e+00 2.96953e-01 4.49812e-05
3.86649e+00 3.34963e-01 5.73709e-05
3.86649e+00 3.75089e-01 7.21407e-05
3.86649e+00 4.17290e-01 8.95750e-05
3.86649e+00 4.61527e-01 1.09974e-04
3.86649e+00 5.07755e-01 1.33654e-04
3.86649e+00 5.55930e-01 1.60944e-04
3.86649e+00 6.06005e-01 1.92189e-04
3.86649e+00 6.57930e-01 2.27740e-04
3.86649e+00 7.11655e-01 2.67955e-04
3.86649e+00 7.67127e-01 3.13190e-04
3.86649e+00 8.24292e-01 3.63790e-04
3.86649e+00 8.83095e-01 4.20079e-04
3.86649e+00 9.43478e-01 4.82340e-04
3.86649e+00 1.00538e+00 5.50803e-04
3.86649e+00 1.06875e+00 6.25615e-04
3.86649e+00 1.13351e+00 7.06815e-04
3.86649e+00 1.19960e+00 7.94305e-04
3.86649e+00 1.26697e+00 8.87809e-04
3.86649e+00 1.33555e+00 9.86840e-04
3.86649e+00 1.40526e+00 1.09066e-03
3.86649e+00 1.47604e+00 1.19824e-03
3.86649e+00 1.54782e+00 1.30824e-03
3.86649e+00 1.62053e+00 1.41898e-03
3.86649e+00 1.69410e+00 1.52843e-03
3.86649e+00 1.76846e+00 1.63422e-03
3.86649e+00 1.84353e+00 1.73372e-03
3.86649e+00 1.91924e+00 1.82403e-03
3.86649e+00 1.99553e+00 1.90214e-03
3.86649e+00 2.07230e+00 1.96507e-03
3.86649e+00 2.14949e+00 2.00997e-03
3.86649e+00 2.22703e+00 2.03435e-03
3.86649e+00 2.30483e+00 2.03624e-03
3.86649e+00 2.38282e+00 2.01437e-03
3.86649e+00 2.46093e+00 1.96836e-03
3.86649e+00 2.53907e+00 1.89875e-03
3.86649e+00 2.61718e+00 1.80712e-03
3.86649e+00 2.69517e+00 1.69600e-03
3.86649e+00 2.77297e+00 1.56880e-03
3.86649e+00 2.85051e+00 1.42957e-03
3.86649e+00 2.92770e+00 1.28278e-03
3.86649e+00 3.00447e+00 1.13307e-03
3.86649e+00 3.08076e+00 9.84861e-04
3.86649e+00 3.15647e+00 8.42187e-04
3.86649e+00 3.23154e+00 7.08408e-04
3.86649e+00 3.30590e+00 5.86088e-04
3.86649e+00 3.37947e+00 4.76923e-04
3.86649e+00 3.45218e+00 3.81750e-04
3.86649e+00 3.52396e+00 3.00636e-04
3.86649e+00 3.59474e+00 2.33002e-04
3.86649e+00 3.66445e+00 1.77791e-04
3.86649e+00 3.73303e+00 1.33632e-04
3.86649e+00 3.80040e+00 9.89985e-05
3.86649e+00 3.86649e+00 7.23402e-05
3.86649e+00 3.93125e+00 5.21828e-05
3.86649e+00 3.99462e+00 3.71946e-05
3.86649e+00 4.05652e+00 2.62239e-05
3.86649e+00 4.11690e+00 1.83096e-05
3.86649e+00 4.17571e+00 1.26756e-05
3.86649e+00 4.23287e+00 8.71275e-06
3.86649e+00 4.28835e+00 5.95472e-06
3.86649e+00 4.34207e+00 4.05272e-06
3.86649e+00 4.39400e+00 2.75107e-06
3.86649e+00 4.44407e+00 1.86571e-06
3.86649e+00 4.49224e+00 1.26624e-06
3.86649e+00 4.53847e+00 8.61545e-07
3.86649e+00 4.58271e+00 5.88715e-07
3.86649e+00 4.62491e+00 4.04744e-07
3.86649e+00 4.66504e+00 2.80472e-07
3.86649e+00 4.70305e+00 1.96255e-07
3.86649e+00 4.73890e+00 1.38914e-07
3.86649e+00 4.77257e+00 9.96403e-08
3.86649e+00 4.80402e+00 7.25489e-08
3.86649e+00 4.83322e+00 5.37100e-08
3.86649e+00 4.86014e+00 4.04948e-08
3.86649e+00 4.88475e+00 3.11402e-08
3.86649e+00 4.90703e+00 2.44589e-08
3.86649e+00 4.92696e+00 1.96480e-08
3.86649e+00 4.94452e+00 1.61617e-08
3.86649e+00 4.95969e+00 1.36275e-08
3.86649e+00 4.97246e+00 1.17900e-08
3.86649e+00 4.98281e+00 1.04745e-08
3.86649e+00 4.99074e+00 9.56230e-09
3.86649e+00 4.99623e+00 8.97478e-09
3.86649e+00 4.99928e+00 8.66295e-09
3.93125e+00 7.15683e-04 1.99829e-10
3.93125e+00 3.77012e-03 5.54534e-09
3.93125e+00 9.26216e-03 3.34691e-08
3.93125e+00 1.71877e-02 1.15255e-07
3.93125e+00 2.75390e-02 2.95899e-07
3.93125e+00 4.03061e-02 6.33905e-07
3.93125e+00 5.54766e-02 1.20105e-06
3.93125e+00 7.30356e-02 2.08209e-06
3.93125e+00 9.29659e-02 3.37451e-06
3.93125e+00 1.15248e-01 5.18819e-06
3.93125e+00 1.39860e-01 7.64518e-06
3.93125e+00 1.66779e-01 1.08795e-05
3.93125e+00 1.95977e-01 1.50367e-05
3.93125e+00 2.27426e-01 2.02742e-05
3.93125e+00 2.61096e-01 2.67608e-05
3.93125e+00 2.96953e-01 3.46769e-05
3.93125e+00 3.34963e-01 4.42142e-05
3.93125e+00 3.75089e-01 5.55760e-05
3.93125e+00 4.17290e-01 6.89769e-05
3.93125e+00 4.61527e-01 8.46423e-05
3.93125e+00 5.07755e-01 1.02808e-04
3.93125e+00 5.55930e-01 1.23720e-04
3.93125e+00 6.06005e-01 1.47631e-04
3.93125e+00 6.57930e-01 1.74798e-04
3.93125e+00 7.11655e-01 2.05480e-04
3.93125e+00 7.67127e-01 2.39934e-04
3.93125e+00 8.24292e-01 2.78402e-04
3.93125e+00 8.83095e-01 3.21110e-04
3.93125e+00 9.43478e-01 3.68250e-04
3.93125e+00 1.00538e+00 4.19969e-04
3.93125e+00 1.06875e+00 4.76349e-04
3.93125e+00 1.13351e+00 5.37390e-04
3.93125e+00 1.19960e+00 6.02986e-04
3.93125e+00 1.26697e+00 6.72897e-04
3.93125e+00 1.33555e+00 7.46725e-04
3.93125e+00 1.40526e+00 8.23885e-04
3.93125e+00 1.47604e+00 9.03581e-04
3.93125e+00 1.54782e+00 9.84786e-04
3.93125e+00 1.62053e+00 1.06622e-03
3.93125e+00 1.69410e+00 1.14638e-03
3.93125e+00 1.76846e+00 1.22349e-03
3.93125e+00 1.84353e+00 1.29560e-03
3.93125e+00 1.91924e+00 1.36059e-03
3.93125e+00 1.99553e+00 1.41629e-03
3.93125e+00 2.07230e+00 1.46051e-03
3.93125e+00 2.14949e+00 1.49122e-03
3.93125e+00 2.22703e+00 1.50667e-03
3.93125e+00 2.30483e+00 1.50548e-03
3.93125e+00 2.38282e+00 1.48681e-03
3.93125e+00 2.46093e+00 1.45047e-03
3.93125e+00 2.53907e+00 1.39695e-03
3.93125e+00 2.61718e+00 1.32749e-03
3.93125e+00 2.69517e+00 1.24400e-03
3.93125e+00 2.77297e+00 1.14904e-03
3.93125e+00 2.85051e+00 1.04561e-03
3.93125e+00 2.92770e+00 9.37002e-04
3.93125e+00 3.00447e+00 8.26584e-04
3.93125e+00 3.08076e+00 7.17588e-04
3.93125e+00 3.15647e+00 6.12917e-04
3.93125e+00 3.23154e+00 5.14983e-04
3.93125e+00 3.30590e+00 4.25610e-04
3.93125e+00 3.37947e+00 3.45987e-04
3.93125e+00 3.45218e+00 2.76679e-04
3.93125e+00 3.52396e+00 2.17694e-04
3.93125e+00 3.59474e+00 1.68575e-04
3.93125e+00 3.66445e+00 1.28527e-04
3.93125e+00 3.73303e+00 9.65301e-05
3.93125e+00 3.80040e+00 7.14610e-05
3.93125e+00 3.86649e+00 5.21828e-05
3.93125e+00 3.93125e+00 3.76182e-05
3.93125e+00 3.99462e+00 2.67974e-05
3.93125e+00 4.05652e+00 1.88828e-05
3.93125e+00 4.11690e+00 1.31771e-05
3.93125e+00 4.17571e+00 9.11798e-06
3.93125e+00 4.23287e+00 6.26450e-06
3.93125e+00 4.28835e+00 4.27963e-06
3.93125e+00 4.34207e+00 2.91151e-06
3.93125e+00 4.39400e+00 1.97565e-06
3.93125e+00 4.44407e+00 1.33938e-06
3.93125e+00 4.49224e+00 9.08730e-07
3.93125e+00 4.53847e+00 6.18112e-07
3.93125e+00 4.58271e+00 4.22254e-07
3.93125e+00 4.62491e+00 2.90226e-07
3.93125e+00 4.66504e+00 2.01068e-07
3.93125e+00 4.70305e+00 1.40662e-07
3.93125e+00 4.73890e+00 9.95445e-08
3.93125e+00 4.77257e+00 7.13880e-08
3.93125e+00 4.80402e+00 5.19694e-08
3.93125e+00 4.83322e+00 3.84685e-08
3.93125e+00 4.86014e+00 2.89994e-08
3.93125e+00 4.88475e+00 2.22976e-08
3.93125e+00 4.90703e+00 1.75116e-08
3.93125e+00 4.92696e+00 1.40658e-08
3.93125e+00 4.94452e+00 1.15690e-08
3.93125e+00 4.95969e+00 9.75424e-09
3.93125e+00 4.97246e+00 8.43849e-09
3.93125e+00 4.98281e+00 7.49658e-09
3.93125e+00 4.99074e+00 6.84347e-09
3.93125e+00 4.99623e+00 6.42283e-09
3.93125e+00 4.99928e+00 6.19958e-09
3.99462e+00 7.15683e-04 1.51039e-10
3.99462e+00 3.77012e-03 4.19141e-09
3.99462e+00 9.26216e-03 2.52974e-08
3.99462e+00 1.71877e-02 8.71148e-08
3.99462e+00 2.75390e-02 2.23651e-07
3.99462e+00 4.03061e-02 4.79124e-07
3.99462e+00 5.54766e-02 9.07772e-07
3.99462e+00 7.30356e-02 1.57364e-06
3.99462e+00 9.29659e-02 2.55036e-06
3.99462e+00 1.15248e-01 3.92089e-06
3.99462e+00 1.39860e-01 5.77732e-06
3.99462e+00 1.66779e-01 8.22065e-06
3.99462e+00 1.95977e-01 1.13606e-05
3.99462e+00 2.27426e-01 1.53154e-05
3.99462e+00 2.61096e-01 2.02119e-05
3.99462e+00 2.96953e-01 2.61851e-05
3.99462e+00 3.34963e-01 3.33782e-05
3.99462e+00 3.75089e-01 4.19426e-05
3.99462e+00 4.17290e-01 5.20376e-05
3.99462e+00 4.61527e-01 6.38297e-05
3.99462e+00 5.07755e-01 7.74925e-05
3.99462e+00 5.55930e-01 9.32054e-05
3.99462e+00 6.06005e-01 1.11152e-04
3.99462e+00 6.57930e-01 1.31519e-04
3.99462e+00 7.11655e-01 1.54492e-04
3.99462e+00 7.67127e-01 1.80252e-04
3.99462e+00 8.24292e-01 2.08969e-04
3.99462e+00 8.83095e-01 2.40798e-04
3.99462e+00 9.43478e-01 2.75867e-04
3.99462e+00 1.00538e+00 3.14270e-04
3.99462e+00 1.06875e+00 3.56050e-04
3.99462e+00 1.13351e+00 4.01188e-04
3.99462e+00 1.19960e+00 4.49585e-04
3.99462e+00 1.26697e+00 5.01043e-04
3.99462e+00 1.33555e+00 5.55247e-04
3.99462e+00 1.40526e+00 6.11747e-04
3.99462e+00 1.47604e+00 6.69938e-04
3.99462e+00 1.54782e+00 7.29048e-04
3.99462e+00 1.62053e+00 7.88131e-04
3.99462e+00 1.69410e+00 8.46064e-04
3.99462e+00 1.76846e+00 9.01560e-04
3.99462e+00 1.84353e+00 9.53191e-04
3.99462e+00 1.91924e+00 9.99429e-04
3.99462e+00 1.99553e+00 1.03870e-03
3.99462e+00 2.07230e+00 1.06945e-03
3.99462e+00 2.14949e+00 1.09025e-03
3.99462e+00 2.22703e+00 1.09985e-03
3.99462e+00 2.30483e+00 1.09732e-03
3.99462e+00 2.38282e+00 1.08211e-03
3.99462e+00 2.46093e+00 1.05413e-03
3.99462e+00 2.53907e+00 1.01380e-03
3.99462e+00 2.61718e+00 9.62063e-04
3.99462e+00 2.69517e+00 9.00356e-04
3.99462e+00 2.77297e+00 8.30551e-04
3.99462e+00 2.85051e+00 7.54843e-04
3.99462e+00 2.92770e+00 6.75621e-04
3.99462e+00 3.00447e+00 5.95314e-04
3.99462e+00 3.08076e+00 5.16240e-04
3.99462e+00 3.15647e+00 4.40468e-04
3.99462e+00 3.23154e+00 3.69711e-04
3.99462e+00 3.30590e+00 3.05253e-04
3.99462e+00 3.37947e+00 2.47916e-04
3.99462e+00 3.45218e+00 1.98079e-04
3.99462e+00 3.52396e+00 1.55720e-04
3.99462e+00 3.59474e+00 1.20489e-04
3.99462e+00 3.66445e+00 9.17954e-05
3.99462e+00 3.73303e+00 6.88941e-05
3.99462e+00 3.80040e+00 5.09679e-05
3.99462e+00 3.86649e+00 3.71946e-05
3.99462e+00 3.93125e+00 2.67974e-05
3.99462e+00 3.99462e+00 1.90785e-05
3.99462e+00 4.05652e+00 1.34366e-05
3.99462e+00 4.11690e+00 9.37192e-06
3.99462e+00 4.17571e+00 6.48195e-06
3.99462e+00 4.23287e+00 4.45148e-06
3.99462e+00 4.28835e+00 3.03982e-06
3.99462e+00 4.34207e+00 2.06726e-06
3.99462e+00 4.39400e+00 1.40228e-06
3.99462e+00 4.44407e+00 9.50347e-07
3.99462e+00 4.49224e+00 6.44585e-07
3.99462e+00 4.53847e+00 4.38317e-07
3.99462e+00 4.58271e+00 2.99350e-07
3.99462e+00 4.62491e+00 2.05701e-07
3.99462e+00 4.66504e+00 1.42477e-07
3.99462e+00 4.70305e+00 9.96522e-08
3.99462e+00 4.73890e+00 7.05086e-08
3.99462e+00 4.77257e+00 5.05561e-08
3.99462e+00 4.80402e+00 3.67981e-08
3.99462e+00 4.83322e+00 2.72345e-08
3.99462e+00 4.86014e+00 2.05279e-08
3.99462e+00 4.88475e+00 1.57820e-08
3.99462e+00 4.90703e+00 1.23932e-08
3.99462e+00 4.92696e+00 9.95360e-09
3.99462e+00 4.94452e+00 8.18611e-09
3.99462e+00 4.95969e+00 6.90151e-09
3.99462e+00 4.97246e+00 5.97022e-09
3.99462e+00 4.98281e+00 5.30357e-09
3.99462e+00 4.99074e+00 4.84134e-09
3.99462e+00 4.99623e+00 4.54365e-09
3.99462e+00 4.99928e+00 4.38566e-09
4.05652e+00 7.15683e-04 1.12094e-10
4.05652e+00 3.77012e-03 3.11067e-09
4.05652e+00 9.26216e-03 1.87746e-08
4.05652e+00 1.71877e-02 6.46525e-08
4.05652e+00 2.75390e-02 1.65983e-07
4.05652e+00 4.03061e-02 3.55579e-07
4.05652e+00 5.54766e-02 6.73688e-07
4.05652e+00 7.30356e-02 1.16783e-06
4.05652e+00 9.29659e-02 1.89261e-06
4.05652e+00 1.15248e-01 2.90955e-06
4.05652e+00 1.39860e-01 4.28690e-06
4.05652e+00 1.66779e-01 6.09945e-06
4.05652e+00 1.95977e-01 8.42838e-06
4.05652e+00 2.27426e-01 1.13611e-05
4.05652e+00 2.61096e-01 1.49911e-05
4.05652e+00 2.96953e-01 1.94179e-05
4.05652e+00 3.34963e-01 2.47468e-05
4.05652e+00 3.75089e-01 3.10887e-05
4.05652e+00 4.17290e-01 3.85599e-05
4.05652e+00 4.61527e-01 4.72818e-05
4.05652e+00 5.07755e-01 5.73803e-05
4.05652e+00 5.55930e-01 6.89848e-05
4.05652e+00 6.06005e-01 8.22273e-05
4.05652e+00 6.57930e-01 9.72408e-05
4.05652e+00 7.11655e-01 1.14157e-04
4.05652e+00 7.67127e-01 1.33102e-04
4.05652e+00 8.24292e-01 1.54195e-04
4.05652e+00 8.83095e-01 1.77541e-04
4.05652e+00 9.43478e-01 2.03225e-04
4.05652e+00 1.00538e+00 2.31304e-04
4.05652e+00 1.06875e+00 2.61802e-04
4.05652e+00 1.13351e+00 2.94690e-04
4.05652e+00 1.19960e+00 3.29884e-04
4.05652e+00 1.26697e+00 3.67227e-04
4.05652e+00 1.33555e+00 4.06478e-04
4.05652e+00 1.40526e+00 4.47296e-04
4.05652e+00 1.47604e+00 4.89230e-04
4.05652e+00 1.54782e+00 5.31712e-04
4.05652e+00 1.62053e+00 5.74047e-04
4.05652e+00 1.69410e+00 6.15420e-04
4.05652e+00 1.76846e+00 6.54900e-04
4.05652e+00 1.84353e+00 6.91460e-04
4.05652e+00 1.91924e+00 7.24007e-04
4.05652e+00 1.99553e+00 7.51422e-04
4.05652e+00 2.07230e+00 7.72609e-04
4.05652e+00 2.14949e+00 7.86560e-04
4.05652e+00 2.22703e+00 7.92416e-04
4.05652e+00 2.30483e+00 7.89540e-04
4.05652e+00 2.38282e+00 7.77574e-04
4.05652e+00 2.46093e+00 7.56492e-04
4.05652e+00 2.53907e+00 7.26630e-04
4.05652e+00 2.61718e+00 6.88697e-04
4.05652e+00 2.69517e+00 6.43750e-04
4.05652e+00 2.77297e+00 5.93148e-04
4.05652e+00 2.85051e+00 5.38471e-04
4.05652e+00 2.92770e+00 4.81432e-04
4.05652e+00 3.00447e+00 4.23760e-04
4.05652e+00 3.08076e+00 3.67100e-04
4.05652e+00 3.15647e+00 3.12914e-04
4.05652e+00 3.23154e+00 2.62402e-04
4.05652e+00 3.30590e+00 2.16459e-04
4.05652e+00 3.37947e+00 1.75651e-04
4.05652e+00 3.45218e+00 1.40227e-04
4.05652e+00 3.52396e+00 1.10154e-04
4.05652e+00 3.59474e+00 8.51696e-05
4.05652e+00 3.66445e+00 6.48416e-05
4.05652e+00 3.73303e+00 4.86326e-05
4.05652e+00 3.80040e+00 3.59559e-05
4.05652e+00 3.86649e+00 2.62239e-05
4.05652e+00 3.93125e+00 1.88828e-05
4.05652e+00 3.99462e+00 1.34366e-05
4.05652e+00 4.05652e+00 9.45843e-06
4.05652e+00 4.11690e+00 6.59411e-06
4.05652e+00 4.17571e+00 4.55872e-06
4.05652e+00 4.23287e+00 3.12941e-06
4.05652e+00 4.28835e+00 2.13619e-06
4.05652e+00 4.34207e+00 1.45221e-06
4.05652e+00 4.39400e+00 9.84742e-07
4.05652e+00 4.44407e+00 6.67167e-07
4.05652e+00 4.49224e+00 4.52382e-07
4.05652e+00 4.53847e+00 3.07535e-07
4.05652e+00 4.58271e+00 2.09979e-07
4.05652e+00 4.62491e+00 1.44255e-07
4.05652e+00 4.66504e+00 9.98949e-08
4.05652e+00 4.70305e+00 6.98553e-08
4.05652e+00 4.73890e+00 4.94167e-08
4.05652e+00 4.77257e+00 3.54268e-08
4.05652e+00 4.80402e+00 2.57820e-08
4.05652e+00 4.83322e+00 1.90787e-08
4.05652e+00 4.86014e+00 1.43787e-08
4.05652e+00 4.88475e+00 1.10531e-08
4.05652e+00 4.90703e+00 8.67883e-09
4.05652e+00 4.92696e+00 6.96980e-09
4.05652e+00 4.94452e+00 5.73170e-09
4.05652e+00 4.95969e+00 4.83193e-09
4.05652e+00 4.97246e+00 4.17967e-09
4.05652e+00 4.98281e+00 3.71279e-09
4.05652e+00 4.99074e+00 3.38909e-09
4.05652e+00 4.99623e+00 3.18063e-09
4.05652e+00 4.99928e+00 3.06999e-09
4.11690e+00 7.15683e-04 8.18797e-11
4.11690e+00 3.77012e-03 2.27220e-09
4.11690e+00 9.26216e-03 1.37139e-08
4.11690e+00 1.71877e-02 4.72255e-08
4.11690e+00 2.75390e-02 1.21242e-07
4.11690e+00 4.03061e-02 2.59731e-07
4.11690e+00 5.54766e-02 4.92086e-07
4.11690e+00 7.30356e-02 8.53009e-07
4.11690e+00 9.29659e-02 1.38237e-06
4.11690e+00 1.15248e-01 2.12508e-06
4.11690e+00 1.39860e-01 3.13092e-06
4.11690e+00 1.66779e-01 4.45443e-06
4.11690e+00 1.95977e-01 6.15475e-06
4.11690e+00 2.27426e-01 8.29552e-06
4.11690e+00 2.61096e-01 1.09447e-05
4.11690e+00 2.96953e-01 1.41745e-05
4.11690e+00 3.34963e-01 1.80612e-05
4.11690e+00 3.75089e-01 2.26849e-05
4.11690e+00 4.17290e-01 2.81296e-05
4.11690e+00 4.61527e-01 3.44825e-05
4.11690e+00 5.07755e-01 4.18337e-05
4.11690e+00 5.55930e-01 5.02755e-05
4.11690e+00 6.06005e-01 5.99017e-05
4.11690e+00 6.57930e-01 7.08061e-05
4.11690e+00 7.11655e-01 8.30808e-05
4.11690e+00 7.67127e-01 9.68142e-05
4.11690e+00 8.24292e-01 1.12088e-04
4.11690e+00 8.83095e-01 1.28972e-04
4.11690e+00 9.43478e-01 1.47524e-04
4.11690e+00 1.00538e+00 1.67779e-04
4.11690e+00 1.06875e+00 1.89744e-04
4.11690e+00 1.13351e+00 2.13394e-04
4.11690e+00 1.19960e+00 2.38660e-04
4.11690e+00 1.26697e+00 2.65422e-04
4.11690e+00 1.33555e+00 2.93496e-04
4.11690e+00 1.40526e+00 3.22632e-04
4.11690e+00 1.47604e+00 3.52498e-04
4.11690e+00 1.54782e+00 3.82682e-04
4.11690e+00 1.62053e+00 4.12683e-04
4.11690e+00 1.69410e+00 4.41913e-04
4.11690e+00 1.76846e+00 4.69709e-04
4.11690e+00 1.84353e+00 4.95340e-04
4.11690e+00 1.91924e+00 5.18034e-04
4.11690e+00 1.99553e+00 5.37001e-04
4.11690e+00 2.07230e+00 5.51477e-04
4.11690e+00 2.14949e+00 5.60760e-04
4.11690e+00 2.22703e+00 5.64261e-04
4.11690e+00 2.30483e+00 5.61548e-04
4.11690e+00 2.38282e+00 5.52391e-04
4.11690e+00 2.46093e+00 5.36796e-04
4.11690e+00 2.53907e+00 5.15024e-04
4.11690e+00 2.61718e+00 4.87598e-04
4.11690e+00 2.69517e+00 4.55284e-04
4.11690e+00 2.77297e+00 4.19055e-04
4.11690e+00 2.85051e+00 3.80038e-04
4.11690e+00 2.92770e+00 3.39445e-04
4.11690e+00 3.00447e+00 2.98496e-04
4.11690e+00 3.08076e+00 2.58345e-04
4.11690e+00 3.15647e+00 2.20016e-04
4.11690e+00 3.23154e+00 1.84342e-04
4.11690e+00 3.30590e+00 1.51942e-04
4.11690e+00 3.37947e+00 1.23200e-04
4.11690e+00 3.45218e+00 9.82800e-05
4.11690e+00 3.52396e+00 7.71477e-05
4.11690e+00 3.59474e+00 5.96087e-05
4.11690e+00 3.66445e+00 4.53521e-05
4.11690e+00 3.73303e+00 3.39941e-05
4.11690e+00 3.80040e+00 2.51184e-05
4.11690e+00 3.86649e+00 1.83096e-05
4.11690e+00 3.93125e+00 1.31771e-05
4.11690e+00 3.99462e+00 9.37192e-06
4.11690e+00 4.05652e+00 6.59411e-06
4.11690e+00 4.11690e+00 4.59517e-06
4.11690e+00 4.17571e+00 3.17548e-06
4.11690e+00 4.23287e+00 2.17902e-06
4.11690e+00 4.28835e+00 1.48689e-06
4.11690e+00 4.34207e+00 1.01047e-06
4.11690e+00 4.39400e+00 6.84976e-07
4.11690e+00 4.44407e+00 4.63935e-07
4.11690e+00 4.49224e+00 3.14490e-07
4.11690e+00 4.53847e+00 2.13739e-07
4.11690e+00 4.58271e+00 1.45902e-07
4.11690e+00 4.62491e+00 1.00211e-07
4.11690e+00 4.66504e+00 6.93809e-08
4.11690e+00 4.70305e+00 4.85079e-08
4.11690e+00 4.73890e+00 3.43092e-08
4.11690e+00 4.77257e+00 2.45922e-08
4.11690e+00 4.80402e+00 1.78944e-08
4.11690e+00 4.83322e+00 1.32401e-08
4.11690e+00 4.86014e+00 9.97719e-09
4.11690e+00 4.88475e+00 7.66877e-09
4.11690e+00 4.90703e+00 6.02088e-09
4.11690e+00 4.92696e+00 4.83483e-09
4.11690e+00 4.94452e+00 3.97568e-09
4.11690e+00 4.95969e+00 3.35136e-09
4.11690e+00 4.97246e+00 2.89881e-09
4.11690e+00 4.98281e+00 2.57489e-09
4.11690e+00 4.99074e+00 2.35032e-09
4.11690e+00 4.99623e+00 2.20570e-09
4.11690e+00 4.99928e+00 2.12895e-09
4.17571e+00 7.15683e-04 5.89967e-11
4.17571e+00 3.77012e-03 1.63719e-09
4.17571e+00 9.26216e-03 9.88129e-09
4.17571e+00 1.71877e-02 3.40273e-08
4.17571e+00 2.75390e-02 8.73580e-08
4.17571e+00 4.03061e-02 1.87142e-07
4.17571e+00 5.54766e-02 3.54556e-07
4.17571e+00 7.30356e-02 6.14597e-07
4.17571e+00 9.29659e-02 9.95985e-07
4.17571e+00 1.15248e-01 1.53105e-06
4.17571e+00 1.39860e-01 2.25564e-06
4.17571e+00 1.66779e-01 3.20898e-06
4.17571e+00 1.95977e-01 4.43359e-06
4.17571e+00 2.27426e-01 5.97520e-06
4.17571e+00 2.61096e-01 7.88256e-06
4.17571e+00 2.96953e-01 1.02074e-05
4.17571e+00 3.34963e-01 1.30044e-05
4.17571e+00 3.75089e-01 1.63306e-05
4.17571e+00 4.17290e-01 2.02460e-05
4.17571e+00 4.61527e-01 2.48124e-05
4.17571e+00 5.07755e-01 3.00937e-05
4.17571e+00 5.55930e-01 3.61552e-05
4.17571e+00 6.06005e-01 4.30627e-05
4.17571e+00 6.57930e-01 5.08817e-05
4.17571e+00 7.11655e-01 5.96765e-05
4.17571e+00 7.67127e-01 6.95078e-05
4.17571e+00 8.24292e-01 8.04313e-05
4.17571e+00 8.83095e-01 9.24947e-05
4.17571e+00 9.43478e-01 1.05735e-04
4.17571e+00 1.00538e+00 1.20172e-04
4.17571e+00 1.06875e+00 1.35809e-04
4.17571e+00 1.13351e+00 1.52623e-04
4.17571e+00 1.19960e+00 1.70559e-04
4.17571e+00 1.26697e+00 1.89527e-04
4.17571e+00 1.33555e+00 2.09392e-04
4.17571e+00 1.40526e+00 2.29972e-04
4.17571e+00 1.47604e+00 2.51026e-04
4.17571e+00 1.54782e+00 2.72259e-04
4.17571e+00 1.62053e+00 2.93312e-04
4.17571e+00 1.69410e+00 3.13770e-04
4.17571e+00 1.76846e+00 3.33163e-04
4.17571e+00 1.84353e+00 3.50976e-04
4.17571e+00 1.91924e+00 3.66669e-04
4.17571e+00 1.99553e+00 3.79691e-04
4.17571e+00 2.07230e+00 3.89511e-04
4.17571e+00 2.14949e+00 3.95646e-04
4.17571e+00 2.22703e+00 3.97694e-04
4.17571e+00 2.30483e+00 3.95365e-04
4.17571e+00 2.38282e+00 3.88512e-04
4.17571e+00 2.46093e+00 3.77155e-04
4.17571e+00 2.53907e+00 3.61492e-04
4.17571e+00 2.61718e+00 3.41902e-04
4.17571e+00 2.69517e+00 3.18932e-04
4.17571e+00 2.77297e+00 2.93274e-04
4.17571e+00 2.85051e+00 2.65722e-04
4.17571e+00 2.92770e+00 2.37126e-04
4.17571e+00 3.00447e+00 2.08338e-04
4.17571e+00 3.08076e+00 1.80163e-04
4.17571e+00 3.15647e+00 1.53308e-04
4.17571e+00 3.23154e+00 1.28350e-04
4.17571e+00 3.30590e+00 1.05711e-04
4.17571e+00 3.37947e+00 8.56522e-05
4.17571e+00 3.45218e+00 6.82797e-05
4.17571e+00 3.52396e+00 5.35626e-05
4.17571e+00 3.59474e+00 4.13593e-05
4.17571e+00 3.66445e+00 3.14484e-05
4.17571e+00 3.73303e+00 2.35589e-05
4.17571e+00 3.80040e+00 1.73983e-05
4.17571e+00 3.86649e+00 1.26756e-05
4.17571e+00 3.93125e+00 9.11798e-06
4.17571e+00 3.99462e+00 6.48195e-06
4.17571e+00 4.05652e+00 4.55872e-06
4.17571e+00 4.11690e+00 3.17548e-06
4.17571e+00 4.17571e+00 2.19355e-06
4.17571e+00 4.23287e+00 1.50467e-06
4.17571e+00 4.28835e+00 1.02638e-06
4.17571e+00 4.34207e+00 6.97286e-07
4.17571e+00 4.39400e+00 4.72534e-07
4.17571e+00 4.44407e+00 3.19958e-07
4.17571e+00 4.49224e+00 2.16834e-07
4.17571e+00 4.53847e+00 1.47332e-07
4.17571e+00 4.58271e+00 1.00548e-07
4.17571e+00 4.62491e+00 6.90458e-08
4.17571e+00 4.66504e+00 4.77941e-08
4.17571e+00 4.70305e+00 3.34093e-08
4.17571e+00 4.73890e+00 2.36261e-08
4.17571e+00 4.77257e+00 1.69321e-08
4.17571e+00 4.80402e+00 1.23188e-08
4.17571e+00 4.83322e+00 9.11353e-09
4.17571e+00 4.86014e+00 6.86678e-09
4.17571e+00 4.88475e+00 5.27746e-09
4.17571e+00 4.90703e+00 4.14303e-09
4.17571e+00 4.92696e+00 3.32662e-09
4.17571e+00 4.94452e+00 2.73528e-09
4.17571e+00 4.95969e+00 2.30560e-09
4.17571e+00 4.97246e+00 1.99416e-09
4.17571e+00 4.98281e+00 1.77126e-09
4.17571e+00 4.99074e+00 1.61673e-09
4.17571e+00 4.99623e+00 1.51721e-09
4.17571e+00 4.99928e+00 1.46440e-09
4.23287e+00 7.15683e-04 4.20200e-11
4.23287e+00 3.77012e-03 1.16607e-09
4.23287e+00 9.26216e-03 7.03788e-09
4.23287e+00 1.71877e-02 2.42357e-08
4.23287e+00 2.75390e-02 6.22198e-08
4.23287e+00 4.03061e-02 1.33289e-07
4.23287e+00 5.54766e-02 2.52526e-07
4.23287e+00 7.30356e-02 4.37730e-07
4.23287e+00 9.29659e-02 7.09350e-07
4.23287e+00 1.15248e-01 1.09040e-06
4.23287e+00 1.39860e-01 1.60639e-06
4.23287e+00 1.66779e-01 2.28522e-06
4.23287e+00 1.95977e-01 3.15714e-06
4.23287e+00 2.27426e-01 4.25460e-06
4.23287e+00 2.61096e-01 5.61222e-06
4.23287e+00 2.96953e-01 7.26669e-06
4.23287e+00 3.34963e-01 9.25664e-06
4.23287e+00 3.75089e-01 1.16225e-05
4.23287e+00 4.17290e-01 1.44065e-05
4.23287e+00 4.61527e-01 1.76523e-05
4.23287e+00 5.07755e-01 2.14045e-05
4.23287e+00 5.55930e-01 2.57089e-05
4.23287e+00 6.06005e-01 3.06114e-05
4.23287e+00 6.57930e-01 3.61575e-05
4.23287e+00 7.11655e-01 4.23914e-05
4.23287e+00 7.67127e-01 4.93548e-05
4.23287e+00 8.24292e-01 5.70855e-05
4.23287e+00 8.83095e-01 6.56154e-05
4.23287e+00 9.43478e-01 7.49680e-05
4.23287e+00 1.00538e+00 8.51562e-05
4.23287e+00 1.06875e+00 9.61786e-05
4.23287e+00 1.13351e+00 1.08016e-04
4.23287e+00 1.19960e+00 1.20628e-04
4.23287e+00 1.26697e+00 1.33946e-04
4.23287e+00 1.33555e+00 1.47875e-04
4.23287e+00 1.40526e+00 1.62280e-04
4.23287e+00 1.47604e+00 1.76993e-04
4.23287e+00 1.54782e+00 1.91803e-04
4.23287e+00 1.62053e+00 2.06456e-04
4.23287e+00 1.69410e+00 2.20660e-04
4.23287e+00 1.76846e+00 2.34086e-04
4.23287e+00 1.84353e+00 2.46375e-04
4.23287e+00 1.91924e+00 2.57151e-04
4.23287e+00 1.99553e+00 2.66034e-04
4.23287e+00 2.07230e+00 2.72657e-04
4.23287e+00 2.14949e+00 2.76689e-04
4.23287e+00 2.22703e+00 2.77859e-04
4.23287e+00 2.30483e+00 2.75972e-04
4.23287e+00 2.38282e+00 2.70936e-04
4.23287e+00 2.46093e+00 2.62773e-04
4.23287e+00 2.53907e+00 2.51631e-04
4.23287e+00 2.61718e+00 2.37781e-04
4.23287e+00 2.69517e+00 2.21611e-04
4.23287e+00 2.77297e+00 2.03607e-04
4.23287e+00 2.85051e+00 1.84324e-04
4.23287e+00 2.92770e+00 1.64353e-04
4.23287e+00 3.00447e+00 1.44286e-04
4.23287e+00 3.08076e+00 1.24677e-04
4.23287e+00 3.15647e+00 1.06013e-04
4.23287e+00 3.23154e+00 8.86906e-05
4.23287e+00 3.30590e+00 7.29963e-05
4.23287e+00 3.37947e+00 5.91058e-05
4.23287e+00 3.45218e+00 4.70875e-05
4.23287e+00 3.52396e+00 3.69155e-05
4.23287e+00 3.59474e+00 2.84882e-05
4.23287e+00 3.66445e+00 2.16495e-05
4.23287e+00 3.73303e+00 1.62096e-05
4.23287e+00 3.80040e+00 1.19648e-05
4.23287e+00 3.86649e+00 8.71275e-06
4.23287e+00 3.93125e+00 6.26450e-06
4.23287e+00 3.99462e+00 4.45148e-06
4.23287e+00 4.05652e+00 3.12941e-06
4.23287e+00 4.11690e+00 2.17902e-06
4.23287e+00 4.17571e+00 1.50467e-06
4.23287e+00 4.23287e+00 1.03177e-06
4.23287e+00 4.28835e+00 7.03577e-07
4.23287e+00 4.34207e+00 4.77838e-07
4.23287e+00 4.39400e+00 3.23727e-07
4.23287e+00 4.44407e+00 2.19140e-07
4.23287e+00 4.49224e+00 1.48473e-07
4.23287e+00 4.53847e+00 1.00859e-07
4.23287e+00 4.58271e+00 6.88171e-08
4.23287e+00 4.62491e+00 4.72468e-08
4.23287e+00 4.66504e+00 3.26985e-08
4.23287e+00 4.70305e+00 2.28531e-08
4.23287e+00 4.73890e+00 1.61584e-08
4.23287e+00 4.77257e+00 1.15786e-08
4.23287e+00 4.80402e+00 8.42275e-09
4.23287e+00 4.83322e+00 6.23042e-09
4.23287e+00 4.86014e+00 4.69392e-09
4.23287e+00 4.88475e+00 3.60715e-09
4.23287e+00 4.90703e+00 2.83151e-09
4.23287e+00 4.92696e+00 2.27336e-09
4.23287e+00 4.94452e+00 1.86912e-09
4.23287e+00 4.95969e+00 1.57541e-09
4.23287e+00 4.97246e+00 1.36254e-09
4.23287e+00 4.98281e+00 1.21019e-09
4.23287e+00 4.99074e+00 1.10457e-09
4.23287e+00 4.99623e+00 1.03656e-09
4.23287e+00 4.99928e+00 1.00047e-09
4.28835e+00 7.15683e-04 2.96450e-11
4.28835e+00 3.77012e-03 8.22663e-10
4.28835e+00 9.26216e-03 4.96520e-09
4.28835e+00 1.71877e-02 1.70982e-08
4.28835e+00 2.75390e-02 4.38958e-08
4.28835e+00 4.03061e-02 9.40345e-08
4.28835e+00 5.54766e-02 1.78154e-07
4.28835e+00 7.30356e-02 3.08810e-07
4.28835e+00 9.29659e-02 5.00424e-07
4.28835e+00 1.15248e-01 7.69228e-07
4.28835e+00 1.39860e-01 1.13320e-06
4.28835e+00 1.66779e-01 1.61201e-06
4.28835e+00 1.95977e-01 2.22695e-06
4.28835e+00 2.27426e-01 3.00088e-06
4.28835e+00 2.61096e-01 3.95815e-06
4.28835e+00 2.96953e-01 5.12453e-06
4.28835e+00 3.34963e-01 6.52713e-06
4.28835e+00 3.75089e-01 8.19432e-06
4.28835e+00 4.17290e-01 1.01556e-05
4.28835e+00 4.61527e-01 1.24414e-05
4.28835e+00 5.07755e-01 1.50829e-05
4.28835e+00 5.55930e-01 1.81119e-05
4.28835e+00 6.06005e-01 2.15601e-05
4.28835e+00 6.57930e-01 2.54589e-05
4.28835e+00 7.11655e-01 2.98386e-05
4.28835e+00 7.67127e-01 3.47277e-05
4.28835e+00 8.24292e-01 4.01517e-05
4.28835e+00 8.83095e-01 4.61317e-05
4.28835e+00 9.43478e-01 5.26830e-05
4.28835e+00 1.00538e+00 5.98132e-05
4.28835e+00 1.06875e+00 6.75197e-05
4.28835e+00 1.13351e+00 7.57873e-05
4.28835e+00 1.19960e+00 8.45856e-05
4.28835e+00 1.26697e+00 9.38660e-05
4.28835e+00 1.33555e+00 1.03558e-04
4.28835e+00 1.40526e+00 1.13569e-04
4.28835e+00 1.47604e+00 1.23777e-04
4.28835e+00 1.54782e+00 1.34035e-04
4.28835e+00 1.62053e+00 1.44165e-04
4.28835e+00 1.69410e+00 1.53963e-04
4.28835e+00 1.76846e+00 1.63200e-04
4.28835e+00 1.84353e+00 1.71629e-04
4.28835e+00 1.91924e+00 1.78988e-04
4.28835e+00 1.99553e+00 1.85016e-04
4.28835e+00 2.07230e+00 1.89462e-04
4.28835e+00 2.14949e+00 1.92102e-04
4.28835e+00 2.22703e+00 1.92752e-04
4.28835e+00 2.30483e+00 1.91282e-04
4.28835e+00 2.38282e+00 1.87634e-04
4.28835e+00 2.46093e+00 1.81830e-04
4.28835e+00 2.53907e+00 1.73977e-04
4.28835e+00 2.61718e+00 1.64268e-04
4.28835e+00 2.69517e+00 1.52976e-04
4.28835e+00 2.77297e+00 1.40438e-04
4.28835e+00 2.85051e+00 1.27041e-04
4.28835e+00 2.92770e+00 1.13192e-04
4.28835e+00 3.00447e+00 9.92988e-05
4.28835e+00 3.08076e+00 8.57432e-05
4.28835e+00 3.15647e+00 7.28582e-05
4.28835e+00 3.23154e+00 6.09129e-05
4.28835e+00 3.30590e+00 5.01021e-05
4.28835e+00 3.37947e+00 4.05432e-05
4.28835e+00 3.45218e+00 3.22802e-05
4.28835e+00 3.52396e+00 2.52926e-05
4.28835e+00 3.59474e+00 1.95081e-05
4.28835e+00 3.66445e+00 1.48174e-05
4.28835e+00 3.73303e+00 1.10887e-05
4.28835e+00 3.80040e+00 8.18099e-06
4.28835e+00 3.86649e+00 5.95472e-06
4.28835e+00 3.93125e+00 4.27963e-06
4.28835e+00 3.99462e+00 3.03982e-06
4.28835e+00 4.05652e+00 2.13619e-06
4.28835e+00 4.11690e+00 1.48689e-06
4.28835e+00 4.17571e+00 1.02638e-06
4.28835e+00 4.23287e+00 7.03577e-07
4.28835e+00 4.28835e+00 4.79630e-07
4.28835e+00 4.34207e+00 3.25650e-07
4.28835e+00 4.39400e+00 2.20562e-07
4.28835e+00 4.44407e+00 1.49267e-07
4.28835e+00 4.49224e+00 1.01108e-07
4.28835e+00 4.53847e+00 6.86687e-08
4.28835e+00 4.58271e+00 4.68436e-08
4.28835e+00 4.62491e+00 3.21545e-08
4.28835e+00 4.66504e+00 2.22495e-08
4.28835e+00 4.70305e+00 1.55477e-08
4.28835e+00 4.73890e+00 1.09914e-08
4.28835e+00 4.77257e+00 7.87494e-09
4.28835e+00 4.80402e+00 5.72784e-09
4.28835e+00 4.83322e+00 4.23646e-09
4.28835e+00 4.86014e+00 3.19135e-09
4.28835e+00 4.88475e+00 2.45223e-09
4.28835e+00 4.90703e+00 1.92476e-09
4.28835e+00 4.92696e+00 1.54524e-09
4.28835e+00 4.94452e+00 1.27039e-09
4.28835e+00 4.95969e+00 1.07070e-09
4.28835e+00 4.97246e+00 9.25981e-10
4.28835e+00 4.98281e+00 8.22413e-10
4.28835e+00 4.99074e+00 7.50618e-10
4.28835e+00 4.99623e+00 7.04386e-10
4.28835e+00 4.99928e+00 6.79852e-10
4.34207e+00 7.15683e-04 2.07583e-11
4.34207e+00 3.77012e-03 5.76052e-10
4.34207e+00 9.26216e-03 3.47678e-09
4.34207e+00 1.71877e-02 1.19726e-08
4.34207e+00 2.75390e-02 3.07370e-08
4.34207e+00 4.03061e-02 6.58453e-08
4.34207e+00 5.54766e-02 1.24747e-07
4.34207e+00 7.30356e-02 2.16233e-07
4.34207e+00 9.29659e-02 3.50399e-07
4.34207e+00 1.15248e-01 5.38607e-07
4.34207e+00 1.39860e-01 7.93437e-07
4.34207e+00 1.66779e-01 1.12865e-06
4.34207e+00 1.95977e-01 1.55913e-06
4.34207e+00 2.27426e-01 2.10086e-06
4.34207e+00 2.61096e-01 2.77085e-06
4.34207e+00 2.96953e-01 3.58706e-06
4.34207e+00 3.34963e-01 4.56842e-06
4.34207e+00 3.75089e-01 5.73466e-06
4.34207e+00 4.17290e-01 7.10627e-06
4.34207e+00 4.61527e-01 8.70440e-06
4.34207e+00 5.07755e-01 1.05506e-05
4.34207e+00 5.55930e-01 1.26669e-05
4.34207e+00 6.06005e-01 1.50751e-05
4.34207e+00 6.57930e-01 1.77967e-05
4.34207e+00 7.11655e-01 2.08524e-05
4.34207e+00 7.67127e-01 2.42616e-05
4.34207e+00 8.24292e-01 2.80414e-05
4.34207e+00 8.83095e-01 3.22059e-05
4.34207e+00 9.43478e-01 3.67649e-05
4.34207e+00 1.00538e+00 4.17227e-05
4.34207e+00 1.06875e+00 4.70766e-05
4.34207e+00 1.13351e+00 5.28151e-05
4.34207e+00 1.19960e+00 5.89158e-05
4.34207e+00 1.26697e+00 6.53439e-05
4.34207e+00 1.33555e+00 7.20495e-05
4.34207e+00 1.40526e+00 7.89665e-05
4.34207e+00 1.47604e+00 8.60104e-05
4.34207e+00 1.54782e+00 9.30775e-05
4.34207e+00 1.62053e+00 1.00045e-04
4.34207e+00 1.69410e+00 1.06771e-04
4.34207e+00 1.76846e+00 1.13097e-04
4.34207e+00 1.84353e+00 1.18851e-04
4.34207e+00 1.91924e+00 1.23856e-04
4.34207e+00 1.99553e+00 1.27933e-04
4.34207e+00 2.07230e+00 1.30909e-04
4.34207e+00 2.14949e+00 1.32633e-04
4.34207e+00 2.22703e+00 1.32981e-04
4.34207e+00 2.30483e+00 1.31867e-04
4.34207e+00 2.38282e+00 1.29255e-04
4.34207e+00 2.46093e+00 1.25163e-04
4.34207e+00 2.53907e+00 1.19669e-04
4.34207e+00 2.61718e+00 1.12908e-04
4.34207e+00 2.69517e+00 1.05070e-04
4.34207e+00 2.77297e+00 9.63909e-05
4.34207e+00 2.85051e+00 8.71348e-05
4.34207e+00 2.92770e+00 7.75834e-05
4.34207e+00 3.00447e+00 6.80160e-05
4.34207e+00 3.08076e+00 5.86931e-05
4.34207e+00 3.15647e+00 4.98418e-05
4.34207e+00 3.23154e+00 4.16448e-05
4.34207e+00 3.30590e+00 3.42336e-05
4.34207e+00 3.37947e+00 2.76866e-05
4.34207e+00 3.45218e+00 2.20318e-05
4.34207e+00 3.52396e+00 1.72536e-05
4.34207e+00 3.59474e+00 1.33009e-05
4.34207e+00 3.66445e+00 1.00979e-05
4.34207e+00 3.73303e+00 7.55333e-06
4.34207e+00 3.80040e+00 5.57023e-06
4.34207e+00 3.86649e+00 4.05272e-06
4.34207e+00 3.93125e+00 2.91151e-06
4.34207e+00 3.99462e+00 2.06726e-06
4.34207e+00 4.05652e+00 1.45221e-06
4.34207e+00 4.11690e+00 1.01047e-06
4.34207e+00 4.17571e+00 6.97286e-07
4.34207e+00 4.23287e+00 4.77838e-07
4.34207e+00 4.28835e+00 3.25650e-07
4.34207e+00 4.34207e+00 2.21043e-07
4.34207e+00 4.39400e+00 1.49674e-07
4.34207e+00 4.44407e+00 1.01269e-07
4.34207e+00 4.49224e+00 6.85807e-08
4.34207e+00 4.53847e+00 4.65674e-08
4.34207e+00 4.58271e+00 3.17606e-08
4.34207e+00 4.62491e+00 2.17972e-08
4.34207e+00 4.66504e+00 1.50801e-08
4.34207e+00 4.70305e+00 1.05362e-08
4.34207e+00 4.73890e+00 7.44745e-09
4.34207e+00 4.77257e+00 5.33511e-09
4.34207e+00 4.80402e+00 3.88001e-09
4.34207e+00 4.83322e+00 2.86944e-09
4.34207e+00 4.86014e+00 2.16135e-09
4.34207e+00 4.88475e+00 1.66062e-09
4.34207e+00 4.90703e+00 1.30332e-09
4.34207e+00 4.92696e+00 1.04626e-09
4.34207e+00 4.94452e+00 8.60107e-10
4.34207e+00 4.95969e+00 7.24871e-10
4.34207e+00 4.97246e+00 6.26867e-10
4.34207e+00 4.98281e+00 5.56734e-10
4.34207e+00 4.99074e+00 5.08118e-10
4.34207e+00 4.99623e+00 4.76813e-10
4.34207e+00 4.99928e+00 4.60201e-10
4.39400e+00 7.15683e-04 1.44560e-11
4.39400e+00 3.77012e-03 4.01160e-10
4.39400e+00 9.26216e-03 2.42121e-09
4.39400e+00 1.71877e-02 8.33768e-09
4.39400e+00 2.75390e-02 2.14051e-08
4.39400e+00 4.03061e-02 4.58541e-08
4.39400e+00 5.54766e-02 8.68722e-08
4.39400e+00 7.30356e-02 1.50581e-07
4.39400e+00 9.29659e-02 2.44009e-07
4.39400e+00 1.15248e-01 3.75066e-07
4.39400e+00 1.39860e-01 5.52508e-07
4.39400e+00 1.66779e-01 7.85909e-07
4.39400e+00 1.95977e-01 1.08563e-06
4.39400e+00 2.27426e-01 1.46277e-06
4.39400e+00 2.61096e-01 1.92914e-06
4.39400e+00 2.96953e-01 2.49724e-06
4.39400e+00 3.34963e-01 3.18017e-06
4.39400e+00 3.75089e-01 3.99162e-06
4.39400e+00 4.17290e-01 4.94576e-06
4.39400e+00 4.61527e-01 6.05720e-06
4.39400e+00 5.07755e-01 7.34083e-06
4.39400e+00 5.55930e-01 8.81172e-06
4.39400e+00 6.06005e-01 1.04849e-05
4.39400e+00 6.57930e-01 1.23751e-05
4.39400e+00 7.11655e-01 1.44963e-05
4.39400e+00 7.67127e-01 1.68618e-05
4.39400e+00 8.24292e-01 1.94830e-05
4.39400e+00 8.83095e-01 2.23692e-05
4.39400e+00 9.43478e-01 2.55268e-05
4.39400e+00 1.00538e+00 2.89583e-05
4.39400e+00 1.06875e+00 3.26610e-05
4.39400e+00 1.13351e+00 3.66264e-05
4.39400e+00 1.19960e+00 4.08385e-05
4.39400e+00 1.26697e+00 4.52722e-05
4.39400e+00 1.33555e+00 4.98927e-05
4.39400e+00 1.40526e+00 5.46534e-05
4.39400e+00 1.47604e+00 5.94954e-05
4.39400e+00 1.54782e+00 6.43468e-05
4.39400e+00 1.62053e+00 6.91223e-05
4.39400e+00 1.69410e+00 7.37240e-05
4.39400e+00 1.76846e+00 7.80428e-05
4.39400e+00 1.84353e+00 8.19613e-05
4.39400e+00 1.91924e+00 8.53569e-05
4.39400e+00 1.99553e+00 8.81076e-05
4.39400e+00 2.07230e+00 9.00971e-05
4.39400e+00 2.14949e+00 9.12219e-05
4.39400e+00 2.22703e+00 9.13989e-05
4.39400e+00 2.30483e+00 9.05717e-05
4.39400e+00 2.38282e+00 8.87174e-05
4.39400e+00 2.46093e+00 8.58509e-05
4.39400e+00 2.53907e+00 8.20273e-05
4.39400e+00 2.61718e+00 7.73418e-05
4.39400e+00 2.69517e+00 7.19262e-05
4.39400e+00 2.77297e+00 6.59421e-05
4.39400e+00 2.85051e+00 5.95723e-05
4.39400e+00 2.92770e+00 5.30094e-05
4.39400e+00 3.00447e+00 4.64443e-05
4.39400e+00 3.08076e+00 4.00545e-05
4.39400e+00 3.15647e+00 3.39946e-05
4.39400e+00 3.23154e+00 2.83880e-05
4.39400e+00 3.30590e+00 2.33234e-05
4.39400e+00 3.37947e+00 1.88531e-05
4.39400e+00 3.45218e+00 1.49950e-05
4.39400e+00 3.52396e+00 1.17372e-05
4.39400e+00 3.59474e+00 9.04408e-06
4.39400e+00 3.66445e+00 6.86306e-06
4.39400e+00 3.73303e+00 5.13145e-06
4.39400e+00 3.80040e+00 3.78266e-06
4.39400e+00 3.86649e+00 2.75107e-06
4.39400e+00 3.93125e+00 1.97565e-06
4.39400e+00 3.99462e+00 1.40228e-06
4.39400e+00 4.05652e+00 9.84742e-07
4.39400e+00 4.11690e+00 6.84976e-07
4.39400e+00 4.17571e+00 4.72534e-07
4.39400e+00 4.23287e+00 3.23727e-07
4.39400e+00 4.28835e+00 2.20562e-07
4.39400e+00 4.34207e+00 1.49674e-07
4.39400e+00 4.39400e+00 1.01324e-07
4.39400e+00 4.44407e+00 6.85400e-08
4.39400e+00 4.49224e+00 4.64064e-08
4.39400e+00 4.53847e+00 3.15045e-08
4.39400e+00 4.58271e+00 2.14832e-08
4.39400e+00 4.62491e+00 1.47413e-08
4.39400e+00 4.66504e+00 1.01969e-08
4.39400e+00 4.70305e+00 7.12332e-09
4.39400e+00 4.73890e+00 5.03441e-09
4.39400e+00 4.77257e+00 3.60603e-09
4.39400e+00 4.80402e+00 2.62222e-09
4.39400e+00 4.83322e+00 1.93904e-09
4.39400e+00 4.86014e+00 1.46040e-09
4.39400e+00 4.88475e+00 1.12197e-09
4.39400e+00 4.90703e+00 8.80498e-10
4.39400e+00 4.92696e+00 7.06781e-10
4.39400e+00 4.94452e+00 5.80995e-10
4.39400e+00 4.95969e+00 4.89619e-10
4.39400e+00 4.97246e+00 4.23404e-10
4.39400e+00 4.98281e+00 3.76021e-10
4.39400e+00 4.99074e+00 3.43176e-10
4.39400e+00 4.99623e+00 3.22028e-10
4.39400e+00 4.99928e+00 3.10805e-10
4.44407e+00 7.15683e-04 1.00320e-11
4.44407e+00 3.77012e-03 2.78393e-10
4.44407e+00 9.26216e-03 1.68024e-09
4.44407e+00 1.71877e-02 5.78608e-09
4.44407e+00 2.75390e-02 1.48544e-08
4.44407e+00 4.03061e-02 3.18211e-08
4.44407e+00 5.54766e-02 6.02860e-08
4.44407e+00 7.30356e-02 1.04497e-07
4.44407e+00 9.29659e-02 1.69330e-07
4.44407e+00 1.15248e-01 2.60273e-07
4.44407e+00 1.39860e-01 3.83400e-07
4.44407e+00 1.66779e-01 5.45349e-07
4.44407e+00 1.95977e-01 7.53301e-07
4.44407e+00 2.27426e-01 1.01495e-06
4.44407e+00 2.61096e-01 1.33848e-06
4.44407e+00 2.96953e-01 1.73254e-06
4.44407e+00 3.34963e-01 2.20618e-06
4.44407e+00 3.75089e-01 2.76886e-06
4.44407e+00 4.17290e-01 3.43037e-06
4.44407e+00 4.61527e-01 4.20077e-06
4.44407e+00 5.07755e-01 5.09030e-06
4.44407e+00 5.55930e-01 6.10931e-06
4.44407e+00 6.06005e-01 7.26809e-06
4.44407e+00 6.57930e-01 8.57670e-06
4.44407e+00 7.11655e-01 1.00447e-05
4.44407e+00 7.67127e-01 1.16810e-05
4.44407e+00 8.24292e-01 1.34933e-05
4.44407e+00 8.83095e-01 1.54878e-05
4.44407e+00 9.43478e-01 1.76686e-05
4.44407e+00 1.00538e+00 2.00370e-05
4.44407e+00 1.06875e+00 2.25910e-05
4.44407e+00 1.13351e+00 2.53241e-05
4.44407e+00 1.19960e+00 2.82250e-05
4.44407e+00 1.26697e+00 3.12759e-05
4.44407e+00 1.33555e+00 3.44524e-05
4.44407e+00 1.40526e+00 3.77220e-05
4.44407e+00 1.47604e+00 4.10437e-05
4.44407e+00 1.54782e+00 4.43678e-05
4.44407e+00 1.62053e+00 4.76353e-05
4.44407e+00 1.69410e+00 5.07787e-05
4.44407e+00 1.76846e+00 5.37232e-05
4.44407e+00 1.84353e+00 5.63882e-05
4.44407e+00 1.91924e+00 5.86900e-05
4.44407e+00 1.99553e+00 6.05453e-05
4.44407e+00 2.07230e+00 6.18752e-05
4.44407e+00 2.14949e+00 6.26097e-05
4.44407e+00 2.22703e+00 6.26928e-05
4.44407e+00 2.30483e+00 6.20874e-05
4.44407e+00 2.38282e+00 6.07791e-05
4.44407e+00 2.46093e+00 5.87794e-05
4.44407e+00 2.53907e+00 5.61275e-05
4.44407e+00 2.61718e+00 5.28896e-05
4.44407e+00 2.69517e+00 4.91570e-05
4.44407e+00 2.77297e+00 4.50409e-05
4.44407e+00 2.85051e+00 4.06666e-05
4.44407e+00 2.92770e+00 3.61661e-05
4.44407e+00 3.00447e+00 3.16695e-05
4.44407e+00 3.08076e+00 2.72977e-05
4.44407e+00 3.15647e+00 2.31556e-05
4.44407e+00 3.23154e+00 1.93268e-05
4.44407e+00 3.30590e+00 1.58709e-05
4.44407e+00 3.37947e+00 1.28228e-05
4.44407e+00 3.45218e+00 1.01940e-05
4.44407e+00 3.52396e+00 7.97570e-06
4.44407e+00 3.59474e+00 6.14302e-06
4.44407e+00 3.66445e+00 4.65967e-06
4.44407e+00 3.73303e+00 3.48262e-06
4.44407e+00 3.80040e+00 2.56624e-06
4.44407e+00 3.86649e+00 1.86571e-06
4.44407e+00 3.93125e+00 1.33938e-06
4.44407e+00 3.99462e+00 9.50347e-07
4.44407e+00 4.05652e+00 6.67167e-07
4.44407e+00 4.11690e+00 4.63935e-07
4.44407e+00 4.17571e+00 3.19958e-07
4.44407e+00 4.23287e+00 2.19140e-07
4.44407e+00 4.28835e+00 1.49267e-07
4.44407e+00 4.34207e+00 1.01269e-07
4.44407e+00 4.39400e+00 6.85400e-08
4.44407e+00 4.44407e+00 4.63535e-08
4.44407e+00 4.49224e+00 3.13783e-08
4.44407e+00 4.53847e+00 2.12982e-08
4.44407e+00 4.58271e+00 1.45209e-08
4.44407e+00 4.62491e+00 9.96232e-09
4.44407e+00 4.66504e+00 6.89016e-09
4.44407e+00 4.70305e+00 4.81261e-09
4.44407e+00 4.73890e+00 3.40087e-09
4.44407e+00 4.77257e+00 2.43567e-09
4.44407e+00 4.80402e+00 1.77096e-09
4.44407e+00 4.83322e+00 1.30943e-09
4.44407e+00 4.86014e+00 9.86121e-10
4.44407e+00 4.88475e+00 7.57536e-10
4.44407e+00 4.90703e+00 5.94455e-10
4.44407e+00 4.92696e+00 4.77141e-10
4.44407e+00 4.94452e+00 3.92202e-10
4.44407e+00 4.95969e+00 3.30503e-10
4.44407e+00 4.97246e+00 2.85794e-10
4.44407e+00 4.98281e+00 2.53803e-10
4.44407e+00 4.99074e+00 2.31628e-10
4.44407e+00 4.99623e+00 2.17350e-10
4.44407e+00 4.99928e+00 2.09773e-10
4.49224e+00 7.15683e-04 6.95152e-12
4.49224e+00 3.77012e-03 1.92908e-10
4.49224e+00 9.26216e-03 1.16430e-09
4.49224e+00 1.71877e-02 4.00937e-09
4.49224e+00 2.75390e-02 1.02931e-08
4.49224e+00 4.03061e-02 2.20499e-08
4.49224e+00 5.54766e-02 4.17739e-08
4.49224e+00 7.30356e-02 7.24082e-08
4.49224e+00 9.29659e-02 1.17332e-07
4.49224e+00 1.15248e-01 1.80346e-07
4.49224e+00 1.39860e-01 2.65657e-07
4.49224e+00 1.66779e-01 3.77863e-07
4.49224e+00 1.95977e-01 5.21934e-07
4.49224e+00 2.27426e-01 7.03196e-07
4.49224e+00 2.61096e-01 9.27309e-07
4.49224e+00 2.96953e-01 1.20025e-06
4.49224e+00 3.34963e-01 1.52827e-06
4.49224e+00 3.75089e-01 1.91791e-06
4.49224e+00 4.17290e-01 2.37591e-06
4.49224e+00 4.61527e-01 2.90919e-06
4.49224e+00 5.07755e-01 3.52481e-06
4.49224e+00 5.55930e-01 4.22985e-06
4.49224e+00 6.06005e-01 5.03138e-06
4.49224e+00 6.57930e-01 5.93626e-06
4.49224e+00 7.11655e-01 6.95101e-06
4.49224e+00 7.67127e-01 8.08165e-06
4.49224e+00 8.24292e-01 9.33337e-06
4.49224e+00 8.83095e-01 1.07103e-05
4.49224e+00 9.43478e-01 1.22150e-05
4.49224e+00 1.00538e+00 1.38483e-05
4.49224e+00 1.06875e+00 1.56085e-05
4.49224e+00 1.13351e+00 1.74910e-05
4.49224e+00 1.19960e+00 1.94876e-05
4.49224e+00 1.26697e+00 2.15858e-05
4.49224e+00 1.33555e+00 2.37686e-05
4.49224e+00 1.40526e+00 2.60134e-05
4.49224e+00 1.47604e+00 2.82917e-05
4.49224e+00 1.54782e+00 3.05690e-05
4.49224e+00 1.62053e+00 3.28048e-05
4.49224e+00 1.69410e+00 3.49525e-05
4.49224e+00 1.76846e+00 3.69607e-05
4.49224e+00 1.84353e+00 3.87743e-05
4.49224e+00 1.91924e+00 4.03359e-05
4.49224e+00 1.99553e+00 4.15888e-05
4.49224e+00 2.07230e+00 4.24793e-05
4.49224e+00 2.14949e+00 4.29601e-05
4.49224e+00 2.22703e+00 4.29935e-05
4.49224e+00 2.30483e+00 4.25548e-05
4.49224e+00 2.38282e+00 4.16350e-05
4.49224e+00 2.46093e+00 4.02430e-05
4.49224e+00 2.53907e+00 3.84063e-05
4.49224e+00 2.61718e+00 3.61710e-05
4.49224e+00 2.69517e+00 3.36001e-05
4.49224e+00 2.77297e+00 3.07703e-05
4.49224e+00 2.85051e+00 2.77674e-05
4.49224e+00 2.92770e+00 2.46817e-05
4.49224e+00 3.00447e+00 2.16020e-05
4.49224e+00 3.08076e+00 1.86108e-05
4.49224e+00 3.15647e+00 1.57792e-05
4.49224e+00 3.23154e+00 1.31639e-05
4.49224e+00 3.30590e+00 1.08051e-05
4.49224e+00 3.37947e+00 8.72607e-06
4.49224e+00 3.45218e+00 6.93417e-06
4.49224e+00 3.52396e+00 5.42300e-06
4.49224e+00 3.59474e+00 4.17523e-06
4.49224e+00 3.66445e+00 3.16583e-06
4.49224e+00 3.73303e+00 2.36525e-06
4.49224e+00 3.80040e+00 1.74227e-06
4.49224e+00 3.86649e+00 1.26624e-06
4.49224e+00 3.93125e+00 9.08730e-07
4.49224e+00 3.99462e+00 6.44585e-07
4.49224e+00 4.05652e+00 4.52382e-07
4.49224e+00 4.11690e+00 3.14490e-07
4.49224e+00 4.17571e+00 2.16834e-07
4.49224e+00 4.23287e+00 1.48473e-07
4.49224e+00 4.28835e+00 1.01108e-07
4.49224e+00 4.34207e+00 6.85807e-08
4.49224e+00 4.39400e+00 4.64064e-08
4.49224e+00 4.44407e+00 3.13783e-08
4.49224e+00 4.49224e+00 2.12371e-08
4.49224e+00 4.53847e+00 1.44123e-08
4.49224e+00 4.58271e+00 9.82453e-09
4.49224e+00 4.62491e+00 6.73927e-09
4.49224e+00 4.66504e+00 4.66035e-09
4.49224e+00 4.70305e+00 3.25471e-09
4.49224e+00 4.73890e+00 2.29969e-09
4.49224e+00 4.77257e+00 1.64683e-09
4.49224e+00 4.80402e+00 1.19728e-09
4.49224e+00 4.83322e+00 8.85171e-10
4.49224e+00 4.86014e+00 6.66555e-10
4.49224e+00 4.88475e+00 5.12006e-10
4.49224e+00 4.90703e+00 4.01754e-10
4.49224e+00 4.92696e+00 3.22450e-10
4.49224e+00 4.94452e+00 2.65034e-10
4.49224e+00 4.95969e+00 2.23330e-10
4.49224e+00 4.97246e+00 1.93112e-10
4.49224e+00 4.98281e+00 1.71490e-10
4.49224e+00 4.99074e+00 1.56503e-10
4.49224e+00 4.99623e+00 1.46853e-10
4.49224e+00 4.99928e+00 1.41733e-10
4.53847e+00 7.15683e-04 4.81939e-12
4.53847e+00 3.77012e-03 1.33740e-10
4.53847e+00 9.26216e-03 8.07191e-10
4.53847e+00 1.71877e-02 2.77964e-09
4.53847e+00 2.75390e-02 7.13605e-09
4.53847e+00 4.03061e-02 1.52868e-08
4.53847e+00 5.54766e-02 2.89610e-08
4.53847e+00 7.30356e-02 5.01989e-08
4.53847e+00 9.29659e-02 8.13428e-08
4.53847e+00 1.15248e-01 1.25027e-07
4.53847e+00 1.39860e-01 1.84167e-07
4.53847e+00 1.66779e-01 2.61949e-07
4.53847e+00 1.95977e-01 3.61816e-07
4.53847e+00 2.27426e-01 4.87455e-07
4.53847e+00 2.61096e-01 6.42784e-07
4.53847e+00 2.96953e-01 8.31938e-07
4.53847e+00 3.34963e-01 1.05924e-06
4.53847e+00 3.75089e-01 1.32921e-06
4.53847e+00 4.17290e-01 1.64650e-06
4.53847e+00 4.61527e-01 2.01588e-06
4.53847e+00 5.07755e-01 2.44220e-06
4.53847e+00 5.55930e-01 2.93035e-06
4.53847e+00 6.06005e-01 3.48516e-06
4.53847e+00 6.57930e-01 4.11134e-06
4.53847e+00 7.11655e-01 4.81333e-06
4.53847e+00 7.67127e-01 5.59522e-06
4.53847e+00 8.24292e-01 6.46051e-06
4.53847e+00 8.83095e-01 7.41195e-06
4.53847e+00 9.43478e-01 8.45124e-06
4.53847e+00 1.00538e+00 9.57878e-06
4.53847e+00 1.06875e+00 1.07933e-05
4.53847e+00 1.13351e+00 1.20914e-05
4.53847e+00 1.19960e+00 1.34673e-05
4.53847e+00 1.26697e+00 1.49123e-05
4.53847e+00 1.33555e+00 1.64144e-05
4.53847e+00 1.40526e+00 1.79579e-05
4.53847e+00 1.47604e+00 1.95230e-05
4.53847e+00 1.54782e+00 2.10859e-05
4.53847e+00 1.62053e+00 2.26185e-05
4.53847e+00 1.69410e+00 2.40888e-05
4.53847e+00 1.76846e+00 2.54614e-05
4.53847e+00 1.84353e+00 2.66985e-05
4.53847e+00 1.91924e+00 2.77607e-05
4.53847e+00 1.99553e+00 2.86092e-05
4.53847e+00 2.07230e+00 2.92076e-05
4.53847e+00 2.14949e+00 2.95236e-05
4.53847e+00 2.22703e+00 2.95319e-05
4.53847e+00 2.30483e+00 2.92160e-05
4.53847e+00 2.38282e+00 2.85703e-05
4.53847e+00 2.46093e+00 2.76012e-05
4.53847e+00 2.53907e+00 2.63284e-05
4.53847e+00 2.61718e+00 2.47838e-05
4.53847e+00 2.69517e+00 2.30110e-05
4.53847e+00 2.77297e+00 2.10627e-05
4.53847e+00 2.85051e+00 1.89981e-05
4.53847e+00 2.92770e+00 1.68790e-05
4.53847e+00 3.00447e+00 1.47661e-05
4.53847e+00 3.08076e+00 1.27157e-05
4.53847e+00 3.15647e+00 1.07763e-05
4.53847e+00 3.23154e+00 8.98632e-06
4.53847e+00 3.30590e+00 7.37299e-06
4.53847e+00 3.37947e+00 5.95191e-06
4.53847e+00 3.45218e+00 4.72783e-06
4.53847e+00 3.52396e+00 3.69608e-06
4.53847e+00 3.59474e+00 2.84461e-06
4.53847e+00 3.66445e+00 2.15613e-06
4.53847e+00 3.73303e+00 1.61034e-06
4.53847e+00 3.80040e+00 1.18581e-06
4.53847e+00 3.86649e+00 8.61545e-07
4.53847e+00 3.93125e+00 6.18112e-07
4.53847e+00 3.99462e+00 4.38317e-07
4.53847e+00 4.05652e+00 3.07535e-07
4.53847e+00 4.11690e+00 2.13739e-07
4.53847e+00 4.17571e+00 1.47332e-07
4.53847e+00 4.23287e+00 1.00859e-07
4.53847e+00 4.28835e+00 6.86687e-08
4.53847e+00 4.34207e+00 4.65674e-08
4.53847e+00 4.39400e+00 3.15045e-08
4.53847e+00 4.44407e+00 2.12982e-08
4.53847e+00 4.49224e+00 1.44123e-08
4.53847e+00 4.53847e+00 9.77909e-09
4.53847e+00 4.58271e+00 6.66516e-09
4.53847e+00 4.62491e+00 4.57139e-09
4.53847e+00 4.66504e+00 3.16080e-09
4.53847e+00 4.70305e+00 2.20717e-09
4.53847e+00 4.73890e+00 1.55934e-09
4.53847e+00 4.77257e+00 1.11654e-09
4.53847e+00 4.80402e+00 8.11669e-10
4.53847e+00 4.83322e+00 6.00030e-10
4.53847e+00 4.86014e+00 4.51800e-10
4.53847e+00 4.88475e+00 3.47019e-10
4.53847e+00 4.90703e+00 2.72277e-10
4.53847e+00 4.92696e+00 2.18518e-10
4.53847e+00 4.94452e+00 1.79599e-10
4.53847e+00 4.95969e+00 1.51332e-10
4.53847e+00 4.97246e+00 1.30851e-10
4.53847e+00 4.98281e+00 1.16197e-10
4.53847e+00 4.99074e+00 1.06040e-10
4.53847e+00 4.99623e+00 9.94999e-11
4.53847e+00 4.99928e+00 9.60297e-11
4.58271e+00 7.15683e-04 3.34957e-12
4.58271e+00 3.77012e-03 9.29521e-11
4.58271e+00 9.26216e-03 5.61014e-10
4.58271e+00 1.71877e-02 1.93190e-09
4.58271e+00 2.75390e-02 4.95969e-09
4.58271e+00 4.03061e-02 1.06246e-08
4.58271e+00 5.54766e-02 2.01284e-08
4.58271e+00 7.30356e-02 3.48889e-08
4.58271e+00 9.29659e-02 5.65338e-08
4.58271e+00 1.15248e-01 8.68938e-08
4.58271e+00 1.39860e-01 1.27995e-07
4.58271e+00 1.66779e-01 1.82049e-07
4.58271e+00 1.95977e-01 2.51449e-07
4.58271e+00 2.27426e-01 3.38754e-07
4.58271e+00 2.61096e-01 4.46684e-07
4.58271e+00 2.96953e-01 5.78105e-07
4.58271e+00 3.34963e-01 7.36021e-07
4.58271e+00 3.75089e-01 9.23554e-07
4.58271e+00 4.17290e-01 1.14393e-06
4.58271e+00 4.61527e-01 1.40045e-06
4.58271e+00 5.07755e-01 1.69646e-06
4.58271e+00 5.55930e-01 2.03534e-06
4.58271e+00 6.06005e-01 2.42040e-06
4.58271e+00 6.57930e-01 2.85489e-06
4.58271e+00 7.11655e-01 3.34185e-06
4.58271e+00 7.67127e-01 3.88407e-06
4.58271e+00 8.24292e-01 4.48392e-06
4.58271e+00 8.83095e-01 5.14325e-06
4.58271e+00 9.43478e-01 5.86317e-06
4.58271e+00 1.00538e+00 6.64387e-06
4.58271e+00 1.06875e+00 7.48437e-06
4.58271e+00 1.13351e+00 8.38227e-06
4.58271e+00 1.19960e+00 9.33346e-06
4.58271e+00 1.26697e+00 1.03318e-05
4.58271e+00 1.33555e+00 1.13689e-05
4.58271e+00 1.40526e+00 1.24338e-05
4.58271e+00 1.47604e+00 1.35127e-05
4.58271e+00 1.54782e+00 1.45892e-05
4.58271e+00 1.62053e+00 1.56436e-05
4.58271e+00 1.69410e+00 1.66540e-05
4.58271e+00 1.76846e+00 1.75959e-05
4.58271e+00 1.84353e+00 1.84432e-05
4.58271e+00 1.91924e+00 1.91688e-05
4.58271e+00 1.99553e+00 1.97462e-05
4.58271e+00 2.07230e+00 2.01504e-05
4.58271e+00 2.14949e+00 2.03594e-05
4.58271e+00 2.22703e+00 2.03560e-05
4.58271e+00 2.30483e+00 2.01292e-05
4.58271e+00 2.38282e+00 1.96753e-05
4.58271e+00 2.46093e+00 1.89994e-05
4.58271e+00 2.53907e+00 1.81150e-05
4.58271e+00 2.61718e+00 1.70446e-05
4.58271e+00 2.69517e+00 1.58184e-05
4.58271e+00 2.77297e+00 1.44727e-05
4.58271e+00 2.85051e+00 1.30484e-05
4.58271e+00 2.92770e+00 1.15879e-05
4.58271e+00 3.00447e+00 1.01331e-05
4.58271e+00 3.08076e+00 8.72241e-06
4.58271e+00 3.15647e+00 7.38907e-06
4.58271e+00 3.23154e+00 6.15930e-06
4.58271e+00 3.30590e+00 5.05157e-06
4.58271e+00 3.37947e+00 4.07640e-06
4.58271e+00 3.45218e+00 3.23686e-06
4.58271e+00 3.52396e+00 2.52960e-06
4.58271e+00 3.59474e+00 1.94619e-06
4.58271e+00 3.66445e+00 1.47468e-06
4.58271e+00 3.73303e+00 1.10104e-06
4.58271e+00 3.80040e+00 8.10528e-07
4.58271e+00 3.86649e+00 5.88715e-07
4.58271e+00 3.93125e+00 4.22254e-07
4.58271e+00 3.99462e+00 2.99350e-07
4.58271e+00 4.05652e+00 2.09979e-07
4.58271e+00 4.11690e+00 1.45902e-07
4.58271e+00 4.17571e+00 1.00548e-07
4.58271e+00 4.23287e+00 6.88171e-08
4.58271e+00 4.28835e+00 4.68436e-08
4.58271e+00 4.34207e+00 3.17606e-08
4.58271e+00 4.39400e+00 2.14832e-08
4.58271e+00 4.44407e+00 1.45209e-08
4.58271e+00 4.49224e+00 9.82453e-09
4.58271e+00 4.53847e+00 6.66516e-09
4.58271e+00 4.58271e+00 4.54213e-09
4.58271e+00 4.62491e+00 3.11486e-09
4.58271e+00 4.66504e+00 2.15344e-09
4.58271e+00 4.70305e+00 1.50356e-09
4.58271e+00 4.73890e+00 1.06213e-09
4.58271e+00 4.77257e+00 7.60447e-10
4.58271e+00 4.80402e+00 5.52755e-10
4.58271e+00 4.83322e+00 4.08592e-10
4.58271e+00 4.86014e+00 3.07631e-10
4.58271e+00 4.88475e+00 2.36270e-10
4.58271e+00 4.90703e+00 1.85369e-10
4.58271e+00 4.92696e+00 1.48761e-10
4.58271e+00 4.94452e+00 1.22261e-10
4.58271e+00 4.95969e+00 1.03014e-10
4.58271e+00 4.97246e+00 8.90690e-11
4.58271e+00 4.98281e+00 7.90918e-11
4.58271e+00 4.99074e+00 7.21767e-11
4.58271e+00 4.99623e+00 6.77244e-11
4.58271e+00 4.99928e+00 6.53619e-11
4.62491e+00 7.15683e-04 2.33848e-12
4.62491e+00 3.77012e-03 6.48938e-11
4.62491e+00 9.26216e-03 3.91668e-10
4.62491e+00 1.71877e-02 1.34874e-09
4.62491e+00 2.75390e-02 3.46257e-09
4.62491e+00 4.03061e-02 7.41746e-09
4.62491e+00 5.54766e-02 1.40524e-08
4.62491e+00 7.30356e-02 2.43572e-08
4.62491e+00 9.29659e-02 3.94681e-08
4.62491e+00 1.15248e-01 6.06628e-08
4.62491e+00 1.39860e-01 8.93553e-08
4.62491e+00 1.66779e-01 1.27090e-07
4.62491e+00 1.95977e-01 1.75534e-07
4.62491e+00 2.27426e-01 2.36475e-07
4.62491e+00 2.61096e-01 3.11809e-07
4.62491e+00 2.96953e-01 4.03533e-07
4.62491e+00 3.34963e-01 5.13740e-07
4.62491e+00 3.75089e-01 6.44603e-07
4.62491e+00 4.17290e-01 7.98365e-07
4.62491e+00 4.61527e-01 9.77322e-07
4.62491e+00 5.07755e-01 1.18380e-06
4.62491e+00 5.55930e-01 1.42014e-06
4.62491e+00 6.06005e-01 1.68863e-06
4.62491e+00 6.57930e-01 1.99152e-06
4.62491e+00 7.11655e-01 2.33091e-06
4.62491e+00 7.67127e-01 2.70871e-06
4.62491e+00 8.24292e-01 3.12653e-06
4.62491e+00 8.83095e-01 3.58564e-06
4.62491e+00 9.43478e-01 4.08675e-06
4.62491e+00 1.00538e+00 4.62995e-06
4.62491e+00 1.06875e+00 5.21452e-06
4.62491e+00 1.13351e+00 5.83871e-06
4.62491e+00 1.19960e+00 6.49962e-06
4.62491e+00 1.26697e+00 7.19290e-06
4.62491e+00 1.33555e+00 7.91267e-06
4.62491e+00 1.40526e+00 8.65123e-06
4.62491e+00 1.47604e+00 9.39900e-06
4.62491e+00 1.54782e+00 1.01444e-05
4.62491e+00 1.62053e+00 1.08740e-05
4.62491e+00 1.69410e+00 1.15722e-05
4.62491e+00 1.76846e+00 1.22223e-05
4.62491e+00 1.84353e+00 1.28060e-05
4.62491e+00 1.91924e+00 1.33048e-05
4.62491e+00 1.99553e+00 1.37002e-05
4.62491e+00 2.07230e+00 1.39751e-05
4.62491e+00 2.14949e+00 1.41144e-05
4.62491e+00 2.22703e+00 1.41064e-05
4.62491e+00 2.30483e+00 1.39435e-05
4.62491e+00 2.38282e+00 1.36235e-05
4.62491e+00 2.46093e+00 1.31501e-05
4.62491e+00 2.53907e+00 1.25329e-05
4.62491e+00 2.61718e+00 1.17875e-05
4.62491e+00 2.69517e+00 1.09350e-05
4.62491e+00 2.77297e+00 1.00008e-05
4.62491e+00 2.85051e+00 9.01297e-06
4.62491e+00 2.92770e+00 8.00105e-06
4.62491e+00 3.00447e+00 6.99385e-06
4.62491e+00 3.08076e+00 6.01793e-06
4.62491e+00 3.15647e+00 5.09611e-06
4.62491e+00 3.23154e+00 4.24643e-06
4.62491e+00 3.30590e+00 3.48149e-06
4.62491e+00 3.37947e+00 2.80845e-06
4.62491e+00 3.45218e+00 2.22931e-06
4.62491e+00 3.52396e+00 1.74164e-06
4.62491e+00 3.59474e+00 1.33954e-06
4.62491e+00 3.66445e+00 1.01470e-06
4.62491e+00 3.73303e+00 7.57383e-07
4.62491e+00 3.80040e+00 5.57391e-07
4.62491e+00 3.86649e+00 4.04744e-07
4.62491e+00 3.93125e+00 2.90226e-07
4.62491e+00 3.99462e+00 2.05701e-07
4.62491e+00 4.05652e+00 1.44255e-07
4.62491e+00 4.11690e+00 1.00211e-07
4.62491e+00 4.17571e+00 6.90458e-08
4.62491e+00 4.23287e+00 4.72468e-08
4.62491e+00 4.28835e+00 3.21545e-08
4.62491e+00 4.34207e+00 2.17972e-08
4.62491e+00 4.39400e+00 1.47413e-08
4.62491e+00 4.44407e+00 9.96232e-09
4.62491e+00 4.49224e+00 6.73927e-09
4.62491e+00 4.53847e+00 4.57139e-09
4.62491e+00 4.58271e+00 3.11486e-09
4.62491e+00 4.62491e+00 2.13582e-09
4.62491e+00 4.66504e+00 1.47641e-09
4.62491e+00 4.70305e+00 1.03073e-09
4.62491e+00 4.73890e+00 7.28049e-10
4.62491e+00 4.77257e+00 5.21206e-10
4.62491e+00 4.80402e+00 3.78823e-10
4.62491e+00 4.83322e+00 2.80001e-10
4.62491e+00 4.86014e+00 2.10799e-10
4.62491e+00 4.88475e+00 1.61889e-10
4.62491e+00 4.90703e+00 1.27005e-10
4.62491e+00 4.92696e+00 1.01918e-10
4.62491e+00 4.94452e+00 8.37586e-11
4.62491e+00 4.95969e+00 7.05701e-11
4.62491e+00 4.97246e+00 6.10152e-11
4.62491e+00 4.98281e+00 5.41791e-11
4.62491e+00 4.99074e+00 4.94412e-11
4.62491e+00 4.99623e+00 4.63907e-11
4.62491e+00 4.99928e+00 4.47721e-11
4.66504e+00 7.15683e-04 1.64316e-12
4.66504e+00 3.77012e-03 4.55983e-11
4.66504e+00 9.26216e-03 2.75209e-10
4.66504e+00 1.71877e-02 9.47707e-10
4.66504e+00 2.75390e-02 2.43301e-09
4.66504e+00 4.03061e-02 5.21194e-09
4.66504e+00 5.54766e-02 9.87400e-09
4.66504e+00 7.30356e-02 1.71147e-08
4.66504e+00 9.29659e-02 2.77322e-08
4.66504e+00 1.15248e-01 4.26244e-08
4.66504e+00 1.39860e-01 6.27843e-08
4.66504e+00 1.66779e-01 8.92967e-08
4.66504e+00 1.95977e-01 1.23333e-07
4.66504e+00 2.27426e-01 1.66147e-07
4.66504e+00 2.61096e-01 2.19071e-07
4.66504e+00 2.96953e-01 2.83505e-07
4.66504e+00 3.34963e-01 3.60917e-07
4.66504e+00 3.75089e-01 4.52830e-07
4.66504e+00 4.17290e-01 5.60816e-07
4.66504e+00 4.61527e-01 6.86482e-07
4.66504e+00 5.07755e-01 8.31454e-07
4.66504e+00 5.55930e-01 9.97364e-07
4.66504e+00 6.06005e-01 1.18582e-06
4.66504e+00 6.57930e-01 1.39837e-06
4.66504e+00 7.11655e-01 1.63648e-06
4.66504e+00 7.67127e-01 1.90147e-06
4.66504e+00 8.24292e-01 2.19446e-06
4.66504e+00 8.83095e-01 2.51630e-06
4.66504e+00 9.43478e-01 2.86748e-06
4.66504e+00 1.00538e+00 3.24802e-06
4.66504e+00 1.06875e+00 3.65738e-06
4.66504e+00 1.13351e+00 4.09431e-06
4.66504e+00 1.19960e+00 4.55672e-06
4.66504e+00 1.26697e+00 5.04156e-06
4.66504e+00 1.33555e+00 5.54463e-06
4.66504e+00 1.40526e+00 6.06054e-06
4.66504e+00 1.47604e+00 6.58254e-06
4.66504e+00 1.54782e+00 7.10251e-06
4.66504e+00 1.62053e+00 7.61097e-06
4.66504e+00 1.69410e+00 8.09715e-06
4.66504e+00 1.76846e+00 8.54921e-06
4.66504e+00 1.84353e+00 8.95452e-06
4.66504e+00 1.91924e+00 9.30011e-06
4.66504e+00 1.99553e+00 9.57319e-06
4.66504e+00 2.07230e+00 9.76179e-06
4.66504e+00 2.14949e+00 9.85552e-06
4.66504e+00 2.22703e+00 9.84629e-06
4.66504e+00 2.30483e+00 9.72901e-06
4.66504e+00 2.38282e+00 9.50225e-06
4.66504e+00 2.46093e+00 9.16864e-06
4.66504e+00 2.53907e+00 8.73504e-06
4.66504e+00 2.61718e+00 8.21250e-06
4.66504e+00 2.69517e+00 7.61576e-06
4.66504e+00 2.77297e+00 6.96254e-06
4.66504e+00 2.85051e+00 6.27257e-06
4.66504e+00 2.92770e+00 5.56633e-06
4.66504e+00 3.00447e+00 4.86391e-06
4.66504e+00 3.08076e+00 4.18376e-06
4.66504e+00 3.15647e+00 3.54170e-06
4.66504e+00 3.23154e+00 2.95021e-06
4.66504e+00 3.30590e+00 2.41799e-06
4.66504e+00 3.37947e+00 1.94993e-06
4.66504e+00 3.45218e+00 1.54736e-06
4.66504e+00 3.52396e+00 1.20851e-06
4.66504e+00 3.59474e+00 9.29227e-07
4.66504e+00 3.66445e+00 7.03690e-07
4.66504e+00 3.73303e+00 5.25104e-07
4.66504e+00 3.80040e+00 3.86347e-07
4.66504e+00 3.86649e+00 2.80472e-07
4.66504e+00 3.93125e+00 2.01068e-07
4.66504e+00 3.99462e+00 1.42477e-07
4.66504e+00 4.05652e+00 9.98949e-08
4.66504e+00 4.11690e+00 6.93809e-08
4.66504e+00 4.17571e+00 4.77941e-08
4.66504e+00 4.23287e+00 3.26985e-08
4.66504e+00 4.28835e+00 2.22495e-08
4.66504e+00 4.34207e+00 1.50801e-08
4.66504e+00 4.39400e+00 1.01969e-08
4.66504e+00 4.44407e+00 6.89016e-09
4.66504e+00 4.49224e+00 4.66035e-09
4.66504e+00 4.53847e+00 3.16080e-09
4.66504e+00 4.58271e+00 2.15344e-09
4.66504e+00 4.62491e+00 1.47641e-09
4.66504e+00 4.66504e+00 1.02047e-09
4.66504e+00 4.70305e+00 7.12355e-10
4.66504e+00 4.73890e+00 5.03117e-10
4.66504e+00 4.77257e+00 3.60147e-10
4.66504e+00 4.80402e+00 2.61741e-10
4.66504e+00 4.83322e+00 1.93447e-10
4.66504e+00 4.86014e+00 1.45627e-10
4.66504e+00 4.88475e+00 1.11832e-10
4.66504e+00 4.90703e+00 8.77295e-11
4.66504e+00 4.92696e+00 7.03971e-11
4.66504e+00 4.94452e+00 5.78514e-11
4.66504e+00 4.95969e+00 4.87405e-11
4.66504e+00 4.97246e+00 4.21399e-11
4.66504e+00 4.98281e+00 3.74177e-11
4.66504e+00 4.99074e+00 3.41449e-11
4.66504e+00 4.99623e+00 3.20378e-11
4.66504e+00 4.99928e+00 3.09198e-11
4.70305e+00 7.15683e-04 1.16431e-12
4.70305e+00 3.77012e-03 3.23101e-11
4.70305e+00 9.26216e-03 1.95008e-10
4.70305e+00 1.71877e-02 6.71527e-10
4.70305e+00 2.75390e-02 1.72398e-09
4.70305e+00 4.03061e-02 3.69307e-09
4.70305e+00 5.54766e-02 6.99649e-09
4.70305e+00 7.30356e-02 1.21270e-08
4.70305e+00 9.29659e-02 1.96503e-08
4.70305e+00 1.15248e-01 3.02022e-08
4.70305e+00 1.39860e-01 4.44864e-08
4.70305e+00 1.66779e-01 6.32712e-08
4.70305e+00 1.95977e-01 8.73864e-08
4.70305e+00 2.27426e-01 1.17720e-07
4.70305e+00 2.61096e-01 1.55213e-07
4.70305e+00 2.96953e-01 2.00859e-07
4.70305e+00 3.34963e-01 2.55696e-07
4.70305e+00 3.75089e-01 3.20799e-07
4.70305e+00 4.17290e-01 3.97281e-07
4.70305e+00 4.61527e-01 4.86274e-07
4.70305e+00 5.07755e-01 5.88928e-07
4.70305e+00 5.55930e-01 7.06390e-07
4.70305e+00 6.06005e-01 8.39793e-07
4.70305e+00 6.57930e-01 9.90227e-07
4.70305e+00 7.11655e-01 1.15872e-06
4.70305e+00 7.67127e-01 1.34619e-06
4.70305e+00 8.24292e-01 1.55342e-06
4.70305e+00 8.83095e-01 1.78100e-06
4.70305e+00 9.43478e-01 2.02925e-06
4.70305e+00 1.00538e+00 2.29817e-06
4.70305e+00 1.06875e+00 2.58735e-06
4.70305e+00 1.13351e+00 2.89590e-06
4.70305e+00 1.19960e+00 3.22231e-06
4.70305e+00 1.26697e+00 3.56439e-06
4.70305e+00 1.33555e+00 3.91918e-06
4.70305e+00 1.40526e+00 4.28281e-06
4.70305e+00 1.47604e+00 4.65053e-06
4.70305e+00 1.54782e+00 5.01656e-06
4.70305e+00 1.62053e+00 5.37422e-06
4.70305e+00 1.69410e+00 5.71590e-06
4.70305e+00 1.76846e+00 6.03326e-06
4.70305e+00 1.84353e+00 6.31739e-06
4.70305e+00 1.91924e+00 6.55918e-06
4.70305e+00 1.99553e+00 6.74964e-06
4.70305e+00 2.07230e+00 6.88041e-06
4.70305e+00 2.14949e+00 6.94421e-06
4.70305e+00 2.22703e+00 6.93541e-06
4.70305e+00 2.30483e+00 6.85053e-06
4.70305e+00 2.38282e+00 6.68861e-06
4.70305e+00 2.46093e+00 6.45161e-06
4.70305e+00 2.53907e+00 6.14444e-06
4.70305e+00 2.61718e+00 5.77493e-06
4.70305e+00 2.69517e+00 5.35352e-06
4.70305e+00 2.77297e+00 4.89271e-06
4.70305e+00 2.85051e+00 4.40640e-06
4.70305e+00 2.92770e+00 3.90901e-06
4.70305e+00 3.00447e+00 3.41464e-06
4.70305e+00 3.08076e+00 2.93623e-06
4.70305e+00 3.15647e+00 2.48485e-06
4.70305e+00 3.23154e+00 2.06924e-06
4.70305e+00 3.30590e+00 1.69544e-06
4.70305e+00 3.37947e+00 1.36686e-06
4.70305e+00 3.45218e+00 1.08436e-06
4.70305e+00 3.52396e+00 8.46667e-07
4.70305e+00 3.59474e+00 6.50836e-07
4.70305e+00 3.66445e+00 4.92743e-07
4.70305e+00 3.73303e+00 3.67601e-07
4.70305e+00 3.80040e+00 2.70400e-07
4.70305e+00 3.86649e+00 1.96255e-07
4.70305e+00 3.93125e+00 1.40662e-07
4.70305e+00 3.99462e+00 9.96522e-08
4.70305e+00 4.05652e+00 6.98553e-08
4.70305e+00 4.11690e+00 4.85079e-08
4.70305e+00 4.17571e+00 3.34093e-08
4.70305e+00 4.23287e+00 2.28531e-08
4.70305e+00 4.28835e+00 1.55477e-08
4.70305e+00 4.34207e+00 1.05362e-08
4.70305e+00 4.39400e+00 7.12332e-09
4.70305e+00 4.44407e+00 4.81261e-09
4.70305e+00 4.49224e+00 3.25471e-09
4.70305e+00 4.53847e+00 2.20717e-09
4.70305e+00 4.58271e+00 1.50356e-09
4.70305e+00 4.62491e+00 1.03073e-09
4.70305e+00 4.66504e+00 7.12355e-10
4.70305e+00 4.70305e+00 4.97223e-10
4.70305e+00 4.73890e+00 3.51144e-10
4.70305e+00 4.77257e+00 2.51340e-10
4.70305e+00 4.80402e+00 1.82650e-10
4.70305e+00 4.83322e+00 1.34983e-10
4.70305e+00 4.86014e+00 1.01609e-10
4.70305e+00 4.88475e+00 7.80245e-11
4.70305e+00 4.90703e+00 6.12054e-11
4.70305e+00 4.92696e+00 4.91111e-11
4.70305e+00 4.94452e+00 4.03572e-11
4.70305e+00 4.95969e+00 3.40003e-11
4.70305e+00 4.97246e+00 2.93951e-11
4.70305e+00 4.98281e+00 2.61005e-11
4.70305e+00 4.99074e+00 2.38171e-11
4.70305e+00 4.99623e+00 2.23471e-11
4.70305e+00 4.99928e+00 2.15671e-11
4.73890e+00 7.15683e-04 8.33545e-13
4.73890e+00 3.77012e-03 2.31312e-11
4.73890e+00 9.26216e-03 1.39609e-10
4.73890e+00 1.71877e-02 4.80755e-10
4.73890e+00 2.75390e-02 1.23422e-09
4.73890e+00 4.03061e-02 2.64391e-09
4.73890e+00 5.54766e-02 5.00886e-09
4.73890e+00 7.30356e-02 8.68184e-09
4.73890e+00 9.29659e-02 1.40677e-08
4.73890e+00 1.15248e-01 2.16218e-08
4.73890e+00 1.39860e-01 3.18476e-08
4.73890e+00 1.66779e-01 4.52951e-08
4.73890e+00 1.95977e-01 6.25579e-08
4.73890e+00 2.27426e-01 8.42714e-08
4.73890e+00 2.61096e-01 1.11109e-07
4.73890e+00 2.96953e-01 1.43781e-07
4.73890e+00 3.34963e-01 1.83029e-07
4.73890e+00 3.75089e-01 2.29622e-07
4.73890e+00 4.17290e-01 2.84353e-07
4.73890e+00 4.61527e-01 3.48032e-07
4.73890e+00 5.07755e-01 4.21478e-07
4.73890e+00 5.55930e-01 5.05509e-07
4.73890e+00 6.06005e-01 6.00930e-07
4.73890e+00 6.57930e-01 7.08516e-07
4.73890e+00 7.11655e-01 8.28996e-07
4.73890e+00 7.67127e-01 9.63021e-07
4.73890e+00 8.24292e-01 1.11114e-06
4.73890e+00 8.83095e-01 1.27376e-06
4.73890e+00 9.43478e-01 1.45111e-06
4.73890e+00 1.00538e+00 1.64317e-06
4.73890e+00 1.06875e+00 1.84965e-06
4.73890e+00 1.13351e+00 2.06987e-06
4.73890e+00 1.19960e+00 2.30275e-06
4.73890e+00 1.26697e+00 2.54672e-06
4.73890e+00 1.33555e+00 2.79964e-06
4.73890e+00 1.40526e+00 3.05875e-06
4.73890e+00 1.47604e+00 3.32061e-06
4.73890e+00 1.54782e+00 3.58113e-06
4.73890e+00 1.62053e+00 3.83551e-06
4.73890e+00 1.69410e+00 4.07833e-06
4.73890e+00 1.76846e+00 4.30363e-06
4.73890e+00 1.84353e+00 4.50509e-06
4.73890e+00 1.91924e+00 4.67622e-06
4.73890e+00 1.99553e+00 4.81064e-06
4.73890e+00 2.07230e+00 4.90242e-06
4.73890e+00 2.14949e+00 4.94643e-06
4.73890e+00 2.22703e+00 4.93869e-06
4.73890e+00 2.30483e+00 4.87677e-06
4.73890e+00 2.38282e+00 4.76007e-06
4.73890e+00 2.46093e+00 4.59000e-06
4.73890e+00 2.53907e+00 4.37013e-06
4.73890e+00 2.61718e+00 4.10608e-06
4.73890e+00 2.69517e+00 3.80529e-06
4.73890e+00 2.77297e+00 3.47671e-06
4.73890e+00 2.85051e+00 3.13021e-06
4.73890e+00 2.92770e+00 2.77605e-06
4.73890e+00 3.00447e+00 2.42426e-06
4.73890e+00 3.08076e+00 2.08400e-06
4.73890e+00 3.15647e+00 1.76314e-06
4.73890e+00 3.23154e+00 1.46784e-06
4.73890e+00 3.30590e+00 1.20236e-06
4.73890e+00 3.37947e+00 9.69081e-07
4.73890e+00 3.45218e+00 7.68594e-07
4.73890e+00 3.52396e+00 5.99970e-07
4.73890e+00 3.59474e+00 4.61088e-07
4.73890e+00 3.66445e+00 3.49004e-07
4.73890e+00 3.73303e+00 2.60309e-07
4.73890e+00 3.80040e+00 1.91436e-07
4.73890e+00 3.86649e+00 1.38914e-07
4.73890e+00 3.93125e+00 9.95445e-08
4.73890e+00 3.99462e+00 7.05086e-08
4.73890e+00 4.05652e+00 4.94167e-08
4.73890e+00 4.11690e+00 3.43092e-08
4.73890e+00 4.17571e+00 2.36261e-08
4.73890e+00 4.23287e+00 1.61584e-08
4.73890e+00 4.28835e+00 1.09914e-08
4.73890e+00 4.34207e+00 7.44745e-09
4.73890e+00 4.39400e+00 5.03441e-09
4.73890e+00 4.44407e+00 3.40087e-09
4.73890e+00 4.49224e+00 2.29969e-09
4.73890e+00 4.53847e+00 1.55934e-09
4.73890e+00 4.58271e+00 1.06213e-09
4.73890e+00 4.62491e+00 7.28049e-10
4.73890e+00 4.66504e+00 5.03117e-10
4.73890e+00 4.70305e+00 3.51144e-10
4.73890e+00 4.73890e+00 2.47962e-10
4.73890e+00 4.77257e+00 1.77471e-10
4.73890e+00 4.80402e+00 1.28960e-10
4.73890e+00 4.83322e+00 9.52989e-11
4.73890e+00 4.86014e+00 7.17323e-11
4.73890e+00 4.88475e+00 5.50795e-11
4.73890e+00 4.90703e+00 4.32045e-11
4.73890e+00 4.92696e+00 3.46657e-11
4.73890e+00 4.94452e+00 2.84857e-11
4.73890e+00 4.95969e+00 2.39979e-11
4.73890e+00 4.97246e+00 2.07470e-11
4.73890e+00 4.98281e+00 1.84212e-11
4.73890e+00 4.99074e+00 1.68094e-11
4.73890e+00 4.99623e+00 1.57718e-11
4.73890e+00 4.99928e+00 1.52212e-11
4.77257e+00 7.15683e-04 6.04045e-13
4.77257e+00 3.77012e-03 1.67625e-11
4.77257e+00 9.26216e-03 1.01170e-10
4.77257e+00 1.71877e-02 3.48389e-10
4.77257e+00 2.75390e-02 8.94401e-10
4.77257e+00 4.03061e-02 1.91596e-09
4.77257e+00 5.54766e-02 3.62976e-09
4.77257e+00 7.30356e-02 6.29143e-09
4.77257e+00 9.29659e-02 1.01944e-08
4.77257e+00 1.15248e-01 1.56684e-08
4.77257e+00 1.39860e-01 2.30785e-08
4.77257e+00 1.66779e-01 3.28229e-08
4.77257e+00 1.95977e-01 4.53318e-08
4.77257e+00 2.27426e-01 6.10652e-08
4.77257e+00 2.61096e-01 8.05111e-08
4.77257e+00 2.96953e-01 1.04183e-07
4.77257e+00 3.34963e-01 1.32618e-07
4.77257e+00 3.75089e-01 1.66373e-07
4.77257e+00 4.17290e-01 2.06020e-07
4.77257e+00 4.61527e-01 2.52145e-07
4.77257e+00 5.07755e-01 3.05340e-07
4.77257e+00 5.55930e-01 3.66195e-07
4.77257e+00 6.06005e-01 4.35289e-07
4.77257e+00 6.57930e-01 5.13182e-07
4.77257e+00 7.11655e-01 6.00395e-07
4.77257e+00 7.67127e-01 6.97397e-07
4.77257e+00 8.24292e-01 8.04580e-07
4.77257e+00 8.83095e-01 9.22233e-07
4.77257e+00 9.43478e-01 1.05051e-06
4.77257e+00 1.00538e+00 1.18939e-06
4.77257e+00 1.06875e+00 1.33866e-06
4.77257e+00 1.13351e+00 1.49781e-06
4.77257e+00 1.19960e+00 1.66606e-06
4.77257e+00 1.26697e+00 1.84226e-06
4.77257e+00 1.33555e+00 2.02485e-06
4.77257e+00 1.40526e+00 2.21182e-06
4.77257e+00 1.47604e+00 2.40069e-06
4.77257e+00 1.54782e+00 2.58849e-06
4.77257e+00 1.62053e+00 2.77175e-06
4.77257e+00 1.69410e+00 2.94655e-06
4.77257e+00 1.76846e+00 3.10860e-06
4.77257e+00 1.84353e+00 3.25333e-06
4.77257e+00 1.91924e+00 3.37607e-06
4.77257e+00 1.99553e+00 3.47223e-06
4.77257e+00 2.07230e+00 3.53755e-06
4.77257e+00 2.14949e+00 3.56836e-06
4.77257e+00 2.22703e+00 3.56183e-06
4.77257e+00 2.30483e+00 3.51622e-06
4.77257e+00 2.38282e+00 3.43113e-06
4.77257e+00 2.46093e+00 3.30764e-06
4.77257e+00 2.53907e+00 3.14833e-06
4.77257e+00 2.61718e+00 2.95728e-06
4.77257e+00 2.69517e+00 2.73990e-06
4.77257e+00 2.77297e+00 2.50263e-06
4.77257e+00 2.85051e+00 2.25260e-06
4.77257e+00 2.92770e+00 1.99720e-06
4.77257e+00 3.00447e+00 1.74365e-06
4.77257e+00 3.08076e+00 1.49853e-06
4.77257e+00 3.15647e+00 1.26749e-06
4.77257e+00 3.23154e+00 1.05493e-06
4.77257e+00 3.30590e+00 8.63922e-07
4.77257e+00 3.37947e+00 6.96140e-07
4.77257e+00 3.45218e+00 5.51991e-07
4.77257e+00 3.52396e+00 4.30790e-07
4.77257e+00 3.59474e+00 3.30997e-07
4.77257e+00 3.66445e+00 2.50483e-07
4.77257e+00 3.73303e+00 1.86787e-07
4.77257e+00 3.80040e+00 1.37340e-07
4.77257e+00 3.86649e+00 9.96403e-08
4.77257e+00 3.93125e+00 7.13880e-08
4.77257e+00 3.99462e+00 5.05561e-08
4.77257e+00 4.05652e+00 3.54268e-08
4.77257e+00 4.11690e+00 2.45922e-08
4.77257e+00 4.17571e+00 1.69321e-08
4.77257e+00 4.23287e+00 1.15786e-08
4.77257e+00 4.28835e+00 7.87494e-09
4.77257e+00 4.34207e+00 5.33511e-09
4.77257e+00 4.39400e+00 3.60603e-09
4.77257e+00 4.44407e+00 2.43567e-09
4.77257e+00 4.49224e+00 1.64683e-09
4.77257e+00 4.53847e+00 1.11654e-09
4.77257e+00 4.58271e+00 7.60447e-10
4.77257e+00 4.62491e+00 5.21206e-10
4.77257e+00 4.66504e+00 3.60147e-10
4.77257e+00 4.70305e+00 2.51340e-10
4.77257e+00 4.73890e+00 1.77471e-10
4.77257e+00 4.77257e+00 1.27010e-10
4.77257e+00 4.80402e+00 9.22866e-11
4.77257e+00 4.83322e+00 6.81939e-11
4.77257e+00 4.86014e+00 5.13274e-11
4.77257e+00 4.88475e+00 3.94097e-11
4.77257e+00 4.90703e+00 3.09117e-11
4.77257e+00 4.92696e+00 2.48015e-11
4.77257e+00 4.94452e+00 2.03793e-11
4.77257e+00 4.95969e+00 1.71682e-11
4.77257e+00 4.97246e+00 1.48421e-11
4.77257e+00 4.98281e+00 1.31780e-11
4.77257e+00 4.99074e+00 1.20248e-11
4.77257e+00 4.99623e+00 1.12824e-11
4.77257e+00 4.99928e+00 1.08884e-11
4.80402e+00 7.15683e-04 4.43888e-13
4.80402e+00 3.77012e-03 1.23181e-11
4.80402e+00 9.26216e-03 7.43460e-11
4.80402e+00 1.71877e-02 2.56016e-10
4.80402e+00 2.75390e-02 6.57258e-10
4.80402e+00 4.03061e-02 1.40796e-09
4.80402e+00 5.54766e-02 2.66735e-09
4.80402e+00 7.30356e-02 4.62329e-09
4.80402e+00 9.29659e-02 7.49135e-09
4.80402e+00 1.15248e-01 1.15139e-08
4.80402e+00 1.39860e-01 1.69591e-08
4.80402e+00 1.66779e-01 2.41195e-08
4.80402e+00 1.95977e-01 3.33111e-08
4.80402e+00 2.27426e-01 4.48719e-08
4.80402e+00 2.61096e-01 5.91600e-08
4.80402e+00 2.96953e-01 7.65528e-08
4.80402e+00 3.34963e-01 9.74440e-08
4.80402e+00 3.75089e-01 1.22242e-07
4.80402e+00 4.17290e-01 1.51368e-07
4.80402e+00 4.61527e-01 1.85250e-07
4.80402e+00 5.07755e-01 2.24321e-07
4.80402e+00 5.55930e-01 2.69015e-07
4.80402e+00 6.06005e-01 3.19754e-07
4.80402e+00 6.57930e-01 3.76947e-07
4.80402e+00 7.11655e-01 4.40975e-07
4.80402e+00 7.67127e-01 5.12178e-07
4.80402e+00 8.24292e-01 5.90841e-07
4.80402e+00 8.83095e-01 6.77171e-07
4.80402e+00 9.43478e-01 7.71277e-07
4.80402e+00 1.00538e+00 8.73142e-07
4.80402e+00 1.06875e+00 9.82593e-07
4.80402e+00 1.13351e+00 1.09927e-06
4.80402e+00 1.19960e+00 1.22257e-06
4.80402e+00 1.26697e+00 1.35166e-06
4.80402e+00 1.33555e+00 1.48538e-06
4.80402e+00 1.40526e+00 1.62226e-06
4.80402e+00 1.47604e+00 1.76047e-06
4.80402e+00 1.54782e+00 1.89783e-06
4.80402e+00 1.62053e+00 2.03179e-06
4.80402e+00 1.69410e+00 2.15949e-06
4.80402e+00 1.76846e+00 2.27777e-06
4.80402e+00 1.84353e+00 2.38329e-06
4.80402e+00 1.91924e+00 2.47266e-06
4.80402e+00 1.99553e+00 2.54250e-06
4.80402e+00 2.07230e+00 2.58973e-06
4.80402e+00 2.14949e+00 2.61167e-06
4.80402e+00 2.22703e+00 2.60625e-06
4.80402e+00 2.30483e+00 2.57225e-06
4.80402e+00 2.38282e+00 2.50939e-06
4.80402e+00 2.46093e+00 2.41848e-06
4.80402e+00 2.53907e+00 2.30142e-06
4.80402e+00 2.61718e+00 2.16123e-06
4.80402e+00 2.69517e+00 2.00187e-06
4.80402e+00 2.77297e+00 1.82806e-06
4.80402e+00 2.85051e+00 1.64502e-06
4.80402e+00 2.92770e+00 1.45816e-06
4.80402e+00 3.00447e+00 1.27273e-06
4.80402e+00 3.08076e+00 1.09356e-06
4.80402e+00 3.15647e+00 9.24740e-07
4.80402e+00 3.23154e+00 7.69487e-07
4.80402e+00 3.30590e+00 6.30021e-07
4.80402e+00 3.37947e+00 5.07554e-07
4.80402e+00 3.45218e+00 4.02370e-07
4.80402e+00 3.52396e+00 3.13957e-07
4.80402e+00 3.59474e+00 2.41180e-07
4.80402e+00 3.66445e+00 1.82478e-07
4.80402e+00 3.73303e+00 1.36050e-07
4.80402e+00 3.80040e+00 1.00016e-07
4.80402e+00 3.86649e+00 7.25489e-08
4.80402e+00 3.93125e+00 5.19694e-08
4.80402e+00 3.99462e+00 3.67981e-08
4.80402e+00 4.05652e+00 2.57820e-08
4.80402e+00 4.11690e+00 1.78944e-08
4.80402e+00 4.17571e+00 1.23188e-08
4.80402e+00 4.23287e+00 8.42275e-09
4.80402e+00 4.28835e+00 5.72784e-09
4.80402e+00 4.34207e+00 3.88001e-09
4.80402e+00 4.39400e+00 2.62222e-09
4.80402e+00 4.44407e+00 1.77096e-09
4.80402e+00 4.49224e+00 1.19728e-09
4.80402e+00 4.53847e+00 8.11669e-10
4.80402e+00 4.58271e+00 5.52755e-10
4.80402e+00 4.62491e+00 3.78823e-10
4.80402e+00 4.66504e+00 2.61741e-10
4.80402e+00 4.70305e+00 1.82650e-10
4.80402e+00 4.73890e+00 1.28960e-10
4.80402e+00 4.77257e+00 9.22866e-11
4.80402e+00 4.80402e+00 6.70521e-11
4.80402e+00 4.83322e+00 4.95446e-11
4.80402e+00 4.86014e+00 3.72888e-11
4.80402e+00 4.88475e+00 2.86294e-11
4.80402e+00 4.90703e+00 2.24551e-11
4.80402e+00 4.92696e+00 1.80158e-11
4.80402e+00 4.94452e+00 1.48031e-11
4.80402e+00 4.95969e+00 1.24702e-11
4.80402e+00 4.97246e+00 1.07804e-11
4.80402e+00 4.98281e+00 9.57156e-12
4.80402e+00 4.99074e+00 8.73383e-12
4.80402e+00 4.99623e+00 8.19451e-12
4.80402e+00 4.99928e+00 7.90835e-12
4.83322e+00 7.15683e-04 3.31356e-13
4.83322e+00 3.77012e-03 9.19527e-12
4.83322e+00 9.26216e-03 5.54982e-11
4.83322e+00 1.71877e-02 1.91113e-10
4.83322e+00 2.75390e-02 4.90633e-10
4.83322e+00 4.03061e-02 1.05102e-09
4.83322e+00 5.54766e-02 1.99114e-09
4.83322e+00 7.30356e-02 3.45120e-09
4.83322e+00 9.29659e-02 5.59214e-09
4.83322e+00 1.15248e-01 8.59487e-09
4.83322e+00 1.39860e-01 1.26595e-08
4.83322e+00 1.66779e-01 1.80044e-08
4.83322e+00 1.95977e-01 2.48654e-08
4.83322e+00 2.27426e-01 3.34946e-08
4.83322e+00 2.61096e-01 4.41593e-08
4.83322e+00 2.96953e-01 5.71408e-08
4.83322e+00 3.34963e-01 7.27329e-08
4.83322e+00 3.75089e-01 9.12401e-08
4.83322e+00 4.17290e-01 1.12976e-07
4.83322e+00 4.61527e-01 1.38259e-07
4.83322e+00 5.07755e-01 1.67413e-07
4.83322e+00 5.55930e-01 2.00758e-07
4.83322e+00 6.06005e-01 2.38611e-07
4.83322e+00 6.57930e-01 2.81273e-07
4.83322e+00 7.11655e-01 3.29028e-07
4.83322e+00 7.67127e-01 3.82128e-07
4.83322e+00 8.24292e-01 4.40781e-07
4.83322e+00 8.83095e-01 5.05140e-07
4.83322e+00 9.43478e-01 5.75284e-07
4.83322e+00 1.00538e+00 6.51196e-07
4.83322e+00 1.06875e+00 7.32743e-07
4.83322e+00 1.13351e+00 8.19649e-07
4.83322e+00 1.19960e+00 9.11471e-07
4.83322e+00 1.26697e+00 1.00757e-06
4.83322e+00 1.33555e+00 1.10709e-06
4.83322e+00 1.40526e+00 1.20893e-06
4.83322e+00 1.47604e+00 1.31171e-06
4.83322e+00 1.54782e+00 1.41382e-06
4.83322e+00 1.62053e+00 1.51335e-06
4.83322e+00 1.69410e+00 1.60817e-06
4.83322e+00 1.76846e+00 1.69593e-06
4.83322e+00 1.84353e+00 1.77416e-06
4.83322e+00 1.91924e+00 1.84031e-06
4.83322e+00 1.99553e+00 1.89191e-06
4.83322e+00 2.07230e+00 1.92665e-06
4.83322e+00 2.14949e+00 1.94256e-06
4.83322e+00 2.22703e+00 1.93811e-06
4.83322e+00 2.30483e+00 1.91241e-06
4.83322e+00 2.38282e+00 1.86526e-06
4.83322e+00 2.46093e+00 1.79729e-06
4.83322e+00 2.53907e+00 1.70992e-06
4.83322e+00 2.61718e+00 1.60540e-06
4.83322e+00 2.69517e+00 1.48669e-06
4.83322e+00 2.77297e+00 1.35731e-06
4.83322e+00 2.85051e+00 1.22114e-06
4.83322e+00 2.92770e+00 1.08219e-06
4.83322e+00 3.00447e+00 9.44370e-07
4.83322e+00 3.08076e+00 8.11249e-07
4.83322e+00 3.15647e+00 6.85868e-07
4.83322e+00 3.23154e+00 5.70603e-07
4.83322e+00 3.30590e+00 4.67089e-07
4.83322e+00 3.37947e+00 3.76220e-07
4.83322e+00 3.45218e+00 2.98196e-07
4.83322e+00 3.52396e+00 2.32629e-07
4.83322e+00 3.59474e+00 1.78672e-07
4.83322e+00 3.66445e+00 1.35161e-07
4.83322e+00 3.73303e+00 1.00754e-07
4.83322e+00 3.80040e+00 7.40561e-08
4.83322e+00 3.86649e+00 5.37100e-08
4.83322e+00 3.93125e+00 3.84685e-08
4.83322e+00 3.99462e+00 2.72345e-08
4.83322e+00 4.05652e+00 1.90787e-08
4.83322e+00 4.11690e+00 1.32401e-08
4.83322e+00 4.17571e+00 9.11353e-09
4.83322e+00 4.23287e+00 6.23042e-09
4.83322e+00 4.28835e+00 4.23646e-09
4.83322e+00 4.34207e+00 2.86944e-09
4.83322e+00 4.39400e+00 1.93904e-09
4.83322e+00 4.44407e+00 1.30943e-09
4.83322e+00 4.49224e+00 8.85171e-10
4.83322e+00 4.53847e+00 6.00030e-10
4.83322e+00 4.58271e+00 4.08592e-10
4.83322e+00 4.62491e+00 2.80001e-10
4.83322e+00 4.66504e+00 1.93447e-10
4.83322e+00 4.70305e+00 1.34983e-10
4.83322e+00 4.73890e+00 9.52989e-11
4.83322e+00 4.77257e+00 6.81939e-11
4.83322e+00 4.80402e+00 4.95446e-11
4.83322e+00 4.83322e+00 3.66065e-11
4.83322e+00 4.86014e+00 2.75499e-11
4.83322e+00 4.88475e+00 2.11513e-11
4.83322e+00 4.90703e+00 1.65891e-11
4.83322e+00 4.92696e+00 1.33091e-11
4.83322e+00 4.94452e+00 1.09353e-11
4.83322e+00 4.95969e+00 9.21182e-12
4.83322e+00 4.97246e+00 7.96337e-12
4.83322e+00 4.98281e+00 7.07029e-12
4.83322e+00 4.99074e+00 6.45140e-12
4.83322e+00 4.99623e+00 6.05296e-12
4.83322e+00 4.99928e+00 5.84156e-12
4.86014e+00 7.15683e-04 2.51683e-13
4.86014e+00 3.77012e-03 6.98432e-12
4.86014e+00 9.26216e-03 4.21540e-11
4.86014e+00 1.71877e-02 1.45161e-10
4.86014e+00 2.75390e-02 3.72663e-10
4.86014e+00 4.03061e-02 7.98307e-10
4.86014e+00 5.54766e-02 1.51238e-09
4.86014e+00 7.30356e-02 2.62137e-09
4.86014e+00 9.29659e-02 4.24751e-09
4.86014e+00 1.15248e-01 6.52821e-09
4.86014e+00 1.39860e-01 9.61543e-09
4.86014e+00 1.66779e-01 1.36750e-08
4.86014e+00 1.95977e-01 1.88861e-08
4.86014e+00 2.27426e-01 2.54399e-08
4.86014e+00 2.61096e-01 3.35396e-08
4.86014e+00 2.96953e-01 4.33985e-08
4.86014e+00 3.34963e-01 5.52396e-08
4.86014e+00 3.75089e-01 6.92939e-08
4.86014e+00 4.17290e-01 8.57990e-08
4.86014e+00 4.61527e-01 1.04997e-07
4.86014e+00 5.07755e-01 1.27132e-07
4.86014e+00 5.55930e-01 1.52448e-07
4.86014e+00 6.06005e-01 1.81184e-07
4.86014e+00 6.57930e-01 2.13567e-07
4.86014e+00 7.11655e-01 2.49812e-07
4.86014e+00 7.67127e-01 2.90109e-07
4.86014e+00 8.24292e-01 3.34614e-07
4.86014e+00 8.83095e-01 3.83442e-07
4.86014e+00 9.43478e-01 4.36649e-07
4.86014e+00 1.00538e+00 4.94222e-07
4.86014e+00 1.06875e+00 5.56055e-07
4.86014e+00 1.13351e+00 6.21939e-07
4.86014e+00 1.19960e+00 6.91534e-07
4.86014e+00 1.26697e+00 7.64352e-07
4.86014e+00 1.33555e+00 8.39740e-07
4.86014e+00 1.40526e+00 9.16858e-07
4.86014e+00 1.47604e+00 9.94670e-07
4.86014e+00 1.54782e+00 1.07194e-06
4.86014e+00 1.62053e+00 1.14722e-06
4.86014e+00 1.69410e+00 1.21890e-06
4.86014e+00 1.76846e+00 1.28521e-06
4.86014e+00 1.84353e+00 1.34426e-06
4.86014e+00 1.91924e+00 1.39413e-06
4.86014e+00 1.99553e+00 1.43296e-06
4.86014e+00 2.07230e+00 1.45900e-06
4.86014e+00 2.14949e+00 1.47076e-06
4.86014e+00 2.22703e+00 1.46711e-06
4.86014e+00 2.30483e+00 1.44738e-06
4.86014e+00 2.38282e+00 1.41142e-06
4.86014e+00 2.46093e+00 1.35971e-06
4.86014e+00 2.53907e+00 1.29335e-06
4.86014e+00 2.61718e+00 1.21405e-06
4.86014e+00 2.69517e+00 1.12406e-06
4.86014e+00 2.77297e+00 1.02603e-06
4.86014e+00 2.85051e+00 9.22914e-07
4.86014e+00 2.92770e+00 8.17739e-07
4.86014e+00 3.00447e+00 7.13460e-07
4.86014e+00 3.08076e+00 6.12772e-07
4.86014e+00 3.15647e+00 5.17969e-07
4.86014e+00 3.23154e+00 4.30840e-07
4.86014e+00 3.30590e+00 3.52617e-07
4.86014e+00 3.37947e+00 2.83967e-07
4.86014e+00 3.45218e+00 2.25037e-07
4.86014e+00 3.52396e+00 1.75527e-07
4.86014e+00 3.59474e+00 1.34792e-07
4.86014e+00 3.66445e+00 1.01950e-07
4.86014e+00 3.73303e+00 7.59862e-08
4.86014e+00 3.80040e+00 5.58428e-08
4.86014e+00 3.86649e+00 4.04948e-08
4.86014e+00 3.93125e+00 2.89994e-08
4.86014e+00 3.99462e+00 2.05279e-08
4.86014e+00 4.05652e+00 1.43787e-08
4.86014e+00 4.11690e+00 9.97719e-09
4.86014e+00 4.17571e+00 6.86678e-09
4.86014e+00 4.23287e+00 4.69392e-09
4.86014e+00 4.28835e+00 3.19135e-09
4.86014e+00 4.34207e+00 2.16135e-09
4.86014e+00 4.39400e+00 1.46040e-09
4.86014e+00 4.44407e+00 9.86121e-10
4.86014e+00 4.49224e+00 6.66555e-10
4.86014e+00 4.53847e+00 4.51800e-10
4.86014e+00 4.58271e+00 3.07631e-10
4.86014e+00 4.62491e+00 2.10799e-10
4.86014e+00 4.66504e+00 1.45627e-10
4.86014e+00 4.70305e+00 1.01609e-10
4.86014e+00 4.73890e+00 7.17323e-11
4.86014e+00 4.77257e+00 5.13274e-11
4.86014e+00 4.80402e+00 3.72888e-11
4.86014e+00 4.83322e+00 2.75499e-11
4.86014e+00 4.86014e+00 2.07331e-11
4.86014e+00 4.88475e+00 1.59171e-11
4.86014e+00 4.90703e+00 1.24835e-11
4.86014e+00 4.92696e+00 1.00149e-11
4.86014e+00 4.94452e+00 8.22851e-12
4.86014e+00 4.95969e+00 6.93145e-12
4.86014e+00 4.97246e+00 5.99194e-12
4.86014e+00 4.98281e+00 5.31987e-12
4.86014e+00 4.99074e+00 4.85415e-12
4.86014e+00 4.99623e+00 4.55432e-12
4.86014e+00 4.99928e+00 4.39524e-12
4.88475e+00 7.15683e-04 1.94820e-13
4.88475e+00 3.77012e-03 5.40635e-12
4.88475e+00 9.26216e-03 3.26301e-11
4.88475e+00 1.71877e-02 1.12364e-10
4.88475e+00 2.75390e-02 2.88467e-10
4.88475e+00 4.03061e-02 6.17944e-10
4.88475e+00 5.54766e-02 1.17068e-09
4.88475e+00 7.30356e-02 2.02911e-09
4.88475e+00 9.29659e-02 3.28785e-09
4.88475e+00 1.15248e-01 5.05324e-09
4.88475e+00 1.39860e-01 7.44290e-09
4.88475e+00 1.66779e-01 1.05852e-08
4.88475e+00 1.95977e-01 1.46187e-08
4.88475e+00 2.27426e-01 1.96915e-08
4.88475e+00 2.61096e-01 2.59607e-08
4.88475e+00 2.96953e-01 3.35913e-08
4.88475e+00 3.34963e-01 4.27558e-08
4.88475e+00 3.75089e-01 5.36328e-08
4.88475e+00 4.17290e-01 6.64060e-08
4.88475e+00 4.61527e-01 8.12624e-08
4.88475e+00 5.07755e-01 9.83909e-08
4.88475e+00 5.55930e-01 1.17979e-07
4.88475e+00 6.06005e-01 1.40212e-07
4.88475e+00 6.57930e-01 1.65264e-07
4.88475e+00 7.11655e-01 1.93302e-07
4.88475e+00 7.67127e-01 2.24470e-07
4.88475e+00 8.24292e-01 2.58889e-07
4.88475e+00 8.83095e-01 2.96646e-07
4.88475e+00 9.43478e-01 3.37784e-07
4.88475e+00 1.00538e+00 3.82290e-07
4.88475e+00 1.06875e+00 4.30082e-07
4.88475e+00 1.13351e+00 4.80994e-07
4.88475e+00 1.19960e+00 5.34763e-07
4.88475e+00 1.26697e+00 5.91010e-07
4.88475e+00 1.33555e+00 6.49227e-07
4.88475e+00 1.40526e+00 7.08764e-07
4.88475e+00 1.47604e+00 7.68818e-07
4.88475e+00 1.54782e+00 8.28431e-07
4.88475e+00 1.62053e+00 8.86491e-07
4.88475e+00 1.69410e+00 9.41746e-07
4.88475e+00 1.76846e+00 9.92826e-07
4.88475e+00 1.84353e+00 1.03828e-06
4.88475e+00 1.91924e+00 1.07663e-06
4.88475e+00 1.99553e+00 1.10644e-06
4.88475e+00 2.07230e+00 1.12636e-06
4.88475e+00 2.14949e+00 1.13525e-06
4.88475e+00 2.22703e+00 1.13224e-06
4.88475e+00 2.30483e+00 1.11681e-06
4.88475e+00 2.38282e+00 1.08888e-06
4.88475e+00 2.46093e+00 1.04880e-06
4.88475e+00 2.53907e+00 9.97439e-07
4.88475e+00 2.61718e+00 9.36118e-07
4.88475e+00 2.69517e+00 8.66572e-07
4.88475e+00 2.77297e+00 7.90861e-07
4.88475e+00 2.85051e+00 7.11252e-07
4.88475e+00 2.92770e+00 6.30088e-07
4.88475e+00 3.00447e+00 5.49644e-07
4.88475e+00 3.08076e+00 4.71994e-07
4.88475e+00 3.15647e+00 3.98904e-07
4.88475e+00 3.23154e+00 3.31749e-07
4.88475e+00 3.30590e+00 2.71473e-07
4.88475e+00 3.37947e+00 2.18586e-07
4.88475e+00 3.45218e+00 1.73197e-07
4.88475e+00 3.52396e+00 1.35072e-07
4.88475e+00 3.59474e+00 1.03710e-07
4.88475e+00 3.66445e+00 7.84304e-08
4.88475e+00 3.73303e+00 5.84481e-08
4.88475e+00 3.80040e+00 4.29482e-08
4.88475e+00 3.86649e+00 3.11402e-08
4.88475e+00 3.93125e+00 2.22976e-08
4.88475e+00 3.99462e+00 1.57820e-08
4.88475e+00 4.05652e+00 1.10531e-08
4.88475e+00 4.11690e+00 7.66877e-09
4.88475e+00 4.17571e+00 5.27746e-09
4.88475e+00 4.23287e+00 3.60715e-09
4.88475e+00 4.28835e+00 2.45223e-09
4.88475e+00 4.34207e+00 1.66062e-09
4.88475e+00 4.39400e+00 1.12197e-09
4.88475e+00 4.44407e+00 7.57536e-10
4.88475e+00 4.49224e+00 5.12006e-10
4.88475e+00 4.53847e+00 3.47019e-10
4.88475e+00 4.58271e+00 2.36270e-10
4.88475e+00 4.62491e+00 1.61889e-10
4.88475e+00 4.66504e+00 1.11832e-10
4.88475e+00 4.70305e+00 7.80245e-11
4.88475e+00 4.73890e+00 5.50795e-11
4.88475e+00 4.77257e+00 3.94097e-11
4.88475e+00 4.80402e+00 2.86294e-11
4.88475e+00 4.83322e+00 2.11513e-11
4.88475e+00 4.86014e+00 1.59171e-11
4.88475e+00 4.88475e+00 1.22194e-11
4.88475e+00 4.90703e+00 9.58313e-12
4.88475e+00 4.92696e+00 7.68790e-12
4.88475e+00 4.94452e+00 6.31642e-12
4.88475e+00 4.95969e+00 5.32066e-12
4.88475e+00 4.97246e+00 4.59940e-12
4.88475e+00 4.98281e+00 4.08347e-12
4.88475e+00 4.99074e+00 3.72594e-12
4.88475e+00 4.99623e+00 3.49578e-12
4.88475e+00 4.99928e+00 3.37366e-12
4.90703e+00 7.15683e-04 1.53912e-13
4.90703e+00 3.77012e-03 4.27112e-12
4.90703e+00 9.26216e-03 2.57784e-11
4.90703e+00 1.71877e-02 8.87701e-11
4.90703e+00 2.75390e-02 2.27894e-10
4.90703e+00 4.03061e-02 4.88188e-10
4.90703e+00 5.54766e-02 9.24859e-10
4.90703e+00 7.30356e-02 1.60303e-09
4.90703e+00 9.29659e-02 2.59745e-09
4.90703e+00 1.15248e-01 3.99212e-09
4.90703e+00 1.39860e-01 5.87997e-09
4.90703e+00 1.66779e-01 8.36237e-09
4.90703e+00 1.95977e-01 1.15488e-08
4.90703e+00 2.27426e-01 1.55562e-08
4.90703e+00 2.61096e-01 2.05085e-08
4.90703e+00 2.96953e-01 2.65363e-08
4.90703e+00 3.34963e-01 3.37755e-08
4.90703e+00 3.75089e-01 4.23672e-08
4.90703e+00 4.17290e-01 5.24562e-08
4.90703e+00 4.61527e-01 6.41902e-08
4.90703e+00 5.07755e-01 7.77180e-08
4.90703e+00 5.55930e-01 9.31877e-08
4.90703e+00 6.06005e-01 1.10744e-07
4.90703e+00 6.57930e-01 1.30527e-07
4.90703e+00 7.11655e-01 1.52664e-07
4.90703e+00 7.67127e-01 1.77270e-07
4.90703e+00 8.24292e-01 2.04441e-07
4.90703e+00 8.83095e-01 2.34243e-07
4.90703e+00 9.43478e-01 2.66709e-07
4.90703e+00 1.00538e+00 3.01829e-07
4.90703e+00 1.06875e+00 3.39535e-07
4.90703e+00 1.13351e+00 3.79697e-07
4.90703e+00 1.19960e+00 4.22105e-07
4.90703e+00 1.26697e+00 4.66458e-07
4.90703e+00 1.33555e+00 5.12355e-07
4.90703e+00 1.40526e+00 5.59282e-07
4.90703e+00 1.47604e+00 6.06603e-07
4.90703e+00 1.54782e+00 6.53562e-07
4.90703e+00 1.62053e+00 6.99281e-07
4.90703e+00 1.69410e+00 7.42774e-07
4.90703e+00 1.76846e+00 7.82959e-07
4.90703e+00 1.84353e+00 8.18696e-07
4.90703e+00 1.91924e+00 8.48819e-07
4.90703e+00 1.99553e+00 8.72194e-07
4.90703e+00 2.07230e+00 8.87767e-07
4.90703e+00 2.14949e+00 8.94642e-07
4.90703e+00 2.22703e+00 8.92135e-07
4.90703e+00 2.30483e+00 8.79845e-07
4.90703e+00 2.38282e+00 8.57702e-07
4.90703e+00 2.46093e+00 8.26005e-07
4.90703e+00 2.53907e+00 7.85432e-07
4.90703e+00 2.61718e+00 7.37030e-07
4.90703e+00 2.69517e+00 6.82167e-07
4.90703e+00 2.77297e+00 6.22470e-07
4.90703e+00 2.85051e+00 5.59725e-07
4.90703e+00 2.92770e+00 4.95776e-07
4.90703e+00 3.00447e+00 4.32413e-07
4.90703e+00 3.08076e+00 3.71269e-07
4.90703e+00 3.15647e+00 3.13730e-07
4.90703e+00 3.23154e+00 2.60876e-07
4.90703e+00 3.30590e+00 2.13446e-07
4.90703e+00 3.37947e+00 1.71839e-07
4.90703e+00 3.45218e+00 1.36139e-07
4.90703e+00 3.52396e+00 1.06157e-07
4.90703e+00 3.59474e+00 8.14981e-08
4.90703e+00 3.66445e+00 6.16247e-08
4.90703e+00 3.73303e+00 4.59185e-08
4.90703e+00 3.80040e+00 3.37373e-08
4.90703e+00 3.86649e+00 2.44589e-08
4.90703e+00 3.93125e+00 1.75116e-08
4.90703e+00 3.99462e+00 1.23932e-08
4.90703e+00 4.05652e+00 8.67883e-09
4.90703e+00 4.11690e+00 6.02088e-09
4.90703e+00 4.17571e+00 4.14303e-09
4.90703e+00 4.23287e+00 2.83151e-09
4.90703e+00 4.28835e+00 1.92476e-09
4.90703e+00 4.34207e+00 1.30332e-09
4.90703e+00 4.39400e+00 8.80498e-10
4.90703e+00 4.44407e+00 5.94455e-10
4.90703e+00 4.49224e+00 4.01754e-10
4.90703e+00 4.53847e+00 2.72277e-10
4.90703e+00 4.58271e+00 1.85369e-10
4.90703e+00 4.62491e+00 1.27005e-10
4.90703e+00 4.66504e+00 8.77295e-11
4.90703e+00 4.70305e+00 6.12054e-11
4.90703e+00 4.73890e+00 4.32045e-11
4.90703e+00 4.77257e+00 3.09117e-11
4.90703e+00 4.80402e+00 2.24551e-11
4.90703e+00 4.83322e+00 1.65891e-11
4.90703e+00 4.86014e+00 1.24835e-11
4.90703e+00 4.88475e+00 9.58313e-12
4.90703e+00 4.90703e+00 7.51542e-12
4.90703e+00 4.92696e+00 6.02897e-12
4.90703e+00 4.94452e+00 4.95333e-12
4.90703e+00 4.95969e+00 4.17238e-12
4.90703e+00 4.97246e+00 3.60673e-12
4.90703e+00 4.98281e+00 3.20211e-12
4.90703e+00 4.99074e+00 2.92172e-12
4.90703e+00 4.99623e+00 2.74122e-12
4.90703e+00 4.99928e+00 2.64545e-12
4.92696e+00 7.15683e-04 1.24268e-13
4.92696e+00 3.77012e-03 3.44849e-12
4.92696e+00 9.26216e-03 2.08134e-11
4.92696e+00 1.71877e-02 7.16727e-11
4.92696e+00 2.75390e-02 1.84001e-10
4.92696e+00 4.03061e-02 3.94161e-10
4.92696e+00 5.54766e-02 7.46727e-10
4.92696e+00 7.30356e-02 1.29428e-09
4.92696e+00 9.29659e-02 2.09716e-09
4.92696e+00 1.15248e-01 3.22321e-09
4.92696e+00 1.39860e-01 4.74742e-09
4.92696e+00 1.66779e-01 6.75165e-09
4.92696e+00 1.95977e-01 9.32425e-09
4.92696e+00 2.27426e-01 1.25597e-08
4.92696e+00 2.61096e-01 1.65579e-08
4.92696e+00 2.96953e-01 2.14243e-08
4.92696e+00 3.34963e-01 2.72685e-08
4.92696e+00 3.75089e-01 3.42045e-08
4.92696e+00 4.17290e-01 4.23489e-08
4.92696e+00 4.61527e-01 5.18209e-08
4.92696e+00 5.07755e-01 6.27404e-08
4.92696e+00 5.55930e-01 7.52267e-08
4.92696e+00 6.06005e-01 8.93965e-08
4.92696e+00 6.57930e-01 1.05362e-07
4.92696e+00 7.11655e-01 1.23226e-07
4.92696e+00 7.67127e-01 1.43082e-07
4.92696e+00 8.24292e-01 1.65004e-07
4.92696e+00 8.83095e-01 1.89047e-07
4.92696e+00 9.43478e-01 2.15237e-07
4.92696e+00 1.00538e+00 2.43564e-07
4.92696e+00 1.06875e+00 2.73973e-07
4.92696e+00 1.13351e+00 3.06358e-07
4.92696e+00 1.19960e+00 3.40548e-07
4.92696e+00 1.26697e+00 3.76301e-07
4.92696e+00 1.33555e+00 4.13291e-07
4.92696e+00 1.40526e+00 4.51102e-07
4.92696e+00 1.47604e+00 4.89223e-07
4.92696e+00 1.54782e+00 5.27042e-07
4.92696e+00 1.62053e+00 5.63851e-07
4.92696e+00 1.69410e+00 5.98854e-07
4.92696e+00 1.76846e+00 6.31181e-07
4.92696e+00 1.84353e+00 6.59913e-07
4.92696e+00 1.91924e+00 6.84111e-07
4.92696e+00 1.99553e+00 7.02862e-07
4.92696e+00 2.07230e+00 7.15322e-07
4.92696e+00 2.14949e+00 7.20767e-07
4.92696e+00 2.22703e+00 7.18653e-07
4.92696e+00 2.30483e+00 7.08658e-07
4.92696e+00 2.38282e+00 6.90730e-07
4.92696e+00 2.46093e+00 6.65113e-07
4.92696e+00 2.53907e+00 6.32357e-07
4.92696e+00 2.61718e+00 5.93306e-07
4.92696e+00 2.69517e+00 5.49067e-07
4.92696e+00 2.77297e+00 5.00948e-07
4.92696e+00 2.85051e+00 4.50391e-07
4.92696e+00 2.92770e+00 3.98880e-07
4.92696e+00 3.00447e+00 3.47854e-07
4.92696e+00 3.08076e+00 2.98627e-07
4.92696e+00 3.15647e+00 2.52313e-07
4.92696e+00 3.23154e+00 2.09779e-07
4.92696e+00 3.30590e+00 1.71617e-07
4.92696e+00 3.37947e+00 1.38147e-07
4.92696e+00 3.45218e+00 1.09433e-07
4.92696e+00 3.52396e+00 8.53224e-08
4.92696e+00 3.59474e+00 6.54959e-08
4.92696e+00 3.66445e+00 4.95191e-08
4.92696e+00 3.73303e+00 3.68943e-08
4.92696e+00 3.80040e+00 2.71042e-08
4.92696e+00 3.86649e+00 1.96480e-08
4.92696e+00 3.93125e+00 1.40658e-08
4.92696e+00 3.99462e+00 9.95360e-09
4.92696e+00 4.05652e+00 6.96980e-09
4.92696e+00 4.11690e+00 4.83483e-09
4.92696e+00 4.17571e+00 3.32662e-09
4.92696e+00 4.23287e+00 2.27336e-09
4.92696e+00 4.28835e+00 1.54524e-09
4.92696e+00 4.34207e+00 1.04626e-09
4.92696e+00 4.39400e+00 7.06781e-10
4.92696e+00 4.44407e+00 4.77141e-10
4.92696e+00 4.49224e+00 3.22450e-10
4.92696e+00 4.53847e+00 2.18518e-10
4.92696e+00 4.58271e+00 1.48761e-10
4.92696e+00 4.62491e+00 1.01918e-10
4.92696e+00 4.66504e+00 7.03971e-11
4.92696e+00 4.70305e+00 4.91111e-11
4.92696e+00 4.73890e+00 3.46657e-11
4.92696e+00 4.77257e+00 2.48015e-11
4.92696e+00 4.80402e+00 1.80158e-11
4.92696e+00 4.83322e+00 1.33091e-11
4.92696e+00 4.86014e+00 1.00149e-11
4.92696e+00 4.88475e+00 7.68790e-12
4.92696e+00 4.90703e+00 6.02897e-12
4.92696e+00 4.92696e+00 4.83641e-12
4.92696e+00 4.94452e+00 3.97347e-12
4.92696e+00 4.95969e+00 3.34695e-12
4.92696e+00 4.97246e+00 2.89316e-12
4.92696e+00 4.98281e+00 2.56856e-12
4.92696e+00 4.99074e+00 2.34363e-12
4.92696e+00 4.99623e+00 2.19883e-12
4.92696e+00 4.99928e+00 2.12200e-12
4.94452e+00 7.15683e-04 1.02668e-13
4.94452e+00 3.77012e-03 2.84908e-12
4.94452e+00 9.26216e-03 1.71956e-11
4.94452e+00 1.71877e-02 5.92146e-11
4.94452e+00 2.75390e-02 1.52018e-10
4.94452e+00 4.03061e-02 3.25648e-10
4.94452e+00 5.54766e-02 6.16930e-10
4.94452e+00 7.30356e-02 1.06931e-09
4.94452e+00 9.29659e-02 1.73263e-09
4.94452e+00 1.15248e-01 2.66293e-09
4.94452e+00 1.39860e-01 3.92218e-09
4.94452e+00 1.66779e-01 5.57801e-09
4.94452e+00 1.95977e-01 7.70337e-09
4.94452e+00 2.27426e-01 1.03763e-08
4.94452e+00 2.61096e-01 1.36794e-08
4.94452e+00 2.96953e-01 1.76996e-08
4.94452e+00 3.34963e-01 2.25275e-08
4.94452e+00 3.75089e-01 2.82572e-08
4.94452e+00 4.17290e-01 3.49850e-08
4.94452e+00 4.61527e-01 4.28091e-08
4.94452e+00 5.07755e-01 5.18286e-08
4.94452e+00 5.55930e-01 6.21417e-08
4.94452e+00 6.06005e-01 7.38449e-08
4.94452e+00 6.57930e-01 8.70301e-08
4.94452e+00 7.11655e-01 1.01783e-07
4.94452e+00 7.67127e-01 1.18179e-07
4.94452e+00 8.24292e-01 1.36280e-07
4.94452e+00 8.83095e-01 1.56131e-07
4.94452e+00 9.43478e-01 1.77752e-07
4.94452e+00 1.00538e+00 2.01134e-07
4.94452e+00 1.06875e+00 2.26233e-07
4.94452e+00 1.13351e+00 2.52959e-07
4.94452e+00 1.19960e+00 2.81171e-07
4.94452e+00 1.26697e+00 3.10668e-07
4.94452e+00 1.33555e+00 3.41181e-07
4.94452e+00 1.40526e+00 3.72365e-07
4.94452e+00 1.47604e+00 4.03799e-07
4.94452e+00 1.54782e+00 4.34976e-07
4.94452e+00 1.62053e+00 4.65313e-07
4.94452e+00 1.69410e+00 4.94152e-07
4.94452e+00 1.76846e+00 5.20776e-07
4.94452e+00 1.84353e+00 5.44427e-07
4.94452e+00 1.91924e+00 5.64331e-07
4.94452e+00 1.99553e+00 5.79737e-07
4.94452e+00 2.07230e+00 5.89949e-07
4.94452e+00 2.14949e+00 5.94374e-07
4.94452e+00 2.22703e+00 5.92563e-07
4.94452e+00 2.30483e+00 5.84254e-07
4.94452e+00 2.38282e+00 5.69407e-07
4.94452e+00 2.46093e+00 5.48225e-07
4.94452e+00 2.53907e+00 5.21164e-07
4.94452e+00 2.61718e+00 4.88922e-07
4.94452e+00 2.69517e+00 4.52412e-07
4.94452e+00 2.77297e+00 4.12715e-07
4.94452e+00 2.85051e+00 3.71019e-07
4.94452e+00 2.92770e+00 3.28547e-07
4.94452e+00 3.00447e+00 2.86485e-07
4.94452e+00 3.08076e+00 2.45915e-07
4.94452e+00 3.15647e+00 2.07753e-07
4.94452e+00 3.23154e+00 1.72711e-07
4.94452e+00 3.30590e+00 1.41277e-07
4.94452e+00 3.37947e+00 1.13712e-07
4.94452e+00 3.45218e+00 9.00673e-08
4.94452e+00 3.52396e+00 7.02162e-08
4.94452e+00 3.59474e+00 5.38945e-08
4.94452e+00 3.66445e+00 4.07438e-08
4.94452e+00 3.73303e+00 3.03533e-08
4.94452e+00 3.80040e+00 2.22969e-08
4.94452e+00 3.86649e+00 1.61617e-08
4.94452e+00 3.93125e+00 1.15690e-08
4.94452e+00 3.99462e+00 8.18611e-09
4.94452e+00 4.05652e+00 5.73170e-09
4.94452e+00 4.11690e+00 3.97568e-09
4.94452e+00 4.17571e+00 2.73528e-09
4.94452e+00 4.23287e+00 1.86912e-09
4.94452e+00 4.28835e+00 1.27039e-09
4.94452e+00 4.34207e+00 8.60107e-10
4.94452e+00 4.39400e+00 5.80995e-10
4.94452e+00 4.44407e+00 3.92202e-10
4.94452e+00 4.49224e+00 2.65034e-10
4.94452e+00 4.53847e+00 1.79599e-10
4.94452e+00 4.58271e+00 1.22261e-10
4.94452e+00 4.62491e+00 8.37586e-11
4.94452e+00 4.66504e+00 5.78514e-11
4.94452e+00 4.70305e+00 4.03572e-11
4.94452e+00 4.73890e+00 2.84857e-11
4.94452e+00 4.77257e+00 2.03793e-11
4.94452e+00 4.80402e+00 1.48031e-11
4.94452e+00 4.83322e+00 1.09353e-11
4.94452e+00 4.86014e+00 8.22851e-12
4.94452e+00 4.88475e+00 6.31642e-12
4.94452e+00 4.90703e+00 4.95333e-12
4.94452e+00 4.92696e+00 3.97347e-12
4.94452e+00 4.94452e+00 3.26444e-12
4.94452e+00 4.95969e+00 2.74968e-12
4.94452e+00 4.97246e+00 2.37684e-12
4.94452e+00 4.98281e+00 2.11015e-12
4.94452e+00 4.99074e+00 1.92535e-12
4.94452e+00 4.99623e+00 1.80638e-12
4.94452e+00 4.99928e+00 1.74326e-12
4.95969e+00 7.15683e-04 8.68920e-14
4.95969e+00 3.77012e-03 2.41129e-12
4.95969e+00 9.26216e-03 1.45534e-11
4.95969e+00 1.71877e-02 5.01157e-11
4.95969e+00 2.75390e-02 1.28659e-10
4.95969e+00 4.03061e-02 2.75609e-10
4.95969e+00 5.54766e-02 5.22133e-10
4.95969e+00 7.30356e-02 9.04996e-10
4.95969e+00 9.29659e-02 1.46639e-09
4.95969e+00 1.15248e-01 2.25374e-09
4.95969e+00 1.39860e-01 3.31948e-09
4.95969e+00 1.66779e-01 4.72084e-09
4.95969e+00 1.95977e-01 6.51958e-09
4.95969e+00 2.27426e-01 8.78169e-09
4.95969e+00 2.61096e-01 1.15771e-08
4.95969e+00 2.96953e-01 1.49793e-08
4.95969e+00 3.34963e-01 1.90651e-08
4.95969e+00 3.75089e-01 2.39138e-08
4.95969e+00 4.17290e-01 2.96071e-08
4.95969e+00 4.61527e-01 3.62280e-08
4.95969e+00 5.07755e-01 4.38601e-08
4.95969e+00 5.55930e-01 5.25866e-08
4.95969e+00 6.06005e-01 6.24888e-08
4.95969e+00 6.57930e-01 7.36444e-08
4.95969e+00 7.11655e-01 8.61257e-08
4.95969e+00 7.67127e-01 9.99962e-08
4.95969e+00 8.24292e-01 1.15308e-07
4.95969e+00 8.83095e-01 1.32099e-07
4.95969e+00 9.43478e-01 1.50386e-07
4.95969e+00 1.00538e+00 1.70161e-07
4.95969e+00 1.06875e+00 1.91385e-07
4.95969e+00 1.13351e+00 2.13983e-07
4.95969e+00 1.19960e+00 2.37835e-07
4.95969e+00 1.26697e+00 2.62770e-07
4.95969e+00 1.33555e+00 2.88561e-07
4.95969e+00 1.40526e+00 3.14915e-07
4.95969e+00 1.47604e+00 3.41474e-07
4.95969e+00 1.54782e+00 3.67812e-07
4.95969e+00 1.62053e+00 3.93435e-07
4.95969e+00 1.69410e+00 4.17785e-07
4.95969e+00 1.76846e+00 4.40258e-07
4.95969e+00 1.84353e+00 4.60213e-07
4.95969e+00 1.91924e+00 4.76996e-07
4.95969e+00 1.99553e+00 4.89973e-07
4.95969e+00 2.07230e+00 4.98558e-07
4.95969e+00 2.14949e+00 5.02249e-07
4.95969e+00 2.22703e+00 5.00671e-07
4.95969e+00 2.30483e+00 4.93602e-07
4.95969e+00 2.38282e+00 4.81011e-07
4.95969e+00 2.46093e+00 4.63071e-07
4.95969e+00 2.53907e+00 4.40169e-07
4.95969e+00 2.61718e+00 4.12896e-07
4.95969e+00 2.69517e+00 3.82025e-07
4.95969e+00 2.77297e+00 3.48469e-07
4.95969e+00 2.85051e+00 3.13232e-07
4.95969e+00 2.92770e+00 2.77348e-07
4.95969e+00 3.00447e+00 2.41817e-07
4.95969e+00 3.08076e+00 2.07552e-07
4.95969e+00 3.15647e+00 1.75326e-07
4.95969e+00 3.23154e+00 1.45740e-07
4.95969e+00 3.30590e+00 1.19204e-07
4.95969e+00 3.37947e+00 9.59368e-08
4.95969e+00 3.45218e+00 7.59813e-08
4.95969e+00 3.52396e+00 5.92297e-08
4.95969e+00 3.59474e+00 4.54579e-08
4.95969e+00 3.66445e+00 3.43630e-08
4.95969e+00 3.73303e+00 2.55977e-08
4.95969e+00 3.80040e+00 1.88020e-08
4.95969e+00 3.86649e+00 1.36275e-08
4.95969e+00 3.93125e+00 9.75424e-09
4.95969e+00 3.99462e+00 6.90151e-09
4.95969e+00 4.05652e+00 4.83193e-09
4.95969e+00 4.11690e+00 3.35136e-09
4.95969e+00 4.17571e+00 2.30560e-09
4.95969e+00 4.23287e+00 1.57541e-09
4.95969e+00 4.28835e+00 1.07070e-09
4.95969e+00 4.34207e+00 7.24871e-10
4.95969e+00 4.39400e+00 4.89619e-10
4.95969e+00 4.44407e+00 3.30503e-10
4.95969e+00 4.49224e+00 2.23330e-10
4.95969e+00 4.53847e+00 1.51332e-10
4.95969e+00 4.58271e+00 1.03014e-10
4.95969e+00 4.62491e+00 7.05701e-11
4.95969e+00 4.66504e+00 4.87405e-11
4.95969e+00 4.70305e+00 3.40003e-11
4.95969e+00 4.73890e+00 2.39979e-11
4.95969e+00 4.77257e+00 1.71682e-11
4.95969e+00 4.80402e+00 1.24702e-11
4.95969e+00 4.83322e+00 9.21182e-12
4.95969e+00 4.86014e+00 6.93145e-12
4.95969e+00 4.88475e+00 5.32066e-12
4.95969e+00 4.90703e+00 4.17238e-12
4.95969e+00 4.92696e+00 3.34695e-12
4.95969e+00 4.94452e+00 2.74968e-12
4.95969e+00 4.95969e+00 2.31606e-12
4.95969e+00 4.97246e+00 2.00200e-12
4.95969e+00 4.98281e+00 1.77735e-12
4.95969e+00 4.99074e+00 1.62169e-12
4.95969e+00 4.99623e+00 1.52148e-12
4.95969e+00 4.99928e+00 1.46831e-12
4.97246e+00 7.15683e-04 7.54082e-14
4.97246e+00 3.77012e-03 2.09261e-12
4.97246e+00 9.26216e-03 1.26300e-11
4.97246e+00 1.71877e-02 4.34923e-11
4.97246e+00 2.75390e-02 1.11655e-10
4.97246e+00 4.03061e-02 2.39184e-10
4.97246e+00 5.54766e-02 4.53127e-10
4.97246e+00 7.30356e-02 7.85389e-10
4.97246e+00 9.29659e-02 1.27259e-09
4.97246e+00 1.15248e-01 1.95587e-09
4.97246e+00 1.39860e-01 2.88075e-09
4.97246e+00 1.66779e-01 4.09689e-09
4.97246e+00 1.95977e-01 5.65787e-09
4.97246e+00 2.27426e-01 7.62096e-09
4.97246e+00 2.61096e-01 1.00468e-08
4.97246e+00 2.96953e-01 1.29993e-08
4.97246e+00 3.34963e-01 1.65448e-08
4.97246e+00 3.75089e-01 2.07524e-08
4.97246e+00 4.17290e-01 2.56927e-08
4.97246e+00 4.61527e-01 3.14378e-08
4.97246e+00 5.07755e-01 3.80602e-08
4.97246e+00 5.55930e-01 4.56320e-08
4.97246e+00 6.06005e-01 5.42236e-08
4.97246e+00 6.57930e-01 6.39024e-08
4.97246e+00 7.11655e-01 7.47308e-08
4.97246e+00 7.67127e-01 8.67639e-08
4.97246e+00 8.24292e-01 1.00047e-07
4.97246e+00 8.83095e-01 1.14612e-07
4.97246e+00 9.43478e-01 1.30473e-07
4.97246e+00 1.00538e+00 1.47624e-07
4.97246e+00 1.06875e+00 1.66031e-07
4.97246e+00 1.13351e+00 1.85627e-07
4.97246e+00 1.19960e+00 2.06309e-07
4.97246e+00 1.26697e+00 2.27927e-07
4.97246e+00 1.33555e+00 2.50285e-07
4.97246e+00 1.40526e+00 2.73128e-07
4.97246e+00 1.47604e+00 2.96146e-07
4.97246e+00 1.54782e+00 3.18968e-07
4.97246e+00 1.62053e+00 3.41166e-07
4.97246e+00 1.69410e+00 3.62258e-07
4.97246e+00 1.76846e+00 3.81718e-07
4.97246e+00 1.84353e+00 3.98990e-07
4.97246e+00 1.91924e+00 4.13511e-07
4.97246e+00 1.99553e+00 4.24729e-07
4.97246e+00 2.07230e+00 4.32137e-07
4.97246e+00 2.14949e+00 4.35303e-07
4.97246e+00 2.22703e+00 4.33900e-07
4.97246e+00 2.30483e+00 4.27739e-07
4.97246e+00 2.38282e+00 4.16794e-07
4.97246e+00 2.46093e+00 4.01216e-07
4.97246e+00 2.53907e+00 3.81341e-07
4.97246e+00 2.61718e+00 3.57683e-07
4.97246e+00 2.69517e+00 3.30912e-07
4.97246e+00 2.77297e+00 3.01821e-07
4.97246e+00 2.85051e+00 2.71278e-07
4.97246e+00 2.92770e+00 2.40180e-07
4.97246e+00 3.00447e+00 2.09394e-07
4.97246e+00 3.08076e+00 1.79709e-07
4.97246e+00 3.15647e+00 1.51794e-07
4.97246e+00 3.23154e+00 1.26169e-07
4.97246e+00 3.30590e+00 1.03188e-07
4.97246e+00 3.37947e+00 8.30409e-08
4.97246e+00 3.45218e+00 6.57630e-08
4.97246e+00 3.52396e+00 5.12604e-08
4.97246e+00 3.59474e+00 3.93389e-08
4.97246e+00 3.66445e+00 2.97354e-08
4.97246e+00 3.73303e+00 2.21490e-08
4.97246e+00 3.80040e+00 1.62679e-08
4.97246e+00 3.86649e+00 1.17900e-08
4.97246e+00 3.93125e+00 8.43849e-09
4.97246e+00 3.99462e+00 5.97022e-09
4.97246e+00 4.05652e+00 4.17967e-09
4.97246e+00 4.11690e+00 2.89881e-09
4.97246e+00 4.17571e+00 1.99416e-09
4.97246e+00 4.23287e+00 1.36254e-09
4.97246e+00 4.28835e+00 9.25981e-10
4.97246e+00 4.34207e+00 6.26867e-10
4.97246e+00 4.39400e+00 4.23404e-10
4.97246e+00 4.44407e+00 2.85794e-10
4.97246e+00 4.49224e+00 1.93112e-10
4.97246e+00 4.53847e+00 1.30851e-10
4.97246e+00 4.58271e+00 8.90690e-11
4.97246e+00 4.62491e+00 6.10152e-11
4.97246e+00 4.66504e+00 4.21399e-11
4.97246e+00 4.70305e+00 2.93951e-11
4.97246e+00 4.73890e+00 2.07470e-11
4.97246e+00 4.77257e+00 1.48421e-11
4.97246e+00 4.80402e+00 1.07804e-11
4.97246e+00 4.83322e+00 7.96337e-12
4.97246e+00 4.86014e+00 5.99194e-12
4.97246e+00 4.88475e+00 4.59940e-12
4.97246e+00 4.90703e+00 3.60673e-12
4.97246e+00 4.92696e+00 2.89316e-12
4.97246e+00 4.94452e+00 2.37684e-12
4.97246e+00 4.95969e+00 2.00200e-12
4.97246e+00 4.97246e+00 1.73051e-12
4.97246e+00 4.98281e+00 1.53632e-12
4.97246e+00 4.99074e+00 1.40176e-12
4.97246e+00 4.99623e+00 1.31513e-12
4.97246e+00 4.99928e+00 1.26917e-12
4.98281e+00 7.15683e-04 6.71603e-14
4.98281e+00 3.77012e-03 1.86373e-12
4.98281e+00 9.26216e-03 1.12485e-11
4.98281e+00 1.71877e-02 3.87353e-11
4.98281e+00 2.75390e-02 9.94428e-11
4.98281e+00 4.03061e-02 2.13022e-10
4.98281e+00 5.54766e-02 4.03564e-10
4.98281e+00 7.30356e-02 6.99484e-10
4.98281e+00 9.29659e-02 1.13339e-09
4.98281e+00 1.15248e-01 1.74194e-09
4.98281e+00 1.39860e-01 2.56565e-09
4.98281e+00 1.66779e-01 3.64876e-09
4.98281e+00 1.95977e-01 5.03898e-09
4.98281e+00 2.27426e-01 6.78730e-09
4.98281e+00 2.61096e-01 8.94777e-09
4.98281e+00 2.96953e-01 1.15772e-08
4.98281e+00 3.34963e-01 1.47348e-08
4.98281e+00 3.75089e-01 1.84819e-08
4.98281e+00 4.17290e-01 2.28815e-08
4.98281e+00 4.61527e-01 2.79977e-08
4.98281e+00 5.07755e-01 3.38950e-08
4.98281e+00 5.55930e-01 4.06376e-08
4.98281e+00 6.06005e-01 4.82881e-08
4.98281e+00 6.57930e-01 5.69065e-08
4.98281e+00 7.11655e-01 6.65481e-08
4.98281e+00 7.67127e-01 7.72621e-08
4.98281e+00 8.24292e-01 8.90884e-08
4.98281e+00 8.83095e-01 1.02055e-07
4.98281e+00 9.43478e-01 1.16176e-07
4.98281e+00 1.00538e+00 1.31444e-07
4.98281e+00 1.06875e+00 1.47828e-07
4.98281e+00 1.13351e+00 1.65270e-07
4.98281e+00 1.19960e+00 1.83677e-07
4.98281e+00 1.26697e+00 2.02916e-07
4.98281e+00 1.33555e+00 2.22810e-07
4.98281e+00 1.40526e+00 2.43135e-07
4.98281e+00 1.47604e+00 2.63613e-07
4.98281e+00 1.54782e+00 2.83914e-07
4.98281e+00 1.62053e+00 3.03657e-07
4.98281e+00 1.69410e+00 3.22413e-07
4.98281e+00 1.76846e+00 3.39714e-07
4.98281e+00 1.84353e+00 3.55065e-07
4.98281e+00 1.91924e+00 3.67966e-07
4.98281e+00 1.99553e+00 3.77926e-07
4.98281e+00 2.07230e+00 3.84494e-07
4.98281e+00 2.14949e+00 3.87286e-07
4.98281e+00 2.22703e+00 3.86013e-07
4.98281e+00 2.30483e+00 3.80507e-07
4.98281e+00 2.38282e+00 3.70747e-07
4.98281e+00 2.46093e+00 3.56866e-07
4.98281e+00 2.53907e+00 3.39165e-07
4.98281e+00 2.61718e+00 3.18103e-07
4.98281e+00 2.69517e+00 2.94275e-07
4.98281e+00 2.77297e+00 2.68386e-07
4.98281e+00 2.85051e+00 2.41211e-07
4.98281e+00 2.92770e+00 2.13545e-07
4.98281e+00 3.00447e+00 1.86161e-07
4.98281e+00 3.08076e+00 1.59759e-07
4.98281e+00 3.15647e+00 1.34934e-07
4.98281e+00 3.23154e+00 1.12148e-07
4.98281e+00 3.30590e+00 9.17157e-08
4.98281e+00 3.37947e+00 7.38039e-08
4.98281e+00 3.45218e+00 5.84444e-08
4.98281e+00 3.52396e+00 4.55531e-08
4.98281e+00 3.59474e+00 3.49569e-08
4.98281e+00 3.66445e+00 2.64217e-08
4.98281e+00 3.73303e+00 1.96797e-08
4.98281e+00 3.80040e+00 1.44535e-08
4.98281e+00 3.86649e+00 1.04745e-08
4.98281e+00 3.93125e+00 7.49658e-09
4.98281e+00 3.99462e+00 5.30357e-09
4.98281e+00 4.05652e+00 3.71279e-09
4.98281e+00 4.11690e+00 2.57489e-09
4.98281e+00 4.17571e+00 1.77126e-09
4.98281e+00 4.23287e+00 1.21019e-09
4.98281e+00 4.28835e+00 8.22413e-10
4.98281e+00 4.34207e+00 5.56734e-10
4.98281e+00 4.39400e+00 3.76021e-10
4.98281e+00 4.44407e+00 2.53803e-10
4.98281e+00 4.49224e+00 1.71490e-10
4.98281e+00 4.53847e+00 1.16197e-10
4.98281e+00 4.58271e+00 7.90918e-11
4.98281e+00 4.62491e+00 5.41791e-11
4.98281e+00 4.66504e+00 3.74177e-11
4.98281e+00 4.70305e+00 2.61005e-11
4.98281e+00 4.73890e+00 1.84212e-11
4.98281e+00 4.77257e+00 1.31780e-11
4.98281e+00 4.80402e+00 9.57156e-12
4.98281e+00 4.83322e+00 7.07029e-12
4.98281e+00 4.86014e+00 5.31987e-12
4.98281e+00 4.88475e+00 4.08347e-12
4.98281e+00 4.90703e+00 3.20211e-12
4.98281e+00 4.92696e+00 2.56856e-12
4.98281e+00 4.94452e+00 2.11015e-12
4.98281e+00 4.95969e+00 1.77735e-12
4.98281e+00 4.97246e+00 1.53632e-12
4.98281e+00 4.98281e+00 1.36391e-12
4.98281e+00 4.99074e+00 1.24444e-12
4.98281e+00 4.99623e+00 1.16754e-12
4.98281e+00 4.99928e+00 1.12673e-12
4.99074e+00 7.15683e-04 6.14266e-14
4.99074e+00 3.77012e-03 1.70461e-12
4.99074e+00 9.26216e-03 1.02882e-11
4.99074e+00 1.71877e-02 3.54283e-11
4.99074e+00 2.75390e-02 9.09530e-11
4.99074e+00 4.03061e-02 1.94836e-10
4.99074e+00 5.54766e-02 3.69111e-10
4.99074e+00 7.30356e-02 6.39766e-10
4.99074e+00 9.29659e-02 1.03663e-09
4.99074e+00 1.15248e-01 1.59322e-09
4.99074e+00 1.39860e-01 2.34660e-09
4.99074e+00 1.66779e-01 3.33723e-09
4.99074e+00 1.95977e-01 4.60875e-09
4.99074e+00 2.27426e-01 6.20778e-09
4.99074e+00 2.61096e-01 8.18376e-09
4.99074e+00 2.96953e-01 1.05886e-08
4.99074e+00 3.34963e-01 1.34765e-08
4.99074e+00 3.75089e-01 1.69035e-08
4.99074e+00 4.17290e-01 2.09273e-08
4.99074e+00 4.61527e-01 2.56063e-08
4.99074e+00 5.07755e-01 3.09997e-08
4.99074e+00 5.55930e-01 3.71660e-08
4.99074e+00 6.06005e-01 4.41624e-08
4.99074e+00 6.57930e-01 5.20437e-08
4.99074e+00 7.11655e-01 6.08606e-08
4.99074e+00 7.67127e-01 7.06578e-08
4.99074e+00 8.24292e-01 8.14718e-08
4.99074e+00 8.83095e-01 9.33284e-08
4.99074e+00 9.43478e-01 1.06239e-07
4.99074e+00 1.00538e+00 1.20198e-07
4.99074e+00 1.06875e+00 1.35178e-07
4.99074e+00 1.13351e+00 1.51123e-07
4.99074e+00 1.19960e+00 1.67949e-07
4.99074e+00 1.26697e+00 1.85535e-07
4.99074e+00 1.33555e+00 2.03719e-07
4.99074e+00 1.40526e+00 2.22295e-07
4.99074e+00 1.47604e+00 2.41010e-07
4.99074e+00 1.54782e+00 2.59561e-07
4.99074e+00 1.62053e+00 2.77600e-07
4.99074e+00 1.69410e+00 2.94734e-07
4.99074e+00 1.76846e+00 3.10536e-07
4.99074e+00 1.84353e+00 3.24556e-07
4.99074e+00 1.91924e+00 3.36333e-07
4.99074e+00 1.99553e+00 3.45420e-07
4.99074e+00 2.07230e+00 3.51407e-07
4.99074e+00 2.14949e+00 3.53942e-07
4.99074e+00 2.22703e+00 3.52762e-07
4.99074e+00 2.30483e+00 3.47713e-07
4.99074e+00 2.38282e+00 3.38777e-07
4.99074e+00 2.46093e+00 3.26077e-07
4.99074e+00 2.53907e+00 3.09887e-07
4.99074e+00 2.61718e+00 2.90628e-07
4.99074e+00 2.69517e+00 2.68845e-07
4.99074e+00 2.77297e+00 2.45181e-07
4.99074e+00 2.85051e+00 2.20344e-07
4.99074e+00 2.92770e+00 1.95062e-07
4.99074e+00 3.00447e+00 1.70039e-07
4.99074e+00 3.08076e+00 1.45916e-07
4.99074e+00 3.15647e+00 1.23237e-07
4.99074e+00 3.23154e+00 1.02421e-07
4.99074e+00 3.30590e+00 8.37568e-08
4.99074e+00 3.37947e+00 6.73963e-08
4.99074e+00 3.45218e+00 5.33678e-08
4.99074e+00 3.52396e+00 4.15945e-08
4.99074e+00 3.59474e+00 3.19178e-08
4.99074e+00 3.66445e+00 2.41236e-08
4.99074e+00 3.73303e+00 1.79672e-08
4.99074e+00 3.80040e+00 1.31952e-08
4.99074e+00 3.86649e+00 9.56230e-09
4.99074e+00 3.93125e+00 6.84347e-09
4.99074e+00 3.99462e+00 4.84134e-09
4.99074e+00 4.05652e+00 3.38909e-09
4.99074e+00 4.11690e+00 2.35032e-09
4.99074e+00 4.17571e+00 1.61673e-09
4.99074e+00 4.23287e+00 1.10457e-09
4.99074e+00 4.28835e+00 7.50618e-10
4.99074e+00 4.34207e+00 5.08118e-10
4.99074e+00 4.39400e+00 3.43176e-10
4.99074e+00 4.44407e+00 2.31628e-10
4.99074e+00 4.49224e+00 1.56503e-10
4.99074e+00 4.53847e+00 1.06040e-10
4.99074e+00 4.58271e+00 7.21767e-11
4.99074e+00 4.62491e+00 4.94412e-11
4.99074e+00 4.66504e+00 3.41449e-11
4.99074e+00 4.70305e+00 2.38171e-11
4.99074e+00 4.73890e+00 1.68094e-11
4.99074e+00 4.77257e+00 1.20248e-11
4.99074e+00 4.80402e+00 8.73383e-12
4.99074e+00 4.83322e+00 6.45140e-12
4.99074e+00 4.86014e+00 4.85415e-12
4.99074e+00 4.88475e+00 3.72594e-12
4.99074e+00 4.90703e+00 2.92172e-12
4.99074e+00 4.92696e+00 2.34363e-12
4.99074e+00 4.94452e+00 1.92535e-12
4.99074e+00 4.95969e+00 1.62169e-12
4.99074e+00 4.97246e+00 1.40176e-12
4.99074e+00 4.98281e+00 1.24444e-12
4.99074e+00 4.99074e+00 1.13544e-12
4.99074e+00 4.99623e+00 1.06527e-12
4.99074e+00 4.99928e+00 1.02803e-12
4.99623e+00 7.15683e-04 5.77269e-14
4.99623e+00 3.77012e-03 1.60195e-12
4.99623e+00 9.26216e-03 9.66856e-12
4.99623e+00 1.71877e-02 3.32945e-11
4.99623e+00 2.75390e-02 8.54749e-11
4.99623e+00 4.03061e-02 1.83101e-10
4.99623e+00 5.54766e-02 3.46879e-10
4.99623e+00 7.30356e-02 6.01233e-10
4.99623e+00 9.29659e-02 9.74191e-10
4.99623e+00 1.15248e-01 1.49726e-09
4.99623e+00 1.39860e-01 2.20526e-09
4.99623e+00 1.66779e-01 3.13622e-09
4.99623e+00 1.95977e-01 4.33114e-09
4.99623e+00 2.27426e-01 5.83385e-09
4.99623e+00 2.61096e-01 7.69078e-09
4.99623e+00 2.96953e-01 9.95073e-09
4.99623e+00 3.34963e-01 1.26646e-08
4.99623e+00 3.75089e-01 1.58851e-08
4.99623e+00 4.17290e-01 1.96664e-08
4.99623e+00 4.61527e-01 2.40634e-08
4.99623e+00 5.07755e-01 2.91315e-08
4.99623e+00 5.55930e-01 3.49260e-08
4.99623e+00 6.06005e-01 4.15004e-08
4.99623e+00 6.57930e-01 4.89062e-08
4.99623e+00 7.11655e-01 5.71910e-08
4.99623e+00 7.67127e-01 6.63968e-08
4.99623e+00 8.24292e-01 7.65577e-08
4.99623e+00 8.83095e-01 8.76980e-08
4.99623e+00 9.43478e-01 9.98285e-08
4.99623e+00 1.00538e+00 1.12943e-07
4.99623e+00 1.06875e+00 1.27017e-07
4.99623e+00 1.13351e+00 1.41997e-07
4.99623e+00 1.19960e+00 1.57804e-07
4.99623e+00 1.26697e+00 1.74324e-07
4.99623e+00 1.33555e+00 1.91405e-07
4.99623e+00 1.40526e+00 2.08853e-07
4.99623e+00 1.47604e+00 2.26431e-07
4.99623e+00 1.54782e+00 2.43853e-07
4.99623e+00 1.62053e+00 2.60794e-07
4.99623e+00 1.69410e+00 2.76883e-07
4.99623e+00 1.76846e+00 2.91720e-07
4.99623e+00 1.84353e+00 3.04881e-07
4.99623e+00 1.91924e+00 3.15934e-07
4.99623e+00 1.99553e+00 3.24460e-07
4.99623e+00 2.07230e+00 3.30073e-07
4.99623e+00 2.14949e+00 3.32443e-07
4.99623e+00 2.22703e+00 3.31324e-07
4.99623e+00 2.30483e+00 3.26571e-07
4.99623e+00 2.38282e+00 3.18167e-07
4.99623e+00 2.46093e+00 3.06229e-07
4.99623e+00 2.53907e+00 2.91015e-07
4.99623e+00 2.61718e+00 2.72919e-07
4.99623e+00 2.69517e+00 2.52454e-07
4.99623e+00 2.77297e+00 2.30225e-07
4.99623e+00 2.85051e+00 2.06896e-07
4.99623e+00 2.92770e+00 1.83151e-07
4.99623e+00 3.00447e+00 1.59650e-07
4.99623e+00 3.08076e+00 1.36997e-07
4.99623e+00 3.15647e+00 1.15699e-07
4.99623e+00 3.23154e+00 9.61538e-08
4.99623e+00 3.30590e+00 7.86291e-08
4.99623e+00 3.37947e+00 6.32681e-08
4.99623e+00 3.45218e+00 5.00974e-08
4.99623e+00 3.52396e+00 3.90443e-08
4.99623e+00 3.59474e+00 2.99600e-08
4.99623e+00 3.66445e+00 2.26432e-08
4.99623e+00 3.73303e+00 1.68642e-08
4.99623e+00 3.80040e+00 1.23848e-08
4.99623e+00 3.86649e+00 8.97478e-09
4.99623e+00 3.93125e+00 6.42283e-09
4.99623e+00 3.99462e+00 4.54365e-09
4.99623e+00 4.05652e+00 3.18063e-09
4.99623e+00 4.11690e+00 2.20570e-09
4.99623e+00 4.17571e+00 1.51721e-09
4.99623e+00 4.23287e+00 1.03656e-09
4.99623e+00 4.28835e+00 7.04386e-10
4.99623e+00 4.34207e+00 4.76813e-10
4.99623e+00 4.39400e+00 3.22028e-10
4.99623e+00 4.44407e+00 2.17350e-10
4.99623e+00 4.49224e+00 1.46853e-10
4.99623e+00 4.53847e+00 9.94999e-11
4.99623e+00 4.58271e+00 6.77244e-11
4.99623e+00 4.62491e+00 4.63907e-11
4.99623e+00 4.66504e+00 3.20378e-11
4.99623e+00 4.70305e+00 2.23471e-11
4.99623e+00 4.73890e+00 1.57718e-11
4.99623e+00 4.77257e+00 1.12824e-11
4.99623e+00 4.80402e+00 8.19451e-12
4.99623e+00 4.83322e+00 6.05296e-12
4.99623e+00 4.86014e+00 4.55432e-12
4.99623e+00 4.88475e+00 3.49578e-12
4.99623e+00 4.90703e+00 2.74122e-12
4.99623e+00 4.92696e+00 2.19883e-12
4.99623e+00 4.94452e+00 1.80638e-12
4.99623e+00 4.95969e+00 1.52148e-12
4.99623e+00 4.97246e+00 1.31513e-12
4.99623e+00 4.98281e+00 1.16754e-12
4.99623e+00 4.99074e+00 1.06527e-12
4.99623e+00 4.99623e+00 9.99428e-13
4.99623e+00 4.99928e+00 9.64497e-13
4.99928e+00 7.15683e-04 5.57610e-14
4.99928e+00 3.77012e-03 1.54739e-12
4.99928e+00 9.26216e-03 9.33930e-12
4.99928e+00 1.71877e-02 3.21606e-11
4.99928e+00 2.75390e-02 8.25640e-11
4.99928e+00 4.03061e-02 1.76865e-10
4.99928e+00 5.54766e-02 3.35066e-10
4.99928e+00 7.30356e-02 5.80758e-10
4.99928e+00 9.29659e-02 9.41014e-10
4.99928e+00 1.15248e-01 1.44626e-09
4.99928e+00 1.39860e-01 2.13016e-09
4.99928e+00 1.66779e-01 3.02941e-09
4.99928e+00 1.95977e-01 4.18363e-09
4.99928e+00 2.27426e-01 5.63515e-09
4.99928e+00 2.61096e-01 7.42883e-09
4.99928e+00 2.96953e-01 9.61179e-09
4.99928e+00 3.34963e-01 1.22332e-08
4.99928e+00 3.75089e-01 1.53440e-08
4.99928e+00 4.17290e-01 1.89964e-08
4.99928e+00 4.61527e-01 2.32435e-08
4.99928e+00 5.07755e-01 2.81389e-08
4.99928e+00 5.55930e-01 3.37358e-08
4.99928e+00 6.06005e-01 4.00860e-08
4.99928e+00 6.57930e-01 4.72392e-08
4.99928e+00 7.11655e-01 5.52413e-08
4.99928e+00 7.67127e-01 6.41328e-08
4.99928e+00 8.24292e-01 7.39468e-08
4.99928e+00 8.83095e-01 8.47065e-08
4.99928e+00 9.43478e-01 9.64225e-08
4.99928e+00 1.00538e+00 1.09089e-07
4.99928e+00 1.06875e+00 1.22681e-07
4.99928e+00 1.13351e+00 1.37148e-07
4.99928e+00 1.19960e+00 1.52414e-07
4.99928e+00 1.26697e+00 1.68368e-07
4.99928e+00 1.33555e+00 1.84863e-07
4.99928e+00 1.40526e+00 2.01713e-07
4.99928e+00 1.47604e+00 2.18686e-07
4.99928e+00 1.54782e+00 2.35509e-07
4.99928e+00 1.62053e+00 2.51866e-07
4.99928e+00 1.69410e+00 2.67401e-07
4.99928e+00 1.76846e+00 2.81725e-07
4.99928e+00 1.84353e+00 2.94430e-07
4.99928e+00 1.91924e+00 3.05100e-07
4.99928e+00 1.99553e+00 3.13328e-07
4.99928e+00 2.07230e+00 3.18743e-07
4.99928e+00 2.14949e+00 3.21026e-07
4.99928e+00 2.22703e+00 3.19938e-07
4.99928e+00 2.30483e+00 3.15343e-07
4.99928e+00 2.38282e+00 3.07222e-07
4.99928e+00 2.46093e+00 2.95689e-07
4.99928e+00 2.53907e+00 2.80993e-07
4.99928e+00 2.61718e+00 2.63516e-07
4.99928e+00 2.69517e+00 2.43751e-07
4.99928e+00 2.77297e+00 2.22284e-07
4.99928e+00 2.85051e+00 1.99756e-07
4.99928e+00 2.92770e+00 1.76826e-07
4.99928e+00 3.00447e+00 1.54135e-07
4.99928e+00 3.08076e+00 1.32261e-07
4.99928e+00 3.15647e+00 1.11698e-07
4.99928e+00 3.23154e+00 9.28267e-08
4.99928e+00 3.30590e+00 7.59070e-08
4.99928e+00 3.37947e+00 6.10767e-08
4.99928e+00 3.45218e+00 4.83613e-08
4.99928e+00 3.52396e+00 3.76907e-08
4.99928e+00 3.59474e+00 2.89208e-08
4.99928e+00 3.66445e+00 2.18575e-08
4.99928e+00 3.73303e+00 1.62787e-08
4.99928e+00 3.80040e+00 1.19547e-08
4.99928e+00 3.86649e+00 8.66295e-09
4.99928e+00 3.93125e+00 6.19958e-09
4.99928e+00 3.99462e+00 4.38566e-09
4.99928e+00 4.05652e+00 3.06999e-09
4.99928e+00 4.11690e+00 2.12895e-09
4.99928e+00 4.17571e+00 1.46440e-09
4.99928e+00 4.23287e+00 1.00047e-09
4.99928e+00 4.28835e+00 6.79852e-10
4.99928e+00 4.34207e+00 4.60201e-10
4.99928e+00 4.39400e+00 3.10805e-10
4.99928e+00 4.44407e+00 2.09773e-10
4.99928e+00 4.49224e+00 1.41733e-10
4.99928e+00 4.53847e+00 9.60297e-11
4.99928e+00 4.58271e+00 6.53619e-11
4.99928e+00 4.62491e+00 4.47721e-11
4.99928e+00 4.66504e+00 3.09198e-11
4.99928e+00 4.70305e+00 2.15671e-11
4.99928e+00 4.73890e+00 1.52212e-11
4.99928e+00 4.77257e+00 1.08884e-11
4.99928e+00 4.80402e+00 7.90835e-12
4.99928e+00 4.83322e+00 5.84156e-12
4.99928e+00 4.86014e+00 4.39524e-12
4.99928e+00 4.88475e+00 3.37366e-12
4.99928e+00 4.90703e+00 2.64545e-12
4.99928e+00 4.92696e+00 2.12200e-12
4.99928e+00 4.94452e+00 1.74326e-12
4.99928e+00 4.95969e+00 1.46831e-12
4.99928e+00 4.97246e+00 1.26917e-12
4.99928e+00 4.98281e+00 1.12673e-12
4.99928e+00 4.99074e+00 1.02803e-12
4.99928e+00 4.99623e+00 9.64497e-13
4.99928e+00 4.99928e+00 9.30786e-13
