1.83659e-03 7.15683e-04
4.27348e-03 3.77012e-03
6.70981e-03 9.26216e-03
9.13990e-03 1.71877e-02
1.15611e-02 2.75390e-02
1.39711e-02 4.03061e-02
1.63674e-02 5.54766e-02
1.87477e-02 7.30356e-02
2.11097e-02 9.29659e-02
2.34510e-02 1.15248e-01
2.57695e-02 1.39860e-01
2.80628e-02 1.66779e-01
3.03286e-02 1.95977e-01
3.25649e-02 2.27426e-01
3.47693e-02 2.61096e-01
3.69397e-02 2.96953e-01
3.90741e-02 3.34963e-01
4.11702e-02 3.75089e-01
4.32262e-02 4.17290e-01
4.52399e-02 4.61527e-01
4.72093e-02 5.07755e-01
4.91327e-02 5.55930e-01
5.10081e-02 6.06005e-01
5.28336e-02 6.57930e-01
5.46075e-02 7.11655e-01
5.63281e-02 7.67127e-01
5.79936e-02 8.24292e-01
5.96024e-02 8.83095e-01
6.11530e-02 9.43478e-01
6.26439e-02 1.00538e+00
6.40735e-02 1.06875e+00
6.54405e-02 1.13351e+00
6.67436e-02 1.19960e+00
6.79815e-02 1.26697e+00
6.91530e-02 1.33555e+00
7.02569e-02 1.40526e+00
7.12921e-02 1.47604e+00
7.22577e-02 1.54782e+00
7.31527e-02 1.62053e+00
7.39762e-02 1.69410e+00
7.47274e-02 1.76846e+00
7.54057e-02 1.84353e+00
7.60102e-02 1.91924e+00
7.65405e-02 1.99553e+00
7.69959e-02 2.07230e+00
7.73762e-02 2.14949e+00
7.76808e-02 2.22703e+00
7.79096e-02 2.30483e+00
7.80622e-02 2.38282e+00
7.81386e-02 2.46093e+00
7.81386e-02 2.53907e+00
7.80622e-02 2.61718e+00
7.79096e-02 2.69517e+00
7.76808e-02 2.77297e+00
7.73762e-02 2.85051e+00
7.69959e-02 2.92770e+00
7.65405e-02 3.00447e+00
7.60102e-02 3.08076e+00
7.54057e-02 3.15647e+00
7.47274e-02 3.23154e+00
7.39762e-02 3.30590e+00
7.31527e-02 3.37947e+00
7.22577e-02 3.45218e+00
7.12921e-02 3.52396e+00
7.02569e-02 3.59474e+00
6.91530e-02 3.66445e+00
6.79815e-02 3.73303e+00
6.67436e-02 3.80040e+00
6.54405e-02 3.86649e+00
6.40735e-02 3.93125e+00
6.26439e-02 3.99462e+00
6.11530e-02 4.05652e+00
5.96024e-02 4.11690e+00
5.79936e-02 4.17571e+00
5.63281e-02 4.23287e+00
5.46075e-02 4.28835e+00
5.28336e-02 4.34207e+00
5.10081e-02 4.39400e+00
4.91327e-02 4.44407e+00
4.72093e-02 4.49224e+00
4.52399e-02 4.53847e+00
4.32262e-02 4.58271e+00
4.11702e-02 4.62491e+00
3.90741e-02 4.66504e+00
3.69397e-02 4.70305e+00
3.47693e-02 4.73890e+00
3.25649e-02 4.77257e+00
3.03286e-02 4.80402e+00
2.80628e-02 4.83322e+00
2.57695e-02 4.86014e+00
2.34510e-02 4.88475e+00
2.11097e-02 4.90703e+00
1.87477e-02 4.92696e+00
1.63674e-02 4.94452e+00
1.39711e-02 4.95969e+00
1.15611e-02 4.97246e+00
9.13990e-03 4.98281e+00
6.70981e-03 4.99074e+00
4.27348e-03 4.99623e+00
1.83659e-03 4.99928e+00
7.15683e-04 7.15683e-04 2.00836e-06
7.15683e-04 3.77012e-03 5.57311e-05
7.15683e-04 9.26216e-03 3.36313e-04
7.15683e-04 1.71877e-02 1.15759e-03
7.15683e-04 2.75390e-02 2.96878e-03
7.15683e-04 4.03061e-02 6.34753e-03
7.15683e-04 5.54766e-02 1.19870e-02
7.15683e-04 7.30356e-02 2.06746e-02
7.15683e-04 9.29659e-02 3.32599e-02
7.15683e-04 1.15248e-01 5.06097e-02
7.15683e-04 1.39860e-01 7.35506e-02
7.15683e-04 1.66779e-01 1.02800e-01
7.15683e-04 1.95977e-01 1.38894e-01
7.15683e-04 2.27426e-01 1.82111e-01
7.15683e-04 2.61096e-01 2.32419e-01
7.15683e-04 2.96953e-01 2.89434e-01
7.15683e-04 3.34963e-01 3.52417e-01
7.15683e-04 3.75089e-01 4.20306e-01
7.15683e-04 4.17290e-01 4.91781e-01
7.15683e-04 4.61527e-01 5.65351e-01
7.15683e-04 5.07755e-01 6.39460e-01
7.15683e-04 5.55930e-01 7.12583e-01
7.15683e-04 6.06005e-01 7.83321e-01
7.15683e-04 6.57930e-01 8.50460e-01
7.15683e-04 7.11655e-01 9.13018e-01
7.15683e-04 7.67127e-01 9.70258e-01
7.15683e-04 8.24292e-01 1.02169e+00
7.15683e-04 8.83095e-01 1.06704e+00
7.15683e-04 9.43478e-01 1.10623e+00
7.15683e-04 1.00538e+00 1.13937e+00
7.15683e-04 1.06875e+00 1.16666e+00
7.15683e-04 1.13351e+00 1.18841e+00
7.15683e-04 1.19960e+00 1.20498e+00
7.15683e-04 1.26697e+00 1.21672e+00
7.15683e-04 1.33555e+00 1.22396e+00
7.15683e-04 1.40526e+00 1.22696e+00
7.15683e-04 1.47604e+00 1.22583e+00
7.15683e-04 1.54782e+00 1.22050e+00
7.15683e-04 1.62053e+00 1.21065e+00
7.15683e-04 1.69410e+00 1.19566e+00
7.15683e-04 1.76846e+00 1.17455e+00
7.15683e-04 1.84353e+00 1.14597e+00
7.15683e-04 1.91924e+00 1.10823e+00
7.15683e-04 1.99553e+00 1.05937e+00
7.15683e-04 2.07230e+00 9.97397e-01
7.15683e-04 2.14949e+00 9.20577e-01
7.15683e-04 2.22703e+00 8.27925e-01
7.15683e-04 2.30483e+00 7.19763e-01
7.15683e-04 2.38282e+00 5.98301e-01
7.15683e-04 2.46093e+00 4.68056e-01
7.15683e-04 2.53907e+00 3.35856e-01
7.15683e-04 2.61718e+00 2.10213e-01
7.15683e-04 2.69517e+00 9.99765e-02
7.15683e-04 2.77297e+00 1.24611e-02
7.15683e-04 2.85051e+00 -4.83684e-02
7.15683e-04 2.92770e+00 -8.28992e-02
7.15683e-04 3.00447e+00 -9.55026e-02
7.15683e-04 3.08076e+00 -9.28755e-02
7.15683e-04 3.15647e+00 -8.18698e-02
7.15683e-04 3.23154e+00 -6.78259e-02
7.15683e-04 3.30590e+00 -5.39858e-02
7.15683e-04 3.37947e+00 -4.18301e-02
7.15683e-04 3.45218e+00 -3.17696e-02
7.15683e-04 3.52396e+00 -2.37233e-02
7.15683e-04 3.59474e+00 -1.74394e-02
7.15683e-04 3.66445e+00 -1.26294e-02
7.15683e-04 3.73303e+00 -9.01557e-03
7.15683e-04 3.80040e+00 -6.34846e-03
7.15683e-04 3.86649e+00 -4.41319e-03
7.15683e-04 3.93125e+00 -3.03136e-03
7.15683e-04 3.99462e+00 -2.05950e-03
7.15683e-04 4.05652e+00 -1.38551e-03
7.15683e-04 4.11690e+00 -9.24079e-04
7.15683e-04 4.17571e+00 -6.11832e-04
7.15683e-04 4.23287e+00 -4.02708e-04
7.15683e-04 4.28835e+00 -2.63894e-04
7.15683e-04 4.34207e+00 -1.72438e-04
7.15683e-04 4.39400e+00 -1.12542e-04
7.15683e-04 4.44407e+00 -7.34864e-05
7.15683e-04 4.49224e+00 -4.80924e-05
7.15683e-04 4.53847e+00 -3.16009e-05
7.15683e-04 4.58271e+00 -2.08865e-05
7.15683e-04 4.62491e+00 -1.39115e-05
7.15683e-04 4.66504e+00 -9.35452e-06
7.15683e-04 4.70305e+00 -6.36221e-06
7.15683e-04 4.73890e+00 -4.38450e-06
7.15683e-04 4.77257e+00 -3.06712e-06
7.15683e-04 4.80402e+00 -2.18169e-06
7.15683e-04 4.83322e+00 -1.58065e-06
7.15683e-04 4.86014e+00 -1.16830e-06
7.15683e-04 4.88475e+00 -8.82282e-07
7.15683e-04 4.90703e+00 -6.81740e-07
7.15683e-04 4.92696e+00 -5.39711e-07
7.15683e-04 4.94452e+00 -4.38287e-07
7.15683e-04 4.95969e+00 -3.65495e-07
7.15683e-04 4.97246e+00 -3.13287e-07
7.15683e-04 4.98281e+00 -2.76245e-07
7.15683e-04 4.99074e+00 -2.50741e-07
7.15683e-04 4.99623e+00 -2.34399e-07
7.15683e-04 4.99928e+00 -2.25755e-07
3.77012e-03 7.15683e-04 2.00822e-06
3.77012e-03 3.77012e-03 5.57272e-05
3.77012e-03 9.26216e-03 3.36290e-04
3.77012e-03 1.71877e-02 1.15751e-03
3.77012e-03 2.75390e-02 2.96858e-03
3.77012e-03 4.03061e-02 6.34709e-03
3.77012e-03 5.54766e-02 1.19862e-02
3.77012e-03 7.30356e-02 2.06732e-02
3.77012e-03 9.29659e-02 3.32577e-02
3.77012e-03 1.15248e-01 5.06063e-02
3.77012e-03 1.39860e-01 7.35457e-02
3.77012e-03 1.66779e-01 1.02794e-01
3.77012e-03 1.95977e-01 1.38885e-01
3.77012e-03 2.27426e-01 1.82100e-01
3.77012e-03 2.61096e-01 2.32406e-01
3.77012e-03 2.96953e-01 2.89418e-01
3.77012e-03 3.34963e-01 3.52399e-01
3.77012e-03 3.75089e-01 4.20286e-01
3.77012e-03 4.17290e-01 4.91759e-01
3.77012e-03 4.61527e-01 5.65328e-01
3.77012e-03 5.07755e-01 6.39436e-01
3.77012e-03 5.55930e-01 7.12559e-01
3.77012e-03 6.06005e-01 7.83296e-01
3.77012e-03 6.57930e-01 8.50436e-01
3.77012e-03 7.11655e-01 9.12994e-01
3.77012e-03 7.67127e-01 9.70235e-01
3.77012e-03 8.24292e-01 1.02167e+00
3.77012e-03 8.83095e-01 1.06702e+00
3.77012e-03 9.43478e-01 1.10622e+00
3.77012e-03 1.00538e+00 1.13935e+00
3.77012e-03 1.06875e+00 1.16665e+00
3.77012e-03 1.13351e+00 1.18840e+00
3.77012e-03 1.19960e+00 1.20496e+00
3.77012e-03 1.26697e+00 1.21671e+00
3.77012e-03 1.33555e+00 1.22395e+00
3.77012e-03 1.40526e+00 1.22695e+00
3.77012e-03 1.47604e+00 1.22582e+00
3.77012e-03 1.54782e+00 1.22049e+00
3.77012e-03 1.62053e+00 1.21065e+00
3.77012e-03 1.69410e+00 1.19565e+00
3.77012e-03 1.76846e+00 1.17454e+00
3.77012e-03 1.84353e+00 1.14597e+00
3.77012e-03 1.91924e+00 1.10822e+00
3.77012e-03 1.99553e+00 1.05937e+00
3.77012e-03 2.07230e+00 9.97392e-01
3.77012e-03 2.14949e+00 9.20573e-01
3.77012e-03 2.22703e+00 8.27921e-01
3.77012e-03 2.30483e+00 7.19760e-01
3.77012e-03 2.38282e+00 5.98299e-01
3.77012e-03 2.46093e+00 4.68054e-01
3.77012e-03 2.53907e+00 3.35854e-01
3.77012e-03 2.61718e+00 2.10212e-01
3.77012e-03 2.69517e+00 9.99756e-02
3.77012e-03 2.77297e+00 1.24604e-02
3.77012e-03 2.85051e+00 -4.83690e-02
3.77012e-03 2.92770e+00 -8.28995e-02
3.77012e-03 3.00447e+00 -9.55029e-02
3.77012e-03 3.08076e+00 -9.28757e-02
3.77012e-03 3.15647e+00 -8.18700e-02
3.77012e-03 3.23154e+00 -6.78260e-02
3.77012e-03 3.30590e+00 -5.39859e-02
3.77012e-03 3.37947e+00 -4.18302e-02
3.77012e-03 3.45218e+00 -3.17697e-02
3.77012e-03 3.52396e+00 -2.37234e-02
3.77012e-03 3.59474e+00 -1.74395e-02
3.77012e-03 3.66445e+00 -1.26294e-02
3.77012e-03 3.73303e+00 -9.01560e-03
3.77012e-03 3.80040e+00 -6.34849e-03
3.77012e-03 3.86649e+00 -4.41320e-03
3.77012e-03 3.93125e+00 -3.03137e-03
3.77012e-03 3.99462e+00 -2.05950e-03
3.77012e-03 4.05652e+00 -1.38551e-03
3.77012e-03 4.11690e+00 -9.24083e-04
3.77012e-03 4.17571e+00 -6.11836e-04
3.77012e-03 4.23287e+00 -4.02710e-04
3.77012e-03 4.28835e+00 -2.63896e-04
3.77012e-03 4.34207e+00 -1.72439e-04
3.77012e-03 4.39400e+00 -1.12542e-04
3.77012e-03 4.44407e+00 -7.34869e-05
3.77012e-03 4.49224e+00 -4.80927e-05
3.77012e-03 4.53847e+00 -3.16011e-05
3.77012e-03 4.58271e+00 -2.08866e-05
3.77012e-03 4.62491e+00 -1.39116e-05
3.77012e-03 4.66504e+00 -9.35459e-06
3.77012e-03 4.70305e+00 -6.36226e-06
3.77012e-03 4.73890e+00 -4.38454e-06
3.77012e-03 4.77257e+00 -3.06715e-06
3.77012e-03 4.80402e+00 -2.18171e-06
3.77012e-03 4.83322e+00 -1.58066e-06
3.77012e-03 4.86014e+00 -1.16831e-06
3.77012e-03 4.88475e+00 -8.82290e-07
3.77012e-03 4.90703e+00 -6.81746e-07
3.77012e-03 4.92696e+00 -5.39715e-07
3.77012e-03 4.94452e+00 -4.38291e-07
3.77012e-03 4.95969e+00 -3.65498e-07
3.77012e-03 4.97246e+00 -3.13290e-07
3.77012e-03 4.98281e+00 -2.76248e-07
3.77012e-03 4.99074e+00 -2.50743e-07
3.77012e-03 4.99623e+00 -2.34401e-07
3.77012e-03 4.99928e+00 -2.25757e-07
9.26216e-03 7.15683e-04 2.00749e-06
9.26216e-03 3.77012e-03 5.57070e-05
9.26216e-03 9.26216e-03 3.36167e-04
9.26216e-03 1.71877e-02 1.15709e-03
9.26216e-03 2.75390e-02 2.96750e-03
9.26216e-03 4.03061e-02 6.34479e-03
9.26216e-03 5.54766e-02 1.19819e-02
9.26216e-03 7.30356e-02 2.06658e-02
9.26216e-03 9.29659e-02 3.32459e-02
9.26216e-03 1.15248e-01 5.05886e-02
9.26216e-03 1.39860e-01 7.35205e-02
9.26216e-03 1.66779e-01 1.02759e-01
9.26216e-03 1.95977e-01 1.38840e-01
9.26216e-03 2.27426e-01 1.82044e-01
9.26216e-03 2.61096e-01 2.32337e-01
9.26216e-03 2.96953e-01 2.89336e-01
9.26216e-03 3.34963e-01 3.52305e-01
9.26216e-03 3.75089e-01 4.20181e-01
9.26216e-03 4.17290e-01 4.91645e-01
9.26216e-03 4.61527e-01 5.65207e-01
9.26216e-03 5.07755e-01 6.39310e-01
9.26216e-03 5.55930e-01 7.12431e-01
9.26216e-03 6.06005e-01 7.83168e-01
9.26216e-03 6.57930e-01 8.50310e-01
9.26216e-03 7.11655e-01 9.12872e-01
9.26216e-03 7.67127e-01 9.70118e-01
9.26216e-03 8.24292e-01 1.02155e+00
9.26216e-03 8.83095e-01 1.06691e+00
9.26216e-03 9.43478e-01 1.10612e+00
9.26216e-03 1.00538e+00 1.13926e+00
9.26216e-03 1.06875e+00 1.16656e+00
9.26216e-03 1.13351e+00 1.18832e+00
9.26216e-03 1.19960e+00 1.20489e+00
9.26216e-03 1.26697e+00 1.21664e+00
9.26216e-03 1.33555e+00 1.22389e+00
9.26216e-03 1.40526e+00 1.22689e+00
9.26216e-03 1.47604e+00 1.22577e+00
9.26216e-03 1.54782e+00 1.22044e+00
9.26216e-03 1.62053e+00 1.21060e+00
9.26216e-03 1.69410e+00 1.19561e+00
9.26216e-03 1.76846e+00 1.17451e+00
9.26216e-03 1.84353e+00 1.14593e+00
9.26216e-03 1.91924e+00 1.10819e+00
9.26216e-03 1.99553e+00 1.05934e+00
9.26216e-03 2.07230e+00 9.97366e-01
9.26216e-03 2.14949e+00 9.20550e-01
9.26216e-03 2.22703e+00 8.27902e-01
9.26216e-03 2.30483e+00 7.19743e-01
9.26216e-03 2.38282e+00 5.98285e-01
9.26216e-03 2.46093e+00 4.68043e-01
9.26216e-03 2.53907e+00 3.35845e-01
9.26216e-03 2.61718e+00 2.10205e-01
9.26216e-03 2.69517e+00 9.99705e-02
9.26216e-03 2.77297e+00 1.24567e-02
9.26216e-03 2.85051e+00 -4.83716e-02
9.26216e-03 2.92770e+00 -8.29014e-02
9.26216e-03 3.00447e+00 -9.55043e-02
9.26216e-03 3.08076e+00 -9.28769e-02
9.26216e-03 3.15647e+00 -8.18709e-02
9.26216e-03 3.23154e+00 -6.78268e-02
9.26216e-03 3.30590e+00 -5.39866e-02
9.26216e-03 3.37947e+00 -4.18308e-02
9.26216e-03 3.45218e+00 -3.17702e-02
9.26216e-03 3.52396e+00 -2.37238e-02
9.26216e-03 3.59474e+00 -1.74397e-02
9.26216e-03 3.66445e+00 -1.26296e-02
9.26216e-03 3.73303e+00 -9.01577e-03
9.26216e-03 3.80040e+00 -6.34861e-03
9.26216e-03 3.86649e+00 -4.41330e-03
9.26216e-03 3.93125e+00 -3.03143e-03
9.26216e-03 3.99462e+00 -2.05955e-03
9.26216e-03 4.05652e+00 -1.38555e-03
9.26216e-03 4.11690e+00 -9.24107e-04
9.26216e-03 4.17571e+00 -6.11852e-04
9.26216e-03 4.23287e+00 -4.02721e-04
9.26216e-03 4.28835e+00 -2.63903e-04
9.26216e-03 4.34207e+00 -1.72444e-04
9.26216e-03 4.39400e+00 -1.12546e-04
9.26216e-03 4.44407e+00 -7.34893e-05
9.26216e-03 4.49224e+00 -4.80943e-05
9.26216e-03 4.53847e+00 -3.16022e-05
9.26216e-03 4.58271e+00 -2.08874e-05
9.26216e-03 4.62491e+00 -1.39121e-05
9.26216e-03 4.66504e+00 -9.35495e-06
9.26216e-03 4.70305e+00 -6.36251e-06
9.26216e-03 4.73890e+00 -4.38472e-06
9.26216e-03 4.77257e+00 -3.06728e-06
9.26216e-03 4.80402e+00 -2.18180e-06
9.26216e-03 4.83322e+00 -1.58073e-06
9.26216e-03 4.86014e+00 -1.16836e-06
9.26216e-03 4.88475e+00 -8.82330e-07
9.26216e-03 4.90703e+00 -6.81777e-07
9.26216e-03 4.92696e+00 -5.39741e-07
9.26216e-03 4.94452e+00 -4.38311e-07
9.26216e-03 4.95969e+00 -3.65516e-07
9.26216e-03 4.97246e+00 -3.13305e-07
9.26216e-03 4.98281e+00 -2.76261e-07
9.26216e-03 4.99074e+00 -2.50755e-07
9.26216e-03 4.99623e+00 -2.34413e-07
9.26216e-03 4.99928e+00 -2.25768e-07
1.71877e-02 7.15683e-04 2.00535e-06
1.71877e-02 3.77012e-03 5.56476e-05
1.71877e-02 9.26216e-03 3.35809e-04
1.71877e-02 1.71877e-02 1.15585e-03
1.71877e-02 2.75390e-02 2.96434e-03
1.71877e-02 4.03061e-02 6.33807e-03
1.71877e-02 5.54766e-02 1.19692e-02
1.71877e-02 7.30356e-02 2.06442e-02
1.71877e-02 9.29659e-02 3.32114e-02
1.71877e-02 1.15248e-01 5.05369e-02
1.71877e-02 1.39860e-01 7.34467e-02
1.71877e-02 1.66779e-01 1.02659e-01
1.71877e-02 1.95977e-01 1.38708e-01
1.71877e-02 2.27426e-01 1.81877e-01
1.71877e-02 2.61096e-01 2.32133e-01
1.71877e-02 2.96953e-01 2.89095e-01
1.71877e-02 3.34963e-01 3.52028e-01
1.71877e-02 3.75089e-01 4.19873e-01
1.71877e-02 4.17290e-01 4.91310e-01
1.71877e-02 4.61527e-01 5.64852e-01
1.71877e-02 5.07755e-01 6.38941e-01
1.71877e-02 5.55930e-01 7.12056e-01
1.71877e-02 6.06005e-01 7.82793e-01
1.71877e-02 6.57930e-01 8.49941e-01
1.71877e-02 7.11655e-01 9.12514e-01
1.71877e-02 7.67127e-01 9.69774e-01
1.71877e-02 8.24292e-01 1.02123e+00
1.71877e-02 8.83095e-01 1.06660e+00
1.71877e-02 9.43478e-01 1.10583e+00
1.71877e-02 1.00538e+00 1.13899e+00
1.71877e-02 1.06875e+00 1.16631e+00
1.71877e-02 1.13351e+00 1.18809e+00
1.71877e-02 1.19960e+00 1.20468e+00
1.71877e-02 1.26697e+00 1.21644e+00
1.71877e-02 1.33555e+00 1.22371e+00
1.71877e-02 1.40526e+00 1.22673e+00
1.71877e-02 1.47604e+00 1.22561e+00
1.71877e-02 1.54782e+00 1.22030e+00
1.71877e-02 1.62053e+00 1.21047e+00
1.71877e-02 1.69410e+00 1.19549e+00
1.71877e-02 1.76846e+00 1.17439e+00
1.71877e-02 1.84353e+00 1.14583e+00
1.71877e-02 1.91924e+00 1.10810e+00
1.71877e-02 1.99553e+00 1.05925e+00
1.71877e-02 2.07230e+00 9.97292e-01
1.71877e-02 2.14949e+00 9.20484e-01
1.71877e-02 2.22703e+00 8.27844e-01
1.71877e-02 2.30483e+00 7.19694e-01
1.71877e-02 2.38282e+00 5.98244e-01
1.71877e-02 2.46093e+00 4.68010e-01
1.71877e-02 2.53907e+00 3.35819e-01
1.71877e-02 2.61718e+00 2.10185e-01
1.71877e-02 2.69517e+00 9.99557e-02
1.71877e-02 2.77297e+00 1.24460e-02
1.71877e-02 2.85051e+00 -4.83792e-02
1.71877e-02 2.92770e+00 -8.29070e-02
1.71877e-02 3.00447e+00 -9.55085e-02
1.71877e-02 3.08076e+00 -9.28802e-02
1.71877e-02 3.15647e+00 -8.18737e-02
1.71877e-02 3.23154e+00 -6.78292e-02
1.71877e-02 3.30590e+00 -5.39886e-02
1.71877e-02 3.37947e+00 -4.18324e-02
1.71877e-02 3.45218e+00 -3.17715e-02
1.71877e-02 3.52396e+00 -2.37248e-02
1.71877e-02 3.59474e+00 -1.74406e-02
1.71877e-02 3.66445e+00 -1.26303e-02
1.71877e-02 3.73303e+00 -9.01625e-03
1.71877e-02 3.80040e+00 -6.34897e-03
1.71877e-02 3.86649e+00 -4.41356e-03
1.71877e-02 3.93125e+00 -3.03163e-03
1.71877e-02 3.99462e+00 -2.05969e-03
1.71877e-02 4.05652e+00 -1.38564e-03
1.71877e-02 4.11690e+00 -9.24175e-04
1.71877e-02 4.17571e+00 -6.11899e-04
1.71877e-02 4.23287e+00 -4.02754e-04
1.71877e-02 4.28835e+00 -2.63926e-04
1.71877e-02 4.34207e+00 -1.72460e-04
1.71877e-02 4.39400e+00 -1.12556e-04
1.71877e-02 4.44407e+00 -7.34963e-05
1.71877e-02 4.49224e+00 -4.80991e-05
1.71877e-02 4.53847e+00 -3.16054e-05
1.71877e-02 4.58271e+00 -2.08896e-05
1.71877e-02 4.62491e+00 -1.39136e-05
1.71877e-02 4.66504e+00 -9.35601e-06
1.71877e-02 4.70305e+00 -6.36325e-06
1.71877e-02 4.73890e+00 -4.38524e-06
1.71877e-02 4.77257e+00 -3.06765e-06
1.71877e-02 4.80402e+00 -2.18208e-06
1.71877e-02 4.83322e+00 -1.58093e-06
1.71877e-02 4.86014e+00 -1.16851e-06
1.71877e-02 4.88475e+00 -8.82446e-07
1.71877e-02 4.90703e+00 -6.81869e-07
1.71877e-02 4.92696e+00 -5.39814e-07
1.71877e-02 4.94452e+00 -4.38372e-07
1.71877e-02 4.95969e+00 -3.65567e-07
1.71877e-02 4.97246e+00 -3.13350e-07
1.71877e-02 4.98281e+00 -2.76300e-07
1.71877e-02 4.99074e+00 -2.50791e-07
1.71877e-02 4.99623e+00 -2.34446e-07
1.71877e-02 4.99928e+00 -2.25800e-07
2.75390e-02 7.15683e-04 2.00064e-06
2.75390e-02 3.77012e-03 5.55169e-05
2.75390e-02 9.26216e-03 3.35021e-04
2.75390e-02 1.71877e-02 1.15314e-03
2.75390e-02 2.75390e-02 2.95740e-03
2.75390e-02 4.03061e-02 6.32326e-03
2.75390e-02 5.54766e-02 1.19414e-02
2.75390e-02 7.30356e-02 2.05964e-02
2.75390e-02 9.29659e-02 3.31354e-02
2.75390e-02 1.15248e-01 5.04229e-02
2.75390e-02 1.39860e-01 7.32841e-02
2.75390e-02 1.66779e-01 1.02437e-01
2.75390e-02 1.95977e-01 1.38417e-01
2.75390e-02 2.27426e-01 1.81509e-01
2.75390e-02 2.61096e-01 2.31684e-01
2.75390e-02 2.96953e-01 2.88565e-01
2.75390e-02 3.34963e-01 3.51419e-01
2.75390e-02 3.75089e-01 4.19193e-01
2.75390e-02 4.17290e-01 4.90572e-01
2.75390e-02 4.61527e-01 5.64068e-01
2.75390e-02 5.07755e-01 6.38128e-01
2.75390e-02 5.55930e-01 7.11228e-01
2.75390e-02 6.06005e-01 7.81966e-01
2.75390e-02 6.57930e-01 8.49127e-01
2.75390e-02 7.11655e-01 9.11723e-01
2.75390e-02 7.67127e-01 9.69014e-01
2.75390e-02 8.24292e-01 1.02050e+00
2.75390e-02 8.83095e-01 1.06592e+00
2.75390e-02 9.43478e-01 1.10519e+00
2.75390e-02 1.00538e+00 1.13839e+00
2.75390e-02 1.06875e+00 1.16576e+00
2.75390e-02 1.13351e+00 1.18757e+00
2.75390e-02 1.19960e+00 1.20420e+00
2.75390e-02 1.26697e+00 1.21600e+00
2.75390e-02 1.33555e+00 1.22330e+00
2.75390e-02 1.40526e+00 1.22635e+00
2.75390e-02 1.47604e+00 1.22527e+00
2.75390e-02 1.54782e+00 1.21999e+00
2.75390e-02 1.62053e+00 1.21018e+00
2.75390e-02 1.69410e+00 1.19522e+00
2.75390e-02 1.76846e+00 1.17415e+00
2.75390e-02 1.84353e+00 1.14561e+00
2.75390e-02 1.91924e+00 1.10790e+00
2.75390e-02 1.99553e+00 1.05907e+00
2.75390e-02 2.07230e+00 9.97127e-01
2.75390e-02 2.14949e+00 9.20339e-01
2.75390e-02 2.22703e+00 8.27718e-01
2.75390e-02 2.30483e+00 7.19585e-01
2.75390e-02 2.38282e+00 5.98153e-01
2.75390e-02 2.46093e+00 4.67936e-01
2.75390e-02 2.53907e+00 3.35761e-01
2.75390e-02 2.61718e+00 2.10141e-01
2.75390e-02 2.69517e+00 9.99230e-02
2.75390e-02 2.77297e+00 1.24224e-02
2.75390e-02 2.85051e+00 -4.83962e-02
2.75390e-02 2.92770e+00 -8.29194e-02
2.75390e-02 3.00447e+00 -9.55179e-02
2.75390e-02 3.08076e+00 -9.28877e-02
2.75390e-02 3.15647e+00 -8.18798e-02
2.75390e-02 3.23154e+00 -6.78343e-02
2.75390e-02 3.30590e+00 -5.39929e-02
2.75390e-02 3.37947e+00 -4.18360e-02
2.75390e-02 3.45218e+00 -3.17744e-02
2.75390e-02 3.52396e+00 -2.37272e-02
2.75390e-02 3.59474e+00 -1.74424e-02
2.75390e-02 3.66445e+00 -1.26317e-02
2.75390e-02 3.73303e+00 -9.01733e-03
2.75390e-02 3.80040e+00 -6.34977e-03
2.75390e-02 3.86649e+00 -4.41415e-03
2.75390e-02 3.93125e+00 -3.03205e-03
2.75390e-02 3.99462e+00 -2.06000e-03
2.75390e-02 4.05652e+00 -1.38586e-03
2.75390e-02 4.11690e+00 -9.24327e-04
2.75390e-02 4.17571e+00 -6.12005e-04
2.75390e-02 4.23287e+00 -4.02827e-04
2.75390e-02 4.28835e+00 -2.63975e-04
2.75390e-02 4.34207e+00 -1.72493e-04
2.75390e-02 4.39400e+00 -1.12579e-04
2.75390e-02 4.44407e+00 -7.35119e-05
2.75390e-02 4.49224e+00 -4.81097e-05
2.75390e-02 4.53847e+00 -3.16126e-05
2.75390e-02 4.58271e+00 -2.08945e-05
2.75390e-02 4.62491e+00 -1.39170e-05
2.75390e-02 4.66504e+00 -9.35834e-06
2.75390e-02 4.70305e+00 -6.36489e-06
2.75390e-02 4.73890e+00 -4.38640e-06
2.75390e-02 4.77257e+00 -3.06848e-06
2.75390e-02 4.80402e+00 -2.18268e-06
2.75390e-02 4.83322e+00 -1.58138e-06
2.75390e-02 4.86014e+00 -1.16885e-06
2.75390e-02 4.88475e+00 -8.82705e-07
2.75390e-02 4.90703e+00 -6.82072e-07
2.75390e-02 4.92696e+00 -5.39977e-07
2.75390e-02 4.94452e+00 -4.38506e-07
2.75390e-02 4.95969e+00 -3.65680e-07
2.75390e-02 4.97246e+00 -3.13447e-07
2.75390e-02 4.98281e+00 -2.76387e-07
2.75390e-02 4.99074e+00 -2.50870e-07
2.75390e-02 4.99623e+00 -2.34521e-07
2.75390e-02 4.99928e+00 -2.25872e-07
4.03061e-02 7.15683e-04 1.99187e-06
4.03061e-02 3.77012e-03 5.52736e-05
4.03061e-02 9.26216e-03 3.33552e-04
4.03061e-02 1.71877e-02 1.14809e-03
4.03061e-02 2.75390e-02 2.94446e-03
4.03061e-02 4.03061e-02 6.29568e-03
4.03061e-02 5.54766e-02 1.18895e-02
4.03061e-02 7.30356e-02 2.05076e-02
4.03061e-02 9.29659e-02 3.29939e-02
4.03061e-02 1.15248e-01 5.02106e-02
4.03061e-02 1.39860e-01 7.29812e-02
4.03061e-02 1.66779e-01 1.02023e-01
4.03061e-02 1.95977e-01 1.37875e-01
4.03061e-02 2.27426e-01 1.80824e-01
4.03061e-02 2.61096e-01 2.30848e-01
4.03061e-02 2.96953e-01 2.87575e-01
4.03061e-02 3.34963e-01 3.50284e-01
4.03061e-02 3.75089e-01 4.17926e-01
4.03061e-02 4.17290e-01 4.89194e-01
4.03061e-02 4.61527e-01 5.62606e-01
4.03061e-02 5.07755e-01 6.36610e-01
4.03061e-02 5.55930e-01 7.09683e-01
4.03061e-02 6.06005e-01 7.80422e-01
4.03061e-02 6.57930e-01 8.47606e-01
4.03061e-02 7.11655e-01 9.10245e-01
4.03061e-02 7.67127e-01 9.67595e-01
4.03061e-02 8.24292e-01 1.01915e+00
4.03061e-02 8.83095e-01 1.06465e+00
4.03061e-02 9.43478e-01 1.10399e+00
4.03061e-02 1.00538e+00 1.13728e+00
4.03061e-02 1.06875e+00 1.16472e+00
4.03061e-02 1.13351e+00 1.18661e+00
4.03061e-02 1.19960e+00 1.20331e+00
4.03061e-02 1.26697e+00 1.21518e+00
4.03061e-02 1.33555e+00 1.22255e+00
4.03061e-02 1.40526e+00 1.22566e+00
4.03061e-02 1.47604e+00 1.22463e+00
4.03061e-02 1.54782e+00 1.21940e+00
4.03061e-02 1.62053e+00 1.20963e+00
4.03061e-02 1.69410e+00 1.19473e+00
4.03061e-02 1.76846e+00 1.17369e+00
4.03061e-02 1.84353e+00 1.14519e+00
4.03061e-02 1.91924e+00 1.10752e+00
4.03061e-02 1.99553e+00 1.05873e+00
4.03061e-02 2.07230e+00 9.96820e-01
4.03061e-02 2.14949e+00 9.20067e-01
4.03061e-02 2.22703e+00 8.27480e-01
4.03061e-02 2.30483e+00 7.19382e-01
4.03061e-02 2.38282e+00 5.97984e-01
4.03061e-02 2.46093e+00 4.67798e-01
4.03061e-02 2.53907e+00 3.35652e-01
4.03061e-02 2.61718e+00 2.10058e-01
4.03061e-02 2.69517e+00 9.98619e-02
4.03061e-02 2.77297e+00 1.23783e-02
4.03061e-02 2.85051e+00 -4.84278e-02
4.03061e-02 2.92770e+00 -8.29424e-02
4.03061e-02 3.00447e+00 -9.55354e-02
4.03061e-02 3.08076e+00 -9.29016e-02
4.03061e-02 3.15647e+00 -8.18913e-02
4.03061e-02 3.23154e+00 -6.78439e-02
4.03061e-02 3.30590e+00 -5.40009e-02
4.03061e-02 3.37947e+00 -4.18426e-02
4.03061e-02 3.45218e+00 -3.17798e-02
4.03061e-02 3.52396e+00 -2.37315e-02
4.03061e-02 3.59474e+00 -1.74458e-02
4.03061e-02 3.66445e+00 -1.26343e-02
4.03061e-02 3.73303e+00 -9.01933e-03
4.03061e-02 3.80040e+00 -6.35127e-03
4.03061e-02 3.86649e+00 -4.41525e-03
4.03061e-02 3.93125e+00 -3.03285e-03
4.03061e-02 3.99462e+00 -2.06057e-03
4.03061e-02 4.05652e+00 -1.38627e-03
4.03061e-02 4.11690e+00 -9.24610e-04
4.03061e-02 4.17571e+00 -6.12202e-04
4.03061e-02 4.23287e+00 -4.02962e-04
4.03061e-02 4.28835e+00 -2.64068e-04
4.03061e-02 4.34207e+00 -1.72557e-04
4.03061e-02 4.39400e+00 -1.12622e-04
4.03061e-02 4.44407e+00 -7.35410e-05
4.03061e-02 4.49224e+00 -4.81295e-05
4.03061e-02 4.53847e+00 -3.16261e-05
4.03061e-02 4.58271e+00 -2.09037e-05
4.03061e-02 4.62491e+00 -1.39233e-05
4.03061e-02 4.66504e+00 -9.36272e-06
4.03061e-02 4.70305e+00 -6.36795e-06
4.03061e-02 4.73890e+00 -4.38856e-06
4.03061e-02 4.77257e+00 -3.07003e-06
4.03061e-02 4.80402e+00 -2.18381e-06
4.03061e-02 4.83322e+00 -1.58221e-06
4.03061e-02 4.86014e+00 -1.16947e-06
4.03061e-02 4.88475e+00 -8.83188e-07
4.03061e-02 4.90703e+00 -6.82451e-07
4.03061e-02 4.92696e+00 -5.40281e-07
4.03061e-02 4.94452e+00 -4.38756e-07
4.03061e-02 4.95969e+00 -3.65890e-07
4.03061e-02 4.97246e+00 -3.13629e-07
4.03061e-02 4.98281e+00 -2.76549e-07
4.03061e-02 4.99074e+00 -2.51018e-07
4.03061e-02 4.99623e+00 -2.34659e-07
4.03061e-02 4.99928e+00 -2.26006e-07
5.54766e-02 7.15683e-04 1.97728e-06
5.54766e-02 3.77012e-03 5.48688e-05
5.54766e-02 9.26216e-03 3.31110e-04
5.54766e-02 1.71877e-02 1.13969e-03
5.54766e-02 2.75390e-02 2.92295e-03
5.54766e-02 4.03061e-02 6.24980e-03
5.54766e-02 5.54766e-02 1.18033e-02
5.54766e-02 7.30356e-02 2.03599e-02
5.54766e-02 9.29659e-02 3.27585e-02
5.54766e-02 1.15248e-01 4.98573e-02
5.54766e-02 1.39860e-01 7.24770e-02
5.54766e-02 1.66779e-01 1.01335e-01
5.54766e-02 1.95977e-01 1.36973e-01
5.54766e-02 2.27426e-01 1.79683e-01
5.54766e-02 2.61096e-01 2.29453e-01
5.54766e-02 2.96953e-01 2.85925e-01
5.54766e-02 3.34963e-01 3.48389e-01
5.54766e-02 3.75089e-01 4.15810e-01
5.54766e-02 4.17290e-01 4.86893e-01
5.54766e-02 4.61527e-01 5.60163e-01
5.54766e-02 5.07755e-01 6.34072e-01
5.54766e-02 5.55930e-01 7.07100e-01
5.54766e-02 6.06005e-01 7.77837e-01
5.54766e-02 6.57930e-01 8.45060e-01
5.54766e-02 7.11655e-01 9.07771e-01
5.54766e-02 7.67127e-01 9.65218e-01
5.54766e-02 8.24292e-01 1.01689e+00
5.54766e-02 8.83095e-01 1.06251e+00
5.54766e-02 9.43478e-01 1.10199e+00
5.54766e-02 1.00538e+00 1.13541e+00
5.54766e-02 1.06875e+00 1.16298e+00
5.54766e-02 1.13351e+00 1.18500e+00
5.54766e-02 1.19960e+00 1.20182e+00
5.54766e-02 1.26697e+00 1.21381e+00
5.54766e-02 1.33555e+00 1.22128e+00
5.54766e-02 1.40526e+00 1.22449e+00
5.54766e-02 1.47604e+00 1.22355e+00
5.54766e-02 1.54782e+00 1.21840e+00
5.54766e-02 1.62053e+00 1.20872e+00
5.54766e-02 1.69410e+00 1.19389e+00
5.54766e-02 1.76846e+00 1.17292e+00
5.54766e-02 1.84353e+00 1.14449e+00
5.54766e-02 1.91924e+00 1.10688e+00
5.54766e-02 1.99553e+00 1.05815e+00
5.54766e-02 2.07230e+00 9.96303e-01
5.54766e-02 2.14949e+00 9.19610e-01
5.54766e-02 2.22703e+00 8.27082e-01
5.54766e-02 2.30483e+00 7.19042e-01
5.54766e-02 2.38282e+00 5.97700e-01
5.54766e-02 2.46093e+00 4.67568e-01
5.54766e-02 2.53907e+00 3.35471e-01
5.54766e-02 2.61718e+00 2.09919e-01
5.54766e-02 2.69517e+00 9.97594e-02
5.54766e-02 2.77297e+00 1.23042e-02
5.54766e-02 2.85051e+00 -4.84809e-02
5.54766e-02 2.92770e+00 -8.29811e-02
5.54766e-02 3.00447e+00 -9.55647e-02
5.54766e-02 3.08076e+00 -9.29248e-02
5.54766e-02 3.15647e+00 -8.19105e-02
5.54766e-02 3.23154e+00 -6.78601e-02
5.54766e-02 3.30590e+00 -5.40145e-02
5.54766e-02 3.37947e+00 -4.18538e-02
5.54766e-02 3.45218e+00 -3.17890e-02
5.54766e-02 3.52396e+00 -2.37388e-02
5.54766e-02 3.59474e+00 -1.74515e-02
5.54766e-02 3.66445e+00 -1.26387e-02
5.54766e-02 3.73303e+00 -9.02269e-03
5.54766e-02 3.80040e+00 -6.35378e-03
5.54766e-02 3.86649e+00 -4.41710e-03
5.54766e-02 3.93125e+00 -3.03419e-03
5.54766e-02 3.99462e+00 -2.06153e-03
5.54766e-02 4.05652e+00 -1.38694e-03
5.54766e-02 4.11690e+00 -9.25086e-04
5.54766e-02 4.17571e+00 -6.12532e-04
5.54766e-02 4.23287e+00 -4.03189e-04
5.54766e-02 4.28835e+00 -2.64224e-04
5.54766e-02 4.34207e+00 -1.72663e-04
5.54766e-02 4.39400e+00 -1.12694e-04
5.54766e-02 4.44407e+00 -7.35899e-05
5.54766e-02 4.49224e+00 -4.81626e-05
5.54766e-02 4.53847e+00 -3.16486e-05
5.54766e-02 4.58271e+00 -2.09191e-05
5.54766e-02 4.62491e+00 -1.39339e-05
5.54766e-02 4.66504e+00 -9.37005e-06
5.54766e-02 4.70305e+00 -6.37307e-06
5.54766e-02 4.73890e+00 -4.39219e-06
5.54766e-02 4.77257e+00 -3.07263e-06
5.54766e-02 4.80402e+00 -2.18570e-06
5.54766e-02 4.83322e+00 -1.58361e-06
5.54766e-02 4.86014e+00 -1.17053e-06
5.54766e-02 4.88475e+00 -8.83998e-07
5.54766e-02 4.90703e+00 -6.83087e-07
5.54766e-02 4.92696e+00 -5.40792e-07
5.54766e-02 4.94452e+00 -4.39176e-07
5.54766e-02 4.95969e+00 -3.66244e-07
5.54766e-02 4.97246e+00 -3.13935e-07
5.54766e-02 4.98281e+00 -2.76821e-07
5.54766e-02 4.99074e+00 -2.51266e-07
5.54766e-02 4.99623e+00 -2.34892e-07
5.54766e-02 4.99928e+00 -2.26230e-07
7.30356e-02 7.15683e-04 1.95494e-06
7.30356e-02 3.77012e-03 5.42487e-05
7.30356e-02 9.26216e-03 3.27369e-04
7.30356e-02 1.71877e-02 1.12682e-03
7.30356e-02 2.75390e-02 2.88999e-03
7.30356e-02 4.03061e-02 6.17951e-03
7.30356e-02 5.54766e-02 1.16711e-02
7.30356e-02 7.30356e-02 2.01334e-02
7.30356e-02 9.29659e-02 3.23978e-02
7.30356e-02 1.15248e-01 4.93156e-02
7.30356e-02 1.39860e-01 7.17039e-02
7.30356e-02 1.66779e-01 1.00279e-01
7.30356e-02 1.95977e-01 1.35587e-01
7.30356e-02 2.27426e-01 1.77931e-01
7.30356e-02 2.61096e-01 2.27311e-01
7.30356e-02 2.96953e-01 2.83388e-01
7.30356e-02 3.34963e-01 3.45472e-01
7.30356e-02 3.75089e-01 4.12551e-01
7.30356e-02 4.17290e-01 4.83344e-01
7.30356e-02 4.61527e-01 5.56392e-01
7.30356e-02 5.07755e-01 6.30154e-01
7.30356e-02 5.55930e-01 7.03107e-01
7.30356e-02 6.06005e-01 7.73840e-01
7.30356e-02 6.57930e-01 8.41121e-01
7.30356e-02 7.11655e-01 9.03941e-01
7.30356e-02 7.67127e-01 9.61536e-01
7.30356e-02 8.24292e-01 1.01339e+00
7.30356e-02 8.83095e-01 1.05920e+00
7.30356e-02 9.43478e-01 1.09888e+00
7.30356e-02 1.00538e+00 1.13251e+00
7.30356e-02 1.06875e+00 1.16029e+00
7.30356e-02 1.13351e+00 1.18250e+00
7.30356e-02 1.19960e+00 1.19951e+00
7.30356e-02 1.26697e+00 1.21167e+00
7.30356e-02 1.33555e+00 1.21931e+00
7.30356e-02 1.40526e+00 1.22267e+00
7.30356e-02 1.47604e+00 1.22188e+00
7.30356e-02 1.54782e+00 1.21687e+00
7.30356e-02 1.62053e+00 1.20731e+00
7.30356e-02 1.69410e+00 1.19259e+00
7.30356e-02 1.76846e+00 1.17173e+00
7.30356e-02 1.84353e+00 1.14340e+00
7.30356e-02 1.91924e+00 1.10589e+00
7.30356e-02 1.99553e+00 1.05726e+00
7.30356e-02 2.07230e+00 9.95502e-01
7.30356e-02 2.14949e+00 9.18901e-01
7.30356e-02 2.22703e+00 8.26465e-01
7.30356e-02 2.30483e+00 7.18514e-01
7.30356e-02 2.38282e+00 5.97259e-01
7.30356e-02 2.46093e+00 4.67209e-01
7.30356e-02 2.53907e+00 3.35188e-01
7.30356e-02 2.61718e+00 2.09704e-01
7.30356e-02 2.69517e+00 9.96002e-02
7.30356e-02 2.77297e+00 1.21893e-02
7.30356e-02 2.85051e+00 -4.85634e-02
7.30356e-02 2.92770e+00 -8.30412e-02
7.30356e-02 3.00447e+00 -9.56102e-02
7.30356e-02 3.08076e+00 -9.29610e-02
7.30356e-02 3.15647e+00 -8.19403e-02
7.30356e-02 3.23154e+00 -6.78851e-02
7.30356e-02 3.30590e+00 -5.40355e-02
7.30356e-02 3.37947e+00 -4.18712e-02
7.30356e-02 3.45218e+00 -3.18031e-02
7.30356e-02 3.52396e+00 -2.37501e-02
7.30356e-02 3.59474e+00 -1.74605e-02
7.30356e-02 3.66445e+00 -1.26456e-02
7.30356e-02 3.73303e+00 -9.02790e-03
7.30356e-02 3.80040e+00 -6.35767e-03
7.30356e-02 3.86649e+00 -4.41996e-03
7.30356e-02 3.93125e+00 -3.03627e-03
7.30356e-02 3.99462e+00 -2.06302e-03
7.30356e-02 4.05652e+00 -1.38800e-03
7.30356e-02 4.11690e+00 -9.25824e-04
7.30356e-02 4.17571e+00 -6.13044e-04
7.30356e-02 4.23287e+00 -4.03542e-04
7.30356e-02 4.28835e+00 -2.64465e-04
7.30356e-02 4.34207e+00 -1.72827e-04
7.30356e-02 4.39400e+00 -1.12806e-04
7.30356e-02 4.44407e+00 -7.36657e-05
7.30356e-02 4.49224e+00 -4.82141e-05
7.30356e-02 4.53847e+00 -3.16837e-05
7.30356e-02 4.58271e+00 -2.09430e-05
7.30356e-02 4.62491e+00 -1.39503e-05
7.30356e-02 4.66504e+00 -9.38144e-06
7.30356e-02 4.70305e+00 -6.38104e-06
7.30356e-02 4.73890e+00 -4.39782e-06
7.30356e-02 4.77257e+00 -3.07667e-06
7.30356e-02 4.80402e+00 -2.18864e-06
7.30356e-02 4.83322e+00 -1.58578e-06
7.30356e-02 4.86014e+00 -1.17217e-06
7.30356e-02 4.88475e+00 -8.85256e-07
7.30356e-02 4.90703e+00 -6.84074e-07
7.30356e-02 4.92696e+00 -5.41584e-07
7.30356e-02 4.94452e+00 -4.39827e-07
7.30356e-02 4.95969e+00 -3.66793e-07
7.30356e-02 4.97246e+00 -3.14410e-07
7.30356e-02 4.98281e+00 -2.77242e-07
7.30356e-02 4.99074e+00 -2.51651e-07
7.30356e-02 4.99623e+00 -2.35253e-07
7.30356e-02 4.99928e+00 -2.26579e-07
9.29659e-02 7.15683e-04 1.92283e-06
9.29659e-02 3.77012e-03 5.33579e-05
9.29659e-02 9.26216e-03 3.21995e-04
9.29659e-02 1.71877e-02 1.10833e-03
9.29659e-02 2.75390e-02 2.84264e-03
9.29659e-02 4.03061e-02 6.07852e-03
9.29659e-02 5.54766e-02 1.14812e-02
9.29659e-02 7.30356e-02 1.98079e-02
9.29659e-02 9.29659e-02 3.18791e-02
9.29659e-02 1.15248e-01 4.85366e-02
9.29659e-02 1.39860e-01 7.05914e-02
9.29659e-02 1.66779e-01 9.87592e-02
9.29659e-02 1.95977e-01 1.33591e-01
9.29659e-02 2.27426e-01 1.75403e-01
9.29659e-02 2.61096e-01 2.24217e-01
9.29659e-02 2.96953e-01 2.79720e-01
9.29659e-02 3.34963e-01 3.41252e-01
9.29659e-02 3.75089e-01 4.07829e-01
9.29659e-02 4.17290e-01 4.78198e-01
9.29659e-02 4.61527e-01 5.50917e-01
9.29659e-02 5.07755e-01 6.24456e-01
9.29659e-02 5.55930e-01 6.97295e-01
9.29659e-02 6.06005e-01 7.68017e-01
9.29659e-02 6.57930e-01 8.35377e-01
9.29659e-02 7.11655e-01 8.98352e-01
9.29659e-02 7.67127e-01 9.56160e-01
9.29659e-02 8.24292e-01 1.00827e+00
9.29659e-02 8.83095e-01 1.05436e+00
9.29659e-02 9.43478e-01 1.09434e+00
9.29659e-02 1.00538e+00 1.12827e+00
9.29659e-02 1.06875e+00 1.15634e+00
9.29659e-02 1.13351e+00 1.17885e+00
9.29659e-02 1.19960e+00 1.19613e+00
9.29659e-02 1.26697e+00 1.20855e+00
9.29659e-02 1.33555e+00 1.21643e+00
9.29659e-02 1.40526e+00 1.22002e+00
9.29659e-02 1.47604e+00 1.21944e+00
9.29659e-02 1.54782e+00 1.21461e+00
9.29659e-02 1.62053e+00 1.20524e+00
9.29659e-02 1.69410e+00 1.19068e+00
9.29659e-02 1.76846e+00 1.16999e+00
9.29659e-02 1.84353e+00 1.14180e+00
9.29659e-02 1.91924e+00 1.10444e+00
9.29659e-02 1.99553e+00 1.05594e+00
9.29659e-02 2.07230e+00 9.94328e-01
9.29659e-02 2.14949e+00 9.17862e-01
9.29659e-02 2.22703e+00 8.25559e-01
9.29659e-02 2.30483e+00 7.17740e-01
9.29659e-02 2.38282e+00 5.96612e-01
9.29659e-02 2.46093e+00 4.66684e-01
9.29659e-02 2.53907e+00 3.34775e-01
9.29659e-02 2.61718e+00 2.09389e-01
9.29659e-02 2.69517e+00 9.93670e-02
9.29659e-02 2.77297e+00 1.20208e-02
9.29659e-02 2.85051e+00 -4.86841e-02
9.29659e-02 2.92770e+00 -8.31292e-02
9.29659e-02 3.00447e+00 -9.56768e-02
9.29659e-02 3.08076e+00 -9.30140e-02
9.29659e-02 3.15647e+00 -8.19840e-02
9.29659e-02 3.23154e+00 -6.79218e-02
9.29659e-02 3.30590e+00 -5.40662e-02
9.29659e-02 3.37947e+00 -4.18967e-02
9.29659e-02 3.45218e+00 -3.18239e-02
9.29659e-02 3.52396e+00 -2.37668e-02
9.29659e-02 3.59474e+00 -1.74735e-02
9.29659e-02 3.66445e+00 -1.26557e-02
9.29659e-02 3.73303e+00 -9.03555e-03
9.29659e-02 3.80040e+00 -6.36338e-03
9.29659e-02 3.86649e+00 -4.42417e-03
9.29659e-02 3.93125e+00 -3.03932e-03
9.29659e-02 3.99462e+00 -2.06520e-03
9.29659e-02 4.05652e+00 -1.38954e-03
9.29659e-02 4.11690e+00 -9.26907e-04
9.29659e-02 4.17571e+00 -6.13795e-04
9.29659e-02 4.23287e+00 -4.04060e-04
9.29659e-02 4.28835e+00 -2.64819e-04
9.29659e-02 4.34207e+00 -1.73068e-04
9.29659e-02 4.39400e+00 -1.12970e-04
9.29659e-02 4.44407e+00 -7.37769e-05
9.29659e-02 4.49224e+00 -4.82895e-05
9.29659e-02 4.53847e+00 -3.17350e-05
9.29659e-02 4.58271e+00 -2.09781e-05
9.29659e-02 4.62491e+00 -1.39744e-05
9.29659e-02 4.66504e+00 -9.39813e-06
9.29659e-02 4.70305e+00 -6.39271e-06
9.29659e-02 4.73890e+00 -4.40607e-06
9.29659e-02 4.77257e+00 -3.08258e-06
9.29659e-02 4.80402e+00 -2.19294e-06
9.29659e-02 4.83322e+00 -1.58897e-06
9.29659e-02 4.86014e+00 -1.17457e-06
9.29659e-02 4.88475e+00 -8.87100e-07
9.29659e-02 4.90703e+00 -6.85521e-07
9.29659e-02 4.92696e+00 -5.42746e-07
9.29659e-02 4.94452e+00 -4.40783e-07
9.29659e-02 4.95969e+00 -3.67598e-07
9.29659e-02 4.97246e+00 -3.15106e-07
9.29659e-02 4.98281e+00 -2.77861e-07
9.29659e-02 4.99074e+00 -2.52215e-07
9.29659e-02 4.99623e+00 -2.35783e-07
9.29659e-02 4.99928e+00 -2.27090e-07
1.15248e-01 7.15683e-04 1.87909e-06
1.15248e-01 3.77012e-03 5.21442e-05
1.15248e-01 9.26216e-03 3.14672e-04
1.15248e-01 1.71877e-02 1.08314e-03
1.15248e-01 2.75390e-02 2.77812e-03
1.15248e-01 4.03061e-02 5.94089e-03
1.15248e-01 5.54766e-02 1.12223e-02
1.15248e-01 7.30356e-02 1.93642e-02
1.15248e-01 9.29659e-02 3.11716e-02
1.15248e-01 1.15248e-01 4.74735e-02
1.15248e-01 1.39860e-01 6.90721e-02
1.15248e-01 1.66779e-01 9.66816e-02
1.15248e-01 1.95977e-01 1.30860e-01
1.15248e-01 2.27426e-01 1.71941e-01
1.15248e-01 2.61096e-01 2.19973e-01
1.15248e-01 2.96953e-01 2.74681e-01
1.15248e-01 3.34963e-01 3.35444e-01
1.15248e-01 3.75089e-01 4.01320e-01
1.15248e-01 4.17290e-01 4.71091e-01
1.15248e-01 4.61527e-01 5.43343e-01
1.15248e-01 5.07755e-01 6.16562e-01
1.15248e-01 5.55930e-01 6.89231e-01
1.15248e-01 6.06005e-01 7.59925e-01
1.15248e-01 6.57930e-01 8.27385e-01
1.15248e-01 7.11655e-01 8.90566e-01
1.15248e-01 7.67127e-01 9.48664e-01
1.15248e-01 8.24292e-01 1.00112e+00
1.15248e-01 8.83095e-01 1.04760e+00
1.15248e-01 9.43478e-01 1.08799e+00
1.15248e-01 1.00538e+00 1.12234e+00
1.15248e-01 1.06875e+00 1.15082e+00
1.15248e-01 1.13351e+00 1.17373e+00
1.15248e-01 1.19960e+00 1.19140e+00
1.15248e-01 1.26697e+00 1.20417e+00
1.15248e-01 1.33555e+00 1.21239e+00
1.15248e-01 1.40526e+00 1.21630e+00
1.15248e-01 1.47604e+00 1.21601e+00
1.15248e-01 1.54782e+00 1.21146e+00
1.15248e-01 1.62053e+00 1.20233e+00
1.15248e-01 1.69410e+00 1.18802e+00
1.15248e-01 1.76846e+00 1.16754e+00
1.15248e-01 1.84353e+00 1.13957e+00
1.15248e-01 1.91924e+00 1.10240e+00
1.15248e-01 1.99553e+00 1.05411e+00
1.15248e-01 2.07230e+00 9.92682e-01
1.15248e-01 2.14949e+00 9.16405e-01
1.15248e-01 2.22703e+00 8.24290e-01
1.15248e-01 2.30483e+00 7.16656e-01
1.15248e-01 2.38282e+00 5.95707e-01
1.15248e-01 2.46093e+00 4.65948e-01
1.15248e-01 2.53907e+00 3.34195e-01
1.15248e-01 2.61718e+00 2.08946e-01
1.15248e-01 2.69517e+00 9.90401e-02
1.15248e-01 2.77297e+00 1.17847e-02
1.15248e-01 2.85051e+00 -4.88534e-02
1.15248e-01 2.92770e+00 -8.32525e-02
1.15248e-01 3.00447e+00 -9.57702e-02
1.15248e-01 3.08076e+00 -9.30881e-02
1.15248e-01 3.15647e+00 -8.20452e-02
1.15248e-01 3.23154e+00 -6.79732e-02
1.15248e-01 3.30590e+00 -5.41093e-02
1.15248e-01 3.37947e+00 -4.19324e-02
1.15248e-01 3.45218e+00 -3.18530e-02
1.15248e-01 3.52396e+00 -2.37900e-02
1.15248e-01 3.59474e+00 -1.74918e-02
1.15248e-01 3.66445e+00 -1.26698e-02
1.15248e-01 3.73303e+00 -9.04626e-03
1.15248e-01 3.80040e+00 -6.37139e-03
1.15248e-01 3.86649e+00 -4.43005e-03
1.15248e-01 3.93125e+00 -3.04359e-03
1.15248e-01 3.99462e+00 -2.06826e-03
1.15248e-01 4.05652e+00 -1.39171e-03
1.15248e-01 4.11690e+00 -9.28424e-04
1.15248e-01 4.17571e+00 -6.14848e-04
1.15248e-01 4.23287e+00 -4.04785e-04
1.15248e-01 4.28835e+00 -2.65316e-04
1.15248e-01 4.34207e+00 -1.73407e-04
1.15248e-01 4.39400e+00 -1.13199e-04
1.15248e-01 4.44407e+00 -7.39327e-05
1.15248e-01 4.49224e+00 -4.83953e-05
1.15248e-01 4.53847e+00 -3.18069e-05
1.15248e-01 4.58271e+00 -2.10272e-05
1.15248e-01 4.62491e+00 -1.40082e-05
1.15248e-01 4.66504e+00 -9.42152e-06
1.15248e-01 4.70305e+00 -6.40907e-06
1.15248e-01 4.73890e+00 -4.41765e-06
1.15248e-01 4.77257e+00 -3.09088e-06
1.15248e-01 4.80402e+00 -2.19898e-06
1.15248e-01 4.83322e+00 -1.59343e-06
1.15248e-01 4.86014e+00 -1.17793e-06
1.15248e-01 4.88475e+00 -8.89684e-07
1.15248e-01 4.90703e+00 -6.87550e-07
1.15248e-01 4.92696e+00 -5.44375e-07
1.15248e-01 4.94452e+00 -4.42122e-07
1.15248e-01 4.95969e+00 -3.68727e-07
1.15248e-01 4.97246e+00 -3.16082e-07
1.15248e-01 4.98281e+00 -2.78727e-07
1.15248e-01 4.99074e+00 -2.53006e-07
1.15248e-01 4.99623e+00 -2.36525e-07
1.15248e-01 4.99928e+00 -2.27806e-07
1.39860e-01 7.15683e-04 1.82217e-06
1.39860e-01 3.77012e-03 5.05646e-05
1.39860e-01 9.26216e-03 3.05142e-04
1.39860e-01 1.71877e-02 1.05036e-03
1.39860e-01 2.75390e-02 2.69414e-03
1.39860e-01 4.03061e-02 5.76174e-03
1.39860e-01 5.54766e-02 1.08852e-02
1.39860e-01 7.30356e-02 1.87863e-02
1.39860e-01 9.29659e-02 3.02497e-02
1.39860e-01 1.15248e-01 4.60872e-02
1.39860e-01 1.39860e-01 6.70892e-02
1.39860e-01 1.66779e-01 9.39665e-02
1.39860e-01 1.95977e-01 1.27286e-01
1.39860e-01 2.27426e-01 1.67402e-01
1.39860e-01 2.61096e-01 2.14400e-01
1.39860e-01 2.96953e-01 2.68050e-01
1.39860e-01 3.34963e-01 3.27784e-01
1.39860e-01 3.75089e-01 3.92715e-01
1.39860e-01 4.17290e-01 4.61674e-01
1.39860e-01 4.61527e-01 5.33284e-01
1.39860e-01 5.07755e-01 6.06054e-01
1.39860e-01 5.55930e-01 6.78474e-01
1.39860e-01 6.06005e-01 7.49111e-01
1.39860e-01 6.57930e-01 8.16686e-01
1.39860e-01 7.11655e-01 8.80127e-01
1.39860e-01 7.67127e-01 9.38600e-01
1.39860e-01 8.24292e-01 9.91513e-01
1.39860e-01 8.83095e-01 1.03851e+00
1.39860e-01 9.43478e-01 1.07945e+00
1.39860e-01 1.00538e+00 1.11435e+00
1.39860e-01 1.06875e+00 1.14338e+00
1.39860e-01 1.13351e+00 1.16683e+00
1.39860e-01 1.19960e+00 1.18501e+00
1.39860e-01 1.26697e+00 1.19827e+00
1.39860e-01 1.33555e+00 1.20694e+00
1.39860e-01 1.40526e+00 1.21127e+00
1.39860e-01 1.47604e+00 1.21138e+00
1.39860e-01 1.54782e+00 1.20719e+00
1.39860e-01 1.62053e+00 1.19841e+00
1.39860e-01 1.69410e+00 1.18441e+00
1.39860e-01 1.76846e+00 1.16423e+00
1.39860e-01 1.84353e+00 1.13654e+00
1.39860e-01 1.91924e+00 1.09965e+00
1.39860e-01 1.99553e+00 1.05162e+00
1.39860e-01 2.07230e+00 9.90456e-01
1.39860e-01 2.14949e+00 9.14436e-01
1.39860e-01 2.22703e+00 8.22574e-01
1.39860e-01 2.30483e+00 7.15189e-01
1.39860e-01 2.38282e+00 5.94482e-01
1.39860e-01 2.46093e+00 4.64953e-01
1.39860e-01 2.53907e+00 3.33411e-01
1.39860e-01 2.61718e+00 2.08349e-01
1.39860e-01 2.69517e+00 9.85982e-02
1.39860e-01 2.77297e+00 1.14656e-02
1.39860e-01 2.85051e+00 -4.90821e-02
1.39860e-01 2.92770e+00 -8.34191e-02
1.39860e-01 3.00447e+00 -9.58964e-02
1.39860e-01 3.08076e+00 -9.31884e-02
1.39860e-01 3.15647e+00 -8.21280e-02
1.39860e-01 3.23154e+00 -6.80426e-02
1.39860e-01 3.30590e+00 -5.41676e-02
1.39860e-01 3.37947e+00 -4.19807e-02
1.39860e-01 3.45218e+00 -3.18923e-02
1.39860e-01 3.52396e+00 -2.38215e-02
1.39860e-01 3.59474e+00 -1.75165e-02
1.39860e-01 3.66445e+00 -1.26889e-02
1.39860e-01 3.73303e+00 -9.06074e-03
1.39860e-01 3.80040e+00 -6.38220e-03
1.39860e-01 3.86649e+00 -4.43801e-03
1.39860e-01 3.93125e+00 -3.04937e-03
1.39860e-01 3.99462e+00 -2.07240e-03
1.39860e-01 4.05652e+00 -1.39464e-03
1.39860e-01 4.11690e+00 -9.30475e-04
1.39860e-01 4.17571e+00 -6.16272e-04
1.39860e-01 4.23287e+00 -4.05765e-04
1.39860e-01 4.28835e+00 -2.65987e-04
1.39860e-01 4.34207e+00 -1.73864e-04
1.39860e-01 4.39400e+00 -1.13510e-04
1.39860e-01 4.44407e+00 -7.41434e-05
1.39860e-01 4.49224e+00 -4.85384e-05
1.39860e-01 4.53847e+00 -3.19043e-05
1.39860e-01 4.58271e+00 -2.10937e-05
1.39860e-01 4.62491e+00 -1.40539e-05
1.39860e-01 4.66504e+00 -9.45317e-06
1.39860e-01 4.70305e+00 -6.43120e-06
1.39860e-01 4.73890e+00 -4.43330e-06
1.39860e-01 4.77257e+00 -3.10210e-06
1.39860e-01 4.80402e+00 -2.20714e-06
1.39860e-01 4.83322e+00 -1.59947e-06
1.39860e-01 4.86014e+00 -1.18248e-06
1.39860e-01 4.88475e+00 -8.93181e-07
1.39860e-01 4.90703e+00 -6.90294e-07
1.39860e-01 4.92696e+00 -5.46578e-07
1.39860e-01 4.94452e+00 -4.43933e-07
1.39860e-01 4.95969e+00 -3.70253e-07
1.39860e-01 4.97246e+00 -3.17402e-07
1.39860e-01 4.98281e+00 -2.79900e-07
1.39860e-01 4.99074e+00 -2.54076e-07
1.39860e-01 4.99623e+00 -2.37529e-07
1.39860e-01 4.99928e+00 -2.28775e-07
1.66779e-01 7.15683e-04 1.75108e-06
1.66779e-01 3.77012e-03 4.85920e-05
1.66779e-01 9.26216e-03 2.93240e-04
1.66779e-01 1.71877e-02 1.00941e-03
1.66779e-01 2.75390e-02 2.58924e-03
1.66779e-01 4.03061e-02 5.53793e-03
1.66779e-01 5.54766e-02 1.04641e-02
1.66779e-01 7.30356e-02 1.80637e-02
1.66779e-01 9.29659e-02 2.90964e-02
1.66779e-01 1.15248e-01 4.43515e-02
1.66779e-01 1.39860e-01 6.46034e-02
1.66779e-01 1.66779e-01 9.05581e-02
1.66779e-01 1.95977e-01 1.22791e-01
1.66779e-01 2.27426e-01 1.61682e-01
1.66779e-01 2.61096e-01 2.07360e-01
1.66779e-01 2.96953e-01 2.59649e-01
1.66779e-01 3.34963e-01 3.18052e-01
1.66779e-01 3.75089e-01 3.81749e-01
1.66779e-01 4.17290e-01 4.49636e-01
1.66779e-01 4.61527e-01 5.20387e-01
1.66779e-01 5.07755e-01 5.92541e-01
1.66779e-01 5.55930e-01 6.64602e-01
1.66779e-01 6.06005e-01 7.35130e-01
1.66779e-01 6.57930e-01 8.02822e-01
1.66779e-01 7.11655e-01 8.66573e-01
1.66779e-01 7.67127e-01 9.25508e-01
1.66779e-01 8.24292e-01 9.78999e-01
1.66779e-01 8.83095e-01 1.02665e+00
1.66779e-01 9.43478e-01 1.06828e+00
1.66779e-01 1.00538e+00 1.10390e+00
1.66779e-01 1.06875e+00 1.13365e+00
1.66779e-01 1.13351e+00 1.15779e+00
1.66779e-01 1.19960e+00 1.17664e+00
1.66779e-01 1.26697e+00 1.19053e+00
1.66779e-01 1.33555e+00 1.19980e+00
1.66779e-01 1.40526e+00 1.20468e+00
1.66779e-01 1.47604e+00 1.20530e+00
1.66779e-01 1.54782e+00 1.20160e+00
1.66779e-01 1.62053e+00 1.19326e+00
1.66779e-01 1.69410e+00 1.17968e+00
1.66779e-01 1.76846e+00 1.15989e+00
1.66779e-01 1.84353e+00 1.13257e+00
1.66779e-01 1.91924e+00 1.09604e+00
1.66779e-01 1.99553e+00 1.04836e+00
1.66779e-01 2.07230e+00 9.87534e-01
1.66779e-01 2.14949e+00 9.11850e-01
1.66779e-01 2.22703e+00 8.20321e-01
1.66779e-01 2.30483e+00 7.13263e-01
1.66779e-01 2.38282e+00 5.92873e-01
1.66779e-01 2.46093e+00 4.63646e-01
1.66779e-01 2.53907e+00 3.32381e-01
1.66779e-01 2.61718e+00 2.07564e-01
1.66779e-01 2.69517e+00 9.80180e-02
1.66779e-01 2.77297e+00 1.10467e-02
1.66779e-01 2.85051e+00 -4.93824e-02
1.66779e-01 2.92770e+00 -8.36378e-02
1.66779e-01 3.00447e+00 -9.60619e-02
1.66779e-01 3.08076e+00 -9.33200e-02
1.66779e-01 3.15647e+00 -8.22365e-02
1.66779e-01 3.23154e+00 -6.81338e-02
1.66779e-01 3.30590e+00 -5.42441e-02
1.66779e-01 3.37947e+00 -4.20441e-02
1.66779e-01 3.45218e+00 -3.19440e-02
1.66779e-01 3.52396e+00 -2.38628e-02
1.66779e-01 3.59474e+00 -1.75489e-02
1.66779e-01 3.66445e+00 -1.27139e-02
1.66779e-01 3.73303e+00 -9.07976e-03
1.66779e-01 3.80040e+00 -6.39641e-03
1.66779e-01 3.86649e+00 -4.44847e-03
1.66779e-01 3.93125e+00 -3.05695e-03
1.66779e-01 3.99462e+00 -2.07783e-03
1.66779e-01 4.05652e+00 -1.39848e-03
1.66779e-01 4.11690e+00 -9.33169e-04
1.66779e-01 4.17571e+00 -6.18142e-04
1.66779e-01 4.23287e+00 -4.07053e-04
1.66779e-01 4.28835e+00 -2.66868e-04
1.66779e-01 4.34207e+00 -1.74464e-04
1.66779e-01 4.39400e+00 -1.13918e-04
1.66779e-01 4.44407e+00 -7.44203e-05
1.66779e-01 4.49224e+00 -4.87263e-05
1.66779e-01 4.53847e+00 -3.20321e-05
1.66779e-01 4.58271e+00 -2.11811e-05
1.66779e-01 4.62491e+00 -1.41139e-05
1.66779e-01 4.66504e+00 -9.49474e-06
1.66779e-01 4.70305e+00 -6.46027e-06
1.66779e-01 4.73890e+00 -4.45386e-06
1.66779e-01 4.77257e+00 -3.11684e-06
1.66779e-01 4.80402e+00 -2.21786e-06
1.66779e-01 4.83322e+00 -1.60741e-06
1.66779e-01 4.86014e+00 -1.18846e-06
1.66779e-01 4.88475e+00 -8.97774e-07
1.66779e-01 4.90703e+00 -6.93900e-07
1.66779e-01 4.92696e+00 -5.49473e-07
1.66779e-01 4.94452e+00 -4.46312e-07
1.66779e-01 4.95969e+00 -3.72259e-07
1.66779e-01 4.97246e+00 -3.19137e-07
1.66779e-01 4.98281e+00 -2.81440e-07
1.66779e-01 4.99074e+00 -2.55482e-07
1.66779e-01 4.99623e+00 -2.38848e-07
1.66779e-01 4.99928e+00 -2.30049e-07
1.95977e-01 7.15683e-04 1.66563e-06
1.95977e-01 3.77012e-03 4.62210e-05
1.95977e-01 9.26216e-03 2.78934e-04
1.95977e-01 1.71877e-02 9.60195e-04
1.95977e-01 2.75390e-02 2.46314e-03
1.95977e-01 4.03061e-02 5.26882e-03
1.95977e-01 5.54766e-02 9.95743e-03
1.95977e-01 7.30356e-02 1.71941e-02
1.95977e-01 9.29659e-02 2.77073e-02
1.95977e-01 1.15248e-01 4.22584e-02
1.95977e-01 1.39860e-01 6.16017e-02
1.95977e-01 1.66779e-01 8.64346e-02
1.95977e-01 1.95977e-01 1.17341e-01
1.95977e-01 2.27426e-01 1.54729e-01
1.95977e-01 2.61096e-01 1.98774e-01
1.95977e-01 2.96953e-01 2.49371e-01
1.95977e-01 3.34963e-01 3.06102e-01
1.95977e-01 3.75089e-01 3.68233e-01
1.95977e-01 4.17290e-01 4.34740e-01
1.95977e-01 4.61527e-01 5.04364e-01
1.95977e-01 5.07755e-01 5.75691e-01
1.95977e-01 5.55930e-01 6.47244e-01
1.95977e-01 6.06005e-01 7.17578e-01
1.95977e-01 6.57930e-01 7.85365e-01
1.95977e-01 7.11655e-01 8.49460e-01
1.95977e-01 7.67127e-01 9.08941e-01
1.95977e-01 8.24292e-01 9.63130e-01
1.95977e-01 8.83095e-01 1.01158e+00
1.95977e-01 9.43478e-01 1.05408e+00
1.95977e-01 1.00538e+00 1.09060e+00
1.95977e-01 1.06875e+00 1.12124e+00
1.95977e-01 1.13351e+00 1.14626e+00
1.95977e-01 1.19960e+00 1.16595e+00
1.95977e-01 1.26697e+00 1.18065e+00
1.95977e-01 1.33555e+00 1.19067e+00
1.95977e-01 1.40526e+00 1.19625e+00
1.95977e-01 1.47604e+00 1.19753e+00
1.95977e-01 1.54782e+00 1.19443e+00
1.95977e-01 1.62053e+00 1.18666e+00
1.95977e-01 1.69410e+00 1.17362e+00
1.95977e-01 1.76846e+00 1.15433e+00
1.95977e-01 1.84353e+00 1.12749e+00
1.95977e-01 1.91924e+00 1.09142e+00
1.95977e-01 1.99553e+00 1.04418e+00
1.95977e-01 2.07230e+00 9.83790e-01
1.95977e-01 2.14949e+00 9.08537e-01
1.95977e-01 2.22703e+00 8.17434e-01
1.95977e-01 2.30483e+00 7.10795e-01
1.95977e-01 2.38282e+00 5.90812e-01
1.95977e-01 2.46093e+00 4.61971e-01
1.95977e-01 2.53907e+00 3.31062e-01
1.95977e-01 2.61718e+00 2.06558e-01
1.95977e-01 2.69517e+00 9.72747e-02
1.95977e-01 2.77297e+00 1.05101e-02
1.95977e-01 2.85051e+00 -4.97668e-02
1.95977e-01 2.92770e+00 -8.39177e-02
1.95977e-01 3.00447e+00 -9.62739e-02
1.95977e-01 3.08076e+00 -9.34883e-02
1.95977e-01 3.15647e+00 -8.23755e-02
1.95977e-01 3.23154e+00 -6.82505e-02
1.95977e-01 3.30590e+00 -5.43420e-02
1.95977e-01 3.37947e+00 -4.21252e-02
1.95977e-01 3.45218e+00 -3.20101e-02
1.95977e-01 3.52396e+00 -2.39157e-02
1.95977e-01 3.59474e+00 -1.75905e-02
1.95977e-01 3.66445e+00 -1.27460e-02
1.95977e-01 3.73303e+00 -9.10411e-03
1.95977e-01 3.80040e+00 -6.41461e-03
1.95977e-01 3.86649e+00 -4.46186e-03
1.95977e-01 3.93125e+00 -3.06667e-03
1.95977e-01 3.99462e+00 -2.08479e-03
1.95977e-01 4.05652e+00 -1.40341e-03
1.95977e-01 4.11690e+00 -9.36621e-04
1.95977e-01 4.17571e+00 -6.20538e-04
1.95977e-01 4.23287e+00 -4.08704e-04
1.95977e-01 4.28835e+00 -2.67998e-04
1.95977e-01 4.34207e+00 -1.75234e-04
1.95977e-01 4.39400e+00 -1.14441e-04
1.95977e-01 4.44407e+00 -7.47751e-05
1.95977e-01 4.49224e+00 -4.89671e-05
1.95977e-01 4.53847e+00 -3.21960e-05
1.95977e-01 4.58271e+00 -2.12930e-05
1.95977e-01 4.62491e+00 -1.41908e-05
1.95977e-01 4.66504e+00 -9.54803e-06
1.95977e-01 4.70305e+00 -6.49753e-06
1.95977e-01 4.73890e+00 -4.48022e-06
1.95977e-01 4.77257e+00 -3.13573e-06
1.95977e-01 4.80402e+00 -2.23161e-06
1.95977e-01 4.83322e+00 -1.61758e-06
1.95977e-01 4.86014e+00 -1.19612e-06
1.95977e-01 4.88475e+00 -9.03663e-07
1.95977e-01 4.90703e+00 -6.98522e-07
1.95977e-01 4.92696e+00 -5.53184e-07
1.95977e-01 4.94452e+00 -4.49363e-07
1.95977e-01 4.95969e+00 -3.74830e-07
1.95977e-01 4.97246e+00 -3.21360e-07
1.95977e-01 4.98281e+00 -2.83415e-07
1.95977e-01 4.99074e+00 -2.57284e-07
1.95977e-01 4.99623e+00 -2.40540e-07
1.95977e-01 4.99928e+00 -2.31681e-07
2.27426e-01 7.15683e-04 1.56658e-06
2.27426e-01 3.77012e-03 4.34723e-05
2.27426e-01 9.26216e-03 2.62349e-04
2.27426e-01 1.71877e-02 9.03131e-04
2.27426e-01 2.75390e-02 2.31692e-03
2.27426e-01 4.03061e-02 4.95668e-03
2.27426e-01 5.54766e-02 9.36957e-03
2.27426e-01 7.30356e-02 1.61844e-02
2.27426e-01 9.29659e-02 2.60929e-02
2.27426e-01 1.15248e-01 3.98228e-02
2.27426e-01 1.39860e-01 5.81027e-02
2.27426e-01 1.66779e-01 8.16175e-02
2.27426e-01 1.95977e-01 1.10957e-01
2.27426e-01 2.27426e-01 1.46558e-01
2.27426e-01 2.61096e-01 1.88649e-01
2.27426e-01 2.96953e-01 2.37200e-01
2.27426e-01 3.34963e-01 2.91888e-01
2.27426e-01 3.75089e-01 3.52080e-01
2.27426e-01 4.17290e-01 4.16853e-01
2.27426e-01 4.61527e-01 4.85033e-01
2.27426e-01 5.07755e-01 5.55266e-01
2.27426e-01 5.55930e-01 6.26109e-01
2.27426e-01 6.06005e-01 6.96117e-01
2.27426e-01 6.57930e-01 7.63939e-01
2.27426e-01 7.11655e-01 8.28386e-01
2.27426e-01 7.67127e-01 8.88479e-01
2.27426e-01 8.24292e-01 9.43480e-01
2.27426e-01 8.83095e-01 9.92888e-01
2.27426e-01 9.43478e-01 1.03643e+00
2.27426e-01 1.00538e+00 1.07403e+00
2.27426e-01 1.06875e+00 1.10577e+00
2.27426e-01 1.13351e+00 1.13186e+00
2.27426e-01 1.19960e+00 1.15259e+00
2.27426e-01 1.26697e+00 1.16828e+00
2.27426e-01 1.33555e+00 1.17924e+00
2.27426e-01 1.40526e+00 1.18570e+00
2.27426e-01 1.47604e+00 1.18779e+00
2.27426e-01 1.54782e+00 1.18546e+00
2.27426e-01 1.62053e+00 1.17840e+00
2.27426e-01 1.69410e+00 1.16602e+00
2.27426e-01 1.76846e+00 1.14736e+00
2.27426e-01 1.84353e+00 1.12112e+00
2.27426e-01 1.91924e+00 1.08561e+00
2.27426e-01 1.99553e+00 1.03893e+00
2.27426e-01 2.07230e+00 9.79093e-01
2.27426e-01 2.14949e+00 9.04380e-01
2.27426e-01 2.22703e+00 8.13811e-01
2.27426e-01 2.30483e+00 7.07697e-01
2.27426e-01 2.38282e+00 5.88226e-01
2.27426e-01 2.46093e+00 4.59870e-01
2.27426e-01 2.53907e+00 3.29406e-01
2.27426e-01 2.61718e+00 2.05296e-01
2.27426e-01 2.69517e+00 9.63423e-02
2.27426e-01 2.77297e+00 9.83711e-03
2.27426e-01 2.85051e+00 -5.02489e-02
2.27426e-01 2.92770e+00 -8.42686e-02
2.27426e-01 3.00447e+00 -9.65395e-02
2.27426e-01 3.08076e+00 -9.36993e-02
2.27426e-01 3.15647e+00 -8.25496e-02
2.27426e-01 3.23154e+00 -6.83967e-02
2.27426e-01 3.30590e+00 -5.44647e-02
2.27426e-01 3.37947e+00 -4.22269e-02
2.27426e-01 3.45218e+00 -3.20930e-02
2.27426e-01 3.52396e+00 -2.39820e-02
2.27426e-01 3.59474e+00 -1.76426e-02
2.27426e-01 3.66445e+00 -1.27862e-02
2.27426e-01 3.73303e+00 -9.13467e-03
2.27426e-01 3.80040e+00 -6.43744e-03
2.27426e-01 3.86649e+00 -4.47867e-03
2.27426e-01 3.93125e+00 -3.07887e-03
2.27426e-01 3.99462e+00 -2.09353e-03
2.27426e-01 4.05652e+00 -1.40960e-03
2.27426e-01 4.11690e+00 -9.40954e-04
2.27426e-01 4.17571e+00 -6.23546e-04
2.27426e-01 4.23287e+00 -4.10776e-04
2.27426e-01 4.28835e+00 -2.69417e-04
2.27426e-01 4.34207e+00 -1.76201e-04
2.27426e-01 4.39400e+00 -1.15098e-04
2.27426e-01 4.44407e+00 -7.52205e-05
2.27426e-01 4.49224e+00 -4.92695e-05
2.27426e-01 4.53847e+00 -3.24017e-05
2.27426e-01 4.58271e+00 -2.14336e-05
2.27426e-01 4.62491e+00 -1.42874e-05
2.27426e-01 4.66504e+00 -9.61494e-06
2.27426e-01 4.70305e+00 -6.54433e-06
2.27426e-01 4.73890e+00 -4.51333e-06
2.27426e-01 4.77257e+00 -3.15946e-06
2.27426e-01 4.80402e+00 -2.24888e-06
2.27426e-01 4.83322e+00 -1.63035e-06
2.27426e-01 4.86014e+00 -1.20574e-06
2.27426e-01 4.88475e+00 -9.11058e-07
2.27426e-01 4.90703e+00 -7.04327e-07
2.27426e-01 4.92696e+00 -5.57844e-07
2.27426e-01 4.94452e+00 -4.53195e-07
2.27426e-01 4.95969e+00 -3.78059e-07
2.27426e-01 4.97246e+00 -3.24153e-07
2.27426e-01 4.98281e+00 -2.85895e-07
2.27426e-01 4.99074e+00 -2.59548e-07
2.27426e-01 4.99623e+00 -2.42664e-07
2.27426e-01 4.99928e+00 -2.33731e-07
2.61096e-01 7.15683e-04 1.45565e-06
2.61096e-01 3.77012e-03 4.03942e-05
2.61096e-01 9.26216e-03 2.43776e-04
2.61096e-01 1.71877e-02 8.39224e-04
2.61096e-01 2.75390e-02 2.15314e-03
2.61096e-01 4.03061e-02 4.60696e-03
2.61096e-01 5.54766e-02 8.71058e-03
2.61096e-01 7.30356e-02 1.50517e-02
2.61096e-01 9.29659e-02 2.42798e-02
2.61096e-01 1.15248e-01 3.70834e-02
2.61096e-01 1.39860e-01 5.41596e-02
2.61096e-01 1.66779e-01 7.61755e-02
2.61096e-01 1.95977e-01 1.03723e-01
2.61096e-01 2.27426e-01 1.37264e-01
2.61096e-01 2.61096e-01 1.77084e-01
2.61096e-01 2.96953e-01 2.23232e-01
2.61096e-01 3.34963e-01 2.75489e-01
2.61096e-01 3.75089e-01 3.33341e-01
2.61096e-01 4.17290e-01 3.95981e-01
2.61096e-01 4.61527e-01 4.62344e-01
2.61096e-01 5.07755e-01 5.31157e-01
2.61096e-01 5.55930e-01 6.01024e-01
2.61096e-01 6.06005e-01 6.70516e-01
2.61096e-01 6.57930e-01 7.38261e-01
2.61096e-01 7.11655e-01 8.03023e-01
2.61096e-01 7.67127e-01 8.63761e-01
2.61096e-01 8.24292e-01 9.19666e-01
2.61096e-01 8.83095e-01 9.70166e-01
2.61096e-01 9.43478e-01 1.01492e+00
2.61096e-01 1.00538e+00 1.05380e+00
2.61096e-01 1.06875e+00 1.08685e+00
2.61096e-01 1.13351e+00 1.11423e+00
2.61096e-01 1.19960e+00 1.13622e+00
2.61096e-01 1.26697e+00 1.15311e+00
2.61096e-01 1.33555e+00 1.16520e+00
2.61096e-01 1.40526e+00 1.17273e+00
2.61096e-01 1.47604e+00 1.17582e+00
2.61096e-01 1.54782e+00 1.17442e+00
2.61096e-01 1.62053e+00 1.16823e+00
2.61096e-01 1.69410e+00 1.15666e+00
2.61096e-01 1.76846e+00 1.13878e+00
2.61096e-01 1.84353e+00 1.11326e+00
2.61096e-01 1.91924e+00 1.07847e+00
2.61096e-01 1.99553e+00 1.03247e+00
2.61096e-01 2.07230e+00 9.73304e-01
2.61096e-01 2.14949e+00 8.99256e-01
2.61096e-01 2.22703e+00 8.09345e-01
2.61096e-01 2.30483e+00 7.03880e-01
2.61096e-01 2.38282e+00 5.85038e-01
2.61096e-01 2.46093e+00 4.57280e-01
2.61096e-01 2.53907e+00 3.27366e-01
2.61096e-01 2.61718e+00 2.03741e-01
2.61096e-01 2.69517e+00 9.51935e-02
2.61096e-01 2.77297e+00 9.00826e-03
2.61096e-01 2.85051e+00 -5.08425e-02
2.61096e-01 2.92770e+00 -8.47005e-02
2.61096e-01 3.00447e+00 -9.68663e-02
2.61096e-01 3.08076e+00 -9.39589e-02
2.61096e-01 3.15647e+00 -8.27638e-02
2.61096e-01 3.23154e+00 -6.85767e-02
2.61096e-01 3.30590e+00 -5.46157e-02
2.61096e-01 3.37947e+00 -4.23521e-02
2.61096e-01 3.45218e+00 -3.21950e-02
2.61096e-01 3.52396e+00 -2.40637e-02
2.61096e-01 3.59474e+00 -1.77068e-02
2.61096e-01 3.66445e+00 -1.28358e-02
2.61096e-01 3.73303e+00 -9.17232e-03
2.61096e-01 3.80040e+00 -6.46557e-03
2.61096e-01 3.86649e+00 -4.49937e-03
2.61096e-01 3.93125e+00 -3.09390e-03
2.61096e-01 3.99462e+00 -2.10430e-03
2.61096e-01 4.05652e+00 -1.41722e-03
2.61096e-01 4.11690e+00 -9.46296e-04
2.61096e-01 4.17571e+00 -6.27254e-04
2.61096e-01 4.23287e+00 -4.13330e-04
2.61096e-01 4.28835e+00 -2.71165e-04
2.61096e-01 4.34207e+00 -1.77392e-04
2.61096e-01 4.39400e+00 -1.15907e-04
2.61096e-01 4.44407e+00 -7.57698e-05
2.61096e-01 4.49224e+00 -4.96424e-05
2.61096e-01 4.53847e+00 -3.26554e-05
2.61096e-01 4.58271e+00 -2.16069e-05
2.61096e-01 4.62491e+00 -1.44066e-05
2.61096e-01 4.66504e+00 -9.69746e-06
2.61096e-01 4.70305e+00 -6.60204e-06
2.61096e-01 4.73890e+00 -4.55415e-06
2.61096e-01 4.77257e+00 -3.18873e-06
2.61096e-01 4.80402e+00 -2.27017e-06
2.61096e-01 4.83322e+00 -1.64610e-06
2.61096e-01 4.86014e+00 -1.21761e-06
2.61096e-01 4.88475e+00 -9.20180e-07
2.61096e-01 4.90703e+00 -7.11488e-07
2.61096e-01 4.92696e+00 -5.63593e-07
2.61096e-01 4.94452e+00 -4.57921e-07
2.61096e-01 4.95969e+00 -3.82043e-07
2.61096e-01 4.97246e+00 -3.27598e-07
2.61096e-01 4.98281e+00 -2.88954e-07
2.61096e-01 4.99074e+00 -2.62340e-07
2.61096e-01 4.99623e+00 -2.45284e-07
2.61096e-01 4.99928e+00 -2.36260e-07
2.96953e-01 7.15683e-04 1.33551e-06
2.96953e-01 3.77012e-03 3.70602e-05
2.96953e-01 9.26216e-03 2.23659e-04
2.96953e-01 1.71877e-02 7.69997e-04
2.96953e-01 2.75390e-02 1.97569e-03
2.96953e-01 4.03061e-02 4.22794e-03
2.96953e-01 5.54766e-02 7.99602e-03
2.96953e-01 7.30356e-02 1.38225e-02
2.96953e-01 9.29659e-02 2.23099e-02
2.96953e-01 1.15248e-01 3.41022e-02
2.96953e-01 1.39860e-01 4.98590e-02
2.96953e-01 1.66779e-01 7.02236e-02
2.96953e-01 1.95977e-01 9.57832e-02
2.96953e-01 2.27426e-01 1.27023e-01
2.96953e-01 2.61096e-01 1.64278e-01
2.96953e-01 2.96953e-01 2.07680e-01
2.96953e-01 3.34963e-01 2.57121e-01
2.96953e-01 3.75089e-01 3.12215e-01
2.96953e-01 4.17290e-01 3.72293e-01
2.96953e-01 4.61527e-01 4.36416e-01
2.96953e-01 5.07755e-01 5.03419e-01
2.96953e-01 5.55930e-01 5.71975e-01
2.96953e-01 6.06005e-01 6.40685e-01
2.96953e-01 6.57930e-01 7.08168e-01
2.96953e-01 7.11655e-01 7.73146e-01
2.96953e-01 7.67127e-01 8.34511e-01
2.96953e-01 8.24292e-01 8.91372e-01
2.96953e-01 8.83095e-01 9.43077e-01
2.96953e-01 9.43478e-01 9.89207e-01
2.96953e-01 1.00538e+00 1.02956e+00
2.96953e-01 1.06875e+00 1.06412e+00
2.96953e-01 1.13351e+00 1.09302e+00
2.96953e-01 1.19960e+00 1.11649e+00
2.96953e-01 1.26697e+00 1.13480e+00
2.96953e-01 1.33555e+00 1.14825e+00
2.96953e-01 1.40526e+00 1.15705e+00
2.96953e-01 1.47604e+00 1.16134e+00
2.96953e-01 1.54782e+00 1.16106e+00
2.96953e-01 1.62053e+00 1.15591e+00
2.96953e-01 1.69410e+00 1.14533e+00
2.96953e-01 1.76846e+00 1.12837e+00
2.96953e-01 1.84353e+00 1.10375e+00
2.96953e-01 1.91924e+00 1.06980e+00
2.96953e-01 1.99553e+00 1.02464e+00
2.96953e-01 2.07230e+00 9.66283e-01
2.96953e-01 2.14949e+00 8.93041e-01
2.96953e-01 2.22703e+00 8.03928e-01
2.96953e-01 2.30483e+00 6.99249e-01
2.96953e-01 2.38282e+00 5.81170e-01
2.96953e-01 2.46093e+00 4.54137e-01
2.96953e-01 2.53907e+00 3.24892e-01
2.96953e-01 2.61718e+00 2.01855e-01
2.96953e-01 2.69517e+00 9.38007e-02
2.96953e-01 2.77297e+00 8.00361e-03
2.96953e-01 2.85051e+00 -5.15616e-02
2.96953e-01 2.92770e+00 -8.52235e-02
2.96953e-01 3.00447e+00 -9.72620e-02
2.96953e-01 3.08076e+00 -9.42731e-02
2.96953e-01 3.15647e+00 -8.30232e-02
2.96953e-01 3.23154e+00 -6.87946e-02
2.96953e-01 3.30590e+00 -5.47986e-02
2.96953e-01 3.37947e+00 -4.25038e-02
2.96953e-01 3.45218e+00 -3.23187e-02
2.96953e-01 3.52396e+00 -2.41627e-02
2.96953e-01 3.59474e+00 -1.77847e-02
2.96953e-01 3.66445e+00 -1.28959e-02
2.96953e-01 3.73303e+00 -9.21796e-03
2.96953e-01 3.80040e+00 -6.49969e-03
2.96953e-01 3.86649e+00 -4.52449e-03
2.96953e-01 3.93125e+00 -3.11213e-03
2.96953e-01 3.99462e+00 -2.11736e-03
2.96953e-01 4.05652e+00 -1.42647e-03
2.96953e-01 4.11690e+00 -9.52776e-04
2.96953e-01 4.17571e+00 -6.31753e-04
2.96953e-01 4.23287e+00 -4.16429e-04
2.96953e-01 4.28835e+00 -2.73287e-04
2.96953e-01 4.34207e+00 -1.78838e-04
2.96953e-01 4.39400e+00 -1.16890e-04
2.96953e-01 4.44407e+00 -7.64365e-05
2.96953e-01 4.49224e+00 -5.00950e-05
2.96953e-01 4.53847e+00 -3.29634e-05
2.96953e-01 4.58271e+00 -2.18174e-05
2.96953e-01 4.62491e+00 -1.45512e-05
2.96953e-01 4.66504e+00 -9.79765e-06
2.96953e-01 4.70305e+00 -6.67212e-06
2.96953e-01 4.73890e+00 -4.60373e-06
2.96953e-01 4.77257e+00 -3.22426e-06
2.96953e-01 4.80402e+00 -2.29603e-06
2.96953e-01 4.83322e+00 -1.66524e-06
2.96953e-01 4.86014e+00 -1.23203e-06
2.96953e-01 4.88475e+00 -9.31258e-07
2.96953e-01 4.90703e+00 -7.20183e-07
2.96953e-01 4.92696e+00 -5.70574e-07
2.96953e-01 4.94452e+00 -4.63661e-07
2.96953e-01 4.95969e+00 -3.86880e-07
2.96953e-01 4.97246e+00 -3.31781e-07
2.96953e-01 4.98281e+00 -2.92670e-07
2.96953e-01 4.99074e+00 -2.65731e-07
2.96953e-01 4.99623e+00 -2.48466e-07
2.96953e-01 4.99928e+00 -2.39331e-07
3.34963e-01 7.15683e-04 1.20948e-06
3.34963e-01 3.77012e-03 3.35630e-05
3.34963e-01 9.26216e-03 2.02556e-04
3.34963e-01 1.71877e-02 6.97372e-04
3.34963e-01 2.75390e-02 1.78950e-03
3.34963e-01 4.03061e-02 3.83011e-03
3.34963e-01 5.54766e-02 7.24556e-03
3.34963e-01 7.30356e-02 1.25304e-02
3.34963e-01 9.29659e-02 2.02366e-02
3.34963e-01 1.15248e-01 3.09589e-02
3.34963e-01 1.39860e-01 4.53141e-02
3.34963e-01 1.66779e-01 6.39148e-02
3.34963e-01 1.95977e-01 8.73364e-02
3.34963e-01 2.27426e-01 1.16078e-01
3.34963e-01 2.61096e-01 1.50519e-01
3.34963e-01 2.96953e-01 1.90871e-01
3.34963e-01 3.34963e-01 2.37134e-01
3.34963e-01 3.75089e-01 2.89060e-01
3.34963e-01 4.17290e-01 3.46129e-01
3.34963e-01 4.61527e-01 4.07553e-01
3.34963e-01 5.07755e-01 4.72295e-01
3.34963e-01 5.55930e-01 5.39128e-01
3.34963e-01 6.06005e-01 6.06707e-01
3.34963e-01 6.57930e-01 6.73659e-01
3.34963e-01 7.11655e-01 7.38672e-01
3.34963e-01 7.67127e-01 8.00572e-01
3.34963e-01 8.24292e-01 8.58384e-01
3.34963e-01 8.83095e-01 9.11359e-01
3.34963e-01 9.43478e-01 9.58988e-01
3.34963e-01 1.00538e+00 1.00099e+00
3.34963e-01 1.06875e+00 1.03727e+00
3.34963e-01 1.13351e+00 1.06790e+00
3.34963e-01 1.19960e+00 1.09308e+00
3.34963e-01 1.26697e+00 1.11305e+00
3.34963e-01 1.33555e+00 1.12808e+00
3.34963e-01 1.40526e+00 1.13838e+00
3.34963e-01 1.47604e+00 1.14408e+00
3.34963e-01 1.54782e+00 1.14512e+00
3.34963e-01 1.62053e+00 1.14121e+00
3.34963e-01 1.69410e+00 1.13179e+00
3.34963e-01 1.76846e+00 1.11594e+00
3.34963e-01 1.84353e+00 1.09237e+00
3.34963e-01 1.91924e+00 1.05944e+00
3.34963e-01 1.99553e+00 1.01526e+00
3.34963e-01 2.07230e+00 9.57886e-01
3.34963e-01 2.14949e+00 8.85607e-01
3.34963e-01 2.22703e+00 7.97448e-01
3.34963e-01 2.30483e+00 6.93708e-01
3.34963e-01 2.38282e+00 5.76543e-01
3.34963e-01 2.46093e+00 4.50379e-01
3.34963e-01 2.53907e+00 3.21932e-01
3.34963e-01 2.61718e+00 1.99600e-01
3.34963e-01 2.69517e+00 9.21355e-02
3.34963e-01 2.77297e+00 6.80305e-03
3.34963e-01 2.85051e+00 -5.24204e-02
3.34963e-01 2.92770e+00 -8.58479e-02
3.34963e-01 3.00447e+00 -9.77340e-02
3.34963e-01 3.08076e+00 -9.46480e-02
3.34963e-01 3.15647e+00 -8.33326e-02
3.34963e-01 3.23154e+00 -6.90546e-02
3.34963e-01 3.30590e+00 -5.50169e-02
3.34963e-01 3.37947e+00 -4.26849e-02
3.34963e-01 3.45218e+00 -3.24664e-02
3.34963e-01 3.52396e+00 -2.42810e-02
3.34963e-01 3.59474e+00 -1.78776e-02
3.34963e-01 3.66445e+00 -1.29678e-02
3.34963e-01 3.73303e+00 -9.27253e-03
3.34963e-01 3.80040e+00 -6.54047e-03
3.34963e-01 3.86649e+00 -4.55452e-03
3.34963e-01 3.93125e+00 -3.13393e-03
3.34963e-01 3.99462e+00 -2.13298e-03
3.34963e-01 4.05652e+00 -1.43754e-03
3.34963e-01 4.11690e+00 -9.60529e-04
3.34963e-01 4.17571e+00 -6.37136e-04
3.34963e-01 4.23287e+00 -4.20139e-04
3.34963e-01 4.28835e+00 -2.75827e-04
3.34963e-01 4.34207e+00 -1.80569e-04
3.34963e-01 4.39400e+00 -1.18066e-04
3.34963e-01 4.44407e+00 -7.72347e-05
3.34963e-01 4.49224e+00 -5.06369e-05
3.34963e-01 4.53847e+00 -3.33322e-05
3.34963e-01 4.58271e+00 -2.20693e-05
3.34963e-01 4.62491e+00 -1.47244e-05
3.34963e-01 4.66504e+00 -9.91763e-06
3.34963e-01 4.70305e+00 -6.75603e-06
3.34963e-01 4.73890e+00 -4.66309e-06
3.34963e-01 4.77257e+00 -3.26682e-06
3.34963e-01 4.80402e+00 -2.32699e-06
3.34963e-01 4.83322e+00 -1.68815e-06
3.34963e-01 4.86014e+00 -1.24929e-06
3.34963e-01 4.88475e+00 -9.44525e-07
3.34963e-01 4.90703e+00 -7.30598e-07
3.34963e-01 4.92696e+00 -5.78936e-07
3.34963e-01 4.94452e+00 -4.70535e-07
3.34963e-01 4.95969e+00 -3.92674e-07
3.34963e-01 4.97246e+00 -3.36792e-07
3.34963e-01 4.98281e+00 -2.97120e-07
3.34963e-01 4.99074e+00 -2.69793e-07
3.34963e-01 4.99623e+00 -2.52278e-07
3.34963e-01 4.99928e+00 -2.43010e-07
3.75089e-01 7.15683e-04 1.08126e-06
3.75089e-01 3.77012e-03 3.00051e-05
3.75089e-01 9.26216e-03 1.81085e-04
3.75089e-01 1.71877e-02 6.23477e-04
3.75089e-01 2.75390e-02 1.60002e-03
3.75089e-01 4.03061e-02 3.42510e-03
3.75089e-01 5.54766e-02 6.48114e-03
3.75089e-01 7.30356e-02 1.12130e-02
3.75089e-01 9.29659e-02 1.81201e-02
3.75089e-01 1.15248e-01 2.77443e-02
3.75089e-01 1.39860e-01 4.06547e-02
3.75089e-01 1.66779e-01 5.74267e-02
3.75089e-01 1.95977e-01 7.86157e-02
3.75089e-01 2.27426e-01 1.04725e-01
3.75089e-01 2.61096e-01 1.36167e-01
3.75089e-01 2.96953e-01 1.73222e-01
3.75089e-01 3.34963e-01 2.15996e-01
3.75089e-01 3.75089e-01 2.64375e-01
3.75089e-01 4.17290e-01 3.17999e-01
3.75089e-01 4.61527e-01 3.76245e-01
3.75089e-01 5.07755e-01 4.38232e-01
3.75089e-01 5.55930e-01 5.02860e-01
3.75089e-01 6.06005e-01 5.68868e-01
3.75089e-01 6.57930e-01 6.34920e-01
3.75089e-01 7.11655e-01 6.99686e-01
3.75089e-01 7.67127e-01 7.61937e-01
3.75089e-01 8.24292e-01 8.20610e-01
3.75089e-01 8.83095e-01 8.74854e-01
3.75089e-01 9.43478e-01 9.24056e-01
3.75089e-01 1.00538e+00 9.67832e-01
3.75089e-01 1.06875e+00 1.00601e+00
3.75089e-01 1.13351e+00 1.03859e+00
3.75089e-01 1.19960e+00 1.06570e+00
3.75089e-01 1.26697e+00 1.08756e+00
3.75089e-01 1.33555e+00 1.10441e+00
3.75089e-01 1.40526e+00 1.11644e+00
3.75089e-01 1.47604e+00 1.12377e+00
3.75089e-01 1.54782e+00 1.12635e+00
3.75089e-01 1.62053e+00 1.12389e+00
3.75089e-01 1.69410e+00 1.11584e+00
3.75089e-01 1.76846e+00 1.10128e+00
3.75089e-01 1.84353e+00 1.07895e+00
3.75089e-01 1.91924e+00 1.04721e+00
3.75089e-01 1.99553e+00 1.00420e+00
3.75089e-01 2.07230e+00 9.47968e-01
3.75089e-01 2.14949e+00 8.76825e-01
3.75089e-01 2.22703e+00 7.89792e-01
3.75089e-01 2.30483e+00 6.87162e-01
3.75089e-01 2.38282e+00 5.71076e-01
3.75089e-01 2.46093e+00 4.45938e-01
3.75089e-01 2.53907e+00 3.18435e-01
3.75089e-01 2.61718e+00 1.96936e-01
3.75089e-01 2.69517e+00 9.01697e-02
3.75089e-01 2.77297e+00 5.38660e-03
3.75089e-01 2.85051e+00 -5.34330e-02
3.75089e-01 2.92770e+00 -8.65835e-02
3.75089e-01 3.00447e+00 -9.82899e-02
3.75089e-01 3.08076e+00 -9.50893e-02
3.75089e-01 3.15647e+00 -8.36969e-02
3.75089e-01 3.23154e+00 -6.93609e-02
3.75089e-01 3.30590e+00 -5.52741e-02
3.75089e-01 3.37947e+00 -4.28984e-02
3.75089e-01 3.45218e+00 -3.26405e-02
3.75089e-01 3.52396e+00 -2.44204e-02
3.75089e-01 3.59474e+00 -1.79873e-02
3.75089e-01 3.66445e+00 -1.30525e-02
3.75089e-01 3.73303e+00 -9.33692e-03
3.75089e-01 3.80040e+00 -6.58862e-03
3.75089e-01 3.86649e+00 -4.58997e-03
3.75089e-01 3.93125e+00 -3.15968e-03
3.75089e-01 3.99462e+00 -2.15143e-03
3.75089e-01 4.05652e+00 -1.45060e-03
3.75089e-01 4.11690e+00 -9.69689e-04
3.75089e-01 4.17571e+00 -6.43497e-04
3.75089e-01 4.23287e+00 -4.24522e-04
3.75089e-01 4.28835e+00 -2.78828e-04
3.75089e-01 4.34207e+00 -1.82615e-04
3.75089e-01 4.39400e+00 -1.19456e-04
3.75089e-01 4.44407e+00 -7.81782e-05
3.75089e-01 4.49224e+00 -5.12776e-05
3.75089e-01 4.53847e+00 -3.37682e-05
3.75089e-01 4.58271e+00 -2.23673e-05
3.75089e-01 4.62491e+00 -1.49292e-05
3.75089e-01 4.66504e+00 -1.00595e-05
3.75089e-01 4.70305e+00 -6.85526e-06
3.75089e-01 4.73890e+00 -4.73330e-06
3.75089e-01 4.77257e+00 -3.31715e-06
3.75089e-01 4.80402e+00 -2.36362e-06
3.75089e-01 4.83322e+00 -1.71525e-06
3.75089e-01 4.86014e+00 -1.26971e-06
3.75089e-01 4.88475e+00 -9.60219e-07
3.75089e-01 4.90703e+00 -7.42918e-07
3.75089e-01 4.92696e+00 -5.88827e-07
3.75089e-01 4.94452e+00 -4.78668e-07
3.75089e-01 4.95969e+00 -3.99528e-07
3.75089e-01 4.97246e+00 -3.42720e-07
3.75089e-01 4.98281e+00 -3.02385e-07
3.75089e-01 4.99074e+00 -2.74598e-07
3.75089e-01 4.99623e+00 -2.56787e-07
3.75089e-01 4.99928e+00 -2.47362e-07
4.17290e-01 7.15683e-04 9.54528e-07
4.17290e-01 3.77012e-03 2.64883e-05
4.17290e-01 9.26216e-03 1.59864e-04
4.17290e-01 1.71877e-02 5.50430e-04
4.17290e-01 2.75390e-02 1.41268e-03
4.17290e-01 4.03061e-02 3.02453e-03
4.17290e-01 5.54766e-02 5.72464e-03
4.17290e-01 7.30356e-02 9.90820e-03
4.17290e-01 9.29659e-02 1.60209e-02
4.17290e-01 1.15248e-01 2.45501e-02
4.17290e-01 1.39860e-01 3.60138e-02
4.17290e-01 1.66779e-01 5.09440e-02
4.17290e-01 1.95977e-01 6.98676e-02
4.17290e-01 2.27426e-01 9.32802e-02
4.17290e-01 2.61096e-01 1.21615e-01
4.17290e-01 2.96953e-01 1.55208e-01
4.17290e-01 3.34963e-01 1.94254e-01
4.17290e-01 3.75089e-01 2.38770e-01
4.17290e-01 4.17290e-01 2.88552e-01
4.17290e-01 4.61527e-01 3.43152e-01
4.17290e-01 5.07755e-01 4.01867e-01
4.17290e-01 5.55930e-01 4.63753e-01
4.17290e-01 6.06005e-01 5.27671e-01
4.17290e-01 6.57930e-01 5.92349e-01
4.17290e-01 7.11655e-01 6.56475e-01
4.17290e-01 7.67127e-01 7.18779e-01
4.17290e-01 8.24292e-01 7.78119e-01
4.17290e-01 8.83095e-01 8.33541e-01
4.17290e-01 9.43478e-01 8.84313e-01
4.17290e-01 1.00538e+00 9.29940e-01
4.17290e-01 1.06875e+00 9.70147e-01
4.17290e-01 1.13351e+00 1.00485e+00
4.17290e-01 1.19960e+00 1.03411e+00
4.17290e-01 1.26697e+00 1.05809e+00
4.17290e-01 1.33555e+00 1.07698e+00
4.17290e-01 1.40526e+00 1.09098e+00
4.17290e-01 1.47604e+00 1.10018e+00
4.17290e-01 1.54782e+00 1.10452e+00
4.17290e-01 1.62053e+00 1.10372e+00
4.17290e-01 1.69410e+00 1.09725e+00
4.17290e-01 1.76846e+00 1.08419e+00
4.17290e-01 1.84353e+00 1.06329e+00
4.17290e-01 1.91924e+00 1.03294e+00
4.17290e-01 1.99553e+00 9.91285e-01
4.17290e-01 2.07230e+00 9.36389e-01
4.17290e-01 2.14949e+00 8.66570e-01
4.17290e-01 2.22703e+00 7.80850e-01
4.17290e-01 2.30483e+00 6.79516e-01
4.17290e-01 2.38282e+00 5.64690e-01
4.17290e-01 2.46093e+00 4.40751e-01
4.17290e-01 2.53907e+00 3.14352e-01
4.17290e-01 2.61718e+00 1.93827e-01
4.17290e-01 2.69517e+00 8.78759e-02
4.17290e-01 2.77297e+00 3.73478e-03
4.17290e-01 2.85051e+00 -5.46130e-02
4.17290e-01 2.92770e+00 -8.74399e-02
4.17290e-01 3.00447e+00 -9.89367e-02
4.17290e-01 3.08076e+00 -9.56026e-02
4.17290e-01 3.15647e+00 -8.41207e-02
4.17290e-01 3.23154e+00 -6.97172e-02
4.17290e-01 3.30590e+00 -5.55736e-02
4.17290e-01 3.37947e+00 -4.31469e-02
4.17290e-01 3.45218e+00 -3.28434e-02
4.17290e-01 3.52396e+00 -2.45830e-02
4.17290e-01 3.59474e+00 -1.81152e-02
4.17290e-01 3.66445e+00 -1.31514e-02
4.17290e-01 3.73303e+00 -9.41204e-03
4.17290e-01 3.80040e+00 -6.64480e-03
4.17290e-01 3.86649e+00 -4.63136e-03
4.17290e-01 3.93125e+00 -3.18973e-03
4.17290e-01 3.99462e+00 -2.17298e-03
4.17290e-01 4.05652e+00 -1.46587e-03
4.17290e-01 4.11690e+00 -9.80388e-04
4.17290e-01 4.17571e+00 -6.50928e-04
4.17290e-01 4.23287e+00 -4.29643e-04
4.17290e-01 4.28835e+00 -2.82335e-04
4.17290e-01 4.34207e+00 -1.85006e-04
4.17290e-01 4.39400e+00 -1.21081e-04
4.17290e-01 4.44407e+00 -7.92810e-05
4.17290e-01 4.49224e+00 -5.20265e-05
4.17290e-01 4.53847e+00 -3.42779e-05
4.17290e-01 4.58271e+00 -2.27156e-05
4.17290e-01 4.62491e+00 -1.51687e-05
4.17290e-01 4.66504e+00 -1.02254e-05
4.17290e-01 4.70305e+00 -6.97131e-06
4.17290e-01 4.73890e+00 -4.81540e-06
4.17290e-01 4.77257e+00 -3.37601e-06
4.17290e-01 4.80402e+00 -2.40646e-06
4.17290e-01 4.83322e+00 -1.74694e-06
4.17290e-01 4.86014e+00 -1.29360e-06
4.17290e-01 4.88475e+00 -9.78576e-07
4.17290e-01 4.90703e+00 -7.57329e-07
4.17290e-01 4.92696e+00 -6.00398e-07
4.17290e-01 4.94452e+00 -4.88181e-07
4.17290e-01 4.95969e+00 -4.07547e-07
4.17290e-01 4.97246e+00 -3.49655e-07
4.17290e-01 4.98281e+00 -3.08545e-07
4.17290e-01 4.99074e+00 -2.80220e-07
4.17290e-01 4.99623e+00 -2.62062e-07
4.17290e-01 4.99928e+00 -2.52454e-07
4.61527e-01 7.15683e-04 8.32592e-07
4.61527e-01 3.77012e-03 2.31047e-05
4.61527e-01 9.26216e-03 1.39444e-04
4.61527e-01 1.71877e-02 4.80139e-04
4.61527e-01 2.75390e-02 1.23237e-03
4.61527e-01 4.03061e-02 2.63888e-03
4.61527e-01 5.54766e-02 4.99591e-03
4.61527e-01 7.30356e-02 8.65014e-03
4.61527e-01 9.29659e-02 1.39943e-02
4.61527e-01 1.15248e-01 2.14612e-02
4.61527e-01 1.39860e-01 3.15150e-02
4.61527e-01 1.66779e-01 4.46405e-02
4.61527e-01 1.95977e-01 6.13281e-02
4.61527e-01 2.27426e-01 8.20549e-02
4.61527e-01 2.61096e-01 1.07260e-01
4.61527e-01 2.96953e-01 1.37316e-01
4.61527e-01 3.34963e-01 1.72491e-01
4.61527e-01 3.75089e-01 2.12914e-01
4.61527e-01 4.17290e-01 2.58528e-01
4.61527e-01 4.61527e-01 3.09061e-01
4.61527e-01 5.07755e-01 3.64000e-01
4.61527e-01 5.55930e-01 4.22584e-01
4.61527e-01 6.06005e-01 4.83827e-01
4.61527e-01 6.57930e-01 5.46569e-01
4.61527e-01 7.11655e-01 6.09545e-01
4.61527e-01 7.67127e-01 6.71479e-01
4.61527e-01 8.24292e-01 7.31168e-01
4.61527e-01 8.83095e-01 7.87559e-01
4.61527e-01 9.43478e-01 8.39801e-01
4.61527e-01 1.00538e+00 8.87272e-01
4.61527e-01 1.06875e+00 9.29579e-01
4.61527e-01 1.13351e+00 9.66533e-01
4.61527e-01 1.19960e+00 9.98112e-01
4.61527e-01 1.26697e+00 1.02441e+00
4.61527e-01 1.33555e+00 1.04558e+00
4.61527e-01 1.40526e+00 1.06177e+00
4.61527e-01 1.47604e+00 1.07307e+00
4.61527e-01 1.54782e+00 1.07940e+00
4.61527e-01 1.62053e+00 1.08050e+00
4.61527e-01 1.69410e+00 1.07582e+00
4.61527e-01 1.76846e+00 1.06447e+00
4.61527e-01 1.84353e+00 1.04521e+00
4.61527e-01 1.91924e+00 1.01646e+00
4.61527e-01 1.99553e+00 9.76365e-01
4.61527e-01 2.07230e+00 9.23008e-01
4.61527e-01 2.14949e+00 8.54716e-01
4.61527e-01 2.22703e+00 7.70513e-01
4.61527e-01 2.30483e+00 6.70676e-01
4.61527e-01 2.38282e+00 5.57308e-01
4.61527e-01 2.46093e+00 4.34754e-01
4.61527e-01 2.53907e+00 3.09632e-01
4.61527e-01 2.61718e+00 1.90235e-01
4.61527e-01 2.69517e+00 8.52272e-02
4.61527e-01 2.77297e+00 1.82899e-03
4.61527e-01 2.85051e+00 -5.59729e-02
4.61527e-01 2.92770e+00 -8.84259e-02
4.61527e-01 3.00447e+00 -9.96808e-02
4.61527e-01 3.08076e+00 -9.61929e-02
4.61527e-01 3.15647e+00 -8.46081e-02
4.61527e-01 3.23154e+00 -7.01273e-02
4.61527e-01 3.30590e+00 -5.59183e-02
4.61527e-01 3.37947e+00 -4.34333e-02
4.61527e-01 3.45218e+00 -3.30772e-02
4.61527e-01 3.52396e+00 -2.47704e-02
4.61527e-01 3.59474e+00 -1.82627e-02
4.61527e-01 3.66445e+00 -1.32654e-02
4.61527e-01 3.73303e+00 -9.49873e-03
4.61527e-01 3.80040e+00 -6.70965e-03
4.61527e-01 3.86649e+00 -4.67914e-03
4.61527e-01 3.93125e+00 -3.22444e-03
4.61527e-01 3.99462e+00 -2.19787e-03
4.61527e-01 4.05652e+00 -1.48350e-03
4.61527e-01 4.11690e+00 -9.92753e-04
4.61527e-01 4.17571e+00 -6.59517e-04
4.61527e-01 4.23287e+00 -4.35563e-04
4.61527e-01 4.28835e+00 -2.86391e-04
4.61527e-01 4.34207e+00 -1.87770e-04
4.61527e-01 4.39400e+00 -1.22960e-04
4.61527e-01 4.44407e+00 -8.05567e-05
4.61527e-01 4.49224e+00 -5.28928e-05
4.61527e-01 4.53847e+00 -3.48676e-05
4.61527e-01 4.58271e+00 -2.31186e-05
4.61527e-01 4.62491e+00 -1.54458e-05
4.61527e-01 4.66504e+00 -1.04174e-05
4.61527e-01 4.70305e+00 -7.10562e-06
4.61527e-01 4.73890e+00 -4.91044e-06
4.61527e-01 4.77257e+00 -3.44415e-06
4.61527e-01 4.80402e+00 -2.45605e-06
4.61527e-01 4.83322e+00 -1.78364e-06
4.61527e-01 4.86014e+00 -1.32125e-06
4.61527e-01 4.88475e+00 -9.99830e-07
4.61527e-01 4.90703e+00 -7.74014e-07
4.61527e-01 4.92696e+00 -6.13795e-07
4.61527e-01 4.94452e+00 -4.99197e-07
4.61527e-01 4.95969e+00 -4.16831e-07
4.61527e-01 4.97246e+00 -3.57685e-07
4.61527e-01 4.98281e+00 -3.15677e-07
4.61527e-01 4.99074e+00 -2.86730e-07
4.61527e-01 4.99623e+00 -2.68171e-07
4.61527e-01 4.99928e+00 -2.58350e-07
5.07755e-01 7.15683e-04 7.18123e-07
5.07755e-01 3.77012e-03 1.99281e-05
5.07755e-01 9.26216e-03 1.20274e-04
5.07755e-01 1.71877e-02 4.14145e-04
5.07755e-01 2.75390e-02 1.06306e-03
5.07755e-01 4.03061e-02 2.27662e-03
5.07755e-01 5.54766e-02 4.31103e-03
5.07755e-01 7.30356e-02 7.46684e-03
5.07755e-01 9.29659e-02 1.20860e-02
5.07755e-01 1.15248e-01 1.85475e-02
5.07755e-01 1.39860e-01 2.72620e-02
5.07755e-01 1.66779e-01 3.86639e-02
5.07755e-01 1.95977e-01 5.32016e-02
5.07755e-01 2.27426e-01 7.13232e-02
5.07755e-01 2.61096e-01 9.34596e-02
5.07755e-01 2.96953e-01 1.20000e-01
5.07755e-01 3.34963e-01 1.51266e-01
5.07755e-01 3.75089e-01 1.87474e-01
5.07755e-01 4.17290e-01 2.28697e-01
5.07755e-01 4.61527e-01 2.74828e-01
5.07755e-01 5.07755e-01 3.25542e-01
5.07755e-01 5.55930e-01 3.80278e-01
5.07755e-01 6.06005e-01 4.38236e-01
5.07755e-01 6.57930e-01 4.98406e-01
5.07755e-01 7.11655e-01 5.59620e-01
5.07755e-01 7.67127e-01 6.20635e-01
5.07755e-01 8.24292e-01 6.80219e-01
5.07755e-01 8.83095e-01 7.37237e-01
5.07755e-01 9.43478e-01 7.90723e-01
5.07755e-01 1.00538e+00 8.39925e-01
5.07755e-01 1.06875e+00 8.84316e-01
5.07755e-01 1.13351e+00 9.23585e-01
5.07755e-01 1.19960e+00 9.57607e-01
5.07755e-01 1.26697e+00 9.86394e-01
5.07755e-01 1.33555e+00 1.01004e+00
5.07755e-01 1.40526e+00 1.02864e+00
5.07755e-01 1.47604e+00 1.04226e+00
5.07755e-01 1.54782e+00 1.05081e+00
5.07755e-01 1.62053e+00 1.05403e+00
5.07755e-01 1.69410e+00 1.05137e+00
5.07755e-01 1.76846e+00 1.04195e+00
5.07755e-01 1.84353e+00 1.02456e+00
5.07755e-01 1.91924e+00 9.97618e-01
5.07755e-01 1.99553e+00 9.59297e-01
5.07755e-01 2.07230e+00 9.07694e-01
5.07755e-01 2.14949e+00 8.41146e-01
5.07755e-01 2.22703e+00 7.58677e-01
5.07755e-01 2.30483e+00 6.60553e-01
5.07755e-01 2.38282e+00 5.48853e-01
5.07755e-01 2.46093e+00 4.27889e-01
5.07755e-01 2.53907e+00 3.04230e-01
5.07755e-01 2.61718e+00 1.86124e-01
5.07755e-01 2.69517e+00 8.21987e-02
5.07755e-01 2.77297e+00 -3.48019e-04
5.07755e-01 2.85051e+00 -5.75246e-02
5.07755e-01 2.92770e+00 -8.95495e-02
5.07755e-01 3.00447e+00 -1.00528e-01
5.07755e-01 3.08076e+00 -9.68647e-02
5.07755e-01 3.15647e+00 -8.51628e-02
5.07755e-01 3.23154e+00 -7.05941e-02
5.07755e-01 3.30590e+00 -5.63110e-02
5.07755e-01 3.37947e+00 -4.37596e-02
5.07755e-01 3.45218e+00 -3.33438e-02
5.07755e-01 3.52396e+00 -2.49842e-02
5.07755e-01 3.59474e+00 -1.84311e-02
5.07755e-01 3.66445e+00 -1.33956e-02
5.07755e-01 3.73303e+00 -9.59778e-03
5.07755e-01 3.80040e+00 -6.78377e-03
5.07755e-01 3.86649e+00 -4.73377e-03
5.07755e-01 3.93125e+00 -3.26414e-03
5.07755e-01 3.99462e+00 -2.22634e-03
5.07755e-01 4.05652e+00 -1.50368e-03
5.07755e-01 4.11690e+00 -1.00690e-03
5.07755e-01 4.17571e+00 -6.69349e-04
5.07755e-01 4.23287e+00 -4.42341e-04
5.07755e-01 4.28835e+00 -2.91034e-04
5.07755e-01 4.34207e+00 -1.90937e-04
5.07755e-01 4.39400e+00 -1.25113e-04
5.07755e-01 4.44407e+00 -8.20182e-05
5.07755e-01 4.49224e+00 -5.38855e-05
5.07755e-01 4.53847e+00 -3.55434e-05
5.07755e-01 4.58271e+00 -2.35805e-05
5.07755e-01 4.62491e+00 -1.57634e-05
5.07755e-01 4.66504e+00 -1.06375e-05
5.07755e-01 4.70305e+00 -7.25958e-06
5.07755e-01 4.73890e+00 -5.01939e-06
5.07755e-01 4.77257e+00 -3.52227e-06
5.07755e-01 4.80402e+00 -2.51291e-06
5.07755e-01 4.83322e+00 -1.82571e-06
5.07755e-01 4.86014e+00 -1.35296e-06
5.07755e-01 4.88475e+00 -1.02420e-06
5.07755e-01 4.90703e+00 -7.93149e-07
5.07755e-01 4.92696e+00 -6.29160e-07
5.07755e-01 4.94452e+00 -5.11830e-07
5.07755e-01 4.95969e+00 -4.27480e-07
5.07755e-01 4.97246e+00 -3.66895e-07
5.07755e-01 4.98281e+00 -3.23857e-07
5.07755e-01 4.99074e+00 -2.94196e-07
5.07755e-01 4.99623e+00 -2.75177e-07
5.07755e-01 4.99928e+00 -2.65112e-07
5.55930e-01 7.15683e-04 6.13013e-07
5.55930e-01 3.77012e-03 1.70113e-05
5.55930e-01 9.26216e-03 1.02671e-04
5.55930e-01 1.71877e-02 3.53541e-04
5.55930e-01 2.75390e-02 9.07550e-04
5.55930e-01 4.03061e-02 1.94381e-03
5.55930e-01 5.54766e-02 3.68152e-03
5.55930e-01 7.30356e-02 6.37840e-03
5.55930e-01 9.29659e-02 1.03287e-02
5.55930e-01 1.15248e-01 1.58604e-02
5.55930e-01 1.39860e-01 2.33318e-02
5.55930e-01 1.66779e-01 3.31262e-02
5.55930e-01 1.95977e-01 4.56459e-02
5.55930e-01 2.27426e-01 6.13027e-02
5.55930e-01 2.61096e-01 8.05059e-02
5.55930e-01 2.96953e-01 1.03645e-01
5.55930e-01 3.34963e-01 1.31070e-01
5.55930e-01 3.75089e-01 1.63060e-01
5.55930e-01 4.17290e-01 1.99791e-01
5.55930e-01 4.61527e-01 2.41298e-01
5.55930e-01 5.07755e-01 2.87435e-01
5.55930e-01 5.55930e-01 3.37842e-01
5.55930e-01 6.06005e-01 3.91926e-01
5.55930e-01 6.57930e-01 4.48862e-01
5.55930e-01 7.11655e-01 5.07628e-01
5.55930e-01 7.67127e-01 5.67063e-01
5.55930e-01 8.24292e-01 6.25951e-01
5.55930e-01 8.83095e-01 6.83109e-01
5.55930e-01 9.43478e-01 7.37475e-01
5.55930e-01 1.00538e+00 7.88164e-01
5.55930e-01 1.06875e+00 8.34511e-01
5.55930e-01 1.13351e+00 8.76066e-01
5.55930e-01 1.19960e+00 9.12583e-01
5.55930e-01 1.26697e+00 9.43971e-01
5.55930e-01 1.33555e+00 9.70242e-01
5.55930e-01 1.40526e+00 9.91445e-01
5.55930e-01 1.47604e+00 1.00759e+00
5.55930e-01 1.54782e+00 1.01859e+00
5.55930e-01 1.62053e+00 1.02415e+00
5.55930e-01 1.69410e+00 1.02373e+00
5.55930e-01 1.76846e+00 1.01648e+00
5.55930e-01 1.84353e+00 1.00117e+00
5.55930e-01 1.91924e+00 9.76265e-01
5.55930e-01 1.99553e+00 9.39945e-01
5.55930e-01 2.07230e+00 8.90324e-01
5.55930e-01 2.14949e+00 8.25749e-01
5.55930e-01 2.22703e+00 7.45244e-01
5.55930e-01 2.30483e+00 6.49063e-01
5.55930e-01 2.38282e+00 5.39257e-01
5.55930e-01 2.46093e+00 4.20097e-01
5.55930e-01 2.53907e+00 2.98101e-01
5.55930e-01 2.61718e+00 1.81463e-01
5.55930e-01 2.69517e+00 7.87673e-02
5.55930e-01 2.77297e+00 -2.81170e-03
5.55930e-01 2.85051e+00 -5.92780e-02
5.55930e-01 2.92770e+00 -9.08173e-02
5.55930e-01 3.00447e+00 -1.01482e-01
5.55930e-01 3.08076e+00 -9.76212e-02
5.55930e-01 3.15647e+00 -8.57876e-02
5.55930e-01 3.23154e+00 -7.11201e-02
5.55930e-01 3.30590e+00 -5.67538e-02
5.55930e-01 3.37947e+00 -4.41279e-02
5.55930e-01 3.45218e+00 -3.36448e-02
5.55930e-01 3.52396e+00 -2.52258e-02
5.55930e-01 3.59474e+00 -1.86214e-02
5.55930e-01 3.66445e+00 -1.35429e-02
5.55930e-01 3.73303e+00 -9.70986e-03
5.55930e-01 3.80040e+00 -6.86767e-03
5.55930e-01 3.86649e+00 -4.79563e-03
5.55930e-01 3.93125e+00 -3.30911e-03
5.55930e-01 3.99462e+00 -2.25860e-03
5.55930e-01 4.05652e+00 -1.52656e-03
5.55930e-01 4.11690e+00 -1.02295e-03
5.55930e-01 4.17571e+00 -6.80499e-04
5.55930e-01 4.23287e+00 -4.50030e-04
5.55930e-01 4.28835e+00 -2.96303e-04
5.55930e-01 4.34207e+00 -1.94530e-04
5.55930e-01 4.39400e+00 -1.27556e-04
5.55930e-01 4.44407e+00 -8.36773e-05
5.55930e-01 4.49224e+00 -5.50126e-05
5.55930e-01 4.53847e+00 -3.63107e-05
5.55930e-01 4.58271e+00 -2.41051e-05
5.55930e-01 4.62491e+00 -1.61241e-05
5.55930e-01 4.66504e+00 -1.08875e-05
5.55930e-01 4.70305e+00 -7.43450e-06
5.55930e-01 4.73890e+00 -5.14318e-06
5.55930e-01 4.77257e+00 -3.61104e-06
5.55930e-01 4.80402e+00 -2.57752e-06
5.55930e-01 4.83322e+00 -1.87353e-06
5.55930e-01 4.86014e+00 -1.38899e-06
5.55930e-01 4.88475e+00 -1.05190e-06
5.55930e-01 4.90703e+00 -8.14898e-07
5.55930e-01 4.92696e+00 -6.46625e-07
5.55930e-01 4.94452e+00 -5.26191e-07
5.55930e-01 4.95969e+00 -4.39585e-07
5.55930e-01 4.97246e+00 -3.77365e-07
5.55930e-01 4.98281e+00 -3.33156e-07
5.55930e-01 4.99074e+00 -3.02684e-07
5.55930e-01 4.99623e+00 -2.83143e-07
5.55930e-01 4.99928e+00 -2.72801e-07
6.06005e-01 7.15683e-04 5.18357e-07
6.06005e-01 3.77012e-03 1.43846e-05
6.06005e-01 9.26216e-03 8.68181e-05
6.06005e-01 1.71877e-02 2.98961e-04
6.06005e-01 2.75390e-02 7.67480e-04
6.06005e-01 4.03061e-02 1.64397e-03
6.06005e-01 5.54766e-02 3.11412e-03
6.06005e-01 7.30356e-02 5.39672e-03
6.06005e-01 9.29659e-02 8.74228e-03
6.06005e-01 1.15248e-01 1.34314e-02
6.06005e-01 1.39860e-01 1.97725e-02
6.06005e-01 1.66779e-01 2.80992e-02
6.06005e-01 1.95977e-01 3.87661e-02
6.06005e-01 2.27426e-01 5.21434e-02
6.06005e-01 2.61096e-01 6.86092e-02
6.06005e-01 2.96953e-01 8.85383e-02
6.06005e-01 3.34963e-01 1.12287e-01
6.06005e-01 3.75089e-01 1.40170e-01
6.06005e-01 4.17290e-01 1.72438e-01
6.06005e-01 4.61527e-01 2.09239e-01
6.06005e-01 5.07755e-01 2.50579e-01
6.06005e-01 5.55930e-01 2.96287e-01
6.06005e-01 6.06005e-01 3.45982e-01
6.06005e-01 6.57930e-01 3.99049e-01
6.06005e-01 7.11655e-01 4.54653e-01
6.06005e-01 7.67127e-01 5.11770e-01
6.06005e-01 8.24292e-01 5.69254e-01
6.06005e-01 8.83095e-01 6.25924e-01
6.06005e-01 9.43478e-01 6.80650e-01
6.06005e-01 1.00538e+00 7.32437e-01
6.06005e-01 1.06875e+00 7.80477e-01
6.06005e-01 1.13351e+00 8.24176e-01
6.06005e-01 1.19960e+00 8.63145e-01
6.06005e-01 1.26697e+00 8.97174e-01
6.06005e-01 1.33555e+00 9.26176e-01
6.06005e-01 1.40526e+00 9.50125e-01
6.06005e-01 1.47604e+00 9.68982e-01
6.06005e-01 1.54782e+00 9.82618e-01
6.06005e-01 1.62053e+00 9.90733e-01
6.06005e-01 1.69410e+00 9.92781e-01
6.06005e-01 1.76846e+00 9.87909e-01
6.06005e-01 1.84353e+00 9.74920e-01
6.06005e-01 1.91924e+00 9.52277e-01
6.06005e-01 1.99553e+00 9.18190e-01
6.06005e-01 2.07230e+00 8.70787e-01
6.06005e-01 2.14949e+00 8.08425e-01
6.06005e-01 2.22703e+00 7.30126e-01
6.06005e-01 2.30483e+00 6.36129e-01
6.06005e-01 2.38282e+00 5.28455e-01
6.06005e-01 2.46093e+00 4.11327e-01
6.06005e-01 2.53907e+00 2.91205e-01
6.06005e-01 2.61718e+00 1.76222e-01
6.06005e-01 2.69517e+00 7.49131e-02
6.06005e-01 2.77297e+00 -5.57517e-03
6.06005e-01 2.85051e+00 -6.12413e-02
6.06005e-01 2.92770e+00 -9.22341e-02
6.06005e-01 3.00447e+00 -1.02548e-01
6.06005e-01 3.08076e+00 -9.84648e-02
6.06005e-01 3.15647e+00 -8.64843e-02
6.06005e-01 3.23154e+00 -7.17072e-02
6.06005e-01 3.30590e+00 -5.72484e-02
6.06005e-01 3.37947e+00 -4.45395e-02
6.06005e-01 3.45218e+00 -3.39816e-02
6.06005e-01 3.52396e+00 -2.54962e-02
6.06005e-01 3.59474e+00 -1.88346e-02
6.06005e-01 3.66445e+00 -1.37080e-02
6.06005e-01 3.73303e+00 -9.83552e-03
6.06005e-01 3.80040e+00 -6.96180e-03
6.06005e-01 3.86649e+00 -4.86506e-03
6.06005e-01 3.93125e+00 -3.35960e-03
6.06005e-01 3.99462e+00 -2.29484e-03
6.06005e-01 4.05652e+00 -1.55225e-03
6.06005e-01 4.11690e+00 -1.04098e-03
6.06005e-01 4.17571e+00 -6.93035e-04
6.06005e-01 4.23287e+00 -4.58676e-04
6.06005e-01 4.28835e+00 -3.02229e-04
6.06005e-01 4.34207e+00 -1.98573e-04
6.06005e-01 4.39400e+00 -1.30305e-04
6.06005e-01 4.44407e+00 -8.55445e-05
6.06005e-01 4.49224e+00 -5.62813e-05
6.06005e-01 4.53847e+00 -3.71747e-05
6.06005e-01 4.58271e+00 -2.46958e-05
6.06005e-01 4.62491e+00 -1.65304e-05
6.06005e-01 4.66504e+00 -1.11690e-05
6.06005e-01 4.70305e+00 -7.63153e-06
6.06005e-01 4.73890e+00 -5.28263e-06
6.06005e-01 4.77257e+00 -3.71105e-06
6.06005e-01 4.80402e+00 -2.65032e-06
6.06005e-01 4.83322e+00 -1.92741e-06
6.06005e-01 4.86014e+00 -1.42960e-06
6.06005e-01 4.88475e+00 -1.08312e-06
6.06005e-01 4.90703e+00 -8.39411e-07
6.06005e-01 4.92696e+00 -6.66310e-07
6.06005e-01 4.94452e+00 -5.42378e-07
6.06005e-01 4.95969e+00 -4.53230e-07
6.06005e-01 4.97246e+00 -3.89167e-07
6.06005e-01 4.98281e+00 -3.43639e-07
6.06005e-01 4.99074e+00 -3.12252e-07
6.06005e-01 4.99623e+00 -2.92122e-07
6.06005e-01 4.99928e+00 -2.81467e-07
6.57930e-01 7.15683e-04 4.34531e-07
6.57930e-01 3.77012e-03 1.20584e-05
6.57930e-01 9.26216e-03 7.27789e-05
6.57930e-01 1.71877e-02 2.50621e-04
6.57930e-01 2.75390e-02 6.43412e-04
6.57930e-01 4.03061e-02 1.37832e-03
6.57930e-01 5.54766e-02 2.61126e-03
6.57930e-01 7.30356e-02 4.52622e-03
6.57930e-01 9.29659e-02 7.33439e-03
6.57930e-01 1.15248e-01 1.12732e-02
6.57930e-01 1.39860e-01 1.66053e-02
6.57930e-01 1.66779e-01 2.36167e-02
6.57930e-01 1.95977e-01 3.26152e-02
6.57930e-01 2.27426e-01 4.39270e-02
6.57930e-01 2.61096e-01 5.78926e-02
6.57930e-01 2.96953e-01 7.48601e-02
6.57930e-01 3.34963e-01 9.51749e-02
6.57930e-01 3.75089e-01 1.19166e-01
6.57930e-01 4.17290e-01 1.47123e-01
6.57930e-01 4.61527e-01 1.79275e-01
6.57930e-01 5.07755e-01 2.15750e-01
6.57930e-01 5.55930e-01 2.56539e-01
6.57930e-01 6.06005e-01 3.01456e-01
6.57930e-01 6.57930e-01 3.50106e-01
6.57930e-01 7.11655e-01 4.01869e-01
6.57930e-01 7.67127e-01 4.55906e-01
6.57930e-01 8.24292e-01 5.11201e-01
6.57930e-01 8.83095e-01 5.66631e-01
6.57930e-01 9.43478e-01 6.21052e-01
6.57930e-01 1.00538e+00 6.73389e-01
6.57930e-01 1.06875e+00 7.22710e-01
6.57930e-01 1.13351e+00 7.68270e-01
6.57930e-01 1.19960e+00 8.09533e-01
6.57930e-01 1.26697e+00 8.46146e-01
6.57930e-01 1.33555e+00 8.77904e-01
6.57930e-01 1.40526e+00 9.04689e-01
6.57930e-01 1.47604e+00 9.26391e-01
6.57930e-01 1.54782e+00 9.42836e-01
6.57930e-01 1.62053e+00 9.53696e-01
6.57930e-01 1.69410e+00 9.58416e-01
6.57930e-01 1.76846e+00 9.56144e-01
6.57930e-01 1.84353e+00 9.45694e-01
6.57930e-01 1.91924e+00 9.25546e-01
6.57930e-01 1.99553e+00 8.93928e-01
6.57930e-01 2.07230e+00 8.48986e-01
6.57930e-01 2.14949e+00 7.89083e-01
6.57930e-01 2.22703e+00 7.13242e-01
6.57930e-01 2.30483e+00 6.21683e-01
6.57930e-01 2.38282e+00 5.16390e-01
6.57930e-01 2.46093e+00 4.01533e-01
6.57930e-01 2.53907e+00 2.83507e-01
6.57930e-01 2.61718e+00 1.70377e-01
6.57930e-01 2.69517e+00 7.06193e-02
6.57930e-01 2.77297e+00 -8.64862e-03
6.57930e-01 2.85051e+00 -6.34202e-02
6.57930e-01 2.92770e+00 -9.38029e-02
6.57930e-01 3.00447e+00 -1.03725e-01
6.57930e-01 3.08076e+00 -9.93962e-02
6.57930e-01 3.15647e+00 -8.72536e-02
6.57930e-01 3.23154e+00 -7.23558e-02
6.57930e-01 3.30590e+00 -5.77953e-02
6.57930e-01 3.37947e+00 -4.49952e-02
6.57930e-01 3.45218e+00 -3.43547e-02
6.57930e-01 3.52396e+00 -2.57961e-02
6.57930e-01 3.59474e+00 -1.90712e-02
6.57930e-01 3.66445e+00 -1.38914e-02
6.57930e-01 3.73303e+00 -9.97517e-03
6.57930e-01 3.80040e+00 -7.06645e-03
6.57930e-01 3.86649e+00 -4.94230e-03
6.57930e-01 3.93125e+00 -3.41579e-03
6.57930e-01 3.99462e+00 -2.33518e-03
6.57930e-01 4.05652e+00 -1.58088e-03
6.57930e-01 4.11690e+00 -1.06107e-03
6.57930e-01 4.17571e+00 -7.07007e-04
6.57930e-01 4.23287e+00 -4.68316e-04
6.57930e-01 4.28835e+00 -3.08838e-04
6.57930e-01 4.34207e+00 -2.03083e-04
6.57930e-01 4.39400e+00 -1.33373e-04
6.57930e-01 4.44407e+00 -8.76285e-05
6.57930e-01 4.49224e+00 -5.76976e-05
6.57930e-01 4.53847e+00 -3.81393e-05
6.57930e-01 4.58271e+00 -2.53554e-05
6.57930e-01 4.62491e+00 -1.69841e-05
6.57930e-01 4.66504e+00 -1.14836e-05
6.57930e-01 4.70305e+00 -7.85165e-06
6.57930e-01 4.73890e+00 -5.43845e-06
6.57930e-01 4.77257e+00 -3.82281e-06
6.57930e-01 4.80402e+00 -2.73168e-06
6.57930e-01 4.83322e+00 -1.98763e-06
6.57930e-01 4.86014e+00 -1.47500e-06
6.57930e-01 4.88475e+00 -1.11802e-06
6.57930e-01 4.90703e+00 -8.66814e-07
6.57930e-01 4.92696e+00 -6.88317e-07
6.57930e-01 4.94452e+00 -5.60475e-07
6.57930e-01 4.95969e+00 -4.68486e-07
6.57930e-01 4.97246e+00 -4.02363e-07
6.57930e-01 4.98281e+00 -3.55361e-07
6.57930e-01 4.99074e+00 -3.22951e-07
6.57930e-01 4.99623e+00 -3.02163e-07
6.57930e-01 4.99928e+00 -2.91159e-07
7.11655e-01 7.15683e-04 3.61331e-07
7.11655e-01 3.77012e-03 1.00271e-05
7.11655e-01 9.26216e-03 6.05192e-05
7.11655e-01 1.71877e-02 2.08407e-04
7.11655e-01 2.75390e-02 5.35055e-04
7.11655e-01 4.03061e-02 1.14627e-03
7.11655e-01 5.54766e-02 2.17188e-03
7.11655e-01 7.30356e-02 3.76525e-03
7.11655e-01 9.29659e-02 6.10281e-03
7.11655e-01 1.15248e-01 9.38354e-03
7.11655e-01 1.39860e-01 1.38284e-02
7.11655e-01 1.66779e-01 1.96800e-02
7.11655e-01 1.95977e-01 2.72011e-02
7.11655e-01 2.27426e-01 3.66744e-02
7.11655e-01 2.61096e-01 4.83996e-02
7.11655e-01 2.96953e-01 6.26904e-02
7.11655e-01 3.34963e-01 7.98689e-02
7.11655e-01 3.75089e-01 1.00256e-01
7.11655e-01 4.17290e-01 1.24160e-01
7.11655e-01 4.61527e-01 1.51853e-01
7.11655e-01 5.07755e-01 1.83547e-01
7.11655e-01 5.55930e-01 2.19361e-01
7.11655e-01 6.06005e-01 2.59277e-01
7.11655e-01 6.57930e-01 3.03106e-01
7.11655e-01 7.11655e-01 3.50450e-01
7.11655e-01 7.67127e-01 4.00687e-01
7.11655e-01 8.24292e-01 4.52986e-01
7.11655e-01 8.83095e-01 5.06347e-01
7.11655e-01 9.43478e-01 5.59675e-01
7.11655e-01 1.00538e+00 6.11865e-01
7.11655e-01 1.06875e+00 6.61893e-01
7.11655e-01 1.13351e+00 7.08882e-01
7.11655e-01 1.19960e+00 7.52140e-01
7.11655e-01 1.26697e+00 7.91162e-01
7.11655e-01 1.33555e+00 8.25607e-01
7.11655e-01 1.40526e+00 8.55239e-01
7.11655e-01 1.47604e+00 8.79864e-01
7.11655e-01 1.54782e+00 8.99242e-01
7.11655e-01 1.62053e+00 9.13006e-01
7.11655e-01 1.69410e+00 9.20582e-01
7.11655e-01 1.76846e+00 9.21112e-01
7.11655e-01 1.84353e+00 9.13416e-01
7.11655e-01 1.91924e+00 8.95990e-01
7.11655e-01 1.99553e+00 8.67079e-01
7.11655e-01 2.07230e+00 8.24841e-01
7.11655e-01 2.14949e+00 7.67651e-01
7.11655e-01 2.22703e+00 6.94526e-01
7.11655e-01 2.30483e+00 6.05666e-01
7.11655e-01 2.38282e+00 5.03013e-01
7.11655e-01 2.46093e+00 3.90677e-01
7.11655e-01 2.53907e+00 2.74979e-01
7.11655e-01 2.61718e+00 1.63907e-01
7.11655e-01 2.69517e+00 6.58734e-02
7.11655e-01 2.77297e+00 -1.20388e-02
7.11655e-01 2.85051e+00 -6.58174e-02
7.11655e-01 2.92770e+00 -9.55240e-02
7.11655e-01 3.00447e+00 -1.05013e-01
7.11655e-01 3.08076e+00 -1.00415e-01
7.11655e-01 3.15647e+00 -8.80947e-02
7.11655e-01 3.23154e+00 -7.30655e-02
7.11655e-01 3.30590e+00 -5.83945e-02
7.11655e-01 3.37947e+00 -4.54949e-02
7.11655e-01 3.45218e+00 -3.47644e-02
7.11655e-01 3.52396e+00 -2.61257e-02
7.11655e-01 3.59474e+00 -1.93314e-02
7.11655e-01 3.66445e+00 -1.40931e-02
7.11655e-01 3.73303e+00 -1.01290e-02
7.11655e-01 3.80040e+00 -7.18179e-03
7.11655e-01 3.86649e+00 -5.02747e-03
7.11655e-01 3.93125e+00 -3.47779e-03
7.11655e-01 3.99462e+00 -2.37972e-03
7.11655e-01 4.05652e+00 -1.61249e-03
7.11655e-01 4.11690e+00 -1.08327e-03
7.11655e-01 4.17571e+00 -7.22450e-04
7.11655e-01 4.23287e+00 -4.78975e-04
7.11655e-01 4.28835e+00 -3.16148e-04
7.11655e-01 4.34207e+00 -2.08072e-04
7.11655e-01 4.39400e+00 -1.36768e-04
7.11655e-01 4.44407e+00 -8.99354e-05
7.11655e-01 4.49224e+00 -5.92657e-05
7.11655e-01 4.53847e+00 -3.92075e-05
7.11655e-01 4.58271e+00 -2.60861e-05
7.11655e-01 4.62491e+00 -1.74868e-05
7.11655e-01 4.66504e+00 -1.18321e-05
7.11655e-01 4.70305e+00 -8.09560e-06
7.11655e-01 4.73890e+00 -5.61115e-06
7.11655e-01 4.77257e+00 -3.94670e-06
7.11655e-01 4.80402e+00 -2.82188e-06
7.11655e-01 4.83322e+00 -2.05441e-06
7.11655e-01 4.86014e+00 -1.52533e-06
7.11655e-01 4.88475e+00 -1.15672e-06
7.11655e-01 4.90703e+00 -8.97206e-07
7.11655e-01 4.92696e+00 -7.12725e-07
7.11655e-01 4.94452e+00 -5.80549e-07
7.11655e-01 4.95969e+00 -4.85408e-07
7.11655e-01 4.97246e+00 -4.17001e-07
7.11655e-01 4.98281e+00 -3.68364e-07
7.11655e-01 4.99074e+00 -3.34820e-07
7.11655e-01 4.99623e+00 -3.13302e-07
7.11655e-01 4.99928e+00 -3.01910e-07
7.67127e-01 7.15683e-04 2.98142e-07
7.67127e-01 3.77012e-03 8.27357e-06
7.67127e-01 9.26216e-03 4.99358e-05
7.67127e-01 1.71877e-02 1.71964e-04
7.67127e-01 2.75390e-02 4.41504e-04
7.67127e-01 4.03061e-02 9.45900e-04
7.67127e-01 5.54766e-02 1.79238e-03
7.67127e-01 7.30356e-02 3.10776e-03
7.67127e-01 9.29659e-02 5.03814e-03
7.67127e-01 1.15248e-01 7.74871e-03
7.67127e-01 1.39860e-01 1.14236e-02
7.67127e-01 1.66779e-01 1.62658e-02
7.67127e-01 1.95977e-01 2.24973e-02
7.67127e-01 2.27426e-01 3.03585e-02
7.67127e-01 2.61096e-01 4.01084e-02
7.67127e-01 2.96953e-01 5.20226e-02
7.67127e-01 3.34963e-01 6.63916e-02
7.67127e-01 3.75089e-01 8.35152e-02
7.67127e-01 4.17290e-01 1.03695e-01
7.67127e-01 4.61527e-01 1.27223e-01
7.67127e-01 5.07755e-01 1.54359e-01
7.67127e-01 5.55930e-01 1.85307e-01
7.67127e-01 6.06005e-01 2.20181e-01
7.67127e-01 6.57930e-01 2.58965e-01
7.67127e-01 7.11655e-01 3.01469e-01
7.67127e-01 7.67127e-01 3.47303e-01
7.67127e-01 8.24292e-01 3.95853e-01
7.67127e-01 8.83095e-01 4.46301e-01
7.67127e-01 9.43478e-01 4.97668e-01
7.67127e-01 1.00538e+00 5.48890e-01
7.67127e-01 1.06875e+00 5.98902e-01
7.67127e-01 1.13351e+00 6.46726e-01
7.67127e-01 1.19960e+00 6.91528e-01
7.67127e-01 1.26697e+00 7.32647e-01
7.67127e-01 1.33555e+00 7.69589e-01
7.67127e-01 1.40526e+00 8.01985e-01
7.67127e-01 1.47604e+00 8.29532e-01
7.67127e-01 1.54782e+00 8.51908e-01
7.67127e-01 1.62053e+00 8.68692e-01
7.67127e-01 1.69410e+00 8.79274e-01
7.67127e-01 1.76846e+00 8.82785e-01
7.67127e-01 1.84353e+00 8.78044e-01
7.67127e-01 1.91924e+00 8.63557e-01
7.67127e-01 1.99553e+00 8.37582e-01
7.67127e-01 2.07230e+00 7.98294e-01
7.67127e-01 2.14949e+00 7.44072e-01
7.67127e-01 2.22703e+00 6.73926e-01
7.67127e-01 2.30483e+00 5.88032e-01
7.67127e-01 2.38282e+00 4.88286e-01
7.67127e-01 2.46093e+00 3.78729e-01
7.67127e-01 2.53907e+00 2.65599e-01
7.67127e-01 2.61718e+00 1.56798e-01
7.67127e-01 2.69517e+00 6.06677e-02
7.67127e-01 2.77297e+00 -1.57484e-02
7.67127e-01 2.85051e+00 -6.84322e-02
7.67127e-01 2.92770e+00 -9.73949e-02
7.67127e-01 3.00447e+00 -1.06410e-01
7.67127e-01 3.08076e+00 -1.01517e-01
7.67127e-01 3.15647e+00 -8.90049e-02
7.67127e-01 3.23154e+00 -7.38342e-02
7.67127e-01 3.30590e+00 -5.90442e-02
7.67127e-01 3.37947e+00 -4.60376e-02
7.67127e-01 3.45218e+00 -3.52098e-02
7.67127e-01 3.52396e+00 -2.64844e-02
7.67127e-01 3.59474e+00 -1.96149e-02
7.67127e-01 3.66445e+00 -1.43132e-02
7.67127e-01 3.73303e+00 -1.02969e-02
7.67127e-01 3.80040e+00 -7.30779e-03
7.67127e-01 3.86649e+00 -5.12058e-03
7.67127e-01 3.93125e+00 -3.54561e-03
7.67127e-01 3.99462e+00 -2.42847e-03
7.67127e-01 4.05652e+00 -1.64711e-03
7.67127e-01 4.11690e+00 -1.10759e-03
7.67127e-01 4.17571e+00 -7.39377e-04
7.67127e-01 4.23287e+00 -4.90662e-04
7.67127e-01 4.28835e+00 -3.24167e-04
7.67127e-01 4.34207e+00 -2.13547e-04
7.67127e-01 4.39400e+00 -1.40494e-04
7.67127e-01 4.44407e+00 -9.24683e-05
7.67127e-01 4.49224e+00 -6.09879e-05
7.67127e-01 4.53847e+00 -4.03810e-05
7.67127e-01 4.58271e+00 -2.68889e-05
7.67127e-01 4.62491e+00 -1.80392e-05
7.67127e-01 4.66504e+00 -1.22152e-05
7.67127e-01 4.70305e+00 -8.36380e-06
7.67127e-01 4.73890e+00 -5.80106e-06
7.67127e-01 4.77257e+00 -4.08294e-06
7.67127e-01 4.80402e+00 -2.92109e-06
7.67127e-01 4.83322e+00 -2.12786e-06
7.67127e-01 4.86014e+00 -1.58071e-06
7.67127e-01 4.88475e+00 -1.19930e-06
7.67127e-01 4.90703e+00 -9.30647e-07
7.67127e-01 4.92696e+00 -7.39585e-07
7.67127e-01 4.94452e+00 -6.02640e-07
7.67127e-01 4.95969e+00 -5.04033e-07
7.67127e-01 4.97246e+00 -4.33112e-07
7.67127e-01 4.98281e+00 -3.82675e-07
7.67127e-01 4.99074e+00 -3.47885e-07
7.67127e-01 4.99623e+00 -3.25563e-07
7.67127e-01 4.99928e+00 -3.13744e-07
8.24292e-01 7.15683e-04 2.44088e-07
8.24292e-01 3.77012e-03 6.77358e-06
8.24292e-01 9.26216e-03 4.08826e-05
8.24292e-01 1.71877e-02 1.40789e-04
8.24292e-01 2.75390e-02 3.61472e-04
8.24292e-01 4.03061e-02 7.74468e-04
8.24292e-01 5.54766e-02 1.46764e-03
8.24292e-01 7.30356e-02 2.54496e-03
8.24292e-01 9.29659e-02 4.12641e-03
8.24292e-01 1.15248e-01 6.34787e-03
8.24292e-01 1.39860e-01 9.36126e-03
8.24292e-01 1.66779e-01 1.33348e-02
8.24292e-01 1.95977e-01 1.84532e-02
8.24292e-01 2.27426e-01 2.49185e-02
8.24292e-01 2.61096e-01 3.29502e-02
8.24292e-01 2.96953e-01 4.27857e-02
8.24292e-01 3.34963e-01 5.46793e-02
8.24292e-01 3.75089e-01 6.89014e-02
8.24292e-01 4.17290e-01 8.57335e-02
8.24292e-01 4.61527e-01 1.05462e-01
8.24292e-01 5.07755e-01 1.28366e-01
8.24292e-01 5.55930e-01 1.54699e-01
8.24292e-01 6.06005e-01 1.84662e-01
8.24292e-01 6.57930e-01 2.18371e-01
8.24292e-01 7.11655e-01 2.55815e-01
8.24292e-01 7.67127e-01 2.96815e-01
8.24292e-01 8.24292e-01 3.40990e-01
8.24292e-01 8.83095e-01 3.87743e-01
8.24292e-01 9.43478e-01 4.36276e-01
8.24292e-01 1.00538e+00 4.85634e-01
8.24292e-01 1.06875e+00 5.34783e-01
8.24292e-01 1.13351e+00 5.82697e-01
8.24292e-01 1.19960e+00 6.28431e-01
8.24292e-01 1.26697e+00 6.71182e-01
8.24292e-01 1.33555e+00 7.10296e-01
8.24292e-01 1.40526e+00 7.45256e-01
8.24292e-01 1.47604e+00 7.75629e-01
8.24292e-01 1.54782e+00 8.00992e-01
8.24292e-01 1.62053e+00 8.20850e-01
8.24292e-01 1.69410e+00 8.34546e-01
8.24292e-01 1.76846e+00 8.41183e-01
8.24292e-01 1.84353e+00 8.39573e-01
8.24292e-01 1.91924e+00 8.28225e-01
8.24292e-01 1.99553e+00 8.05409e-01
8.24292e-01 2.07230e+00 7.69309e-01
8.24292e-01 2.14949e+00 7.18307e-01
8.24292e-01 2.22703e+00 6.51405e-01
8.24292e-01 2.30483e+00 5.68748e-01
8.24292e-01 2.38282e+00 4.72181e-01
8.24292e-01 2.46093e+00 3.65667e-01
8.24292e-01 2.53907e+00 2.55352e-01
8.24292e-01 2.61718e+00 1.49043e-01
8.24292e-01 2.69517e+00 5.50000e-02
8.24292e-01 2.77297e+00 -1.97755e-02
8.24292e-01 2.85051e+00 -7.12599e-02
8.24292e-01 2.92770e+00 -9.94096e-02
8.24292e-01 3.00447e+00 -1.07908e-01
8.24292e-01 3.08076e+00 -1.02697e-01
8.24292e-01 3.15647e+00 -8.99794e-02
8.24292e-01 3.23154e+00 -7.46581e-02
8.24292e-01 3.30590e+00 -5.97417e-02
8.24292e-01 3.37947e+00 -4.66210e-02
8.24292e-01 3.45218e+00 -3.56893e-02
8.24292e-01 3.52396e+00 -2.68711e-02
8.24292e-01 3.59474e+00 -1.99209e-02
8.24292e-01 3.66445e+00 -1.45510e-02
8.24292e-01 3.73303e+00 -1.04785e-02
8.24292e-01 3.80040e+00 -7.44418e-03
8.24292e-01 3.86649e+00 -5.22145e-03
8.24292e-01 3.93125e+00 -3.61913e-03
8.24292e-01 3.99462e+00 -2.48135e-03
8.24292e-01 4.05652e+00 -1.68469e-03
8.24292e-01 4.11690e+00 -1.13401e-03
8.24292e-01 4.17571e+00 -7.57772e-04
8.24292e-01 4.23287e+00 -5.03370e-04
8.24292e-01 4.28835e+00 -3.32889e-04
8.24292e-01 4.34207e+00 -2.19505e-04
8.24292e-01 4.39400e+00 -1.44551e-04
8.24292e-01 4.44407e+00 -9.52265e-05
8.24292e-01 4.49224e+00 -6.28638e-05
8.24292e-01 4.53847e+00 -4.16597e-05
8.24292e-01 4.58271e+00 -2.77639e-05
8.24292e-01 4.62491e+00 -1.86415e-05
8.24292e-01 4.66504e+00 -1.26329e-05
8.24292e-01 4.70305e+00 -8.65630e-06
8.24292e-01 4.73890e+00 -6.00821e-06
8.24292e-01 4.77257e+00 -4.23158e-06
8.24292e-01 4.80402e+00 -3.02935e-06
8.24292e-01 4.83322e+00 -2.20802e-06
8.24292e-01 4.86014e+00 -1.64115e-06
8.24292e-01 4.88475e+00 -1.24578e-06
8.24292e-01 4.90703e+00 -9.67154e-07
8.24292e-01 4.92696e+00 -7.68910e-07
8.24292e-01 4.94452e+00 -6.26759e-07
8.24292e-01 4.95969e+00 -5.24369e-07
8.24292e-01 4.97246e+00 -4.50705e-07
8.24292e-01 4.98281e+00 -3.98304e-07
8.24292e-01 4.99074e+00 -3.62151e-07
8.24292e-01 4.99623e+00 -3.38952e-07
8.24292e-01 4.99928e+00 -3.26668e-07
8.83095e-01 7.15683e-04 1.98175e-07
8.83095e-01 3.77012e-03 5.49945e-06
8.83095e-01 9.26216e-03 3.31926e-05
8.83095e-01 1.71877e-02 1.14307e-04
8.83095e-01 2.75390e-02 2.93486e-04
8.83095e-01 4.03061e-02 6.28826e-04
8.83095e-01 5.54766e-02 1.19171e-03
8.83095e-01 7.30356e-02 2.06667e-03
8.83095e-01 9.29659e-02 3.35132e-03
8.83095e-01 1.15248e-01 5.15644e-03
8.83095e-01 1.39860e-01 7.60612e-03
8.83095e-01 1.66779e-01 1.08382e-02
8.83095e-01 1.95977e-01 1.50048e-02
8.83095e-01 2.27426e-01 2.02733e-02
8.83095e-01 2.61096e-01 2.68269e-02
8.83095e-01 2.96953e-01 3.48660e-02
8.83095e-01 3.34963e-01 4.46086e-02
8.83095e-01 3.75089e-01 5.62909e-02
8.83095e-01 4.17290e-01 7.01657e-02
8.83095e-01 4.61527e-01 8.65000e-02
8.83095e-01 5.07755e-01 1.05568e-01
8.83095e-01 5.55930e-01 1.27642e-01
8.83095e-01 6.06005e-01 1.52970e-01
8.83095e-01 6.57930e-01 1.81757e-01
8.83095e-01 7.11655e-01 2.14124e-01
8.83095e-01 7.67127e-01 2.50071e-01
8.83095e-01 8.24292e-01 2.89435e-01
8.83095e-01 8.83095e-01 3.31853e-01
8.83095e-01 9.43478e-01 3.76748e-01
8.83095e-01 1.00538e+00 4.23343e-01
8.83095e-01 1.06875e+00 4.70712e-01
8.83095e-01 1.13351e+00 5.17849e-01
8.83095e-01 1.19960e+00 5.63756e-01
8.83095e-01 1.26697e+00 6.07515e-01
8.83095e-01 1.33555e+00 6.48324e-01
8.83095e-01 1.40526e+00 6.85513e-01
8.83095e-01 1.47604e+00 7.18502e-01
8.83095e-01 1.54782e+00 7.46748e-01
8.83095e-01 1.62053e+00 7.69661e-01
8.83095e-01 1.69410e+00 7.86517e-01
8.83095e-01 1.76846e+00 7.96381e-01
8.83095e-01 1.84353e+00 7.98045e-01
8.83095e-01 1.91924e+00 7.90014e-01
8.83095e-01 1.99553e+00 7.70560e-01
8.83095e-01 2.07230e+00 7.37875e-01
8.83095e-01 2.14949e+00 6.90341e-01
8.83095e-01 2.22703e+00 6.26945e-01
8.83095e-01 2.30483e+00 5.47797e-01
8.83095e-01 2.38282e+00 4.54683e-01
8.83095e-01 2.46093e+00 3.51481e-01
8.83095e-01 2.53907e+00 2.44233e-01
8.83095e-01 2.61718e+00 1.40640e-01
8.83095e-01 2.69517e+00 4.88739e-02
8.83095e-01 2.77297e+00 -2.41129e-02
8.83095e-01 2.85051e+00 -7.42914e-02
8.83095e-01 2.92770e+00 -1.01558e-01
8.83095e-01 3.00447e+00 -1.09499e-01
8.83095e-01 3.08076e+00 -1.03946e-01
8.83095e-01 3.15647e+00 -9.10108e-02
8.83095e-01 3.23154e+00 -7.55311e-02
8.83095e-01 3.30590e+00 -6.04820e-02
8.83095e-01 3.37947e+00 -4.72416e-02
8.83095e-01 3.45218e+00 -3.62003e-02
8.83095e-01 3.52396e+00 -2.72838e-02
8.83095e-01 3.59474e+00 -2.02480e-02
8.83095e-01 3.66445e+00 -1.48055e-02
8.83095e-01 3.73303e+00 -1.06730e-02
8.83095e-01 3.80040e+00 -7.59045e-03
8.83095e-01 3.86649e+00 -5.32972e-03
8.83095e-01 3.93125e+00 -3.69812e-03
8.83095e-01 3.99462e+00 -2.53821e-03
8.83095e-01 4.05652e+00 -1.72512e-03
8.83095e-01 4.11690e+00 -1.16245e-03
8.83095e-01 4.17571e+00 -7.77587e-04
8.83095e-01 4.23287e+00 -5.17066e-04
8.83095e-01 4.28835e+00 -3.42294e-04
8.83095e-01 4.34207e+00 -2.25932e-04
8.83095e-01 4.39400e+00 -1.48929e-04
8.83095e-01 4.44407e+00 -9.82045e-05
8.83095e-01 4.49224e+00 -6.48901e-05
8.83095e-01 4.53847e+00 -4.30412e-05
8.83095e-01 4.58271e+00 -2.87096e-05
8.83095e-01 4.62491e+00 -1.92926e-05
8.83095e-01 4.66504e+00 -1.30846e-05
8.83095e-01 4.70305e+00 -8.97267e-06
8.83095e-01 4.73890e+00 -6.23231e-06
8.83095e-01 4.77257e+00 -4.39243e-06
8.83095e-01 4.80402e+00 -3.14651e-06
8.83095e-01 4.83322e+00 -2.29478e-06
8.83095e-01 4.86014e+00 -1.70659e-06
8.83095e-01 4.88475e+00 -1.29611e-06
8.83095e-01 4.90703e+00 -1.00669e-06
8.83095e-01 4.92696e+00 -8.00667e-07
8.83095e-01 4.94452e+00 -6.52882e-07
8.83095e-01 4.95969e+00 -5.46395e-07
8.83095e-01 4.97246e+00 -4.69761e-07
8.83095e-01 4.98281e+00 -4.15233e-07
8.83095e-01 4.99074e+00 -3.77606e-07
8.83095e-01 4.99623e+00 -3.53457e-07
8.83095e-01 4.99928e+00 -3.40669e-07
9.43478e-01 7.15683e-04 1.59378e-07
9.43478e-01 3.77012e-03 4.42281e-06
9.43478e-01 9.26216e-03 2.66945e-05
9.43478e-01 1.71877e-02 9.19297e-05
9.43478e-01 2.75390e-02 2.36036e-04
9.43478e-01 4.03061e-02 5.05746e-04
9.43478e-01 5.54766e-02 9.58499e-04
9.43478e-01 7.30356e-02 1.66236e-03
9.43478e-01 9.29659e-02 2.69598e-03
9.43478e-01 1.15248e-01 4.14874e-03
9.43478e-01 1.39860e-01 6.12095e-03
9.43478e-01 1.66779e-01 8.72435e-03
9.43478e-01 1.95977e-01 1.20827e-02
9.43478e-01 2.27426e-01 1.63328e-02
9.43478e-01 2.61096e-01 2.16256e-02
9.43478e-01 2.96953e-01 2.81272e-02
9.43478e-01 3.34963e-01 3.60210e-02
9.43478e-01 3.75089e-01 4.55082e-02
9.43478e-01 4.17290e-01 5.68090e-02
9.43478e-01 4.61527e-01 7.01621e-02
9.43478e-01 5.07755e-01 8.58225e-02
9.43478e-01 5.55930e-01 1.04056e-01
9.43478e-01 6.06005e-01 1.25130e-01
9.43478e-01 6.57930e-01 1.49293e-01
9.43478e-01 7.11655e-01 1.76755e-01
9.43478e-01 7.67127e-01 2.07649e-01
9.43478e-01 8.24292e-01 2.41990e-01
9.43478e-01 8.83095e-01 2.79634e-01
9.43478e-01 9.43478e-01 3.20241e-01
9.43478e-01 1.00538e+00 3.63256e-01
9.43478e-01 1.06875e+00 4.07929e-01
9.43478e-01 1.13351e+00 4.53356e-01
9.43478e-01 1.19960e+00 4.98558e-01
9.43478e-01 1.26697e+00 5.42554e-01
9.43478e-01 1.33555e+00 5.84429e-01
9.43478e-01 1.40526e+00 6.23362e-01
9.43478e-01 1.47604e+00 6.58625e-01
9.43478e-01 1.54782e+00 6.89536e-01
9.43478e-01 1.62053e+00 7.15392e-01
9.43478e-01 1.69410e+00 7.35384e-01
9.43478e-01 1.76846e+00 7.48518e-01
9.43478e-01 1.84353e+00 7.53554e-01
9.43478e-01 1.91924e+00 7.48982e-01
9.43478e-01 1.99553e+00 7.33071e-01
9.43478e-01 2.07230e+00 7.04011e-01
9.43478e-01 2.14949e+00 6.60180e-01
9.43478e-01 2.22703e+00 6.00545e-01
9.43478e-01 2.30483e+00 5.25176e-01
9.43478e-01 2.38282e+00 4.35790e-01
9.43478e-01 2.46093e+00 3.36170e-01
9.43478e-01 2.53907e+00 2.32244e-01
9.43478e-01 2.61718e+00 1.31596e-01
9.43478e-01 2.69517e+00 4.22996e-02
9.43478e-01 2.77297e+00 -2.87477e-02
9.43478e-01 2.85051e+00 -7.75123e-02
9.43478e-01 2.92770e+00 -1.03826e-01
9.43478e-01 3.00447e+00 -1.11168e-01
9.43478e-01 3.08076e+00 -1.05253e-01
9.43478e-01 3.15647e+00 -9.20889e-02
9.43478e-01 3.23154e+00 -7.64449e-02
9.43478e-01 3.30590e+00 -6.12587e-02
9.43478e-01 3.37947e+00 -4.78939e-02
9.43478e-01 3.45218e+00 -3.67386e-02
9.43478e-01 3.52396e+00 -2.77194e-02
9.43478e-01 3.59474e+00 -2.05938e-02
9.43478e-01 3.66445e+00 -1.50749e-02
9.43478e-01 3.73303e+00 -1.08793e-02
9.43478e-01 3.80040e+00 -7.74573e-03
9.43478e-01 3.86649e+00 -5.44479e-03
9.43478e-01 3.93125e+00 -3.78215e-03
9.43478e-01 3.99462e+00 -2.59876e-03
9.43478e-01 4.05652e+00 -1.76821e-03
9.43478e-01 4.11690e+00 -1.19278e-03
9.43478e-01 4.17571e+00 -7.98736e-04
9.43478e-01 4.23287e+00 -5.31693e-04
9.43478e-01 4.28835e+00 -3.52345e-04
9.43478e-01 4.34207e+00 -2.32804e-04
9.43478e-01 4.39400e+00 -1.53613e-04
9.43478e-01 4.44407e+00 -1.01392e-04
9.43478e-01 4.49224e+00 -6.70595e-05
9.43478e-01 4.53847e+00 -4.45209e-05
9.43478e-01 4.58271e+00 -2.97228e-05
9.43478e-01 4.62491e+00 -1.99904e-05
9.43478e-01 4.66504e+00 -1.35689e-05
9.43478e-01 4.70305e+00 -9.31195e-06
9.43478e-01 4.73890e+00 -6.47270e-06
9.43478e-01 4.77257e+00 -4.56499e-06
9.43478e-01 4.80402e+00 -3.27223e-06
9.43478e-01 4.83322e+00 -2.38791e-06
9.43478e-01 4.86014e+00 -1.77682e-06
9.43478e-01 4.88475e+00 -1.35014e-06
9.43478e-01 4.90703e+00 -1.04913e-06
9.43478e-01 4.92696e+00 -8.34770e-07
9.43478e-01 4.94452e+00 -6.80938e-07
9.43478e-01 4.95969e+00 -5.70053e-07
9.43478e-01 4.97246e+00 -4.90230e-07
9.43478e-01 4.98281e+00 -4.33419e-07
9.43478e-01 4.99074e+00 -3.94208e-07
9.43478e-01 4.99623e+00 -3.69039e-07
9.43478e-01 4.99928e+00 -3.55710e-07
1.00538e+00 7.15683e-04 1.26716e-07
1.00538e+00 3.77012e-03 3.51645e-06
1.00538e+00 9.26216e-03 2.12240e-05
1.00538e+00 1.71877e-02 7.30912e-05
1.00538e+00 2.75390e-02 1.87669e-04
1.00538e+00 4.03061e-02 4.02122e-04
1.00538e+00 5.54766e-02 7.62143e-04
1.00538e+00 7.30356e-02 1.32190e-03
1.00538e+00 9.29659e-02 2.14404e-03
1.00538e+00 1.15248e-01 3.29984e-03
1.00538e+00 1.39860e-01 4.86943e-03
1.00538e+00 1.66779e-01 6.94228e-03
1.00538e+00 1.95977e-01 9.61783e-03
1.00538e+00 2.27426e-01 1.30064e-02
1.00538e+00 2.61096e-01 1.72305e-02
1.00538e+00 2.96953e-01 2.24260e-02
1.00538e+00 3.34963e-01 2.87441e-02
1.00538e+00 3.75089e-01 3.63528e-02
1.00538e+00 4.17290e-01 4.54391e-02
1.00538e+00 4.61527e-01 5.62098e-02
1.00538e+00 5.07755e-01 6.88921e-02
1.00538e+00 5.55930e-01 8.37318e-02
1.00538e+00 6.06005e-01 1.00989e-01
1.00538e+00 6.57930e-01 1.20929e-01
1.00538e+00 7.11655e-01 1.43806e-01
1.00538e+00 7.67127e-01 1.69836e-01
1.00538e+00 8.24292e-01 1.99168e-01
1.00538e+00 8.83095e-01 2.31836e-01
1.00538e+00 9.43478e-01 2.67718e-01
1.00538e+00 1.00538e+00 3.06499e-01
1.00538e+00 1.06875e+00 3.47651e-01
1.00538e+00 1.13351e+00 3.90444e-01
1.00538e+00 1.19960e+00 4.33999e-01
1.00538e+00 1.26697e+00 4.77348e-01
1.00538e+00 1.33555e+00 5.19512e-01
1.00538e+00 1.40526e+00 5.59556e-01
1.00538e+00 1.47604e+00 5.96607e-01
1.00538e+00 1.54782e+00 6.29837e-01
1.00538e+00 1.62053e+00 6.58413e-01
1.00538e+00 1.69410e+00 6.81424e-01
1.00538e+00 1.76846e+00 6.97800e-01
1.00538e+00 1.84353e+00 7.06250e-01
1.00538e+00 1.91924e+00 7.05237e-01
1.00538e+00 1.99553e+00 6.93014e-01
1.00538e+00 2.07230e+00 6.67765e-01
1.00538e+00 2.14949e+00 6.27855e-01
1.00538e+00 2.22703e+00 5.72226e-01
1.00538e+00 2.30483e+00 5.00898e-01
1.00538e+00 2.38282e+00 4.15511e-01
1.00538e+00 2.46093e+00 3.19744e-01
1.00538e+00 2.53907e+00 2.19398e-01
1.00538e+00 2.61718e+00 1.21926e-01
1.00538e+00 2.69517e+00 3.52944e-02
1.00538e+00 2.77297e+00 -3.36611e-02
1.00538e+00 2.85051e+00 -8.09029e-02
1.00538e+00 2.92770e+00 -1.06194e-01
1.00538e+00 3.00447e+00 -1.12898e-01
1.00538e+00 3.08076e+00 -1.06601e-01
1.00538e+00 3.15647e+00 -9.32001e-02
1.00538e+00 3.23154e+00 -7.73882e-02
1.00538e+00 3.30590e+00 -6.20625e-02
1.00538e+00 3.37947e+00 -4.85710e-02
1.00538e+00 3.45218e+00 -3.72987e-02
1.00538e+00 3.52396e+00 -2.81737e-02
1.00538e+00 3.59474e+00 -2.09551e-02
1.00538e+00 3.66445e+00 -1.53570e-02
1.00538e+00 3.73303e+00 -1.10955e-02
1.00538e+00 3.80040e+00 -7.90879e-03
1.00538e+00 3.86649e+00 -5.56579e-03
1.00538e+00 3.93125e+00 -3.87062e-03
1.00538e+00 3.99462e+00 -2.66256e-03
1.00538e+00 4.05652e+00 -1.81367e-03
1.00538e+00 4.11690e+00 -1.22481e-03
1.00538e+00 4.17571e+00 -8.21085e-04
1.00538e+00 4.23287e+00 -5.47162e-04
1.00538e+00 4.28835e+00 -3.62981e-04
1.00538e+00 4.34207e+00 -2.40081e-04
1.00538e+00 4.39400e+00 -1.58575e-04
1.00538e+00 4.44407e+00 -1.04770e-04
1.00538e+00 4.49224e+00 -6.93604e-05
1.00538e+00 4.53847e+00 -4.60910e-05
1.00538e+00 4.58271e+00 -3.07984e-05
1.00538e+00 4.62491e+00 -2.07315e-05
1.00538e+00 4.66504e+00 -1.40833e-05
1.00538e+00 4.70305e+00 -9.67247e-06
1.00538e+00 4.73890e+00 -6.72821e-06
1.00538e+00 4.77257e+00 -4.74845e-06
1.00538e+00 4.80402e+00 -3.40594e-06
1.00538e+00 4.83322e+00 -2.48696e-06
1.00538e+00 4.86014e+00 -1.85155e-06
1.00538e+00 4.88475e+00 -1.40763e-06
1.00538e+00 4.90703e+00 -1.09430e-06
1.00538e+00 4.92696e+00 -8.71069e-07
1.00538e+00 4.94452e+00 -7.10802e-07
1.00538e+00 4.95969e+00 -5.95239e-07
1.00538e+00 4.97246e+00 -5.12023e-07
1.00538e+00 4.98281e+00 -4.52782e-07
1.00538e+00 4.99074e+00 -4.11886e-07
1.00538e+00 4.99623e+00 -3.85632e-07
1.00538e+00 4.99928e+00 -3.71726e-07
1.06875e+00 7.15683e-04 9.92909e-08
1.06875e+00 3.77012e-03 2.75538e-06
1.06875e+00 9.26216e-03 1.66305e-05
1.06875e+00 1.71877e-02 5.72725e-05
1.06875e+00 2.75390e-02 1.47055e-04
1.06875e+00 4.03061e-02 3.15106e-04
1.06875e+00 5.54766e-02 5.97248e-04
1.06875e+00 7.30356e-02 1.03597e-03
1.06875e+00 9.29659e-02 1.68045e-03
1.06875e+00 1.15248e-01 2.58670e-03
1.06875e+00 1.39860e-01 3.81784e-03
1.06875e+00 1.66779e-01 5.44445e-03
1.06875e+00 1.95977e-01 7.54528e-03
1.06875e+00 2.27426e-01 1.02081e-02
1.06875e+00 2.61096e-01 1.35306e-02
1.06875e+00 2.96953e-01 1.76224e-02
1.06875e+00 3.34963e-01 2.26060e-02
1.06875e+00 3.75089e-01 2.86193e-02
1.06875e+00 4.17290e-01 3.58175e-02
1.06875e+00 4.61527e-01 4.43753e-02
1.06875e+00 5.07755e-01 5.44886e-02
1.06875e+00 5.55930e-01 6.63756e-02
1.06875e+00 6.06005e-01 8.02758e-02
1.06875e+00 6.57930e-01 9.64465e-02
1.06875e+00 7.11655e-01 1.15154e-01
1.06875e+00 7.67127e-01 1.36657e-01
1.06875e+00 8.24292e-01 1.61187e-01
1.06875e+00 8.83095e-01 1.88907e-01
1.06875e+00 9.43478e-01 2.19873e-01
1.06875e+00 1.00538e+00 2.53991e-01
1.06875e+00 1.06875e+00 2.90967e-01
1.06875e+00 1.13351e+00 3.30300e-01
1.06875e+00 1.19960e+00 3.71280e-01
1.06875e+00 1.26697e+00 4.13038e-01
1.06875e+00 1.33555e+00 4.54606e-01
1.06875e+00 1.40526e+00 4.94986e-01
1.06875e+00 1.47604e+00 5.33190e-01
1.06875e+00 1.54782e+00 5.68252e-01
1.06875e+00 1.62053e+00 5.99203e-01
1.06875e+00 1.69410e+00 6.25011e-01
1.06875e+00 1.76846e+00 6.44511e-01
1.06875e+00 1.84353e+00 6.56346e-01
1.06875e+00 1.91924e+00 6.58935e-01
1.06875e+00 1.99553e+00 6.50505e-01
1.06875e+00 2.07230e+00 6.29221e-01
1.06875e+00 2.14949e+00 5.93427e-01
1.06875e+00 2.22703e+00 5.42030e-01
1.06875e+00 2.30483e+00 4.74994e-01
1.06875e+00 2.38282e+00 3.93872e-01
1.06875e+00 2.46093e+00 3.02225e-01
1.06875e+00 2.53907e+00 2.05715e-01
1.06875e+00 2.61718e+00 1.11652e-01
1.06875e+00 2.69517e+00 2.78819e-02
1.06875e+00 2.77297e+00 -3.88279e-02
1.06875e+00 2.85051e+00 -8.44378e-02
1.06875e+00 2.92770e+00 -1.08637e-01
1.06875e+00 3.00447e+00 -1.14666e-01
1.06875e+00 3.08076e+00 -1.07970e-01
1.06875e+00 3.15647e+00 -9.43271e-02
1.06875e+00 3.23154e+00 -7.83468e-02
1.06875e+00 3.30590e+00 -6.28820e-02
1.06875e+00 3.37947e+00 -4.92636e-02
1.06875e+00 3.45218e+00 -3.78734e-02
1.06875e+00 3.52396e+00 -2.86412e-02
1.06875e+00 3.59474e+00 -2.13279e-02
1.06875e+00 3.66445e+00 -1.56486e-02
1.06875e+00 3.73303e+00 -1.13196e-02
1.06875e+00 3.80040e+00 -8.07799e-03
1.06875e+00 3.86649e+00 -5.69154e-03
1.06875e+00 3.93125e+00 -3.96269e-03
1.06875e+00 3.99462e+00 -2.72906e-03
1.06875e+00 4.05652e+00 -1.86109e-03
1.06875e+00 4.11690e+00 -1.25826e-03
1.06875e+00 4.17571e+00 -8.44449e-04
1.06875e+00 4.23287e+00 -5.63348e-04
1.06875e+00 4.28835e+00 -3.74119e-04
1.06875e+00 4.34207e+00 -2.47707e-04
1.06875e+00 4.39400e+00 -1.63779e-04
1.06875e+00 4.44407e+00 -1.08316e-04
1.06875e+00 4.49224e+00 -7.17761e-05
1.06875e+00 4.53847e+00 -4.77404e-05
1.06875e+00 4.58271e+00 -3.19288e-05
1.06875e+00 4.62491e+00 -2.15106e-05
1.06875e+00 4.66504e+00 -1.46244e-05
1.06875e+00 4.70305e+00 -1.00518e-05
1.06875e+00 4.73890e+00 -6.99715e-06
1.06875e+00 4.77257e+00 -4.94163e-06
1.06875e+00 4.80402e+00 -3.54675e-06
1.06875e+00 4.83322e+00 -2.59131e-06
1.06875e+00 4.86014e+00 -1.93029e-06
1.06875e+00 4.88475e+00 -1.46822e-06
1.06875e+00 4.90703e+00 -1.14192e-06
1.06875e+00 4.92696e+00 -9.09335e-07
1.06875e+00 4.94452e+00 -7.42290e-07
1.06875e+00 4.95969e+00 -6.21797e-07
1.06875e+00 4.97246e+00 -5.35005e-07
1.06875e+00 4.98281e+00 -4.73204e-07
1.06875e+00 4.99074e+00 -4.30532e-07
1.06875e+00 4.99623e+00 -4.03133e-07
1.06875e+00 4.99928e+00 -3.88620e-07
1.13351e+00 7.15683e-04 7.63016e-08
1.13351e+00 3.77012e-03 2.11741e-06
1.13351e+00 9.26216e-03 1.27800e-05
1.13351e+00 1.71877e-02 4.40124e-05
1.13351e+00 2.75390e-02 1.13010e-04
1.13351e+00 4.03061e-02 2.42162e-04
1.13351e+00 5.54766e-02 4.59015e-04
1.13351e+00 7.30356e-02 7.96257e-04
1.13351e+00 9.29659e-02 1.29177e-03
1.13351e+00 1.15248e-01 1.98875e-03
1.13351e+00 1.39860e-01 2.93596e-03
1.13351e+00 1.66779e-01 4.18812e-03
1.13351e+00 1.95977e-01 5.80645e-03
1.13351e+00 2.27426e-01 7.85948e-03
1.13351e+00 2.61096e-01 1.04241e-02
1.13351e+00 2.96953e-01 1.35868e-02
1.13351e+00 3.34963e-01 1.74455e-02
1.13351e+00 3.75089e-01 2.21111e-02
1.13351e+00 4.17290e-01 2.77101e-02
1.13351e+00 4.61527e-01 3.43870e-02
1.13351e+00 5.07755e-01 4.23064e-02
1.13351e+00 5.55930e-01 5.16559e-02
1.13351e+00 6.06005e-01 6.26471e-02
1.13351e+00 6.57930e-01 7.55157e-02
1.13351e+00 7.11655e-01 9.05184e-02
1.13351e+00 7.67127e-01 1.07925e-01
1.13351e+00 8.24292e-01 1.28004e-01
1.13351e+00 8.83095e-01 1.50999e-01
1.13351e+00 9.43478e-01 1.77094e-01
1.13351e+00 1.00538e+00 2.06368e-01
1.13351e+00 1.06875e+00 2.38750e-01
1.13351e+00 1.13351e+00 2.73973e-01
1.13351e+00 1.19960e+00 3.11554e-01
1.13351e+00 1.26697e+00 3.50796e-01
1.13351e+00 1.33555e+00 3.90828e-01
1.13351e+00 1.40526e+00 4.30662e-01
1.13351e+00 1.47604e+00 4.69249e-01
1.13351e+00 1.54782e+00 5.05514e-01
1.13351e+00 1.62053e+00 5.38356e-01
1.13351e+00 1.69410e+00 5.66616e-01
1.13351e+00 1.76846e+00 5.89020e-01
1.13351e+00 1.84353e+00 6.04126e-01
1.13351e+00 1.91924e+00 6.10291e-01
1.13351e+00 1.99553e+00 6.05703e-01
1.13351e+00 2.07230e+00 5.88495e-01
1.13351e+00 2.14949e+00 5.56979e-01
1.13351e+00 2.22703e+00 5.10018e-01
1.13351e+00 2.30483e+00 4.47510e-01
1.13351e+00 2.38282e+00 3.70909e-01
1.13351e+00 2.46093e+00 2.83644e-01
1.13351e+00 2.53907e+00 1.91225e-01
1.13351e+00 2.61718e+00 1.00804e-01
1.13351e+00 2.69517e+00 2.00930e-02
1.13351e+00 2.77297e+00 -4.42165e-02
1.13351e+00 2.85051e+00 -8.80853e-02
1.13351e+00 2.92770e+00 -1.11125e-01
1.13351e+00 3.00447e+00 -1.16443e-01
1.13351e+00 3.08076e+00 -1.09335e-01
1.13351e+00 3.15647e+00 -9.54486e-02
1.13351e+00 3.23154e+00 -7.93027e-02
1.13351e+00 3.30590e+00 -6.37025e-02
1.13351e+00 3.37947e+00 -4.99600e-02
1.13351e+00 3.45218e+00 -3.84537e-02
1.13351e+00 3.52396e+00 -2.91148e-02
1.13351e+00 3.59474e+00 -2.17067e-02
1.13351e+00 3.66445e+00 -1.59457e-02
1.13351e+00 3.73303e+00 -1.15484e-02
1.13351e+00 3.80040e+00 -8.25118e-03
1.13351e+00 3.86649e+00 -5.82050e-03
1.13351e+00 3.93125e+00 -4.05728e-03
1.13351e+00 3.99462e+00 -2.79747e-03
1.13351e+00 4.05652e+00 -1.90995e-03
1.13351e+00 4.11690e+00 -1.29277e-03
1.13351e+00 4.17571e+00 -8.68582e-04
1.13351e+00 4.23287e+00 -5.80084e-04
1.13351e+00 4.28835e+00 -3.85647e-04
1.13351e+00 4.34207e+00 -2.55607e-04
1.13351e+00 4.39400e+00 -1.69175e-04
1.13351e+00 4.44407e+00 -1.11994e-04
1.13351e+00 4.49224e+00 -7.42843e-05
1.13351e+00 4.53847e+00 -4.94539e-05
1.13351e+00 4.58271e+00 -3.31038e-05
1.13351e+00 4.62491e+00 -2.23209e-05
1.13351e+00 4.66504e+00 -1.51875e-05
1.13351e+00 4.70305e+00 -1.04467e-05
1.13351e+00 4.73890e+00 -7.27722e-06
1.13351e+00 4.77257e+00 -5.14285e-06
1.13351e+00 4.80402e+00 -3.69348e-06
1.13351e+00 4.83322e+00 -2.70007e-06
1.13351e+00 4.86014e+00 -2.01238e-06
1.13351e+00 4.88475e+00 -1.53140e-06
1.13351e+00 4.90703e+00 -1.19158e-06
1.13351e+00 4.92696e+00 -9.49256e-07
1.13351e+00 4.94452e+00 -7.75145e-07
1.13351e+00 4.95969e+00 -6.49512e-07
1.13351e+00 4.97246e+00 -5.58991e-07
1.13351e+00 4.98281e+00 -4.94519e-07
1.13351e+00 4.99074e+00 -4.49994e-07
1.13351e+00 4.99623e+00 -4.21402e-07
1.13351e+00 4.99928e+00 -4.06256e-07
1.19960e+00 7.15683e-04 5.70528e-08
1.19960e+00 3.77012e-03 1.58325e-06
1.19960e+00 9.26216e-03 9.55601e-06
1.19960e+00 1.71877e-02 3.29098e-05
1.19960e+00 2.75390e-02 8.45036e-05
1.19960e+00 4.03061e-02 1.81086e-04
1.19960e+00 5.54766e-02 3.43270e-04
1.19960e+00 7.30356e-02 5.95538e-04
1.19960e+00 9.29659e-02 9.66297e-04
1.19960e+00 1.15248e-01 1.48800e-03
1.19960e+00 1.39860e-01 2.19739e-03
1.19960e+00 1.66779e-01 3.13582e-03
1.19960e+00 1.95977e-01 4.34978e-03
1.19960e+00 2.27426e-01 5.89162e-03
1.19960e+00 2.61096e-01 7.82043e-03
1.19960e+00 2.96953e-01 1.02033e-02
1.19960e+00 3.34963e-01 1.31167e-02
1.19960e+00 3.75089e-01 1.66484e-02
1.19960e+00 4.17290e-01 2.08996e-02
1.19960e+00 4.61527e-01 2.59872e-02
1.19960e+00 5.07755e-01 3.20469e-02
1.19960e+00 5.55930e-01 3.92358e-02
1.19960e+00 6.06005e-01 4.77354e-02
1.19960e+00 6.57930e-01 5.77531e-02
1.19960e+00 7.11655e-01 6.95233e-02
1.19960e+00 7.67127e-01 8.33046e-02
1.19960e+00 8.24292e-01 9.93730e-02
1.19960e+00 8.83095e-01 1.18008e-01
1.19960e+00 9.43478e-01 1.39468e-01
1.19960e+00 1.00538e+00 1.63958e-01
1.19960e+00 1.06875e+00 1.91579e-01
1.19960e+00 1.13351e+00 2.22285e-01
1.19960e+00 1.19960e+00 2.55828e-01
1.19960e+00 1.26697e+00 2.91737e-01
1.19960e+00 1.33555e+00 3.29315e-01
1.19960e+00 1.40526e+00 3.67670e-01
1.19960e+00 1.47604e+00 4.05766e-01
1.19960e+00 1.54782e+00 4.42472e-01
1.19960e+00 1.62053e+00 4.76582e-01
1.19960e+00 1.69410e+00 5.06817e-01
1.19960e+00 1.76846e+00 5.31786e-01
1.19960e+00 1.84353e+00 5.49947e-01
1.19960e+00 1.91924e+00 5.59580e-01
1.19960e+00 1.99553e+00 5.58816e-01
1.19960e+00 2.07230e+00 5.45742e-01
1.19960e+00 2.14949e+00 5.18627e-01
1.19960e+00 2.22703e+00 4.76277e-01
1.19960e+00 2.30483e+00 4.18511e-01
1.19960e+00 2.38282e+00 3.46671e-01
1.19960e+00 2.46093e+00 2.64043e-01
1.19960e+00 2.53907e+00 1.75966e-01
1.19960e+00 2.61718e+00 8.94173e-02
1.19960e+00 2.69517e+00 1.19645e-02
1.19960e+00 2.77297e+00 -4.97892e-02
1.19960e+00 2.85051e+00 -9.18077e-02
1.19960e+00 2.92770e+00 -1.13622e-01
1.19960e+00 3.00447e+00 -1.18197e-01
1.19960e+00 3.08076e+00 -1.10667e-01
1.19960e+00 3.15647e+00 -9.65388e-02
1.19960e+00 3.23154e+00 -8.02345e-02
1.19960e+00 3.30590e+00 -6.45064e-02
1.19960e+00 3.37947e+00 -5.06462e-02
1.19960e+00 3.45218e+00 -3.90282e-02
1.19960e+00 3.52396e+00 -2.95859e-02
1.19960e+00 3.59474e+00 -2.20849e-02
1.19960e+00 3.66445e+00 -1.62435e-02
1.19960e+00 3.73303e+00 -1.17784e-02
1.19960e+00 3.80040e+00 -8.42570e-03
1.19960e+00 3.86649e+00 -5.95076e-03
1.19960e+00 3.93125e+00 -4.15303e-03
1.19960e+00 3.99462e+00 -2.86686e-03
1.19960e+00 4.05652e+00 -1.95960e-03
1.19960e+00 4.11690e+00 -1.32788e-03
1.19960e+00 4.17571e+00 -8.93172e-04
1.19960e+00 4.23287e+00 -5.97159e-04
1.19960e+00 4.28835e+00 -3.97423e-04
1.19960e+00 4.34207e+00 -2.63686e-04
1.19960e+00 4.39400e+00 -1.74697e-04
1.19960e+00 4.44407e+00 -1.15762e-04
1.19960e+00 4.49224e+00 -7.68557e-05
1.19960e+00 4.53847e+00 -5.12119e-05
1.19960e+00 4.58271e+00 -3.43102e-05
1.19960e+00 4.62491e+00 -2.31534e-05
1.19960e+00 4.66504e+00 -1.57662e-05
1.19960e+00 4.70305e+00 -1.08528e-05
1.19960e+00 4.73890e+00 -7.56538e-06
1.19960e+00 4.77257e+00 -5.34999e-06
1.19960e+00 4.80402e+00 -3.84458e-06
1.19960e+00 4.83322e+00 -2.81211e-06
1.19960e+00 4.86014e+00 -2.09697e-06
1.19960e+00 4.88475e+00 -1.59653e-06
1.19960e+00 4.90703e+00 -1.24279e-06
1.19960e+00 4.92696e+00 -9.90423e-07
1.19960e+00 4.94452e+00 -8.09031e-07
1.19960e+00 4.95969e+00 -6.78101e-07
1.19960e+00 4.97246e+00 -5.83736e-07
1.19960e+00 4.98281e+00 -5.16511e-07
1.19960e+00 4.99074e+00 -4.70077e-07
1.19960e+00 4.99623e+00 -4.40254e-07
1.19960e+00 4.99928e+00 -4.24454e-07
1.26697e+00 7.15683e-04 4.09497e-08
1.26697e+00 3.77012e-03 1.13638e-06
1.26697e+00 9.26216e-03 6.85887e-06
1.26697e+00 1.71877e-02 2.36215e-05
1.26697e+00 2.75390e-02 6.06559e-05
1.26697e+00 4.03061e-02 1.29990e-04
1.26697e+00 5.54766e-02 2.46437e-04
1.26697e+00 7.30356e-02 4.27614e-04
1.26697e+00 9.29659e-02 6.93998e-04
1.26697e+00 1.15248e-01 1.06905e-03
1.26697e+00 1.39860e-01 1.57943e-03
1.26697e+00 1.66779e-01 2.25531e-03
1.26697e+00 1.95977e-01 3.13081e-03
1.26697e+00 2.27426e-01 4.24467e-03
1.26697e+00 2.61096e-01 5.64104e-03
1.26697e+00 2.96953e-01 7.37051e-03
1.26697e+00 3.34963e-01 9.49151e-03
1.26697e+00 3.75089e-01 1.20719e-02
1.26697e+00 4.17290e-01 1.51908e-02
1.26697e+00 4.61527e-01 1.89415e-02
1.26697e+00 5.07755e-01 2.34332e-02
1.26697e+00 5.55930e-01 2.87952e-02
1.26697e+00 6.06005e-01 3.51789e-02
1.26697e+00 6.57930e-01 4.27622e-02
1.26697e+00 7.11655e-01 5.17508e-02
1.26697e+00 7.67127e-01 6.23801e-02
1.26697e+00 8.24292e-01 7.49131e-02
1.26697e+00 8.83095e-01 8.96340e-02
1.26697e+00 9.43478e-01 1.06835e-01
1.26697e+00 1.00538e+00 1.26790e-01
1.26697e+00 1.06875e+00 1.49724e-01
1.26697e+00 1.13351e+00 1.75760e-01
1.26697e+00 1.19960e+00 2.04870e-01
1.26697e+00 1.26697e+00 2.36820e-01
1.26697e+00 1.33555e+00 2.71137e-01
1.26697e+00 1.40526e+00 3.07107e-01
1.26697e+00 1.47604e+00 3.43791e-01
1.26697e+00 1.54782e+00 3.80074e-01
1.26697e+00 1.62053e+00 4.14702e-01
1.26697e+00 1.69410e+00 4.46300e-01
1.26697e+00 1.76846e+00 4.73365e-01
1.26697e+00 1.84353e+00 4.94250e-01
1.26697e+00 1.91924e+00 5.07146e-01
1.26697e+00 1.99553e+00 5.10107e-01
1.26697e+00 2.07230e+00 5.01160e-01
1.26697e+00 2.14949e+00 4.78516e-01
1.26697e+00 2.22703e+00 4.40913e-01
1.26697e+00 2.30483e+00 3.88075e-01
1.26697e+00 2.38282e+00 3.21219e-01
1.26697e+00 2.46093e+00 2.43471e-01
1.26697e+00 2.53907e+00 1.59980e-01
1.26697e+00 2.61718e+00 7.75351e-02
1.26697e+00 2.69517e+00 3.53899e-03
1.26697e+00 2.77297e+00 -5.55025e-02
1.26697e+00 2.85051e+00 -9.55616e-02
1.26697e+00 2.92770e+00 -1.16085e-01
1.26697e+00 3.00447e+00 -1.19887e-01
1.26697e+00 3.08076e+00 -1.11930e-01
1.26697e+00 3.15647e+00 -9.75673e-02
1.26697e+00 3.23154e+00 -8.11165e-02
1.26697e+00 3.30590e+00 -6.52727e-02
1.26697e+00 3.37947e+00 -5.13052e-02
1.26697e+00 3.45218e+00 -3.95838e-02
1.26697e+00 3.52396e+00 -3.00441e-02
1.26697e+00 3.59474e+00 -2.24547e-02
1.26697e+00 3.66445e+00 -1.65358e-02
1.26697e+00 3.73303e+00 -1.20051e-02
1.26697e+00 3.80040e+00 -8.59831e-03
1.26697e+00 3.86649e+00 -6.07999e-03
1.26697e+00 3.93125e+00 -4.24826e-03
1.26697e+00 3.99462e+00 -2.93604e-03
1.26697e+00 4.05652e+00 -2.00920e-03
1.26697e+00 4.11690e+00 -1.36303e-03
1.26697e+00 4.17571e+00 -9.17834e-04
1.26697e+00 4.23287e+00 -6.14311e-04
1.26697e+00 4.28835e+00 -4.09268e-04
1.26697e+00 4.34207e+00 -2.71823e-04
1.26697e+00 4.39400e+00 -1.80266e-04
1.26697e+00 4.44407e+00 -1.19567e-04
1.26697e+00 4.49224e+00 -7.94545e-05
1.26697e+00 4.53847e+00 -5.29902e-05
1.26697e+00 4.58271e+00 -3.55315e-05
1.26697e+00 4.62491e+00 -2.39968e-05
1.26697e+00 4.66504e+00 -1.63530e-05
1.26697e+00 4.70305e+00 -1.12648e-05
1.26697e+00 4.73890e+00 -7.85788e-06
1.26697e+00 4.77257e+00 -5.56035e-06
1.26697e+00 4.80402e+00 -3.99809e-06
1.26697e+00 4.83322e+00 -2.92600e-06
1.26697e+00 4.86014e+00 -2.18298e-06
1.26697e+00 4.88475e+00 -1.66277e-06
1.26697e+00 4.90703e+00 -1.29488e-06
1.26697e+00 4.92696e+00 -1.03232e-06
1.26697e+00 4.94452e+00 -8.43524e-07
1.26697e+00 4.95969e+00 -7.07208e-07
1.26697e+00 4.97246e+00 -6.08934e-07
1.26697e+00 4.98281e+00 -5.38908e-07
1.26697e+00 4.99074e+00 -4.90531e-07
1.26697e+00 4.99623e+00 -4.59456e-07
1.26697e+00 4.99928e+00 -4.42992e-07
1.33555e+00 7.15683e-04 2.74885e-08
1.33555e+00 3.77012e-03 7.62825e-07
1.33555e+00 9.26216e-03 4.60424e-06
1.33555e+00 1.71877e-02 1.58571e-05
1.33555e+00 2.75390e-02 4.07207e-05
1.33555e+00 4.03061e-02 8.72768e-05
1.33555e+00 5.54766e-02 1.65491e-04
1.33555e+00 7.30356e-02 2.87239e-04
1.33555e+00 9.29659e-02 4.66368e-04
1.33555e+00 1.15248e-01 7.18822e-04
1.33555e+00 1.39860e-01 1.06283e-03
1.33555e+00 1.66779e-01 1.51919e-03
1.33555e+00 1.95977e-01 2.11170e-03
1.33555e+00 2.27426e-01 2.86767e-03
1.33555e+00 2.61096e-01 3.81870e-03
1.33555e+00 2.96953e-01 5.00157e-03
1.33555e+00 3.34963e-01 6.45942e-03
1.33555e+00 3.75089e-01 8.24324e-03
1.33555e+00 4.17290e-01 1.04136e-02
1.33555e+00 4.61527e-01 1.30429e-02
1.33555e+00 5.07755e-01 1.62179e-02
1.33555e+00 5.55930e-01 2.00423e-02
1.33555e+00 6.06005e-01 2.46408e-02
1.33555e+00 6.57930e-01 3.01618e-02
1.33555e+00 7.11655e-01 3.67816e-02
1.33555e+00 7.67127e-01 4.47068e-02
1.33555e+00 8.24292e-01 5.41762e-02
1.33555e+00 8.83095e-01 6.54592e-02
1.33555e+00 9.43478e-01 7.88499e-02
1.33555e+00 1.00538e+00 9.46532e-02
1.33555e+00 1.06875e+00 1.13161e-01
1.33555e+00 1.13351e+00 1.34614e-01
1.33555e+00 1.19960e+00 1.59154e-01
1.33555e+00 1.26697e+00 1.86762e-01
1.33555e+00 1.33555e+00 2.17206e-01
1.33555e+00 1.40526e+00 2.49997e-01
1.33555e+00 1.47604e+00 2.84375e-01
1.33555e+00 1.54782e+00 3.19329e-01
1.33555e+00 1.62053e+00 3.53627e-01
1.33555e+00 1.69410e+00 3.85849e-01
1.33555e+00 1.76846e+00 4.14411e-01
1.33555e+00 1.84353e+00 4.37565e-01
1.33555e+00 1.91924e+00 4.53402e-01
1.33555e+00 1.99553e+00 4.59894e-01
1.33555e+00 2.07230e+00 4.54990e-01
1.33555e+00 2.14949e+00 4.36826e-01
1.33555e+00 2.22703e+00 4.04056e-01
1.33555e+00 2.30483e+00 3.56298e-01
1.33555e+00 2.38282e+00 2.94625e-01
1.33555e+00 2.46093e+00 2.21983e-01
1.33555e+00 2.53907e+00 1.43318e-01
1.33555e+00 2.61718e+00 6.52036e-02
1.33555e+00 2.69517e+00 -5.13645e-03
1.33555e+00 2.77297e+00 -6.13082e-02
1.33555e+00 2.85051e+00 -9.92980e-02
1.33555e+00 2.92770e+00 -1.18466e-01
1.33555e+00 3.00447e+00 -1.21469e-01
1.33555e+00 3.08076e+00 -1.13083e-01
1.33555e+00 3.15647e+00 -9.84988e-02
1.33555e+00 3.23154e+00 -8.19190e-02
1.33555e+00 3.30590e+00 -6.59770e-02
1.33555e+00 3.37947e+00 -5.19173e-02
1.33555e+00 3.45218e+00 -4.01048e-02
1.33555e+00 3.52396e+00 -3.04772e-02
1.33555e+00 3.59474e+00 -2.28067e-02
1.33555e+00 3.66445e+00 -1.68157e-02
1.33555e+00 3.73303e+00 -1.22232e-02
1.33555e+00 3.80040e+00 -8.76517e-03
1.33555e+00 3.86649e+00 -6.20540e-03
1.33555e+00 3.93125e+00 -4.34101e-03
1.33555e+00 3.99462e+00 -3.00363e-03
1.33555e+00 4.05652e+00 -2.05780e-03
1.33555e+00 4.11690e+00 -1.39756e-03
1.33555e+00 4.17571e+00 -9.42109e-04
1.33555e+00 4.23287e+00 -6.31228e-04
1.33555e+00 4.28835e+00 -4.20973e-04
1.33555e+00 4.34207e+00 -2.79876e-04
1.33555e+00 4.39400e+00 -1.85786e-04
1.33555e+00 4.44407e+00 -1.23343e-04
1.33555e+00 4.49224e+00 -8.20370e-05
1.33555e+00 4.53847e+00 -5.47594e-05
1.33555e+00 4.58271e+00 -3.67478e-05
1.33555e+00 4.62491e+00 -2.48375e-05
1.33555e+00 4.66504e+00 -1.69383e-05
1.33555e+00 4.70305e+00 -1.16761e-05
1.33555e+00 4.73890e+00 -8.15010e-06
1.33555e+00 4.77257e+00 -5.77064e-06
1.33555e+00 4.80402e+00 -4.15165e-06
1.33555e+00 4.83322e+00 -3.03997e-06
1.33555e+00 4.86014e+00 -2.26910e-06
1.33555e+00 4.88475e+00 -1.72912e-06
1.33555e+00 4.90703e+00 -1.34709e-06
1.33555e+00 4.92696e+00 -1.07431e-06
1.33555e+00 4.94452e+00 -8.78107e-07
1.33555e+00 4.95969e+00 -7.36397e-07
1.33555e+00 4.97246e+00 -6.34208e-07
1.33555e+00 4.98281e+00 -5.61377e-07
1.33555e+00 4.99074e+00 -5.11052e-07
1.33555e+00 4.99623e+00 -4.78723e-07
1.33555e+00 4.99928e+00 -4.61593e-07
1.40526e+00 7.15683e-04 1.62459e-08
1.40526e+00 3.77012e-03 4.50836e-07
1.40526e+00 9.26216e-03 2.72120e-06
1.40526e+00 1.71877e-02 9.37239e-06
1.40526e+00 2.75390e-02 2.40710e-05
1.40526e+00 4.03061e-02 5.16032e-05
1.40526e+00 5.54766e-02 9.78856e-05
1.40526e+00 7.30356e-02 1.69998e-04
1.40526e+00 9.29659e-02 2.76253e-04
1.40526e+00 1.15248e-01 4.26308e-04
1.40526e+00 1.39860e-01 6.31354e-04
1.40526e+00 1.66779e-01 9.04370e-04
1.40526e+00 1.95977e-01 1.26050e-03
1.40526e+00 2.27426e-01 1.71752e-03
1.40526e+00 2.61096e-01 2.29652e-03
1.40526e+00 2.96953e-01 3.02270e-03
1.40526e+00 3.34963e-01 3.92639e-03
1.40526e+00 3.75089e-01 5.04440e-03
1.40526e+00 4.17290e-01 6.42155e-03
1.40526e+00 4.61527e-01 8.11263e-03
1.40526e+00 5.07755e-01 1.01847e-02
1.40526e+00 5.55930e-01 1.27200e-02
1.40526e+00 6.06005e-01 1.58187e-02
1.40526e+00 6.57930e-01 1.96030e-02
1.40526e+00 7.11655e-01 2.42205e-02
1.40526e+00 7.67127e-01 2.98485e-02
1.40526e+00 8.24292e-01 3.66966e-02
1.40526e+00 8.83095e-01 4.50093e-02
1.40526e+00 9.43478e-01 5.50642e-02
1.40526e+00 1.00538e+00 6.71665e-02
1.40526e+00 1.06875e+00 8.16343e-02
1.40526e+00 1.13351e+00 9.87739e-02
1.40526e+00 1.19960e+00 1.18840e-01
1.40526e+00 1.26697e+00 1.41984e-01
1.40526e+00 1.33555e+00 1.68187e-01
1.40526e+00 1.40526e+00 1.97200e-01
1.40526e+00 1.47604e+00 2.28495e-01
1.40526e+00 1.54782e+00 2.61242e-01
1.40526e+00 1.62053e+00 2.94316e-01
1.40526e+00 1.69410e+00 3.26332e-01
1.40526e+00 1.76846e+00 3.55669e-01
1.40526e+00 1.84353e+00 3.80505e-01
1.40526e+00 1.91924e+00 3.98844e-01
1.40526e+00 1.99553e+00 4.08562e-01
1.40526e+00 2.07230e+00 4.07523e-01
1.40526e+00 2.14949e+00 3.93772e-01
1.40526e+00 2.22703e+00 3.65865e-01
1.40526e+00 2.30483e+00 3.23292e-01
1.40526e+00 2.38282e+00 2.66970e-01
1.40526e+00 2.46093e+00 1.99645e-01
1.40526e+00 2.53907e+00 1.26032e-01
1.40526e+00 2.61718e+00 5.24726e-02
1.40526e+00 2.69517e+00 -1.40116e-02
1.40526e+00 2.77297e+00 -6.71538e-02
1.40526e+00 2.85051e+00 -1.02963e-01
1.40526e+00 2.92770e+00 -1.20713e-01
1.40526e+00 3.00447e+00 -1.22893e-01
1.40526e+00 3.08076e+00 -1.14081e-01
1.40526e+00 3.15647e+00 -9.92935e-02
1.40526e+00 3.23154e+00 -8.26084e-02
1.40526e+00 3.30590e+00 -6.65915e-02
1.40526e+00 3.37947e+00 -5.24600e-02
1.40526e+00 3.45218e+00 -4.05732e-02
1.40526e+00 3.52396e+00 -3.08713e-02
1.40526e+00 3.59474e+00 -2.31301e-02
1.40526e+00 3.66445e+00 -1.70751e-02
1.40526e+00 3.73303e+00 -1.24268e-02
1.40526e+00 3.80040e+00 -8.92186e-03
1.40526e+00 3.86649e+00 -6.32380e-03
1.40526e+00 3.93125e+00 -4.42899e-03
1.40526e+00 3.99462e+00 -3.06800e-03
1.40526e+00 4.05652e+00 -2.10425e-03
1.40526e+00 4.11690e+00 -1.43067e-03
1.40526e+00 4.17571e+00 -9.65457e-04
1.40526e+00 4.23287e+00 -6.47542e-04
1.40526e+00 4.28835e+00 -4.32287e-04
1.40526e+00 4.34207e+00 -2.87677e-04
1.40526e+00 4.39400e+00 -1.91143e-04
1.40526e+00 4.44407e+00 -1.27014e-04
1.40526e+00 4.49224e+00 -8.45519e-05
1.40526e+00 4.53847e+00 -5.64847e-05
1.40526e+00 4.58271e+00 -3.79355e-05
1.40526e+00 4.62491e+00 -2.56594e-05
1.40526e+00 4.66504e+00 -1.75112e-05
1.40526e+00 4.70305e+00 -1.20790e-05
1.40526e+00 4.73890e+00 -8.43663e-06
1.40526e+00 4.77257e+00 -5.97700e-06
1.40526e+00 4.80402e+00 -4.30244e-06
1.40526e+00 4.83322e+00 -3.15196e-06
1.40526e+00 4.86014e+00 -2.35377e-06
1.40526e+00 4.88475e+00 -1.79439e-06
1.40526e+00 4.90703e+00 -1.39846e-06
1.40526e+00 4.92696e+00 -1.11565e-06
1.40526e+00 4.94452e+00 -9.12165e-07
1.40526e+00 4.95969e+00 -7.65151e-07
1.40526e+00 4.97246e+00 -6.59111e-07
1.40526e+00 4.98281e+00 -5.83520e-07
1.40526e+00 4.99074e+00 -5.31279e-07
1.40526e+00 4.99623e+00 -4.97716e-07
1.40526e+00 4.99928e+00 -4.79930e-07
1.47604e+00 7.15683e-04 6.86710e-09
1.47604e+00 3.77012e-03 1.90570e-07
1.47604e+00 9.26216e-03 1.15033e-06
1.47604e+00 1.71877e-02 3.96271e-06
1.47604e+00 2.75390e-02 1.01815e-05
1.47604e+00 4.03061e-02 2.18436e-05
1.47604e+00 5.54766e-02 4.14877e-05
1.47604e+00 7.30356e-02 7.21936e-05
1.47604e+00 9.29659e-02 1.17654e-04
1.47604e+00 1.15248e-01 1.82287e-04
1.47604e+00 1.39860e-01 2.71407e-04
1.47604e+00 1.66779e-01 3.91468e-04
1.47604e+00 1.95977e-01 5.50392e-04
1.47604e+00 2.27426e-01 7.58006e-04
1.47604e+00 2.61096e-01 1.02662e-03
1.47604e+00 2.96953e-01 1.37174e-03
1.47604e+00 3.34963e-01 1.81300e-03
1.47604e+00 3.75089e-01 2.37530e-03
1.47604e+00 4.17290e-01 3.09022e-03
1.47604e+00 4.61527e-01 3.99775e-03
1.47604e+00 5.07755e-01 5.14834e-03
1.47604e+00 5.55930e-01 6.60547e-03
1.47604e+00 6.06005e-01 8.44851e-03
1.47604e+00 6.57930e-01 1.07762e-02
1.47604e+00 7.11655e-01 1.37104e-02
1.47604e+00 7.67127e-01 1.74003e-02
1.47604e+00 8.24292e-01 2.20262e-02
1.47604e+00 8.83095e-01 2.78034e-02
1.47604e+00 9.43478e-01 3.49836e-02
1.47604e+00 1.00538e+00 4.38543e-02
1.47604e+00 1.06875e+00 5.47317e-02
1.47604e+00 1.13351e+00 6.79462e-02
1.47604e+00 1.19960e+00 8.38148e-02
1.47604e+00 1.26697e+00 1.02600e-01
1.47604e+00 1.33555e+00 1.24450e-01
1.47604e+00 1.40526e+00 1.49332e-01
1.47604e+00 1.47604e+00 1.76959e-01
1.47604e+00 1.54782e+00 2.06735e-01
1.47604e+00 1.62053e+00 2.37725e-01
1.47604e+00 1.69410e+00 2.68658e-01
1.47604e+00 1.76846e+00 2.97955e-01
1.47604e+00 1.84353e+00 3.23770e-01
1.47604e+00 1.91924e+00 3.44042e-01
1.47604e+00 1.99553e+00 3.56564e-01
1.47604e+00 2.07230e+00 3.59105e-01
1.47604e+00 2.14949e+00 3.49612e-01
1.47604e+00 2.22703e+00 3.26524e-01
1.47604e+00 2.30483e+00 2.89191e-01
1.47604e+00 2.38282e+00 2.38348e-01
1.47604e+00 2.46093e+00 1.76523e-01
1.47604e+00 2.53907e+00 1.08178e-01
1.47604e+00 2.61718e+00 3.93934e-02
1.47604e+00 2.69517e+00 -2.30342e-02
1.47604e+00 2.77297e+00 -7.29845e-02
1.47604e+00 2.85051e+00 -1.06500e-01
1.47604e+00 2.92770e+00 -1.22768e-01
1.47604e+00 3.00447e+00 -1.24104e-01
1.47604e+00 3.08076e+00 -1.14875e-01
1.47604e+00 3.15647e+00 -9.99072e-02
1.47604e+00 3.23154e+00 -8.31470e-02
1.47604e+00 3.30590e+00 -6.70849e-02
1.47604e+00 3.37947e+00 -5.29080e-02
1.47604e+00 3.45218e+00 -4.09690e-02
1.47604e+00 3.52396e+00 -3.12106e-02
1.47604e+00 3.59474e+00 -2.34129e-02
1.47604e+00 3.66445e+00 -1.73047e-02
1.47604e+00 3.73303e+00 -1.26090e-02
1.47604e+00 3.80040e+00 -9.06333e-03
1.47604e+00 3.86649e+00 -6.43153e-03
1.47604e+00 3.93125e+00 -4.50957e-03
1.47604e+00 3.99462e+00 -3.12731e-03
1.47604e+00 4.05652e+00 -2.14727e-03
1.47604e+00 4.11690e+00 -1.46147e-03
1.47604e+00 4.17571e+00 -9.87264e-04
1.47604e+00 4.23287e+00 -6.62834e-04
1.47604e+00 4.28835e+00 -4.42925e-04
1.47604e+00 4.34207e+00 -2.95034e-04
1.47604e+00 4.39400e+00 -1.96209e-04
1.47604e+00 4.44407e+00 -1.30493e-04
1.47604e+00 4.49224e+00 -8.69401e-05
1.47604e+00 4.53847e+00 -5.81262e-05
1.47604e+00 4.58271e+00 -3.90674e-05
1.47604e+00 4.62491e+00 -2.64439e-05
1.47604e+00 4.66504e+00 -1.80588e-05
1.47604e+00 4.70305e+00 -1.24647e-05
1.47604e+00 4.73890e+00 -8.71117e-06
1.47604e+00 4.77257e+00 -6.17493e-06
1.47604e+00 4.80402e+00 -4.44721e-06
1.47604e+00 4.83322e+00 -3.25956e-06
1.47604e+00 4.86014e+00 -2.43518e-06
1.47604e+00 4.88475e+00 -1.85719e-06
1.47604e+00 4.90703e+00 -1.44792e-06
1.47604e+00 4.92696e+00 -1.15547e-06
1.47604e+00 4.94452e+00 -9.44986e-07
1.47604e+00 4.95969e+00 -7.92872e-07
1.47604e+00 4.97246e+00 -6.83126e-07
1.47604e+00 4.98281e+00 -6.04878e-07
1.47604e+00 4.99074e+00 -5.50794e-07
1.47604e+00 4.99623e+00 -5.16041e-07
1.47604e+00 4.99928e+00 -4.97624e-07
1.54782e+00 7.15683e-04 -9.44837e-10
1.54782e+00 3.77012e-03 -2.62157e-08
1.54782e+00 9.26216e-03 -1.58103e-07
1.54782e+00 1.71877e-02 -5.43203e-07
1.54782e+00 2.75390e-02 -1.38752e-06
1.54782e+00 4.03061e-02 -2.94417e-06
1.54782e+00 5.54766e-02 -5.48822e-06
1.54782e+00 7.30356e-02 -9.27161e-06
1.54782e+00 9.29659e-02 -1.44497e-05
1.54782e+00 1.15248e-01 -2.09698e-05
1.54782e+00 1.39860e-01 -2.84101e-05
1.54782e+00 1.66779e-01 -3.57562e-05
1.54782e+00 1.95977e-01 -4.11010e-05
1.54782e+00 2.27426e-01 -4.12497e-05
1.54782e+00 2.61096e-01 -3.12118e-05
1.54782e+00 2.96953e-01 -3.55317e-06
1.54782e+00 3.34963e-01 5.24172e-05
1.54782e+00 3.75089e-01 1.51659e-04
1.54782e+00 4.17290e-01 3.14654e-04
1.54782e+00 4.61527e-01 5.68942e-04
1.54782e+00 5.07755e-01 9.50990e-04
1.54782e+00 5.55930e-01 1.50845e-03
1.54782e+00 6.06005e-01 2.30282e-03
1.54782e+00 6.57930e-01 3.41265e-03
1.54782e+00 7.11655e-01 4.93710e-03
1.54782e+00 7.67127e-01 7.00001e-03
1.54782e+00 8.24292e-01 9.75416e-03
1.54782e+00 8.83095e-01 1.33855e-02
1.54782e+00 9.43478e-01 1.81164e-02
1.54782e+00 1.00538e+00 2.42079e-02
1.54782e+00 1.06875e+00 3.19575e-02
1.54782e+00 1.13351e+00 4.16918e-02
1.54782e+00 1.19960e+00 5.37501e-02
1.54782e+00 1.26697e+00 6.84546e-02
1.54782e+00 1.33555e+00 8.60643e-02
1.54782e+00 1.40526e+00 1.06713e-01
1.54782e+00 1.47604e+00 1.30330e-01
1.54782e+00 1.54782e+00 1.56565e-01
1.54782e+00 1.62053e+00 1.84723e-01
1.54782e+00 1.69410e+00 2.13728e-01
1.54782e+00 1.76846e+00 2.42126e-01
1.54782e+00 1.84353e+00 2.68123e-01
1.54782e+00 1.91924e+00 2.89643e-01
1.54782e+00 1.99553e+00 3.04422e-01
1.54782e+00 2.07230e+00 3.10144e-01
1.54782e+00 2.14949e+00 3.04650e-01
1.54782e+00 2.22703e+00 2.86254e-01
1.54782e+00 2.30483e+00 2.54148e-01
1.54782e+00 2.38282e+00 2.08867e-01
1.54782e+00 2.46093e+00 1.52696e-01
1.54782e+00 2.53907e+00 8.98151e-02
1.54782e+00 2.61718e+00 2.60185e-02
1.54782e+00 2.69517e+00 -3.21514e-02
1.54782e+00 2.77297e+00 -7.87438e-02
1.54782e+00 2.85051e+00 -1.09848e-01
1.54782e+00 2.92770e+00 -1.24570e-01
1.54782e+00 3.00447e+00 -1.25042e-01
1.54782e+00 3.08076e+00 -1.15408e-01
1.54782e+00 3.15647e+00 -1.00292e-01
1.54782e+00 3.23154e+00 -8.34940e-02
1.54782e+00 3.30590e+00 -6.74234e-02
1.54782e+00 3.37947e+00 -5.32338e-02
1.54782e+00 3.45218e+00 -4.12703e-02
1.54782e+00 3.52396e+00 -3.14779e-02
1.54782e+00 3.59474e+00 -2.36417e-02
1.54782e+00 3.66445e+00 -1.74946e-02
1.54782e+00 3.73303e+00 -1.27623e-02
1.54782e+00 3.80040e+00 -9.18405e-03
1.54782e+00 3.86649e+00 -6.52456e-03
1.54782e+00 3.93125e+00 -4.57987e-03
1.54782e+00 3.99462e+00 -3.17951e-03
1.54782e+00 4.05652e+00 -2.18542e-03
1.54782e+00 4.11690e+00 -1.48897e-03
1.54782e+00 4.17571e+00 -1.00684e-03
1.54782e+00 4.23287e+00 -6.76635e-04
1.54782e+00 4.28835e+00 -4.52571e-04
1.54782e+00 4.34207e+00 -3.01731e-04
1.54782e+00 4.39400e+00 -2.00837e-04
1.54782e+00 4.44407e+00 -1.33682e-04
1.54782e+00 4.49224e+00 -8.91355e-05
1.54782e+00 4.53847e+00 -5.96392e-05
1.54782e+00 4.58271e+00 -4.01131e-05
1.54782e+00 4.62491e+00 -2.71703e-05
1.54782e+00 4.66504e+00 -1.85667e-05
1.54782e+00 4.70305e+00 -1.28230e-05
1.54782e+00 4.73890e+00 -8.96668e-06
1.54782e+00 4.77257e+00 -6.35940e-06
1.54782e+00 4.80402e+00 -4.58230e-06
1.54782e+00 4.83322e+00 -3.36008e-06
1.54782e+00 4.86014e+00 -2.51131e-06
1.54782e+00 4.88475e+00 -1.91596e-06
1.54782e+00 4.90703e+00 -1.49424e-06
1.54782e+00 4.92696e+00 -1.19280e-06
1.54782e+00 4.94452e+00 -9.75767e-07
1.54782e+00 4.95969e+00 -8.18882e-07
1.54782e+00 4.97246e+00 -7.05669e-07
1.54782e+00 4.98281e+00 -6.24934e-07
1.54782e+00 4.99074e+00 -5.69122e-07
1.54782e+00 4.99623e+00 -5.33256e-07
1.54782e+00 4.99928e+00 -5.14247e-07
1.62053e+00 7.15683e-04 -7.43881e-09
1.62053e+00 3.77012e-03 -2.06427e-07
1.62053e+00 9.26216e-03 -1.24579e-06
1.62053e+00 1.71877e-02 -4.28892e-06
1.62053e+00 2.75390e-02 -1.10047e-05
1.62053e+00 4.03061e-02 -2.35501e-05
1.62053e+00 5.54766e-02 -4.45390e-05
1.62053e+00 7.30356e-02 -7.69934e-05
1.62053e+00 9.29659e-02 -1.24268e-04
1.62053e+00 1.15248e-01 -1.89939e-04
1.62053e+00 1.39860e-01 -2.77654e-04
1.62053e+00 1.66779e-01 -3.90922e-04
1.62053e+00 1.95977e-01 -5.32838e-04
1.62053e+00 2.27426e-01 -7.05729e-04
1.62053e+00 2.61096e-01 -9.10693e-04
1.62053e+00 2.96953e-01 -1.14702e-03
1.62053e+00 3.34963e-01 -1.41148e-03
1.62053e+00 3.75089e-01 -1.69741e-03
1.62053e+00 4.17290e-01 -1.99359e-03
1.62053e+00 4.61527e-01 -2.28291e-03
1.62053e+00 5.07755e-01 -2.54064e-03
1.62053e+00 5.55930e-01 -2.73247e-03
1.62053e+00 6.06005e-01 -2.81203e-03
1.62053e+00 6.57930e-01 -2.71804e-03
1.62053e+00 7.11655e-01 -2.37092e-03
1.62053e+00 7.67127e-01 -1.66903e-03
1.62053e+00 8.24292e-01 -4.84413e-04
1.62053e+00 8.83095e-01 1.34151e-03
1.62053e+00 9.43478e-01 4.00213e-03
1.62053e+00 1.00538e+00 7.72887e-03
1.62053e+00 1.06875e+00 1.27924e-02
1.62053e+00 1.13351e+00 1.94998e-02
1.62053e+00 1.19960e+00 2.81858e-02
1.62053e+00 1.26697e+00 3.91934e-02
1.62053e+00 1.33555e+00 5.28409e-02
1.62053e+00 1.40526e+00 6.93710e-02
1.62053e+00 1.47604e+00 8.88820e-02
1.62053e+00 1.54782e+00 1.11243e-01
1.62053e+00 1.62053e+00 1.36010e-01
1.62053e+00 1.69410e+00 1.62354e-01
1.62053e+00 1.76846e+00 1.89026e-01
1.62053e+00 1.84353e+00 2.14366e-01
1.62053e+00 1.91924e+00 2.36358e-01
1.62053e+00 1.99553e+00 2.52732e-01
1.62053e+00 2.07230e+00 2.61112e-01
1.62053e+00 2.14949e+00 2.59248e-01
1.62053e+00 2.22703e+00 2.45319e-01
1.62053e+00 2.30483e+00 2.18348e-01
1.62053e+00 2.38282e+00 1.78653e-01
1.62053e+00 2.46093e+00 1.28248e-01
1.62053e+00 2.53907e+00 7.10071e-02
1.62053e+00 2.61718e+00 1.24018e-02
1.62053e+00 2.69517e+00 -4.13104e-02
1.62053e+00 2.77297e+00 -8.43755e-02
1.62053e+00 2.85051e+00 -1.12948e-01
1.62053e+00 2.92770e+00 -1.26057e-01
1.62053e+00 3.00447e+00 -1.25647e-01
1.62053e+00 3.08076e+00 -1.15625e-01
1.62053e+00 3.15647e+00 -1.00398e-01
1.62053e+00 3.23154e+00 -8.36062e-02
1.62053e+00 3.30590e+00 -6.75710e-02
1.62053e+00 3.37947e+00 -5.34080e-02
1.62053e+00 3.45218e+00 -4.14535e-02
1.62053e+00 3.52396e+00 -3.16549e-02
1.62053e+00 3.59474e+00 -2.38024e-02
1.62053e+00 3.66445e+00 -1.76338e-02
1.62053e+00 3.73303e+00 -1.28785e-02
1.62053e+00 3.80040e+00 -9.27802e-03
1.62053e+00 3.86649e+00 -6.59855e-03
1.62053e+00 3.93125e+00 -4.63677e-03
1.62053e+00 3.99462e+00 -3.22237e-03
1.62053e+00 4.05652e+00 -2.21714e-03
1.62053e+00 4.11690e+00 -1.51208e-03
1.62053e+00 4.17571e+00 -1.02345e-03
1.62053e+00 4.23287e+00 -6.88436e-04
1.62053e+00 4.28835e+00 -4.60877e-04
1.62053e+00 4.34207e+00 -3.07534e-04
1.62053e+00 4.39400e+00 -2.04869e-04
1.62053e+00 4.44407e+00 -1.36474e-04
1.62053e+00 4.49224e+00 -9.10659e-05
1.62053e+00 4.53847e+00 -6.09746e-05
1.62053e+00 4.58271e+00 -4.10394e-05
1.62053e+00 4.62491e+00 -2.78156e-05
1.62053e+00 4.66504e+00 -1.90193e-05
1.62053e+00 4.70305e+00 -1.31431e-05
1.62053e+00 4.73890e+00 -9.19540e-06
1.62053e+00 4.77257e+00 -6.52485e-06
1.62053e+00 4.80402e+00 -4.70369e-06
1.62053e+00 4.83322e+00 -3.45055e-06
1.62053e+00 4.86014e+00 -2.57993e-06
1.62053e+00 4.88475e+00 -1.96900e-06
1.62053e+00 4.90703e+00 -1.53609e-06
1.62053e+00 4.92696e+00 -1.22655e-06
1.62053e+00 4.94452e+00 -1.00362e-06
1.62053e+00 4.95969e+00 -8.42438e-07
1.62053e+00 4.97246e+00 -7.26096e-07
1.62053e+00 4.98281e+00 -6.43116e-07
1.62053e+00 4.99074e+00 -5.85744e-07
1.62053e+00 4.99623e+00 -5.48872e-07
1.62053e+00 4.99928e+00 -5.29329e-07
1.69410e+00 7.15683e-04 -1.28240e-08
1.69410e+00 3.77012e-03 -3.55869e-07
1.69410e+00 9.26216e-03 -2.14777e-06
1.69410e+00 1.71877e-02 -7.39511e-06
1.69410e+00 2.75390e-02 -1.89800e-05
1.69410e+00 4.03061e-02 -4.06379e-05
1.69410e+00 5.54766e-02 -7.69226e-05
1.69410e+00 7.30356e-02 -1.33154e-04
1.69410e+00 9.29659e-02 -2.15338e-04
1.69410e+00 1.15248e-01 -3.30065e-04
1.69410e+00 1.39860e-01 -4.84356e-04
1.69410e+00 1.66779e-01 -6.85475e-04
1.69410e+00 1.95977e-01 -9.40672e-04
1.69410e+00 2.27426e-01 -1.25686e-03
1.69410e+00 2.61096e-01 -1.64019e-03
1.69410e+00 2.96953e-01 -2.09555e-03
1.69410e+00 3.34963e-01 -2.62593e-03
1.69410e+00 3.75089e-01 -3.23156e-03
1.69410e+00 4.17290e-01 -3.90897e-03
1.69410e+00 4.61527e-01 -4.64975e-03
1.69410e+00 5.07755e-01 -5.43903e-03
1.69410e+00 5.55930e-01 -6.25370e-03
1.69410e+00 6.06005e-01 -7.06017e-03
1.69410e+00 6.57930e-01 -7.81178e-03
1.69410e+00 7.11655e-01 -8.44571e-03
1.69410e+00 7.67127e-01 -8.87946e-03
1.69410e+00 8.24292e-01 -9.00687e-03
1.69410e+00 8.83095e-01 -8.69385e-03
1.69410e+00 9.43478e-01 -7.77410e-03
1.69410e+00 1.00538e+00 -6.04516e-03
1.69410e+00 1.06875e+00 -3.26582e-03
1.69410e+00 1.13351e+00 8.44106e-04
1.69410e+00 1.19960e+00 6.59952e-03
1.69410e+00 1.26697e+00 1.43385e-02
1.69410e+00 1.33555e+00 2.44001e-02
1.69410e+00 1.40526e+00 3.70866e-02
1.69410e+00 1.47604e+00 5.26071e-02
1.69410e+00 1.54782e+00 7.10019e-02
1.69410e+00 1.62053e+00 9.20515e-02
1.69410e+00 1.69410e+00 1.15185e-01
1.69410e+00 1.76846e+00 1.39411e-01
1.69410e+00 1.84353e+00 1.63281e-01
1.69410e+00 1.91924e+00 1.84927e-01
1.69410e+00 1.99553e+00 2.02144e-01
1.69410e+00 2.07230e+00 2.12551e-01
1.69410e+00 2.14949e+00 2.13827e-01
1.69410e+00 2.22703e+00 2.04034e-01
1.69410e+00 2.30483e+00 1.82015e-01
1.69410e+00 2.38282e+00 1.47859e-01
1.69410e+00 2.46093e+00 1.03284e-01
1.69410e+00 2.53907e+00 5.18259e-02
1.69410e+00 2.61718e+00 -1.39975e-03
1.69410e+00 2.69517e+00 -5.04580e-02
1.69410e+00 2.77297e+00 -8.98236e-02
1.69410e+00 2.85051e+00 -1.15739e-01
1.69410e+00 2.92770e+00 -1.27166e-01
1.69410e+00 3.00447e+00 -1.25856e-01
1.69410e+00 3.08076e+00 -1.15468e-01
1.69410e+00 3.15647e+00 -1.00172e-01
1.69410e+00 3.23154e+00 -8.34388e-02
1.69410e+00 3.30590e+00 -6.74903e-02
1.69410e+00 3.37947e+00 -5.34002e-02
1.69410e+00 3.45218e+00 -4.14942e-02
1.69410e+00 3.52396e+00 -3.17221e-02
1.69410e+00 3.59474e+00 -2.38800e-02
1.69410e+00 3.66445e+00 -1.77111e-02
1.69410e+00 3.73303e+00 -1.29491e-02
1.69410e+00 3.80040e+00 -9.33898e-03
1.69410e+00 3.86649e+00 -6.64891e-03
1.69410e+00 3.93125e+00 -4.67698e-03
1.69410e+00 3.99462e+00 -3.25358e-03
1.69410e+00 4.05652e+00 -2.24080e-03
1.69410e+00 4.11690e+00 -1.52966e-03
1.69410e+00 4.17571e+00 -1.03631e-03
1.69410e+00 4.23287e+00 -6.97699e-04
1.69410e+00 4.28835e+00 -4.67477e-04
1.69410e+00 4.34207e+00 -3.12194e-04
1.69410e+00 4.39400e+00 -2.08137e-04
1.69410e+00 4.44407e+00 -1.38755e-04
1.69410e+00 4.49224e+00 -9.26544e-05
1.69410e+00 4.53847e+00 -6.20805e-05
1.69410e+00 4.58271e+00 -4.18106e-05
1.69410e+00 4.62491e+00 -2.83556e-05
1.69410e+00 4.66504e+00 -1.93997e-05
1.69410e+00 4.70305e+00 -1.34132e-05
1.69410e+00 4.73890e+00 -9.38907e-06
1.69410e+00 4.77257e+00 -6.66539e-06
1.69410e+00 4.80402e+00 -4.80707e-06
1.69410e+00 4.83322e+00 -3.52780e-06
1.69410e+00 4.86014e+00 -2.63864e-06
1.69410e+00 4.88475e+00 -2.01448e-06
1.69410e+00 4.90703e+00 -1.57203e-06
1.69410e+00 4.92696e+00 -1.25558e-06
1.69410e+00 4.94452e+00 -1.02761e-06
1.69410e+00 4.95969e+00 -8.62743e-07
1.69410e+00 4.97246e+00 -7.43721e-07
1.69410e+00 4.98281e+00 -6.58814e-07
1.69410e+00 4.99074e+00 -6.00103e-07
1.69410e+00 4.99623e+00 -5.62366e-07
1.69410e+00 4.99928e+00 -5.42364e-07
1.76846e+00 7.15683e-04 -1.72768e-08
1.76846e+00 3.77012e-03 -4.79436e-07
1.76846e+00 9.26216e-03 -2.89356e-06
1.76846e+00 1.71877e-02 -9.96346e-06
1.76846e+00 2.75390e-02 -2.55743e-05
1.76846e+00 4.03061e-02 -5.47670e-05
1.76846e+00 5.54766e-02 -1.03699e-04
1.76846e+00 7.30356e-02 -1.79591e-04
1.76846e+00 9.29659e-02 -2.90643e-04
1.76846e+00 1.15248e-01 -4.45936e-04
1.76846e+00 1.39860e-01 -6.55285e-04
1.76846e+00 1.66779e-01 -9.29062e-04
1.76846e+00 1.95977e-01 -1.27796e-03
1.76846e+00 2.27426e-01 -1.71268e-03
1.76846e+00 2.61096e-01 -2.24359e-03
1.76846e+00 2.96953e-01 -2.88022e-03
1.76846e+00 3.34963e-01 -3.63070e-03
1.76846e+00 3.75089e-01 -4.50104e-03
1.76846e+00 4.17290e-01 -5.49421e-03
1.76846e+00 4.61527e-01 -6.60908e-03
1.76846e+00 5.07755e-01 -7.83904e-03
1.76846e+00 5.55930e-01 -9.17038e-03
1.76846e+00 6.06005e-01 -1.05803e-02
1.76846e+00 6.57930e-01 -1.20344e-02
1.76846e+00 7.11655e-01 -1.34843e-02
1.76846e+00 7.67127e-01 -1.48638e-02
1.76846e+00 8.24292e-01 -1.60855e-02
1.76846e+00 8.83095e-01 -1.70370e-02
1.76846e+00 9.43478e-01 -1.75761e-02
1.76846e+00 1.00538e+00 -1.75273e-02
1.76846e+00 1.06875e+00 -1.66782e-02
1.76846e+00 1.13351e+00 -1.47776e-02
1.76846e+00 1.19960e+00 -1.15376e-02
1.76846e+00 1.26697e+00 -6.63914e-03
1.76846e+00 1.33555e+00 2.52471e-04
1.76846e+00 1.40526e+00 9.46146e-03
1.76846e+00 1.47604e+00 2.12586e-02
1.76846e+00 1.54782e+00 3.57989e-02
1.76846e+00 1.62053e+00 5.30387e-02
1.76846e+00 1.69410e+00 7.26402e-02
1.76846e+00 1.76846e+00 9.38783e-02
1.76846e+00 1.84353e+00 1.15574e-01
1.76846e+00 1.91924e+00 1.36080e-01
1.76846e+00 1.99553e+00 1.53345e-01
1.76846e+00 2.07230e+00 1.65057e-01
1.76846e+00 2.14949e+00 1.68878e-01
1.76846e+00 2.22703e+00 1.62774e-01
1.76846e+00 2.30483e+00 1.45425e-01
1.76846e+00 2.38282e+00 1.16675e-01
1.76846e+00 2.46093e+00 7.79320e-02
1.76846e+00 2.53907e+00 3.23591e-02
1.76846e+00 2.61718e+00 -1.53215e-02
1.76846e+00 2.69517e+00 -5.95382e-02
1.76846e+00 2.77297e+00 -9.50327e-02
1.76846e+00 2.85051e+00 -1.18163e-01
1.76846e+00 2.92770e+00 -1.27836e-01
1.76846e+00 3.00447e+00 -1.25608e-01
1.76846e+00 3.08076e+00 -1.14878e-01
1.76846e+00 3.15647e+00 -9.95633e-02
1.76846e+00 3.23154e+00 -8.29474e-02
1.76846e+00 3.30590e+00 -6.71441e-02
1.76846e+00 3.37947e+00 -5.31798e-02
1.76846e+00 3.45218e+00 -4.13679e-02
1.76846e+00 3.52396e+00 -3.16604e-02
1.76846e+00 3.59474e+00 -2.38596e-02
1.76846e+00 3.66445e+00 -1.77150e-02
1.76846e+00 3.73303e+00 -1.29656e-02
1.76846e+00 3.80040e+00 -9.36056e-03
1.76846e+00 3.86649e+00 -6.67101e-03
1.76846e+00 3.93125e+00 -4.69715e-03
1.76846e+00 3.99462e+00 -3.27075e-03
1.76846e+00 4.05652e+00 -2.25472e-03
1.76846e+00 4.11690e+00 -1.54056e-03
1.76846e+00 4.17571e+00 -1.04460e-03
1.76846e+00 4.23287e+00 -7.03873e-04
1.76846e+00 4.28835e+00 -4.71996e-04
1.76846e+00 4.34207e+00 -3.15456e-04
1.76846e+00 4.39400e+00 -2.10468e-04
1.76846e+00 4.44407e+00 -1.40409e-04
1.76846e+00 4.49224e+00 -9.38221e-05
1.76846e+00 4.53847e+00 -6.29032e-05
1.76846e+00 4.58271e+00 -4.23904e-05
1.76846e+00 4.62491e+00 -2.87653e-05
1.76846e+00 4.66504e+00 -1.96906e-05
1.76846e+00 4.70305e+00 -1.36212e-05
1.76846e+00 4.73890e+00 -9.53916e-06
1.76846e+00 4.77257e+00 -6.77490e-06
1.76846e+00 4.80402e+00 -4.88803e-06
1.76846e+00 4.83322e+00 -3.58854e-06
1.76846e+00 4.86014e+00 -2.68499e-06
1.76846e+00 4.88475e+00 -2.05049e-06
1.76846e+00 4.90703e+00 -1.60058e-06
1.76846e+00 4.92696e+00 -1.27869e-06
1.76846e+00 4.94452e+00 -1.04675e-06
1.76846e+00 4.95969e+00 -8.78974e-07
1.76846e+00 4.97246e+00 -7.57829e-07
1.76846e+00 4.98281e+00 -6.71395e-07
1.76846e+00 4.99074e+00 -6.11621e-07
1.76846e+00 4.99623e+00 -5.73197e-07
1.76846e+00 4.99928e+00 -5.52829e-07
1.84353e+00 7.15683e-04 -2.09457e-08
1.84353e+00 3.77012e-03 -5.81251e-07
1.84353e+00 9.26216e-03 -3.50808e-06
1.84353e+00 1.71877e-02 -1.20797e-05
1.84353e+00 2.75390e-02 -3.10079e-05
1.84353e+00 4.03061e-02 -6.64091e-05
1.84353e+00 5.54766e-02 -1.25763e-04
1.84353e+00 7.30356e-02 -2.17855e-04
1.84353e+00 9.29659e-02 -3.52696e-04
1.84353e+00 1.15248e-01 -5.41420e-04
1.84353e+00 1.39860e-01 -7.96147e-04
1.84353e+00 1.66779e-01 -1.12981e-03
1.84353e+00 1.95977e-01 -1.55595e-03
1.84353e+00 2.27426e-01 -2.08841e-03
1.84353e+00 2.61096e-01 -2.74103e-03
1.84353e+00 2.96953e-01 -3.52718e-03
1.84353e+00 3.34963e-01 -4.45930e-03
1.84353e+00 3.75089e-01 -5.54817e-03
1.84353e+00 4.17290e-01 -6.80214e-03
1.84353e+00 4.61527e-01 -8.22616e-03
1.84353e+00 5.07755e-01 -9.82054e-03
1.84353e+00 5.55930e-01 -1.15795e-02
1.84353e+00 6.06005e-01 -1.34892e-02
1.84353e+00 6.57930e-01 -1.55259e-02
1.84353e+00 7.11655e-01 -1.76531e-02
1.84353e+00 7.67127e-01 -1.98187e-02
1.84353e+00 8.24292e-01 -2.19517e-02
1.84353e+00 8.83095e-01 -2.39581e-02
1.84353e+00 9.43478e-01 -2.57172e-02
1.84353e+00 1.00538e+00 -2.70775e-02
1.84353e+00 1.06875e+00 -2.78533e-02
1.84353e+00 1.13351e+00 -2.78219e-02
1.84353e+00 1.19960e+00 -2.67239e-02
1.84353e+00 1.26697e+00 -2.42663e-02
1.84353e+00 1.33555e+00 -2.01323e-02
1.84353e+00 1.40526e+00 -1.39998e-02
1.84353e+00 1.47604e+00 -5.57292e-03
1.84353e+00 1.54782e+00 5.36920e-03
1.84353e+00 1.62053e+00 1.89040e-02
1.84353e+00 1.69410e+00 3.48781e-02
1.84353e+00 1.76846e+00 5.28090e-02
1.84353e+00 1.84353e+00 7.17967e-02
1.84353e+00 1.91924e+00 9.04721e-02
1.84353e+00 1.99553e+00 1.07015e-01
1.84353e+00 2.07230e+00 1.19268e-01
1.84353e+00 2.14949e+00 1.24950e-01
1.84353e+00 2.22703e+00 1.21987e-01
1.84353e+00 2.30483e+00 1.08917e-01
1.84353e+00 2.38282e+00 8.53480e-02
1.84353e+00 2.46093e+00 5.23609e-02
1.84353e+00 2.53907e+00 1.27210e-02
1.84353e+00 2.61718e+00 -2.92832e-02
1.84353e+00 2.69517e+00 -6.84883e-02
1.84353e+00 2.77297e+00 -9.99459e-02
1.84353e+00 2.85051e+00 -1.20163e-01
1.84353e+00 2.92770e+00 -1.28008e-01
1.84353e+00 3.00447e+00 -1.24847e-01
1.84353e+00 3.08076e+00 -1.13803e-01
1.84353e+00 3.15647e+00 -9.85230e-02
1.84353e+00 3.23154e+00 -8.20896e-02
1.84353e+00 3.30590e+00 -6.64967e-02
1.84353e+00 3.37947e+00 -5.27176e-02
1.84353e+00 3.45218e+00 -4.10511e-02
1.84353e+00 3.52396e+00 -3.14512e-02
1.84353e+00 3.59474e+00 -2.37266e-02
1.84353e+00 3.66445e+00 -1.76344e-02
1.84353e+00 3.73303e+00 -1.29197e-02
1.84353e+00 3.80040e+00 -9.33658e-03
1.84353e+00 3.86649e+00 -6.66032e-03
1.84353e+00 3.93125e+00 -4.69402e-03
1.84353e+00 3.99462e+00 -3.27155e-03
1.84353e+00 4.05652e+00 -2.25727e-03
1.84353e+00 4.11690e+00 -1.54362e-03
1.84353e+00 4.17571e+00 -1.04754e-03
1.84353e+00 4.23287e+00 -7.06414e-04
1.84353e+00 4.28835e+00 -4.74061e-04
1.84353e+00 4.34207e+00 -3.17068e-04
1.84353e+00 4.39400e+00 -2.11692e-04
1.84353e+00 4.44407e+00 -1.41320e-04
1.84353e+00 4.49224e+00 -9.44906e-05
1.84353e+00 4.53847e+00 -6.33895e-05
1.84353e+00 4.58271e+00 -4.27425e-05
1.84353e+00 4.62491e+00 -2.90198e-05
1.84353e+00 4.66504e+00 -1.98748e-05
1.84353e+00 4.70305e+00 -1.37551e-05
1.84353e+00 4.73890e+00 -9.63717e-06
1.84353e+00 4.77257e+00 -6.84731e-06
1.84353e+00 4.80402e+00 -4.94213e-06
1.84353e+00 4.83322e+00 -3.62952e-06
1.84353e+00 4.86014e+00 -2.71650e-06
1.84353e+00 4.88475e+00 -2.07515e-06
1.84353e+00 4.90703e+00 -1.62024e-06
1.84353e+00 4.92696e+00 -1.29470e-06
1.84353e+00 4.94452e+00 -1.06007e-06
1.84353e+00 4.95969e+00 -8.90306e-07
1.84353e+00 4.97246e+00 -7.67709e-07
1.84353e+00 4.98281e+00 -6.80226e-07
1.84353e+00 4.99074e+00 -6.19720e-07
1.84353e+00 4.99623e+00 -5.80823e-07
1.84353e+00 4.99928e+00 -5.60203e-07
1.91924e+00 7.15683e-04 -2.39555e-08
1.91924e+00 3.77012e-03 -6.64773e-07
1.91924e+00 9.26216e-03 -4.01219e-06
1.91924e+00 1.71877e-02 -1.38158e-05
1.91924e+00 2.75390e-02 -3.54653e-05
1.91924e+00 4.03061e-02 -7.59598e-05
1.91924e+00 5.54766e-02 -1.43864e-04
1.91924e+00 7.30356e-02 -2.49247e-04
1.91924e+00 9.29659e-02 -4.03605e-04
1.91924e+00 1.15248e-01 -6.19759e-04
1.91924e+00 1.39860e-01 -9.11722e-04
1.91924e+00 1.66779e-01 -1.29454e-03
1.91924e+00 1.95977e-01 -1.78408e-03
1.91924e+00 2.27426e-01 -2.39679e-03
1.91924e+00 2.61096e-01 -3.14937e-03
1.91924e+00 2.96953e-01 -4.05838e-03
1.91924e+00 3.34963e-01 -5.13980e-03
1.91924e+00 3.75089e-01 -6.40838e-03
1.91924e+00 4.17290e-01 -7.87697e-03
1.91924e+00 4.61527e-01 -9.55558e-03
1.91924e+00 5.07755e-01 -1.14503e-02
1.91924e+00 5.55930e-01 -1.35620e-02
1.91924e+00 6.06005e-01 -1.58846e-02
1.91924e+00 6.57930e-01 -1.84030e-02
1.91924e+00 7.11655e-01 -2.10913e-02
1.91924e+00 7.67127e-01 -2.39092e-02
1.91924e+00 8.24292e-01 -2.67995e-02
1.91924e+00 8.83095e-01 -2.96846e-02
1.91924e+00 9.43478e-01 -3.24622e-02
1.91924e+00 1.00538e+00 -3.50023e-02
1.91924e+00 1.06875e+00 -3.71430e-02
1.91924e+00 1.13351e+00 -3.86881e-02
1.91924e+00 1.19960e+00 -3.94060e-02
1.91924e+00 1.26697e+00 -3.90314e-02
1.91924e+00 1.33555e+00 -3.72716e-02
1.91924e+00 1.40526e+00 -3.38200e-02
1.91924e+00 1.47604e+00 -2.83791e-02
1.91924e+00 1.54782e+00 -2.06976e-02
1.91924e+00 1.62053e+00 -1.06244e-02
1.91924e+00 1.69410e+00 1.81737e-03
1.91924e+00 1.76846e+00 1.63413e-02
1.91924e+00 1.84353e+00 3.23029e-02
1.91924e+00 1.91924e+00 4.86248e-02
1.91924e+00 1.99553e+00 6.37735e-02
1.91924e+00 2.07230e+00 7.58252e-02
1.91924e+00 2.14949e+00 8.26457e-02
1.91924e+00 2.22703e+00 8.21904e-02
1.91924e+00 2.30483e+00 7.29073e-02
1.91924e+00 2.38282e+00 5.41911e-02
1.91924e+00 2.46093e+00 2.67963e-02
1.91924e+00 2.53907e+00 -6.93250e-03
1.91924e+00 2.61718e+00 -4.31779e-02
1.91924e+00 2.69517e+00 -7.72312e-02
1.91924e+00 2.77297e+00 -1.04501e-01
1.91924e+00 2.85051e+00 -1.21682e-01
1.91924e+00 2.92770e+00 -1.27630e-01
1.91924e+00 3.00447e+00 -1.23521e-01
1.91924e+00 3.08076e+00 -1.12192e-01
1.91924e+00 3.15647e+00 -9.70072e-02
1.91924e+00 3.23154e+00 -8.08273e-02
1.91924e+00 3.30590e+00 -6.55159e-02
1.91924e+00 3.37947e+00 -5.19870e-02
1.91924e+00 3.45218e+00 -4.05223e-02
1.91924e+00 3.52396e+00 -3.10773e-02
1.91924e+00 3.59474e+00 -2.34679e-02
1.91924e+00 3.66445e+00 -1.74592e-02
1.91924e+00 3.73303e+00 -1.28035e-02
1.91924e+00 3.80040e+00 -9.26131e-03
1.91924e+00 3.86649e+00 -6.61266e-03
1.91924e+00 3.93125e+00 -4.66456e-03
1.91924e+00 3.99462e+00 -3.25382e-03
1.91924e+00 4.05652e+00 -2.24691e-03
1.91924e+00 4.11690e+00 -1.53777e-03
1.91924e+00 4.17571e+00 -1.04438e-03
1.91924e+00 4.23287e+00 -7.04812e-04
1.91924e+00 4.28835e+00 -4.73325e-04
1.91924e+00 4.34207e+00 -3.16794e-04
1.91924e+00 4.39400e+00 -2.11647e-04
1.91924e+00 4.44407e+00 -1.41378e-04
1.91924e+00 4.49224e+00 -9.45858e-05
1.91924e+00 4.53847e+00 -6.34891e-05
1.91924e+00 4.58271e+00 -4.28324e-05
1.91924e+00 4.62491e+00 -2.90954e-05
1.91924e+00 4.66504e+00 -1.99359e-05
1.91924e+00 4.70305e+00 -1.38035e-05
1.91924e+00 4.73890e+00 -9.67502e-06
1.91924e+00 4.77257e+00 -6.87681e-06
1.91924e+00 4.80402e+00 -4.96517e-06
1.91924e+00 4.83322e+00 -3.64761e-06
1.91924e+00 4.86014e+00 -2.73084e-06
1.91924e+00 4.88475e+00 -2.08666e-06
1.91924e+00 4.90703e+00 -1.62962e-06
1.91924e+00 4.92696e+00 -1.30246e-06
1.91924e+00 4.94452e+00 -1.06662e-06
1.91924e+00 4.95969e+00 -8.95953e-07
1.91924e+00 4.97246e+00 -7.72680e-07
1.91924e+00 4.98281e+00 -6.84704e-07
1.91924e+00 4.99074e+00 -6.23851e-07
1.91924e+00 4.99623e+00 -5.84727e-07
1.91924e+00 4.99928e+00 -5.63987e-07
1.99553e+00 7.15683e-04 -2.64086e-08
1.99553e+00 3.77012e-03 -7.32850e-07
1.99553e+00 9.26216e-03 -4.42308e-06
1.99553e+00 1.71877e-02 -1.52307e-05
1.99553e+00 2.75390e-02 -3.90983e-05
1.99553e+00 4.03061e-02 -8.37443e-05
1.99553e+00 5.54766e-02 -1.58617e-04
1.99553e+00 7.30356e-02 -2.74834e-04
1.99553e+00 9.29659e-02 -4.45103e-04
1.99553e+00 1.15248e-01 -6.83621e-04
1.99553e+00 1.39860e-01 -1.00595e-03
1.99553e+00 1.66779e-01 -1.42885e-03
1.99553e+00 1.95977e-01 -1.97012e-03
1.99553e+00 2.27426e-01 -2.64831e-03
1.99553e+00 2.61096e-01 -3.48248e-03
1.99553e+00 2.96953e-01 -4.49183e-03
1.99553e+00 3.34963e-01 -5.69525e-03
1.99553e+00 3.75089e-01 -7.11079e-03
1.99553e+00 4.17290e-01 -8.75503e-03
1.99553e+00 4.61527e-01 -1.06422e-02
1.99553e+00 5.07755e-01 -1.27833e-02
1.99553e+00 5.55930e-01 -1.51846e-02
1.99553e+00 6.06005e-01 -1.78467e-02
1.99553e+00 6.57930e-01 -2.07621e-02
1.99553e+00 7.11655e-01 -2.39133e-02
1.99553e+00 7.67127e-01 -2.72705e-02
1.99553e+00 8.24292e-01 -3.07886e-02
1.99553e+00 8.83095e-01 -3.44038e-02
1.99553e+00 9.43478e-01 -3.80301e-02
1.99553e+00 1.00538e+00 -4.15561e-02
1.99553e+00 1.06875e+00 -4.48413e-02
1.99553e+00 1.13351e+00 -4.77133e-02
1.99553e+00 1.19960e+00 -4.99662e-02
1.99553e+00 1.26697e+00 -5.13618e-02
1.99553e+00 1.33555e+00 -5.16334e-02
1.99553e+00 1.40526e+00 -5.04958e-02
1.99553e+00 1.47604e+00 -4.76626e-02
1.99553e+00 1.54782e+00 -4.28747e-02
1.99553e+00 1.62053e+00 -3.59423e-02
1.99553e+00 1.69410e+00 -2.68040e-02
1.99553e+00 1.76846e+00 -1.56025e-02
1.99553e+00 1.84353e+00 -2.77153e-03
1.99553e+00 1.91924e+00 1.08818e-02
1.99553e+00 1.99553e+00 2.41271e-02
1.99553e+00 2.07230e+00 3.53309e-02
1.99553e+00 2.14949e+00 4.25854e-02
1.99553e+00 2.22703e+00 4.39635e-02
1.99553e+00 2.30483e+00 3.78940e-02
1.99553e+00 2.38282e+00 2.36046e-02
1.99553e+00 2.46093e+00 1.53985e-03
1.99553e+00 2.53907e+00 -2.63856e-02
1.99553e+00 2.61718e+00 -5.68565e-02
1.99553e+00 2.69517e+00 -8.56645e-02
1.99553e+00 2.77297e+00 -1.08626e-01
1.99553e+00 2.85051e+00 -1.22665e-01
1.99553e+00 2.92770e+00 -1.26653e-01
1.99553e+00 3.00447e+00 -1.21585e-01
1.99553e+00 3.08076e+00 -1.10007e-01
1.99553e+00 3.15647e+00 -9.49799e-02
1.99553e+00 3.23154e+00 -7.91292e-02
1.99553e+00 3.30590e+00 -6.41751e-02
1.99553e+00 3.37947e+00 -5.09659e-02
1.99553e+00 3.45218e+00 -3.97636e-02
1.99553e+00 3.52396e+00 -3.05244e-02
1.99553e+00 3.59474e+00 -2.30721e-02
1.99553e+00 3.66445e+00 -1.71806e-02
1.99553e+00 3.73303e+00 -1.26106e-02
1.99553e+00 3.80040e+00 -9.12984e-03
1.99553e+00 3.86649e+00 -6.52439e-03
1.99553e+00 3.93125e+00 -4.60615e-03
1.99553e+00 3.99462e+00 -3.21567e-03
1.99553e+00 4.05652e+00 -2.22231e-03
1.99553e+00 4.11690e+00 -1.52208e-03
1.99553e+00 4.17571e+00 -1.03448e-03
1.99553e+00 4.23287e+00 -6.98619e-04
1.99553e+00 4.28835e+00 -4.69482e-04
1.99553e+00 4.34207e+00 -3.14423e-04
1.99553e+00 4.39400e+00 -2.10192e-04
1.99553e+00 4.44407e+00 -1.40488e-04
1.99553e+00 4.49224e+00 -9.40423e-05
1.99553e+00 4.53847e+00 -6.31573e-05
1.99553e+00 4.58271e+00 -4.26296e-05
1.99553e+00 4.62491e+00 -2.89711e-05
1.99553e+00 4.66504e+00 -1.98594e-05
1.99553e+00 4.70305e+00 -1.37561e-05
1.99553e+00 4.73890e+00 -9.64549e-06
1.99553e+00 4.77257e+00 -6.85824e-06
1.99553e+00 4.80402e+00 -4.95337e-06
1.99553e+00 4.83322e+00 -3.64002e-06
1.99553e+00 4.86014e+00 -2.72591e-06
1.99553e+00 4.88475e+00 -2.08340e-06
1.99553e+00 4.90703e+00 -1.62743e-06
1.99553e+00 4.92696e+00 -1.30097e-06
1.99553e+00 4.94452e+00 -1.06558e-06
1.99553e+00 4.95969e+00 -8.95207e-07
1.99553e+00 4.97246e+00 -7.72131e-07
1.99553e+00 4.98281e+00 -6.84285e-07
1.99553e+00 4.99074e+00 -6.23516e-07
1.99553e+00 4.99623e+00 -5.84444e-07
1.99553e+00 4.99928e+00 -5.63729e-07
2.07230e+00 7.15683e-04 -2.83861e-08
2.07230e+00 3.77012e-03 -7.87724e-07
2.07230e+00 9.26216e-03 -4.75428e-06
2.07230e+00 1.71877e-02 -1.63713e-05
2.07230e+00 2.75390e-02 -4.20269e-05
2.07230e+00 4.03061e-02 -9.00194e-05
2.07230e+00 5.54766e-02 -1.70510e-04
2.07230e+00 7.30356e-02 -2.95462e-04
2.07230e+00 9.29659e-02 -4.78559e-04
2.07230e+00 1.15248e-01 -7.35110e-04
2.07230e+00 1.39860e-01 -1.08192e-03
2.07230e+00 1.66779e-01 -1.53717e-03
2.07230e+00 1.95977e-01 -2.12017e-03
2.07230e+00 2.27426e-01 -2.85123e-03
2.07230e+00 2.61096e-01 -3.75131e-03
2.07230e+00 2.96953e-01 -4.84176e-03
2.07230e+00 3.34963e-01 -6.14386e-03
2.07230e+00 3.75089e-01 -7.67838e-03
2.07230e+00 4.17290e-01 -9.46497e-03
2.07230e+00 4.61527e-01 -1.15214e-02
2.07230e+00 5.07755e-01 -1.38627e-02
2.07230e+00 5.55930e-01 -1.64999e-02
2.07230e+00 6.06005e-01 -1.94389e-02
2.07230e+00 6.57930e-01 -2.26787e-02
2.07230e+00 7.11655e-01 -2.62094e-02
2.07230e+00 7.67127e-01 -3.00099e-02
2.07230e+00 8.24292e-01 -3.40453e-02
2.07230e+00 8.83095e-01 -3.82641e-02
2.07230e+00 9.43478e-01 -4.25946e-02
2.07230e+00 1.00538e+00 -4.69415e-02
2.07230e+00 1.06875e+00 -5.11833e-02
2.07230e+00 1.13351e+00 -5.51687e-02
2.07230e+00 1.19960e+00 -5.87156e-02
2.07230e+00 1.26697e+00 -6.16106e-02
2.07230e+00 1.33555e+00 -6.36125e-02
2.07230e+00 1.40526e+00 -6.44591e-02
2.07230e+00 1.47604e+00 -6.38814e-02
2.07230e+00 1.54782e+00 -6.16248e-02
2.07230e+00 1.62053e+00 -5.74827e-02
2.07230e+00 1.69410e+00 -5.13430e-02
2.07230e+00 1.76846e+00 -4.32493e-02
2.07230e+00 1.84353e+00 -3.34743e-02
2.07230e+00 1.91924e+00 -2.25972e-02
2.07230e+00 1.99553e+00 -1.15639e-02
2.07230e+00 2.07230e+00 -1.69806e-03
2.07230e+00 2.14949e+00 5.37542e-03
2.07230e+00 2.22703e+00 7.92872e-03
2.07230e+00 2.30483e+00 4.45535e-03
2.07230e+00 2.38282e+00 -5.91683e-03
2.07230e+00 2.46093e+00 -2.30142e-02
2.07230e+00 2.53907e+00 -4.53435e-02
2.07230e+00 2.61718e+00 -7.01111e-02
2.07230e+00 2.69517e+00 -9.36482e-02
2.07230e+00 2.77297e+00 -1.12227e-01
2.07230e+00 2.85051e+00 -1.23050e-01
2.07230e+00 2.92770e+00 -1.25033e-01
2.07230e+00 3.00447e+00 -1.19005e-01
2.07230e+00 3.08076e+00 -1.07218e-01
2.07230e+00 3.15647e+00 -9.24155e-02
2.07230e+00 3.23154e+00 -7.69728e-02
2.07230e+00 3.30590e+00 -6.24552e-02
2.07230e+00 3.37947e+00 -4.96385e-02
2.07230e+00 3.45218e+00 -3.87619e-02
2.07230e+00 3.52396e+00 -2.97821e-02
2.07230e+00 3.59474e+00 -2.25310e-02
2.07230e+00 3.66445e+00 -1.67922e-02
2.07230e+00 3.73303e+00 -1.23360e-02
2.07230e+00 3.80040e+00 -8.93843e-03
2.07230e+00 3.86649e+00 -6.39276e-03
2.07230e+00 3.93125e+00 -4.51675e-03
2.07230e+00 3.99462e+00 -3.15565e-03
2.07230e+00 4.05652e+00 -2.18243e-03
2.07230e+00 4.11690e+00 -1.49583e-03
2.07230e+00 4.17571e+00 -1.01732e-03
2.07230e+00 4.23287e+00 -6.87483e-04
2.07230e+00 4.28835e+00 -4.62287e-04
2.07230e+00 4.34207e+00 -3.09790e-04
2.07230e+00 4.39400e+00 -2.07213e-04
2.07230e+00 4.44407e+00 -1.38572e-04
2.07230e+00 4.49224e+00 -9.28072e-05
2.07230e+00 4.53847e+00 -6.23582e-05
2.07230e+00 4.58271e+00 -4.21095e-05
2.07230e+00 4.62491e+00 -2.86300e-05
2.07230e+00 4.66504e+00 -1.96335e-05
2.07230e+00 4.70305e+00 -1.36047e-05
2.07230e+00 4.73890e+00 -9.54271e-06
2.07230e+00 4.77257e+00 -6.78737e-06
2.07230e+00 4.80402e+00 -4.90365e-06
2.07230e+00 4.83322e+00 -3.60448e-06
2.07230e+00 4.86014e+00 -2.69996e-06
2.07230e+00 4.88475e+00 -2.06404e-06
2.07230e+00 4.90703e+00 -1.61263e-06
2.07230e+00 4.92696e+00 -1.28937e-06
2.07230e+00 4.94452e+00 -1.05625e-06
2.07230e+00 4.95969e+00 -8.87487e-07
2.07230e+00 4.97246e+00 -7.65559e-07
2.07230e+00 4.98281e+00 -6.78522e-07
2.07230e+00 4.99074e+00 -6.18308e-07
2.07230e+00 4.99623e+00 -5.79590e-07
2.07230e+00 4.99928e+00 -5.59062e-07
2.14949e+00 7.15683e-04 -2.99459e-08
2.14949e+00 3.77012e-03 -8.31011e-07
2.14949e+00 9.26216e-03 -5.01554e-06
2.14949e+00 1.71877e-02 -1.72711e-05
2.14949e+00 2.75390e-02 -4.43371e-05
2.14949e+00 4.03061e-02 -9.49696e-05
2.14949e+00 5.54766e-02 -1.79892e-04
2.14949e+00 7.30356e-02 -3.11735e-04
2.14949e+00 9.29659e-02 -5.04955e-04
2.14949e+00 1.15248e-01 -7.75739e-04
2.14949e+00 1.39860e-01 -1.14189e-03
2.14949e+00 1.66779e-01 -1.62267e-03
2.14949e+00 1.95977e-01 -2.23865e-03
2.14949e+00 2.27426e-01 -3.01151e-03
2.14949e+00 2.61096e-01 -3.96374e-03
2.14949e+00 2.96953e-01 -5.11840e-03
2.14949e+00 3.34963e-01 -6.49874e-03
2.14949e+00 3.75089e-01 -8.12772e-03
2.14949e+00 4.17290e-01 -1.00275e-02
2.14949e+00 4.61527e-01 -1.22188e-02
2.14949e+00 5.07755e-01 -1.47199e-02
2.14949e+00 5.55930e-01 -1.75458e-02
2.14949e+00 6.06005e-01 -2.07071e-02
2.14949e+00 6.57930e-01 -2.42081e-02
2.14949e+00 7.11655e-01 -2.80453e-02
2.14949e+00 7.67127e-01 -3.22052e-02
2.14949e+00 8.24292e-01 -3.66619e-02
2.14949e+00 8.83095e-01 -4.13744e-02
2.14949e+00 9.43478e-01 -4.62833e-02
2.14949e+00 1.00538e+00 -5.13079e-02
2.14949e+00 1.06875e+00 -5.63433e-02
2.14949e+00 1.13351e+00 -6.12572e-02
2.14949e+00 1.19960e+00 -6.58884e-02
2.14949e+00 1.26697e+00 -7.00466e-02
2.14949e+00 1.33555e+00 -7.35141e-02
2.14949e+00 1.40526e+00 -7.60517e-02
2.14949e+00 1.47604e+00 -7.74091e-02
2.14949e+00 1.54782e+00 -7.73426e-02
2.14949e+00 1.62053e+00 -7.56412e-02
2.14949e+00 1.69410e+00 -7.21634e-02
2.14949e+00 1.76846e+00 -6.68862e-02
2.14949e+00 1.84353e+00 -5.99645e-02
2.14949e+00 1.91924e+00 -5.17970e-02
2.14949e+00 1.99553e+00 -4.30842e-02
2.14949e+00 2.07230e+00 -3.48555e-02
2.14949e+00 2.14949e+00 -2.84308e-02
2.14949e+00 2.22703e+00 -2.52813e-02
2.14949e+00 2.30483e+00 -2.67690e-02
2.14949e+00 2.38282e+00 -3.37863e-02
2.14949e+00 2.46093e+00 -4.63701e-02
2.14949e+00 2.53907e+00 -6.34181e-02
2.14949e+00 2.61718e+00 -8.26591e-02
2.14949e+00 2.69517e+00 -1.00991e-01
2.14949e+00 2.77297e+00 -1.15184e-01
2.14949e+00 2.85051e+00 -1.22764e-01
2.14949e+00 2.92770e+00 -1.22727e-01
2.14949e+00 3.00447e+00 -1.15757e-01
2.14949e+00 3.08076e+00 -1.03808e-01
2.14949e+00 3.15647e+00 -8.93016e-02
2.14949e+00 3.23154e+00 -7.43479e-02
2.14949e+00 3.30590e+00 -6.03472e-02
2.14949e+00 3.37947e+00 -4.79966e-02
2.14949e+00 3.45218e+00 -3.75103e-02
2.14949e+00 3.52396e+00 -2.88446e-02
2.14949e+00 3.59474e+00 -2.18398e-02
2.14949e+00 3.66445e+00 -1.62903e-02
2.14949e+00 3.73303e+00 -1.19768e-02
2.14949e+00 3.80040e+00 -8.68488e-03
2.14949e+00 3.86649e+00 -6.21609e-03
2.14949e+00 3.93125e+00 -4.39513e-03
2.14949e+00 3.99462e+00 -3.07286e-03
2.14949e+00 4.05652e+00 -2.12662e-03
2.14949e+00 4.11690e+00 -1.45853e-03
2.14949e+00 4.17571e+00 -9.92588e-04
2.14949e+00 4.23287e+00 -6.71174e-04
2.14949e+00 4.28835e+00 -4.51582e-04
2.14949e+00 4.34207e+00 -3.02784e-04
2.14949e+00 4.39400e+00 -2.02633e-04
2.14949e+00 4.44407e+00 -1.35578e-04
2.14949e+00 4.49224e+00 -9.08450e-05
2.14949e+00 4.53847e+00 -6.10672e-05
2.14949e+00 4.58271e+00 -4.12552e-05
2.14949e+00 4.62491e+00 -2.80603e-05
2.14949e+00 4.66504e+00 -1.92500e-05
2.14949e+00 4.70305e+00 -1.33437e-05
2.14949e+00 4.73890e+00 -9.36261e-06
2.14949e+00 4.77257e+00 -6.66126e-06
2.14949e+00 4.80402e+00 -4.81387e-06
2.14949e+00 4.83322e+00 -3.53938e-06
2.14949e+00 4.86014e+00 -2.65182e-06
2.14949e+00 4.88475e+00 -2.02765e-06
2.14949e+00 4.90703e+00 -1.58450e-06
2.14949e+00 4.92696e+00 -1.26709e-06
2.14949e+00 4.94452e+00 -1.03814e-06
2.14949e+00 4.95969e+00 -8.72383e-07
2.14949e+00 4.97246e+00 -7.52608e-07
2.14949e+00 4.98281e+00 -6.67099e-07
2.14949e+00 4.99074e+00 -6.07937e-07
2.14949e+00 4.99623e+00 -5.69893e-07
2.14949e+00 4.99928e+00 -5.49723e-07
2.22703e+00 7.15683e-04 -3.11219e-08
2.22703e+00 3.77012e-03 -8.63644e-07
2.22703e+00 9.26216e-03 -5.21251e-06
2.22703e+00 1.71877e-02 -1.79494e-05
2.22703e+00 2.75390e-02 -4.60788e-05
2.22703e+00 4.03061e-02 -9.87016e-05
2.22703e+00 5.54766e-02 -1.86966e-04
2.22703e+00 7.30356e-02 -3.24007e-04
2.22703e+00 9.29659e-02 -5.24862e-04
2.22703e+00 1.15248e-01 -8.06386e-04
2.22703e+00 1.39860e-01 -1.18713e-03
2.22703e+00 1.66779e-01 -1.68720e-03
2.22703e+00 1.95977e-01 -2.32812e-03
2.22703e+00 2.27426e-01 -3.13260e-03
2.22703e+00 2.61096e-01 -4.12434e-03
2.22703e+00 2.96953e-01 -5.32774e-03
2.22703e+00 3.34963e-01 -6.76756e-03
2.22703e+00 3.75089e-01 -8.46851e-03
2.22703e+00 4.17290e-01 -1.04548e-02
2.22703e+00 4.61527e-01 -1.27493e-02
2.22703e+00 5.07755e-01 -1.53734e-02
2.22703e+00 5.55930e-01 -1.83450e-02
2.22703e+00 6.06005e-01 -2.16787e-02
2.22703e+00 6.57930e-01 -2.53833e-02
2.22703e+00 7.11655e-01 -2.94607e-02
2.22703e+00 7.67127e-01 -3.39040e-02
2.22703e+00 8.24292e-01 -3.86950e-02
2.22703e+00 8.83095e-01 -4.38017e-02
2.22703e+00 9.43478e-01 -4.91759e-02
2.22703e+00 1.00538e+00 -5.47494e-02
2.22703e+00 1.06875e+00 -6.04321e-02
2.22703e+00 1.13351e+00 -6.61086e-02
2.22703e+00 1.19960e+00 -7.16368e-02
2.22703e+00 1.26697e+00 -7.68469e-02
2.22703e+00 1.33555e+00 -8.15429e-02
2.22703e+00 1.40526e+00 -8.55071e-02
2.22703e+00 1.47604e+00 -8.85080e-02
2.22703e+00 1.54782e+00 -9.03148e-02
2.22703e+00 1.62053e+00 -9.07183e-02
2.22703e+00 1.69410e+00 -8.95603e-02
2.22703e+00 1.76846e+00 -8.67722e-02
2.22703e+00 1.84353e+00 -8.24232e-02
2.22703e+00 1.91924e+00 -7.67727e-02
2.22703e+00 1.99553e+00 -7.03210e-02
2.22703e+00 2.07230e+00 -6.38391e-02
2.22703e+00 2.14949e+00 -5.83541e-02
2.22703e+00 2.22703e+00 -5.50569e-02
2.22703e+00 2.30483e+00 -5.51076e-02
2.22703e+00 2.38282e+00 -5.93427e-02
2.22703e+00 2.46093e+00 -6.79359e-02
2.22703e+00 2.53907e+00 -8.01236e-02
2.22703e+00 2.61718e+00 -9.41346e-02
2.22703e+00 2.69517e+00 -1.07441e-01
2.22703e+00 2.77297e+00 -1.17342e-01
2.22703e+00 2.85051e+00 -1.21722e-01
2.22703e+00 2.92770e+00 -1.19698e-01
2.22703e+00 3.00447e+00 -1.11826e-01
2.22703e+00 3.08076e+00 -9.97765e-02
2.22703e+00 3.15647e+00 -8.56410e-02
2.22703e+00 3.23154e+00 -7.12576e-02
2.22703e+00 3.30590e+00 -5.78535e-02
2.22703e+00 3.37947e+00 -4.60420e-02
2.22703e+00 3.45218e+00 -3.60097e-02
2.22703e+00 3.52396e+00 -2.77122e-02
2.22703e+00 3.59474e+00 -2.09986e-02
2.22703e+00 3.66445e+00 -1.56747e-02
2.22703e+00 3.73303e+00 -1.15327e-02
2.22703e+00 3.80040e+00 -8.36885e-03
2.22703e+00 3.86649e+00 -5.99408e-03
2.22703e+00 3.93125e+00 -4.24103e-03
2.22703e+00 3.99462e+00 -2.96706e-03
2.22703e+00 4.05652e+00 -2.05470e-03
2.22703e+00 4.11690e+00 -1.41006e-03
2.22703e+00 4.17571e+00 -9.60166e-04
2.22703e+00 4.23287e+00 -6.49615e-04
2.22703e+00 4.28835e+00 -4.37312e-04
2.22703e+00 4.34207e+00 -2.93366e-04
2.22703e+00 4.39400e+00 -1.96426e-04
2.22703e+00 4.44407e+00 -1.31485e-04
2.22703e+00 4.49224e+00 -8.81415e-05
2.22703e+00 4.53847e+00 -5.92744e-05
2.22703e+00 4.58271e+00 -4.00597e-05
2.22703e+00 4.62491e+00 -2.72571e-05
2.22703e+00 4.66504e+00 -1.87054e-05
2.22703e+00 4.70305e+00 -1.29703e-05
2.22703e+00 4.73890e+00 -9.10338e-06
2.22703e+00 4.77257e+00 -6.47861e-06
2.22703e+00 4.80402e+00 -4.68306e-06
2.22703e+00 4.83322e+00 -3.44401e-06
2.22703e+00 4.86014e+00 -2.58090e-06
2.22703e+00 4.88475e+00 -1.97381e-06
2.22703e+00 4.90703e+00 -1.54269e-06
2.22703e+00 4.92696e+00 -1.23384e-06
2.22703e+00 4.94452e+00 -1.01103e-06
2.22703e+00 4.95969e+00 -8.49700e-07
2.22703e+00 4.97246e+00 -7.33109e-07
2.22703e+00 4.98281e+00 -6.49866e-07
2.22703e+00 4.99074e+00 -5.92266e-07
2.22703e+00 4.99623e+00 -5.55226e-07
2.22703e+00 4.99928e+00 -5.35586e-07
2.30483e+00 7.15683e-04 -3.19214e-08
2.30483e+00 3.77012e-03 -8.85833e-07
2.30483e+00 9.26216e-03 -5.34643e-06
2.30483e+00 1.71877e-02 -1.84106e-05
2.30483e+00 2.75390e-02 -4.72631e-05
2.30483e+00 4.03061e-02 -1.01240e-04
2.30483e+00 5.54766e-02 -1.91778e-04
2.30483e+00 7.30356e-02 -3.32355e-04
2.30483e+00 9.29659e-02 -5.38409e-04
2.30483e+00 1.15248e-01 -8.27250e-04
2.30483e+00 1.39860e-01 -1.21795e-03
2.30483e+00 1.66779e-01 -1.73119e-03
2.30483e+00 1.95977e-01 -2.38916e-03
2.30483e+00 2.27426e-01 -3.21533e-03
2.30483e+00 2.61096e-01 -4.23422e-03
2.30483e+00 2.96953e-01 -5.47123e-03
2.30483e+00 3.34963e-01 -6.95222e-03
2.30483e+00 3.75089e-01 -8.70322e-03
2.30483e+00 4.17290e-01 -1.07499e-02
2.30483e+00 4.61527e-01 -1.31172e-02
2.30483e+00 5.07755e-01 -1.58283e-02
2.30483e+00 5.55930e-01 -1.89040e-02
2.30483e+00 6.06005e-01 -2.23618e-02
2.30483e+00 6.57930e-01 -2.62144e-02
2.30483e+00 7.11655e-01 -3.04683e-02
2.30483e+00 7.67127e-01 -3.51220e-02
2.30483e+00 8.24292e-01 -4.01640e-02
2.30483e+00 8.83095e-01 -4.55704e-02
2.30483e+00 9.43478e-01 -5.13022e-02
2.30483e+00 1.00538e+00 -5.73027e-02
2.30483e+00 1.06875e+00 -6.34949e-02
2.30483e+00 1.13351e+00 -6.97784e-02
2.30483e+00 1.19960e+00 -7.60283e-02
2.30483e+00 1.26697e+00 -8.20933e-02
2.30483e+00 1.33555e+00 -8.77973e-02
2.30483e+00 1.40526e+00 -9.29421e-02
2.30483e+00 1.47604e+00 -9.73143e-02
2.30483e+00 1.54782e+00 -1.00696e-01
2.30483e+00 1.62053e+00 -1.02884e-01
2.30483e+00 1.69410e+00 -1.03708e-01
2.30483e+00 1.76846e+00 -1.03069e-01
2.30483e+00 1.84353e+00 -1.00971e-01
2.30483e+00 1.91924e+00 -9.75663e-02
2.30483e+00 1.99553e+00 -9.31948e-02
2.30483e+00 2.07230e+00 -8.84123e-02
2.30483e+00 2.14949e+00 -8.39863e-02
2.30483e+00 2.22703e+00 -8.08361e-02
2.30483e+00 2.30483e+00 -7.98951e-02
2.30483e+00 2.38282e+00 -8.18870e-02
2.30483e+00 2.46093e+00 -8.70500e-02
2.30483e+00 2.53907e+00 -9.48912e-02
2.30483e+00 2.61718e+00 -1.04094e-01
2.30483e+00 2.69517e+00 -1.12686e-01
2.30483e+00 2.77297e+00 -1.18505e-01
2.30483e+00 2.85051e+00 -1.19824e-01
2.30483e+00 2.92770e+00 -1.15906e-01
2.30483e+00 3.00447e+00 -1.07211e-01
2.30483e+00 3.08076e+00 -9.51382e-02
2.30483e+00 3.15647e+00 -8.14535e-02
2.30483e+00 3.23154e+00 -6.77207e-02
2.30483e+00 3.30590e+00 -5.49896e-02
2.30483e+00 3.37947e+00 -4.37867e-02
2.30483e+00 3.45218e+00 -3.42693e-02
2.30483e+00 3.52396e+00 -2.63917e-02
2.30483e+00 3.59474e+00 -2.00123e-02
2.30483e+00 3.66445e+00 -1.49489e-02
2.30483e+00 3.73303e+00 -1.10062e-02
2.30483e+00 3.80040e+00 -7.99211e-03
2.30483e+00 3.86649e+00 -5.72795e-03
2.30483e+00 3.93125e+00 -4.05527e-03
2.30483e+00 3.99462e+00 -2.83882e-03
2.30483e+00 4.05652e+00 -1.96703e-03
2.30483e+00 4.11690e+00 -1.35066e-03
2.30483e+00 4.17571e+00 -9.20214e-04
2.30483e+00 4.23287e+00 -6.22907e-04
2.30483e+00 4.28835e+00 -4.19539e-04
2.30483e+00 4.34207e+00 -2.81576e-04
2.30483e+00 4.39400e+00 -1.88617e-04
2.30483e+00 4.44407e+00 -1.26312e-04
2.30483e+00 4.49224e+00 -8.47075e-05
2.30483e+00 4.53847e+00 -5.69868e-05
2.30483e+00 4.58271e+00 -3.85274e-05
2.30483e+00 4.62491e+00 -2.62234e-05
2.30483e+00 4.66504e+00 -1.80017e-05
2.30483e+00 4.70305e+00 -1.24860e-05
2.30483e+00 4.73890e+00 -8.76585e-06
2.30483e+00 4.77257e+00 -6.23997e-06
2.30483e+00 4.80402e+00 -4.51161e-06
2.30483e+00 4.83322e+00 -3.31863e-06
2.30483e+00 4.86014e+00 -2.48743e-06
2.30483e+00 4.88475e+00 -1.90266e-06
2.30483e+00 4.90703e+00 -1.48731e-06
2.30483e+00 4.92696e+00 -1.18971e-06
2.30483e+00 4.94452e+00 -9.74992e-07
2.30483e+00 4.95969e+00 -8.19495e-07
2.30483e+00 4.97246e+00 -7.07110e-07
2.30483e+00 4.98281e+00 -6.26862e-07
2.30483e+00 4.99074e+00 -5.71332e-07
2.30483e+00 4.99623e+00 -5.35621e-07
2.30483e+00 4.99928e+00 -5.16685e-07
2.38282e+00 7.15683e-04 -3.23266e-08
2.38282e+00 3.77012e-03 -8.97078e-07
2.38282e+00 9.26216e-03 -5.41430e-06
2.38282e+00 1.71877e-02 -1.86444e-05
2.38282e+00 2.75390e-02 -4.78634e-05
2.38282e+00 4.03061e-02 -1.02527e-04
2.38282e+00 5.54766e-02 -1.94218e-04
2.38282e+00 7.30356e-02 -3.36592e-04
2.38282e+00 9.29659e-02 -5.45292e-04
2.38282e+00 1.15248e-01 -8.37865e-04
2.38282e+00 1.39860e-01 -1.23365e-03
2.38282e+00 1.66779e-01 -1.75367e-03
2.38282e+00 1.95977e-01 -2.42046e-03
2.38282e+00 2.27426e-01 -3.25790e-03
2.38282e+00 2.61096e-01 -4.29105e-03
2.38282e+00 2.96953e-01 -5.54587e-03
2.38282e+00 3.34963e-01 -7.04896e-03
2.38282e+00 3.75089e-01 -8.82719e-03
2.38282e+00 4.17290e-01 -1.09073e-02
2.38282e+00 4.61527e-01 -1.33155e-02
2.38282e+00 5.07755e-01 -1.60766e-02
2.38282e+00 5.55930e-01 -1.92133e-02
2.38282e+00 6.06005e-01 -2.27457e-02
2.38282e+00 6.57930e-01 -2.66893e-02
2.38282e+00 7.11655e-01 -3.10544e-02
2.38282e+00 7.67127e-01 -3.58442e-02
2.38282e+00 8.24292e-01 -4.10527e-02
2.38282e+00 8.83095e-01 -4.66629e-02
2.38282e+00 9.43478e-01 -5.26442e-02
2.38282e+00 1.00538e+00 -5.89498e-02
2.38282e+00 1.06875e+00 -6.55141e-02
2.38282e+00 1.13351e+00 -7.22505e-02
2.38282e+00 1.19960e+00 -7.90492e-02
2.38282e+00 1.26697e+00 -8.57759e-02
2.38282e+00 1.33555e+00 -9.22726e-02
2.38282e+00 1.40526e+00 -9.83592e-02
2.38282e+00 1.47604e+00 -1.03839e-01
2.38282e+00 1.54782e+00 -1.08508e-01
2.38282e+00 1.62053e+00 -1.12166e-01
2.38282e+00 1.69410e+00 -1.14641e-01
2.38282e+00 1.76846e+00 -1.15806e-01
2.38282e+00 1.84353e+00 -1.15618e-01
2.38282e+00 1.91924e+00 -1.14144e-01
2.38282e+00 1.99553e+00 -1.11596e-01
2.38282e+00 2.07230e+00 -1.08354e-01
2.38282e+00 2.14949e+00 -1.04968e-01
2.38282e+00 2.22703e+00 -1.02116e-01
2.38282e+00 2.30483e+00 -1.00510e-01
2.38282e+00 2.38282e+00 -1.00732e-01
2.38282e+00 2.46093e+00 -1.03029e-01
2.38282e+00 2.53907e+00 -1.07108e-01
2.38282e+00 2.61718e+00 -1.12041e-01
2.38282e+00 2.69517e+00 -1.16370e-01
2.38282e+00 2.77297e+00 -1.18452e-01
2.38282e+00 2.85051e+00 -1.16955e-01
2.38282e+00 2.92770e+00 -1.11317e-01
2.38282e+00 3.00447e+00 -1.01924e-01
2.38282e+00 3.08076e+00 -8.99257e-02
2.38282e+00 3.15647e+00 -7.67769e-02
2.38282e+00 3.23154e+00 -6.37722e-02
2.38282e+00 3.30590e+00 -5.17852e-02
2.38282e+00 3.37947e+00 -4.12544e-02
2.38282e+00 3.45218e+00 -3.23076e-02
2.38282e+00 3.52396e+00 -2.48973e-02
2.38282e+00 3.59474e+00 -1.88915e-02
2.38282e+00 3.66445e+00 -1.41207e-02
2.38282e+00 3.73303e+00 -1.04030e-02
2.38282e+00 3.80040e+00 -7.55871e-03
2.38282e+00 3.86649e+00 -5.42055e-03
2.38282e+00 3.93125e+00 -3.83984e-03
2.38282e+00 3.99462e+00 -2.68951e-03
2.38282e+00 4.05652e+00 -1.86458e-03
2.38282e+00 4.11690e+00 -1.28097e-03
2.38282e+00 4.17571e+00 -8.73167e-04
2.38282e+00 4.23287e+00 -5.91340e-04
2.38282e+00 4.28835e+00 -3.98459e-04
2.38282e+00 4.34207e+00 -2.67544e-04
2.38282e+00 4.39400e+00 -1.79291e-04
2.38282e+00 4.44407e+00 -1.20113e-04
2.38282e+00 4.49224e+00 -8.05804e-05
2.38282e+00 4.53847e+00 -5.42292e-05
2.38282e+00 4.58271e+00 -3.66751e-05
2.38282e+00 4.62491e+00 -2.49703e-05
2.38282e+00 4.66504e+00 -1.71464e-05
2.38282e+00 4.70305e+00 -1.18960e-05
2.38282e+00 4.73890e+00 -8.35371e-06
2.38282e+00 4.77257e+00 -5.94797e-06
2.38282e+00 4.80402e+00 -4.30140e-06
2.38282e+00 4.83322e+00 -3.16462e-06
2.38282e+00 4.86014e+00 -2.37241e-06
2.38282e+00 4.88475e+00 -1.81497e-06
2.38282e+00 4.90703e+00 -1.41897e-06
2.38282e+00 4.92696e+00 -1.13519e-06
2.38282e+00 4.94452e+00 -9.30411e-07
2.38282e+00 4.95969e+00 -7.82098e-07
2.38282e+00 4.97246e+00 -6.74895e-07
2.38282e+00 4.98281e+00 -5.98342e-07
2.38282e+00 4.99074e+00 -5.45365e-07
2.38282e+00 4.99623e+00 -5.11293e-07
2.38282e+00 4.99928e+00 -4.93227e-07
2.46093e+00 7.15683e-04 -3.22983e-08
2.46093e+00 3.77012e-03 -8.96291e-07
2.46093e+00 9.26216e-03 -5.40956e-06
2.46093e+00 1.71877e-02 -1.86281e-05
2.46093e+00 2.75390e-02 -4.78217e-05
2.46093e+00 4.03061e-02 -1.02438e-04
2.46093e+00 5.54766e-02 -1.94053e-04
2.46093e+00 7.30356e-02 -3.36311e-04
2.46093e+00 9.29659e-02 -5.44850e-04
2.46093e+00 1.15248e-01 -8.37218e-04
2.46093e+00 1.39860e-01 -1.23276e-03
2.46093e+00 1.66779e-01 -1.75252e-03
2.46093e+00 1.95977e-01 -2.41908e-03
2.46093e+00 2.27426e-01 -3.25641e-03
2.46093e+00 2.61096e-01 -4.28968e-03
2.46093e+00 2.96953e-01 -5.54504e-03
2.46093e+00 3.34963e-01 -7.04937e-03
2.46093e+00 3.75089e-01 -8.82994e-03
2.46093e+00 4.17290e-01 -1.09141e-02
2.46093e+00 4.61527e-01 -1.33286e-02
2.46093e+00 5.07755e-01 -1.60994e-02
2.46093e+00 5.55930e-01 -1.92507e-02
2.46093e+00 6.06005e-01 -2.28040e-02
2.46093e+00 6.57930e-01 -2.67773e-02
2.46093e+00 7.11655e-01 -3.11838e-02
2.46093e+00 7.67127e-01 -3.60303e-02
2.46093e+00 8.24292e-01 -4.13155e-02
2.46093e+00 8.83095e-01 -4.70283e-02
2.46093e+00 9.43478e-01 -5.31451e-02
2.46093e+00 1.00538e+00 -5.96277e-02
2.46093e+00 1.06875e+00 -6.64210e-02
2.46093e+00 1.13351e+00 -7.34503e-02
2.46093e+00 1.19960e+00 -8.06196e-02
2.46093e+00 1.26697e+00 -8.78102e-02
2.46093e+00 1.33555e+00 -9.48803e-02
2.46093e+00 1.40526e+00 -1.01667e-01
2.46093e+00 1.47604e+00 -1.07988e-01
2.46093e+00 1.54782e+00 -1.13654e-01
2.46093e+00 1.62053e+00 -1.18471e-01
2.46093e+00 1.69410e+00 -1.22263e-01
2.46093e+00 1.76846e+00 -1.24886e-01
2.46093e+00 1.84353e+00 -1.26258e-01
2.46093e+00 1.91924e+00 -1.26377e-01
2.46093e+00 1.99553e+00 -1.25355e-01
2.46093e+00 2.07230e+00 -1.23430e-01
2.46093e+00 2.14949e+00 -1.20974e-01
2.46093e+00 2.22703e+00 -1.18463e-01
2.46093e+00 2.30483e+00 -1.16411e-01
2.46093e+00 2.38282e+00 -1.15263e-01
2.46093e+00 2.46093e+00 -1.15238e-01
2.46093e+00 2.53907e+00 -1.16182e-01
2.46093e+00 2.61718e+00 -1.17482e-01
2.46093e+00 2.69517e+00 -1.18127e-01
2.46093e+00 2.77297e+00 -1.16952e-01
2.46093e+00 2.85051e+00 -1.13006e-01
2.46093e+00 2.92770e+00 -1.05906e-01
2.46093e+00 3.00447e+00 -9.59912e-02
2.46093e+00 3.08076e+00 -8.41896e-02
2.46093e+00 3.15647e+00 -7.16672e-02
2.46093e+00 3.23154e+00 -5.94638e-02
2.46093e+00 3.30590e+00 -4.82836e-02
2.46093e+00 3.37947e+00 -3.84802e-02
2.46093e+00 3.45218e+00 -3.01518e-02
2.46093e+00 3.52396e+00 -2.32500e-02
2.46093e+00 3.59474e+00 -1.76521e-02
2.46093e+00 3.66445e+00 -1.32021e-02
2.46093e+00 3.73303e+00 -9.73186e-03
2.46093e+00 3.80040e+00 -7.07501e-03
2.46093e+00 3.86649e+00 -5.07643e-03
2.46093e+00 3.93125e+00 -3.59797e-03
2.46093e+00 3.99462e+00 -2.52138e-03
2.46093e+00 4.05652e+00 -1.74887e-03
2.46093e+00 4.11690e+00 -1.20205e-03
2.46093e+00 4.17571e+00 -8.19742e-04
2.46093e+00 4.23287e+00 -5.55400e-04
2.46093e+00 4.28835e+00 -3.74397e-04
2.46093e+00 4.34207e+00 -2.51487e-04
2.46093e+00 4.39400e+00 -1.68594e-04
2.46093e+00 4.44407e+00 -1.12987e-04
2.46093e+00 4.49224e+00 -7.58253e-05
2.46093e+00 4.53847e+00 -5.10453e-05
2.46093e+00 4.58271e+00 -3.45322e-05
2.46093e+00 4.62491e+00 -2.35179e-05
2.46093e+00 4.66504e+00 -1.61534e-05
2.46093e+00 4.70305e+00 -1.12098e-05
2.46093e+00 4.73890e+00 -7.87361e-06
2.46093e+00 4.77257e+00 -5.60730e-06
2.46093e+00 4.80402e+00 -4.05583e-06
2.46093e+00 4.83322e+00 -2.98447e-06
2.46093e+00 4.86014e+00 -2.23772e-06
2.46093e+00 4.88475e+00 -1.71218e-06
2.46093e+00 4.90703e+00 -1.33878e-06
2.46093e+00 4.92696e+00 -1.07116e-06
2.46093e+00 4.94452e+00 -8.78022e-07
2.46093e+00 4.95969e+00 -7.38124e-07
2.46093e+00 4.97246e+00 -6.36994e-07
2.46093e+00 4.98281e+00 -5.64772e-07
2.46093e+00 4.99074e+00 -5.14790e-07
2.46093e+00 4.99623e+00 -4.82644e-07
2.46093e+00 4.99928e+00 -4.65597e-07
2.53907e+00 7.15683e-04 -3.17865e-08
2.53907e+00 3.77012e-03 -8.82090e-07
2.53907e+00 9.26216e-03 -5.32385e-06
2.53907e+00 1.71877e-02 -1.83329e-05
2.53907e+00 2.75390e-02 -4.70642e-05
2.53907e+00 4.03061e-02 -1.00816e-04
2.53907e+00 5.54766e-02 -1.90982e-04
2.53907e+00 7.30356e-02 -3.30993e-04
2.53907e+00 9.29659e-02 -5.36246e-04
2.53907e+00 1.15248e-01 -8.24020e-04
2.53907e+00 1.39860e-01 -1.21338e-03
2.53907e+00 1.66779e-01 -1.72505e-03
2.53907e+00 1.95977e-01 -2.38132e-03
2.53907e+00 2.27426e-01 -3.20585e-03
2.53907e+00 2.61096e-01 -4.22352e-03
2.53907e+00 2.96953e-01 -5.46025e-03
2.53907e+00 3.34963e-01 -6.94269e-03
2.53907e+00 3.75089e-01 -8.69803e-03
2.53907e+00 4.17290e-01 -1.07536e-02
2.53907e+00 4.61527e-01 -1.31364e-02
2.53907e+00 5.07755e-01 -1.58726e-02
2.53907e+00 5.55930e-01 -1.89872e-02
2.53907e+00 6.06005e-01 -2.25027e-02
2.53907e+00 6.57930e-01 -2.64387e-02
2.53907e+00 7.11655e-01 -3.08103e-02
2.53907e+00 7.67127e-01 -3.56272e-02
2.53907e+00 8.24292e-01 -4.08920e-02
2.53907e+00 8.83095e-01 -4.65980e-02
2.53907e+00 9.43478e-01 -5.27278e-02
2.53907e+00 1.00538e+00 -5.92507e-02
2.53907e+00 1.06875e+00 -6.61205e-02
2.53907e+00 1.13351e+00 -7.32732e-02
2.53907e+00 1.19960e+00 -8.06254e-02
2.53907e+00 1.26697e+00 -8.80722e-02
2.53907e+00 1.33555e+00 -9.54871e-02
2.53907e+00 1.40526e+00 -1.02723e-01
2.53907e+00 1.47604e+00 -1.09613e-01
2.53907e+00 1.54782e+00 -1.15979e-01
2.53907e+00 1.62053e+00 -1.21636e-01
2.53907e+00 1.69410e+00 -1.26408e-01
2.53907e+00 1.76846e+00 -1.30139e-01
2.53907e+00 1.84353e+00 -1.32714e-01
2.53907e+00 1.91924e+00 -1.34082e-01
2.53907e+00 1.99553e+00 -1.34272e-01
2.53907e+00 2.07230e+00 -1.33410e-01
2.53907e+00 2.14949e+00 -1.31727e-01
2.53907e+00 2.22703e+00 -1.29534e-01
2.53907e+00 2.30483e+00 -1.27188e-01
2.53907e+00 2.38282e+00 -1.25007e-01
2.53907e+00 2.46093e+00 -1.23174e-01
2.53907e+00 2.53907e+00 -1.21627e-01
2.53907e+00 2.61718e+00 -1.19998e-01
2.53907e+00 2.69517e+00 -1.17646e-01
2.53907e+00 2.77297e+00 -1.13813e-01
2.53907e+00 2.85051e+00 -1.07890e-01
2.53907e+00 2.92770e+00 -9.96696e-02
2.53907e+00 3.00447e+00 -8.94607e-02
2.53907e+00 3.08076e+00 -7.80006e-02
2.53907e+00 3.15647e+00 -6.61983e-02
2.53907e+00 3.23154e+00 -5.48623e-02
2.53907e+00 3.30590e+00 -4.45413e-02
2.53907e+00 3.37947e+00 -3.55095e-02
2.53907e+00 3.45218e+00 -2.78381e-02
2.53907e+00 3.52396e+00 -2.14775e-02
2.53907e+00 3.59474e+00 -1.63153e-02
2.53907e+00 3.66445e+00 -1.22089e-02
2.53907e+00 3.73303e+00 -9.00440e-03
2.53907e+00 3.80040e+00 -6.54949e-03
2.53907e+00 3.86649e+00 -4.70169e-03
2.53907e+00 3.93125e+00 -3.33397e-03
2.53907e+00 3.99462e+00 -2.33745e-03
2.53907e+00 4.05652e+00 -1.62203e-03
2.53907e+00 4.11690e+00 -1.11535e-03
2.53907e+00 4.17571e+00 -7.60927e-04
2.53907e+00 4.23287e+00 -5.15755e-04
2.53907e+00 4.28835e+00 -3.47804e-04
2.53907e+00 4.34207e+00 -2.33708e-04
2.53907e+00 4.39400e+00 -1.56729e-04
2.53907e+00 4.44407e+00 -1.05069e-04
2.53907e+00 4.49224e+00 -7.05334e-05
2.53907e+00 4.53847e+00 -4.74966e-05
2.53907e+00 4.58271e+00 -3.21402e-05
2.53907e+00 4.62491e+00 -2.18945e-05
2.53907e+00 4.66504e+00 -1.50419e-05
2.53907e+00 4.70305e+00 -1.04408e-05
2.53907e+00 4.73890e+00 -7.33499e-06
2.53907e+00 4.77257e+00 -5.22472e-06
2.53907e+00 4.80402e+00 -3.77977e-06
2.53907e+00 4.83322e+00 -2.78178e-06
2.53907e+00 4.86014e+00 -2.08605e-06
2.53907e+00 4.88475e+00 -1.59634e-06
2.53907e+00 4.90703e+00 -1.24835e-06
2.53907e+00 4.92696e+00 -9.98912e-07
2.53907e+00 4.94452e+00 -8.18876e-07
2.53907e+00 4.95969e+00 -6.88456e-07
2.53907e+00 4.97246e+00 -5.94170e-07
2.53907e+00 4.98281e+00 -5.26831e-07
2.53907e+00 4.99074e+00 -4.80226e-07
2.53907e+00 4.99623e+00 -4.50250e-07
2.53907e+00 4.99928e+00 -4.34355e-07
2.61718e+00 7.15683e-04 -3.07479e-08
2.61718e+00 3.77012e-03 -8.53266e-07
2.61718e+00 9.26216e-03 -5.14989e-06
2.61718e+00 1.71877e-02 -1.77339e-05
2.61718e+00 2.75390e-02 -4.55265e-05
2.61718e+00 4.03061e-02 -9.75222e-05
2.61718e+00 5.54766e-02 -1.84744e-04
2.61718e+00 7.30356e-02 -3.20185e-04
2.61718e+00 9.29659e-02 -5.18744e-04
2.61718e+00 1.15248e-01 -7.97144e-04
2.61718e+00 1.39860e-01 -1.17384e-03
2.61718e+00 1.66779e-01 -1.66890e-03
2.61718e+00 1.95977e-01 -2.30393e-03
2.61718e+00 2.27426e-01 -3.10186e-03
2.61718e+00 2.61096e-01 -4.08686e-03
2.61718e+00 2.96953e-01 -5.28409e-03
2.61718e+00 3.34963e-01 -6.71954e-03
2.61718e+00 3.75089e-01 -8.41973e-03
2.61718e+00 4.17290e-01 -1.04114e-02
2.61718e+00 4.61527e-01 -1.27212e-02
2.61718e+00 5.07755e-01 -1.53750e-02
2.61718e+00 5.55930e-01 -1.83977e-02
2.61718e+00 6.06005e-01 -2.18122e-02
2.61718e+00 6.57930e-01 -2.56388e-02
2.61718e+00 7.11655e-01 -2.98939e-02
2.61718e+00 7.67127e-01 -3.45891e-02
2.61718e+00 8.24292e-01 -3.97296e-02
2.61718e+00 8.83095e-01 -4.53126e-02
2.61718e+00 9.43478e-01 -5.13256e-02
2.61718e+00 1.00538e+00 -5.77442e-02
2.61718e+00 1.06875e+00 -6.45299e-02
2.61718e+00 1.13351e+00 -7.16283e-02
2.61718e+00 1.19960e+00 -7.89670e-02
2.61718e+00 1.26697e+00 -8.64541e-02
2.61718e+00 1.33555e+00 -9.39769e-02
2.61718e+00 1.40526e+00 -1.01403e-01
2.61718e+00 1.47604e+00 -1.08581e-01
2.61718e+00 1.54782e+00 -1.15345e-01
2.61718e+00 1.62053e+00 -1.21521e-01
2.61718e+00 1.69410e+00 -1.26933e-01
2.61718e+00 1.76846e+00 -1.31419e-01
2.61718e+00 1.84353e+00 -1.34845e-01
2.61718e+00 1.91924e+00 -1.37118e-01
2.61718e+00 1.99553e+00 -1.38206e-01
2.61718e+00 2.07230e+00 -1.38150e-01
2.61718e+00 2.14949e+00 -1.37068e-01
2.61718e+00 2.22703e+00 -1.35148e-01
2.61718e+00 2.30483e+00 -1.32620e-01
2.61718e+00 2.38282e+00 -1.29705e-01
2.61718e+00 2.46093e+00 -1.26549e-01
2.61718e+00 2.53907e+00 -1.23154e-01
2.61718e+00 2.61718e+00 -1.19334e-01
2.61718e+00 2.69517e+00 -1.14733e-01
2.61718e+00 2.77297e+00 -1.08924e-01
2.61718e+00 2.85051e+00 -1.01580e-01
2.61718e+00 2.92770e+00 -9.26438e-02
2.61718e+00 3.00447e+00 -8.24073e-02
2.61718e+00 3.08076e+00 -7.14495e-02
2.61718e+00 3.15647e+00 -6.04605e-02
2.61718e+00 3.23154e+00 -5.00485e-02
2.61718e+00 3.30590e+00 -4.06260e-02
2.61718e+00 3.37947e+00 -3.23972e-02
2.61718e+00 3.45218e+00 -2.54095e-02
2.61718e+00 3.52396e+00 -1.96135e-02
2.61718e+00 3.59474e+00 -1.49067e-02
2.61718e+00 3.66445e+00 -1.11602e-02
2.61718e+00 3.73303e+00 -8.23485e-03
2.61718e+00 3.80040e+00 -5.99251e-03
2.61718e+00 3.86649e+00 -4.30378e-03
2.61718e+00 3.93125e+00 -3.05314e-03
2.61718e+00 3.99462e+00 -2.14147e-03
2.61718e+00 4.05652e+00 -1.48663e-03
2.61718e+00 4.11690e+00 -1.02264e-03
2.61718e+00 4.17571e+00 -6.97942e-04
2.61718e+00 4.23287e+00 -4.73233e-04
2.61718e+00 4.28835e+00 -3.19238e-04
2.61718e+00 4.34207e+00 -2.14583e-04
2.61718e+00 4.39400e+00 -1.43948e-04
2.61718e+00 4.44407e+00 -9.65298e-05
2.61718e+00 4.49224e+00 -6.48188e-05
2.61718e+00 4.53847e+00 -4.36599e-05
2.61718e+00 4.58271e+00 -2.95513e-05
2.61718e+00 4.62491e+00 -2.01355e-05
2.61718e+00 4.66504e+00 -1.38365e-05
2.61718e+00 4.70305e+00 -9.60601e-06
2.61718e+00 4.73890e+00 -6.74980e-06
2.61718e+00 4.77257e+00 -4.80872e-06
2.61718e+00 4.80402e+00 -3.47937e-06
2.61718e+00 4.83322e+00 -2.56107e-06
2.61718e+00 4.86014e+00 -1.92080e-06
2.61718e+00 4.88475e+00 -1.47006e-06
2.61718e+00 4.90703e+00 -1.14972e-06
2.61718e+00 4.92696e+00 -9.20076e-07
2.61718e+00 4.94452e+00 -7.54311e-07
2.61718e+00 4.95969e+00 -6.34219e-07
2.61718e+00 4.97246e+00 -5.47393e-07
2.61718e+00 4.98281e+00 -4.85379e-07
2.61718e+00 4.99074e+00 -4.42457e-07
2.61718e+00 4.99623e+00 -4.14849e-07
2.61718e+00 4.99928e+00 -4.00209e-07
2.69517e+00 7.15683e-04 -2.91661e-08
2.69517e+00 3.77012e-03 -8.09371e-07
2.69517e+00 9.26216e-03 -4.88496e-06
2.69517e+00 1.71877e-02 -1.68216e-05
2.69517e+00 2.75390e-02 -4.31846e-05
2.69517e+00 4.03061e-02 -9.25059e-05
2.69517e+00 5.54766e-02 -1.75242e-04
2.69517e+00 7.30356e-02 -3.03719e-04
2.69517e+00 9.29659e-02 -4.92073e-04
2.69517e+00 1.15248e-01 -7.56171e-04
2.69517e+00 1.39860e-01 -1.11353e-03
2.69517e+00 1.66779e-01 -1.58321e-03
2.69517e+00 1.95977e-01 -2.18570e-03
2.69517e+00 2.27426e-01 -2.94284e-03
2.69517e+00 2.61096e-01 -3.87757e-03
2.69517e+00 2.96953e-01 -5.01388e-03
2.69517e+00 3.34963e-01 -6.37652e-03
2.69517e+00 3.75089e-01 -7.99083e-03
2.69517e+00 4.17290e-01 -9.88242e-03
2.69517e+00 4.61527e-01 -1.20768e-02
2.69517e+00 5.07755e-01 -1.45992e-02
2.69517e+00 5.55930e-01 -1.74735e-02
2.69517e+00 6.06005e-01 -2.07224e-02
2.69517e+00 6.57930e-01 -2.43661e-02
2.69517e+00 7.11655e-01 -2.84214e-02
2.69517e+00 7.67127e-01 -3.29010e-02
2.69517e+00 8.24292e-01 -3.78119e-02
2.69517e+00 8.83095e-01 -4.31541e-02
2.69517e+00 9.43478e-01 -4.89189e-02
2.69517e+00 1.00538e+00 -5.50871e-02
2.69517e+00 1.06875e+00 -6.16269e-02
2.69517e+00 1.13351e+00 -6.84922e-02
2.69517e+00 1.19960e+00 -7.56205e-02
2.69517e+00 1.26697e+00 -8.29315e-02
2.69517e+00 1.33555e+00 -9.03259e-02
2.69517e+00 1.40526e+00 -9.76853e-02
2.69517e+00 1.47604e+00 -1.04873e-01
2.69517e+00 1.54782e+00 -1.11737e-01
2.69517e+00 1.62053e+00 -1.18113e-01
2.69517e+00 1.69410e+00 -1.23833e-01
2.69517e+00 1.76846e+00 -1.28733e-01
2.69517e+00 1.84353e+00 -1.32667e-01
2.69517e+00 1.91924e+00 -1.35516e-01
2.69517e+00 1.99553e+00 -1.37204e-01
2.69517e+00 2.07230e+00 -1.37709e-01
2.69517e+00 2.14949e+00 -1.37068e-01
2.69517e+00 2.22703e+00 -1.35377e-01
2.69517e+00 2.30483e+00 -1.32772e-01
2.69517e+00 2.38282e+00 -1.29400e-01
2.69517e+00 2.46093e+00 -1.25380e-01
2.69517e+00 2.53907e+00 -1.20756e-01
2.69517e+00 2.61718e+00 -1.15474e-01
2.69517e+00 2.69517e+00 -1.09386e-01
2.69517e+00 2.77297e+00 -1.02310e-01
2.69517e+00 2.85051e+00 -9.41355e-02
2.69517e+00 2.92770e+00 -8.49196e-02
2.69517e+00 3.00447e+00 -7.49396e-02
2.69517e+00 3.08076e+00 -6.46484e-02
2.69517e+00 3.15647e+00 -5.45582e-02
2.69517e+00 3.23154e+00 -4.51134e-02
2.69517e+00 3.30590e+00 -3.66133e-02
2.69517e+00 3.37947e+00 -2.92044e-02
2.69517e+00 3.45218e+00 -2.29145e-02
2.69517e+00 3.52396e+00 -1.76954e-02
2.69517e+00 3.59474e+00 -1.34548e-02
2.69517e+00 3.66445e+00 -1.00776e-02
2.69517e+00 3.73303e+00 -7.43926e-03
2.69517e+00 3.80040e+00 -5.41581e-03
2.69517e+00 3.86649e+00 -3.89117e-03
2.69517e+00 3.93125e+00 -2.76152e-03
2.69517e+00 3.99462e+00 -1.93766e-03
2.69517e+00 4.05652e+00 -1.34563e-03
2.69517e+00 4.11690e+00 -9.25979e-04
2.69517e+00 4.17571e+00 -6.32184e-04
2.69517e+00 4.23287e+00 -4.28786e-04
2.69517e+00 4.28835e+00 -2.89344e-04
2.69517e+00 4.34207e+00 -1.94547e-04
2.69517e+00 4.39400e+00 -1.30544e-04
2.69517e+00 4.44407e+00 -8.75643e-05
2.69517e+00 4.49224e+00 -5.88134e-05
2.69517e+00 4.53847e+00 -3.96242e-05
2.69517e+00 4.58271e+00 -2.68257e-05
2.69517e+00 4.62491e+00 -1.82822e-05
2.69517e+00 4.66504e+00 -1.25654e-05
2.69517e+00 4.70305e+00 -8.72515e-06
2.69517e+00 4.73890e+00 -6.13189e-06
2.69517e+00 4.77257e+00 -4.36919e-06
2.69517e+00 4.80402e+00 -3.16180e-06
2.69517e+00 4.83322e+00 -2.32763e-06
2.69517e+00 4.86014e+00 -1.74592e-06
2.69517e+00 4.88475e+00 -1.33636e-06
2.69517e+00 4.90703e+00 -1.04526e-06
2.69517e+00 4.92696e+00 -8.36552e-07
2.69517e+00 4.94452e+00 -6.85886e-07
2.69517e+00 4.95969e+00 -5.76725e-07
2.69517e+00 4.97246e+00 -4.97797e-07
2.69517e+00 4.98281e+00 -4.41420e-07
2.69517e+00 4.99074e+00 -4.02399e-07
2.69517e+00 4.99623e+00 -3.77299e-07
2.69517e+00 4.99928e+00 -3.63989e-07
2.77297e+00 7.15683e-04 -2.70719e-08
2.77297e+00 3.77012e-03 -7.51258e-07
2.77297e+00 9.26216e-03 -4.53422e-06
2.77297e+00 1.71877e-02 -1.56138e-05
2.77297e+00 2.75390e-02 -4.00840e-05
2.77297e+00 4.03061e-02 -8.58643e-05
2.77297e+00 5.54766e-02 -1.62661e-04
2.77297e+00 7.30356e-02 -2.81916e-04
2.77297e+00 9.29659e-02 -4.56752e-04
2.77297e+00 1.15248e-01 -7.01902e-04
2.77297e+00 1.39860e-01 -1.03363e-03
2.77297e+00 1.66779e-01 -1.46964e-03
2.77297e+00 1.95977e-01 -2.02897e-03
2.77297e+00 2.27426e-01 -2.73191e-03
2.77297e+00 2.61096e-01 -3.59982e-03
2.77297e+00 2.96953e-01 -4.65499e-03
2.77297e+00 3.34963e-01 -5.92051e-03
2.77297e+00 3.75089e-01 -7.42001e-03
2.77297e+00 4.17290e-01 -9.17741e-03
2.77297e+00 4.61527e-01 -1.12167e-02
2.77297e+00 5.07755e-01 -1.35614e-02
2.77297e+00 5.55930e-01 -1.62343e-02
2.77297e+00 6.06005e-01 -1.92569e-02
2.77297e+00 6.57930e-01 -2.26486e-02
2.77297e+00 7.11655e-01 -2.64260e-02
2.77297e+00 7.67127e-01 -3.06021e-02
2.77297e+00 8.24292e-01 -3.51847e-02
2.77297e+00 8.83095e-01 -4.01758e-02
2.77297e+00 9.43478e-01 -4.55696e-02
2.77297e+00 1.00538e+00 -5.13508e-02
2.77297e+00 1.06875e+00 -5.74935e-02
2.77297e+00 1.13351e+00 -6.39585e-02
2.77297e+00 1.19960e+00 -7.06925e-02
2.77297e+00 1.26697e+00 -7.76257e-02
2.77297e+00 1.33555e+00 -8.46711e-02
2.77297e+00 1.40526e+00 -9.17240e-02
2.77297e+00 1.47604e+00 -9.86622e-02
2.77297e+00 1.54782e+00 -1.05348e-01
2.77297e+00 1.62053e+00 -1.11630e-01
2.77297e+00 1.69410e+00 -1.17350e-01
2.77297e+00 1.76846e+00 -1.22351e-01
2.77297e+00 1.84353e+00 -1.26480e-01
2.77297e+00 1.91924e+00 -1.29605e-01
2.77297e+00 1.99553e+00 -1.31625e-01
2.77297e+00 2.07230e+00 -1.32475e-01
2.77297e+00 2.14949e+00 -1.32137e-01
2.77297e+00 2.22703e+00 -1.30643e-01
2.77297e+00 2.30483e+00 -1.28064e-01
2.77297e+00 2.38282e+00 -1.24495e-01
2.77297e+00 2.46093e+00 -1.20035e-01
2.77297e+00 2.53907e+00 -1.14755e-01
2.77297e+00 2.61718e+00 -1.08690e-01
2.77297e+00 2.69517e+00 -1.01831e-01
2.77297e+00 2.77297e+00 -9.41659e-02
2.77297e+00 2.85051e+00 -8.57285e-02
2.77297e+00 2.92770e+00 -7.66543e-02
2.77297e+00 3.00447e+00 -6.72030e-02
2.77297e+00 3.08076e+00 -5.77286e-02
2.77297e+00 3.15647e+00 -4.86067e-02
2.77297e+00 3.23154e+00 -4.01545e-02
2.77297e+00 3.30590e+00 -3.25838e-02
2.77297e+00 3.37947e+00 -2.59961e-02
2.77297e+00 3.45218e+00 -2.04045e-02
2.77297e+00 3.52396e+00 -1.57632e-02
2.77297e+00 3.59474e+00 -1.19905e-02
2.77297e+00 3.66445e+00 -8.98435e-03
2.77297e+00 3.73303e+00 -6.63473e-03
2.77297e+00 3.80040e+00 -4.83192e-03
2.77297e+00 3.86649e+00 -3.47292e-03
2.77297e+00 3.93125e+00 -2.46555e-03
2.77297e+00 3.99462e+00 -1.73058e-03
2.77297e+00 4.05652e+00 -1.20222e-03
2.77297e+00 4.11690e+00 -8.27554e-04
2.77297e+00 4.17571e+00 -5.65160e-04
2.77297e+00 4.23287e+00 -3.83438e-04
2.77297e+00 4.28835e+00 -2.58815e-04
2.77297e+00 4.34207e+00 -1.74066e-04
2.77297e+00 4.39400e+00 -1.16830e-04
2.77297e+00 4.44407e+00 -7.83846e-05
2.77297e+00 4.49224e+00 -5.26597e-05
2.77297e+00 4.53847e+00 -3.54859e-05
2.77297e+00 4.58271e+00 -2.40289e-05
2.77297e+00 4.62491e+00 -1.63792e-05
2.77297e+00 4.66504e+00 -1.12594e-05
2.77297e+00 4.70305e+00 -7.81961e-06
2.77297e+00 4.73890e+00 -5.49633e-06
2.77297e+00 4.77257e+00 -3.91689e-06
2.77297e+00 4.80402e+00 -2.83486e-06
2.77297e+00 4.83322e+00 -2.08719e-06
2.77297e+00 4.86014e+00 -1.56574e-06
2.77297e+00 4.88475e+00 -1.19856e-06
2.77297e+00 4.90703e+00 -9.37558e-07
2.77297e+00 4.92696e+00 -7.50414e-07
2.77297e+00 4.94452e+00 -6.15304e-07
2.77297e+00 4.95969e+00 -5.17405e-07
2.77297e+00 4.97246e+00 -4.46617e-07
2.77297e+00 4.98281e+00 -3.96052e-07
2.77297e+00 4.99074e+00 -3.61052e-07
2.77297e+00 4.99623e+00 -3.38538e-07
2.77297e+00 4.99928e+00 -3.26598e-07
2.85051e+00 7.15683e-04 -2.45532e-08
2.85051e+00 3.77012e-03 -6.81363e-07
2.85051e+00 9.26216e-03 -4.11237e-06
2.85051e+00 1.71877e-02 -1.41612e-05
2.85051e+00 2.75390e-02 -3.63547e-05
2.85051e+00 4.03061e-02 -7.78759e-05
2.85051e+00 5.54766e-02 -1.47528e-04
2.85051e+00 7.30356e-02 -2.55690e-04
2.85051e+00 9.29659e-02 -4.14264e-04
2.85051e+00 1.15248e-01 -6.36614e-04
2.85051e+00 1.39860e-01 -9.37496e-04
2.85051e+00 1.66779e-01 -1.33298e-03
2.85051e+00 1.95977e-01 -1.84034e-03
2.85051e+00 2.27426e-01 -2.47799e-03
2.85051e+00 2.61096e-01 -3.26533e-03
2.85051e+00 2.96953e-01 -4.22264e-03
2.85051e+00 3.34963e-01 -5.37089e-03
2.85051e+00 3.75089e-01 -6.73159e-03
2.85051e+00 4.17290e-01 -8.32657e-03
2.85051e+00 4.61527e-01 -1.01777e-02
2.85051e+00 5.07755e-01 -1.23066e-02
2.85051e+00 5.55930e-01 -1.47341e-02
2.85051e+00 6.06005e-01 -1.74801e-02
2.85051e+00 6.57930e-01 -2.05626e-02
2.85051e+00 7.11655e-01 -2.39974e-02
2.85051e+00 7.67127e-01 -2.77970e-02
2.85051e+00 8.24292e-01 -3.19694e-02
2.85051e+00 8.83095e-01 -3.65177e-02
2.85051e+00 9.43478e-01 -4.14381e-02
2.85051e+00 1.00538e+00 -4.67187e-02
2.85051e+00 1.06875e+00 -5.23380e-02
2.85051e+00 1.13351e+00 -5.82633e-02
2.85051e+00 1.19960e+00 -6.44489e-02
2.85051e+00 1.26697e+00 -7.08348e-02
2.85051e+00 1.33555e+00 -7.73457e-02
2.85051e+00 1.40526e+00 -8.38899e-02
2.85051e+00 1.47604e+00 -9.03595e-02
2.85051e+00 1.54782e+00 -9.66317e-02
2.85051e+00 1.62053e+00 -1.02571e-01
2.85051e+00 1.69410e+00 -1.08031e-01
2.85051e+00 1.76846e+00 -1.12864e-01
2.85051e+00 1.84353e+00 -1.16923e-01
2.85051e+00 1.91924e+00 -1.20073e-01
2.85051e+00 1.99553e+00 -1.22200e-01
2.85051e+00 2.07230e+00 -1.23216e-01
2.85051e+00 2.14949e+00 -1.23073e-01
2.85051e+00 2.22703e+00 -1.21759e-01
2.85051e+00 2.30483e+00 -1.19304e-01
2.85051e+00 2.38282e+00 -1.15770e-01
2.85051e+00 2.46093e+00 -1.11238e-01
2.85051e+00 2.53907e+00 -1.05796e-01
2.85051e+00 2.61718e+00 -9.95297e-02
2.85051e+00 2.69517e+00 -9.25175e-02
2.85051e+00 2.77297e+00 -8.48473e-02
2.85051e+00 2.85051e+00 -7.66391e-02
2.85051e+00 2.92770e+00 -6.80689e-02
2.85051e+00 3.00447e+00 -5.93749e-02
2.85051e+00 3.08076e+00 -5.08357e-02
2.85051e+00 3.15647e+00 -4.27260e-02
2.85051e+00 3.23154e+00 -3.52710e-02
2.85051e+00 3.30590e+00 -2.86185e-02
2.85051e+00 3.37947e+00 -2.28372e-02
2.85051e+00 3.45218e+00 -1.79308e-02
2.85051e+00 3.52396e+00 -1.38571e-02
2.85051e+00 3.59474e+00 -1.05443e-02
2.85051e+00 3.66445e+00 -7.90347e-03
2.85051e+00 3.73303e+00 -5.83852e-03
2.85051e+00 3.80040e+00 -4.25347e-03
2.85051e+00 3.86649e+00 -3.05815e-03
2.85051e+00 3.93125e+00 -2.17178e-03
2.85051e+00 3.99462e+00 -1.52484e-03
2.85051e+00 4.05652e+00 -1.05961e-03
2.85051e+00 4.11690e+00 -7.29594e-04
2.85051e+00 4.17571e+00 -4.98396e-04
2.85051e+00 4.23287e+00 -3.38229e-04
2.85051e+00 4.28835e+00 -2.28357e-04
2.85051e+00 4.34207e+00 -1.53618e-04
2.85051e+00 4.39400e+00 -1.03129e-04
2.85051e+00 4.44407e+00 -6.92071e-05
2.85051e+00 4.49224e+00 -4.65036e-05
2.85051e+00 4.53847e+00 -3.13435e-05
2.85051e+00 4.58271e+00 -2.12278e-05
2.85051e+00 4.62491e+00 -1.44723e-05
2.85051e+00 4.66504e+00 -9.95013e-06
2.85051e+00 4.70305e+00 -6.91133e-06
2.85051e+00 4.73890e+00 -4.85857e-06
2.85051e+00 4.77257e+00 -3.46283e-06
2.85051e+00 4.80402e+00 -2.50652e-06
2.85051e+00 4.83322e+00 -1.84565e-06
2.85051e+00 4.86014e+00 -1.38468e-06
2.85051e+00 4.88475e+00 -1.06005e-06
2.85051e+00 4.90703e+00 -8.29276e-07
2.85051e+00 4.92696e+00 -6.63792e-07
2.85051e+00 4.94452e+00 -5.44311e-07
2.85051e+00 4.95969e+00 -4.57731e-07
2.85051e+00 4.97246e+00 -3.95124e-07
2.85051e+00 4.98281e+00 -3.50401e-07
2.85051e+00 4.99074e+00 -3.19444e-07
2.85051e+00 4.99623e+00 -2.99530e-07
2.85051e+00 4.99928e+00 -2.88969e-07
2.92770e+00 7.15683e-04 -2.17489e-08
2.92770e+00 3.77012e-03 -6.03541e-07
2.92770e+00 9.26216e-03 -3.64267e-06
2.92770e+00 1.71877e-02 -1.25438e-05
2.92770e+00 2.75390e-02 -3.22025e-05
2.92770e+00 4.03061e-02 -6.89814e-05
2.92770e+00 5.54766e-02 -1.30678e-04
2.92770e+00 7.30356e-02 -2.26488e-04
2.92770e+00 9.29659e-02 -3.66953e-04
2.92770e+00 1.15248e-01 -5.63913e-04
2.92770e+00 1.39860e-01 -8.30442e-04
2.92770e+00 1.66779e-01 -1.18077e-03
2.92770e+00 1.95977e-01 -1.63023e-03
2.92770e+00 2.27426e-01 -2.19512e-03
2.92770e+00 2.61096e-01 -2.89266e-03
2.92770e+00 2.96953e-01 -3.74081e-03
2.92770e+00 3.34963e-01 -4.75821e-03
2.92770e+00 3.75089e-01 -5.96396e-03
2.92770e+00 4.17290e-01 -7.37746e-03
2.92770e+00 4.61527e-01 -9.01816e-03
2.92770e+00 5.07755e-01 -1.09053e-02
2.92770e+00 5.55930e-01 -1.30577e-02
2.92770e+00 6.06005e-01 -1.54929e-02
2.92770e+00 6.57930e-01 -1.82275e-02
2.92770e+00 7.11655e-01 -2.12755e-02
2.92770e+00 7.67127e-01 -2.46487e-02
2.92770e+00 8.24292e-01 -2.83547e-02
2.92770e+00 8.83095e-01 -3.23971e-02
2.92770e+00 9.43478e-01 -3.67733e-02
2.92770e+00 1.00538e+00 -4.14741e-02
2.92770e+00 1.06875e+00 -4.64818e-02
2.92770e+00 1.13351e+00 -5.17688e-02
2.92770e+00 1.19960e+00 -5.72968e-02
2.92770e+00 1.26697e+00 -6.30144e-02
2.92770e+00 1.33555e+00 -6.88570e-02
2.92770e+00 1.40526e+00 -7.47454e-02
2.92770e+00 1.47604e+00 -8.05860e-02
2.92770e+00 1.54782e+00 -8.62713e-02
2.92770e+00 1.62053e+00 -9.16811e-02
2.92770e+00 1.69410e+00 -9.66859e-02
2.92770e+00 1.76846e+00 -1.01150e-01
2.92770e+00 1.84353e+00 -1.04939e-01
2.92770e+00 1.91924e+00 -1.07923e-01
2.92770e+00 1.99553e+00 -1.09986e-01
2.92770e+00 2.07230e+00 -1.11036e-01
2.92770e+00 2.14949e+00 -1.11005e-01
2.92770e+00 2.22703e+00 -1.09864e-01
2.92770e+00 2.30483e+00 -1.07616e-01
2.92770e+00 2.38282e+00 -1.04300e-01
2.92770e+00 2.46093e+00 -9.99860e-02
2.92770e+00 2.53907e+00 -9.47668e-02
2.92770e+00 2.61718e+00 -8.87508e-02
2.92770e+00 2.69517e+00 -8.20599e-02
2.92770e+00 2.77297e+00 -7.48314e-02
2.92770e+00 2.85051e+00 -6.72248e-02
2.92770e+00 2.92770e+00 -5.94275e-02
2.92770e+00 3.00447e+00 -5.16522e-02
2.92770e+00 3.08076e+00 -4.41200e-02
2.92770e+00 3.15647e+00 -3.70349e-02
2.92770e+00 3.23154e+00 -3.05582e-02
2.92770e+00 3.30590e+00 -2.47942e-02
2.92770e+00 3.37947e+00 -1.97895e-02
2.92770e+00 3.45218e+00 -1.55424e-02
2.92770e+00 3.52396e+00 -1.20150e-02
2.92770e+00 3.59474e+00 -9.14544e-03
2.92770e+00 3.66445e+00 -6.85709e-03
2.92770e+00 3.73303e+00 -5.06706e-03
2.92770e+00 3.80040e+00 -3.69253e-03
2.92770e+00 3.86649e+00 -2.65562e-03
2.92770e+00 3.93125e+00 -1.88644e-03
2.92770e+00 3.99462e+00 -1.32486e-03
2.92770e+00 4.05652e+00 -9.20885e-04
2.92770e+00 4.11690e+00 -6.34234e-04
2.92770e+00 4.17571e+00 -4.33360e-04
2.92770e+00 4.23287e+00 -2.94162e-04
2.92770e+00 4.28835e+00 -1.98649e-04
2.92770e+00 4.34207e+00 -1.33662e-04
2.92770e+00 4.39400e+00 -8.97500e-05
2.92770e+00 4.44407e+00 -6.02402e-05
2.92770e+00 4.49224e+00 -4.04856e-05
2.92770e+00 4.53847e+00 -2.72920e-05
2.92770e+00 4.58271e+00 -1.84868e-05
2.92770e+00 4.62491e+00 -1.26055e-05
2.92770e+00 4.66504e+00 -8.66791e-06
2.92770e+00 4.70305e+00 -6.02149e-06
2.92770e+00 4.73890e+00 -4.23355e-06
2.92770e+00 4.77257e+00 -3.01770e-06
2.92770e+00 4.80402e+00 -2.18455e-06
2.92770e+00 4.83322e+00 -1.60872e-06
2.92770e+00 4.86014e+00 -1.20703e-06
2.92770e+00 4.88475e+00 -9.24126e-07
2.92770e+00 4.90703e+00 -7.22991e-07
2.92770e+00 4.92696e+00 -5.78752e-07
2.92770e+00 4.94452e+00 -4.74603e-07
2.92770e+00 4.95969e+00 -3.99130e-07
2.92770e+00 4.97246e+00 -3.44551e-07
2.92770e+00 4.98281e+00 -3.05562e-07
2.92770e+00 4.99074e+00 -2.78573e-07
2.92770e+00 4.99623e+00 -2.61211e-07
2.92770e+00 4.99928e+00 -2.52004e-07
3.00447e+00 7.15683e-04 -1.88263e-08
3.00447e+00 3.77012e-03 -5.22437e-07
3.00447e+00 9.26216e-03 -3.15317e-06
3.00447e+00 1.71877e-02 -1.08581e-05
3.00447e+00 2.75390e-02 -2.78751e-05
3.00447e+00 4.03061e-02 -5.97118e-05
3.00447e+00 5.54766e-02 -1.13118e-04
3.00447e+00 7.30356e-02 -1.96053e-04
3.00447e+00 9.29659e-02 -3.17644e-04
3.00447e+00 1.15248e-01 -4.88141e-04
3.00447e+00 1.39860e-01 -7.18860e-04
3.00447e+00 1.66779e-01 -1.02213e-03
3.00447e+00 1.95977e-01 -1.41121e-03
3.00447e+00 2.27426e-01 -1.90024e-03
3.00447e+00 2.61096e-01 -2.50411e-03
3.00447e+00 2.96953e-01 -3.23841e-03
3.00447e+00 3.34963e-01 -4.11927e-03
3.00447e+00 3.75089e-01 -5.16327e-03
3.00447e+00 4.17290e-01 -6.38724e-03
3.00447e+00 4.61527e-01 -7.80808e-03
3.00447e+00 5.07755e-01 -9.44252e-03
3.00447e+00 5.55930e-01 -1.13069e-02
3.00447e+00 6.06005e-01 -1.34167e-02
3.00447e+00 6.57930e-01 -1.57862e-02
3.00447e+00 7.11655e-01 -1.84280e-02
3.00447e+00 7.67127e-01 -2.13523e-02
3.00447e+00 8.24292e-01 -2.45664e-02
3.00447e+00 8.83095e-01 -2.80736e-02
3.00447e+00 9.43478e-01 -3.18723e-02
3.00447e+00 1.00538e+00 -3.59552e-02
3.00447e+00 1.06875e+00 -4.03076e-02
3.00447e+00 1.13351e+00 -4.49068e-02
3.00447e+00 1.19960e+00 -4.97204e-02
3.00447e+00 1.26697e+00 -5.47052e-02
3.00447e+00 1.33555e+00 -5.98064e-02
3.00447e+00 1.40526e+00 -6.49566e-02
3.00447e+00 1.47604e+00 -7.00758e-02
3.00447e+00 1.54782e+00 -7.50716e-02
3.00447e+00 1.62053e+00 -7.98402e-02
3.00447e+00 1.69410e+00 -8.42687e-02
3.00447e+00 1.76846e+00 -8.82381e-02
3.00447e+00 1.84353e+00 -9.16278e-02
3.00447e+00 1.91924e+00 -9.43206e-02
3.00447e+00 1.99553e+00 -9.62090e-02
3.00447e+00 2.07230e+00 -9.72017e-02
3.00447e+00 2.14949e+00 -9.72304e-02
3.00447e+00 2.22703e+00 -9.62551e-02
3.00447e+00 2.30483e+00 -9.42680e-02
3.00447e+00 2.38282e+00 -9.12950e-02
3.00447e+00 2.46093e+00 -8.73949e-02
3.00447e+00 2.53907e+00 -8.26560e-02
3.00447e+00 2.61718e+00 -7.71915e-02
3.00447e+00 2.69517e+00 -7.11351e-02
3.00447e+00 2.77297e+00 -6.46383e-02
3.00447e+00 2.85051e+00 -5.78682e-02
3.00447e+00 2.92770e+00 -5.10039e-02
3.00447e+00 3.00447e+00 -4.42301e-02
3.00447e+00 3.08076e+00 -3.77244e-02
3.00447e+00 3.15647e+00 -3.16420e-02
3.00447e+00 3.23154e+00 -2.61018e-02
3.00447e+00 3.30590e+00 -2.11796e-02
3.00447e+00 3.37947e+00 -1.69080e-02
3.00447e+00 3.45218e+00 -1.32827e-02
3.00447e+00 3.52396e+00 -1.02710e-02
3.00447e+00 3.59474e+00 -7.82007e-03
3.00447e+00 3.66445e+00 -5.86494e-03
3.00447e+00 3.73303e+00 -4.33506e-03
3.00447e+00 3.80040e+00 -3.15992e-03
3.00447e+00 3.86649e+00 -2.27315e-03
3.00447e+00 3.93125e+00 -1.61515e-03
3.00447e+00 3.99462e+00 -1.13460e-03
3.00447e+00 4.05652e+00 -7.88823e-04
3.00447e+00 4.11690e+00 -5.43402e-04
3.00447e+00 4.17571e+00 -3.71376e-04
3.00447e+00 4.23287e+00 -2.52140e-04
3.00447e+00 4.28835e+00 -1.70305e-04
3.00447e+00 4.34207e+00 -1.14612e-04
3.00447e+00 4.39400e+00 -7.69724e-05
3.00447e+00 4.44407e+00 -5.16726e-05
3.00447e+00 4.49224e+00 -3.47332e-05
3.00447e+00 4.53847e+00 -2.34178e-05
3.00447e+00 4.58271e+00 -1.58648e-05
3.00447e+00 4.62491e+00 -1.08191e-05
3.00447e+00 4.66504e+00 -7.44047e-06
3.00447e+00 4.70305e+00 -5.16941e-06
3.00447e+00 4.73890e+00 -3.63487e-06
3.00447e+00 4.77257e+00 -2.59122e-06
3.00447e+00 4.80402e+00 -1.87599e-06
3.00447e+00 4.83322e+00 -1.38161e-06
3.00447e+00 4.86014e+00 -1.03671e-06
3.00447e+00 4.88475e+00 -7.93780e-07
3.00447e+00 4.90703e+00 -6.21053e-07
3.00447e+00 4.92696e+00 -4.97178e-07
3.00447e+00 4.94452e+00 -4.07729e-07
3.00447e+00 4.95969e+00 -3.42904e-07
3.00447e+00 4.97246e+00 -2.96024e-07
3.00447e+00 4.98281e+00 -2.62534e-07
3.00447e+00 4.99074e+00 -2.39350e-07
3.00447e+00 4.99623e+00 -2.24436e-07
3.00447e+00 4.99928e+00 -2.16527e-07
3.08076e+00 7.15683e-04 -1.59494e-08
3.08076e+00 3.77012e-03 -4.42601e-07
3.08076e+00 9.26216e-03 -2.67132e-06
3.08076e+00 1.71877e-02 -9.19886e-06
3.08076e+00 2.75390e-02 -2.36154e-05
3.08076e+00 4.03061e-02 -5.05871e-05
3.08076e+00 5.54766e-02 -9.58324e-05
3.08076e+00 7.30356e-02 -1.66094e-04
3.08076e+00 9.29659e-02 -2.69105e-04
3.08076e+00 1.15248e-01 -4.13550e-04
3.08076e+00 1.39860e-01 -6.09017e-04
3.08076e+00 1.66779e-01 -8.65950e-04
3.08076e+00 1.95977e-01 -1.19559e-03
3.08076e+00 2.27426e-01 -1.60991e-03
3.08076e+00 2.61096e-01 -2.12155e-03
3.08076e+00 2.96953e-01 -2.74371e-03
3.08076e+00 3.34963e-01 -3.49007e-03
3.08076e+00 3.75089e-01 -4.37470e-03
3.08076e+00 4.17290e-01 -5.41188e-03
3.08076e+00 4.61527e-01 -6.61595e-03
3.08076e+00 5.07755e-01 -8.00115e-03
3.08076e+00 5.55930e-01 -9.58135e-03
3.08076e+00 6.06005e-01 -1.13698e-02
3.08076e+00 6.57930e-01 -1.33786e-02
3.08076e+00 7.11655e-01 -1.56186e-02
3.08076e+00 7.67127e-01 -1.80986e-02
3.08076e+00 8.24292e-01 -2.08250e-02
3.08076e+00 8.83095e-01 -2.38008e-02
3.08076e+00 9.43478e-01 -2.70249e-02
3.08076e+00 1.00538e+00 -3.04915e-02
3.08076e+00 1.06875e+00 -3.41887e-02
3.08076e+00 1.13351e+00 -3.80975e-02
3.08076e+00 1.19960e+00 -4.21911e-02
3.08076e+00 1.26697e+00 -4.64335e-02
3.08076e+00 1.33555e+00 -5.07788e-02
3.08076e+00 1.40526e+00 -5.51707e-02
3.08076e+00 1.47604e+00 -5.95416e-02
3.08076e+00 1.54782e+00 -6.38137e-02
3.08076e+00 1.62053e+00 -6.78992e-02
3.08076e+00 1.69410e+00 -7.17020e-02
3.08076e+00 1.76846e+00 -7.51204e-02
3.08076e+00 1.84353e+00 -7.80502e-02
3.08076e+00 1.91924e+00 -8.03895e-02
3.08076e+00 1.99553e+00 -8.20432e-02
3.08076e+00 2.07230e+00 -8.29292e-02
3.08076e+00 2.14949e+00 -8.29836e-02
3.08076e+00 2.22703e+00 -8.21661e-02
3.08076e+00 2.30483e+00 -8.04643e-02
3.08076e+00 2.38282e+00 -7.78962e-02
3.08076e+00 2.46093e+00 -7.45111e-02
3.08076e+00 2.53907e+00 -7.03878e-02
3.08076e+00 2.61718e+00 -6.56316e-02
3.08076e+00 2.69517e+00 -6.03699e-02
3.08076e+00 2.77297e+00 -5.47469e-02
3.08076e+00 2.85051e+00 -4.89182e-02
3.08076e+00 2.92770e+00 -4.30437e-02
3.08076e+00 3.00447e+00 -3.72803e-02
3.08076e+00 3.08076e+00 -3.17716e-02
3.08076e+00 3.15647e+00 -2.66389e-02
3.08076e+00 3.23154e+00 -2.19731e-02
3.08076e+00 3.30590e+00 -1.78314e-02
3.08076e+00 3.37947e+00 -1.42379e-02
3.08076e+00 3.45218e+00 -1.11877e-02
3.08076e+00 3.52396e+00 -8.65307e-03
3.08076e+00 3.59474e+00 -6.58981e-03
3.08076e+00 3.66445e+00 -4.94343e-03
3.08076e+00 3.73303e+00 -3.65478e-03
3.08076e+00 3.80040e+00 -2.66466e-03
3.08076e+00 3.86649e+00 -1.91730e-03
3.08076e+00 3.93125e+00 -1.36260e-03
3.08076e+00 3.99462e+00 -9.57395e-04
3.08076e+00 4.05652e+00 -6.65756e-04
3.08076e+00 4.11690e+00 -4.58715e-04
3.08076e+00 4.17571e+00 -3.13557e-04
3.08076e+00 4.23287e+00 -2.12924e-04
3.08076e+00 4.28835e+00 -1.43842e-04
3.08076e+00 4.34207e+00 -9.68188e-05
3.08076e+00 4.39400e+00 -6.50331e-05
3.08076e+00 4.44407e+00 -4.36643e-05
3.08076e+00 4.49224e+00 -2.93544e-05
3.08076e+00 4.53847e+00 -1.97940e-05
3.08076e+00 4.58271e+00 -1.34115e-05
3.08076e+00 4.62491e+00 -9.14714e-06
3.08076e+00 4.66504e+00 -6.29132e-06
3.08076e+00 4.70305e+00 -4.37148e-06
3.08076e+00 4.73890e+00 -3.07410e-06
3.08076e+00 4.77257e+00 -2.19165e-06
3.08076e+00 4.80402e+00 -1.58684e-06
3.08076e+00 4.83322e+00 -1.16875e-06
3.08076e+00 4.86014e+00 -8.77046e-07
3.08076e+00 4.88475e+00 -6.71572e-07
3.08076e+00 4.90703e+00 -5.25467e-07
3.08076e+00 4.92696e+00 -4.20678e-07
3.08076e+00 4.94452e+00 -3.45007e-07
3.08076e+00 4.95969e+00 -2.90165e-07
3.08076e+00 4.97246e+00 -2.50503e-07
3.08076e+00 4.98281e+00 -2.22168e-07
3.08076e+00 4.99074e+00 -2.02552e-07
3.08076e+00 4.99623e+00 -1.89934e-07
3.08076e+00 4.99928e+00 -1.83242e-07
3.15647e+00 7.15683e-04 -1.32504e-08
3.15647e+00 3.77012e-03 -3.67704e-07
3.15647e+00 9.26216e-03 -2.21928e-06
3.15647e+00 1.71877e-02 -7.64223e-06
3.15647e+00 2.75390e-02 -1.96192e-05
3.15647e+00 4.03061e-02 -4.20267e-05
3.15647e+00 5.54766e-02 -7.96157e-05
3.15647e+00 7.30356e-02 -1.37988e-04
3.15647e+00 9.29659e-02 -2.23568e-04
3.15647e+00 1.15248e-01 -3.43571e-04
3.15647e+00 1.39860e-01 -5.05964e-04
3.15647e+00 1.66779e-01 -7.19424e-04
3.15647e+00 1.95977e-01 -9.93292e-04
3.15647e+00 2.27426e-01 -1.33752e-03
3.15647e+00 2.61096e-01 -1.76260e-03
3.15647e+00 2.96953e-01 -2.27952e-03
3.15647e+00 3.34963e-01 -2.89965e-03
3.15647e+00 3.75089e-01 -3.63468e-03
3.15647e+00 4.17290e-01 -4.49649e-03
3.15647e+00 4.61527e-01 -5.49702e-03
3.15647e+00 5.07755e-01 -6.64812e-03
3.15647e+00 5.55930e-01 -7.96133e-03
3.15647e+00 6.06005e-01 -9.44768e-03
3.15647e+00 6.57930e-01 -1.11174e-02
3.15647e+00 7.11655e-01 -1.29794e-02
3.15647e+00 7.67127e-01 -1.50412e-02
3.15647e+00 8.24292e-01 -1.73081e-02
3.15647e+00 8.83095e-01 -1.97828e-02
3.15647e+00 9.43478e-01 -2.24646e-02
3.15647e+00 1.00538e+00 -2.53487e-02
3.15647e+00 1.06875e+00 -2.84254e-02
3.15647e+00 1.13351e+00 -3.16793e-02
3.15647e+00 1.19960e+00 -3.50883e-02
3.15647e+00 1.26697e+00 -3.86229e-02
3.15647e+00 1.33555e+00 -4.22450e-02
3.15647e+00 1.40526e+00 -4.59082e-02
3.15647e+00 1.47604e+00 -4.95567e-02
3.15647e+00 1.54782e+00 -5.31259e-02
3.15647e+00 1.62053e+00 -5.65427e-02
3.15647e+00 1.69410e+00 -5.97273e-02
3.15647e+00 1.76846e+00 -6.25947e-02
3.15647e+00 1.84353e+00 -6.50574e-02
3.15647e+00 1.91924e+00 -6.70296e-02
3.15647e+00 1.99553e+00 -6.84304e-02
3.15647e+00 2.07230e+00 -6.91894e-02
3.15647e+00 2.14949e+00 -6.92508e-02
3.15647e+00 2.22703e+00 -6.85782e-02
3.15647e+00 2.30483e+00 -6.71589e-02
3.15647e+00 2.38282e+00 -6.50060e-02
3.15647e+00 2.46093e+00 -6.21600e-02
3.15647e+00 2.53907e+00 -5.86882e-02
3.15647e+00 2.61718e+00 -5.46822e-02
3.15647e+00 2.69517e+00 -5.02538e-02
3.15647e+00 2.77297e+00 -4.55296e-02
3.15647e+00 2.85051e+00 -4.06448e-02
3.15647e+00 2.92770e+00 -3.57360e-02
3.15647e+00 3.00447e+00 -3.09334e-02
3.15647e+00 3.08076e+00 -2.63539e-02
3.15647e+00 3.15647e+00 -2.20940e-02
3.15647e+00 3.23154e+00 -1.82251e-02
3.15647e+00 3.30590e+00 -1.47919e-02
3.15647e+00 3.37947e+00 -1.18131e-02
3.15647e+00 3.45218e+00 -9.28427e-03
3.15647e+00 3.52396e+00 -7.18237e-03
3.15647e+00 3.59474e+00 -5.47092e-03
3.15647e+00 3.66445e+00 -4.10492e-03
3.15647e+00 3.73303e+00 -3.03546e-03
3.15647e+00 3.80040e+00 -2.21356e-03
3.15647e+00 3.86649e+00 -1.59303e-03
3.15647e+00 3.93125e+00 -1.13236e-03
3.15647e+00 3.99462e+00 -7.95770e-04
3.15647e+00 4.05652e+00 -5.53464e-04
3.15647e+00 4.11690e+00 -3.81409e-04
3.15647e+00 4.17571e+00 -2.60758e-04
3.15647e+00 4.23287e+00 -1.77098e-04
3.15647e+00 4.28835e+00 -1.19658e-04
3.15647e+00 4.34207e+00 -8.05527e-05
3.15647e+00 4.39400e+00 -5.41148e-05
3.15647e+00 4.44407e+00 -3.63383e-05
3.15647e+00 4.49224e+00 -2.44324e-05
3.15647e+00 4.53847e+00 -1.64770e-05
3.15647e+00 4.58271e+00 -1.11653e-05
3.15647e+00 4.62491e+00 -7.61596e-06
3.15647e+00 4.66504e+00 -5.23871e-06
3.15647e+00 4.70305e+00 -3.64041e-06
3.15647e+00 4.73890e+00 -2.56022e-06
3.15647e+00 4.77257e+00 -1.82543e-06
3.15647e+00 4.80402e+00 -1.32178e-06
3.15647e+00 4.83322e+00 -9.73586e-07
3.15647e+00 4.86014e+00 -7.30638e-07
3.15647e+00 4.88475e+00 -5.59495e-07
3.15647e+00 4.90703e+00 -4.37794e-07
3.15647e+00 4.92696e+00 -3.50504e-07
3.15647e+00 4.94452e+00 -2.87466e-07
3.15647e+00 4.95969e+00 -2.41779e-07
3.15647e+00 4.97246e+00 -2.08736e-07
3.15647e+00 4.98281e+00 -1.85130e-07
3.15647e+00 4.99074e+00 -1.68787e-07
3.15647e+00 4.99623e+00 -1.58274e-07
3.15647e+00 4.99928e+00 -1.52698e-07
3.23154e+00 7.15683e-04 -1.08155e-08
3.23154e+00 3.77012e-03 -3.00135e-07
3.23154e+00 9.26216e-03 -1.81147e-06
3.23154e+00 1.71877e-02 -6.23790e-06
3.23154e+00 2.75390e-02 -1.60140e-05
3.23154e+00 4.03061e-02 -3.43039e-05
3.23154e+00 5.54766e-02 -6.49856e-05
3.23154e+00 7.30356e-02 -1.12632e-04
3.23154e+00 9.29659e-02 -1.82486e-04
3.23154e+00 1.15248e-01 -2.80438e-04
3.23154e+00 1.39860e-01 -4.12991e-04
3.23154e+00 1.66779e-01 -5.87229e-04
3.23154e+00 1.95977e-01 -8.10777e-04
3.23154e+00 2.27426e-01 -1.09176e-03
3.23154e+00 2.61096e-01 -1.43874e-03
3.23154e+00 2.96953e-01 -1.86070e-03
3.23154e+00 3.34963e-01 -2.36691e-03
3.23154e+00 3.75089e-01 -2.96693e-03
3.23154e+00 4.17290e-01 -3.67046e-03
3.23154e+00 4.61527e-01 -4.48725e-03
3.23154e+00 5.07755e-01 -5.42700e-03
3.23154e+00 5.55930e-01 -6.49914e-03
3.23154e+00 6.06005e-01 -7.71270e-03
3.23154e+00 6.57930e-01 -9.07601e-03
3.23154e+00 7.11655e-01 -1.05965e-02
3.23154e+00 7.67127e-01 -1.22802e-02
3.23154e+00 8.24292e-01 -1.41316e-02
3.23154e+00 8.83095e-01 -1.61529e-02
3.23154e+00 9.43478e-01 -1.83436e-02
3.23154e+00 1.00538e+00 -2.06999e-02
3.23154e+00 1.06875e+00 -2.32140e-02
3.23154e+00 1.13351e+00 -2.58734e-02
3.23154e+00 1.19960e+00 -2.86601e-02
3.23154e+00 1.26697e+00 -3.15502e-02
3.23154e+00 1.33555e+00 -3.45129e-02
3.23154e+00 1.40526e+00 -3.75101e-02
3.23154e+00 1.47604e+00 -4.04966e-02
3.23154e+00 1.54782e+00 -4.34196e-02
3.23154e+00 1.62053e+00 -4.62196e-02
3.23154e+00 1.69410e+00 -4.88312e-02
3.23154e+00 1.76846e+00 -5.11847e-02
3.23154e+00 1.84353e+00 -5.32087e-02
3.23154e+00 1.91924e+00 -5.48322e-02
3.23154e+00 1.99553e+00 -5.59888e-02
3.23154e+00 2.07230e+00 -5.66199e-02
3.23154e+00 2.14949e+00 -5.66788e-02
3.23154e+00 2.22703e+00 -5.61350e-02
3.23154e+00 2.30483e+00 -5.49766e-02
3.23154e+00 2.38282e+00 -5.32139e-02
3.23154e+00 2.46093e+00 -5.08797e-02
3.23154e+00 2.53907e+00 -4.80294e-02
3.23154e+00 2.61718e+00 -4.47393e-02
3.23154e+00 2.69517e+00 -4.11028e-02
3.23154e+00 2.77297e+00 -3.72258e-02
3.23154e+00 2.85051e+00 -3.32208e-02
3.23154e+00 2.92770e+00 -2.92008e-02
3.23154e+00 3.00447e+00 -2.52721e-02
3.23154e+00 3.08076e+00 -2.15294e-02
3.23154e+00 3.15647e+00 -1.80499e-02
3.23154e+00 3.23154e+00 -1.48907e-02
3.23154e+00 3.30590e+00 -1.20875e-02
3.23154e+00 3.37947e+00 -9.65492e-03
3.23154e+00 3.45218e+00 -7.58941e-03
3.23154e+00 3.52396e+00 -5.87227e-03
3.23154e+00 3.59474e+00 -4.47379e-03
3.23154e+00 3.66445e+00 -3.35735e-03
3.23154e+00 3.73303e+00 -2.48309e-03
3.23154e+00 3.80040e+00 -1.81106e-03
3.23154e+00 3.86649e+00 -1.30358e-03
3.23154e+00 3.93125e+00 -9.26766e-04
3.23154e+00 3.99462e+00 -6.51392e-04
3.23154e+00 4.05652e+00 -4.53118e-04
3.23154e+00 4.11690e+00 -3.12304e-04
3.23154e+00 4.17571e+00 -2.13544e-04
3.23154e+00 4.23287e+00 -1.45052e-04
3.23154e+00 4.28835e+00 -9.80192e-05
3.23154e+00 4.34207e+00 -6.59940e-05
3.23154e+00 4.39400e+00 -4.43397e-05
3.23154e+00 4.44407e+00 -2.97778e-05
3.23154e+00 4.49224e+00 -2.00236e-05
3.23154e+00 4.53847e+00 -1.35051e-05
3.23154e+00 4.58271e+00 -9.15237e-06
3.23154e+00 4.62491e+00 -6.24350e-06
3.23154e+00 4.66504e+00 -4.29501e-06
3.23154e+00 4.70305e+00 -2.98487e-06
3.23154e+00 4.73890e+00 -2.09935e-06
3.23154e+00 4.77257e+00 -1.49694e-06
3.23154e+00 4.80402e+00 -1.08399e-06
3.23154e+00 4.83322e+00 -7.98483e-07
3.23154e+00 4.86014e+00 -5.99262e-07
3.23154e+00 4.88475e+00 -4.58914e-07
3.23154e+00 4.90703e+00 -3.59106e-07
3.23154e+00 4.92696e+00 -2.87517e-07
3.23154e+00 4.94452e+00 -2.35815e-07
3.23154e+00 4.95969e+00 -1.98342e-07
3.23154e+00 4.97246e+00 -1.71240e-07
3.23154e+00 4.98281e+00 -1.51877e-07
3.23154e+00 4.99074e+00 -1.38472e-07
3.23154e+00 4.99623e+00 -1.29848e-07
3.23154e+00 4.99928e+00 -1.25274e-07
3.30590e+00 7.15683e-04 -8.68604e-09
3.30590e+00 3.77012e-03 -2.41041e-07
3.30590e+00 9.26216e-03 -1.45481e-06
3.30590e+00 1.71877e-02 -5.00972e-06
3.30590e+00 2.75390e-02 -1.28610e-05
3.30590e+00 4.03061e-02 -2.75498e-05
3.30590e+00 5.54766e-02 -5.21906e-05
3.30590e+00 7.30356e-02 -9.04557e-05
3.30590e+00 9.29659e-02 -1.46557e-04
3.30590e+00 1.15248e-01 -2.25223e-04
3.30590e+00 1.39860e-01 -3.31679e-04
3.30590e+00 1.66779e-01 -4.71613e-04
3.30590e+00 1.95977e-01 -6.51150e-04
3.30590e+00 2.27426e-01 -8.76814e-04
3.30590e+00 2.61096e-01 -1.15549e-03
3.30590e+00 2.96953e-01 -1.49438e-03
3.30590e+00 3.34963e-01 -1.90095e-03
3.30590e+00 3.75089e-01 -2.38286e-03
3.30590e+00 4.17290e-01 -2.94792e-03
3.30590e+00 4.61527e-01 -3.60397e-03
3.30590e+00 5.07755e-01 -4.35880e-03
3.30590e+00 5.55930e-01 -5.21999e-03
3.30590e+00 6.06005e-01 -6.19480e-03
3.30590e+00 6.57930e-01 -7.28995e-03
3.30590e+00 7.11655e-01 -8.51140e-03
3.30590e+00 7.67127e-01 -9.86407e-03
3.30590e+00 8.24292e-01 -1.13515e-02
3.30590e+00 8.83095e-01 -1.29756e-02
3.30590e+00 9.43478e-01 -1.47359e-02
3.30590e+00 1.00538e+00 -1.66295e-02
3.30590e+00 1.06875e+00 -1.86500e-02
3.30590e+00 1.13351e+00 -2.07876e-02
3.30590e+00 1.19960e+00 -2.30279e-02
3.30590e+00 1.26697e+00 -2.53515e-02
3.30590e+00 1.33555e+00 -2.77340e-02
3.30590e+00 1.40526e+00 -3.01448e-02
3.30590e+00 1.47604e+00 -3.25475e-02
3.30590e+00 1.54782e+00 -3.48998e-02
3.30590e+00 1.62053e+00 -3.71539e-02
3.30590e+00 1.69410e+00 -3.92572e-02
3.30590e+00 1.76846e+00 -4.11538e-02
3.30590e+00 1.84353e+00 -4.27859e-02
3.30590e+00 1.91924e+00 -4.40966e-02
3.30590e+00 1.99553e+00 -4.50321e-02
3.30590e+00 2.07230e+00 -4.55449e-02
3.30590e+00 2.14949e+00 -4.55974e-02
3.30590e+00 2.22703e+00 -4.51642e-02
3.30590e+00 2.30483e+00 -4.42359e-02
3.30590e+00 2.38282e+00 -4.28199e-02
3.30590e+00 2.46093e+00 -4.09428e-02
3.30590e+00 2.53907e+00 -3.86490e-02
3.30590e+00 2.61718e+00 -3.60004e-02
3.30590e+00 2.69517e+00 -3.30724e-02
3.30590e+00 2.77297e+00 -2.99511e-02
3.30590e+00 2.85051e+00 -2.67274e-02
3.30590e+00 2.92770e+00 -2.34926e-02
3.30590e+00 3.00447e+00 -2.03322e-02
3.30590e+00 3.08076e+00 -1.73220e-02
3.30590e+00 3.15647e+00 -1.45238e-02
3.30590e+00 3.23154e+00 -1.19833e-02
3.30590e+00 3.30590e+00 -9.72872e-03
3.30590e+00 3.37947e+00 -7.77201e-03
3.30590e+00 3.45218e+00 -6.11025e-03
3.30590e+00 3.52396e+00 -4.72849e-03
3.30590e+00 3.59474e+00 -3.60295e-03
3.30590e+00 3.66445e+00 -2.70423e-03
3.30590e+00 3.73303e+00 -2.00034e-03
3.30590e+00 3.80040e+00 -1.45918e-03
3.30590e+00 3.86649e+00 -1.05045e-03
3.30590e+00 3.93125e+00 -7.46911e-04
3.30590e+00 3.99462e+00 -5.25050e-04
3.30590e+00 4.05652e+00 -3.65281e-04
3.30590e+00 4.11690e+00 -2.51797e-04
3.30590e+00 4.17571e+00 -1.72193e-04
3.30590e+00 4.23287e+00 -1.16978e-04
3.30590e+00 4.28835e+00 -7.90571e-05
3.30590e+00 4.34207e+00 -5.32331e-05
3.30590e+00 4.39400e+00 -3.57698e-05
3.30590e+00 4.44407e+00 -2.40248e-05
3.30590e+00 4.49224e+00 -1.61566e-05
3.30590e+00 4.53847e+00 -1.08980e-05
3.30590e+00 4.58271e+00 -7.38617e-06
3.30590e+00 4.62491e+00 -5.03905e-06
3.30590e+00 4.66504e+00 -3.46671e-06
3.30590e+00 4.70305e+00 -2.40940e-06
3.30590e+00 4.73890e+00 -1.69472e-06
3.30590e+00 4.77257e+00 -1.20849e-06
3.30590e+00 4.80402e+00 -8.75159e-07
3.30590e+00 4.83322e+00 -6.44689e-07
3.30590e+00 4.86014e+00 -4.83862e-07
3.30590e+00 4.88475e+00 -3.70556e-07
3.30590e+00 4.90703e+00 -2.89976e-07
3.30590e+00 4.92696e+00 -2.32176e-07
3.30590e+00 4.94452e+00 -1.90431e-07
3.30590e+00 4.95969e+00 -1.60174e-07
3.30590e+00 4.97246e+00 -1.38290e-07
3.30590e+00 4.98281e+00 -1.22655e-07
3.30590e+00 4.99074e+00 -1.11830e-07
3.30590e+00 4.99623e+00 -1.04867e-07
3.30590e+00 4.99928e+00 -1.01173e-07
3.37947e+00 7.15683e-04 -6.86960e-09
3.37947e+00 3.77012e-03 -1.90634e-07
3.37947e+00 9.26216e-03 -1.15057e-06
3.37947e+00 1.71877e-02 -3.96207e-06
3.37947e+00 2.75390e-02 -1.01715e-05
3.37947e+00 4.03061e-02 -2.17886e-05
3.37947e+00 5.54766e-02 -4.12764e-05
3.37947e+00 7.30356e-02 -7.15395e-05
3.37947e+00 9.29659e-02 -1.15909e-04
3.37947e+00 1.15248e-01 -1.78125e-04
3.37947e+00 1.39860e-01 -2.62319e-04
3.37947e+00 1.66779e-01 -3.72990e-04
3.37947e+00 1.95977e-01 -5.14984e-04
3.37947e+00 2.27426e-01 -6.93460e-04
3.37947e+00 2.61096e-01 -9.13864e-04
3.37947e+00 2.96953e-01 -1.18189e-03
3.37947e+00 3.34963e-01 -1.50345e-03
3.37947e+00 3.75089e-01 -1.88461e-03
3.37947e+00 4.17290e-01 -2.33153e-03
3.37947e+00 4.61527e-01 -2.85043e-03
3.37947e+00 5.07755e-01 -3.44746e-03
3.37947e+00 5.55930e-01 -4.12864e-03
3.37947e+00 6.06005e-01 -4.89971e-03
3.37947e+00 6.57930e-01 -5.76599e-03
3.37947e+00 7.11655e-01 -6.73221e-03
3.37947e+00 7.67127e-01 -7.80227e-03
3.37947e+00 8.24292e-01 -8.97899e-03
3.37947e+00 8.83095e-01 -1.02639e-02
3.37947e+00 9.43478e-01 -1.16566e-02
3.37947e+00 1.00538e+00 -1.31548e-02
3.37947e+00 1.06875e+00 -1.47536e-02
3.37947e+00 1.13351e+00 -1.64452e-02
3.37947e+00 1.19960e+00 -1.82182e-02
3.37947e+00 1.26697e+00 -2.00573e-02
3.37947e+00 1.33555e+00 -2.19432e-02
3.37947e+00 1.40526e+00 -2.38518e-02
3.37947e+00 1.47604e+00 -2.57543e-02
3.37947e+00 1.54782e+00 -2.76172e-02
3.37947e+00 1.62053e+00 -2.94028e-02
3.37947e+00 1.69410e+00 -3.10693e-02
3.37947e+00 1.76846e+00 -3.25726e-02
3.37947e+00 1.84353e+00 -3.38669e-02
3.37947e+00 1.91924e+00 -3.49070e-02
3.37947e+00 1.99553e+00 -3.56504e-02
3.37947e+00 2.07230e+00 -3.60593e-02
3.37947e+00 2.14949e+00 -3.61038e-02
3.37947e+00 2.22703e+00 -3.57637e-02
3.37947e+00 2.30483e+00 -3.50313e-02
3.37947e+00 2.38282e+00 -3.39125e-02
3.37947e+00 2.46093e+00 -3.24279e-02
3.37947e+00 2.53907e+00 -3.06130e-02
3.37947e+00 2.61718e+00 -2.85166e-02
3.37947e+00 2.69517e+00 -2.61986e-02
3.37947e+00 2.77297e+00 -2.37271e-02
3.37947e+00 2.85051e+00 -2.11745e-02
3.37947e+00 2.92770e+00 -1.86129e-02
3.37947e+00 3.00447e+00 -1.61102e-02
3.37947e+00 3.08076e+00 -1.37264e-02
3.37947e+00 3.15647e+00 -1.15103e-02
3.37947e+00 3.23154e+00 -9.49794e-03
3.37947e+00 3.30590e+00 -7.71192e-03
3.37947e+00 3.37947e+00 -6.16161e-03
3.37947e+00 3.45218e+00 -4.84479e-03
3.37947e+00 3.52396e+00 -3.74968e-03
3.37947e+00 3.59474e+00 -2.85749e-03
3.37947e+00 3.66445e+00 -2.14499e-03
3.37947e+00 3.73303e+00 -1.58687e-03
3.37947e+00 3.80040e+00 -1.15771e-03
3.37947e+00 3.86649e+00 -8.33525e-04
3.37947e+00 3.93125e+00 -5.92740e-04
3.37947e+00 3.99462e+00 -4.16722e-04
3.37947e+00 4.05652e+00 -2.89950e-04
3.37947e+00 4.11690e+00 -1.99892e-04
3.37947e+00 4.17571e+00 -1.36712e-04
3.37947e+00 4.23287e+00 -9.28836e-05
3.37947e+00 4.28835e+00 -6.27797e-05
3.37947e+00 4.34207e+00 -4.22768e-05
3.37947e+00 4.39400e+00 -2.84103e-05
3.37947e+00 4.44407e+00 -1.90835e-05
3.37947e+00 4.49224e+00 -1.28347e-05
3.37947e+00 4.53847e+00 -8.65793e-06
3.37947e+00 4.58271e+00 -5.86839e-06
3.37947e+00 4.62491e+00 -4.00385e-06
3.37947e+00 4.66504e+00 -2.75471e-06
3.37947e+00 4.70305e+00 -1.91467e-06
3.37947e+00 4.73890e+00 -1.34681e-06
3.37947e+00 4.77257e+00 -9.60448e-07
3.37947e+00 4.80402e+00 -6.95568e-07
3.37947e+00 4.83322e+00 -5.12415e-07
3.37947e+00 4.86014e+00 -3.84601e-07
3.37947e+00 4.88475e+00 -2.94550e-07
3.37947e+00 4.90703e+00 -2.30506e-07
3.37947e+00 4.92696e+00 -1.84565e-07
3.37947e+00 4.94452e+00 -1.51384e-07
3.37947e+00 4.95969e+00 -1.27334e-07
3.37947e+00 4.97246e+00 -1.09939e-07
3.37947e+00 4.98281e+00 -9.75103e-08
3.37947e+00 4.99074e+00 -8.89058e-08
3.37947e+00 4.99623e+00 -8.33703e-08
3.37947e+00 4.99928e+00 -8.04345e-08
3.45218e+00 7.15683e-04 -5.35265e-09
3.45218e+00 3.77012e-03 -1.48538e-07
3.45218e+00 9.26216e-03 -8.96503e-07
3.45218e+00 1.71877e-02 -3.08716e-06
3.45218e+00 2.75390e-02 -7.92541e-06
3.45218e+00 4.03061e-02 -1.69772e-05
3.45218e+00 5.54766e-02 -3.21617e-05
3.45218e+00 7.30356e-02 -5.57421e-05
3.45218e+00 9.29659e-02 -9.03137e-05
3.45218e+00 1.15248e-01 -1.38791e-04
3.45218e+00 1.39860e-01 -2.04394e-04
3.45218e+00 1.66779e-01 -2.90628e-04
3.45218e+00 1.95977e-01 -4.01267e-04
3.45218e+00 2.27426e-01 -5.40334e-04
3.45218e+00 2.61096e-01 -7.12072e-04
3.45218e+00 2.96953e-01 -9.20920e-04
3.45218e+00 3.34963e-01 -1.17148e-03
3.45218e+00 3.75089e-01 -1.46848e-03
3.45218e+00 4.17290e-01 -1.81673e-03
3.45218e+00 4.61527e-01 -2.22107e-03
3.45218e+00 5.07755e-01 -2.68630e-03
3.45218e+00 5.55930e-01 -3.21711e-03
3.45218e+00 6.06005e-01 -3.81797e-03
3.45218e+00 6.57930e-01 -4.49305e-03
3.45218e+00 7.11655e-01 -5.24602e-03
3.45218e+00 7.67127e-01 -6.07993e-03
3.45218e+00 8.24292e-01 -6.99700e-03
3.45218e+00 8.83095e-01 -7.99838e-03
3.45218e+00 9.43478e-01 -9.08386e-03
3.45218e+00 1.00538e+00 -1.02516e-02
3.45218e+00 1.06875e+00 -1.14979e-02
3.45218e+00 1.13351e+00 -1.28164e-02
3.45218e+00 1.19960e+00 -1.41986e-02
3.45218e+00 1.26697e+00 -1.56324e-02
3.45218e+00 1.33555e+00 -1.71028e-02
3.45218e+00 1.40526e+00 -1.85910e-02
3.45218e+00 1.47604e+00 -2.00746e-02
3.45218e+00 1.54782e+00 -2.15275e-02
3.45218e+00 1.62053e+00 -2.29203e-02
3.45218e+00 1.69410e+00 -2.42205e-02
3.45218e+00 1.76846e+00 -2.53937e-02
3.45218e+00 1.84353e+00 -2.64041e-02
3.45218e+00 1.91924e+00 -2.72165e-02
3.45218e+00 1.99553e+00 -2.77977e-02
3.45218e+00 2.07230e+00 -2.81182e-02
3.45218e+00 2.14949e+00 -2.81547e-02
3.45218e+00 2.22703e+00 -2.78913e-02
3.45218e+00 2.30483e+00 -2.73219e-02
3.45218e+00 2.38282e+00 -2.64510e-02
3.45218e+00 2.46093e+00 -2.52948e-02
3.45218e+00 2.53907e+00 -2.38808e-02
3.45218e+00 2.61718e+00 -2.22469e-02
3.45218e+00 2.69517e+00 -2.04400e-02
3.45218e+00 2.77297e+00 -1.85131e-02
3.45218e+00 2.85051e+00 -1.65226e-02
3.45218e+00 2.92770e+00 -1.45250e-02
3.45218e+00 3.00447e+00 -1.25730e-02
3.45218e+00 3.08076e+00 -1.07136e-02
3.45218e+00 3.15647e+00 -8.98473e-03
3.45218e+00 3.23154e+00 -7.41468e-03
3.45218e+00 3.30590e+00 -6.02102e-03
3.45218e+00 3.37947e+00 -4.81114e-03
3.45218e+00 3.45218e+00 -3.78333e-03
3.45218e+00 3.52396e+00 -2.92846e-03
3.45218e+00 3.59474e+00 -2.23191e-03
3.45218e+00 3.66445e+00 -1.67557e-03
3.45218e+00 3.73303e+00 -1.23972e-03
3.45218e+00 3.80040e+00 -9.04537e-04
3.45218e+00 3.86649e+00 -6.51314e-04
3.45218e+00 3.93125e+00 -4.63212e-04
3.45218e+00 3.99462e+00 -3.25691e-04
3.45218e+00 4.05652e+00 -2.26633e-04
3.45218e+00 4.11690e+00 -1.56256e-04
3.45218e+00 4.17571e+00 -1.06877e-04
3.45218e+00 4.23287e+00 -7.26204e-05
3.45218e+00 4.28835e+00 -4.90880e-05
3.45218e+00 4.34207e+00 -3.30593e-05
3.45218e+00 4.39400e+00 -2.22179e-05
3.45218e+00 4.44407e+00 -1.49250e-05
3.45218e+00 4.49224e+00 -1.00386e-05
3.45218e+00 4.53847e+00 -6.77224e-06
3.45218e+00 4.58271e+00 -4.59055e-06
3.45218e+00 4.62491e+00 -3.13220e-06
3.45218e+00 4.66504e+00 -2.15512e-06
3.45218e+00 4.70305e+00 -1.49800e-06
3.45218e+00 4.73890e+00 -1.05377e-06
3.45218e+00 4.77257e+00 -7.51506e-07
3.45218e+00 4.80402e+00 -5.44273e-07
3.45218e+00 4.83322e+00 -4.00974e-07
3.45218e+00 4.86014e+00 -3.00967e-07
3.45218e+00 4.88475e+00 -2.30505e-07
3.45218e+00 4.90703e+00 -1.80392e-07
3.45218e+00 4.92696e+00 -1.44442e-07
3.45218e+00 4.94452e+00 -1.18477e-07
3.45218e+00 4.95969e+00 -9.96567e-08
3.45218e+00 4.97246e+00 -8.60439e-08
3.45218e+00 4.98281e+00 -7.63177e-08
3.45218e+00 4.99074e+00 -6.95839e-08
3.45218e+00 4.99623e+00 -6.52519e-08
3.45218e+00 4.99928e+00 -6.29544e-08
3.52396e+00 7.15683e-04 -4.11000e-09
3.52396e+00 3.77012e-03 -1.14054e-07
3.52396e+00 9.26216e-03 -6.88375e-07
3.52396e+00 1.71877e-02 -2.37046e-06
3.52396e+00 2.75390e-02 -6.08548e-06
3.52396e+00 4.03061e-02 -1.30358e-05
3.52396e+00 5.54766e-02 -2.46952e-05
3.52396e+00 7.30356e-02 -4.28013e-05
3.52396e+00 9.29659e-02 -6.93469e-05
3.52396e+00 1.15248e-01 -1.06570e-04
3.52396e+00 1.39860e-01 -1.56943e-04
3.52396e+00 1.66779e-01 -2.23157e-04
3.52396e+00 1.95977e-01 -3.08112e-04
3.52396e+00 2.27426e-01 -4.14894e-04
3.52396e+00 2.61096e-01 -5.46764e-04
3.52396e+00 2.96953e-01 -7.07130e-04
3.52396e+00 3.34963e-01 -8.99525e-04
3.52396e+00 3.75089e-01 -1.12758e-03
3.52396e+00 4.17290e-01 -1.39499e-03
3.52396e+00 4.61527e-01 -1.70548e-03
3.52396e+00 5.07755e-01 -2.06272e-03
3.52396e+00 5.55930e-01 -2.47032e-03
3.52396e+00 6.06005e-01 -2.93173e-03
3.52396e+00 6.57930e-01 -3.45013e-03
3.52396e+00 7.11655e-01 -4.02835e-03
3.52396e+00 7.67127e-01 -4.66875e-03
3.52396e+00 8.24292e-01 -5.37302e-03
3.52396e+00 8.83095e-01 -6.14206e-03
3.52396e+00 9.43478e-01 -6.97570e-03
3.52396e+00 1.00538e+00 -7.87257e-03
3.52396e+00 1.06875e+00 -8.82973e-03
3.52396e+00 1.13351e+00 -9.84250e-03
3.52396e+00 1.19960e+00 -1.09041e-02
3.52396e+00 1.26697e+00 -1.20055e-02
3.52396e+00 1.33555e+00 -1.31351e-02
3.52396e+00 1.40526e+00 -1.42783e-02
3.52396e+00 1.47604e+00 -1.54182e-02
3.52396e+00 1.54782e+00 -1.65346e-02
3.52396e+00 1.62053e+00 -1.76049e-02
3.52396e+00 1.69410e+00 -1.86042e-02
3.52396e+00 1.76846e+00 -1.95060e-02
3.52396e+00 1.84353e+00 -2.02829e-02
3.52396e+00 1.91924e+00 -2.09078e-02
3.52396e+00 1.99553e+00 -2.13551e-02
3.52396e+00 2.07230e+00 -2.16024e-02
3.52396e+00 2.14949e+00 -2.16314e-02
3.52396e+00 2.22703e+00 -2.14301e-02
3.52396e+00 2.30483e+00 -2.09937e-02
3.52396e+00 2.38282e+00 -2.03256e-02
3.52396e+00 2.46093e+00 -1.94383e-02
3.52396e+00 2.53907e+00 -1.83527e-02
3.52396e+00 2.61718e+00 -1.70981e-02
3.52396e+00 2.69517e+00 -1.57104e-02
3.52396e+00 2.77297e+00 -1.42303e-02
3.52396e+00 2.85051e+00 -1.27012e-02
3.52396e+00 2.92770e+00 -1.11663e-02
3.52396e+00 3.00447e+00 -9.66647e-03
3.52396e+00 3.08076e+00 -8.23749e-03
3.52396e+00 3.15647e+00 -6.90877e-03
3.52396e+00 3.23154e+00 -5.70196e-03
3.52396e+00 3.30590e+00 -4.63061e-03
3.52396e+00 3.37947e+00 -3.70043e-03
3.52396e+00 3.45218e+00 -2.91015e-03
3.52396e+00 3.52396e+00 -2.25278e-03
3.52396e+00 3.59474e+00 -1.71709e-03
3.52396e+00 3.66445e+00 -1.28919e-03
3.52396e+00 3.73303e+00 -9.53928e-04
3.52396e+00 3.80040e+00 -6.96076e-04
3.52396e+00 3.86649e+00 -5.01254e-04
3.52396e+00 3.93125e+00 -3.56520e-04
3.52396e+00 3.99462e+00 -2.50695e-04
3.52396e+00 4.05652e+00 -1.74461e-04
3.52396e+00 4.11690e+00 -1.20294e-04
3.52396e+00 4.17571e+00 -8.22865e-05
3.52396e+00 4.23287e+00 -5.59156e-05
3.52396e+00 4.28835e+00 -3.77991e-05
3.52396e+00 4.34207e+00 -2.54583e-05
3.52396e+00 4.39400e+00 -1.71106e-05
3.52396e+00 4.44407e+00 -1.14949e-05
3.52396e+00 4.49224e+00 -7.73197e-06
3.52396e+00 4.53847e+00 -5.21644e-06
3.52396e+00 4.58271e+00 -3.53614e-06
3.52396e+00 4.62491e+00 -2.41289e-06
3.52396e+00 4.66504e+00 -1.66028e-06
3.52396e+00 4.70305e+00 -1.15409e-06
3.52396e+00 4.73890e+00 -8.11879e-07
3.52396e+00 4.77257e+00 -5.79022e-07
3.52396e+00 4.80402e+00 -4.19367e-07
3.52396e+00 4.83322e+00 -3.08964e-07
3.52396e+00 4.86014e+00 -2.31912e-07
3.52396e+00 4.88475e+00 -1.77622e-07
3.52396e+00 4.90703e+00 -1.39009e-07
3.52396e+00 4.92696e+00 -1.11309e-07
3.52396e+00 4.94452e+00 -9.13016e-08
3.52396e+00 4.95969e+00 -7.67993e-08
3.52396e+00 4.97246e+00 -6.63096e-08
3.52396e+00 4.98281e+00 -5.88147e-08
3.52396e+00 4.99074e+00 -5.36258e-08
3.52396e+00 4.99623e+00 -5.02875e-08
3.52396e+00 4.99928e+00 -4.85170e-08
3.59474e+00 7.15683e-04 -3.11064e-09
3.59474e+00 3.77012e-03 -8.63215e-08
3.59474e+00 9.26216e-03 -5.20994e-07
3.59474e+00 1.71877e-02 -1.79408e-06
3.59474e+00 2.75390e-02 -4.60578e-06
3.59474e+00 4.03061e-02 -9.86613e-06
3.59474e+00 5.54766e-02 -1.86905e-05
3.59474e+00 7.30356e-02 -3.23940e-05
3.59474e+00 9.29659e-02 -5.24850e-05
3.59474e+00 1.15248e-01 -8.06574e-05
3.59474e+00 1.39860e-01 -1.18782e-04
3.59474e+00 1.66779e-01 -1.68896e-04
3.59474e+00 1.95977e-01 -2.33194e-04
3.59474e+00 2.27426e-01 -3.14013e-04
3.59474e+00 2.61096e-01 -4.13819e-04
3.59474e+00 2.96953e-01 -5.35192e-04
3.59474e+00 3.34963e-01 -6.80808e-04
3.59474e+00 3.75089e-01 -8.53415e-04
3.59474e+00 4.17290e-01 -1.05581e-03
3.59474e+00 4.61527e-01 -1.29080e-03
3.59474e+00 5.07755e-01 -1.56119e-03
3.59474e+00 5.55930e-01 -1.86970e-03
3.59474e+00 6.06005e-01 -2.21893e-03
3.59474e+00 6.57930e-01 -2.61130e-03
3.59474e+00 7.11655e-01 -3.04896e-03
3.59474e+00 7.67127e-01 -3.53368e-03
3.59474e+00 8.24292e-01 -4.06676e-03
3.59474e+00 8.83095e-01 -4.64887e-03
3.59474e+00 9.43478e-01 -5.27990e-03
3.59474e+00 1.00538e+00 -5.95879e-03
3.59474e+00 1.06875e+00 -6.68335e-03
3.59474e+00 1.13351e+00 -7.45001e-03
3.59474e+00 1.19960e+00 -8.25369e-03
3.59474e+00 1.26697e+00 -9.08750e-03
3.59474e+00 1.33555e+00 -9.94264e-03
3.59474e+00 1.40526e+00 -1.08082e-02
3.59474e+00 1.47604e+00 -1.16713e-02
3.59474e+00 1.54782e+00 -1.25166e-02
3.59474e+00 1.62053e+00 -1.33271e-02
3.59474e+00 1.69410e+00 -1.40839e-02
3.59474e+00 1.76846e+00 -1.47670e-02
3.59474e+00 1.84353e+00 -1.53555e-02
3.59474e+00 1.91924e+00 -1.58291e-02
3.59474e+00 1.99553e+00 -1.61683e-02
3.59474e+00 2.07230e+00 -1.63560e-02
3.59474e+00 2.14949e+00 -1.63785e-02
3.59474e+00 2.22703e+00 -1.62267e-02
3.59474e+00 2.30483e+00 -1.58969e-02
3.59474e+00 2.38282e+00 -1.53917e-02
3.59474e+00 2.46093e+00 -1.47204e-02
3.59474e+00 2.53907e+00 -1.38989e-02
3.59474e+00 2.61718e+00 -1.29494e-02
3.59474e+00 2.69517e+00 -1.18990e-02
3.59474e+00 2.77297e+00 -1.07785e-02
3.59474e+00 2.85051e+00 -9.62086e-03
3.59474e+00 2.92770e+00 -8.45873e-03
3.59474e+00 3.00447e+00 -7.32298e-03
3.59474e+00 3.08076e+00 -6.24082e-03
3.59474e+00 3.15647e+00 -5.23450e-03
3.59474e+00 3.23154e+00 -4.32043e-03
3.59474e+00 3.30590e+00 -3.50889e-03
3.59474e+00 3.37947e+00 -2.80423e-03
3.59474e+00 3.45218e+00 -2.20550e-03
3.59474e+00 3.52396e+00 -1.70742e-03
3.59474e+00 3.59474e+00 -1.30150e-03
3.59474e+00 3.66445e+00 -9.77236e-04
3.59474e+00 3.73303e+00 -7.23149e-04
3.59474e+00 3.80040e+00 -5.27715e-04
3.59474e+00 3.86649e+00 -3.80041e-04
3.59474e+00 3.93125e+00 -2.70325e-04
3.59474e+00 3.99462e+00 -1.90098e-04
3.59474e+00 4.05652e+00 -1.32300e-04
3.59474e+00 4.11690e+00 -9.12294e-05
3.59474e+00 4.17571e+00 -6.24088e-05
3.59474e+00 4.23287e+00 -4.24109e-05
3.59474e+00 4.28835e+00 -2.86716e-05
3.59474e+00 4.34207e+00 -1.93119e-05
3.59474e+00 4.39400e+00 -1.29803e-05
3.59474e+00 4.44407e+00 -8.72065e-06
3.59474e+00 4.49224e+00 -5.86617e-06
3.59474e+00 4.53847e+00 -3.95785e-06
3.59474e+00 4.58271e+00 -2.68309e-06
3.59474e+00 4.62491e+00 -1.83088e-06
3.59474e+00 4.66504e+00 -1.25985e-06
3.59474e+00 4.70305e+00 -8.75783e-07
3.59474e+00 4.73890e+00 -6.16117e-07
3.59474e+00 4.77257e+00 -4.39421e-07
3.59474e+00 4.80402e+00 -3.18268e-07
3.59474e+00 4.83322e+00 -2.34487e-07
3.59474e+00 4.86014e+00 -1.76013e-07
3.59474e+00 4.88475e+00 -1.34812e-07
3.59474e+00 4.90703e+00 -1.05507e-07
3.59474e+00 4.92696e+00 -8.44846e-08
3.59474e+00 4.94452e+00 -6.93000e-08
3.59474e+00 4.95969e+00 -5.82932e-08
3.59474e+00 4.97246e+00 -5.03317e-08
3.59474e+00 4.98281e+00 -4.46432e-08
3.59474e+00 4.99074e+00 -4.07048e-08
3.59474e+00 4.99623e+00 -3.81711e-08
3.59474e+00 4.99928e+00 -3.68273e-08
3.66445e+00 7.15683e-04 -2.32125e-09
3.66445e+00 3.77012e-03 -6.44157e-08
3.66445e+00 9.26216e-03 -3.88781e-07
3.66445e+00 1.71877e-02 -1.33879e-06
3.66445e+00 2.75390e-02 -3.43697e-06
3.66445e+00 4.03061e-02 -7.36241e-06
3.66445e+00 5.54766e-02 -1.39474e-05
3.66445e+00 7.30356e-02 -2.41734e-05
3.66445e+00 9.29659e-02 -3.91659e-05
3.66445e+00 1.15248e-01 -6.01890e-05
3.66445e+00 1.39860e-01 -8.86387e-05
3.66445e+00 1.66779e-01 -1.26036e-04
3.66445e+00 1.95977e-01 -1.74017e-04
3.66445e+00 2.27426e-01 -2.34326e-04
3.66445e+00 2.61096e-01 -3.08805e-04
3.66445e+00 2.96953e-01 -3.99378e-04
3.66445e+00 3.34963e-01 -5.08042e-04
3.66445e+00 3.75089e-01 -6.36848e-04
3.66445e+00 4.17290e-01 -7.87883e-04
3.66445e+00 4.61527e-01 -9.63245e-04
3.66445e+00 5.07755e-01 -1.16502e-03
3.66445e+00 5.55930e-01 -1.39524e-03
3.66445e+00 6.06005e-01 -1.65586e-03
3.66445e+00 6.57930e-01 -1.94867e-03
3.66445e+00 7.11655e-01 -2.27528e-03
3.66445e+00 7.67127e-01 -2.63701e-03
3.66445e+00 8.24292e-01 -3.03483e-03
3.66445e+00 8.83095e-01 -3.46925e-03
3.66445e+00 9.43478e-01 -3.94018e-03
3.66445e+00 1.00538e+00 -4.44683e-03
3.66445e+00 1.06875e+00 -4.98758e-03
3.66445e+00 1.13351e+00 -5.55976e-03
3.66445e+00 1.19960e+00 -6.15957e-03
3.66445e+00 1.26697e+00 -6.78188e-03
3.66445e+00 1.33555e+00 -7.42014e-03
3.66445e+00 1.40526e+00 -8.06622e-03
3.66445e+00 1.47604e+00 -8.71042e-03
3.66445e+00 1.54782e+00 -9.34142e-03
3.66445e+00 1.62053e+00 -9.94644e-03
3.66445e+00 1.69410e+00 -1.05114e-02
3.66445e+00 1.76846e+00 -1.10214e-02
3.66445e+00 1.84353e+00 -1.14609e-02
3.66445e+00 1.91924e+00 -1.18146e-02
3.66445e+00 1.99553e+00 -1.20680e-02
3.66445e+00 2.07230e+00 -1.22084e-02
3.66445e+00 2.14949e+00 -1.22255e-02
3.66445e+00 2.22703e+00 -1.21125e-02
3.66445e+00 2.30483e+00 -1.18666e-02
3.66445e+00 2.38282e+00 -1.14898e-02
3.66445e+00 2.46093e+00 -1.09890e-02
3.66445e+00 2.53907e+00 -1.03761e-02
3.66445e+00 2.61718e+00 -9.66762e-03
3.66445e+00 2.69517e+00 -8.88374e-03
3.66445e+00 2.77297e+00 -8.04754e-03
3.66445e+00 2.85051e+00 -7.18349e-03
3.66445e+00 2.92770e+00 -6.31605e-03
3.66445e+00 3.00447e+00 -5.46824e-03
3.66445e+00 3.08076e+00 -4.66039e-03
3.66445e+00 3.15647e+00 -3.90909e-03
3.66445e+00 3.23154e+00 -3.22663e-03
3.66445e+00 3.30590e+00 -2.62068e-03
3.66445e+00 3.37947e+00 -2.09450e-03
3.66445e+00 3.45218e+00 -1.64739e-03
3.66445e+00 3.52396e+00 -1.27542e-03
3.66445e+00 3.59474e+00 -9.72263e-04
3.66445e+00 3.66445e+00 -7.30067e-04
3.66445e+00 3.73303e+00 -5.40276e-04
3.66445e+00 3.80040e+00 -3.94286e-04
3.66445e+00 3.86649e+00 -2.83967e-04
3.66445e+00 3.93125e+00 -2.01998e-04
3.66445e+00 3.99462e+00 -1.42057e-04
3.66445e+00 4.05652e+00 -9.88709e-05
3.66445e+00 4.11690e+00 -6.81814e-05
3.66445e+00 4.17571e+00 -4.66444e-05
3.66445e+00 4.23287e+00 -3.16996e-05
3.66445e+00 4.28835e+00 -2.14313e-05
3.66445e+00 4.34207e+00 -1.44358e-05
3.66445e+00 4.39400e+00 -9.70337e-06
3.66445e+00 4.44407e+00 -6.51936e-06
3.66445e+00 4.49224e+00 -4.38560e-06
3.66445e+00 4.53847e+00 -2.95904e-06
3.66445e+00 4.58271e+00 -2.00605e-06
3.66445e+00 4.62491e+00 -1.36894e-06
3.66445e+00 4.66504e+00 -9.42016e-07
3.66445e+00 4.70305e+00 -6.54859e-07
3.66445e+00 4.73890e+00 -4.60709e-07
3.66445e+00 4.77257e+00 -3.28592e-07
3.66445e+00 4.80402e+00 -2.38002e-07
3.66445e+00 4.83322e+00 -1.75354e-07
3.66445e+00 4.86014e+00 -1.31629e-07
3.66445e+00 4.88475e+00 -1.00819e-07
3.66445e+00 4.90703e+00 -7.89049e-08
3.66445e+00 4.92696e+00 -6.31837e-08
3.66445e+00 4.94452e+00 -5.18282e-08
3.66445e+00 4.95969e+00 -4.35969e-08
3.66445e+00 4.97246e+00 -3.76430e-08
3.66445e+00 4.98281e+00 -3.33888e-08
3.66445e+00 4.99074e+00 -3.04434e-08
3.66445e+00 4.99623e+00 -2.85485e-08
3.66445e+00 4.99928e+00 -2.75436e-08
3.73303e+00 7.15683e-04 -1.70858e-09
3.73303e+00 3.77012e-03 -4.74139e-08
3.73303e+00 9.26216e-03 -2.86167e-07
3.73303e+00 1.71877e-02 -9.85433e-07
3.73303e+00 2.75390e-02 -2.52982e-06
3.73303e+00 4.03061e-02 -5.41918e-06
3.73303e+00 5.54766e-02 -1.02661e-05
3.73303e+00 7.30356e-02 -1.77931e-05
3.73303e+00 9.29659e-02 -2.88285e-05
3.73303e+00 1.15248e-01 -4.43028e-05
3.73303e+00 1.39860e-01 -6.52435e-05
3.73303e+00 1.66779e-01 -9.27699e-05
3.73303e+00 1.95977e-01 -1.28087e-04
3.73303e+00 2.27426e-01 -1.72479e-04
3.73303e+00 2.61096e-01 -2.27299e-04
3.73303e+00 2.96953e-01 -2.93967e-04
3.73303e+00 3.34963e-01 -3.73951e-04
3.73303e+00 3.75089e-01 -4.68760e-04
3.73303e+00 4.17290e-01 -5.79931e-04
3.73303e+00 4.61527e-01 -7.09010e-04
3.73303e+00 5.07755e-01 -8.57530e-04
3.73303e+00 5.55930e-01 -1.02699e-03
3.73303e+00 6.06005e-01 -1.21882e-03
3.73303e+00 6.57930e-01 -1.43435e-03
3.73303e+00 7.11655e-01 -1.67476e-03
3.73303e+00 7.67127e-01 -1.94102e-03
3.73303e+00 8.24292e-01 -2.23385e-03
3.73303e+00 8.83095e-01 -2.55361e-03
3.73303e+00 9.43478e-01 -2.90026e-03
3.73303e+00 1.00538e+00 -3.27320e-03
3.73303e+00 1.06875e+00 -3.67124e-03
3.73303e+00 1.13351e+00 -4.09243e-03
3.73303e+00 1.19960e+00 -4.53395e-03
3.73303e+00 1.26697e+00 -4.99205e-03
3.73303e+00 1.33555e+00 -5.46189e-03
3.73303e+00 1.40526e+00 -5.93750e-03
3.73303e+00 1.47604e+00 -6.41172e-03
3.73303e+00 1.54782e+00 -6.87625e-03
3.73303e+00 1.62053e+00 -7.32167e-03
3.73303e+00 1.69410e+00 -7.73763e-03
3.73303e+00 1.76846e+00 -8.11310e-03
3.73303e+00 1.84353e+00 -8.43670e-03
3.73303e+00 1.91924e+00 -8.69715e-03
3.73303e+00 1.99553e+00 -8.88381e-03
3.73303e+00 2.07230e+00 -8.98728e-03
3.73303e+00 2.14949e+00 -9.00002e-03
3.73303e+00 2.22703e+00 -8.91698e-03
3.73303e+00 2.30483e+00 -8.73613e-03
3.73303e+00 2.38282e+00 -8.45890e-03
3.73303e+00 2.46093e+00 -8.09039e-03
3.73303e+00 2.53907e+00 -7.63935e-03
3.73303e+00 2.61718e+00 -7.11787e-03
3.73303e+00 2.69517e+00 -6.54090e-03
3.73303e+00 2.77297e+00 -5.92539e-03
3.73303e+00 2.85051e+00 -5.28935e-03
3.73303e+00 2.92770e+00 -4.65078e-03
3.73303e+00 3.00447e+00 -4.02663e-03
3.73303e+00 3.08076e+00 -3.43187e-03
3.73303e+00 3.15647e+00 -2.87873e-03
3.73303e+00 3.23154e+00 -2.37624e-03
3.73303e+00 3.30590e+00 -1.93006e-03
3.73303e+00 3.37947e+00 -1.54261e-03
3.73303e+00 3.45218e+00 -1.21336e-03
3.73303e+00 3.52396e+00 -9.39430e-04
3.73303e+00 3.59474e+00 -7.16164e-04
3.73303e+00 3.66445e+00 -5.37787e-04
3.73303e+00 3.73303e+00 -3.97999e-04
3.73303e+00 3.80040e+00 -2.90467e-04
3.73303e+00 3.86649e+00 -2.09205e-04
3.73303e+00 3.93125e+00 -1.48823e-04
3.73303e+00 3.99462e+00 -1.04666e-04
3.73303e+00 4.05652e+00 -7.28500e-05
3.73303e+00 4.11690e+00 -5.02396e-05
3.73303e+00 4.17571e+00 -3.43714e-05
3.73303e+00 4.23287e+00 -2.33598e-05
3.73303e+00 4.28835e+00 -1.57936e-05
3.73303e+00 4.34207e+00 -1.06388e-05
3.73303e+00 4.39400e+00 -7.15135e-06
3.73303e+00 4.44407e+00 -4.80492e-06
3.73303e+00 4.49224e+00 -3.23239e-06
3.73303e+00 4.53847e+00 -2.18102e-06
3.73303e+00 4.58271e+00 -1.47865e-06
3.73303e+00 4.62491e+00 -1.00906e-06
3.73303e+00 4.66504e+00 -6.94393e-07
3.73303e+00 4.70305e+00 -4.82732e-07
3.73303e+00 4.73890e+00 -3.39622e-07
3.73303e+00 4.77257e+00 -2.42234e-07
3.73303e+00 4.80402e+00 -1.75455e-07
3.73303e+00 4.83322e+00 -1.29274e-07
3.73303e+00 4.86014e+00 -9.70406e-08
3.73303e+00 4.88475e+00 -7.43279e-08
3.73303e+00 4.90703e+00 -5.81727e-08
3.73303e+00 4.92696e+00 -4.65828e-08
3.73303e+00 4.94452e+00 -3.82113e-08
3.73303e+00 4.95969e+00 -3.21429e-08
3.73303e+00 4.97246e+00 -2.77534e-08
3.73303e+00 4.98281e+00 -2.46170e-08
3.73303e+00 4.99074e+00 -2.24456e-08
3.73303e+00 4.99623e+00 -2.10486e-08
3.73303e+00 4.99928e+00 -2.03076e-08
3.80040e+00 7.15683e-04 -1.24113e-09
3.80040e+00 3.77012e-03 -3.44419e-08
3.80040e+00 9.26216e-03 -2.07874e-07
3.80040e+00 1.71877e-02 -7.15829e-07
3.80040e+00 2.75390e-02 -1.83769e-06
3.80040e+00 4.03061e-02 -3.93655e-06
3.80040e+00 5.54766e-02 -7.45743e-06
3.80040e+00 7.30356e-02 -1.29251e-05
3.80040e+00 9.29659e-02 -2.09413e-05
3.80040e+00 1.15248e-01 -3.21820e-05
3.80040e+00 1.39860e-01 -4.73935e-05
3.80040e+00 1.66779e-01 -6.73890e-05
3.80040e+00 1.95977e-01 -9.30437e-05
3.80040e+00 2.27426e-01 -1.25290e-04
3.80040e+00 2.61096e-01 -1.65113e-04
3.80040e+00 2.96953e-01 -2.13540e-04
3.80040e+00 3.34963e-01 -2.71641e-04
3.80040e+00 3.75089e-01 -3.40512e-04
3.80040e+00 4.17290e-01 -4.21268e-04
3.80040e+00 4.61527e-01 -5.15031e-04
3.80040e+00 5.07755e-01 -6.22918e-04
3.80040e+00 5.55930e-01 -7.46014e-04
3.80040e+00 6.06005e-01 -8.85362e-04
3.80040e+00 6.57930e-01 -1.04192e-03
3.80040e+00 7.11655e-01 -1.21656e-03
3.80040e+00 7.67127e-01 -1.40997e-03
3.80040e+00 8.24292e-01 -1.62269e-03
3.80040e+00 8.83095e-01 -1.85497e-03
3.80040e+00 9.43478e-01 -2.10677e-03
3.80040e+00 1.00538e+00 -2.37768e-03
3.80040e+00 1.06875e+00 -2.66682e-03
3.80040e+00 1.13351e+00 -2.97277e-03
3.80040e+00 1.19960e+00 -3.29350e-03
3.80040e+00 1.26697e+00 -3.62627e-03
3.80040e+00 1.33555e+00 -3.96757e-03
3.80040e+00 1.40526e+00 -4.31306e-03
3.80040e+00 1.47604e+00 -4.65755e-03
3.80040e+00 1.54782e+00 -4.99500e-03
3.80040e+00 1.62053e+00 -5.31857e-03
3.80040e+00 1.69410e+00 -5.62075e-03
3.80040e+00 1.76846e+00 -5.89352e-03
3.80040e+00 1.84353e+00 -6.12861e-03
3.80040e+00 1.91924e+00 -6.31784e-03
3.80040e+00 1.99553e+00 -6.45348e-03
3.80040e+00 2.07230e+00 -6.52868e-03
3.80040e+00 2.14949e+00 -6.53799e-03
3.80040e+00 2.22703e+00 -6.47772e-03
3.80040e+00 2.30483e+00 -6.34640e-03
3.80040e+00 2.38282e+00 -6.14508e-03
3.80040e+00 2.46093e+00 -5.87744e-03
3.80040e+00 2.53907e+00 -5.54984e-03
3.80040e+00 2.61718e+00 -5.17108e-03
3.80040e+00 2.69517e+00 -4.75199e-03
3.80040e+00 2.77297e+00 -4.30490e-03
3.80040e+00 2.85051e+00 -3.84287e-03
3.80040e+00 2.92770e+00 -3.37900e-03
3.80040e+00 3.00447e+00 -2.92559e-03
3.80040e+00 3.08076e+00 -2.49352e-03
3.80040e+00 3.15647e+00 -2.09167e-03
3.80040e+00 3.23154e+00 -1.72661e-03
3.80040e+00 3.30590e+00 -1.40245e-03
3.80040e+00 3.37947e+00 -1.12094e-03
3.80040e+00 3.45218e+00 -8.81721e-04
3.80040e+00 3.52396e+00 -6.82683e-04
3.80040e+00 3.59474e+00 -5.20452e-04
3.80040e+00 3.66445e+00 -3.90834e-04
3.80040e+00 3.73303e+00 -2.89253e-04
3.80040e+00 3.80040e+00 -2.11110e-04
3.80040e+00 3.86649e+00 -1.52054e-04
3.80040e+00 3.93125e+00 -1.08171e-04
3.80040e+00 3.99462e+00 -7.60780e-05
3.80040e+00 4.05652e+00 -5.29540e-05
3.80040e+00 4.11690e+00 -3.65199e-05
3.80040e+00 4.17571e+00 -2.49859e-05
3.80040e+00 4.23287e+00 -1.69816e-05
3.80040e+00 4.28835e+00 -1.14817e-05
3.80040e+00 4.34207e+00 -7.73444e-06
3.80040e+00 4.39400e+00 -5.19922e-06
3.80040e+00 4.44407e+00 -3.49340e-06
3.80040e+00 4.49224e+00 -2.35016e-06
3.80040e+00 4.53847e+00 -1.58579e-06
3.80040e+00 4.58271e+00 -1.07513e-06
3.80040e+00 4.62491e+00 -7.33711e-07
3.80040e+00 4.66504e+00 -5.04918e-07
3.80040e+00 4.70305e+00 -3.51019e-07
3.80040e+00 4.73890e+00 -2.46961e-07
3.80040e+00 4.77257e+00 -1.76147e-07
3.80040e+00 4.80402e+00 -1.27589e-07
3.80040e+00 4.83322e+00 -9.40079e-08
3.80040e+00 4.86014e+00 -7.05689e-08
3.80040e+00 4.88475e+00 -5.40527e-08
3.80040e+00 4.90703e+00 -4.23048e-08
3.80040e+00 4.92696e+00 -3.38766e-08
3.80040e+00 4.94452e+00 -2.77888e-08
3.80040e+00 4.95969e+00 -2.33758e-08
3.80040e+00 4.97246e+00 -2.01837e-08
3.80040e+00 4.98281e+00 -1.79028e-08
3.80040e+00 4.99074e+00 -1.63237e-08
3.80040e+00 4.99623e+00 -1.53078e-08
3.80040e+00 4.99928e+00 -1.47689e-08
3.86649e+00 7.15683e-04 -8.90320e-10
3.86649e+00 3.77012e-03 -2.47067e-08
3.86649e+00 9.26216e-03 -1.49118e-07
3.86649e+00 1.71877e-02 -5.13496e-07
3.86649e+00 2.75390e-02 -1.31826e-06
3.86649e+00 4.03061e-02 -2.82386e-06
3.86649e+00 5.54766e-02 -5.34955e-06
3.86649e+00 7.30356e-02 -9.27174e-06
3.86649e+00 9.29659e-02 -1.50221e-05
3.86649e+00 1.15248e-01 -2.30856e-05
3.86649e+00 1.39860e-01 -3.39975e-05
3.86649e+00 1.66779e-01 -4.83411e-05
3.86649e+00 1.95977e-01 -6.67443e-05
3.86649e+00 2.27426e-01 -8.98761e-05
3.86649e+00 2.61096e-01 -1.18442e-04
3.86649e+00 2.96953e-01 -1.53182e-04
3.86649e+00 3.34963e-01 -1.94860e-04
3.86649e+00 3.75089e-01 -2.44264e-04
3.86649e+00 4.17290e-01 -3.02193e-04
3.86649e+00 4.61527e-01 -3.69453e-04
3.86649e+00 5.07755e-01 -4.46844e-04
3.86649e+00 5.55930e-01 -5.35146e-04
3.86649e+00 6.06005e-01 -6.35104e-04
3.86649e+00 6.57930e-01 -7.47411e-04
3.86649e+00 7.11655e-01 -8.72681e-04
3.86649e+00 7.67127e-01 -1.01142e-03
3.86649e+00 8.24292e-01 -1.16401e-03
3.86649e+00 8.83095e-01 -1.33063e-03
3.86649e+00 9.43478e-01 -1.51125e-03
3.86649e+00 1.00538e+00 -1.70558e-03
3.86649e+00 1.06875e+00 -1.91298e-03
3.86649e+00 1.13351e+00 -2.13245e-03
3.86649e+00 1.19960e+00 -2.36251e-03
3.86649e+00 1.26697e+00 -2.60121e-03
3.86649e+00 1.33555e+00 -2.84602e-03
3.86649e+00 1.40526e+00 -3.09384e-03
3.86649e+00 1.47604e+00 -3.34095e-03
3.86649e+00 1.54782e+00 -3.58300e-03
3.86649e+00 1.62053e+00 -3.81509e-03
3.86649e+00 1.69410e+00 -4.03184e-03
3.86649e+00 1.76846e+00 -4.22750e-03
3.86649e+00 1.84353e+00 -4.39613e-03
3.86649e+00 1.91924e+00 -4.53187e-03
3.86649e+00 1.99553e+00 -4.62916e-03
3.86649e+00 2.07230e+00 -4.68311e-03
3.86649e+00 2.14949e+00 -4.68979e-03
3.86649e+00 2.22703e+00 -4.64657e-03
3.86649e+00 2.30483e+00 -4.55239e-03
3.86649e+00 2.38282e+00 -4.40799e-03
3.86649e+00 2.46093e+00 -4.21603e-03
3.86649e+00 2.53907e+00 -3.98106e-03
3.86649e+00 2.61718e+00 -3.70939e-03
3.86649e+00 2.69517e+00 -3.40879e-03
3.86649e+00 2.77297e+00 -3.08810e-03
3.86649e+00 2.85051e+00 -2.75669e-03
3.86649e+00 2.92770e+00 -2.42396e-03
3.86649e+00 3.00447e+00 -2.09873e-03
3.86649e+00 3.08076e+00 -1.78880e-03
3.86649e+00 3.15647e+00 -1.50055e-03
3.86649e+00 3.23154e+00 -1.23867e-03
3.86649e+00 3.30590e+00 -1.00614e-03
3.86649e+00 3.37947e+00 -8.04198e-04
3.86649e+00 3.45218e+00 -6.32585e-04
3.86649e+00 3.52396e+00 -4.89797e-04
3.86649e+00 3.59474e+00 -3.73411e-04
3.86649e+00 3.66445e+00 -2.80420e-04
3.86649e+00 3.73303e+00 -2.07541e-04
3.86649e+00 3.80040e+00 -1.51476e-04
3.86649e+00 3.86649e+00 -1.09105e-04
3.86649e+00 3.93125e+00 -7.76191e-05
3.86649e+00 3.99462e+00 -5.45918e-05
3.86649e+00 4.05652e+00 -3.79995e-05
3.86649e+00 4.11690e+00 -2.62071e-05
3.86649e+00 4.17571e+00 -1.79306e-05
3.86649e+00 4.23287e+00 -1.21868e-05
3.86649e+00 4.28835e+00 -8.23999e-06
3.86649e+00 4.34207e+00 -5.55086e-06
3.86649e+00 4.39400e+00 -3.73146e-06
3.86649e+00 4.44407e+00 -2.50726e-06
3.86649e+00 4.49224e+00 -1.68678e-06
3.86649e+00 4.53847e+00 -1.13819e-06
3.86649e+00 4.58271e+00 -7.71680e-07
3.86649e+00 4.62491e+00 -5.26634e-07
3.86649e+00 4.66504e+00 -3.62420e-07
3.86649e+00 4.70305e+00 -2.51958e-07
3.86649e+00 4.73890e+00 -1.77269e-07
3.86649e+00 4.77257e+00 -1.26440e-07
3.86649e+00 4.80402e+00 -9.15864e-08
3.86649e+00 4.83322e+00 -6.74817e-08
3.86649e+00 4.86014e+00 -5.06571e-08
3.86649e+00 4.88475e+00 -3.88014e-08
3.86649e+00 4.90703e+00 -3.03685e-08
3.86649e+00 4.92696e+00 -2.43185e-08
3.86649e+00 4.94452e+00 -1.99485e-08
3.86649e+00 4.95969e+00 -1.67807e-08
3.86649e+00 4.97246e+00 -1.44892e-08
3.86649e+00 4.98281e+00 -1.28519e-08
3.86649e+00 4.99074e+00 -1.17184e-08
3.86649e+00 4.99623e+00 -1.09891e-08
3.86649e+00 4.99928e+00 -1.06023e-08
3.93125e+00 7.15683e-04 -6.31174e-10
3.93125e+00 3.77012e-03 -1.75154e-08
3.93125e+00 9.26216e-03 -1.05714e-07
3.93125e+00 1.71877e-02 -3.64033e-07
3.93125e+00 2.75390e-02 -9.34551e-07
3.93125e+00 4.03061e-02 -2.00192e-06
3.93125e+00 5.54766e-02 -3.79246e-06
3.93125e+00 7.30356e-02 -6.57301e-06
3.93125e+00 9.29659e-02 -1.06496e-05
3.93125e+00 1.15248e-01 -1.63661e-05
3.93125e+00 1.39860e-01 -2.41018e-05
3.93125e+00 1.66779e-01 -3.42704e-05
3.93125e+00 1.95977e-01 -4.73170e-05
3.93125e+00 2.27426e-01 -6.37157e-05
3.93125e+00 2.61096e-01 -8.39672e-05
3.93125e+00 2.96953e-01 -1.08595e-04
3.93125e+00 3.34963e-01 -1.38141e-04
3.93125e+00 3.75089e-01 -1.73165e-04
3.93125e+00 4.17290e-01 -2.14232e-04
3.93125e+00 4.61527e-01 -2.61914e-04
3.93125e+00 5.07755e-01 -3.16778e-04
3.93125e+00 5.55930e-01 -3.79376e-04
3.93125e+00 6.06005e-01 -4.50238e-04
3.93125e+00 6.57930e-01 -5.29854e-04
3.93125e+00 7.11655e-01 -6.18658e-04
3.93125e+00 7.67127e-01 -7.17013e-04
3.93125e+00 8.24292e-01 -8.25179e-04
3.93125e+00 8.83095e-01 -9.43294e-04
3.93125e+00 9.43478e-01 -1.07134e-03
3.93125e+00 1.00538e+00 -1.20909e-03
3.93125e+00 1.06875e+00 -1.35612e-03
3.93125e+00 1.13351e+00 -1.51169e-03
3.93125e+00 1.19960e+00 -1.67477e-03
3.93125e+00 1.26697e+00 -1.84397e-03
3.93125e+00 1.33555e+00 -2.01751e-03
3.93125e+00 1.40526e+00 -2.19318e-03
3.93125e+00 1.47604e+00 -2.36833e-03
3.93125e+00 1.54782e+00 -2.53990e-03
3.93125e+00 1.62053e+00 -2.70441e-03
3.93125e+00 1.69410e+00 -2.85805e-03
3.93125e+00 1.76846e+00 -2.99673e-03
3.93125e+00 1.84353e+00 -3.11625e-03
3.93125e+00 1.91924e+00 -3.21245e-03
3.93125e+00 1.99553e+00 -3.28140e-03
3.93125e+00 2.07230e+00 -3.31963e-03
3.93125e+00 2.14949e+00 -3.32435e-03
3.93125e+00 2.22703e+00 -3.29371e-03
3.93125e+00 2.30483e+00 -3.22694e-03
3.93125e+00 2.38282e+00 -3.12458e-03
3.93125e+00 2.46093e+00 -2.98850e-03
3.93125e+00 2.53907e+00 -2.82194e-03
3.93125e+00 2.61718e+00 -2.62937e-03
3.93125e+00 2.69517e+00 -2.41630e-03
3.93125e+00 2.77297e+00 -2.18898e-03
3.93125e+00 2.85051e+00 -1.95407e-03
3.93125e+00 2.92770e+00 -1.71822e-03
3.93125e+00 3.00447e+00 -1.48769e-03
3.93125e+00 3.08076e+00 -1.26801e-03
3.93125e+00 3.15647e+00 -1.06368e-03
3.93125e+00 3.23154e+00 -8.78058e-04
3.93125e+00 3.30590e+00 -7.13229e-04
3.93125e+00 3.37947e+00 -5.70083e-04
3.93125e+00 3.45218e+00 -4.48434e-04
3.93125e+00 3.52396e+00 -3.47217e-04
3.93125e+00 3.59474e+00 -2.64715e-04
3.93125e+00 3.66445e+00 -1.98795e-04
3.93125e+00 3.73303e+00 -1.47133e-04
3.93125e+00 3.80040e+00 -1.07388e-04
3.93125e+00 3.86649e+00 -7.73504e-05
3.93125e+00 3.93125e+00 -5.50293e-05
3.93125e+00 3.99462e+00 -3.87044e-05
3.93125e+00 4.05652e+00 -2.69413e-05
3.93125e+00 4.11690e+00 -1.85809e-05
3.93125e+00 4.17571e+00 -1.27131e-05
3.93125e+00 4.23287e+00 -8.64079e-06
3.93125e+00 4.28835e+00 -5.84248e-06
3.93125e+00 4.34207e+00 -3.93584e-06
3.93125e+00 4.39400e+00 -2.64584e-06
3.93125e+00 4.44407e+00 -1.77783e-06
3.93125e+00 4.49224e+00 -1.19607e-06
3.93125e+00 4.53847e+00 -8.07083e-07
3.93125e+00 4.58271e+00 -5.47203e-07
3.93125e+00 4.62491e+00 -3.73444e-07
3.93125e+00 4.66504e+00 -2.57001e-07
3.93125e+00 4.70305e+00 -1.78672e-07
3.93125e+00 4.73890e+00 -1.25709e-07
3.93125e+00 4.77257e+00 -8.96651e-08
3.93125e+00 4.80402e+00 -6.49490e-08
3.93125e+00 4.83322e+00 -4.78554e-08
3.93125e+00 4.86014e+00 -3.59243e-08
3.93125e+00 4.88475e+00 -2.75169e-08
3.93125e+00 4.90703e+00 -2.15367e-08
3.93125e+00 4.92696e+00 -1.72463e-08
3.93125e+00 4.94452e+00 -1.41472e-08
3.93125e+00 4.95969e+00 -1.19007e-08
3.93125e+00 4.97246e+00 -1.02756e-08
3.93125e+00 4.98281e+00 -9.11451e-09
3.93125e+00 4.99074e+00 -8.31059e-09
3.93125e+00 4.99623e+00 -7.79339e-09
3.93125e+00 4.99928e+00 -7.51908e-09
3.99462e+00 7.15683e-04 -4.42596e-10
3.99462e+00 3.77012e-03 -1.22822e-08
3.99462e+00 9.26216e-03 -7.41294e-08
3.99462e+00 1.71877e-02 -2.55269e-07
3.99462e+00 2.75390e-02 -6.55331e-07
3.99462e+00 4.03061e-02 -1.40380e-06
3.99462e+00 5.54766e-02 -2.65937e-06
3.99462e+00 7.30356e-02 -4.60917e-06
3.99462e+00 9.29659e-02 -7.46781e-06
3.99462e+00 1.15248e-01 -1.14763e-05
3.99462e+00 1.39860e-01 -1.69008e-05
3.99462e+00 1.66779e-01 -2.40313e-05
3.99462e+00 1.95977e-01 -3.31798e-05
3.99462e+00 2.27426e-01 -4.46790e-05
3.99462e+00 2.61096e-01 -5.88798e-05
3.99462e+00 2.96953e-01 -7.61492e-05
3.99462e+00 3.34963e-01 -9.68679e-05
3.99462e+00 3.75089e-01 -1.21427e-04
3.99462e+00 4.17290e-01 -1.50224e-04
3.99462e+00 4.61527e-01 -1.83659e-04
3.99462e+00 5.07755e-01 -2.22130e-04
3.99462e+00 5.55930e-01 -2.66025e-04
3.99462e+00 6.06005e-01 -3.15713e-04
3.99462e+00 6.57930e-01 -3.71539e-04
3.99462e+00 7.11655e-01 -4.33808e-04
3.99462e+00 7.67127e-01 -5.02773e-04
3.99462e+00 8.24292e-01 -5.78618e-04
3.99462e+00 8.83095e-01 -6.61438e-04
3.99462e+00 9.43478e-01 -7.51218e-04
3.99462e+00 1.00538e+00 -8.47807e-04
3.99462e+00 1.06875e+00 -9.50893e-04
3.99462e+00 1.13351e+00 -1.05997e-03
3.99462e+00 1.19960e+00 -1.17431e-03
3.99462e+00 1.26697e+00 -1.29295e-03
3.99462e+00 1.33555e+00 -1.41462e-03
3.99462e+00 1.40526e+00 -1.53778e-03
3.99462e+00 1.47604e+00 -1.66058e-03
3.99462e+00 1.54782e+00 -1.78086e-03
3.99462e+00 1.62053e+00 -1.89619e-03
3.99462e+00 1.69410e+00 -2.00390e-03
3.99462e+00 1.76846e+00 -2.10111e-03
3.99462e+00 1.84353e+00 -2.18489e-03
3.99462e+00 1.91924e+00 -2.25232e-03
3.99462e+00 1.99553e+00 -2.30065e-03
3.99462e+00 2.07230e+00 -2.32743e-03
3.99462e+00 2.14949e+00 -2.33073e-03
3.99462e+00 2.22703e+00 -2.30922e-03
3.99462e+00 2.30483e+00 -2.26239e-03
3.99462e+00 2.38282e+00 -2.19061e-03
3.99462e+00 2.46093e+00 -2.09520e-03
3.99462e+00 2.53907e+00 -1.97841e-03
3.99462e+00 2.61718e+00 -1.84339e-03
3.99462e+00 2.69517e+00 -1.69401e-03
3.99462e+00 2.77297e+00 -1.53463e-03
3.99462e+00 2.85051e+00 -1.36994e-03
3.99462e+00 2.92770e+00 -1.20459e-03
3.99462e+00 3.00447e+00 -1.04298e-03
3.99462e+00 3.08076e+00 -8.88960e-04
3.99462e+00 3.15647e+00 -7.45715e-04
3.99462e+00 3.23154e+00 -6.15581e-04
3.99462e+00 3.30590e+00 -5.00025e-04
3.99462e+00 3.37947e+00 -3.99671e-04
3.99462e+00 3.45218e+00 -3.14387e-04
3.99462e+00 3.52396e+00 -2.43428e-04
3.99462e+00 3.59474e+00 -1.85588e-04
3.99462e+00 3.66445e+00 -1.39374e-04
3.99462e+00 3.73303e+00 -1.03154e-04
3.99462e+00 3.80040e+00 -7.52901e-05
3.99462e+00 3.86649e+00 -5.42312e-05
3.99462e+00 3.93125e+00 -3.85821e-05
3.99462e+00 3.99462e+00 -2.71367e-05
3.99462e+00 4.05652e+00 -1.88894e-05
3.99462e+00 4.11690e+00 -1.30278e-05
3.99462e+00 4.17571e+00 -8.91376e-06
3.99462e+00 4.23287e+00 -6.05855e-06
3.99462e+00 4.28835e+00 -4.09654e-06
3.99462e+00 4.34207e+00 -2.75971e-06
3.99462e+00 4.39400e+00 -1.85521e-06
3.99462e+00 4.44407e+00 -1.24659e-06
3.99462e+00 4.49224e+00 -8.38679e-07
3.99462e+00 4.53847e+00 -5.65929e-07
3.99462e+00 4.58271e+00 -3.83704e-07
3.99462e+00 4.62491e+00 -2.61865e-07
3.99462e+00 4.66504e+00 -1.80215e-07
3.99462e+00 4.70305e+00 -1.25290e-07
3.99462e+00 4.73890e+00 -8.81514e-08
3.99462e+00 4.77257e+00 -6.28767e-08
3.99462e+00 4.80402e+00 -4.55451e-08
3.99462e+00 4.83322e+00 -3.35586e-08
3.99462e+00 4.86014e+00 -2.51920e-08
3.99462e+00 4.88475e+00 -1.92964e-08
3.99462e+00 4.90703e+00 -1.51028e-08
3.99462e+00 4.92696e+00 -1.20942e-08
3.99462e+00 4.94452e+00 -9.92093e-09
3.99462e+00 4.95969e+00 -8.34554e-09
3.99462e+00 4.97246e+00 -7.20599e-09
3.99462e+00 4.98281e+00 -6.39174e-09
3.99462e+00 4.99074e+00 -5.82799e-09
3.99462e+00 4.99623e+00 -5.46529e-09
3.99462e+00 4.99928e+00 -5.27293e-09
4.05652e+00 7.15683e-04 -3.07290e-10
4.05652e+00 3.77012e-03 -8.52744e-09
4.05652e+00 9.26216e-03 -5.14674e-08
4.05652e+00 1.71877e-02 -1.77231e-07
4.05652e+00 2.75390e-02 -4.54991e-07
4.05652e+00 4.03061e-02 -9.74645e-07
4.05652e+00 5.54766e-02 -1.84638e-06
4.05652e+00 7.30356e-02 -3.20010e-06
4.05652e+00 9.29659e-02 -5.18483e-06
4.05652e+00 1.15248e-01 -7.96788e-06
4.05652e+00 1.39860e-01 -1.17341e-05
4.05652e+00 1.66779e-01 -1.66847e-05
4.05652e+00 1.95977e-01 -2.30364e-05
4.05652e+00 2.27426e-01 -3.10201e-05
4.05652e+00 2.61096e-01 -4.08795e-05
4.05652e+00 2.96953e-01 -5.28694e-05
4.05652e+00 3.34963e-01 -6.72540e-05
4.05652e+00 3.75089e-01 -8.43048e-05
4.05652e+00 4.17290e-01 -1.04298e-04
4.05652e+00 4.61527e-01 -1.27511e-04
4.05652e+00 5.07755e-01 -1.54221e-04
4.05652e+00 5.55930e-01 -1.84695e-04
4.05652e+00 6.06005e-01 -2.19192e-04
4.05652e+00 6.57930e-01 -2.57950e-04
4.05652e+00 7.11655e-01 -3.01180e-04
4.05652e+00 7.67127e-01 -3.49059e-04
4.05652e+00 8.24292e-01 -4.01713e-04
4.05652e+00 8.83095e-01 -4.59210e-04
4.05652e+00 9.43478e-01 -5.21537e-04
4.05652e+00 1.00538e+00 -5.88591e-04
4.05652e+00 1.06875e+00 -6.60154e-04
4.05652e+00 1.13351e+00 -7.35875e-04
4.05652e+00 1.19960e+00 -8.15251e-04
4.05652e+00 1.26697e+00 -8.97602e-04
4.05652e+00 1.33555e+00 -9.82059e-04
4.05652e+00 1.40526e+00 -1.06755e-03
4.05652e+00 1.47604e+00 -1.15279e-03
4.05652e+00 1.54782e+00 -1.23628e-03
4.05652e+00 1.62053e+00 -1.31633e-03
4.05652e+00 1.69410e+00 -1.39108e-03
4.05652e+00 1.76846e+00 -1.45855e-03
4.05652e+00 1.84353e+00 -1.51669e-03
4.05652e+00 1.91924e+00 -1.56348e-03
4.05652e+00 1.99553e+00 -1.59701e-03
4.05652e+00 2.07230e+00 -1.61559e-03
4.05652e+00 2.14949e+00 -1.61785e-03
4.05652e+00 2.22703e+00 -1.60291e-03
4.05652e+00 2.30483e+00 -1.57038e-03
4.05652e+00 2.38282e+00 -1.52054e-03
4.05652e+00 2.46093e+00 -1.45430e-03
4.05652e+00 2.53907e+00 -1.37322e-03
4.05652e+00 2.61718e+00 -1.27949e-03
4.05652e+00 2.69517e+00 -1.17579e-03
4.05652e+00 2.77297e+00 -1.06517e-03
4.05652e+00 2.85051e+00 -9.50849e-04
4.05652e+00 2.92770e+00 -8.36078e-04
4.05652e+00 3.00447e+00 -7.23898e-04
4.05652e+00 3.08076e+00 -6.16997e-04
4.05652e+00 3.15647e+00 -5.17573e-04
4.05652e+00 3.23154e+00 -4.27250e-04
4.05652e+00 3.30590e+00 -3.47046e-04
4.05652e+00 3.37947e+00 -2.77394e-04
4.05652e+00 3.45218e+00 -2.18202e-04
4.05652e+00 3.52396e+00 -1.68953e-04
4.05652e+00 3.59474e+00 -1.28809e-04
4.05652e+00 3.66445e+00 -9.67335e-05
4.05652e+00 3.73303e+00 -7.15952e-05
4.05652e+00 3.80040e+00 -5.22560e-05
4.05652e+00 3.86649e+00 -3.76399e-05
4.05652e+00 3.93125e+00 -2.67785e-05
4.05652e+00 3.99462e+00 -1.88348e-05
4.05652e+00 4.05652e+00 -1.31107e-05
4.05652e+00 4.11690e+00 -9.04234e-06
4.05652e+00 4.17571e+00 -6.18689e-06
4.05652e+00 4.23287e+00 -4.20516e-06
4.05652e+00 4.28835e+00 -2.84337e-06
4.05652e+00 4.34207e+00 -1.91550e-06
4.05652e+00 4.39400e+00 -1.28771e-06
4.05652e+00 4.44407e+00 -8.65268e-07
4.05652e+00 4.49224e+00 -5.82135e-07
4.05652e+00 4.53847e+00 -3.92820e-07
4.05652e+00 4.58271e+00 -2.66336e-07
4.05652e+00 4.62491e+00 -1.81767e-07
4.05652e+00 4.66504e+00 -1.25092e-07
4.05652e+00 4.70305e+00 -8.69676e-08
4.05652e+00 4.73890e+00 -6.11889e-08
4.05652e+00 4.77257e+00 -4.36451e-08
4.05652e+00 4.80402e+00 -3.16147e-08
4.05652e+00 4.83322e+00 -2.32944e-08
4.05652e+00 4.86014e+00 -1.74869e-08
4.05652e+00 4.88475e+00 -1.33946e-08
4.05652e+00 4.90703e+00 -1.04836e-08
4.05652e+00 4.92696e+00 -8.39519e-09
4.05652e+00 4.94452e+00 -6.88665e-09
4.05652e+00 4.95969e+00 -5.79310e-09
4.05652e+00 4.97246e+00 -5.00208e-09
4.05652e+00 4.98281e+00 -4.43687e-09
4.05652e+00 4.99074e+00 -4.04554e-09
4.05652e+00 4.99623e+00 -3.79378e-09
4.05652e+00 4.99928e+00 -3.66025e-09
4.11690e+00 7.15683e-04 -2.11471e-10
4.11690e+00 3.77012e-03 -5.86840e-09
4.11690e+00 9.26216e-03 -3.54187e-08
4.11690e+00 1.71877e-02 -1.21967e-07
4.11690e+00 2.75390e-02 -3.13115e-07
4.11690e+00 4.03061e-02 -6.70729e-07
4.11690e+00 5.54766e-02 -1.27064e-06
4.11690e+00 7.30356e-02 -2.20224e-06
4.11690e+00 9.29659e-02 -3.56808e-06
4.11690e+00 1.15248e-01 -5.48332e-06
4.11690e+00 1.39860e-01 -8.07512e-06
4.11690e+00 1.66779e-01 -1.14820e-05
4.11690e+00 1.95977e-01 -1.58531e-05
4.11690e+00 2.27426e-01 -2.13473e-05
4.11690e+00 2.61096e-01 -2.81323e-05
4.11690e+00 2.96953e-01 -3.63834e-05
4.11690e+00 3.34963e-01 -4.62824e-05
4.11690e+00 3.75089e-01 -5.80162e-05
4.11690e+00 4.17290e-01 -7.17748e-05
4.11690e+00 4.61527e-01 -8.77493e-05
4.11690e+00 5.07755e-01 -1.06129e-04
4.11690e+00 5.55930e-01 -1.27101e-04
4.11690e+00 6.06005e-01 -1.50839e-04
4.11690e+00 6.57930e-01 -1.77510e-04
4.11690e+00 7.11655e-01 -2.07259e-04
4.11690e+00 7.67127e-01 -2.40206e-04
4.11690e+00 8.24292e-01 -2.76438e-04
4.11690e+00 8.83095e-01 -3.16002e-04
4.11690e+00 9.43478e-01 -3.58890e-04
4.11690e+00 1.00538e+00 -4.05029e-04
4.11690e+00 1.06875e+00 -4.54271e-04
4.11690e+00 1.13351e+00 -5.06372e-04
4.11690e+00 1.19960e+00 -5.60987e-04
4.11690e+00 1.26697e+00 -6.17648e-04
4.11690e+00 1.33555e+00 -6.75757e-04
4.11690e+00 1.40526e+00 -7.34576e-04
4.11690e+00 1.47604e+00 -7.93219e-04
4.11690e+00 1.54782e+00 -8.50657e-04
4.11690e+00 1.62053e+00 -9.05727e-04
4.11690e+00 1.69410e+00 -9.57149e-04
4.11690e+00 1.76846e+00 -1.00356e-03
4.11690e+00 1.84353e+00 -1.04355e-03
4.11690e+00 1.91924e+00 -1.07573e-03
4.11690e+00 1.99553e+00 -1.09878e-03
4.11690e+00 2.07230e+00 -1.11155e-03
4.11690e+00 2.14949e+00 -1.11309e-03
4.11690e+00 2.22703e+00 -1.10279e-03
4.11690e+00 2.30483e+00 -1.08040e-03
4.11690e+00 2.38282e+00 -1.04610e-03
4.11690e+00 2.46093e+00 -1.00051e-03
4.11690e+00 2.53907e+00 -9.44719e-04
4.11690e+00 2.61718e+00 -8.80226e-04
4.11690e+00 2.69517e+00 -8.08874e-04
4.11690e+00 2.77297e+00 -7.32761e-04
4.11690e+00 2.85051e+00 -6.54111e-04
4.11690e+00 2.92770e+00 -5.75151e-04
4.11690e+00 3.00447e+00 -4.97975e-04
4.11690e+00 3.08076e+00 -4.24433e-04
4.11690e+00 3.15647e+00 -3.56035e-04
4.11690e+00 3.23154e+00 -2.93900e-04
4.11690e+00 3.30590e+00 -2.38727e-04
4.11690e+00 3.37947e+00 -1.90814e-04
4.11690e+00 3.45218e+00 -1.50096e-04
4.11690e+00 3.52396e+00 -1.16218e-04
4.11690e+00 3.59474e+00 -8.86034e-05
4.11690e+00 3.66445e+00 -6.65397e-05
4.11690e+00 3.73303e+00 -4.92478e-05
4.11690e+00 3.80040e+00 -3.59450e-05
4.11690e+00 3.86649e+00 -2.58911e-05
4.11690e+00 3.93125e+00 -1.84199e-05
4.11690e+00 3.99462e+00 -1.29557e-05
4.11690e+00 4.05652e+00 -9.01833e-06
4.11690e+00 4.11690e+00 -6.21990e-06
4.11690e+00 4.17571e+00 -4.25574e-06
4.11690e+00 4.23287e+00 -2.89259e-06
4.11690e+00 4.28835e+00 -1.95587e-06
4.11690e+00 4.34207e+00 -1.31762e-06
4.11690e+00 4.39400e+00 -8.85776e-07
4.11690e+00 4.44407e+00 -5.95195e-07
4.11690e+00 4.49224e+00 -4.00437e-07
4.11690e+00 4.53847e+00 -2.70212e-07
4.11690e+00 4.58271e+00 -1.83207e-07
4.11690e+00 4.62491e+00 -1.25034e-07
4.11690e+00 4.66504e+00 -8.60488e-08
4.11690e+00 4.70305e+00 -5.98238e-08
4.11690e+00 4.73890e+00 -4.20911e-08
4.11690e+00 4.77257e+00 -3.00230e-08
4.11690e+00 4.80402e+00 -2.17475e-08
4.11690e+00 4.83322e+00 -1.60241e-08
4.11690e+00 4.86014e+00 -1.20292e-08
4.11690e+00 4.88475e+00 -9.21406e-09
4.11690e+00 4.90703e+00 -7.21164e-09
4.11690e+00 4.92696e+00 -5.77503e-09
4.11690e+00 4.94452e+00 -4.73731e-09
4.11690e+00 4.95969e+00 -3.98507e-09
4.11690e+00 4.97246e+00 -3.44093e-09
4.11690e+00 4.98281e+00 -3.05212e-09
4.11690e+00 4.99074e+00 -2.78293e-09
4.11690e+00 4.99623e+00 -2.60974e-09
4.11690e+00 4.99928e+00 -2.51789e-09
4.17571e+00 7.15683e-04 -1.44422e-10
4.17571e+00 3.77012e-03 -4.00776e-09
4.17571e+00 9.26216e-03 -2.41889e-08
4.17571e+00 1.71877e-02 -8.32958e-08
4.17571e+00 2.75390e-02 -2.13838e-07
4.17571e+00 4.03061e-02 -4.58067e-07
4.17571e+00 5.54766e-02 -8.67767e-07
4.17571e+00 7.30356e-02 -1.50400e-06
4.17571e+00 9.29659e-02 -2.43678e-06
4.17571e+00 1.15248e-01 -3.74477e-06
4.17571e+00 1.39860e-01 -5.51481e-06
4.17571e+00 1.66779e-01 -7.84150e-06
4.17571e+00 1.95977e-01 -1.08267e-05
4.17571e+00 2.27426e-01 -1.45789e-05
4.17571e+00 2.61096e-01 -1.92125e-05
4.17571e+00 2.96953e-01 -2.48475e-05
4.17571e+00 3.34963e-01 -3.16078e-05
4.17571e+00 3.75089e-01 -3.96212e-05
4.17571e+00 4.17290e-01 -4.90172e-05
4.17571e+00 4.61527e-01 -5.99265e-05
4.17571e+00 5.07755e-01 -7.24787e-05
4.17571e+00 5.55930e-01 -8.68001e-05
4.17571e+00 6.06005e-01 -1.03012e-04
4.17571e+00 6.57930e-01 -1.21225e-04
4.17571e+00 7.11655e-01 -1.41540e-04
4.17571e+00 7.67127e-01 -1.64039e-04
4.17571e+00 8.24292e-01 -1.88782e-04
4.17571e+00 8.83095e-01 -2.15799e-04
4.17571e+00 9.43478e-01 -2.45085e-04
4.17571e+00 1.00538e+00 -2.76591e-04
4.17571e+00 1.06875e+00 -3.10215e-04
4.17571e+00 1.13351e+00 -3.45791e-04
4.17571e+00 1.19960e+00 -3.83083e-04
4.17571e+00 1.26697e+00 -4.21770e-04
4.17571e+00 1.33555e+00 -4.61446e-04
4.17571e+00 1.40526e+00 -5.01605e-04
4.17571e+00 1.47604e+00 -5.41642e-04
4.17571e+00 1.54782e+00 -5.80856e-04
4.17571e+00 1.62053e+00 -6.18451e-04
4.17571e+00 1.69410e+00 -6.53554e-04
4.17571e+00 1.76846e+00 -6.85233e-04
4.17571e+00 1.84353e+00 -7.12529e-04
4.17571e+00 1.91924e+00 -7.34490e-04
4.17571e+00 1.99553e+00 -7.50218e-04
4.17571e+00 2.07230e+00 -7.58920e-04
4.17571e+00 2.14949e+00 -7.59962e-04
4.17571e+00 2.22703e+00 -7.52918e-04
4.17571e+00 2.30483e+00 -7.37619e-04
4.17571e+00 2.38282e+00 -7.14187e-04
4.17571e+00 2.46093e+00 -6.83052e-04
4.17571e+00 2.53907e+00 -6.44953e-04
4.17571e+00 2.61718e+00 -6.00914e-04
4.17571e+00 2.69517e+00 -5.52195e-04
4.17571e+00 2.77297e+00 -5.00227e-04
4.17571e+00 2.85051e+00 -4.46529e-04
4.17571e+00 2.92770e+00 -3.92621e-04
4.17571e+00 3.00447e+00 -3.39933e-04
4.17571e+00 3.08076e+00 -2.89727e-04
4.17571e+00 3.15647e+00 -2.43035e-04
4.17571e+00 3.23154e+00 -2.00618e-04
4.17571e+00 3.30590e+00 -1.62955e-04
4.17571e+00 3.37947e+00 -1.30247e-04
4.17571e+00 3.45218e+00 -1.02453e-04
4.17571e+00 3.52396e+00 -7.93275e-05
4.17571e+00 3.59474e+00 -6.04782e-05
4.17571e+00 3.66445e+00 -4.54178e-05
4.17571e+00 3.73303e+00 -3.36147e-05
4.17571e+00 3.80040e+00 -2.45345e-05
4.17571e+00 3.86649e+00 -1.76721e-05
4.17571e+00 3.93125e+00 -1.25726e-05
4.17571e+00 3.99462e+00 -8.84292e-06
4.17571e+00 4.05652e+00 -6.15544e-06
4.17571e+00 4.11690e+00 -4.24536e-06
4.17571e+00 4.17571e+00 -2.90473e-06
4.17571e+00 4.23287e+00 -1.97432e-06
4.17571e+00 4.28835e+00 -1.33496e-06
4.17571e+00 4.34207e+00 -8.99328e-07
4.17571e+00 4.39400e+00 -6.04579e-07
4.17571e+00 4.44407e+00 -4.06245e-07
4.17571e+00 4.49224e+00 -2.73314e-07
4.17571e+00 4.53847e+00 -1.84431e-07
4.17571e+00 4.58271e+00 -1.25047e-07
4.17571e+00 4.62491e+00 -8.53409e-08
4.17571e+00 4.66504e+00 -5.87319e-08
4.17571e+00 4.70305e+00 -4.08323e-08
4.17571e+00 4.73890e+00 -2.87289e-08
4.17571e+00 4.77257e+00 -2.04920e-08
4.17571e+00 4.80402e+00 -1.48436e-08
4.17571e+00 4.83322e+00 -1.09371e-08
4.17571e+00 4.86014e+00 -8.21043e-09
4.17571e+00 4.88475e+00 -6.28900e-09
4.17571e+00 4.90703e+00 -4.92226e-09
4.17571e+00 4.92696e+00 -3.94171e-09
4.17571e+00 4.94452e+00 -3.23342e-09
4.17571e+00 4.95969e+00 -2.71998e-09
4.17571e+00 4.97246e+00 -2.34859e-09
4.17571e+00 4.98281e+00 -2.08321e-09
4.17571e+00 4.99074e+00 -1.89947e-09
4.17571e+00 4.99623e+00 -1.78126e-09
4.17571e+00 4.99928e+00 -1.71857e-09
4.23287e+00 7.15683e-04 -9.80077e-11
4.23287e+00 3.77012e-03 -2.71975e-09
4.23287e+00 9.26216e-03 -1.64151e-08
4.23287e+00 1.71877e-02 -5.65264e-08
4.23287e+00 2.75390e-02 -1.45115e-07
4.23287e+00 4.03061e-02 -3.10855e-07
4.23287e+00 5.54766e-02 -5.88886e-07
4.23287e+00 7.30356e-02 -1.02064e-06
4.23287e+00 9.29659e-02 -1.65365e-06
4.23287e+00 1.15248e-01 -2.54128e-06
4.23287e+00 1.39860e-01 -3.74247e-06
4.23287e+00 1.66779e-01 -5.32141e-06
4.23287e+00 1.95977e-01 -7.34721e-06
4.23287e+00 2.27426e-01 -9.89351e-06
4.23287e+00 2.61096e-01 -1.30380e-05
4.23287e+00 2.96953e-01 -1.68619e-05
4.23287e+00 3.34963e-01 -2.14496e-05
4.23287e+00 3.75089e-01 -2.68875e-05
4.23287e+00 4.17290e-01 -3.32637e-05
4.23287e+00 4.61527e-01 -4.06668e-05
4.23287e+00 5.07755e-01 -4.91847e-05
4.23287e+00 5.55930e-01 -5.89031e-05
4.23287e+00 6.06005e-01 -6.99040e-05
4.23287e+00 6.57930e-01 -8.22634e-05
4.23287e+00 7.11655e-01 -9.60487e-05
4.23287e+00 7.67127e-01 -1.11316e-04
4.23287e+00 8.24292e-01 -1.28105e-04
4.23287e+00 8.83095e-01 -1.46437e-04
4.23287e+00 9.43478e-01 -1.66309e-04
4.23287e+00 1.00538e+00 -1.87687e-04
4.23287e+00 1.06875e+00 -2.10501e-04
4.23287e+00 1.13351e+00 -2.34640e-04
4.23287e+00 1.19960e+00 -2.59941e-04
4.23287e+00 1.26697e+00 -2.86190e-04
4.23287e+00 1.33555e+00 -3.13108e-04
4.23287e+00 1.40526e+00 -3.40353e-04
4.23287e+00 1.47604e+00 -3.67514e-04
4.23287e+00 1.54782e+00 -3.94116e-04
4.23287e+00 1.62053e+00 -4.19618e-04
4.23287e+00 1.69410e+00 -4.43429e-04
4.23287e+00 1.76846e+00 -4.64916e-04
4.23287e+00 1.84353e+00 -4.83428e-04
4.23287e+00 1.91924e+00 -4.98319e-04
4.23287e+00 1.99553e+00 -5.08981e-04
4.23287e+00 2.07230e+00 -5.14876e-04
4.23287e+00 2.14949e+00 -5.15574e-04
4.23287e+00 2.22703e+00 -5.10786e-04
4.23287e+00 2.30483e+00 -5.00397e-04
4.23287e+00 2.38282e+00 -4.84492e-04
4.23287e+00 2.46093e+00 -4.63362e-04
4.23287e+00 2.53907e+00 -4.37509e-04
4.23287e+00 2.61718e+00 -4.07628e-04
4.23287e+00 2.69517e+00 -3.74573e-04
4.23287e+00 2.77297e+00 -3.39315e-04
4.23287e+00 2.85051e+00 -3.02885e-04
4.23287e+00 2.92770e+00 -2.66314e-04
4.23287e+00 3.00447e+00 -2.30572e-04
4.23287e+00 3.08076e+00 -1.96515e-04
4.23287e+00 3.15647e+00 -1.64842e-04
4.23287e+00 3.23154e+00 -1.36070e-04
4.23287e+00 3.30590e+00 -1.10523e-04
4.23287e+00 3.37947e+00 -8.83385e-05
4.23287e+00 3.45218e+00 -6.94865e-05
4.23287e+00 3.52396e+00 -5.38014e-05
4.23287e+00 3.59474e+00 -4.10169e-05
4.23287e+00 3.66445e+00 -3.08025e-05
4.23287e+00 3.73303e+00 -2.27974e-05
4.23287e+00 3.80040e+00 -1.66391e-05
4.23287e+00 3.86649e+00 -1.19849e-05
4.23287e+00 3.93125e+00 -8.52646e-06
4.23287e+00 3.99462e+00 -5.99704e-06
4.23287e+00 4.05652e+00 -4.17444e-06
4.23287e+00 4.11690e+00 -2.87906e-06
4.23287e+00 4.17571e+00 -1.96988e-06
4.23287e+00 4.23287e+00 -1.33890e-06
4.23287e+00 4.28835e+00 -9.05314e-07
4.23287e+00 4.34207e+00 -6.09883e-07
4.23287e+00 4.39400e+00 -4.09996e-07
4.23287e+00 4.44407e+00 -2.75495e-07
4.23287e+00 4.49224e+00 -1.85348e-07
4.23287e+00 4.53847e+00 -1.25071e-07
4.23287e+00 4.58271e+00 -8.47998e-08
4.23287e+00 4.62491e+00 -5.78735e-08
4.23287e+00 4.66504e+00 -3.98286e-08
4.23287e+00 4.70305e+00 -2.76901e-08
4.23287e+00 4.73890e+00 -1.94823e-08
4.23287e+00 4.77257e+00 -1.38964e-08
4.23287e+00 4.80402e+00 -1.00660e-08
4.23287e+00 4.83322e+00 -7.41689e-09
4.23287e+00 4.86014e+00 -5.56781e-09
4.23287e+00 4.88475e+00 -4.26481e-09
4.23287e+00 4.90703e+00 -3.33797e-09
4.23287e+00 4.92696e+00 -2.67302e-09
4.23287e+00 4.94452e+00 -2.19270e-09
4.23287e+00 4.95969e+00 -1.84452e-09
4.23287e+00 4.97246e+00 -1.59266e-09
4.23287e+00 4.98281e+00 -1.41270e-09
4.23287e+00 4.99074e+00 -1.28810e-09
4.23287e+00 4.99623e+00 -1.20794e-09
4.23287e+00 4.99928e+00 -1.16542e-09
4.28835e+00 7.15683e-04 -6.61818e-11
4.28835e+00 3.77012e-03 -1.83657e-09
4.28835e+00 9.26216e-03 -1.10846e-08
4.28835e+00 1.71877e-02 -3.81707e-08
4.28835e+00 2.75390e-02 -9.79923e-08
4.28835e+00 4.03061e-02 -2.09911e-07
4.28835e+00 5.54766e-02 -3.97658e-07
4.28835e+00 7.30356e-02 -6.89212e-07
4.28835e+00 9.29659e-02 -1.11667e-06
4.28835e+00 1.15248e-01 -1.71605e-06
4.28835e+00 1.39860e-01 -2.52718e-06
4.28835e+00 1.66779e-01 -3.59339e-06
4.28835e+00 1.95977e-01 -4.96135e-06
4.28835e+00 2.27426e-01 -6.68078e-06
4.28835e+00 2.61096e-01 -8.80414e-06
4.28835e+00 2.96953e-01 -1.13863e-05
4.28835e+00 3.34963e-01 -1.44842e-05
4.28835e+00 3.75089e-01 -1.81562e-05
4.28835e+00 4.17290e-01 -2.24618e-05
4.28835e+00 4.61527e-01 -2.74607e-05
4.28835e+00 5.07755e-01 -3.32124e-05
4.28835e+00 5.55930e-01 -3.97747e-05
4.28835e+00 6.06005e-01 -4.72029e-05
4.28835e+00 6.57930e-01 -5.55483e-05
4.28835e+00 7.11655e-01 -6.48565e-05
4.28835e+00 7.67127e-01 -7.51650e-05
4.28835e+00 8.24292e-01 -8.65012e-05
4.28835e+00 8.83095e-01 -9.88792e-05
4.28835e+00 9.43478e-01 -1.12296e-04
4.28835e+00 1.00538e+00 -1.26730e-04
4.28835e+00 1.06875e+00 -1.42133e-04
4.28835e+00 1.13351e+00 -1.58430e-04
4.28835e+00 1.19960e+00 -1.75512e-04
4.28835e+00 1.26697e+00 -1.93233e-04
4.28835e+00 1.33555e+00 -2.11405e-04
4.28835e+00 1.40526e+00 -2.29797e-04
4.28835e+00 1.47604e+00 -2.48133e-04
4.28835e+00 1.54782e+00 -2.66089e-04
4.28835e+00 1.62053e+00 -2.83303e-04
4.28835e+00 1.69410e+00 -2.99374e-04
4.28835e+00 1.76846e+00 -3.13875e-04
4.28835e+00 1.84353e+00 -3.26367e-04
4.28835e+00 1.91924e+00 -3.36415e-04
4.28835e+00 1.99553e+00 -3.43606e-04
4.28835e+00 2.07230e+00 -3.47580e-04
4.28835e+00 2.14949e+00 -3.48044e-04
4.28835e+00 2.22703e+00 -3.44805e-04
4.28835e+00 2.30483e+00 -3.37786e-04
4.28835e+00 2.38282e+00 -3.27043e-04
4.28835e+00 2.46093e+00 -3.12774e-04
4.28835e+00 2.53907e+00 -2.95317e-04
4.28835e+00 2.61718e+00 -2.75141e-04
4.28835e+00 2.69517e+00 -2.52825e-04
4.28835e+00 2.77297e+00 -2.29022e-04
4.28835e+00 2.85051e+00 -2.04430e-04
4.28835e+00 2.92770e+00 -1.79743e-04
4.28835e+00 3.00447e+00 -1.55617e-04
4.28835e+00 3.08076e+00 -1.32629e-04
4.28835e+00 3.15647e+00 -1.11251e-04
4.28835e+00 3.23154e+00 -9.18311e-05
4.28835e+00 3.30590e+00 -7.45887e-05
4.28835e+00 3.37947e+00 -5.96160e-05
4.28835e+00 3.45218e+00 -4.68928e-05
4.28835e+00 3.52396e+00 -3.63072e-05
4.28835e+00 3.59474e+00 -2.76794e-05
4.28835e+00 3.66445e+00 -2.07861e-05
4.28835e+00 3.73303e+00 -1.53839e-05
4.28835e+00 3.80040e+00 -1.12281e-05
4.28835e+00 3.86649e+00 -8.08739e-06
4.28835e+00 3.93125e+00 -5.75356e-06
4.28835e+00 3.99462e+00 -4.04670e-06
4.28835e+00 4.05652e+00 -2.81681e-06
4.28835e+00 4.11690e+00 -1.94271e-06
4.28835e+00 4.17571e+00 -1.32921e-06
4.28835e+00 4.23287e+00 -9.03438e-07
4.28835e+00 4.28835e+00 -6.10865e-07
4.28835e+00 4.34207e+00 -4.11520e-07
4.28835e+00 4.39400e+00 -2.76644e-07
4.28835e+00 4.44407e+00 -1.85889e-07
4.28835e+00 4.49224e+00 -1.25062e-07
4.28835e+00 4.53847e+00 -8.43903e-08
4.28835e+00 4.58271e+00 -5.72174e-08
4.28835e+00 4.62491e+00 -3.90491e-08
4.28835e+00 4.66504e+00 -2.68736e-08
4.28835e+00 4.70305e+00 -1.86833e-08
4.28835e+00 4.73890e+00 -1.31452e-08
4.28835e+00 4.77257e+00 -9.37626e-09
4.28835e+00 4.80402e+00 -6.79177e-09
4.28835e+00 4.83322e+00 -5.00433e-09
4.28835e+00 4.86014e+00 -3.75671e-09
4.28835e+00 4.88475e+00 -2.87755e-09
4.28835e+00 4.90703e+00 -2.25218e-09
4.28835e+00 4.92696e+00 -1.80353e-09
4.28835e+00 4.94452e+00 -1.47945e-09
4.28835e+00 4.95969e+00 -1.24452e-09
4.28835e+00 4.97246e+00 -1.07459e-09
4.28835e+00 4.98281e+00 -9.53167e-10
4.28835e+00 4.99074e+00 -8.69098e-10
4.28835e+00 4.99623e+00 -8.15012e-10
4.28835e+00 4.99928e+00 -7.86326e-10
4.34207e+00 7.15683e-04 -4.45358e-11
4.34207e+00 3.77012e-03 -1.23589e-09
4.34207e+00 9.26216e-03 -7.45920e-09
4.34207e+00 1.71877e-02 -2.56862e-08
4.34207e+00 2.75390e-02 -6.59421e-08
4.34207e+00 4.03061e-02 -1.41256e-07
4.34207e+00 5.54766e-02 -2.67596e-07
4.34207e+00 7.30356e-02 -4.63792e-07
4.34207e+00 9.29659e-02 -7.51438e-07
4.34207e+00 1.15248e-01 -1.15479e-06
4.34207e+00 1.39860e-01 -1.70061e-06
4.34207e+00 1.66779e-01 -2.41810e-06
4.34207e+00 1.95977e-01 -3.33864e-06
4.34207e+00 2.27426e-01 -4.49569e-06
4.34207e+00 2.61096e-01 -5.92455e-06
4.34207e+00 2.96953e-01 -7.66215e-06
4.34207e+00 3.34963e-01 -9.74677e-06
4.34207e+00 3.75089e-01 -1.22177e-05
4.34207e+00 4.17290e-01 -1.51150e-05
4.34207e+00 4.61527e-01 -1.84789e-05
4.34207e+00 5.07755e-01 -2.23492e-05
4.34207e+00 5.55930e-01 -2.67650e-05
4.34207e+00 6.06005e-01 -3.17634e-05
4.34207e+00 6.57930e-01 -3.73789e-05
4.34207e+00 7.11655e-01 -4.36423e-05
4.34207e+00 7.67127e-01 -5.05786e-05
4.34207e+00 8.24292e-01 -5.82063e-05
4.34207e+00 8.83095e-01 -6.65349e-05
4.34207e+00 9.43478e-01 -7.55626e-05
4.34207e+00 1.00538e+00 -8.52741e-05
4.34207e+00 1.06875e+00 -9.56377e-05
4.34207e+00 1.13351e+00 -1.06602e-04
4.34207e+00 1.19960e+00 -1.18095e-04
4.34207e+00 1.26697e+00 -1.30017e-04
4.34207e+00 1.33555e+00 -1.42242e-04
4.34207e+00 1.40526e+00 -1.54615e-04
4.34207e+00 1.47604e+00 -1.66949e-04
4.34207e+00 1.54782e+00 -1.79028e-04
4.34207e+00 1.62053e+00 -1.90607e-04
4.34207e+00 1.69410e+00 -2.01416e-04
4.34207e+00 1.76846e+00 -2.11169e-04
4.34207e+00 1.84353e+00 -2.19569e-04
4.34207e+00 1.91924e+00 -2.26325e-04
4.34207e+00 1.99553e+00 -2.31159e-04
4.34207e+00 2.07230e+00 -2.33827e-04
4.34207e+00 2.14949e+00 -2.34135e-04
4.34207e+00 2.22703e+00 -2.31952e-04
4.34207e+00 2.30483e+00 -2.27225e-04
4.34207e+00 2.38282e+00 -2.19994e-04
4.34207e+00 2.46093e+00 -2.10391e-04
4.34207e+00 2.53907e+00 -1.98644e-04
4.34207e+00 2.61718e+00 -1.85069e-04
4.34207e+00 2.69517e+00 -1.70055e-04
4.34207e+00 2.77297e+00 -1.54042e-04
4.34207e+00 2.85051e+00 -1.37498e-04
4.34207e+00 2.92770e+00 -1.20891e-04
4.34207e+00 3.00447e+00 -1.04662e-04
4.34207e+00 3.08076e+00 -8.91995e-05
4.34207e+00 3.15647e+00 -7.48201e-05
4.34207e+00 3.23154e+00 -6.17586e-05
4.34207e+00 3.30590e+00 -5.01618e-05
4.34207e+00 3.37947e+00 -4.00917e-05
4.34207e+00 3.45218e+00 -3.15348e-05
4.34207e+00 3.52396e+00 -2.44158e-05
4.34207e+00 3.59474e+00 -1.86135e-05
4.34207e+00 3.66445e+00 -1.39778e-05
4.34207e+00 3.73303e+00 -1.03449e-05
4.34207e+00 3.80040e+00 -7.55019e-06
4.34207e+00 3.86649e+00 -5.43818e-06
4.34207e+00 3.93125e+00 -3.86880e-06
4.34207e+00 3.99462e+00 -2.72104e-06
4.34207e+00 4.05652e+00 -1.89403e-06
4.34207e+00 4.11690e+00 -1.30627e-06
4.34207e+00 4.17571e+00 -8.93745e-07
4.34207e+00 4.23287e+00 -6.07457e-07
4.34207e+00 4.28835e+00 -4.10732e-07
4.34207e+00 4.34207e+00 -2.76694e-07
4.34207e+00 4.39400e+00 -1.86006e-07
4.34207e+00 4.44407e+00 -1.24985e-07
4.34207e+00 4.49224e+00 -8.40863e-08
4.34207e+00 4.53847e+00 -5.67401e-08
4.34207e+00 4.58271e+00 -3.84701e-08
4.34207e+00 4.62491e+00 -2.62546e-08
4.34207e+00 4.66504e+00 -1.80683e-08
4.34207e+00 4.70305e+00 -1.25615e-08
4.34207e+00 4.73890e+00 -8.83801e-09
4.34207e+00 4.77257e+00 -6.30399e-09
4.34207e+00 4.80402e+00 -4.56633e-09
4.34207e+00 4.83322e+00 -3.36456e-09
4.34207e+00 4.86014e+00 -2.52574e-09
4.34207e+00 4.88475e+00 -1.93465e-09
4.34207e+00 4.90703e+00 -1.51420e-09
4.34207e+00 4.92696e+00 -1.21255e-09
4.34207e+00 4.94452e+00 -9.94667e-10
4.34207e+00 4.95969e+00 -8.36720e-10
4.34207e+00 4.97246e+00 -7.22468e-10
4.34207e+00 4.98281e+00 -6.40832e-10
4.34207e+00 4.99074e+00 -5.84311e-10
4.34207e+00 4.99623e+00 -5.47947e-10
4.34207e+00 4.99928e+00 -5.28661e-10
4.39400e+00 7.15683e-04 -2.99121e-11
4.39400e+00 3.77012e-03 -8.30073e-10
4.39400e+00 9.26216e-03 -5.00991e-09
4.39400e+00 1.71877e-02 -1.72519e-08
4.39400e+00 2.75390e-02 -4.42894e-08
4.39400e+00 4.03061e-02 -9.48733e-08
4.39400e+00 5.54766e-02 -1.79729e-07
4.39400e+00 7.30356e-02 -3.11502e-07
4.39400e+00 9.29659e-02 -5.04697e-07
4.39400e+00 1.15248e-01 -7.75601e-07
4.39400e+00 1.39860e-01 -1.14220e-06
4.39400e+00 1.66779e-01 -1.62409e-06
4.39400e+00 1.95977e-01 -2.24236e-06
4.39400e+00 2.27426e-01 -3.01948e-06
4.39400e+00 2.61096e-01 -3.97915e-06
4.39400e+00 2.96953e-01 -5.14618e-06
4.39400e+00 3.34963e-01 -6.54628e-06
4.39400e+00 3.75089e-01 -8.20584e-06
4.39400e+00 4.17290e-01 -1.01517e-05
4.39400e+00 4.61527e-01 -1.24110e-05
4.39400e+00 5.07755e-01 -1.50103e-05
4.39400e+00 5.55930e-01 -1.79760e-05
4.39400e+00 6.06005e-01 -2.13330e-05
4.39400e+00 6.57930e-01 -2.51044e-05
4.39400e+00 7.11655e-01 -2.93108e-05
4.39400e+00 7.67127e-01 -3.39691e-05
4.39400e+00 8.24292e-01 -3.90917e-05
4.39400e+00 8.83095e-01 -4.46849e-05
4.39400e+00 9.43478e-01 -5.07475e-05
4.39400e+00 1.00538e+00 -5.72692e-05
4.39400e+00 1.06875e+00 -6.42286e-05
4.39400e+00 1.13351e+00 -7.15916e-05
4.39400e+00 1.19960e+00 -7.93088e-05
4.39400e+00 1.26697e+00 -8.73142e-05
4.39400e+00 1.33555e+00 -9.55229e-05
4.39400e+00 1.40526e+00 -1.03831e-04
4.39400e+00 1.47604e+00 -1.12112e-04
4.39400e+00 1.54782e+00 -1.20222e-04
4.39400e+00 1.62053e+00 -1.27995e-04
4.39400e+00 1.69410e+00 -1.35251e-04
4.39400e+00 1.76846e+00 -1.41798e-04
4.39400e+00 1.84353e+00 -1.47436e-04
4.39400e+00 1.91924e+00 -1.51969e-04
4.39400e+00 1.99553e+00 -1.55212e-04
4.39400e+00 2.07230e+00 -1.57001e-04
4.39400e+00 2.14949e+00 -1.57204e-04
4.39400e+00 2.22703e+00 -1.55735e-04
4.39400e+00 2.30483e+00 -1.52558e-04
4.39400e+00 2.38282e+00 -1.47700e-04
4.39400e+00 2.46093e+00 -1.41250e-04
4.39400e+00 2.53907e+00 -1.33360e-04
4.39400e+00 2.61718e+00 -1.24244e-04
4.39400e+00 2.69517e+00 -1.14162e-04
4.39400e+00 2.77297e+00 -1.03410e-04
4.39400e+00 2.85051e+00 -9.23016e-05
4.39400e+00 2.92770e+00 -8.11520e-05
4.39400e+00 3.00447e+00 -7.02563e-05
4.39400e+00 3.08076e+00 -5.98754e-05
4.39400e+00 3.15647e+00 -5.02221e-05
4.39400e+00 3.23154e+00 -4.14539e-05
4.39400e+00 3.30590e+00 -3.36692e-05
4.39400e+00 3.37947e+00 -2.69095e-05
4.39400e+00 3.45218e+00 -2.11657e-05
4.39400e+00 3.52396e+00 -1.63872e-05
4.39400e+00 3.59474e+00 -1.24926e-05
4.39400e+00 3.66445e+00 -9.38118e-06
4.39400e+00 3.73303e+00 -6.94284e-06
4.39400e+00 3.80040e+00 -5.06715e-06
4.39400e+00 3.86649e+00 -3.64967e-06
4.39400e+00 3.93125e+00 -2.59639e-06
4.39400e+00 3.99462e+00 -1.82609e-06
4.39400e+00 4.05652e+00 -1.27107e-06
4.39400e+00 4.11690e+00 -8.76615e-07
4.39400e+00 4.17571e+00 -5.99771e-07
4.39400e+00 4.23287e+00 -4.07645e-07
4.39400e+00 4.28835e+00 -2.75627e-07
4.39400e+00 4.34207e+00 -1.85677e-07
4.39400e+00 4.39400e+00 -1.24819e-07
4.39400e+00 4.44407e+00 -8.38701e-08
4.39400e+00 4.49224e+00 -5.64251e-08
4.39400e+00 4.53847e+00 -3.80745e-08
4.39400e+00 4.58271e+00 -2.58145e-08
4.39400e+00 4.62491e+00 -1.76174e-08
4.39400e+00 4.66504e+00 -1.21242e-08
4.39400e+00 4.70305e+00 -8.42898e-09
4.39400e+00 4.73890e+00 -5.93042e-09
4.39400e+00 4.77257e+00 -4.23004e-09
4.39400e+00 4.80402e+00 -3.06404e-09
4.39400e+00 4.83322e+00 -2.25763e-09
4.39400e+00 4.86014e+00 -1.69478e-09
4.39400e+00 4.88475e+00 -1.29815e-09
4.39400e+00 4.90703e+00 -1.01602e-09
4.39400e+00 4.92696e+00 -8.13618e-10
4.39400e+00 4.94452e+00 -6.67415e-10
4.39400e+00 4.95969e+00 -5.61432e-10
4.39400e+00 4.97246e+00 -4.84770e-10
4.39400e+00 4.98281e+00 -4.29992e-10
4.39400e+00 4.99074e+00 -3.92066e-10
4.39400e+00 4.99623e+00 -3.67666e-10
4.39400e+00 4.99928e+00 -3.54725e-10
4.44407e+00 7.15683e-04 -2.00842e-11
4.44407e+00 3.77012e-03 -5.57345e-10
4.44407e+00 9.26216e-03 -3.36386e-09
4.44407e+00 1.71877e-02 -1.15837e-08
4.44407e+00 2.75390e-02 -2.97378e-08
4.44407e+00 4.03061e-02 -6.37018e-08
4.44407e+00 5.54766e-02 -1.20677e-07
4.44407e+00 7.30356e-02 -2.09155e-07
4.44407e+00 9.29659e-02 -3.38874e-07
4.44407e+00 1.15248e-01 -5.20770e-07
4.44407e+00 1.39860e-01 -7.66920e-07
4.44407e+00 1.66779e-01 -1.09048e-06
4.44407e+00 1.95977e-01 -1.50561e-06
4.44407e+00 2.27426e-01 -2.02739e-06
4.44407e+00 2.61096e-01 -2.67175e-06
4.44407e+00 2.96953e-01 -3.45534e-06
4.44407e+00 3.34963e-01 -4.39540e-06
4.44407e+00 3.75089e-01 -5.50968e-06
4.44407e+00 4.17290e-01 -6.81620e-06
4.44407e+00 4.61527e-01 -8.33309e-06
4.44407e+00 5.07755e-01 -1.00784e-05
4.44407e+00 5.55930e-01 -1.20696e-05
4.44407e+00 6.06005e-01 -1.43234e-05
4.44407e+00 6.57930e-01 -1.68556e-05
4.44407e+00 7.11655e-01 -1.96797e-05
4.44407e+00 7.67127e-01 -2.28072e-05
4.44407e+00 8.24292e-01 -2.62464e-05
4.44407e+00 8.83095e-01 -3.00015e-05
4.44407e+00 9.43478e-01 -3.40716e-05
4.44407e+00 1.00538e+00 -3.84499e-05
4.44407e+00 1.06875e+00 -4.31220e-05
4.44407e+00 1.13351e+00 -4.80649e-05
4.44407e+00 1.19960e+00 -5.32454e-05
4.44407e+00 1.26697e+00 -5.86193e-05
4.44407e+00 1.33555e+00 -6.41295e-05
4.44407e+00 1.40526e+00 -6.97059e-05
4.44407e+00 1.47604e+00 -7.52644e-05
4.44407e+00 1.54782e+00 -8.07075e-05
4.44407e+00 1.62053e+00 -8.59245e-05
4.44407e+00 1.69410e+00 -9.07942e-05
4.44407e+00 1.76846e+00 -9.51873e-05
4.44407e+00 1.84353e+00 -9.89704e-05
4.44407e+00 1.91924e+00 -1.02012e-04
4.44407e+00 1.99553e+00 -1.04186e-04
4.44407e+00 2.07230e+00 -1.05385e-04
4.44407e+00 2.14949e+00 -1.05519e-04
4.44407e+00 2.22703e+00 -1.04531e-04
4.44407e+00 2.30483e+00 -1.02397e-04
4.44407e+00 2.38282e+00 -9.91337e-05
4.44407e+00 2.46093e+00 -9.48023e-05
4.44407e+00 2.53907e+00 -8.95053e-05
4.44407e+00 2.61718e+00 -8.33851e-05
4.44407e+00 2.69517e+00 -7.66168e-05
4.44407e+00 2.77297e+00 -6.93991e-05
4.44407e+00 2.85051e+00 -6.19430e-05
4.44407e+00 2.92770e+00 -5.44594e-05
4.44407e+00 3.00447e+00 -4.71465e-05
4.44407e+00 3.08076e+00 -4.01793e-05
4.44407e+00 3.15647e+00 -3.37008e-05
4.44407e+00 3.23154e+00 -2.78164e-05
4.44407e+00 3.30590e+00 -2.25922e-05
4.44407e+00 3.37947e+00 -1.80561e-05
4.44407e+00 3.45218e+00 -1.42018e-05
4.44407e+00 3.52396e+00 -1.09953e-05
4.44407e+00 3.59474e+00 -8.38199e-06
4.44407e+00 3.66445e+00 -6.29423e-06
4.44407e+00 3.73303e+00 -4.65816e-06
4.44407e+00 3.80040e+00 -3.39965e-06
4.44407e+00 3.86649e+00 -2.44859e-06
4.44407e+00 3.93125e+00 -1.74191e-06
4.44407e+00 3.99462e+00 -1.22510e-06
4.44407e+00 4.05652e+00 -8.52733e-07
4.44407e+00 4.11690e+00 -5.88094e-07
4.44407e+00 4.17571e+00 -4.02363e-07
4.44407e+00 4.23287e+00 -2.73470e-07
4.44407e+00 4.28835e+00 -1.84903e-07
4.44407e+00 4.34207e+00 -1.24559e-07
4.44407e+00 4.39400e+00 -8.37328e-08
4.44407e+00 4.44407e+00 -5.62621e-08
4.44407e+00 4.49224e+00 -3.78510e-08
4.44407e+00 4.53847e+00 -2.55409e-08
4.44407e+00 4.58271e+00 -1.73166e-08
4.44407e+00 4.62491e+00 -1.18178e-08
4.44407e+00 4.66504e+00 -8.13287e-09
4.44407e+00 4.70305e+00 -5.65410e-09
4.44407e+00 4.73890e+00 -3.97806e-09
4.44407e+00 4.77257e+00 -2.83744e-09
4.44407e+00 4.80402e+00 -2.05530e-09
4.44407e+00 4.83322e+00 -1.51437e-09
4.44407e+00 4.86014e+00 -1.13681e-09
4.44407e+00 4.88475e+00 -8.70762e-10
4.44407e+00 4.90703e+00 -6.81518e-10
4.44407e+00 4.92696e+00 -5.45749e-10
4.44407e+00 4.94452e+00 -4.47680e-10
4.44407e+00 4.95969e+00 -3.76589e-10
4.44407e+00 4.97246e+00 -3.25166e-10
4.44407e+00 4.98281e+00 -2.88422e-10
4.44407e+00 4.99074e+00 -2.62983e-10
4.44407e+00 4.99623e+00 -2.46616e-10
4.44407e+00 4.99928e+00 -2.37936e-10
4.49224e+00 7.15683e-04 -1.35040e-11
4.49224e+00 3.77012e-03 -3.74741e-10
4.49224e+00 9.26216e-03 -2.26175e-09
4.49224e+00 1.71877e-02 -7.78848e-09
4.49224e+00 2.75390e-02 -1.99947e-08
4.49224e+00 4.03061e-02 -4.28310e-08
4.49224e+00 5.54766e-02 -8.11395e-08
4.49224e+00 7.30356e-02 -1.40629e-07
4.49224e+00 9.29659e-02 -2.27848e-07
4.49224e+00 1.15248e-01 -3.50148e-07
4.49224e+00 1.39860e-01 -5.15651e-07
4.49224e+00 1.66779e-01 -7.33201e-07
4.49224e+00 1.95977e-01 -1.01232e-06
4.49224e+00 2.27426e-01 -1.36315e-06
4.49224e+00 2.61096e-01 -1.79639e-06
4.49224e+00 2.96953e-01 -2.32324e-06
4.49224e+00 3.34963e-01 -2.95530e-06
4.49224e+00 3.75089e-01 -3.70449e-06
4.49224e+00 4.17290e-01 -4.58293e-06
4.49224e+00 4.61527e-01 -5.60281e-06
4.49224e+00 5.07755e-01 -6.77623e-06
4.49224e+00 5.55930e-01 -8.11499e-06
4.49224e+00 6.06005e-01 -9.63035e-06
4.49224e+00 6.57930e-01 -1.13328e-05
4.49224e+00 7.11655e-01 -1.32315e-05
4.49224e+00 7.67127e-01 -1.53342e-05
4.49224e+00 8.24292e-01 -1.76464e-05
4.49224e+00 8.83095e-01 -2.01709e-05
4.49224e+00 9.43478e-01 -2.29071e-05
4.49224e+00 1.00538e+00 -2.58505e-05
4.49224e+00 1.06875e+00 -2.89914e-05
4.49224e+00 1.13351e+00 -3.23142e-05
4.49224e+00 1.19960e+00 -3.57967e-05
4.49224e+00 1.26697e+00 -3.94090e-05
4.49224e+00 1.33555e+00 -4.31130e-05
4.49224e+00 1.40526e+00 -4.68612e-05
4.49224e+00 1.47604e+00 -5.05973e-05
4.49224e+00 1.54782e+00 -5.42557e-05
4.49224e+00 1.62053e+00 -5.77619e-05
4.49224e+00 1.69410e+00 -6.10345e-05
4.49224e+00 1.76846e+00 -6.39866e-05
4.49224e+00 1.84353e+00 -6.65284e-05
4.49224e+00 1.91924e+00 -6.85715e-05
4.49224e+00 1.99553e+00 -7.00320e-05
4.49224e+00 2.07230e+00 -7.08363e-05
4.49224e+00 2.14949e+00 -7.09252e-05
4.49224e+00 2.22703e+00 -7.02594e-05
4.49224e+00 2.30483e+00 -6.88234e-05
4.49224e+00 2.38282e+00 -6.66289e-05
4.49224e+00 2.46093e+00 -6.37163e-05
4.49224e+00 2.53907e+00 -6.01549e-05
4.49224e+00 2.61718e+00 -5.60403e-05
4.49224e+00 2.69517e+00 -5.14904e-05
4.49224e+00 2.77297e+00 -4.66387e-05
4.49224e+00 2.85051e+00 -4.16270e-05
4.49224e+00 2.92770e+00 -3.65970e-05
4.49224e+00 3.00447e+00 -3.16820e-05
4.49224e+00 3.08076e+00 -2.69995e-05
4.49224e+00 3.15647e+00 -2.26456e-05
4.49224e+00 3.23154e+00 -1.86912e-05
4.49224e+00 3.30590e+00 -1.51805e-05
4.49224e+00 3.37947e+00 -1.21322e-05
4.49224e+00 3.45218e+00 -9.54225e-06
4.49224e+00 3.52396e+00 -7.38764e-06
4.49224e+00 3.59474e+00 -5.63168e-06
4.49224e+00 3.66445e+00 -4.22888e-06
4.49224e+00 3.73303e+00 -3.12960e-06
4.49224e+00 3.80040e+00 -2.28403e-06
4.49224e+00 3.86649e+00 -1.64504e-06
4.49224e+00 3.93125e+00 -1.17025e-06
4.49224e+00 3.99462e+00 -8.23036e-07
4.49224e+00 4.05652e+00 -5.72865e-07
4.49224e+00 4.11690e+00 -3.95075e-07
4.49224e+00 4.17571e+00 -2.70299e-07
4.49224e+00 4.23287e+00 -1.83709e-07
4.49224e+00 4.28835e+00 -1.24211e-07
4.49224e+00 4.34207e+00 -8.36733e-08
4.49224e+00 4.39400e+00 -5.62473e-08
4.49224e+00 4.44407e+00 -3.77935e-08
4.49224e+00 4.49224e+00 -2.54258e-08
4.49224e+00 4.53847e+00 -1.71565e-08
4.49224e+00 4.58271e+00 -1.16319e-08
4.49224e+00 4.62491e+00 -7.93821e-09
4.49224e+00 4.66504e+00 -5.46293e-09
4.49224e+00 4.70305e+00 -3.79789e-09
4.49224e+00 4.73890e+00 -2.67207e-09
4.49224e+00 4.77257e+00 -1.90590e-09
4.49224e+00 4.80402e+00 -1.38053e-09
4.49224e+00 4.83322e+00 -1.01719e-09
4.49224e+00 4.86014e+00 -7.63582e-10
4.49224e+00 4.88475e+00 -5.84876e-10
4.49224e+00 4.90703e+00 -4.57763e-10
4.49224e+00 4.92696e+00 -3.66568e-10
4.49224e+00 4.94452e+00 -3.00696e-10
4.49224e+00 4.95969e+00 -2.52945e-10
4.49224e+00 4.97246e+00 -2.18405e-10
4.49224e+00 4.98281e+00 -1.93725e-10
4.49224e+00 4.99074e+00 -1.76638e-10
4.49224e+00 4.99623e+00 -1.65645e-10
4.49224e+00 4.99928e+00 -1.59814e-10
4.53847e+00 7.15683e-04 -9.10785e-12
4.53847e+00 3.77012e-03 -2.52747e-10
4.53847e+00 9.26216e-03 -1.52545e-09
4.53847e+00 1.71877e-02 -5.25299e-09
4.53847e+00 2.75390e-02 -1.34856e-08
4.53847e+00 4.03061e-02 -2.88877e-08
4.53847e+00 5.54766e-02 -5.47250e-08
4.53847e+00 7.30356e-02 -9.48482e-08
4.53847e+00 9.29659e-02 -1.53673e-07
4.53847e+00 1.15248e-01 -2.36160e-07
4.53847e+00 1.39860e-01 -3.47784e-07
4.53847e+00 1.66779e-01 -4.94512e-07
4.53847e+00 1.95977e-01 -6.82764e-07
4.53847e+00 2.27426e-01 -9.19381e-07
4.53847e+00 2.61096e-01 -1.21158e-06
4.53847e+00 2.96953e-01 -1.56692e-06
4.53847e+00 3.34963e-01 -1.99321e-06
4.53847e+00 3.75089e-01 -2.49849e-06
4.53847e+00 4.17290e-01 -3.09095e-06
4.53847e+00 4.61527e-01 -3.77880e-06
4.53847e+00 5.07755e-01 -4.57019e-06
4.53847e+00 5.55930e-01 -5.47308e-06
4.53847e+00 6.06005e-01 -6.49508e-06
4.53847e+00 6.57930e-01 -7.64322e-06
4.53847e+00 7.11655e-01 -8.92374e-06
4.53847e+00 7.67127e-01 -1.03418e-05
4.53847e+00 8.24292e-01 -1.19011e-05
4.53847e+00 8.83095e-01 -1.36036e-05
4.53847e+00 9.43478e-01 -1.54489e-05
4.53847e+00 1.00538e+00 -1.74338e-05
4.53847e+00 1.06875e+00 -1.95518e-05
4.53847e+00 1.13351e+00 -2.17925e-05
4.53847e+00 1.19960e+00 -2.41408e-05
4.53847e+00 1.26697e+00 -2.65766e-05
4.53847e+00 1.33555e+00 -2.90741e-05
4.53847e+00 1.40526e+00 -3.16014e-05
4.53847e+00 1.47604e+00 -3.41204e-05
4.53847e+00 1.54782e+00 -3.65869e-05
4.53847e+00 1.62053e+00 -3.89507e-05
4.53847e+00 1.69410e+00 -4.11569e-05
4.53847e+00 1.76846e+00 -4.31468e-05
4.53847e+00 1.84353e+00 -4.48600e-05
4.53847e+00 1.91924e+00 -4.62367e-05
4.53847e+00 1.99553e+00 -4.72207e-05
4.53847e+00 2.07230e+00 -4.77620e-05
4.53847e+00 2.14949e+00 -4.78211e-05
4.53847e+00 2.22703e+00 -4.73712e-05
4.53847e+00 2.30483e+00 -4.64020e-05
4.53847e+00 2.38282e+00 -4.49215e-05
4.53847e+00 2.46093e+00 -4.29568e-05
4.53847e+00 2.53907e+00 -4.05549e-05
4.53847e+00 2.61718e+00 -3.77801e-05
4.53847e+00 2.69517e+00 -3.47120e-05
4.53847e+00 2.77297e+00 -3.14405e-05
4.53847e+00 2.85051e+00 -2.80614e-05
4.53847e+00 2.92770e+00 -2.46700e-05
4.53847e+00 3.00447e+00 -2.13564e-05
4.53847e+00 3.08076e+00 -1.81996e-05
4.53847e+00 3.15647e+00 -1.52644e-05
4.53847e+00 3.23154e+00 -1.25986e-05
4.53847e+00 3.30590e+00 -1.02320e-05
4.53847e+00 3.37947e+00 -8.17726e-06
4.53847e+00 3.45218e+00 -6.43145e-06
4.53847e+00 3.52396e+00 -4.97915e-06
4.53847e+00 3.59474e+00 -3.79558e-06
4.53847e+00 3.66445e+00 -2.85008e-06
4.53847e+00 3.73303e+00 -2.10918e-06
4.53847e+00 3.80040e+00 -1.53928e-06
4.53847e+00 3.86649e+00 -1.10863e-06
4.53847e+00 3.93125e+00 -7.88642e-07
4.53847e+00 3.99462e+00 -5.54642e-07
4.53847e+00 4.05652e+00 -3.86047e-07
4.53847e+00 4.11690e+00 -2.66232e-07
4.53847e+00 4.17571e+00 -1.82146e-07
4.53847e+00 4.23287e+00 -1.23794e-07
4.53847e+00 4.28835e+00 -8.36994e-08
4.53847e+00 4.34207e+00 -5.63826e-08
4.53847e+00 4.39400e+00 -3.79013e-08
4.53847e+00 4.44407e+00 -2.54663e-08
4.53847e+00 4.49224e+00 -1.71324e-08
4.53847e+00 4.53847e+00 -1.15603e-08
4.53847e+00 4.58271e+00 -7.83765e-09
4.53847e+00 4.62491e+00 -5.34877e-09
4.53847e+00 4.66504e+00 -3.68089e-09
4.53847e+00 4.70305e+00 -2.55898e-09
4.53847e+00 4.73890e+00 -1.80040e-09
4.53847e+00 4.77257e+00 -1.28416e-09
4.53847e+00 4.80402e+00 -9.30167e-10
4.53847e+00 4.83322e+00 -6.85352e-10
4.53847e+00 4.86014e+00 -5.14477e-10
4.53847e+00 4.88475e+00 -3.94069e-10
4.53847e+00 4.90703e+00 -3.08423e-10
4.53847e+00 4.92696e+00 -2.46979e-10
4.53847e+00 4.94452e+00 -2.02596e-10
4.53847e+00 4.95969e+00 -1.70423e-10
4.53847e+00 4.97246e+00 -1.47151e-10
4.53847e+00 4.98281e+00 -1.30523e-10
4.53847e+00 4.99074e+00 -1.19010e-10
4.53847e+00 4.99623e+00 -1.11603e-10
4.53847e+00 4.99928e+00 -1.07675e-10
4.58271e+00 7.15683e-04 -6.17278e-12
4.58271e+00 3.77012e-03 -1.71297e-10
4.58271e+00 9.26216e-03 -1.03386e-09
4.58271e+00 1.71877e-02 -3.56018e-09
4.58271e+00 2.75390e-02 -9.13974e-09
4.58271e+00 4.03061e-02 -1.95784e-08
4.58271e+00 5.54766e-02 -3.70895e-08
4.58271e+00 7.30356e-02 -6.42827e-08
4.58271e+00 9.29659e-02 -1.04151e-07
4.58271e+00 1.15248e-01 -1.60055e-07
4.58271e+00 1.39860e-01 -2.35708e-07
4.58271e+00 1.66779e-01 -3.35151e-07
4.58271e+00 1.95977e-01 -4.62737e-07
4.58271e+00 2.27426e-01 -6.23101e-07
4.58271e+00 2.61096e-01 -8.21136e-07
4.58271e+00 2.96953e-01 -1.06196e-06
4.58271e+00 3.34963e-01 -1.35087e-06
4.58271e+00 3.75089e-01 -1.69332e-06
4.58271e+00 4.17290e-01 -2.09484e-06
4.58271e+00 4.61527e-01 -2.56101e-06
4.58271e+00 5.07755e-01 -3.09735e-06
4.58271e+00 5.55930e-01 -3.70926e-06
4.58271e+00 6.06005e-01 -4.40188e-06
4.58271e+00 6.57930e-01 -5.17997e-06
4.58271e+00 7.11655e-01 -6.04778e-06
4.58271e+00 7.67127e-01 -7.00878e-06
4.58271e+00 8.24292e-01 -8.06550e-06
4.58271e+00 8.83095e-01 -9.21922e-06
4.58271e+00 9.43478e-01 -1.04697e-05
4.58271e+00 1.00538e+00 -1.18148e-05
4.58271e+00 1.06875e+00 -1.32500e-05
4.58271e+00 1.13351e+00 -1.47684e-05
4.58271e+00 1.19960e+00 -1.63596e-05
4.58271e+00 1.26697e+00 -1.80101e-05
4.58271e+00 1.33555e+00 -1.97023e-05
4.58271e+00 1.40526e+00 -2.14147e-05
4.58271e+00 1.47604e+00 -2.31214e-05
4.58271e+00 1.54782e+00 -2.47924e-05
4.58271e+00 1.62053e+00 -2.63938e-05
4.58271e+00 1.69410e+00 -2.78883e-05
4.58271e+00 1.76846e+00 -2.92362e-05
4.58271e+00 1.84353e+00 -3.03965e-05
4.58271e+00 1.91924e+00 -3.13289e-05
4.58271e+00 1.99553e+00 -3.19950e-05
4.58271e+00 2.07230e+00 -3.23612e-05
4.58271e+00 2.14949e+00 -3.24005e-05
4.58271e+00 2.22703e+00 -3.20951e-05
4.58271e+00 2.30483e+00 -3.14378e-05
4.58271e+00 2.38282e+00 -3.04341e-05
4.58271e+00 2.46093e+00 -2.91024e-05
4.58271e+00 2.53907e+00 -2.74746e-05
4.58271e+00 2.61718e+00 -2.55942e-05
4.58271e+00 2.69517e+00 -2.35152e-05
4.58271e+00 2.77297e+00 -2.12985e-05
4.58271e+00 2.85051e+00 -1.90090e-05
4.58271e+00 2.92770e+00 -1.67113e-05
4.58271e+00 3.00447e+00 -1.44663e-05
4.58271e+00 3.08076e+00 -1.23277e-05
4.58271e+00 3.15647e+00 -1.03393e-05
4.58271e+00 3.23154e+00 -8.53343e-06
4.58271e+00 3.30590e+00 -6.93033e-06
4.58271e+00 3.37947e+00 -5.53848e-06
4.58271e+00 3.45218e+00 -4.35595e-06
4.58271e+00 3.52396e+00 -3.37225e-06
4.58271e+00 3.59474e+00 -2.57061e-06
4.58271e+00 3.66445e+00 -1.93021e-06
4.58271e+00 3.73303e+00 -1.42841e-06
4.58271e+00 3.80040e+00 -1.04244e-06
4.58271e+00 3.86649e+00 -7.50774e-07
4.58271e+00 3.93125e+00 -5.34068e-07
4.58271e+00 3.99462e+00 -3.75597e-07
4.58271e+00 4.05652e+00 -2.61422e-07
4.58271e+00 4.11690e+00 -1.80284e-07
4.58271e+00 4.17571e+00 -1.23342e-07
4.58271e+00 4.23287e+00 -8.38269e-08
4.58271e+00 4.28835e+00 -5.66761e-08
4.58271e+00 4.34207e+00 -3.81783e-08
4.58271e+00 4.39400e+00 -2.56638e-08
4.58271e+00 4.44407e+00 -1.72436e-08
4.58271e+00 4.49224e+00 -1.16004e-08
4.58271e+00 4.53847e+00 -7.82744e-09
4.58271e+00 4.58271e+00 -5.30682e-09
4.58271e+00 4.62491e+00 -3.62158e-09
4.58271e+00 4.66504e+00 -2.49226e-09
4.58271e+00 4.70305e+00 -1.73262e-09
4.58271e+00 4.73890e+00 -1.21899e-09
4.58271e+00 4.77257e+00 -8.69460e-10
4.58271e+00 4.80402e+00 -6.29780e-10
4.58271e+00 4.83322e+00 -4.64023e-10
4.58271e+00 4.86014e+00 -3.48329e-10
4.58271e+00 4.88475e+00 -2.66805e-10
4.58271e+00 4.90703e+00 -2.08817e-10
4.58271e+00 4.92696e+00 -1.67215e-10
4.58271e+00 4.94452e+00 -1.37166e-10
4.58271e+00 4.95969e+00 -1.15383e-10
4.58271e+00 4.97246e+00 -9.96270e-11
4.58271e+00 4.98281e+00 -8.83687e-11
4.58271e+00 4.99074e+00 -8.05741e-11
4.58271e+00 4.99623e+00 -7.55593e-11
4.58271e+00 4.99928e+00 -7.28997e-11
4.62491e+00 7.15683e-04 -4.21143e-12
4.62491e+00 3.77012e-03 -1.16869e-10
4.62491e+00 9.26216e-03 -7.05362e-10
4.62491e+00 1.71877e-02 -2.42896e-09
4.62491e+00 2.75390e-02 -6.23566e-09
4.62491e+00 4.03061e-02 -1.33575e-08
4.62491e+00 5.54766e-02 -2.53046e-08
4.62491e+00 7.30356e-02 -4.38573e-08
4.62491e+00 9.29659e-02 -7.10577e-08
4.62491e+00 1.15248e-01 -1.09199e-07
4.62491e+00 1.39860e-01 -1.60813e-07
4.62491e+00 1.66779e-01 -2.28659e-07
4.62491e+00 1.95977e-01 -3.15705e-07
4.62491e+00 2.27426e-01 -4.25114e-07
4.62491e+00 2.61096e-01 -5.60224e-07
4.62491e+00 2.96953e-01 -7.24525e-07
4.62491e+00 3.34963e-01 -9.21635e-07
4.62491e+00 3.75089e-01 -1.15527e-06
4.62491e+00 4.17290e-01 -1.42921e-06
4.62491e+00 4.61527e-01 -1.74724e-06
4.62491e+00 5.07755e-01 -2.11316e-06
4.62491e+00 5.55930e-01 -2.53062e-06
4.62491e+00 6.06005e-01 -3.00314e-06
4.62491e+00 6.57930e-01 -3.53397e-06
4.62491e+00 7.11655e-01 -4.12600e-06
4.62491e+00 7.67127e-01 -4.78160e-06
4.62491e+00 8.24292e-01 -5.50249e-06
4.62491e+00 8.83095e-01 -6.28955e-06
4.62491e+00 9.43478e-01 -7.14260e-06
4.62491e+00 1.00538e+00 -8.06017e-06
4.62491e+00 1.06875e+00 -9.03923e-06
4.62491e+00 1.13351e+00 -1.00750e-05
4.62491e+00 1.19960e+00 -1.11604e-05
4.62491e+00 1.26697e+00 -1.22862e-05
4.62491e+00 1.33555e+00 -1.34404e-05
4.62491e+00 1.40526e+00 -1.46084e-05
4.62491e+00 1.47604e+00 -1.57725e-05
4.62491e+00 1.54782e+00 -1.69121e-05
4.62491e+00 1.62053e+00 -1.80042e-05
4.62491e+00 1.69410e+00 -1.90234e-05
4.62491e+00 1.76846e+00 -1.99425e-05
4.62491e+00 1.84353e+00 -2.07337e-05
4.62491e+00 1.91924e+00 -2.13693e-05
4.62491e+00 1.99553e+00 -2.18232e-05
4.62491e+00 2.07230e+00 -2.20726e-05
4.62491e+00 2.14949e+00 -2.20990e-05
4.62491e+00 2.22703e+00 -2.18903e-05
4.62491e+00 2.30483e+00 -2.14415e-05
4.62491e+00 2.38282e+00 -2.07565e-05
4.62491e+00 2.46093e+00 -1.98479e-05
4.62491e+00 2.53907e+00 -1.87373e-05
4.62491e+00 2.61718e+00 -1.74546e-05
4.62491e+00 2.69517e+00 -1.60364e-05
4.62491e+00 2.77297e+00 -1.45244e-05
4.62491e+00 2.85051e+00 -1.29628e-05
4.62491e+00 2.92770e+00 -1.13957e-05
4.62491e+00 3.00447e+00 -9.86457e-06
4.62491e+00 3.08076e+00 -8.40607e-06
4.62491e+00 3.15647e+00 -7.05006e-06
4.62491e+00 3.23154e+00 -5.81857e-06
4.62491e+00 3.30590e+00 -4.72539e-06
4.62491e+00 3.37947e+00 -3.77629e-06
4.62491e+00 3.45218e+00 -2.96995e-06
4.62491e+00 3.52396e+00 -2.29920e-06
4.62491e+00 3.59474e+00 -1.75260e-06
4.62491e+00 3.66445e+00 -1.31597e-06
4.62491e+00 3.73303e+00 -9.73835e-07
4.62491e+00 3.80040e+00 -7.10678e-07
4.62491e+00 3.86649e+00 -5.11829e-07
4.62491e+00 3.93125e+00 -3.64087e-07
4.62491e+00 3.99462e+00 -2.56049e-07
4.62491e+00 4.05652e+00 -1.78212e-07
4.62491e+00 4.11690e+00 -1.22898e-07
4.62491e+00 4.17571e+00 -8.40796e-08
4.62491e+00 4.23287e+00 -5.71424e-08
4.62491e+00 4.28835e+00 -3.86340e-08
4.62491e+00 4.34207e+00 -2.60244e-08
4.62491e+00 4.39400e+00 -1.74936e-08
4.62491e+00 4.44407e+00 -1.17539e-08
4.62491e+00 4.49224e+00 -7.90720e-09
4.62491e+00 4.53847e+00 -5.33536e-09
4.62491e+00 4.58271e+00 -3.61721e-09
4.62491e+00 4.62491e+00 -2.46850e-09
4.62491e+00 4.66504e+00 -1.69873e-09
4.62491e+00 4.70305e+00 -1.18095e-09
4.62491e+00 4.73890e+00 -8.30857e-10
4.62491e+00 4.77257e+00 -5.92612e-10
4.62491e+00 4.80402e+00 -4.29247e-10
4.62491e+00 4.83322e+00 -3.16268e-10
4.62491e+00 4.86014e+00 -2.37412e-10
4.62491e+00 4.88475e+00 -1.81846e-10
4.62491e+00 4.90703e+00 -1.42323e-10
4.62491e+00 4.92696e+00 -1.13968e-10
4.62491e+00 4.94452e+00 -9.34871e-11
4.62491e+00 4.95969e+00 -7.86407e-11
4.62491e+00 4.97246e+00 -6.79016e-11
4.62491e+00 4.98281e+00 -6.02283e-11
4.62491e+00 4.99074e+00 -5.49157e-11
4.62491e+00 4.99623e+00 -5.14978e-11
4.62491e+00 4.99928e+00 -4.96851e-11
4.66504e+00 7.15683e-04 -2.89761e-12
4.66504e+00 3.77012e-03 -8.04098e-11
4.66504e+00 9.26216e-03 -4.85314e-10
4.66504e+00 1.71877e-02 -1.67121e-09
4.66504e+00 2.75390e-02 -4.29035e-09
4.66504e+00 4.03061e-02 -9.19043e-09
4.66504e+00 5.54766e-02 -1.74104e-08
4.66504e+00 7.30356e-02 -3.01753e-08
4.66504e+00 9.29659e-02 -4.88901e-08
4.66504e+00 1.15248e-01 -7.51325e-08
4.66504e+00 1.39860e-01 -1.10645e-07
4.66504e+00 1.66779e-01 -1.57325e-07
4.66504e+00 1.95977e-01 -2.17215e-07
4.66504e+00 2.27426e-01 -2.92492e-07
4.66504e+00 2.61096e-01 -3.85452e-07
4.66504e+00 2.96953e-01 -4.98495e-07
4.66504e+00 3.34963e-01 -6.34111e-07
4.66504e+00 3.75089e-01 -7.94857e-07
4.66504e+00 4.17290e-01 -9.83331e-07
4.66504e+00 4.61527e-01 -1.20215e-06
4.66504e+00 5.07755e-01 -1.45390e-06
4.66504e+00 5.55930e-01 -1.74112e-06
4.66504e+00 6.06005e-01 -2.06621e-06
4.66504e+00 6.57930e-01 -2.43142e-06
4.66504e+00 7.11655e-01 -2.83873e-06
4.66504e+00 7.67127e-01 -3.28978e-06
4.66504e+00 8.24292e-01 -3.78573e-06
4.66504e+00 8.83095e-01 -4.32721e-06
4.66504e+00 9.43478e-01 -4.91407e-06
4.66504e+00 1.00538e+00 -5.54530e-06
4.66504e+00 1.06875e+00 -6.21884e-06
4.66504e+00 1.13351e+00 -6.93133e-06
4.66504e+00 1.19960e+00 -7.67801e-06
4.66504e+00 1.26697e+00 -8.45244e-06
4.66504e+00 1.33555e+00 -9.24642e-06
4.66504e+00 1.40526e+00 -1.00498e-05
4.66504e+00 1.47604e+00 -1.08505e-05
4.66504e+00 1.54782e+00 -1.16343e-05
4.66504e+00 1.62053e+00 -1.23855e-05
4.66504e+00 1.69410e+00 -1.30864e-05
4.66504e+00 1.76846e+00 -1.37185e-05
4.66504e+00 1.84353e+00 -1.42625e-05
4.66504e+00 1.91924e+00 -1.46994e-05
4.66504e+00 1.99553e+00 -1.50114e-05
4.66504e+00 2.07230e+00 -1.51827e-05
4.66504e+00 2.14949e+00 -1.52006e-05
4.66504e+00 2.22703e+00 -1.50567e-05
4.66504e+00 2.30483e+00 -1.47478e-05
4.66504e+00 2.38282e+00 -1.42764e-05
4.66504e+00 2.46093e+00 -1.36512e-05
4.66504e+00 2.53907e+00 -1.28870e-05
4.66504e+00 2.61718e+00 -1.20045e-05
4.66504e+00 2.69517e+00 -1.10289e-05
4.66504e+00 2.77297e+00 -9.98886e-06
4.66504e+00 2.85051e+00 -8.91470e-06
4.66504e+00 2.92770e+00 -7.83681e-06
4.66504e+00 3.00447e+00 -6.78373e-06
4.66504e+00 3.08076e+00 -5.78062e-06
4.66504e+00 3.15647e+00 -4.84803e-06
4.66504e+00 3.23154e+00 -4.00110e-06
4.66504e+00 3.30590e+00 -3.24931e-06
4.66504e+00 3.37947e+00 -2.59663e-06
4.66504e+00 3.45218e+00 -2.04214e-06
4.66504e+00 3.52396e+00 -1.58090e-06
4.66504e+00 3.59474e+00 -1.20505e-06
4.66504e+00 3.66445e+00 -9.04809e-07
4.66504e+00 3.73303e+00 -6.69559e-07
4.66504e+00 3.80040e+00 -4.88617e-07
4.66504e+00 3.86649e+00 -3.51895e-07
4.66504e+00 3.93125e+00 -2.50314e-07
4.66504e+00 3.99462e+00 -1.76034e-07
4.66504e+00 4.05652e+00 -1.22519e-07
4.66504e+00 4.11690e+00 -8.44898e-08
4.66504e+00 4.17571e+00 -5.78021e-08
4.66504e+00 4.23287e+00 -3.92831e-08
4.66504e+00 4.28835e+00 -2.65589e-08
4.66504e+00 4.34207e+00 -1.78902e-08
4.66504e+00 4.39400e+00 -1.20257e-08
4.66504e+00 4.44407e+00 -8.07989e-09
4.66504e+00 4.49224e+00 -5.43554e-09
4.66504e+00 4.53847e+00 -3.66757e-09
4.66504e+00 4.58271e+00 -2.48648e-09
4.66504e+00 4.62491e+00 -1.69684e-09
4.66504e+00 4.66504e+00 -1.16769e-09
4.66504e+00 4.70305e+00 -8.11766e-10
4.66504e+00 4.73890e+00 -5.71113e-10
4.66504e+00 4.77257e+00 -4.07346e-10
4.66504e+00 4.80402e+00 -2.95051e-10
4.66504e+00 4.83322e+00 -2.17391e-10
4.66504e+00 4.86014e+00 -1.63188e-10
4.66504e+00 4.88475e+00 -1.24993e-10
4.66504e+00 4.90703e+00 -9.78262e-11
4.66504e+00 4.92696e+00 -7.83361e-11
4.66504e+00 4.94452e+00 -6.42583e-11
4.66504e+00 4.95969e+00 -5.40534e-11
4.66504e+00 4.97246e+00 -4.66718e-11
4.66504e+00 4.98281e+00 -4.13975e-11
4.66504e+00 4.99074e+00 -3.77459e-11
4.66504e+00 4.99623e+00 -3.53966e-11
4.66504e+00 4.99928e+00 -3.41506e-11
4.70305e+00 7.15683e-04 -2.01413e-12
4.70305e+00 3.77012e-03 -5.58929e-11
4.70305e+00 9.26216e-03 -3.37342e-10
4.70305e+00 1.71877e-02 -1.16166e-09
4.70305e+00 2.75390e-02 -2.98223e-09
4.70305e+00 4.03061e-02 -6.38828e-09
4.70305e+00 5.54766e-02 -1.21020e-08
4.70305e+00 7.30356e-02 -2.09749e-08
4.70305e+00 9.29659e-02 -3.39836e-08
4.70305e+00 1.15248e-01 -5.22247e-08
4.70305e+00 1.39860e-01 -7.69093e-08
4.70305e+00 1.66779e-01 -1.09357e-07
4.70305e+00 1.95977e-01 -1.50986e-07
4.70305e+00 2.27426e-01 -2.03311e-07
4.70305e+00 2.61096e-01 -2.67927e-07
4.70305e+00 2.96953e-01 -3.46503e-07
4.70305e+00 3.34963e-01 -4.40769e-07
4.70305e+00 3.75089e-01 -5.52501e-07
4.70305e+00 4.17290e-01 -6.83507e-07
4.70305e+00 4.61527e-01 -8.35603e-07
4.70305e+00 5.07755e-01 -1.01059e-06
4.70305e+00 5.55930e-01 -1.21023e-06
4.70305e+00 6.06005e-01 -1.43619e-06
4.70305e+00 6.57930e-01 -1.69004e-06
4.70305e+00 7.11655e-01 -1.97315e-06
4.70305e+00 7.67127e-01 -2.28664e-06
4.70305e+00 8.24292e-01 -2.63136e-06
4.70305e+00 8.83095e-01 -3.00770e-06
4.70305e+00 9.43478e-01 -3.41558e-06
4.70305e+00 1.00538e+00 -3.85431e-06
4.70305e+00 1.06875e+00 -4.32242e-06
4.70305e+00 1.13351e+00 -4.81760e-06
4.70305e+00 1.19960e+00 -5.33652e-06
4.70305e+00 1.26697e+00 -5.87472e-06
4.70305e+00 1.33555e+00 -6.42650e-06
4.70305e+00 1.40526e+00 -6.98479e-06
4.70305e+00 1.47604e+00 -7.54118e-06
4.70305e+00 1.54782e+00 -8.08587e-06
4.70305e+00 1.62053e+00 -8.60779e-06
4.70305e+00 1.69410e+00 -9.09480e-06
4.70305e+00 1.76846e+00 -9.53393e-06
4.70305e+00 1.84353e+00 -9.91185e-06
4.70305e+00 1.91924e+00 -1.02154e-05
4.70305e+00 1.99553e+00 -1.04320e-05
4.70305e+00 2.07230e+00 -1.05509e-05
4.70305e+00 2.14949e+00 -1.05631e-05
4.70305e+00 2.22703e+00 -1.04629e-05
4.70305e+00 2.30483e+00 -1.02481e-05
4.70305e+00 2.38282e+00 -9.92030e-06
4.70305e+00 2.46093e+00 -9.48568e-06
4.70305e+00 2.53907e+00 -8.95454e-06
4.70305e+00 2.61718e+00 -8.34118e-06
4.70305e+00 2.69517e+00 -7.66314e-06
4.70305e+00 2.77297e+00 -6.94034e-06
4.70305e+00 2.85051e+00 -6.19388e-06
4.70305e+00 2.92770e+00 -5.44485e-06
4.70305e+00 3.00447e+00 -4.71310e-06
4.70305e+00 3.08076e+00 -4.01609e-06
4.70305e+00 3.15647e+00 -3.36810e-06
4.70305e+00 3.23154e+00 -2.77966e-06
4.70305e+00 3.30590e+00 -2.25733e-06
4.70305e+00 3.37947e+00 -1.80387e-06
4.70305e+00 3.45218e+00 -1.41864e-06
4.70305e+00 3.52396e+00 -1.09820e-06
4.70305e+00 3.59474e+00 -8.37090e-07
4.70305e+00 3.66445e+00 -6.28518e-07
4.70305e+00 3.73303e+00 -4.65095e-07
4.70305e+00 3.80040e+00 -3.39402e-07
4.70305e+00 3.86649e+00 -2.44428e-07
4.70305e+00 3.93125e+00 -1.73867e-07
4.70305e+00 3.99462e+00 -1.22270e-07
4.70305e+00 4.05652e+00 -8.50981e-08
4.70305e+00 4.11690e+00 -5.86833e-08
4.70305e+00 4.17571e+00 -4.01465e-08
4.70305e+00 4.23287e+00 -2.72837e-08
4.70305e+00 4.28835e+00 -1.84460e-08
4.70305e+00 4.34207e+00 -1.24252e-08
4.70305e+00 4.39400e+00 -8.35200e-09
4.70305e+00 4.44407e+00 -5.61153e-09
4.70305e+00 4.49224e+00 -3.77498e-09
4.70305e+00 4.53847e+00 -2.54710e-09
4.70305e+00 4.58271e+00 -1.72682e-09
4.70305e+00 4.62491e+00 -1.17842e-09
4.70305e+00 4.66504e+00 -8.10929e-10
4.70305e+00 4.70305e+00 -5.63744e-10
4.70305e+00 4.73890e+00 -3.96615e-10
4.70305e+00 4.77257e+00 -2.82884e-10
4.70305e+00 4.80402e+00 -2.04898e-10
4.70305e+00 4.83322e+00 -1.50967e-10
4.70305e+00 4.86014e+00 -1.13324e-10
4.70305e+00 4.88475e+00 -8.68002e-11
4.70305e+00 4.90703e+00 -6.79340e-11
4.70305e+00 4.92696e+00 -5.43992e-11
4.70305e+00 4.94452e+00 -4.46229e-11
4.70305e+00 4.95969e+00 -3.75362e-11
4.70305e+00 4.97246e+00 -3.24101e-11
4.70305e+00 4.98281e+00 -2.87475e-11
4.70305e+00 4.99074e+00 -2.62116e-11
4.70305e+00 4.99623e+00 -2.45802e-11
4.70305e+00 4.99928e+00 -2.37149e-11
4.73890e+00 7.15683e-04 -1.41691e-12
4.73890e+00 3.77012e-03 -3.93199e-11
4.73890e+00 9.26216e-03 -2.37316e-10
4.73890e+00 1.71877e-02 -8.17211e-10
4.73890e+00 2.75390e-02 -2.09796e-09
4.73890e+00 4.03061e-02 -4.49407e-09
4.73890e+00 5.54766e-02 -8.51360e-09
4.73890e+00 7.30356e-02 -1.47556e-08
4.73890e+00 9.29659e-02 -2.39070e-08
4.73890e+00 1.15248e-01 -3.67393e-08
4.73890e+00 1.39860e-01 -5.41046e-08
4.73890e+00 1.66779e-01 -7.69307e-08
4.73890e+00 1.95977e-01 -1.06217e-07
4.73890e+00 2.27426e-01 -1.43026e-07
4.73890e+00 2.61096e-01 -1.88482e-07
4.73890e+00 2.96953e-01 -2.43759e-07
4.73890e+00 3.34963e-01 -3.10073e-07
4.73890e+00 3.75089e-01 -3.88674e-07
4.73890e+00 4.17290e-01 -4.80833e-07
4.73890e+00 4.61527e-01 -5.87828e-07
4.73890e+00 5.07755e-01 -7.10926e-07
4.73890e+00 5.55930e-01 -8.51364e-07
4.73890e+00 6.06005e-01 -1.01032e-06
4.73890e+00 6.57930e-01 -1.18889e-06
4.73890e+00 7.11655e-01 -1.38804e-06
4.73890e+00 7.67127e-01 -1.60857e-06
4.73890e+00 8.24292e-01 -1.85105e-06
4.73890e+00 8.83095e-01 -2.11578e-06
4.73890e+00 9.43478e-01 -2.40269e-06
4.73890e+00 1.00538e+00 -2.71129e-06
4.73890e+00 1.06875e+00 -3.04056e-06
4.73890e+00 1.13351e+00 -3.38886e-06
4.73890e+00 1.19960e+00 -3.75385e-06
4.73890e+00 1.26697e+00 -4.13240e-06
4.73890e+00 1.33555e+00 -4.52049e-06
4.73890e+00 1.40526e+00 -4.91314e-06
4.73890e+00 1.47604e+00 -5.30445e-06
4.73890e+00 1.54782e+00 -5.68752e-06
4.73890e+00 1.62053e+00 -6.05456e-06
4.73890e+00 1.69410e+00 -6.39702e-06
4.73890e+00 1.76846e+00 -6.70580e-06
4.73890e+00 1.84353e+00 -6.97152e-06
4.73890e+00 1.91924e+00 -7.18488e-06
4.73890e+00 1.99553e+00 -7.33715e-06
4.73890e+00 2.07230e+00 -7.42062e-06
4.73890e+00 2.14949e+00 -7.42911e-06
4.73890e+00 2.22703e+00 -7.35853e-06
4.73890e+00 2.30483e+00 -7.20730e-06
4.73890e+00 2.38282e+00 -6.97665e-06
4.73890e+00 2.46093e+00 -6.67087e-06
4.73890e+00 2.53907e+00 -6.29723e-06
4.73890e+00 2.61718e+00 -5.86578e-06
4.73890e+00 2.69517e+00 -5.38886e-06
4.73890e+00 2.77297e+00 -4.88047e-06
4.73890e+00 2.85051e+00 -4.35547e-06
4.73890e+00 2.92770e+00 -3.82869e-06
4.73890e+00 3.00447e+00 -3.31408e-06
4.73890e+00 3.08076e+00 -2.82391e-06
4.73890e+00 3.15647e+00 -2.36823e-06
4.73890e+00 3.23154e+00 -1.95444e-06
4.73890e+00 3.30590e+00 -1.58715e-06
4.73890e+00 3.37947e+00 -1.26829e-06
4.73890e+00 3.45218e+00 -9.97417e-07
4.73890e+00 3.52396e+00 -7.72112e-07
4.73890e+00 3.59474e+00 -5.88521e-07
4.73890e+00 3.66445e+00 -4.41875e-07
4.73890e+00 3.73303e+00 -3.26976e-07
4.73890e+00 3.80040e+00 -2.38606e-07
4.73890e+00 3.86649e+00 -1.71835e-07
4.73890e+00 3.93125e+00 -1.22228e-07
4.73890e+00 3.99462e+00 -8.59541e-08
4.73890e+00 4.05652e+00 -5.98218e-08
4.73890e+00 4.11690e+00 -4.12522e-08
4.73890e+00 4.17571e+00 -2.82211e-08
4.73890e+00 4.23287e+00 -1.91789e-08
4.73890e+00 4.28835e+00 -1.29664e-08
4.73890e+00 4.34207e+00 -8.73398e-09
4.73890e+00 4.39400e+00 -5.87077e-09
4.73890e+00 4.44407e+00 -3.94440e-09
4.73890e+00 4.49224e+00 -2.65344e-09
4.73890e+00 4.53847e+00 -1.79034e-09
4.73890e+00 4.58271e+00 -1.21376e-09
4.73890e+00 4.62491e+00 -8.28286e-10
4.73890e+00 4.66504e+00 -5.69982e-10
4.73890e+00 4.70305e+00 -3.96238e-10
4.73890e+00 4.73890e+00 -2.78767e-10
4.73890e+00 4.77257e+00 -1.98827e-10
4.73890e+00 4.80402e+00 -1.44014e-10
4.73890e+00 4.83322e+00 -1.06107e-10
4.73890e+00 4.86014e+00 -7.96496e-11
4.73890e+00 4.88475e+00 -6.10068e-11
4.73890e+00 4.90703e+00 -4.77467e-11
4.73890e+00 4.92696e+00 -3.82337e-11
4.73890e+00 4.94452e+00 -3.13625e-11
4.73890e+00 4.95969e+00 -2.63816e-11
4.73890e+00 4.97246e+00 -2.27788e-11
4.73890e+00 4.98281e+00 -2.02045e-11
4.73890e+00 4.99074e+00 -1.84223e-11
4.73890e+00 4.99623e+00 -1.72756e-11
4.73890e+00 4.99928e+00 -1.66675e-11
4.77257e+00 7.15683e-04 -1.01056e-12
4.77257e+00 3.77012e-03 -2.80436e-11
4.77257e+00 9.26216e-03 -1.69257e-10
4.77257e+00 1.71877e-02 -5.82848e-10
4.77257e+00 2.75390e-02 -1.49630e-09
4.77257e+00 4.03061e-02 -3.20524e-09
4.77257e+00 5.54766e-02 -6.07203e-09
4.77257e+00 7.30356e-02 -1.05239e-08
4.77257e+00 9.29659e-02 -1.70508e-08
4.77257e+00 1.15248e-01 -2.62031e-08
4.77257e+00 1.39860e-01 -3.85882e-08
4.77257e+00 1.66779e-01 -5.48681e-08
4.77257e+00 1.95977e-01 -7.57552e-08
4.77257e+00 2.27426e-01 -1.02008e-07
4.77257e+00 2.61096e-01 -1.34428e-07
4.77257e+00 2.96953e-01 -1.73852e-07
4.77257e+00 3.34963e-01 -2.21147e-07
4.77257e+00 3.75089e-01 -2.77206e-07
4.77257e+00 4.17290e-01 -3.42934e-07
4.77257e+00 4.61527e-01 -4.19243e-07
4.77257e+00 5.07755e-01 -5.07036e-07
4.77257e+00 5.55930e-01 -6.07196e-07
4.77257e+00 6.06005e-01 -7.20562e-07
4.77257e+00 6.57930e-01 -8.47915e-07
4.77257e+00 7.11655e-01 -9.89944e-07
4.77257e+00 7.67127e-01 -1.14722e-06
4.77257e+00 8.24292e-01 -1.32015e-06
4.77257e+00 8.83095e-01 -1.50894e-06
4.77257e+00 9.43478e-01 -1.71355e-06
4.77257e+00 1.00538e+00 -1.93363e-06
4.77257e+00 1.06875e+00 -2.16844e-06
4.77257e+00 1.13351e+00 -2.41682e-06
4.77257e+00 1.19960e+00 -2.67710e-06
4.77257e+00 1.26697e+00 -2.94704e-06
4.77257e+00 1.33555e+00 -3.22377e-06
4.77257e+00 1.40526e+00 -3.50376e-06
4.77257e+00 1.47604e+00 -3.78277e-06
4.77257e+00 1.54782e+00 -4.05590e-06
4.77257e+00 1.62053e+00 -4.31760e-06
4.77257e+00 1.69410e+00 -4.56176e-06
4.77257e+00 1.76846e+00 -4.78189e-06
4.77257e+00 1.84353e+00 -4.97130e-06
4.77257e+00 1.91924e+00 -5.12337e-06
4.77257e+00 1.99553e+00 -5.23188e-06
4.77257e+00 2.07230e+00 -5.29131e-06
4.77257e+00 2.14949e+00 -5.29728e-06
4.77257e+00 2.22703e+00 -5.24688e-06
4.77257e+00 2.30483e+00 -5.13896e-06
4.77257e+00 2.38282e+00 -4.97442e-06
4.77257e+00 2.46093e+00 -4.75631e-06
4.77257e+00 2.53907e+00 -4.48983e-06
4.77257e+00 2.61718e+00 -4.18213e-06
4.77257e+00 2.69517e+00 -3.84203e-06
4.77257e+00 2.77297e+00 -3.47951e-06
4.77257e+00 2.85051e+00 -3.10516e-06
4.77257e+00 2.92770e+00 -2.72955e-06
4.77257e+00 3.00447e+00 -2.36262e-06
4.77257e+00 3.08076e+00 -2.01314e-06
4.77257e+00 3.15647e+00 -1.68826e-06
4.77257e+00 3.23154e+00 -1.39325e-06
4.77257e+00 3.30590e+00 -1.13140e-06
4.77257e+00 3.37947e+00 -9.04089e-07
4.77257e+00 3.45218e+00 -7.10986e-07
4.77257e+00 3.52396e+00 -5.50373e-07
4.77257e+00 3.59474e+00 -4.19499e-07
4.77257e+00 3.66445e+00 -3.14965e-07
4.77257e+00 3.73303e+00 -2.33062e-07
4.77257e+00 3.80040e+00 -1.70070e-07
4.77257e+00 3.86649e+00 -1.22476e-07
4.77257e+00 3.93125e+00 -8.71170e-08
4.77257e+00 3.99462e+00 -6.12624e-08
4.77257e+00 4.05652e+00 -4.26364e-08
4.77257e+00 4.11690e+00 -2.94010e-08
4.77257e+00 4.17571e+00 -2.01133e-08
4.77257e+00 4.23287e+00 -1.36687e-08
4.77257e+00 4.28835e+00 -9.24092e-09
4.77257e+00 4.34207e+00 -6.22450e-09
4.77257e+00 4.39400e+00 -4.18390e-09
4.77257e+00 4.44407e+00 -2.81101e-09
4.77257e+00 4.49224e+00 -1.89098e-09
4.77257e+00 4.53847e+00 -1.27588e-09
4.77257e+00 4.58271e+00 -8.64972e-10
4.77257e+00 4.62491e+00 -5.90263e-10
4.77257e+00 4.66504e+00 -4.06183e-10
4.77257e+00 4.70305e+00 -2.82367e-10
4.77257e+00 4.73890e+00 -1.98653e-10
4.77257e+00 4.77257e+00 -1.41686e-10
4.77257e+00 4.80402e+00 -1.02625e-10
4.77257e+00 4.83322e+00 -7.56118e-11
4.77257e+00 4.86014e+00 -5.67581e-11
4.77257e+00 4.88475e+00 -4.34731e-11
4.77257e+00 4.90703e+00 -3.40238e-11
4.77257e+00 4.92696e+00 -2.72449e-11
4.77257e+00 4.94452e+00 -2.23484e-11
4.77257e+00 4.95969e+00 -1.87991e-11
4.77257e+00 4.97246e+00 -1.62317e-11
4.77257e+00 4.98281e+00 -1.43973e-11
4.77257e+00 4.99074e+00 -1.31273e-11
4.77257e+00 4.99623e+00 -1.23102e-11
4.77257e+00 4.99928e+00 -1.18769e-11
4.80402e+00 7.15683e-04 -7.31964e-13
4.80402e+00 3.77012e-03 -2.03123e-11
4.80402e+00 9.26216e-03 -1.22595e-10
4.80402e+00 1.71877e-02 -4.22164e-10
4.80402e+00 2.75390e-02 -1.08378e-09
4.80402e+00 4.03061e-02 -2.32160e-09
4.80402e+00 5.54766e-02 -4.39804e-09
4.80402e+00 7.30356e-02 -7.62258e-09
4.80402e+00 9.29659e-02 -1.23501e-08
4.80402e+00 1.15248e-01 -1.89792e-08
4.80402e+00 1.39860e-01 -2.79499e-08
4.80402e+00 1.66779e-01 -3.97416e-08
4.80402e+00 1.95977e-01 -5.48703e-08
4.80402e+00 2.27426e-01 -7.38856e-08
4.80402e+00 2.61096e-01 -9.73674e-08
4.80402e+00 2.96953e-01 -1.25922e-07
4.80402e+00 3.34963e-01 -1.60179e-07
4.80402e+00 3.75089e-01 -2.00782e-07
4.80402e+00 4.17290e-01 -2.48389e-07
4.80402e+00 4.61527e-01 -3.03659e-07
4.80402e+00 5.07755e-01 -3.67248e-07
4.80402e+00 5.55930e-01 -4.39792e-07
4.80402e+00 6.06005e-01 -5.21902e-07
4.80402e+00 6.57930e-01 -6.14141e-07
4.80402e+00 7.11655e-01 -7.17009e-07
4.80402e+00 7.67127e-01 -8.30918e-07
4.80402e+00 8.24292e-01 -9.56165e-07
4.80402e+00 8.83095e-01 -1.09290e-06
4.80402e+00 9.43478e-01 -1.24109e-06
4.80402e+00 1.00538e+00 -1.40048e-06
4.80402e+00 1.06875e+00 -1.57053e-06
4.80402e+00 1.13351e+00 -1.75041e-06
4.80402e+00 1.19960e+00 -1.93891e-06
4.80402e+00 1.26697e+00 -2.13440e-06
4.80402e+00 1.33555e+00 -2.33480e-06
4.80402e+00 1.40526e+00 -2.53756e-06
4.80402e+00 1.47604e+00 -2.73960e-06
4.80402e+00 1.54782e+00 -2.93738e-06
4.80402e+00 1.62053e+00 -3.12687e-06
4.80402e+00 1.69410e+00 -3.30366e-06
4.80402e+00 1.76846e+00 -3.46304e-06
4.80402e+00 1.84353e+00 -3.60016e-06
4.80402e+00 1.91924e+00 -3.71024e-06
4.80402e+00 1.99553e+00 -3.78877e-06
4.80402e+00 2.07230e+00 -3.83175e-06
4.80402e+00 2.14949e+00 -3.83602e-06
4.80402e+00 2.22703e+00 -3.79946e-06
4.80402e+00 2.30483e+00 -3.72125e-06
4.80402e+00 2.38282e+00 -3.60205e-06
4.80402e+00 2.46093e+00 -3.44406e-06
4.80402e+00 2.53907e+00 -3.25104e-06
4.80402e+00 2.61718e+00 -3.02819e-06
4.80402e+00 2.69517e+00 -2.78189e-06
4.80402e+00 2.77297e+00 -2.51935e-06
4.80402e+00 2.85051e+00 -2.24826e-06
4.80402e+00 2.92770e+00 -1.97627e-06
4.80402e+00 3.00447e+00 -1.71058e-06
4.80402e+00 3.08076e+00 -1.45752e-06
4.80402e+00 3.15647e+00 -1.22229e-06
4.80402e+00 3.23154e+00 -1.00868e-06
4.80402e+00 3.30590e+00 -8.19096e-07
4.80402e+00 3.37947e+00 -6.54518e-07
4.80402e+00 3.45218e+00 -5.14712e-07
4.80402e+00 3.52396e+00 -3.98431e-07
4.80402e+00 3.59474e+00 -3.03683e-07
4.80402e+00 3.66445e+00 -2.28004e-07
4.80402e+00 3.73303e+00 -1.68712e-07
4.80402e+00 3.80040e+00 -1.23111e-07
4.80402e+00 3.86649e+00 -8.86569e-08
4.80402e+00 3.93125e+00 -6.30606e-08
4.80402e+00 3.99462e+00 -4.43448e-08
4.80402e+00 4.05652e+00 -3.08619e-08
4.80402e+00 4.11690e+00 -2.12813e-08
4.80402e+00 4.17571e+00 -1.45584e-08
4.80402e+00 4.23287e+00 -9.89356e-09
4.80402e+00 4.28835e+00 -6.68860e-09
4.80402e+00 4.34207e+00 -4.50526e-09
4.80402e+00 4.39400e+00 -3.02825e-09
4.80402e+00 4.44407e+00 -2.03455e-09
4.80402e+00 4.49224e+00 -1.36864e-09
4.80402e+00 4.53847e+00 -9.23435e-10
4.80402e+00 4.58271e+00 -6.26030e-10
4.80402e+00 4.62491e+00 -4.27204e-10
4.80402e+00 4.66504e+00 -2.93973e-10
4.80402e+00 4.70305e+00 -2.04360e-10
4.80402e+00 4.73890e+00 -1.43772e-10
4.80402e+00 4.77257e+00 -1.02543e-10
4.80402e+00 4.80402e+00 -7.42723e-11
4.80402e+00 4.83322e+00 -5.47219e-11
4.80402e+00 4.86014e+00 -4.10768e-11
4.80402e+00 4.88475e+00 -3.14621e-11
4.80402e+00 4.90703e+00 -2.46234e-11
4.80402e+00 4.92696e+00 -1.97173e-11
4.80402e+00 4.94452e+00 -1.61737e-11
4.80402e+00 4.95969e+00 -1.36050e-11
4.80402e+00 4.97246e+00 -1.17469e-11
4.80402e+00 4.98281e+00 -1.04194e-11
4.80402e+00 4.99074e+00 -9.50022e-12
4.80402e+00 4.99623e+00 -8.90889e-12
4.80402e+00 4.99928e+00 -8.59527e-12
4.83322e+00 7.15683e-04 -5.39307e-13
4.83322e+00 3.77012e-03 -1.49660e-11
4.83322e+00 9.26216e-03 -9.03273e-11
4.83322e+00 1.71877e-02 -3.11048e-10
4.83322e+00 2.75390e-02 -7.98526e-10
4.83322e+00 4.03061e-02 -1.71054e-09
4.83322e+00 5.54766e-02 -3.24045e-09
4.83322e+00 7.30356e-02 -5.61627e-09
4.83322e+00 9.29659e-02 -9.09949e-09
4.83322e+00 1.15248e-01 -1.39837e-08
4.83322e+00 1.39860e-01 -2.05933e-08
4.83322e+00 1.66779e-01 -2.92813e-08
4.83322e+00 1.95977e-01 -4.04280e-08
4.83322e+00 2.27426e-01 -5.44383e-08
4.83322e+00 2.61096e-01 -7.17395e-08
4.83322e+00 2.96953e-01 -9.27784e-08
4.83322e+00 3.34963e-01 -1.18018e-07
4.83322e+00 3.75089e-01 -1.47934e-07
4.83322e+00 4.17290e-01 -1.83010e-07
4.83322e+00 4.61527e-01 -2.23732e-07
4.83322e+00 5.07755e-01 -2.70582e-07
4.83322e+00 5.55930e-01 -3.24031e-07
4.83322e+00 6.06005e-01 -3.84527e-07
4.83322e+00 6.57930e-01 -4.52486e-07
4.83322e+00 7.11655e-01 -5.28275e-07
4.83322e+00 7.67127e-01 -6.12198e-07
4.83322e+00 8.24292e-01 -7.04474e-07
4.83322e+00 8.83095e-01 -8.05212e-07
4.83322e+00 9.43478e-01 -9.14388e-07
4.83322e+00 1.00538e+00 -1.03181e-06
4.83322e+00 1.06875e+00 -1.15710e-06
4.83322e+00 1.13351e+00 -1.28961e-06
4.83322e+00 1.19960e+00 -1.42848e-06
4.83322e+00 1.26697e+00 -1.57249e-06
4.83322e+00 1.33555e+00 -1.72012e-06
4.83322e+00 1.40526e+00 -1.86948e-06
4.83322e+00 1.47604e+00 -2.01832e-06
4.83322e+00 1.54782e+00 -2.16400e-06
4.83322e+00 1.62053e+00 -2.30358e-06
4.83322e+00 1.69410e+00 -2.43379e-06
4.83322e+00 1.76846e+00 -2.55117e-06
4.83322e+00 1.84353e+00 -2.65216e-06
4.83322e+00 1.91924e+00 -2.73322e-06
4.83322e+00 1.99553e+00 -2.79103e-06
4.83322e+00 2.07230e+00 -2.82266e-06
4.83322e+00 2.14949e+00 -2.82577e-06
4.83322e+00 2.22703e+00 -2.79879e-06
4.83322e+00 2.30483e+00 -2.74114e-06
4.83322e+00 2.38282e+00 -2.65330e-06
4.83322e+00 2.46093e+00 -2.53688e-06
4.83322e+00 2.53907e+00 -2.39467e-06
4.83322e+00 2.61718e+00 -2.23049e-06
4.83322e+00 2.69517e+00 -2.04903e-06
4.83322e+00 2.77297e+00 -1.85563e-06
4.83322e+00 2.85051e+00 -1.65593e-06
4.83322e+00 2.92770e+00 -1.45558e-06
4.83322e+00 3.00447e+00 -1.25986e-06
4.83322e+00 3.08076e+00 -1.07347e-06
4.83322e+00 3.15647e+00 -9.00202e-07
4.83322e+00 3.23154e+00 -7.42874e-07
4.83322e+00 3.30590e+00 -6.03236e-07
4.83322e+00 3.37947e+00 -4.82022e-07
4.83322e+00 3.45218e+00 -3.79056e-07
4.83322e+00 3.52396e+00 -2.93417e-07
4.83322e+00 3.59474e+00 -2.23638e-07
4.83322e+00 3.66445e+00 -1.67904e-07
4.83322e+00 3.73303e+00 -1.24239e-07
4.83322e+00 3.80040e+00 -9.06571e-08
4.83322e+00 3.86649e+00 -6.52848e-08
4.83322e+00 3.93125e+00 -4.64356e-08
4.83322e+00 3.99462e+00 -3.26535e-08
4.83322e+00 4.05652e+00 -2.27250e-08
4.83322e+00 4.11690e+00 -1.56702e-08
4.83322e+00 4.17571e+00 -1.07198e-08
4.83322e+00 4.23287e+00 -7.28481e-09
4.83322e+00 4.28835e+00 -4.92488e-09
4.83322e+00 4.34207e+00 -3.31723e-09
4.83322e+00 4.39400e+00 -2.22968e-09
4.83322e+00 4.44407e+00 -1.49801e-09
4.83322e+00 4.49224e+00 -1.00770e-09
4.83322e+00 4.53847e+00 -6.79900e-10
4.83322e+00 4.58271e+00 -4.60925e-10
4.83322e+00 4.62491e+00 -3.14533e-10
4.83322e+00 4.66504e+00 -2.16439e-10
4.83322e+00 4.70305e+00 -1.50460e-10
4.83322e+00 4.73890e+00 -1.05851e-10
4.83322e+00 4.77257e+00 -7.54958e-11
4.83322e+00 4.80402e+00 -5.46818e-11
4.83322e+00 4.83322e+00 -4.02879e-11
4.83322e+00 4.86014e+00 -3.02418e-11
4.83322e+00 4.88475e+00 -2.31631e-11
4.83322e+00 4.90703e+00 -1.81283e-11
4.83322e+00 4.92696e+00 -1.45163e-11
4.83322e+00 4.94452e+00 -1.19073e-11
4.83322e+00 4.95969e+00 -1.00162e-11
4.83322e+00 4.97246e+00 -8.64824e-12
4.83322e+00 4.98281e+00 -7.67084e-12
4.83322e+00 4.99074e+00 -6.99415e-12
4.83322e+00 4.99623e+00 -6.55880e-12
4.83322e+00 4.99928e+00 -6.32791e-12
4.86014e+00 7.15683e-04 -4.04845e-13
4.86014e+00 3.77012e-03 -1.12346e-11
4.86014e+00 9.26216e-03 -6.78066e-11
4.86014e+00 1.71877e-02 -2.33496e-10
4.86014e+00 2.75390e-02 -5.99435e-10
4.86014e+00 4.03061e-02 -1.28406e-09
4.86014e+00 5.54766e-02 -2.43253e-09
4.86014e+00 7.30356e-02 -4.21600e-09
4.86014e+00 9.29659e-02 -6.83077e-09
4.86014e+00 1.15248e-01 -1.04973e-08
4.86014e+00 1.39860e-01 -1.54589e-08
4.86014e+00 1.66779e-01 -2.19808e-08
4.86014e+00 1.95977e-01 -3.03483e-08
4.86014e+00 2.27426e-01 -4.08655e-08
4.86014e+00 2.61096e-01 -5.38530e-08
4.86014e+00 2.96953e-01 -6.96463e-08
4.86014e+00 3.34963e-01 -8.85930e-08
4.86014e+00 3.75089e-01 -1.11050e-07
4.86014e+00 4.17290e-01 -1.37380e-07
4.86014e+00 4.61527e-01 -1.67949e-07
4.86014e+00 5.07755e-01 -2.03118e-07
4.86014e+00 5.55930e-01 -2.43239e-07
4.86014e+00 6.06005e-01 -2.88651e-07
4.86014e+00 6.57930e-01 -3.39664e-07
4.86014e+00 7.11655e-01 -3.96555e-07
4.86014e+00 7.67127e-01 -4.59551e-07
4.86014e+00 8.24292e-01 -5.28816e-07
4.86014e+00 8.83095e-01 -6.04433e-07
4.86014e+00 9.43478e-01 -6.86383e-07
4.86014e+00 1.00538e+00 -7.74523e-07
4.86014e+00 1.06875e+00 -8.68561e-07
4.86014e+00 1.13351e+00 -9.68029e-07
4.86014e+00 1.19960e+00 -1.07226e-06
4.86014e+00 1.26697e+00 -1.18035e-06
4.86014e+00 1.33555e+00 -1.29115e-06
4.86014e+00 1.40526e+00 -1.40326e-06
4.86014e+00 1.47604e+00 -1.51496e-06
4.86014e+00 1.54782e+00 -1.62430e-06
4.86014e+00 1.62053e+00 -1.72905e-06
4.86014e+00 1.69410e+00 -1.82676e-06
4.86014e+00 1.76846e+00 -1.91485e-06
4.86014e+00 1.84353e+00 -1.99063e-06
4.86014e+00 1.91924e+00 -2.05145e-06
4.86014e+00 1.99553e+00 -2.09481e-06
4.86014e+00 2.07230e+00 -2.11852e-06
4.86014e+00 2.14949e+00 -2.12083e-06
4.86014e+00 2.22703e+00 -2.10056e-06
4.86014e+00 2.30483e+00 -2.05726e-06
4.86014e+00 2.38282e+00 -1.99130e-06
4.86014e+00 2.46093e+00 -1.90391e-06
4.86014e+00 2.53907e+00 -1.79715e-06
4.86014e+00 2.61718e+00 -1.67391e-06
4.86014e+00 2.69517e+00 -1.53771e-06
4.86014e+00 2.77297e+00 -1.39255e-06
4.86014e+00 2.85051e+00 -1.24267e-06
4.86014e+00 2.92770e+00 -1.09230e-06
4.86014e+00 3.00447e+00 -9.45419e-07
4.86014e+00 3.08076e+00 -8.05533e-07
4.86014e+00 3.15647e+00 -6.75503e-07
4.86014e+00 3.23154e+00 -5.57437e-07
4.86014e+00 3.30590e+00 -4.52649e-07
4.86014e+00 3.37947e+00 -3.61689e-07
4.86014e+00 3.45218e+00 -2.84423e-07
4.86014e+00 3.52396e+00 -2.20161e-07
4.86014e+00 3.59474e+00 -1.67801e-07
4.86014e+00 3.66445e+00 -1.25981e-07
4.86014e+00 3.73303e+00 -9.32167e-08
4.86014e+00 3.80040e+00 -6.80193e-08
4.86014e+00 3.86649e+00 -4.89820e-08
4.86014e+00 3.93125e+00 -3.48393e-08
4.86014e+00 3.99462e+00 -2.44987e-08
4.86014e+00 4.05652e+00 -1.70495e-08
4.86014e+00 4.11690e+00 -1.17565e-08
4.86014e+00 4.17571e+00 -8.04234e-09
4.86014e+00 4.23287e+00 -5.46526e-09
4.86014e+00 4.28835e+00 -3.69474e-09
4.86014e+00 4.34207e+00 -2.48862e-09
4.86014e+00 4.39400e+00 -1.67272e-09
4.86014e+00 4.44407e+00 -1.12380e-09
4.86014e+00 4.49224e+00 -7.55965e-10
4.86014e+00 4.53847e+00 -5.10050e-10
4.86014e+00 4.58271e+00 -3.45775e-10
4.86014e+00 4.62491e+00 -2.35954e-10
4.86014e+00 4.66504e+00 -1.62365e-10
4.86014e+00 4.70305e+00 -1.12869e-10
4.86014e+00 4.73890e+00 -7.94051e-11
4.86014e+00 4.77257e+00 -5.66333e-11
4.86014e+00 4.80402e+00 -4.10194e-11
4.86014e+00 4.83322e+00 -3.02217e-11
4.86014e+00 4.86014e+00 -2.26856e-11
4.86014e+00 4.88475e+00 -1.73755e-11
4.86014e+00 4.90703e+00 -1.35986e-11
4.86014e+00 4.92696e+00 -1.08891e-11
4.86014e+00 4.94452e+00 -8.93202e-12
4.86014e+00 4.95969e+00 -7.51339e-12
4.86014e+00 4.97246e+00 -6.48726e-12
4.86014e+00 4.98281e+00 -5.75409e-12
4.86014e+00 4.99074e+00 -5.24647e-12
4.86014e+00 4.99623e+00 -4.91990e-12
4.86014e+00 4.99928e+00 -4.74670e-12
4.88475e+00 7.15683e-04 -3.10100e-13
4.88475e+00 3.77012e-03 -8.60540e-12
4.88475e+00 9.26216e-03 -5.19379e-11
4.88475e+00 1.71877e-02 -1.78851e-10
4.88475e+00 2.75390e-02 -4.59150e-10
4.88475e+00 4.03061e-02 -9.83553e-10
4.88475e+00 5.54766e-02 -1.86325e-09
4.88475e+00 7.30356e-02 -3.22934e-09
4.88475e+00 9.29659e-02 -5.23217e-09
4.88475e+00 1.15248e-01 -8.04059e-09
4.88475e+00 1.39860e-01 -1.18411e-08
4.88475e+00 1.66779e-01 -1.68366e-08
4.88475e+00 1.95977e-01 -2.32459e-08
4.88475e+00 2.27426e-01 -3.13017e-08
4.88475e+00 2.61096e-01 -4.12497e-08
4.88475e+00 2.96953e-01 -5.33469e-08
4.88475e+00 3.34963e-01 -6.78594e-08
4.88475e+00 3.75089e-01 -8.50606e-08
4.88475e+00 4.17290e-01 -1.05229e-07
4.88475e+00 4.61527e-01 -1.28643e-07
4.88475e+00 5.07755e-01 -1.55581e-07
4.88475e+00 5.55930e-01 -1.86312e-07
4.88475e+00 6.06005e-01 -2.21095e-07
4.88475e+00 6.57930e-01 -2.60168e-07
4.88475e+00 7.11655e-01 -3.03743e-07
4.88475e+00 7.67127e-01 -3.51994e-07
4.88475e+00 8.24292e-01 -4.05047e-07
4.88475e+00 8.83095e-01 -4.62963e-07
4.88475e+00 9.43478e-01 -5.25731e-07
4.88475e+00 1.00538e+00 -5.93238e-07
4.88475e+00 1.06875e+00 -6.65262e-07
4.88475e+00 1.13351e+00 -7.41444e-07
4.88475e+00 1.19960e+00 -8.21271e-07
4.88475e+00 1.26697e+00 -9.04055e-07
4.88475e+00 1.33555e+00 -9.88916e-07
4.88475e+00 1.40526e+00 -1.07477e-06
4.88475e+00 1.47604e+00 -1.16031e-06
4.88475e+00 1.54782e+00 -1.24405e-06
4.88475e+00 1.62053e+00 -1.32426e-06
4.88475e+00 1.69410e+00 -1.39909e-06
4.88475e+00 1.76846e+00 -1.46654e-06
4.88475e+00 1.84353e+00 -1.52456e-06
4.88475e+00 1.91924e+00 -1.57112e-06
4.88475e+00 1.99553e+00 -1.60432e-06
4.88475e+00 2.07230e+00 -1.62246e-06
4.88475e+00 2.14949e+00 -1.62421e-06
4.88475e+00 2.22703e+00 -1.60866e-06
4.88475e+00 2.30483e+00 -1.57549e-06
4.88475e+00 2.38282e+00 -1.52496e-06
4.88475e+00 2.46093e+00 -1.45801e-06
4.88475e+00 2.53907e+00 -1.37624e-06
4.88475e+00 2.61718e+00 -1.28184e-06
4.88475e+00 2.69517e+00 -1.17753e-06
4.88475e+00 2.77297e+00 -1.06636e-06
4.88475e+00 2.85051e+00 -9.51571e-07
4.88475e+00 2.92770e+00 -8.36413e-07
4.88475e+00 3.00447e+00 -7.23931e-07
4.88475e+00 3.08076e+00 -6.16808e-07
4.88475e+00 3.15647e+00 -5.17235e-07
4.88475e+00 3.23154e+00 -4.26825e-07
4.88475e+00 3.30590e+00 -3.46585e-07
4.88475e+00 3.37947e+00 -2.76935e-07
4.88475e+00 3.45218e+00 -2.17771e-07
4.88475e+00 3.52396e+00 -1.68566e-07
4.88475e+00 3.59474e+00 -1.28475e-07
4.88475e+00 3.66445e+00 -9.64547e-08
4.88475e+00 3.73303e+00 -7.13686e-08
4.88475e+00 3.80040e+00 -5.20763e-08
4.88475e+00 3.86649e+00 -3.75007e-08
4.88475e+00 3.93125e+00 -2.66727e-08
4.88475e+00 3.99462e+00 -1.87558e-08
4.88475e+00 4.05652e+00 -1.30527e-08
4.88475e+00 4.11690e+00 -9.00036e-09
4.88475e+00 4.17571e+00 -6.15687e-09
4.88475e+00 4.23287e+00 -4.18393e-09
4.88475e+00 4.28835e+00 -2.82848e-09
4.88475e+00 4.34207e+00 -1.90513e-09
4.88475e+00 4.39400e+00 -1.28051e-09
4.88475e+00 4.44407e+00 -8.60296e-10
4.88475e+00 4.49224e+00 -5.78702e-10
4.88475e+00 4.53847e+00 -3.90447e-10
4.88475e+00 4.58271e+00 -2.64692e-10
4.88475e+00 4.62491e+00 -1.80622e-10
4.88475e+00 4.66504e+00 -1.24289e-10
4.88475e+00 4.70305e+00 -8.63999e-11
4.88475e+00 4.73890e+00 -6.07832e-11
4.88475e+00 4.77257e+00 -4.33515e-11
4.88475e+00 4.80402e+00 -3.13993e-11
4.88475e+00 4.83322e+00 -2.31338e-11
4.88475e+00 4.86014e+00 -1.73651e-11
4.88475e+00 4.88475e+00 -1.33003e-11
4.88475e+00 4.90703e+00 -1.04092e-11
4.88475e+00 4.92696e+00 -8.33515e-12
4.88475e+00 4.94452e+00 -6.83707e-12
4.88475e+00 4.95969e+00 -5.75116e-12
4.88475e+00 4.97246e+00 -4.96569e-12
4.88475e+00 4.98281e+00 -4.40447e-12
4.88475e+00 4.99074e+00 -4.01592e-12
4.88475e+00 4.99623e+00 -3.76594e-12
4.88475e+00 4.99928e+00 -3.63336e-12
4.90703e+00 7.15683e-04 -2.42709e-13
4.90703e+00 3.77012e-03 -6.73527e-12
4.90703e+00 9.26216e-03 -4.06508e-11
4.90703e+00 1.71877e-02 -1.39983e-10
4.90703e+00 2.75390e-02 -3.59367e-10
4.90703e+00 4.03061e-02 -7.69808e-10
4.90703e+00 5.54766e-02 -1.45833e-09
4.90703e+00 7.30356e-02 -2.52754e-09
4.90703e+00 9.29659e-02 -4.09512e-09
4.90703e+00 1.15248e-01 -6.29321e-09
4.90703e+00 1.39860e-01 -9.26775e-09
4.90703e+00 1.66779e-01 -1.31777e-08
4.90703e+00 1.95977e-01 -1.81941e-08
4.90703e+00 2.27426e-01 -2.44992e-08
4.90703e+00 2.61096e-01 -3.22853e-08
4.90703e+00 2.96953e-01 -4.17534e-08
4.90703e+00 3.34963e-01 -5.31120e-08
4.90703e+00 3.75089e-01 -6.65749e-08
4.90703e+00 4.17290e-01 -8.23599e-08
4.90703e+00 4.61527e-01 -1.00685e-07
4.90703e+00 5.07755e-01 -1.21769e-07
4.90703e+00 5.55930e-01 -1.45821e-07
4.90703e+00 6.06005e-01 -1.73044e-07
4.90703e+00 6.57930e-01 -2.03625e-07
4.90703e+00 7.11655e-01 -2.37729e-07
4.90703e+00 7.67127e-01 -2.75493e-07
4.90703e+00 8.24292e-01 -3.17014e-07
4.90703e+00 8.83095e-01 -3.62342e-07
4.90703e+00 9.43478e-01 -4.11465e-07
4.90703e+00 1.00538e+00 -4.64298e-07
4.90703e+00 1.06875e+00 -5.20666e-07
4.90703e+00 1.13351e+00 -5.80286e-07
4.90703e+00 1.19960e+00 -6.42759e-07
4.90703e+00 1.26697e+00 -7.07545e-07
4.90703e+00 1.33555e+00 -7.73955e-07
4.90703e+00 1.40526e+00 -8.41140e-07
4.90703e+00 1.47604e+00 -9.08084e-07
4.90703e+00 1.54782e+00 -9.73607e-07
4.90703e+00 1.62053e+00 -1.03638e-06
4.90703e+00 1.69410e+00 -1.09493e-06
4.90703e+00 1.76846e+00 -1.14770e-06
4.90703e+00 1.84353e+00 -1.19310e-06
4.90703e+00 1.91924e+00 -1.22953e-06
4.90703e+00 1.99553e+00 -1.25549e-06
4.90703e+00 2.07230e+00 -1.26968e-06
4.90703e+00 2.14949e+00 -1.27103e-06
4.90703e+00 2.22703e+00 -1.25885e-06
4.90703e+00 2.30483e+00 -1.23288e-06
4.90703e+00 2.38282e+00 -1.19332e-06
4.90703e+00 2.46093e+00 -1.14092e-06
4.90703e+00 2.53907e+00 -1.07692e-06
4.90703e+00 2.61718e+00 -1.00304e-06
4.90703e+00 2.69517e+00 -9.21408e-07
4.90703e+00 2.77297e+00 -8.34405e-07
4.90703e+00 2.85051e+00 -7.44577e-07
4.90703e+00 2.92770e+00 -6.54462e-07
4.90703e+00 3.00447e+00 -5.66441e-07
4.90703e+00 3.08076e+00 -4.82617e-07
4.90703e+00 3.15647e+00 -4.04702e-07
4.90703e+00 3.23154e+00 -3.33958e-07
4.90703e+00 3.30590e+00 -2.71173e-07
4.90703e+00 3.37947e+00 -2.16674e-07
4.90703e+00 3.45218e+00 -1.70383e-07
4.90703e+00 3.52396e+00 -1.31883e-07
4.90703e+00 3.59474e+00 -1.00515e-07
4.90703e+00 3.66445e+00 -7.54627e-08
4.90703e+00 3.73303e+00 -5.58356e-08
4.90703e+00 3.80040e+00 -4.07417e-08
4.90703e+00 3.86649e+00 -2.93382e-08
4.90703e+00 3.93125e+00 -2.08668e-08
4.90703e+00 3.99462e+00 -1.46730e-08
4.90703e+00 4.05652e+00 -1.02113e-08
4.90703e+00 4.11690e+00 -7.04102e-09
4.90703e+00 4.17571e+00 -4.81650e-09
4.90703e+00 4.23287e+00 -3.27304e-09
4.90703e+00 4.28835e+00 -2.21267e-09
4.90703e+00 4.34207e+00 -1.49033e-09
4.90703e+00 4.39400e+00 -1.00170e-09
4.90703e+00 4.44407e+00 -6.72976e-10
4.90703e+00 4.49224e+00 -4.52693e-10
4.90703e+00 4.53847e+00 -3.05427e-10
4.90703e+00 4.58271e+00 -2.07054e-10
4.90703e+00 4.62491e+00 -1.41289e-10
4.90703e+00 4.66504e+00 -9.72234e-11
4.90703e+00 4.70305e+00 -6.75846e-11
4.90703e+00 4.73890e+00 -4.75462e-11
4.90703e+00 4.77257e+00 -3.39105e-11
4.90703e+00 4.80402e+00 -2.45611e-11
4.90703e+00 4.83322e+00 -1.80956e-11
4.90703e+00 4.86014e+00 -1.35832e-11
4.90703e+00 4.88475e+00 -1.04036e-11
4.90703e+00 4.90703e+00 -8.14214e-12
4.90703e+00 4.92696e+00 -6.51978e-12
4.90703e+00 4.94452e+00 -5.34797e-12
4.90703e+00 4.95969e+00 -4.49856e-12
4.90703e+00 4.97246e+00 -3.88416e-12
4.90703e+00 4.98281e+00 -3.44517e-12
4.90703e+00 4.99074e+00 -3.14123e-12
4.90703e+00 4.99623e+00 -2.94570e-12
4.90703e+00 4.99928e+00 -2.84200e-12
4.92696e+00 7.15683e-04 -1.94362e-13
4.92696e+00 3.77012e-03 -5.39362e-12
4.92696e+00 9.26216e-03 -3.25532e-11
4.92696e+00 1.71877e-02 -1.12099e-10
4.92696e+00 2.75390e-02 -2.87782e-10
4.92696e+00 4.03061e-02 -6.16463e-10
4.92696e+00 5.54766e-02 -1.16783e-09
4.92696e+00 7.30356e-02 -2.02405e-09
4.92696e+00 9.29659e-02 -3.27937e-09
4.92696e+00 1.15248e-01 -5.03961e-09
4.92696e+00 1.39860e-01 -7.42162e-09
4.92696e+00 1.66779e-01 -1.05527e-08
4.92696e+00 1.95977e-01 -1.45698e-08
4.92696e+00 2.27426e-01 -1.96189e-08
4.92696e+00 2.61096e-01 -2.58540e-08
4.92696e+00 2.96953e-01 -3.34361e-08
4.92696e+00 3.34963e-01 -4.25320e-08
4.92696e+00 3.75089e-01 -5.33130e-08
4.92696e+00 4.17290e-01 -6.59535e-08
4.92696e+00 4.61527e-01 -8.06285e-08
4.92696e+00 5.07755e-01 -9.75117e-08
4.92696e+00 5.55930e-01 -1.16772e-07
4.92696e+00 6.06005e-01 -1.38572e-07
4.92696e+00 6.57930e-01 -1.63061e-07
4.92696e+00 7.11655e-01 -1.90371e-07
4.92696e+00 7.67127e-01 -2.20611e-07
4.92696e+00 8.24292e-01 -2.53860e-07
4.92696e+00 8.83095e-01 -2.90157e-07
4.92696e+00 9.43478e-01 -3.29492e-07
4.92696e+00 1.00538e+00 -3.71798e-07
4.92696e+00 1.06875e+00 -4.16934e-07
4.92696e+00 1.13351e+00 -4.64675e-07
4.92696e+00 1.19960e+00 -5.14698e-07
4.92696e+00 1.26697e+00 -5.66574e-07
4.92696e+00 1.33555e+00 -6.19749e-07
4.92696e+00 1.40526e+00 -6.73544e-07
4.92696e+00 1.47604e+00 -7.27144e-07
4.92696e+00 1.54782e+00 -7.79606e-07
4.92696e+00 1.62053e+00 -8.29862e-07
4.92696e+00 1.69410e+00 -8.76740e-07
4.92696e+00 1.76846e+00 -9.18993e-07
4.92696e+00 1.84353e+00 -9.55334e-07
4.92696e+00 1.91924e+00 -9.84494e-07
4.92696e+00 1.99553e+00 -1.00528e-06
4.92696e+00 2.07230e+00 -1.01662e-06
4.92696e+00 2.14949e+00 -1.01770e-06
4.92696e+00 2.22703e+00 -1.00794e-06
4.92696e+00 2.30483e+00 -9.87130e-07
4.92696e+00 2.38282e+00 -9.55449e-07
4.92696e+00 2.46093e+00 -9.13483e-07
4.92696e+00 2.53907e+00 -8.62232e-07
4.92696e+00 2.61718e+00 -8.03075e-07
4.92696e+00 2.69517e+00 -7.37705e-07
4.92696e+00 2.77297e+00 -6.68041e-07
4.92696e+00 2.85051e+00 -5.96117e-07
4.92696e+00 2.92770e+00 -5.23963e-07
4.92696e+00 3.00447e+00 -4.53489e-07
4.92696e+00 3.08076e+00 -3.86375e-07
4.92696e+00 3.15647e+00 -3.23994e-07
4.92696e+00 3.23154e+00 -2.67355e-07
4.92696e+00 3.30590e+00 -2.17089e-07
4.92696e+00 3.37947e+00 -1.73458e-07
4.92696e+00 3.45218e+00 -1.36398e-07
4.92696e+00 3.52396e+00 -1.05576e-07
4.92696e+00 3.59474e+00 -8.04647e-08
4.92696e+00 3.66445e+00 -6.04088e-08
4.92696e+00 3.73303e+00 -4.46966e-08
4.92696e+00 3.80040e+00 -3.26135e-08
4.92696e+00 3.86649e+00 -2.34848e-08
4.92696e+00 3.93125e+00 -1.67035e-08
4.92696e+00 3.99462e+00 -1.17453e-08
4.92696e+00 4.05652e+00 -8.17374e-09
4.92696e+00 4.11690e+00 -5.63603e-09
4.92696e+00 4.17571e+00 -3.85536e-09
4.92696e+00 4.23287e+00 -2.61988e-09
4.92696e+00 4.28835e+00 -1.77110e-09
4.92696e+00 4.34207e+00 -1.19290e-09
4.92696e+00 4.39400e+00 -8.01786e-10
4.92696e+00 4.44407e+00 -5.38662e-10
4.92696e+00 4.49224e+00 -3.62341e-10
4.92696e+00 4.53847e+00 -2.44466e-10
4.92696e+00 4.58271e+00 -1.65726e-10
4.92696e+00 4.62491e+00 -1.13088e-10
4.92696e+00 4.66504e+00 -7.78168e-11
4.92696e+00 4.70305e+00 -5.40939e-11
4.92696e+00 4.73890e+00 -3.80552e-11
4.92696e+00 4.77257e+00 -2.71413e-11
4.92696e+00 4.80402e+00 -1.96581e-11
4.92696e+00 4.83322e+00 -1.44832e-11
4.92696e+00 4.86014e+00 -1.08716e-11
4.92696e+00 4.88475e+00 -8.32672e-12
4.92696e+00 4.90703e+00 -6.51669e-12
4.92696e+00 4.92696e+00 -5.21819e-12
4.92696e+00 4.94452e+00 -4.28031e-12
4.92696e+00 4.95969e+00 -3.60046e-12
4.92696e+00 4.97246e+00 -3.10872e-12
4.92696e+00 4.98281e+00 -2.75736e-12
4.92696e+00 4.99074e+00 -2.51411e-12
4.92696e+00 4.99623e+00 -2.35761e-12
4.92696e+00 4.99928e+00 -2.27461e-12
4.94452e+00 7.15683e-04 -1.59439e-13
4.94452e+00 3.77012e-03 -4.42451e-12
4.94452e+00 9.26216e-03 -2.67041e-11
4.94452e+00 1.71877e-02 -9.19573e-11
4.94452e+00 2.75390e-02 -2.36074e-10
4.94452e+00 4.03061e-02 -5.05698e-10
4.94452e+00 5.54766e-02 -9.57998e-10
4.94452e+00 7.30356e-02 -1.66038e-09
4.94452e+00 9.29659e-02 -2.69014e-09
4.94452e+00 1.15248e-01 -4.13410e-09
4.94452e+00 1.39860e-01 -6.08812e-09
4.94452e+00 1.66779e-01 -8.65661e-09
4.94452e+00 1.95977e-01 -1.19519e-08
4.94452e+00 2.27426e-01 -1.60938e-08
4.94452e+00 2.61096e-01 -2.12086e-08
4.94452e+00 2.96953e-01 -2.74283e-08
4.94452e+00 3.34963e-01 -3.48898e-08
4.94452e+00 3.75089e-01 -4.37337e-08
4.94452e+00 4.17290e-01 -5.41029e-08
4.94452e+00 4.61527e-01 -6.61410e-08
4.94452e+00 5.07755e-01 -7.99904e-08
4.94452e+00 5.55930e-01 -9.57902e-08
4.94452e+00 6.06005e-01 -1.13673e-07
4.94452e+00 6.57930e-01 -1.33761e-07
4.94452e+00 7.11655e-01 -1.56163e-07
4.94452e+00 7.67127e-01 -1.80969e-07
4.94452e+00 8.24292e-01 -2.08243e-07
4.94452e+00 8.83095e-01 -2.38017e-07
4.94452e+00 9.43478e-01 -2.70283e-07
4.94452e+00 1.00538e+00 -3.04986e-07
4.94452e+00 1.06875e+00 -3.42009e-07
4.94452e+00 1.13351e+00 -3.81169e-07
4.94452e+00 1.19960e+00 -4.22201e-07
4.94452e+00 1.26697e+00 -4.64752e-07
4.94452e+00 1.33555e+00 -5.08368e-07
4.94452e+00 1.40526e+00 -5.52492e-07
4.94452e+00 1.47604e+00 -5.96456e-07
4.94452e+00 1.54782e+00 -6.39486e-07
4.94452e+00 1.62053e+00 -6.80705e-07
4.94452e+00 1.69410e+00 -7.19152e-07
4.94452e+00 1.76846e+00 -7.53805e-07
4.94452e+00 1.84353e+00 -7.83608e-07
4.94452e+00 1.91924e+00 -8.07521e-07
4.94452e+00 1.99553e+00 -8.24560e-07
4.94452e+00 2.07230e+00 -8.33862e-07
4.94452e+00 2.14949e+00 -8.34735e-07
4.94452e+00 2.22703e+00 -8.26723e-07
4.94452e+00 2.30483e+00 -8.09649e-07
4.94452e+00 2.38282e+00 -7.83657e-07
4.94452e+00 2.46093e+00 -7.49230e-07
4.94452e+00 2.53907e+00 -7.07188e-07
4.94452e+00 2.61718e+00 -6.58662e-07
4.94452e+00 2.69517e+00 -6.05041e-07
4.94452e+00 2.77297e+00 -5.47900e-07
4.94452e+00 2.85051e+00 -4.88905e-07
4.94452e+00 2.92770e+00 -4.29724e-07
4.94452e+00 3.00447e+00 -3.71922e-07
4.94452e+00 3.08076e+00 -3.16876e-07
4.94452e+00 3.15647e+00 -2.65713e-07
4.94452e+00 3.23154e+00 -2.19260e-07
4.94452e+00 3.30590e+00 -1.78035e-07
4.94452e+00 3.37947e+00 -1.42252e-07
4.94452e+00 3.45218e+00 -1.11858e-07
4.94452e+00 3.52396e+00 -8.65808e-08
4.94452e+00 3.59474e+00 -6.59866e-08
4.94452e+00 3.66445e+00 -4.95389e-08
4.94452e+00 3.73303e+00 -3.66536e-08
4.94452e+00 3.80040e+00 -2.67446e-08
4.94452e+00 3.86649e+00 -1.92585e-08
4.94452e+00 3.93125e+00 -1.36974e-08
4.94452e+00 3.99462e+00 -9.63146e-09
4.94452e+00 4.05652e+00 -6.70261e-09
4.94452e+00 4.11690e+00 -4.62160e-09
4.94452e+00 4.17571e+00 -3.16141e-09
4.94452e+00 4.23287e+00 -2.14830e-09
4.94452e+00 4.28835e+00 -1.45229e-09
4.94452e+00 4.34207e+00 -9.78165e-10
4.94452e+00 4.39400e+00 -6.57449e-10
4.94452e+00 4.44407e+00 -4.41689e-10
4.94452e+00 4.49224e+00 -2.97108e-10
4.94452e+00 4.53847e+00 -2.00453e-10
4.94452e+00 4.58271e+00 -1.35889e-10
4.94452e+00 4.62491e+00 -9.27268e-11
4.94452e+00 4.66504e+00 -6.38060e-11
4.94452e+00 4.70305e+00 -4.43542e-11
4.94452e+00 4.73890e+00 -3.12031e-11
4.94452e+00 4.77257e+00 -2.22543e-11
4.94452e+00 4.80402e+00 -1.61184e-11
4.94452e+00 4.83322e+00 -1.18753e-11
4.94452e+00 4.86014e+00 -8.91394e-12
4.94452e+00 4.88475e+00 -6.82733e-12
4.94452e+00 4.90703e+00 -5.34321e-12
4.94452e+00 4.92696e+00 -4.27853e-12
4.94452e+00 4.94452e+00 -3.50952e-12
4.94452e+00 4.95969e+00 -2.95210e-12
4.94452e+00 4.97246e+00 -2.54890e-12
4.94452e+00 4.98281e+00 -2.26082e-12
4.94452e+00 4.99074e+00 -2.06136e-12
4.94452e+00 4.99623e+00 -1.93305e-12
4.94452e+00 4.99928e+00 -1.86499e-12
4.95969e+00 7.15683e-04 -1.34124e-13
4.95969e+00 3.77012e-03 -3.72200e-12
4.95969e+00 9.26216e-03 -2.24641e-11
4.95969e+00 1.71877e-02 -7.73566e-11
4.95969e+00 2.75390e-02 -1.98591e-10
4.95969e+00 4.03061e-02 -4.25405e-10
4.95969e+00 5.54766e-02 -8.05890e-10
4.95969e+00 7.30356e-02 -1.39675e-09
4.95969e+00 9.29659e-02 -2.26301e-09
4.95969e+00 1.15248e-01 -3.47770e-09
4.95969e+00 1.39860e-01 -5.12147e-09
4.95969e+00 1.66779e-01 -7.28213e-09
4.95969e+00 1.95977e-01 -1.00542e-08
4.95969e+00 2.27426e-01 -1.35385e-08
4.95969e+00 2.61096e-01 -1.78411e-08
4.95969e+00 2.96953e-01 -2.30733e-08
4.95969e+00 3.34963e-01 -2.93500e-08
4.95969e+00 3.75089e-01 -3.67897e-08
4.95969e+00 4.17290e-01 -4.55124e-08
4.95969e+00 4.61527e-01 -5.56390e-08
4.95969e+00 5.07755e-01 -6.72894e-08
4.95969e+00 5.55930e-01 -8.05803e-08
4.95969e+00 6.06005e-01 -9.56234e-08
4.95969e+00 6.57930e-01 -1.12522e-07
4.95969e+00 7.11655e-01 -1.31366e-07
4.95969e+00 7.67127e-01 -1.52233e-07
4.95969e+00 8.24292e-01 -1.75176e-07
4.95969e+00 8.83095e-01 -2.00221e-07
4.95969e+00 9.43478e-01 -2.27363e-07
4.95969e+00 1.00538e+00 -2.56555e-07
4.95969e+00 1.06875e+00 -2.87698e-07
4.95969e+00 1.13351e+00 -3.20638e-07
4.95969e+00 1.19960e+00 -3.55153e-07
4.95969e+00 1.26697e+00 -3.90945e-07
4.95969e+00 1.33555e+00 -4.27632e-07
4.95969e+00 1.40526e+00 -4.64747e-07
4.95969e+00 1.47604e+00 -5.01726e-07
4.95969e+00 1.54782e+00 -5.37919e-07
4.95969e+00 1.62053e+00 -5.72588e-07
4.95969e+00 1.69410e+00 -6.04926e-07
4.95969e+00 1.76846e+00 -6.34070e-07
4.95969e+00 1.84353e+00 -6.59136e-07
4.95969e+00 1.91924e+00 -6.79245e-07
4.95969e+00 1.99553e+00 -6.93573e-07
4.95969e+00 2.07230e+00 -7.01393e-07
4.95969e+00 2.14949e+00 -7.02122e-07
4.95969e+00 2.22703e+00 -6.95378e-07
4.95969e+00 2.30483e+00 -6.81012e-07
4.95969e+00 2.38282e+00 -6.59144e-07
4.95969e+00 2.46093e+00 -6.30182e-07
4.95969e+00 2.53907e+00 -5.94815e-07
4.95969e+00 2.61718e+00 -5.53996e-07
4.95969e+00 2.69517e+00 -5.08891e-07
4.95969e+00 2.77297e+00 -4.60826e-07
4.95969e+00 2.85051e+00 -4.11204e-07
4.95969e+00 2.92770e+00 -3.61426e-07
4.95969e+00 3.00447e+00 -3.12807e-07
4.95969e+00 3.08076e+00 -2.66508e-07
4.95969e+00 3.15647e+00 -2.23476e-07
4.95969e+00 3.23154e+00 -1.84405e-07
4.95969e+00 3.30590e+00 -1.49732e-07
4.95969e+00 3.37947e+00 -1.19637e-07
4.95969e+00 3.45218e+00 -9.40738e-08
4.95969e+00 3.52396e+00 -7.28149e-08
4.95969e+00 3.59474e+00 -5.54946e-08
4.95969e+00 3.66445e+00 -4.16618e-08
4.95969e+00 3.73303e+00 -3.08251e-08
4.95969e+00 3.80040e+00 -2.24916e-08
4.95969e+00 3.86649e+00 -1.61958e-08
4.95969e+00 3.93125e+00 -1.15190e-08
4.95969e+00 3.99462e+00 -8.09966e-09
4.95969e+00 4.05652e+00 -5.63658e-09
4.95969e+00 4.11690e+00 -3.88652e-09
4.95969e+00 4.17571e+00 -2.65856e-09
4.95969e+00 4.23287e+00 -1.80658e-09
4.95969e+00 4.28835e+00 -1.22127e-09
4.95969e+00 4.34207e+00 -8.22563e-10
4.95969e+00 4.39400e+00 -5.52862e-10
4.95969e+00 4.44407e+00 -3.71423e-10
4.95969e+00 4.49224e+00 -2.49841e-10
4.95969e+00 4.53847e+00 -1.68562e-10
4.95969e+00 4.58271e+00 -1.14269e-10
4.95969e+00 4.62491e+00 -7.79738e-11
4.95969e+00 4.66504e+00 -5.36541e-11
4.95969e+00 4.70305e+00 -3.72970e-11
4.95969e+00 4.73890e+00 -2.62383e-11
4.95969e+00 4.77257e+00 -1.87133e-11
4.95969e+00 4.80402e+00 -1.35537e-11
4.95969e+00 4.83322e+00 -9.98570e-12
4.95969e+00 4.86014e+00 -7.49552e-12
4.95969e+00 4.88475e+00 -5.74092e-12
4.95969e+00 4.90703e+00 -4.49296e-12
4.95969e+00 4.92696e+00 -3.59769e-12
4.95969e+00 4.94452e+00 -2.95105e-12
4.95969e+00 4.95969e+00 -2.48232e-12
4.95969e+00 4.97246e+00 -2.14329e-12
4.95969e+00 4.98281e+00 -1.90104e-12
4.95969e+00 4.99074e+00 -1.73333e-12
4.95969e+00 4.99623e+00 -1.62543e-12
4.95969e+00 4.99928e+00 -1.56821e-12
4.97246e+00 7.15683e-04 -1.15812e-13
4.97246e+00 3.77012e-03 -3.21383e-12
4.97246e+00 9.26216e-03 -1.93971e-11
4.97246e+00 1.71877e-02 -6.67951e-11
4.97246e+00 2.75390e-02 -1.71477e-10
4.97246e+00 4.03061e-02 -3.67325e-10
4.97246e+00 5.54766e-02 -6.95862e-10
4.97246e+00 7.30356e-02 -1.20605e-09
4.97246e+00 9.29659e-02 -1.95404e-09
4.97246e+00 1.15248e-01 -3.00289e-09
4.97246e+00 1.39860e-01 -4.42223e-09
4.97246e+00 1.66779e-01 -6.28790e-09
4.97246e+00 1.95977e-01 -8.68153e-09
4.97246e+00 2.27426e-01 -1.16901e-08
4.97246e+00 2.61096e-01 -1.54053e-08
4.97246e+00 2.96953e-01 -1.99231e-08
4.97246e+00 3.34963e-01 -2.53428e-08
4.97246e+00 3.75089e-01 -3.17667e-08
4.97246e+00 4.17290e-01 -3.92985e-08
4.97246e+00 4.61527e-01 -4.80424e-08
4.97246e+00 5.07755e-01 -5.81021e-08
4.97246e+00 5.55930e-01 -6.95783e-08
4.97246e+00 6.06005e-01 -8.25673e-08
4.97246e+00 6.57930e-01 -9.71582e-08
4.97246e+00 7.11655e-01 -1.13430e-07
4.97246e+00 7.67127e-01 -1.31447e-07
4.97246e+00 8.24292e-01 -1.51257e-07
4.97246e+00 8.83095e-01 -1.72882e-07
4.97246e+00 9.43478e-01 -1.96318e-07
4.97246e+00 1.00538e+00 -2.21523e-07
4.97246e+00 1.06875e+00 -2.48413e-07
4.97246e+00 1.13351e+00 -2.76854e-07
4.97246e+00 1.19960e+00 -3.06655e-07
4.97246e+00 1.26697e+00 -3.37558e-07
4.97246e+00 1.33555e+00 -3.69234e-07
4.97246e+00 1.40526e+00 -4.01279e-07
4.97246e+00 1.47604e+00 -4.33206e-07
4.97246e+00 1.54782e+00 -4.64454e-07
4.97246e+00 1.62053e+00 -4.94387e-07
4.97246e+00 1.69410e+00 -5.22305e-07
4.97246e+00 1.76846e+00 -5.47467e-07
4.97246e+00 1.84353e+00 -5.69106e-07
4.97246e+00 1.91924e+00 -5.86465e-07
4.97246e+00 1.99553e+00 -5.98833e-07
4.97246e+00 2.07230e+00 -6.05580e-07
4.97246e+00 2.14949e+00 -6.06207e-07
4.97246e+00 2.22703e+00 -6.00380e-07
4.97246e+00 2.30483e+00 -5.87972e-07
4.97246e+00 2.38282e+00 -5.69089e-07
4.97246e+00 2.46093e+00 -5.44080e-07
4.97246e+00 2.53907e+00 -5.13542e-07
4.97246e+00 2.61718e+00 -4.78296e-07
4.97246e+00 2.69517e+00 -4.39352e-07
4.97246e+00 2.77297e+00 -3.97852e-07
4.97246e+00 2.85051e+00 -3.55009e-07
4.97246e+00 2.92770e+00 -3.12030e-07
4.97246e+00 3.00447e+00 -2.70055e-07
4.97246e+00 3.08076e+00 -2.30082e-07
4.97246e+00 3.15647e+00 -1.92930e-07
4.97246e+00 3.23154e+00 -1.59199e-07
4.97246e+00 3.30590e+00 -1.29264e-07
4.97246e+00 3.37947e+00 -1.03282e-07
4.97246e+00 3.45218e+00 -8.12129e-08
4.97246e+00 3.52396e+00 -6.28598e-08
4.97246e+00 3.59474e+00 -4.79072e-08
4.97246e+00 3.66445e+00 -3.59654e-08
4.97246e+00 3.73303e+00 -2.66102e-08
4.97246e+00 3.80040e+00 -1.94161e-08
4.97246e+00 3.86649e+00 -1.39811e-08
4.97246e+00 3.93125e+00 -9.94373e-09
4.97246e+00 3.99462e+00 -6.99196e-09
4.97246e+00 4.05652e+00 -4.86570e-09
4.97246e+00 4.11690e+00 -3.35496e-09
4.97246e+00 4.17571e+00 -2.29494e-09
4.97246e+00 4.23287e+00 -1.55948e-09
4.97246e+00 4.28835e+00 -1.05422e-09
4.97246e+00 4.34207e+00 -7.10046e-10
4.97246e+00 4.39400e+00 -4.77234e-10
4.97246e+00 4.44407e+00 -3.20614e-10
4.97246e+00 4.49224e+00 -2.15663e-10
4.97246e+00 4.53847e+00 -1.45502e-10
4.97246e+00 4.58271e+00 -9.86362e-11
4.97246e+00 4.62491e+00 -6.73061e-11
4.97246e+00 4.66504e+00 -4.63135e-11
4.97246e+00 4.70305e+00 -3.21941e-11
4.97246e+00 4.73890e+00 -2.26484e-11
4.97246e+00 4.77257e+00 -1.61529e-11
4.97246e+00 4.80402e+00 -1.16992e-11
4.97246e+00 4.83322e+00 -8.61938e-12
4.97246e+00 4.86014e+00 -6.46991e-12
4.97246e+00 4.88475e+00 -4.95538e-12
4.97246e+00 4.90703e+00 -3.87817e-12
4.97246e+00 4.92696e+00 -3.10540e-12
4.97246e+00 4.94452e+00 -2.54724e-12
4.97246e+00 4.95969e+00 -2.14265e-12
4.97246e+00 4.97246e+00 -1.85000e-12
4.97246e+00 4.98281e+00 -1.64091e-12
4.97246e+00 4.99074e+00 -1.49614e-12
4.97246e+00 4.99623e+00 -1.40301e-12
4.97246e+00 4.99928e+00 -1.35361e-12
4.98281e+00 7.15683e-04 -1.02728e-13
4.98281e+00 3.77012e-03 -2.85073e-12
4.98281e+00 9.26216e-03 -1.72056e-11
4.98281e+00 1.71877e-02 -5.92486e-11
4.98281e+00 2.75390e-02 -1.52104e-10
4.98281e+00 4.03061e-02 -3.25824e-10
4.98281e+00 5.54766e-02 -6.17244e-10
4.98281e+00 7.30356e-02 -1.06979e-09
4.98281e+00 9.29659e-02 -1.73327e-09
4.98281e+00 1.15248e-01 -2.66362e-09
4.98281e+00 1.39860e-01 -3.92261e-09
4.98281e+00 1.66779e-01 -5.57749e-09
4.98281e+00 1.95977e-01 -7.70069e-09
4.98281e+00 2.27426e-01 -1.03693e-08
4.98281e+00 2.61096e-01 -1.36648e-08
4.98281e+00 2.96953e-01 -1.76721e-08
4.98281e+00 3.34963e-01 -2.24796e-08
4.98281e+00 3.75089e-01 -2.81776e-08
4.98281e+00 4.17290e-01 -3.48584e-08
4.98281e+00 4.61527e-01 -4.26144e-08
4.98281e+00 5.07755e-01 -5.15375e-08
4.98281e+00 5.55930e-01 -6.17170e-08
4.98281e+00 6.06005e-01 -7.32384e-08
4.98281e+00 6.57930e-01 -8.61807e-08
4.98281e+00 7.11655e-01 -1.00614e-07
4.98281e+00 7.67127e-01 -1.16595e-07
4.98281e+00 8.24292e-01 -1.34166e-07
4.98281e+00 8.83095e-01 -1.53348e-07
4.98281e+00 9.43478e-01 -1.74135e-07
4.98281e+00 1.00538e+00 -1.96492e-07
4.98281e+00 1.06875e+00 -2.20343e-07
4.98281e+00 1.13351e+00 -2.45570e-07
4.98281e+00 1.19960e+00 -2.72002e-07
4.98281e+00 1.26697e+00 -2.99413e-07
4.98281e+00 1.33555e+00 -3.27509e-07
4.98281e+00 1.40526e+00 -3.55931e-07
4.98281e+00 1.47604e+00 -3.84249e-07
4.98281e+00 1.54782e+00 -4.11964e-07
4.98281e+00 1.62053e+00 -4.38512e-07
4.98281e+00 1.69410e+00 -4.63273e-07
4.98281e+00 1.76846e+00 -4.85589e-07
4.98281e+00 1.84353e+00 -5.04780e-07
4.98281e+00 1.91924e+00 -5.20175e-07
4.98281e+00 1.99553e+00 -5.31142e-07
4.98281e+00 2.07230e+00 -5.37125e-07
4.98281e+00 2.14949e+00 -5.37678e-07
4.98281e+00 2.22703e+00 -5.32507e-07
4.98281e+00 2.30483e+00 -5.21499e-07
4.98281e+00 2.38282e+00 -5.04748e-07
4.98281e+00 2.46093e+00 -4.82564e-07
4.98281e+00 2.53907e+00 -4.55476e-07
4.98281e+00 2.61718e+00 -4.24213e-07
4.98281e+00 2.69517e+00 -3.89671e-07
4.98281e+00 2.77297e+00 -3.52861e-07
4.98281e+00 2.85051e+00 -3.14861e-07
4.98281e+00 2.92770e+00 -2.76741e-07
4.98281e+00 3.00447e+00 -2.39511e-07
4.98281e+00 3.08076e+00 -2.04059e-07
4.98281e+00 3.15647e+00 -1.71107e-07
4.98281e+00 3.23154e+00 -1.41191e-07
4.98281e+00 3.30590e+00 -1.14641e-07
4.98281e+00 3.37947e+00 -9.15977e-08
4.98281e+00 3.45218e+00 -7.20251e-08
4.98281e+00 3.52396e+00 -5.57480e-08
4.98281e+00 3.59474e+00 -4.24869e-08
4.98281e+00 3.66445e+00 -3.18960e-08
4.98281e+00 3.73303e+00 -2.35992e-08
4.98281e+00 3.80040e+00 -1.72190e-08
4.98281e+00 3.86649e+00 -1.23989e-08
4.98281e+00 3.93125e+00 -8.81844e-09
4.98281e+00 3.99462e+00 -6.20068e-09
4.98281e+00 4.05652e+00 -4.31502e-09
4.98281e+00 4.11690e+00 -2.97525e-09
4.98281e+00 4.17571e+00 -2.03519e-09
4.98281e+00 4.23287e+00 -1.38296e-09
4.98281e+00 4.28835e+00 -9.34892e-10
4.98281e+00 4.34207e+00 -6.29672e-10
4.98281e+00 4.39400e+00 -4.23212e-10
4.98281e+00 4.44407e+00 -2.84319e-10
4.98281e+00 4.49224e+00 -1.91249e-10
4.98281e+00 4.53847e+00 -1.29030e-10
4.98281e+00 4.58271e+00 -8.74694e-11
4.98281e+00 4.62491e+00 -5.96860e-11
4.98281e+00 4.66504e+00 -4.10700e-11
4.98281e+00 4.70305e+00 -2.85491e-11
4.98281e+00 4.73890e+00 -2.00841e-11
4.98281e+00 4.77257e+00 -1.43239e-11
4.98281e+00 4.80402e+00 -1.03745e-11
4.98281e+00 4.83322e+00 -7.64342e-12
4.98281e+00 4.86014e+00 -5.73732e-12
4.98281e+00 4.88475e+00 -4.39427e-12
4.98281e+00 4.90703e+00 -3.43903e-12
4.98281e+00 4.92696e+00 -2.75376e-12
4.98281e+00 4.94452e+00 -2.25880e-12
4.98281e+00 4.95969e+00 -1.90002e-12
4.98281e+00 4.97246e+00 -1.64051e-12
4.98281e+00 4.98281e+00 -1.45509e-12
4.98281e+00 4.99074e+00 -1.32672e-12
4.98281e+00 4.99623e+00 -1.24413e-12
4.98281e+00 4.99928e+00 -1.20033e-12
4.99074e+00 7.15683e-04 -9.36684e-14
4.99074e+00 3.77012e-03 -2.59934e-12
4.99074e+00 9.26216e-03 -1.56883e-11
4.99074e+00 1.71877e-02 -5.40237e-11
4.99074e+00 2.75390e-02 -1.38690e-10
4.99074e+00 4.03061e-02 -2.97091e-10
4.99074e+00 5.54766e-02 -5.62811e-10
4.99074e+00 7.30356e-02 -9.75450e-10
4.99074e+00 9.29659e-02 -1.58042e-09
4.99074e+00 1.15248e-01 -2.42873e-09
4.99074e+00 1.39860e-01 -3.57669e-09
4.99074e+00 1.66779e-01 -5.08563e-09
4.99074e+00 1.95977e-01 -7.02159e-09
4.99074e+00 2.27426e-01 -9.45488e-09
4.99074e+00 2.61096e-01 -1.24597e-08
4.99074e+00 2.96953e-01 -1.61137e-08
4.99074e+00 3.34963e-01 -2.04971e-08
4.99074e+00 3.75089e-01 -2.56927e-08
4.99074e+00 4.17290e-01 -3.17843e-08
4.99074e+00 4.61527e-01 -3.88563e-08
4.99074e+00 5.07755e-01 -4.69924e-08
4.99074e+00 5.55930e-01 -5.62742e-08
4.99074e+00 6.06005e-01 -6.67795e-08
4.99074e+00 6.57930e-01 -7.85803e-08
4.99074e+00 7.11655e-01 -9.17403e-08
4.99074e+00 7.67127e-01 -1.06312e-07
4.99074e+00 8.24292e-01 -1.22334e-07
4.99074e+00 8.83095e-01 -1.39823e-07
4.99074e+00 9.43478e-01 -1.58777e-07
4.99074e+00 1.00538e+00 -1.79162e-07
4.99074e+00 1.06875e+00 -2.00909e-07
4.99074e+00 1.13351e+00 -2.23910e-07
4.99074e+00 1.19960e+00 -2.48011e-07
4.99074e+00 1.26697e+00 -2.73003e-07
4.99074e+00 1.33555e+00 -2.98620e-07
4.99074e+00 1.40526e+00 -3.24534e-07
4.99074e+00 1.47604e+00 -3.50354e-07
4.99074e+00 1.54782e+00 -3.75623e-07
4.99074e+00 1.62053e+00 -3.99828e-07
4.99074e+00 1.69410e+00 -4.22404e-07
4.99074e+00 1.76846e+00 -4.42749e-07
4.99074e+00 1.84353e+00 -4.60246e-07
4.99074e+00 1.91924e+00 -4.74281e-07
4.99074e+00 1.99553e+00 -4.84279e-07
4.99074e+00 2.07230e+00 -4.89732e-07
4.99074e+00 2.14949e+00 -4.90234e-07
4.99074e+00 2.22703e+00 -4.85518e-07
4.99074e+00 2.30483e+00 -4.75480e-07
4.99074e+00 2.38282e+00 -4.60204e-07
4.99074e+00 2.46093e+00 -4.39976e-07
4.99074e+00 2.53907e+00 -4.15277e-07
4.99074e+00 2.61718e+00 -3.86772e-07
4.99074e+00 2.69517e+00 -3.55277e-07
4.99074e+00 2.77297e+00 -3.21715e-07
4.99074e+00 2.85051e+00 -2.87067e-07
4.99074e+00 2.92770e+00 -2.52312e-07
4.99074e+00 3.00447e+00 -2.18367e-07
4.99074e+00 3.08076e+00 -1.86043e-07
4.99074e+00 3.15647e+00 -1.56000e-07
4.99074e+00 3.23154e+00 -1.28724e-07
4.99074e+00 3.30590e+00 -1.04519e-07
4.99074e+00 3.37947e+00 -8.35095e-08
4.99074e+00 3.45218e+00 -6.56649e-08
4.99074e+00 3.52396e+00 -5.08249e-08
4.99074e+00 3.59474e+00 -3.87347e-08
4.99074e+00 3.66445e+00 -2.90790e-08
4.99074e+00 3.73303e+00 -2.15149e-08
4.99074e+00 3.80040e+00 -1.56981e-08
4.99074e+00 3.86649e+00 -1.13038e-08
4.99074e+00 3.93125e+00 -8.03948e-09
4.99074e+00 3.99462e+00 -5.65293e-09
4.99074e+00 4.05652e+00 -3.93383e-09
4.99074e+00 4.11690e+00 -2.71241e-09
4.99074e+00 4.17571e+00 -1.85539e-09
4.99074e+00 4.23287e+00 -1.26078e-09
4.99074e+00 4.28835e+00 -8.52291e-10
4.99074e+00 4.34207e+00 -5.74037e-10
4.99074e+00 4.39400e+00 -3.85817e-10
4.99074e+00 4.44407e+00 -2.59196e-10
4.99074e+00 4.49224e+00 -1.74349e-10
4.99074e+00 4.53847e+00 -1.17628e-10
4.99074e+00 4.58271e+00 -7.97398e-11
4.99074e+00 4.62491e+00 -5.44115e-11
4.99074e+00 4.66504e+00 -3.74405e-11
4.99074e+00 4.70305e+00 -2.60261e-11
4.99074e+00 4.73890e+00 -1.83091e-11
4.99074e+00 4.77257e+00 -1.30580e-11
4.99074e+00 4.80402e+00 -9.45762e-12
4.99074e+00 4.83322e+00 -6.96788e-12
4.99074e+00 4.86014e+00 -5.23023e-12
4.99074e+00 4.88475e+00 -4.00589e-12
4.99074e+00 4.90703e+00 -3.13507e-12
4.99074e+00 4.92696e+00 -2.51036e-12
4.99074e+00 4.94452e+00 -2.05915e-12
4.99074e+00 4.95969e+00 -1.73208e-12
4.99074e+00 4.97246e+00 -1.49551e-12
4.99074e+00 4.98281e+00 -1.32648e-12
4.99074e+00 4.99074e+00 -1.20945e-12
4.99074e+00 4.99623e+00 -1.13416e-12
4.99074e+00 4.99928e+00 -1.09423e-12
4.99623e+00 7.15683e-04 -8.78401e-14
4.99623e+00 3.77012e-03 -2.43760e-12
4.99623e+00 9.26216e-03 -1.47121e-11
4.99623e+00 1.71877e-02 -5.06622e-11
4.99623e+00 2.75390e-02 -1.30061e-10
4.99623e+00 4.03061e-02 -2.78605e-10
4.99623e+00 5.54766e-02 -5.27791e-10
4.99623e+00 7.30356e-02 -9.14754e-10
4.99623e+00 9.29659e-02 -1.48208e-09
4.99623e+00 1.15248e-01 -2.27761e-09
4.99623e+00 1.39860e-01 -3.35413e-09
4.99623e+00 1.66779e-01 -4.76919e-09
4.99623e+00 1.95977e-01 -6.58468e-09
4.99623e+00 2.27426e-01 -8.86657e-09
4.99623e+00 2.61096e-01 -1.16844e-08
4.99623e+00 2.96953e-01 -1.51110e-08
4.99623e+00 3.34963e-01 -1.92217e-08
4.99623e+00 3.75089e-01 -2.40940e-08
4.99623e+00 4.17290e-01 -2.98065e-08
4.99623e+00 4.61527e-01 -3.64385e-08
4.99623e+00 5.07755e-01 -4.40683e-08
4.99623e+00 5.55930e-01 -5.27725e-08
4.99623e+00 6.06005e-01 -6.26240e-08
4.99623e+00 6.57930e-01 -7.36905e-08
4.99623e+00 7.11655e-01 -8.60316e-08
4.99623e+00 7.67127e-01 -9.96966e-08
4.99623e+00 8.24292e-01 -1.14721e-07
4.99623e+00 8.83095e-01 -1.31122e-07
4.99623e+00 9.43478e-01 -1.48896e-07
4.99623e+00 1.00538e+00 -1.68012e-07
4.99623e+00 1.06875e+00 -1.88406e-07
4.99623e+00 1.13351e+00 -2.09975e-07
4.99623e+00 1.19960e+00 -2.32576e-07
4.99623e+00 1.26697e+00 -2.56012e-07
4.99623e+00 1.33555e+00 -2.80035e-07
4.99623e+00 1.40526e+00 -3.04335e-07
4.99623e+00 1.47604e+00 -3.28547e-07
4.99623e+00 1.54782e+00 -3.52243e-07
4.99623e+00 1.62053e+00 -3.74941e-07
4.99623e+00 1.69410e+00 -3.96111e-07
4.99623e+00 1.76846e+00 -4.15189e-07
4.99623e+00 1.84353e+00 -4.31595e-07
4.99623e+00 1.91924e+00 -4.44756e-07
4.99623e+00 1.99553e+00 -4.54130e-07
4.99623e+00 2.07230e+00 -4.59242e-07
4.99623e+00 2.14949e+00 -4.59712e-07
4.99623e+00 2.22703e+00 -4.55288e-07
4.99623e+00 2.30483e+00 -4.45874e-07
4.99623e+00 2.38282e+00 -4.31549e-07
4.99623e+00 2.46093e+00 -4.12579e-07
4.99623e+00 2.53907e+00 -3.89417e-07
4.99623e+00 2.61718e+00 -3.62686e-07
4.99623e+00 2.69517e+00 -3.33150e-07
4.99623e+00 2.77297e+00 -3.01678e-07
4.99623e+00 2.85051e+00 -2.69187e-07
4.99623e+00 2.92770e+00 -2.36596e-07
4.99623e+00 3.00447e+00 -2.04765e-07
4.99623e+00 3.08076e+00 -1.74454e-07
4.99623e+00 3.15647e+00 -1.46282e-07
4.99623e+00 3.23154e+00 -1.20705e-07
4.99623e+00 3.30590e+00 -9.80071e-08
4.99623e+00 3.37947e+00 -7.83064e-08
4.99623e+00 3.45218e+00 -6.15734e-08
4.99623e+00 3.52396e+00 -4.76580e-08
4.99623e+00 3.59474e+00 -3.63210e-08
4.99623e+00 3.66445e+00 -2.72669e-08
4.99623e+00 3.73303e+00 -2.01741e-08
4.99623e+00 3.80040e+00 -1.47198e-08
4.99623e+00 3.86649e+00 -1.05993e-08
4.99623e+00 3.93125e+00 -7.53840e-09
4.99623e+00 3.99462e+00 -5.30058e-09
4.99623e+00 4.05652e+00 -3.68862e-09
4.99623e+00 4.11690e+00 -2.54333e-09
4.99623e+00 4.17571e+00 -1.73973e-09
4.99623e+00 4.23287e+00 -1.18218e-09
4.99623e+00 4.28835e+00 -7.99157e-10
4.99623e+00 4.34207e+00 -5.38249e-10
4.99623e+00 4.39400e+00 -3.61763e-10
4.99623e+00 4.44407e+00 -2.43036e-10
4.99623e+00 4.49224e+00 -1.63479e-10
4.99623e+00 4.53847e+00 -1.10294e-10
4.99623e+00 4.58271e+00 -7.47678e-11
4.99623e+00 4.62491e+00 -5.10187e-11
4.99623e+00 4.66504e+00 -3.51058e-11
4.99623e+00 4.70305e+00 -2.44031e-11
4.99623e+00 4.73890e+00 -1.71673e-11
4.99623e+00 4.77257e+00 -1.22437e-11
4.99623e+00 4.80402e+00 -8.86783e-12
4.99623e+00 4.83322e+00 -6.53334e-12
4.99623e+00 4.86014e+00 -4.90406e-12
4.99623e+00 4.88475e+00 -3.75606e-12
4.99623e+00 4.90703e+00 -2.93955e-12
4.99623e+00 4.92696e+00 -2.35380e-12
4.99623e+00 4.94452e+00 -1.93073e-12
4.99623e+00 4.95969e+00 -1.62406e-12
4.99623e+00 4.97246e+00 -1.40224e-12
4.99623e+00 4.98281e+00 -1.24375e-12
4.99623e+00 4.99074e+00 -1.13402e-12
4.99623e+00 4.99623e+00 -1.06343e-12
4.99623e+00 4.99928e+00 -1.02599e-12
4.99928e+00 7.15683e-04 -8.47489e-14
4.99928e+00 3.77012e-03 -2.35182e-12
4.99928e+00 9.26216e-03 -1.41944e-11
4.99928e+00 1.71877e-02 -4.88793e-11
4.99928e+00 2.75390e-02 -1.25484e-10
4.99928e+00 4.03061e-02 -2.68801e-10
4.99928e+00 5.54766e-02 -5.09218e-10
4.99928e+00 7.30356e-02 -8.82563e-10
4.99928e+00 9.29659e-02 -1.42993e-09
4.99928e+00 1.15248e-01 -2.19745e-09
4.99928e+00 1.39860e-01 -3.23610e-09
4.99928e+00 1.66779e-01 -4.60135e-09
4.99928e+00 1.95977e-01 -6.35296e-09
4.99928e+00 2.27426e-01 -8.55454e-09
4.99928e+00 2.61096e-01 -1.12732e-08
4.99928e+00 2.96953e-01 -1.45792e-08
4.99928e+00 3.34963e-01 -1.85453e-08
4.99928e+00 3.75089e-01 -2.32461e-08
4.99928e+00 4.17290e-01 -2.87576e-08
4.99928e+00 4.61527e-01 -3.51561e-08
4.99928e+00 5.07755e-01 -4.25174e-08
4.99928e+00 5.55930e-01 -5.09153e-08
4.99928e+00 6.06005e-01 -6.04201e-08
4.99928e+00 6.57930e-01 -7.10971e-08
4.99928e+00 7.11655e-01 -8.30038e-08
4.99928e+00 7.67127e-01 -9.61879e-08
4.99928e+00 8.24292e-01 -1.10683e-07
4.99928e+00 8.83095e-01 -1.26507e-07
4.99928e+00 9.43478e-01 -1.43656e-07
4.99928e+00 1.00538e+00 -1.62099e-07
4.99928e+00 1.06875e+00 -1.81774e-07
4.99928e+00 1.13351e+00 -2.02585e-07
4.99928e+00 1.19960e+00 -2.24390e-07
4.99928e+00 1.26697e+00 -2.47001e-07
4.99928e+00 1.33555e+00 -2.70178e-07
4.99928e+00 1.40526e+00 -2.93623e-07
4.99928e+00 1.47604e+00 -3.16982e-07
4.99928e+00 1.54782e+00 -3.39843e-07
4.99928e+00 1.62053e+00 -3.61742e-07
4.99928e+00 1.69410e+00 -3.82166e-07
4.99928e+00 1.76846e+00 -4.00572e-07
4.99928e+00 1.84353e+00 -4.16400e-07
4.99928e+00 1.91924e+00 -4.29097e-07
4.99928e+00 1.99553e+00 -4.38141e-07
4.99928e+00 2.07230e+00 -4.43072e-07
4.99928e+00 2.14949e+00 -4.43525e-07
4.99928e+00 2.22703e+00 -4.39256e-07
4.99928e+00 2.30483e+00 -4.30173e-07
4.99928e+00 2.38282e+00 -4.16351e-07
4.99928e+00 2.46093e+00 -3.98049e-07
4.99928e+00 2.53907e+00 -3.75702e-07
4.99928e+00 2.61718e+00 -3.49911e-07
4.99928e+00 2.69517e+00 -3.21416e-07
4.99928e+00 2.77297e+00 -2.91052e-07
4.99928e+00 2.85051e+00 -2.59705e-07
4.99928e+00 2.92770e+00 -2.28261e-07
4.99928e+00 3.00447e+00 -1.97551e-07
4.99928e+00 3.08076e+00 -1.68308e-07
4.99928e+00 3.15647e+00 -1.41128e-07
4.99928e+00 3.23154e+00 -1.16452e-07
4.99928e+00 3.30590e+00 -9.45537e-08
4.99928e+00 3.37947e+00 -7.55470e-08
4.99928e+00 3.45218e+00 -5.94036e-08
4.99928e+00 3.52396e+00 -4.59785e-08
4.99928e+00 3.59474e+00 -3.50409e-08
4.99928e+00 3.66445e+00 -2.63059e-08
4.99928e+00 3.73303e+00 -1.94630e-08
4.99928e+00 3.80040e+00 -1.42009e-08
4.99928e+00 3.86649e+00 -1.02256e-08
4.99928e+00 3.93125e+00 -7.27266e-09
4.99928e+00 3.99462e+00 -5.11372e-09
4.99928e+00 4.05652e+00 -3.55859e-09
4.99928e+00 4.11690e+00 -2.45366e-09
4.99928e+00 4.17571e+00 -1.67839e-09
4.99928e+00 4.23287e+00 -1.14050e-09
4.99928e+00 4.28835e+00 -7.70980e-10
4.99928e+00 4.34207e+00 -5.19270e-10
4.99928e+00 4.39400e+00 -3.49007e-10
4.99928e+00 4.44407e+00 -2.34466e-10
4.99928e+00 4.49224e+00 -1.57714e-10
4.99928e+00 4.53847e+00 -1.06404e-10
4.99928e+00 4.58271e+00 -7.21310e-11
4.99928e+00 4.62491e+00 -4.92194e-11
4.99928e+00 4.66504e+00 -3.38677e-11
4.99928e+00 4.70305e+00 -2.35425e-11
4.99928e+00 4.73890e+00 -1.65619e-11
4.99928e+00 4.77257e+00 -1.18119e-11
4.99928e+00 4.80402e+00 -8.55506e-12
4.99928e+00 4.83322e+00 -6.30290e-12
4.99928e+00 4.86014e+00 -4.73108e-12
4.99928e+00 4.88475e+00 -3.62358e-12
4.99928e+00 4.90703e+00 -2.83586e-12
4.99928e+00 4.92696e+00 -2.27078e-12
4.99928e+00 4.94452e+00 -1.86262e-12
4.99928e+00 4.95969e+00 -1.56677e-12
4.99928e+00 4.97246e+00 -1.35277e-12
4.99928e+00 4.98281e+00 -1.19987e-12
4.99928e+00 4.99074e+00 -1.09402e-12
4.99928e+00 4.99623e+00 -1.02591e-12
4.99928e+00 4.99928e+00 -9.89794e-13
